city_town,ward,precinct,receiver,votes,office,district
Abington,-,1,Maura Healey,622,Governor,
Abington,-,1,Geoff Diehl,556,Governor,
Abington,-,1,Kevin Reed,21,Governor,
Abington,-,1,All Others,0,Governor,
Abington,-,1,Blanks,10,Governor,
Abington,-,1,Total Votes Cast,1209,Governor,
Abington,-,2,Maura Healey,610,Governor,
Abington,-,2,Geoff Diehl,600,Governor,
Abington,-,2,Kevin Reed,11,Governor,
Abington,-,2,All Others,2,Governor,
Abington,-,2,Blanks,10,Governor,
Abington,-,2,Total Votes Cast,1233,Governor,
Abington,-,3,Maura Healey,670,Governor,
Abington,-,3,Geoff Diehl,672,Governor,
Abington,-,3,Kevin Reed,20,Governor,
Abington,-,3,All Others,1,Governor,
Abington,-,3,Blanks,9,Governor,
Abington,-,3,Total Votes Cast,1372,Governor,
Abington,-,4,Maura Healey,705,Governor,
Abington,-,4,Geoff Diehl,677,Governor,
Abington,-,4,Kevin Reed,12,Governor,
Abington,-,4,All Others,0,Governor,
Abington,-,4,Blanks,10,Governor,
Abington,-,4,Total Votes Cast,1404,Governor,
Abington,-,5,Maura Healey,713,Governor,
Abington,-,5,Geoff Diehl,672,Governor,
Abington,-,5,Kevin Reed,19,Governor,
Abington,-,5,All Others,1,Governor,
Abington,-,5,Blanks,13,Governor,
Abington,-,5,Total Votes Cast,1418,Governor,
Acton,-,1,Maura Healey,782,Governor,
Acton,-,1,Geoff Diehl,257,Governor,
Acton,-,1,Kevin Reed,21,Governor,
Acton,-,1,All Others,1,Governor,
Acton,-,1,Blanks,11,Governor,
Acton,-,1,Total Votes Cast,1072,Governor,
Acton,-,2,Maura Healey,1177,Governor,
Acton,-,2,Geoff Diehl,361,Governor,
Acton,-,2,Kevin Reed,23,Governor,
Acton,-,2,All Others,3,Governor,
Acton,-,2,Blanks,8,Governor,
Acton,-,2,Total Votes Cast,1572,Governor,
Acton,-,3,Maura Healey,1381,Governor,
Acton,-,3,Geoff Diehl,355,Governor,
Acton,-,3,Kevin Reed,29,Governor,
Acton,-,3,All Others,1,Governor,
Acton,-,3,Blanks,17,Governor,
Acton,-,3,Total Votes Cast,1783,Governor,
Acton,-,4,Maura Healey,1252,Governor,
Acton,-,4,Geoff Diehl,290,Governor,
Acton,-,4,Kevin Reed,24,Governor,
Acton,-,4,All Others,1,Governor,
Acton,-,4,Blanks,14,Governor,
Acton,-,4,Total Votes Cast,1581,Governor,
Acton,-,5,Maura Healey,1221,Governor,
Acton,-,5,Geoff Diehl,306,Governor,
Acton,-,5,Kevin Reed,25,Governor,
Acton,-,5,All Others,1,Governor,
Acton,-,5,Blanks,18,Governor,
Acton,-,5,Total Votes Cast,1571,Governor,
Acton,-,6,Maura Healey,841,Governor,
Acton,-,6,Geoff Diehl,220,Governor,
Acton,-,6,Kevin Reed,19,Governor,
Acton,-,6,All Others,1,Governor,
Acton,-,6,Blanks,9,Governor,
Acton,-,6,Total Votes Cast,1090,Governor,
Acton,-,6A,Maura Healey,379,Governor,
Acton,-,6A,Geoff Diehl,72,Governor,
Acton,-,6A,Kevin Reed,14,Governor,
Acton,-,6A,All Others,0,Governor,
Acton,-,6A,Blanks,2,Governor,
Acton,-,6A,Total Votes Cast,467,Governor,
Acton,-,7,Maura Healey,903,Governor,
Acton,-,7,Geoff Diehl,293,Governor,
Acton,-,7,Kevin Reed,13,Governor,
Acton,-,7,All Others,0,Governor,
Acton,-,7,Blanks,15,Governor,
Acton,-,7,Total Votes Cast,1224,Governor,
Acushnet,-,1,Maura Healey,564,Governor,
Acushnet,-,1,Geoff Diehl,645,Governor,
Acushnet,-,1,Kevin Reed,31,Governor,
Acushnet,-,1,All Others,1,Governor,
Acushnet,-,1,Blanks,7,Governor,
Acushnet,-,1,Total Votes Cast,1248,Governor,
Acushnet,-,2,Maura Healey,488,Governor,
Acushnet,-,2,Geoff Diehl,760,Governor,
Acushnet,-,2,Kevin Reed,12,Governor,
Acushnet,-,2,All Others,1,Governor,
Acushnet,-,2,Blanks,8,Governor,
Acushnet,-,2,Total Votes Cast,1269,Governor,
Acushnet,-,2A,Maura Healey,60,Governor,
Acushnet,-,2A,Geoff Diehl,76,Governor,
Acushnet,-,2A,Kevin Reed,1,Governor,
Acushnet,-,2A,All Others,0,Governor,
Acushnet,-,2A,Blanks,0,Governor,
Acushnet,-,2A,Total Votes Cast,137,Governor,
Acushnet,-,3,Maura Healey,623,Governor,
Acushnet,-,3,Geoff Diehl,842,Governor,
Acushnet,-,3,Kevin Reed,30,Governor,
Acushnet,-,3,All Others,0,Governor,
Acushnet,-,3,Blanks,9,Governor,
Acushnet,-,3,Total Votes Cast,1504,Governor,
Adams,-,1,Maura Healey,315,Governor,
Adams,-,1,Geoff Diehl,145,Governor,
Adams,-,1,Kevin Reed,12,Governor,
Adams,-,1,All Others,0,Governor,
Adams,-,1,Blanks,2,Governor,
Adams,-,1,Total Votes Cast,474,Governor,
Adams,-,2,Maura Healey,409,Governor,
Adams,-,2,Geoff Diehl,211,Governor,
Adams,-,2,Kevin Reed,8,Governor,
Adams,-,2,All Others,1,Governor,
Adams,-,2,Blanks,5,Governor,
Adams,-,2,Total Votes Cast,634,Governor,
Adams,-,3,Maura Healey,355,Governor,
Adams,-,3,Geoff Diehl,218,Governor,
Adams,-,3,Kevin Reed,11,Governor,
Adams,-,3,All Others,0,Governor,
Adams,-,3,Blanks,3,Governor,
Adams,-,3,Total Votes Cast,587,Governor,
Adams,-,4,Maura Healey,324,Governor,
Adams,-,4,Geoff Diehl,178,Governor,
Adams,-,4,Kevin Reed,13,Governor,
Adams,-,4,All Others,0,Governor,
Adams,-,4,Blanks,3,Governor,
Adams,-,4,Total Votes Cast,518,Governor,
Adams,-,5,Maura Healey,470,Governor,
Adams,-,5,Geoff Diehl,213,Governor,
Adams,-,5,Kevin Reed,8,Governor,
Adams,-,5,All Others,0,Governor,
Adams,-,5,Blanks,4,Governor,
Adams,-,5,Total Votes Cast,695,Governor,
Agawam,-,1,Maura Healey,521,Governor,
Agawam,-,1,Geoff Diehl,617,Governor,
Agawam,-,1,Kevin Reed,19,Governor,
Agawam,-,1,All Others,1,Governor,
Agawam,-,1,Blanks,8,Governor,
Agawam,-,1,Total Votes Cast,1166,Governor,
Agawam,-,2,Maura Healey,735,Governor,
Agawam,-,2,Geoff Diehl,842,Governor,
Agawam,-,2,Kevin Reed,29,Governor,
Agawam,-,2,All Others,1,Governor,
Agawam,-,2,Blanks,25,Governor,
Agawam,-,2,Total Votes Cast,1632,Governor,
Agawam,-,3,Maura Healey,560,Governor,
Agawam,-,3,Geoff Diehl,679,Governor,
Agawam,-,3,Kevin Reed,20,Governor,
Agawam,-,3,All Others,0,Governor,
Agawam,-,3,Blanks,13,Governor,
Agawam,-,3,Total Votes Cast,1272,Governor,
Agawam,-,4,Maura Healey,540,Governor,
Agawam,-,4,Geoff Diehl,552,Governor,
Agawam,-,4,Kevin Reed,25,Governor,
Agawam,-,4,All Others,2,Governor,
Agawam,-,4,Blanks,6,Governor,
Agawam,-,4,Total Votes Cast,1125,Governor,
Agawam,-,5,Maura Healey,789,Governor,
Agawam,-,5,Geoff Diehl,790,Governor,
Agawam,-,5,Kevin Reed,28,Governor,
Agawam,-,5,All Others,1,Governor,
Agawam,-,5,Blanks,16,Governor,
Agawam,-,5,Total Votes Cast,1624,Governor,
Agawam,-,6,Maura Healey,629,Governor,
Agawam,-,6,Geoff Diehl,745,Governor,
Agawam,-,6,Kevin Reed,22,Governor,
Agawam,-,6,All Others,0,Governor,
Agawam,-,6,Blanks,16,Governor,
Agawam,-,6,Total Votes Cast,1412,Governor,
Agawam,-,7,Maura Healey,667,Governor,
Agawam,-,7,Geoff Diehl,927,Governor,
Agawam,-,7,Kevin Reed,19,Governor,
Agawam,-,7,All Others,1,Governor,
Agawam,-,7,Blanks,13,Governor,
Agawam,-,7,Total Votes Cast,1627,Governor,
Agawam,-,8,Maura Healey,719,Governor,
Agawam,-,8,Geoff Diehl,797,Governor,
Agawam,-,8,Kevin Reed,17,Governor,
Agawam,-,8,All Others,2,Governor,
Agawam,-,8,Blanks,8,Governor,
Agawam,-,8,Total Votes Cast,1543,Governor,
Alford,,,Maura Healey,217,Governor,
Alford,,,Geoff Diehl,42,Governor,
Alford,,,Kevin Reed,2,Governor,
Alford,,,All Others,0,Governor,
Alford,,,Blanks,11,Governor,
Alford,,,Total Votes Cast,272,Governor,
Amesbury,-,1,Maura Healey,1042,Governor,
Amesbury,-,1,Geoff Diehl,511,Governor,
Amesbury,-,1,Kevin Reed,15,Governor,
Amesbury,-,1,All Others,1,Governor,
Amesbury,-,1,Blanks,10,Governor,
Amesbury,-,1,Total Votes Cast,1579,Governor,
Amesbury,-,2,Maura Healey,842,Governor,
Amesbury,-,2,Geoff Diehl,348,Governor,
Amesbury,-,2,Kevin Reed,26,Governor,
Amesbury,-,2,All Others,0,Governor,
Amesbury,-,2,Blanks,11,Governor,
Amesbury,-,2,Total Votes Cast,1227,Governor,
Amesbury,-,3,Maura Healey,972,Governor,
Amesbury,-,3,Geoff Diehl,411,Governor,
Amesbury,-,3,Kevin Reed,22,Governor,
Amesbury,-,3,All Others,4,Governor,
Amesbury,-,3,Blanks,3,Governor,
Amesbury,-,3,Total Votes Cast,1412,Governor,
Amesbury,-,4,Maura Healey,656,Governor,
Amesbury,-,4,Geoff Diehl,327,Governor,
Amesbury,-,4,Kevin Reed,22,Governor,
Amesbury,-,4,All Others,2,Governor,
Amesbury,-,4,Blanks,7,Governor,
Amesbury,-,4,Total Votes Cast,1014,Governor,
Amesbury,-,5,Maura Healey,777,Governor,
Amesbury,-,5,Geoff Diehl,530,Governor,
Amesbury,-,5,Kevin Reed,23,Governor,
Amesbury,-,5,All Others,2,Governor,
Amesbury,-,5,Blanks,12,Governor,
Amesbury,-,5,Total Votes Cast,1344,Governor,
Amesbury,-,6,Maura Healey,718,Governor,
Amesbury,-,6,Geoff Diehl,320,Governor,
Amesbury,-,6,Kevin Reed,13,Governor,
Amesbury,-,6,All Others,2,Governor,
Amesbury,-,6,Blanks,9,Governor,
Amesbury,-,6,Total Votes Cast,1062,Governor,
Amherst,-,1A,Maura Healey,651,Governor,
Amherst,-,1A,Geoff Diehl,51,Governor,
Amherst,-,1A,Kevin Reed,10,Governor,
Amherst,-,1A,All Others,2,Governor,
Amherst,-,1A,Blanks,7,Governor,
Amherst,-,1A,Total Votes Cast,721,Governor,
Amherst,-,1B,Maura Healey,365,Governor,
Amherst,-,1B,Geoff Diehl,33,Governor,
Amherst,-,1B,Kevin Reed,5,Governor,
Amherst,-,1B,All Others,0,Governor,
Amherst,-,1B,Blanks,1,Governor,
Amherst,-,1B,Total Votes Cast,404,Governor,
Amherst,-,2A,Maura Healey,428,Governor,
Amherst,-,2A,Geoff Diehl,44,Governor,
Amherst,-,2A,Kevin Reed,6,Governor,
Amherst,-,2A,All Others,0,Governor,
Amherst,-,2A,Blanks,3,Governor,
Amherst,-,2A,Total Votes Cast,481,Governor,
Amherst,-,2B,Maura Healey,1201,Governor,
Amherst,-,2B,Geoff Diehl,121,Governor,
Amherst,-,2B,Kevin Reed,18,Governor,
Amherst,-,2B,All Others,2,Governor,
Amherst,-,2B,Blanks,15,Governor,
Amherst,-,2B,Total Votes Cast,1357,Governor,
Amherst,-,3A,Maura Healey,389,Governor,
Amherst,-,3A,Geoff Diehl,49,Governor,
Amherst,-,3A,Kevin Reed,5,Governor,
Amherst,-,3A,All Others,2,Governor,
Amherst,-,3A,Blanks,9,Governor,
Amherst,-,3A,Total Votes Cast,454,Governor,
Amherst,-,3B,Maura Healey,1100,Governor,
Amherst,-,3B,Geoff Diehl,101,Governor,
Amherst,-,3B,Kevin Reed,14,Governor,
Amherst,-,3B,All Others,3,Governor,
Amherst,-,3B,Blanks,11,Governor,
Amherst,-,3B,Total Votes Cast,1229,Governor,
Amherst,-,4A,Maura Healey,585,Governor,
Amherst,-,4A,Geoff Diehl,42,Governor,
Amherst,-,4A,Kevin Reed,10,Governor,
Amherst,-,4A,All Others,0,Governor,
Amherst,-,4A,Blanks,1,Governor,
Amherst,-,4A,Total Votes Cast,638,Governor,
Amherst,-,4B,Maura Healey,369,Governor,
Amherst,-,4B,Geoff Diehl,15,Governor,
Amherst,-,4B,Kevin Reed,1,Governor,
Amherst,-,4B,All Others,0,Governor,
Amherst,-,4B,Blanks,3,Governor,
Amherst,-,4B,Total Votes Cast,388,Governor,
Amherst,-,5A,Maura Healey,431,Governor,
Amherst,-,5A,Geoff Diehl,27,Governor,
Amherst,-,5A,Kevin Reed,6,Governor,
Amherst,-,5A,All Others,0,Governor,
Amherst,-,5A,Blanks,9,Governor,
Amherst,-,5A,Total Votes Cast,473,Governor,
Amherst,-,5B,Maura Healey,1847,Governor,
Amherst,-,5B,Geoff Diehl,137,Governor,
Amherst,-,5B,Kevin Reed,19,Governor,
Amherst,-,5B,All Others,2,Governor,
Amherst,-,5B,Blanks,10,Governor,
Amherst,-,5B,Total Votes Cast,2015,Governor,
Andover,-,1,Maura Healey,772,Governor,
Andover,-,1,Geoff Diehl,301,Governor,
Andover,-,1,Kevin Reed,18,Governor,
Andover,-,1,All Others,3,Governor,
Andover,-,1,Blanks,9,Governor,
Andover,-,1,Total Votes Cast,1103,Governor,
Andover,-,10,Maura Healey,1079,Governor,
Andover,-,10,Geoff Diehl,593,Governor,
Andover,-,10,Kevin Reed,21,Governor,
Andover,-,10,All Others,4,Governor,
Andover,-,10,Blanks,15,Governor,
Andover,-,10,Total Votes Cast,1712,Governor,
Andover,-,2,Maura Healey,1015,Governor,
Andover,-,2,Geoff Diehl,536,Governor,
Andover,-,2,Kevin Reed,13,Governor,
Andover,-,2,All Others,3,Governor,
Andover,-,2,Blanks,16,Governor,
Andover,-,2,Total Votes Cast,1583,Governor,
Andover,-,3,Maura Healey,1197,Governor,
Andover,-,3,Geoff Diehl,546,Governor,
Andover,-,3,Kevin Reed,38,Governor,
Andover,-,3,All Others,3,Governor,
Andover,-,3,Blanks,19,Governor,
Andover,-,3,Total Votes Cast,1803,Governor,
Andover,-,4,Maura Healey,600,Governor,
Andover,-,4,Geoff Diehl,380,Governor,
Andover,-,4,Kevin Reed,8,Governor,
Andover,-,4,All Others,0,Governor,
Andover,-,4,Blanks,7,Governor,
Andover,-,4,Total Votes Cast,995,Governor,
Andover,-,4A,Maura Healey,283,Governor,
Andover,-,4A,Geoff Diehl,156,Governor,
Andover,-,4A,Kevin Reed,9,Governor,
Andover,-,4A,All Others,3,Governor,
Andover,-,4A,Blanks,5,Governor,
Andover,-,4A,Total Votes Cast,456,Governor,
Andover,-,5,Maura Healey,986,Governor,
Andover,-,5,Geoff Diehl,608,Governor,
Andover,-,5,Kevin Reed,20,Governor,
Andover,-,5,All Others,2,Governor,
Andover,-,5,Blanks,10,Governor,
Andover,-,5,Total Votes Cast,1626,Governor,
Andover,-,6,Maura Healey,898,Governor,
Andover,-,6,Geoff Diehl,583,Governor,
Andover,-,6,Kevin Reed,26,Governor,
Andover,-,6,All Others,2,Governor,
Andover,-,6,Blanks,14,Governor,
Andover,-,6,Total Votes Cast,1523,Governor,
Andover,-,7,Maura Healey,1051,Governor,
Andover,-,7,Geoff Diehl,628,Governor,
Andover,-,7,Kevin Reed,32,Governor,
Andover,-,7,All Others,1,Governor,
Andover,-,7,Blanks,23,Governor,
Andover,-,7,Total Votes Cast,1735,Governor,
Andover,-,8,Maura Healey,1140,Governor,
Andover,-,8,Geoff Diehl,539,Governor,
Andover,-,8,Kevin Reed,36,Governor,
Andover,-,8,All Others,5,Governor,
Andover,-,8,Blanks,13,Governor,
Andover,-,8,Total Votes Cast,1733,Governor,
Andover,-,9,Maura Healey,936,Governor,
Andover,-,9,Geoff Diehl,557,Governor,
Andover,-,9,Kevin Reed,21,Governor,
Andover,-,9,All Others,4,Governor,
Andover,-,9,Blanks,9,Governor,
Andover,-,9,Total Votes Cast,1527,Governor,
Aquinnah,,,Maura Healey,221,Governor,
Aquinnah,,,Geoff Diehl,37,Governor,
Aquinnah,,,Kevin Reed,4,Governor,
Aquinnah,,,All Others,0,Governor,
Aquinnah,,,Blanks,1,Governor,
Aquinnah,,,Total Votes Cast,263,Governor,
Arlington,-,1,Maura Healey,625,Governor,
Arlington,-,1,Geoff Diehl,114,Governor,
Arlington,-,1,Kevin Reed,13,Governor,
Arlington,-,1,All Others,2,Governor,
Arlington,-,1,Blanks,5,Governor,
Arlington,-,1,Total Votes Cast,759,Governor,
Arlington,-,10,Maura Healey,1046,Governor,
Arlington,-,10,Geoff Diehl,126,Governor,
Arlington,-,10,Kevin Reed,16,Governor,
Arlington,-,10,All Others,5,Governor,
Arlington,-,10,Blanks,8,Governor,
Arlington,-,10,Total Votes Cast,1201,Governor,
Arlington,-,11,Maura Healey,934,Governor,
Arlington,-,11,Geoff Diehl,279,Governor,
Arlington,-,11,Kevin Reed,12,Governor,
Arlington,-,11,All Others,2,Governor,
Arlington,-,11,Blanks,4,Governor,
Arlington,-,11,Total Votes Cast,1231,Governor,
Arlington,-,12,Maura Healey,1044,Governor,
Arlington,-,12,Geoff Diehl,195,Governor,
Arlington,-,12,Kevin Reed,13,Governor,
Arlington,-,12,All Others,5,Governor,
Arlington,-,12,Blanks,13,Governor,
Arlington,-,12,Total Votes Cast,1270,Governor,
Arlington,-,13,Maura Healey,851,Governor,
Arlington,-,13,Geoff Diehl,274,Governor,
Arlington,-,13,Kevin Reed,14,Governor,
Arlington,-,13,All Others,1,Governor,
Arlington,-,13,Blanks,8,Governor,
Arlington,-,13,Total Votes Cast,1148,Governor,
Arlington,-,14,Maura Healey,830,Governor,
Arlington,-,14,Geoff Diehl,147,Governor,
Arlington,-,14,Kevin Reed,19,Governor,
Arlington,-,14,All Others,0,Governor,
Arlington,-,14,Blanks,13,Governor,
Arlington,-,14,Total Votes Cast,1009,Governor,
Arlington,-,15,Maura Healey,825,Governor,
Arlington,-,15,Geoff Diehl,162,Governor,
Arlington,-,15,Kevin Reed,14,Governor,
Arlington,-,15,All Others,0,Governor,
Arlington,-,15,Blanks,9,Governor,
Arlington,-,15,Total Votes Cast,1010,Governor,
Arlington,-,16,Maura Healey,941,Governor,
Arlington,-,16,Geoff Diehl,168,Governor,
Arlington,-,16,Kevin Reed,15,Governor,
Arlington,-,16,All Others,0,Governor,
Arlington,-,16,Blanks,7,Governor,
Arlington,-,16,Total Votes Cast,1131,Governor,
Arlington,-,17,Maura Healey,715,Governor,
Arlington,-,17,Geoff Diehl,131,Governor,
Arlington,-,17,Kevin Reed,6,Governor,
Arlington,-,17,All Others,0,Governor,
Arlington,-,17,Blanks,8,Governor,
Arlington,-,17,Total Votes Cast,860,Governor,
Arlington,-,18,Maura Healey,826,Governor,
Arlington,-,18,Geoff Diehl,261,Governor,
Arlington,-,18,Kevin Reed,14,Governor,
Arlington,-,18,All Others,1,Governor,
Arlington,-,18,Blanks,17,Governor,
Arlington,-,18,Total Votes Cast,1119,Governor,
Arlington,-,19,Maura Healey,924,Governor,
Arlington,-,19,Geoff Diehl,186,Governor,
Arlington,-,19,Kevin Reed,9,Governor,
Arlington,-,19,All Others,3,Governor,
Arlington,-,19,Blanks,9,Governor,
Arlington,-,19,Total Votes Cast,1131,Governor,
Arlington,-,2,Maura Healey,940,Governor,
Arlington,-,2,Geoff Diehl,157,Governor,
Arlington,-,2,Kevin Reed,12,Governor,
Arlington,-,2,All Others,1,Governor,
Arlington,-,2,Blanks,7,Governor,
Arlington,-,2,Total Votes Cast,1117,Governor,
Arlington,-,20,Maura Healey,822,Governor,
Arlington,-,20,Geoff Diehl,164,Governor,
Arlington,-,20,Kevin Reed,13,Governor,
Arlington,-,20,All Others,0,Governor,
Arlington,-,20,Blanks,8,Governor,
Arlington,-,20,Total Votes Cast,1007,Governor,
Arlington,-,21,Maura Healey,951,Governor,
Arlington,-,21,Geoff Diehl,134,Governor,
Arlington,-,21,Kevin Reed,18,Governor,
Arlington,-,21,All Others,1,Governor,
Arlington,-,21,Blanks,7,Governor,
Arlington,-,21,Total Votes Cast,1111,Governor,
Arlington,-,3,Maura Healey,920,Governor,
Arlington,-,3,Geoff Diehl,108,Governor,
Arlington,-,3,Kevin Reed,14,Governor,
Arlington,-,3,All Others,0,Governor,
Arlington,-,3,Blanks,8,Governor,
Arlington,-,3,Total Votes Cast,1050,Governor,
Arlington,-,4,Maura Healey,823,Governor,
Arlington,-,4,Geoff Diehl,124,Governor,
Arlington,-,4,Kevin Reed,14,Governor,
Arlington,-,4,All Others,2,Governor,
Arlington,-,4,Blanks,13,Governor,
Arlington,-,4,Total Votes Cast,976,Governor,
Arlington,-,5,Maura Healey,945,Governor,
Arlington,-,5,Geoff Diehl,154,Governor,
Arlington,-,5,Kevin Reed,16,Governor,
Arlington,-,5,All Others,1,Governor,
Arlington,-,5,Blanks,10,Governor,
Arlington,-,5,Total Votes Cast,1126,Governor,
Arlington,-,6,Maura Healey,865,Governor,
Arlington,-,6,Geoff Diehl,116,Governor,
Arlington,-,6,Kevin Reed,15,Governor,
Arlington,-,6,All Others,0,Governor,
Arlington,-,6,Blanks,9,Governor,
Arlington,-,6,Total Votes Cast,1005,Governor,
Arlington,-,7,Maura Healey,838,Governor,
Arlington,-,7,Geoff Diehl,148,Governor,
Arlington,-,7,Kevin Reed,12,Governor,
Arlington,-,7,All Others,0,Governor,
Arlington,-,7,Blanks,6,Governor,
Arlington,-,7,Total Votes Cast,1004,Governor,
Arlington,-,8,Maura Healey,996,Governor,
Arlington,-,8,Geoff Diehl,171,Governor,
Arlington,-,8,Kevin Reed,16,Governor,
Arlington,-,8,All Others,0,Governor,
Arlington,-,8,Blanks,10,Governor,
Arlington,-,8,Total Votes Cast,1193,Governor,
Arlington,-,9,Maura Healey,731,Governor,
Arlington,-,9,Geoff Diehl,141,Governor,
Arlington,-,9,Kevin Reed,13,Governor,
Arlington,-,9,All Others,1,Governor,
Arlington,-,9,Blanks,7,Governor,
Arlington,-,9,Total Votes Cast,893,Governor,
Ashburnham,-,1,Maura Healey,721,Governor,
Ashburnham,-,1,Geoff Diehl,710,Governor,
Ashburnham,-,1,Kevin Reed,23,Governor,
Ashburnham,-,1,All Others,0,Governor,
Ashburnham,-,1,Blanks,12,Governor,
Ashburnham,-,1,Total Votes Cast,1466,Governor,
Ashburnham,-,2,Maura Healey,732,Governor,
Ashburnham,-,2,Geoff Diehl,610,Governor,
Ashburnham,-,2,Kevin Reed,32,Governor,
Ashburnham,-,2,All Others,4,Governor,
Ashburnham,-,2,Blanks,3,Governor,
Ashburnham,-,2,Total Votes Cast,1381,Governor,
Ashby,,,Maura Healey,686,Governor,
Ashby,,,Geoff Diehl,743,Governor,
Ashby,,,Kevin Reed,19,Governor,
Ashby,,,All Others,0,Governor,
Ashby,,,Blanks,18,Governor,
Ashby,,,Total Votes Cast,1466,Governor,
Ashfield,,,Maura Healey,772,Governor,
Ashfield,,,Geoff Diehl,174,Governor,
Ashfield,,,Kevin Reed,19,Governor,
Ashfield,,,All Others,0,Governor,
Ashfield,,,Blanks,11,Governor,
Ashfield,,,Total Votes Cast,976,Governor,
Ashland,-,1,Maura Healey,745,Governor,
Ashland,-,1,Geoff Diehl,348,Governor,
Ashland,-,1,Kevin Reed,7,Governor,
Ashland,-,1,All Others,0,Governor,
Ashland,-,1,Blanks,14,Governor,
Ashland,-,1,Total Votes Cast,1114,Governor,
Ashland,-,2,Maura Healey,1073,Governor,
Ashland,-,2,Geoff Diehl,439,Governor,
Ashland,-,2,Kevin Reed,25,Governor,
Ashland,-,2,All Others,0,Governor,
Ashland,-,2,Blanks,13,Governor,
Ashland,-,2,Total Votes Cast,1550,Governor,
Ashland,-,3,Maura Healey,723,Governor,
Ashland,-,3,Geoff Diehl,295,Governor,
Ashland,-,3,Kevin Reed,21,Governor,
Ashland,-,3,All Others,0,Governor,
Ashland,-,3,Blanks,12,Governor,
Ashland,-,3,Total Votes Cast,1051,Governor,
Ashland,-,4,Maura Healey,753,Governor,
Ashland,-,4,Geoff Diehl,343,Governor,
Ashland,-,4,Kevin Reed,19,Governor,
Ashland,-,4,All Others,0,Governor,
Ashland,-,4,Blanks,19,Governor,
Ashland,-,4,Total Votes Cast,1134,Governor,
Ashland,-,5,Maura Healey,893,Governor,
Ashland,-,5,Geoff Diehl,345,Governor,
Ashland,-,5,Kevin Reed,16,Governor,
Ashland,-,5,All Others,0,Governor,
Ashland,-,5,Blanks,9,Governor,
Ashland,-,5,Total Votes Cast,1263,Governor,
Ashland,-,6,Maura Healey,916,Governor,
Ashland,-,6,Geoff Diehl,385,Governor,
Ashland,-,6,Kevin Reed,22,Governor,
Ashland,-,6,All Others,0,Governor,
Ashland,-,6,Blanks,12,Governor,
Ashland,-,6,Total Votes Cast,1335,Governor,
Athol,-,1,Maura Healey,655,Governor,
Athol,-,1,Geoff Diehl,671,Governor,
Athol,-,1,Kevin Reed,26,Governor,
Athol,-,1,All Others,2,Governor,
Athol,-,1,Blanks,17,Governor,
Athol,-,1,Total Votes Cast,1371,Governor,
Athol,-,2,Maura Healey,544,Governor,
Athol,-,2,Geoff Diehl,605,Governor,
Athol,-,2,Kevin Reed,27,Governor,
Athol,-,2,All Others,0,Governor,
Athol,-,2,Blanks,13,Governor,
Athol,-,2,Total Votes Cast,1189,Governor,
Athol,-,3,Maura Healey,597,Governor,
Athol,-,3,Geoff Diehl,502,Governor,
Athol,-,3,Kevin Reed,23,Governor,
Athol,-,3,All Others,1,Governor,
Athol,-,3,Blanks,5,Governor,
Athol,-,3,Total Votes Cast,1128,Governor,
Attleboro,1,A,Maura Healey,643,Governor,
Attleboro,1,A,Geoff Diehl,541,Governor,
Attleboro,1,A,Kevin Reed,34,Governor,
Attleboro,1,A,All Others,0,Governor,
Attleboro,1,A,Blanks,14,Governor,
Attleboro,1,A,Total Votes Cast,1232,Governor,
Attleboro,1,B,Maura Healey,690,Governor,
Attleboro,1,B,Geoff Diehl,548,Governor,
Attleboro,1,B,Kevin Reed,24,Governor,
Attleboro,1,B,All Others,0,Governor,
Attleboro,1,B,Blanks,10,Governor,
Attleboro,1,B,Total Votes Cast,1272,Governor,
Attleboro,2,A,Maura Healey,831,Governor,
Attleboro,2,A,Geoff Diehl,604,Governor,
Attleboro,2,A,Kevin Reed,19,Governor,
Attleboro,2,A,All Others,2,Governor,
Attleboro,2,A,Blanks,12,Governor,
Attleboro,2,A,Total Votes Cast,1468,Governor,
Attleboro,2,B,Maura Healey,701,Governor,
Attleboro,2,B,Geoff Diehl,554,Governor,
Attleboro,2,B,Kevin Reed,21,Governor,
Attleboro,2,B,All Others,0,Governor,
Attleboro,2,B,Blanks,15,Governor,
Attleboro,2,B,Total Votes Cast,1291,Governor,
Attleboro,3,A,Maura Healey,802,Governor,
Attleboro,3,A,Geoff Diehl,477,Governor,
Attleboro,3,A,Kevin Reed,20,Governor,
Attleboro,3,A,All Others,1,Governor,
Attleboro,3,A,Blanks,11,Governor,
Attleboro,3,A,Total Votes Cast,1311,Governor,
Attleboro,3,B,Maura Healey,863,Governor,
Attleboro,3,B,Geoff Diehl,554,Governor,
Attleboro,3,B,Kevin Reed,39,Governor,
Attleboro,3,B,All Others,2,Governor,
Attleboro,3,B,Blanks,0,Governor,
Attleboro,3,B,Total Votes Cast,1458,Governor,
Attleboro,4,A,Maura Healey,710,Governor,
Attleboro,4,A,Geoff Diehl,413,Governor,
Attleboro,4,A,Kevin Reed,19,Governor,
Attleboro,4,A,All Others,0,Governor,
Attleboro,4,A,Blanks,16,Governor,
Attleboro,4,A,Total Votes Cast,1158,Governor,
Attleboro,4,B,Maura Healey,942,Governor,
Attleboro,4,B,Geoff Diehl,819,Governor,
Attleboro,4,B,Kevin Reed,23,Governor,
Attleboro,4,B,All Others,3,Governor,
Attleboro,4,B,Blanks,15,Governor,
Attleboro,4,B,Total Votes Cast,1802,Governor,
Attleboro,5,A,Maura Healey,519,Governor,
Attleboro,5,A,Geoff Diehl,241,Governor,
Attleboro,5,A,Kevin Reed,12,Governor,
Attleboro,5,A,All Others,1,Governor,
Attleboro,5,A,Blanks,6,Governor,
Attleboro,5,A,Total Votes Cast,779,Governor,
Attleboro,5,B,Maura Healey,777,Governor,
Attleboro,5,B,Geoff Diehl,509,Governor,
Attleboro,5,B,Kevin Reed,19,Governor,
Attleboro,5,B,All Others,3,Governor,
Attleboro,5,B,Blanks,18,Governor,
Attleboro,5,B,Total Votes Cast,1326,Governor,
Attleboro,6,A,Maura Healey,671,Governor,
Attleboro,6,A,Geoff Diehl,571,Governor,
Attleboro,6,A,Kevin Reed,23,Governor,
Attleboro,6,A,All Others,1,Governor,
Attleboro,6,A,Blanks,5,Governor,
Attleboro,6,A,Total Votes Cast,1271,Governor,
Attleboro,6,B,Maura Healey,796,Governor,
Attleboro,6,B,Geoff Diehl,603,Governor,
Attleboro,6,B,Kevin Reed,35,Governor,
Attleboro,6,B,All Others,2,Governor,
Attleboro,6,B,Blanks,9,Governor,
Attleboro,6,B,Total Votes Cast,1445,Governor,
Auburn,-,1,Maura Healey,825,Governor,
Auburn,-,1,Geoff Diehl,622,Governor,
Auburn,-,1,Kevin Reed,33,Governor,
Auburn,-,1,All Others,2,Governor,
Auburn,-,1,Blanks,11,Governor,
Auburn,-,1,Total Votes Cast,1493,Governor,
Auburn,-,2,Maura Healey,746,Governor,
Auburn,-,2,Geoff Diehl,658,Governor,
Auburn,-,2,Kevin Reed,24,Governor,
Auburn,-,2,All Others,2,Governor,
Auburn,-,2,Blanks,7,Governor,
Auburn,-,2,Total Votes Cast,1437,Governor,
Auburn,-,3,Maura Healey,869,Governor,
Auburn,-,3,Geoff Diehl,686,Governor,
Auburn,-,3,Kevin Reed,26,Governor,
Auburn,-,3,All Others,0,Governor,
Auburn,-,3,Blanks,10,Governor,
Auburn,-,3,Total Votes Cast,1591,Governor,
Auburn,-,4,Maura Healey,776,Governor,
Auburn,-,4,Geoff Diehl,526,Governor,
Auburn,-,4,Kevin Reed,30,Governor,
Auburn,-,4,All Others,3,Governor,
Auburn,-,4,Blanks,13,Governor,
Auburn,-,4,Total Votes Cast,1348,Governor,
Auburn,-,5,Maura Healey,709,Governor,
Auburn,-,5,Geoff Diehl,587,Governor,
Auburn,-,5,Kevin Reed,24,Governor,
Auburn,-,5,All Others,2,Governor,
Auburn,-,5,Blanks,10,Governor,
Auburn,-,5,Total Votes Cast,1332,Governor,
Avon,,,Maura Healey,895,Governor,
Avon,,,Geoff Diehl,733,Governor,
Avon,,,Kevin Reed,23,Governor,
Avon,,,All Others,0,Governor,
Avon,,,Blanks,14,Governor,
Avon,,,Total Votes Cast,1665,Governor,
Ayer,-,1,Maura Healey,658,Governor,
Ayer,-,1,Geoff Diehl,366,Governor,
Ayer,-,1,Kevin Reed,26,Governor,
Ayer,-,1,All Others,0,Governor,
Ayer,-,1,Blanks,8,Governor,
Ayer,-,1,Total Votes Cast,1058,Governor,
Ayer,-,2,Maura Healey,764,Governor,
Ayer,-,2,Geoff Diehl,470,Governor,
Ayer,-,2,Kevin Reed,34,Governor,
Ayer,-,2,All Others,0,Governor,
Ayer,-,2,Blanks,13,Governor,
Ayer,-,2,Total Votes Cast,1281,Governor,
Ayer,-,3,Maura Healey,572,Governor,
Ayer,-,3,Geoff Diehl,310,Governor,
Ayer,-,3,Kevin Reed,28,Governor,
Ayer,-,3,All Others,2,Governor,
Ayer,-,3,Blanks,6,Governor,
Ayer,-,3,Total Votes Cast,918,Governor,
Barnstable,-,1,Maura Healey,1281,Governor,
Barnstable,-,1,Geoff Diehl,811,Governor,
Barnstable,-,1,Kevin Reed,30,Governor,
Barnstable,-,1,All Others,2,Governor,
Barnstable,-,1,Blanks,14,Governor,
Barnstable,-,1,Total Votes Cast,2138,Governor,
Barnstable,-,10,Maura Healey,824,Governor,
Barnstable,-,10,Geoff Diehl,783,Governor,
Barnstable,-,10,Kevin Reed,28,Governor,
Barnstable,-,10,All Others,1,Governor,
Barnstable,-,10,Blanks,11,Governor,
Barnstable,-,10,Total Votes Cast,1647,Governor,
Barnstable,-,11,Maura Healey,1042,Governor,
Barnstable,-,11,Geoff Diehl,943,Governor,
Barnstable,-,11,Kevin Reed,25,Governor,
Barnstable,-,11,All Others,0,Governor,
Barnstable,-,11,Blanks,18,Governor,
Barnstable,-,11,Total Votes Cast,2028,Governor,
Barnstable,-,12,Maura Healey,1029,Governor,
Barnstable,-,12,Geoff Diehl,894,Governor,
Barnstable,-,12,Kevin Reed,26,Governor,
Barnstable,-,12,All Others,3,Governor,
Barnstable,-,12,Blanks,16,Governor,
Barnstable,-,12,Total Votes Cast,1968,Governor,
Barnstable,-,13,Maura Healey,642,Governor,
Barnstable,-,13,Geoff Diehl,441,Governor,
Barnstable,-,13,Kevin Reed,20,Governor,
Barnstable,-,13,All Others,3,Governor,
Barnstable,-,13,Blanks,8,Governor,
Barnstable,-,13,Total Votes Cast,1114,Governor,
Barnstable,-,2,Maura Healey,1062,Governor,
Barnstable,-,2,Geoff Diehl,851,Governor,
Barnstable,-,2,Kevin Reed,30,Governor,
Barnstable,-,2,All Others,3,Governor,
Barnstable,-,2,Blanks,14,Governor,
Barnstable,-,2,Total Votes Cast,1960,Governor,
Barnstable,-,3,Maura Healey,777,Governor,
Barnstable,-,3,Geoff Diehl,510,Governor,
Barnstable,-,3,Kevin Reed,12,Governor,
Barnstable,-,3,All Others,4,Governor,
Barnstable,-,3,Blanks,11,Governor,
Barnstable,-,3,Total Votes Cast,1314,Governor,
Barnstable,-,4,Maura Healey,1059,Governor,
Barnstable,-,4,Geoff Diehl,733,Governor,
Barnstable,-,4,Kevin Reed,16,Governor,
Barnstable,-,4,All Others,0,Governor,
Barnstable,-,4,Blanks,11,Governor,
Barnstable,-,4,Total Votes Cast,1819,Governor,
Barnstable,-,5,Maura Healey,1082,Governor,
Barnstable,-,5,Geoff Diehl,1058,Governor,
Barnstable,-,5,Kevin Reed,25,Governor,
Barnstable,-,5,All Others,1,Governor,
Barnstable,-,5,Blanks,18,Governor,
Barnstable,-,5,Total Votes Cast,2184,Governor,
Barnstable,-,6,Maura Healey,987,Governor,
Barnstable,-,6,Geoff Diehl,879,Governor,
Barnstable,-,6,Kevin Reed,31,Governor,
Barnstable,-,6,All Others,0,Governor,
Barnstable,-,6,Blanks,10,Governor,
Barnstable,-,6,Total Votes Cast,1907,Governor,
Barnstable,-,7,Maura Healey,1277,Governor,
Barnstable,-,7,Geoff Diehl,904,Governor,
Barnstable,-,7,Kevin Reed,29,Governor,
Barnstable,-,7,All Others,3,Governor,
Barnstable,-,7,Blanks,22,Governor,
Barnstable,-,7,Total Votes Cast,2235,Governor,
Barnstable,-,8,Maura Healey,596,Governor,
Barnstable,-,8,Geoff Diehl,419,Governor,
Barnstable,-,8,Kevin Reed,22,Governor,
Barnstable,-,8,All Others,1,Governor,
Barnstable,-,8,Blanks,3,Governor,
Barnstable,-,8,Total Votes Cast,1041,Governor,
Barnstable,-,9,Maura Healey,331,Governor,
Barnstable,-,9,Geoff Diehl,225,Governor,
Barnstable,-,9,Kevin Reed,12,Governor,
Barnstable,-,9,All Others,0,Governor,
Barnstable,-,9,Blanks,3,Governor,
Barnstable,-,9,Total Votes Cast,571,Governor,
Barre,-,1,Maura Healey,565,Governor,
Barre,-,1,Geoff Diehl,557,Governor,
Barre,-,1,Kevin Reed,24,Governor,
Barre,-,1,All Others,0,Governor,
Barre,-,1,Blanks,12,Governor,
Barre,-,1,Total Votes Cast,1158,Governor,
Barre,-,2,Maura Healey,444,Governor,
Barre,-,2,Geoff Diehl,581,Governor,
Barre,-,2,Kevin Reed,20,Governor,
Barre,-,2,All Others,2,Governor,
Barre,-,2,Blanks,4,Governor,
Barre,-,2,Total Votes Cast,1051,Governor,
Becket,,,Maura Healey,503,Governor,
Becket,,,Geoff Diehl,288,Governor,
Becket,,,Kevin Reed,13,Governor,
Becket,,,All Others,1,Governor,
Becket,,,Blanks,10,Governor,
Becket,,,Total Votes Cast,815,Governor,
Bedford,-,1,Maura Healey,1294,Governor,
Bedford,-,1,Geoff Diehl,459,Governor,
Bedford,-,1,Kevin Reed,31,Governor,
Bedford,-,1,All Others,6,Governor,
Bedford,-,1,Blanks,10,Governor,
Bedford,-,1,Total Votes Cast,1800,Governor,
Bedford,-,2,Maura Healey,699,Governor,
Bedford,-,2,Geoff Diehl,353,Governor,
Bedford,-,2,Kevin Reed,11,Governor,
Bedford,-,2,All Others,1,Governor,
Bedford,-,2,Blanks,6,Governor,
Bedford,-,2,Total Votes Cast,1070,Governor,
Bedford,-,2A,Maura Healey,224,Governor,
Bedford,-,2A,Geoff Diehl,109,Governor,
Bedford,-,2A,Kevin Reed,5,Governor,
Bedford,-,2A,All Others,0,Governor,
Bedford,-,2A,Blanks,2,Governor,
Bedford,-,2A,Total Votes Cast,340,Governor,
Bedford,-,3,Maura Healey,1270,Governor,
Bedford,-,3,Geoff Diehl,489,Governor,
Bedford,-,3,Kevin Reed,25,Governor,
Bedford,-,3,All Others,1,Governor,
Bedford,-,3,Blanks,12,Governor,
Bedford,-,3,Total Votes Cast,1797,Governor,
Bedford,-,4,Maura Healey,1174,Governor,
Bedford,-,4,Geoff Diehl,430,Governor,
Bedford,-,4,Kevin Reed,25,Governor,
Bedford,-,4,All Others,3,Governor,
Bedford,-,4,Blanks,7,Governor,
Bedford,-,4,Total Votes Cast,1639,Governor,
Belchertown,-,A,Maura Healey,1074,Governor,
Belchertown,-,A,Geoff Diehl,620,Governor,
Belchertown,-,A,Kevin Reed,36,Governor,
Belchertown,-,A,All Others,2,Governor,
Belchertown,-,A,Blanks,14,Governor,
Belchertown,-,A,Total Votes Cast,1746,Governor,
Belchertown,-,B,Maura Healey,900,Governor,
Belchertown,-,B,Geoff Diehl,776,Governor,
Belchertown,-,B,Kevin Reed,31,Governor,
Belchertown,-,B,All Others,0,Governor,
Belchertown,-,B,Blanks,13,Governor,
Belchertown,-,B,Total Votes Cast,1720,Governor,
Belchertown,-,C,Maura Healey,980,Governor,
Belchertown,-,C,Geoff Diehl,796,Governor,
Belchertown,-,C,Kevin Reed,26,Governor,
Belchertown,-,C,All Others,0,Governor,
Belchertown,-,C,Blanks,18,Governor,
Belchertown,-,C,Total Votes Cast,1820,Governor,
Belchertown,-,D,Maura Healey,1152,Governor,
Belchertown,-,D,Geoff Diehl,502,Governor,
Belchertown,-,D,Kevin Reed,29,Governor,
Belchertown,-,D,All Others,1,Governor,
Belchertown,-,D,Blanks,8,Governor,
Belchertown,-,D,Total Votes Cast,1692,Governor,
Bellingham,-,1,Maura Healey,643,Governor,
Bellingham,-,1,Geoff Diehl,547,Governor,
Bellingham,-,1,Kevin Reed,19,Governor,
Bellingham,-,1,All Others,1,Governor,
Bellingham,-,1,Blanks,12,Governor,
Bellingham,-,1,Total Votes Cast,1222,Governor,
Bellingham,-,2,Maura Healey,796,Governor,
Bellingham,-,2,Geoff Diehl,673,Governor,
Bellingham,-,2,Kevin Reed,30,Governor,
Bellingham,-,2,All Others,0,Governor,
Bellingham,-,2,Blanks,6,Governor,
Bellingham,-,2,Total Votes Cast,1505,Governor,
Bellingham,-,3,Maura Healey,813,Governor,
Bellingham,-,3,Geoff Diehl,671,Governor,
Bellingham,-,3,Kevin Reed,23,Governor,
Bellingham,-,3,All Others,2,Governor,
Bellingham,-,3,Blanks,9,Governor,
Bellingham,-,3,Total Votes Cast,1518,Governor,
Bellingham,-,4,Maura Healey,642,Governor,
Bellingham,-,4,Geoff Diehl,629,Governor,
Bellingham,-,4,Kevin Reed,27,Governor,
Bellingham,-,4,All Others,1,Governor,
Bellingham,-,4,Blanks,11,Governor,
Bellingham,-,4,Total Votes Cast,1310,Governor,
Bellingham,-,5,Maura Healey,553,Governor,
Bellingham,-,5,Geoff Diehl,594,Governor,
Bellingham,-,5,Kevin Reed,21,Governor,
Bellingham,-,5,All Others,4,Governor,
Bellingham,-,5,Blanks,9,Governor,
Bellingham,-,5,Total Votes Cast,1181,Governor,
Belmont,-,1,Maura Healey,1165,Governor,
Belmont,-,1,Geoff Diehl,310,Governor,
Belmont,-,1,Kevin Reed,24,Governor,
Belmont,-,1,All Others,7,Governor,
Belmont,-,1,Blanks,29,Governor,
Belmont,-,1,Total Votes Cast,1535,Governor,
Belmont,-,2,Maura Healey,1216,Governor,
Belmont,-,2,Geoff Diehl,487,Governor,
Belmont,-,2,Kevin Reed,41,Governor,
Belmont,-,2,All Others,2,Governor,
Belmont,-,2,Blanks,32,Governor,
Belmont,-,2,Total Votes Cast,1778,Governor,
Belmont,-,3,Maura Healey,1109,Governor,
Belmont,-,3,Geoff Diehl,292,Governor,
Belmont,-,3,Kevin Reed,27,Governor,
Belmont,-,3,All Others,1,Governor,
Belmont,-,3,Blanks,28,Governor,
Belmont,-,3,Total Votes Cast,1457,Governor,
Belmont,-,4,Maura Healey,920,Governor,
Belmont,-,4,Geoff Diehl,285,Governor,
Belmont,-,4,Kevin Reed,34,Governor,
Belmont,-,4,All Others,0,Governor,
Belmont,-,4,Blanks,13,Governor,
Belmont,-,4,Total Votes Cast,1252,Governor,
Belmont,-,5,Maura Healey,1103,Governor,
Belmont,-,5,Geoff Diehl,290,Governor,
Belmont,-,5,Kevin Reed,26,Governor,
Belmont,-,5,All Others,0,Governor,
Belmont,-,5,Blanks,18,Governor,
Belmont,-,5,Total Votes Cast,1437,Governor,
Belmont,-,6,Maura Healey,1438,Governor,
Belmont,-,6,Geoff Diehl,315,Governor,
Belmont,-,6,Kevin Reed,24,Governor,
Belmont,-,6,All Others,5,Governor,
Belmont,-,6,Blanks,23,Governor,
Belmont,-,6,Total Votes Cast,1805,Governor,
Belmont,-,7,Maura Healey,1115,Governor,
Belmont,-,7,Geoff Diehl,303,Governor,
Belmont,-,7,Kevin Reed,24,Governor,
Belmont,-,7,All Others,2,Governor,
Belmont,-,7,Blanks,22,Governor,
Belmont,-,7,Total Votes Cast,1466,Governor,
Belmont,-,8,Maura Healey,977,Governor,
Belmont,-,8,Geoff Diehl,387,Governor,
Belmont,-,8,Kevin Reed,29,Governor,
Belmont,-,8,All Others,1,Governor,
Belmont,-,8,Blanks,39,Governor,
Belmont,-,8,Total Votes Cast,1433,Governor,
Berkley,-,1,Maura Healey,641,Governor,
Berkley,-,1,Geoff Diehl,870,Governor,
Berkley,-,1,Kevin Reed,38,Governor,
Berkley,-,1,All Others,3,Governor,
Berkley,-,1,Blanks,4,Governor,
Berkley,-,1,Total Votes Cast,1556,Governor,
Berkley,-,2,Maura Healey,490,Governor,
Berkley,-,2,Geoff Diehl,741,Governor,
Berkley,-,2,Kevin Reed,17,Governor,
Berkley,-,2,All Others,3,Governor,
Berkley,-,2,Blanks,12,Governor,
Berkley,-,2,Total Votes Cast,1263,Governor,
Berlin,,,Maura Healey,1057,Governor,
Berlin,,,Geoff Diehl,739,Governor,
Berlin,,,Kevin Reed,42,Governor,
Berlin,,,All Others,0,Governor,
Berlin,,,Blanks,22,Governor,
Berlin,,,Total Votes Cast,1860,Governor,
Bernardston,,,Maura Healey,640,Governor,
Bernardston,,,Geoff Diehl,320,Governor,
Bernardston,,,Kevin Reed,19,Governor,
Bernardston,,,All Others,0,Governor,
Bernardston,,,Blanks,6,Governor,
Bernardston,,,Total Votes Cast,985,Governor,
Beverly,1,1,Maura Healey,833,Governor,
Beverly,1,1,Geoff Diehl,454,Governor,
Beverly,1,1,Kevin Reed,20,Governor,
Beverly,1,1,All Others,7,Governor,
Beverly,1,1,Blanks,4,Governor,
Beverly,1,1,Total Votes Cast,1318,Governor,
Beverly,1,2,Maura Healey,1158,Governor,
Beverly,1,2,Geoff Diehl,562,Governor,
Beverly,1,2,Kevin Reed,31,Governor,
Beverly,1,2,All Others,2,Governor,
Beverly,1,2,Blanks,10,Governor,
Beverly,1,2,Total Votes Cast,1763,Governor,
Beverly,2,1,Maura Healey,1015,Governor,
Beverly,2,1,Geoff Diehl,333,Governor,
Beverly,2,1,Kevin Reed,22,Governor,
Beverly,2,1,All Others,0,Governor,
Beverly,2,1,Blanks,8,Governor,
Beverly,2,1,Total Votes Cast,1378,Governor,
Beverly,2,2,Maura Healey,1130,Governor,
Beverly,2,2,Geoff Diehl,344,Governor,
Beverly,2,2,Kevin Reed,34,Governor,
Beverly,2,2,All Others,0,Governor,
Beverly,2,2,Blanks,12,Governor,
Beverly,2,2,Total Votes Cast,1520,Governor,
Beverly,3,1,Maura Healey,651,Governor,
Beverly,3,1,Geoff Diehl,216,Governor,
Beverly,3,1,Kevin Reed,26,Governor,
Beverly,3,1,All Others,0,Governor,
Beverly,3,1,Blanks,11,Governor,
Beverly,3,1,Total Votes Cast,904,Governor,
Beverly,3,2,Maura Healey,879,Governor,
Beverly,3,2,Geoff Diehl,459,Governor,
Beverly,3,2,Kevin Reed,22,Governor,
Beverly,3,2,All Others,1,Governor,
Beverly,3,2,Blanks,9,Governor,
Beverly,3,2,Total Votes Cast,1370,Governor,
Beverly,4,1,Maura Healey,612,Governor,
Beverly,4,1,Geoff Diehl,237,Governor,
Beverly,4,1,Kevin Reed,8,Governor,
Beverly,4,1,All Others,0,Governor,
Beverly,4,1,Blanks,8,Governor,
Beverly,4,1,Total Votes Cast,865,Governor,
Beverly,4,2,Maura Healey,1497,Governor,
Beverly,4,2,Geoff Diehl,458,Governor,
Beverly,4,2,Kevin Reed,28,Governor,
Beverly,4,2,All Others,1,Governor,
Beverly,4,2,Blanks,11,Governor,
Beverly,4,2,Total Votes Cast,1995,Governor,
Beverly,5,1,Maura Healey,1023,Governor,
Beverly,5,1,Geoff Diehl,545,Governor,
Beverly,5,1,Kevin Reed,22,Governor,
Beverly,5,1,All Others,2,Governor,
Beverly,5,1,Blanks,11,Governor,
Beverly,5,1,Total Votes Cast,1603,Governor,
Beverly,5,2,Maura Healey,901,Governor,
Beverly,5,2,Geoff Diehl,496,Governor,
Beverly,5,2,Kevin Reed,16,Governor,
Beverly,5,2,All Others,1,Governor,
Beverly,5,2,Blanks,10,Governor,
Beverly,5,2,Total Votes Cast,1424,Governor,
Beverly,6,1,Maura Healey,1250,Governor,
Beverly,6,1,Geoff Diehl,524,Governor,
Beverly,6,1,Kevin Reed,23,Governor,
Beverly,6,1,All Others,4,Governor,
Beverly,6,1,Blanks,15,Governor,
Beverly,6,1,Total Votes Cast,1816,Governor,
Beverly,6,2,Maura Healey,1161,Governor,
Beverly,6,2,Geoff Diehl,709,Governor,
Beverly,6,2,Kevin Reed,30,Governor,
Beverly,6,2,All Others,2,Governor,
Beverly,6,2,Blanks,15,Governor,
Beverly,6,2,Total Votes Cast,1917,Governor,
Billerica,-,1,Maura Healey,676,Governor,
Billerica,-,1,Geoff Diehl,443,Governor,
Billerica,-,1,Kevin Reed,14,Governor,
Billerica,-,1,All Others,3,Governor,
Billerica,-,1,Blanks,5,Governor,
Billerica,-,1,Total Votes Cast,1141,Governor,
Billerica,-,10,Maura Healey,837,Governor,
Billerica,-,10,Geoff Diehl,822,Governor,
Billerica,-,10,Kevin Reed,23,Governor,
Billerica,-,10,All Others,0,Governor,
Billerica,-,10,Blanks,9,Governor,
Billerica,-,10,Total Votes Cast,1691,Governor,
Billerica,-,11,Maura Healey,616,Governor,
Billerica,-,11,Geoff Diehl,592,Governor,
Billerica,-,11,Kevin Reed,33,Governor,
Billerica,-,11,All Others,2,Governor,
Billerica,-,11,Blanks,11,Governor,
Billerica,-,11,Total Votes Cast,1254,Governor,
Billerica,-,12,Maura Healey,755,Governor,
Billerica,-,12,Geoff Diehl,617,Governor,
Billerica,-,12,Kevin Reed,29,Governor,
Billerica,-,12,All Others,1,Governor,
Billerica,-,12,Blanks,13,Governor,
Billerica,-,12,Total Votes Cast,1415,Governor,
Billerica,-,2,Maura Healey,820,Governor,
Billerica,-,2,Geoff Diehl,659,Governor,
Billerica,-,2,Kevin Reed,34,Governor,
Billerica,-,2,All Others,1,Governor,
Billerica,-,2,Blanks,18,Governor,
Billerica,-,2,Total Votes Cast,1532,Governor,
Billerica,-,3,Maura Healey,738,Governor,
Billerica,-,3,Geoff Diehl,693,Governor,
Billerica,-,3,Kevin Reed,16,Governor,
Billerica,-,3,All Others,2,Governor,
Billerica,-,3,Blanks,9,Governor,
Billerica,-,3,Total Votes Cast,1458,Governor,
Billerica,-,4,Maura Healey,678,Governor,
Billerica,-,4,Geoff Diehl,603,Governor,
Billerica,-,4,Kevin Reed,18,Governor,
Billerica,-,4,All Others,1,Governor,
Billerica,-,4,Blanks,13,Governor,
Billerica,-,4,Total Votes Cast,1313,Governor,
Billerica,-,5,Maura Healey,922,Governor,
Billerica,-,5,Geoff Diehl,848,Governor,
Billerica,-,5,Kevin Reed,25,Governor,
Billerica,-,5,All Others,2,Governor,
Billerica,-,5,Blanks,19,Governor,
Billerica,-,5,Total Votes Cast,1816,Governor,
Billerica,-,6,Maura Healey,727,Governor,
Billerica,-,6,Geoff Diehl,588,Governor,
Billerica,-,6,Kevin Reed,17,Governor,
Billerica,-,6,All Others,0,Governor,
Billerica,-,6,Blanks,10,Governor,
Billerica,-,6,Total Votes Cast,1342,Governor,
Billerica,-,7,Maura Healey,807,Governor,
Billerica,-,7,Geoff Diehl,540,Governor,
Billerica,-,7,Kevin Reed,24,Governor,
Billerica,-,7,All Others,3,Governor,
Billerica,-,7,Blanks,12,Governor,
Billerica,-,7,Total Votes Cast,1386,Governor,
Billerica,-,8,Maura Healey,726,Governor,
Billerica,-,8,Geoff Diehl,654,Governor,
Billerica,-,8,Kevin Reed,26,Governor,
Billerica,-,8,All Others,3,Governor,
Billerica,-,8,Blanks,10,Governor,
Billerica,-,8,Total Votes Cast,1419,Governor,
Billerica,-,9,Maura Healey,755,Governor,
Billerica,-,9,Geoff Diehl,786,Governor,
Billerica,-,9,Kevin Reed,18,Governor,
Billerica,-,9,All Others,0,Governor,
Billerica,-,9,Blanks,17,Governor,
Billerica,-,9,Total Votes Cast,1576,Governor,
Blackstone,-,1,Maura Healey,469,Governor,
Blackstone,-,1,Geoff Diehl,498,Governor,
Blackstone,-,1,Kevin Reed,11,Governor,
Blackstone,-,1,All Others,0,Governor,
Blackstone,-,1,Blanks,4,Governor,
Blackstone,-,1,Total Votes Cast,982,Governor,
Blackstone,-,2,Maura Healey,534,Governor,
Blackstone,-,2,Geoff Diehl,574,Governor,
Blackstone,-,2,Kevin Reed,10,Governor,
Blackstone,-,2,All Others,1,Governor,
Blackstone,-,2,Blanks,10,Governor,
Blackstone,-,2,Total Votes Cast,1129,Governor,
Blackstone,-,3,Maura Healey,516,Governor,
Blackstone,-,3,Geoff Diehl,710,Governor,
Blackstone,-,3,Kevin Reed,23,Governor,
Blackstone,-,3,All Others,1,Governor,
Blackstone,-,3,Blanks,6,Governor,
Blackstone,-,3,Total Votes Cast,1256,Governor,
Blandford,,,Maura Healey,234,Governor,
Blandford,,,Geoff Diehl,358,Governor,
Blandford,,,Kevin Reed,26,Governor,
Blandford,,,All Others,0,Governor,
Blandford,,,Blanks,0,Governor,
Blandford,,,Total Votes Cast,618,Governor,
Bolton,,,Maura Healey,1893,Governor,
Bolton,,,Geoff Diehl,899,Governor,
Bolton,,,Kevin Reed,62,Governor,
Bolton,,,All Others,4,Governor,
Bolton,,,Blanks,28,Governor,
Bolton,,,Total Votes Cast,2886,Governor,
Boston,1,1,Maura Healey,578,Governor,
Boston,1,1,Geoff Diehl,142,Governor,
Boston,1,1,Kevin Reed,11,Governor,
Boston,1,1,All Others,1,Governor,
Boston,1,1,Blanks,7,Governor,
Boston,1,1,Total Votes Cast,739,Governor,
Boston,1,10,Maura Healey,212,Governor,
Boston,1,10,Geoff Diehl,76,Governor,
Boston,1,10,Kevin Reed,4,Governor,
Boston,1,10,All Others,1,Governor,
Boston,1,10,Blanks,3,Governor,
Boston,1,10,Total Votes Cast,296,Governor,
Boston,1,11,Maura Healey,491,Governor,
Boston,1,11,Geoff Diehl,198,Governor,
Boston,1,11,Kevin Reed,7,Governor,
Boston,1,11,All Others,3,Governor,
Boston,1,11,Blanks,10,Governor,
Boston,1,11,Total Votes Cast,709,Governor,
Boston,1,12,Maura Healey,407,Governor,
Boston,1,12,Geoff Diehl,248,Governor,
Boston,1,12,Kevin Reed,11,Governor,
Boston,1,12,All Others,4,Governor,
Boston,1,12,Blanks,10,Governor,
Boston,1,12,Total Votes Cast,680,Governor,
Boston,1,13,Maura Healey,549,Governor,
Boston,1,13,Geoff Diehl,261,Governor,
Boston,1,13,Kevin Reed,12,Governor,
Boston,1,13,All Others,3,Governor,
Boston,1,13,Blanks,13,Governor,
Boston,1,13,Total Votes Cast,838,Governor,
Boston,1,14,Maura Healey,259,Governor,
Boston,1,14,Geoff Diehl,133,Governor,
Boston,1,14,Kevin Reed,8,Governor,
Boston,1,14,All Others,0,Governor,
Boston,1,14,Blanks,10,Governor,
Boston,1,14,Total Votes Cast,410,Governor,
Boston,1,15,Maura Healey,0,Governor,
Boston,1,15,Geoff Diehl,0,Governor,
Boston,1,15,Kevin Reed,0,Governor,
Boston,1,15,All Others,0,Governor,
Boston,1,15,Blanks,0,Governor,
Boston,1,15,Total Votes Cast,0,Governor,
Boston,1,2,Maura Healey,385,Governor,
Boston,1,2,Geoff Diehl,93,Governor,
Boston,1,2,Kevin Reed,9,Governor,
Boston,1,2,All Others,1,Governor,
Boston,1,2,Blanks,6,Governor,
Boston,1,2,Total Votes Cast,494,Governor,
Boston,1,3,Maura Healey,1140,Governor,
Boston,1,3,Geoff Diehl,211,Governor,
Boston,1,3,Kevin Reed,27,Governor,
Boston,1,3,All Others,4,Governor,
Boston,1,3,Blanks,16,Governor,
Boston,1,3,Total Votes Cast,1398,Governor,
Boston,1,4,Maura Healey,400,Governor,
Boston,1,4,Geoff Diehl,82,Governor,
Boston,1,4,Kevin Reed,16,Governor,
Boston,1,4,All Others,2,Governor,
Boston,1,4,Blanks,6,Governor,
Boston,1,4,Total Votes Cast,506,Governor,
Boston,1,5,Maura Healey,484,Governor,
Boston,1,5,Geoff Diehl,120,Governor,
Boston,1,5,Kevin Reed,7,Governor,
Boston,1,5,All Others,1,Governor,
Boston,1,5,Blanks,5,Governor,
Boston,1,5,Total Votes Cast,617,Governor,
Boston,1,6,Maura Healey,386,Governor,
Boston,1,6,Geoff Diehl,90,Governor,
Boston,1,6,Kevin Reed,7,Governor,
Boston,1,6,All Others,1,Governor,
Boston,1,6,Blanks,6,Governor,
Boston,1,6,Total Votes Cast,490,Governor,
Boston,1,7,Maura Healey,417,Governor,
Boston,1,7,Geoff Diehl,96,Governor,
Boston,1,7,Kevin Reed,10,Governor,
Boston,1,7,All Others,0,Governor,
Boston,1,7,Blanks,7,Governor,
Boston,1,7,Total Votes Cast,530,Governor,
Boston,1,8,Maura Healey,488,Governor,
Boston,1,8,Geoff Diehl,115,Governor,
Boston,1,8,Kevin Reed,17,Governor,
Boston,1,8,All Others,0,Governor,
Boston,1,8,Blanks,17,Governor,
Boston,1,8,Total Votes Cast,637,Governor,
Boston,1,9,Maura Healey,375,Governor,
Boston,1,9,Geoff Diehl,96,Governor,
Boston,1,9,Kevin Reed,8,Governor,
Boston,1,9,All Others,1,Governor,
Boston,1,9,Blanks,3,Governor,
Boston,1,9,Total Votes Cast,483,Governor,
Boston,10,1,Maura Healey,342,Governor,
Boston,10,1,Geoff Diehl,42,Governor,
Boston,10,1,Kevin Reed,5,Governor,
Boston,10,1,All Others,2,Governor,
Boston,10,1,Blanks,2,Governor,
Boston,10,1,Total Votes Cast,393,Governor,
Boston,10,2,Maura Healey,238,Governor,
Boston,10,2,Geoff Diehl,34,Governor,
Boston,10,2,Kevin Reed,4,Governor,
Boston,10,2,All Others,0,Governor,
Boston,10,2,Blanks,3,Governor,
Boston,10,2,Total Votes Cast,279,Governor,
Boston,10,3,Maura Healey,241,Governor,
Boston,10,3,Geoff Diehl,35,Governor,
Boston,10,3,Kevin Reed,3,Governor,
Boston,10,3,All Others,2,Governor,
Boston,10,3,Blanks,5,Governor,
Boston,10,3,Total Votes Cast,286,Governor,
Boston,10,4,Maura Healey,511,Governor,
Boston,10,4,Geoff Diehl,83,Governor,
Boston,10,4,Kevin Reed,6,Governor,
Boston,10,4,All Others,0,Governor,
Boston,10,4,Blanks,13,Governor,
Boston,10,4,Total Votes Cast,613,Governor,
Boston,10,5,Maura Healey,365,Governor,
Boston,10,5,Geoff Diehl,60,Governor,
Boston,10,5,Kevin Reed,8,Governor,
Boston,10,5,All Others,3,Governor,
Boston,10,5,Blanks,5,Governor,
Boston,10,5,Total Votes Cast,441,Governor,
Boston,10,6,Maura Healey,403,Governor,
Boston,10,6,Geoff Diehl,46,Governor,
Boston,10,6,Kevin Reed,8,Governor,
Boston,10,6,All Others,1,Governor,
Boston,10,6,Blanks,12,Governor,
Boston,10,6,Total Votes Cast,470,Governor,
Boston,10,7,Maura Healey,484,Governor,
Boston,10,7,Geoff Diehl,32,Governor,
Boston,10,7,Kevin Reed,14,Governor,
Boston,10,7,All Others,2,Governor,
Boston,10,7,Blanks,7,Governor,
Boston,10,7,Total Votes Cast,539,Governor,
Boston,10,8,Maura Healey,808,Governor,
Boston,10,8,Geoff Diehl,87,Governor,
Boston,10,8,Kevin Reed,19,Governor,
Boston,10,8,All Others,0,Governor,
Boston,10,8,Blanks,13,Governor,
Boston,10,8,Total Votes Cast,927,Governor,
Boston,10,9,Maura Healey,996,Governor,
Boston,10,9,Geoff Diehl,73,Governor,
Boston,10,9,Kevin Reed,12,Governor,
Boston,10,9,All Others,3,Governor,
Boston,10,9,Blanks,11,Governor,
Boston,10,9,Total Votes Cast,1095,Governor,
Boston,10,9A,Maura Healey,0,Governor,
Boston,10,9A,Geoff Diehl,0,Governor,
Boston,10,9A,Kevin Reed,0,Governor,
Boston,10,9A,All Others,0,Governor,
Boston,10,9A,Blanks,0,Governor,
Boston,10,9A,Total Votes Cast,0,Governor,
Boston,11,1,Maura Healey,369,Governor,
Boston,11,1,Geoff Diehl,19,Governor,
Boston,11,1,Kevin Reed,5,Governor,
Boston,11,1,All Others,0,Governor,
Boston,11,1,Blanks,3,Governor,
Boston,11,1,Total Votes Cast,396,Governor,
Boston,11,10,Maura Healey,729,Governor,
Boston,11,10,Geoff Diehl,27,Governor,
Boston,11,10,Kevin Reed,5,Governor,
Boston,11,10,All Others,3,Governor,
Boston,11,10,Blanks,11,Governor,
Boston,11,10,Total Votes Cast,775,Governor,
Boston,11,2,Maura Healey,540,Governor,
Boston,11,2,Geoff Diehl,30,Governor,
Boston,11,2,Kevin Reed,7,Governor,
Boston,11,2,All Others,1,Governor,
Boston,11,2,Blanks,8,Governor,
Boston,11,2,Total Votes Cast,586,Governor,
Boston,11,3,Maura Healey,369,Governor,
Boston,11,3,Geoff Diehl,26,Governor,
Boston,11,3,Kevin Reed,4,Governor,
Boston,11,3,All Others,3,Governor,
Boston,11,3,Blanks,9,Governor,
Boston,11,3,Total Votes Cast,411,Governor,
Boston,11,4,Maura Healey,728,Governor,
Boston,11,4,Geoff Diehl,60,Governor,
Boston,11,4,Kevin Reed,12,Governor,
Boston,11,4,All Others,1,Governor,
Boston,11,4,Blanks,18,Governor,
Boston,11,4,Total Votes Cast,819,Governor,
Boston,11,5,Maura Healey,593,Governor,
Boston,11,5,Geoff Diehl,56,Governor,
Boston,11,5,Kevin Reed,9,Governor,
Boston,11,5,All Others,6,Governor,
Boston,11,5,Blanks,18,Governor,
Boston,11,5,Total Votes Cast,682,Governor,
Boston,11,6,Maura Healey,641,Governor,
Boston,11,6,Geoff Diehl,35,Governor,
Boston,11,6,Kevin Reed,9,Governor,
Boston,11,6,All Others,0,Governor,
Boston,11,6,Blanks,3,Governor,
Boston,11,6,Total Votes Cast,688,Governor,
Boston,11,7,Maura Healey,823,Governor,
Boston,11,7,Geoff Diehl,52,Governor,
Boston,11,7,Kevin Reed,8,Governor,
Boston,11,7,All Others,2,Governor,
Boston,11,7,Blanks,11,Governor,
Boston,11,7,Total Votes Cast,896,Governor,
Boston,11,8,Maura Healey,1155,Governor,
Boston,11,8,Geoff Diehl,56,Governor,
Boston,11,8,Kevin Reed,21,Governor,
Boston,11,8,All Others,3,Governor,
Boston,11,8,Blanks,6,Governor,
Boston,11,8,Total Votes Cast,1241,Governor,
Boston,11,9,Maura Healey,599,Governor,
Boston,11,9,Geoff Diehl,36,Governor,
Boston,11,9,Kevin Reed,5,Governor,
Boston,11,9,All Others,3,Governor,
Boston,11,9,Blanks,6,Governor,
Boston,11,9,Total Votes Cast,649,Governor,
Boston,12,1,Maura Healey,505,Governor,
Boston,12,1,Geoff Diehl,37,Governor,
Boston,12,1,Kevin Reed,7,Governor,
Boston,12,1,All Others,1,Governor,
Boston,12,1,Blanks,14,Governor,
Boston,12,1,Total Votes Cast,564,Governor,
Boston,12,2,Maura Healey,604,Governor,
Boston,12,2,Geoff Diehl,30,Governor,
Boston,12,2,Kevin Reed,10,Governor,
Boston,12,2,All Others,0,Governor,
Boston,12,2,Blanks,11,Governor,
Boston,12,2,Total Votes Cast,655,Governor,
Boston,12,3,Maura Healey,282,Governor,
Boston,12,3,Geoff Diehl,22,Governor,
Boston,12,3,Kevin Reed,6,Governor,
Boston,12,3,All Others,0,Governor,
Boston,12,3,Blanks,0,Governor,
Boston,12,3,Total Votes Cast,310,Governor,
Boston,12,4,Maura Healey,347,Governor,
Boston,12,4,Geoff Diehl,18,Governor,
Boston,12,4,Kevin Reed,5,Governor,
Boston,12,4,All Others,0,Governor,
Boston,12,4,Blanks,9,Governor,
Boston,12,4,Total Votes Cast,379,Governor,
Boston,12,5,Maura Healey,244,Governor,
Boston,12,5,Geoff Diehl,16,Governor,
Boston,12,5,Kevin Reed,2,Governor,
Boston,12,5,All Others,0,Governor,
Boston,12,5,Blanks,5,Governor,
Boston,12,5,Total Votes Cast,267,Governor,
Boston,12,6,Maura Healey,310,Governor,
Boston,12,6,Geoff Diehl,31,Governor,
Boston,12,6,Kevin Reed,1,Governor,
Boston,12,6,All Others,0,Governor,
Boston,12,6,Blanks,8,Governor,
Boston,12,6,Total Votes Cast,350,Governor,
Boston,12,7,Maura Healey,585,Governor,
Boston,12,7,Geoff Diehl,44,Governor,
Boston,12,7,Kevin Reed,8,Governor,
Boston,12,7,All Others,0,Governor,
Boston,12,7,Blanks,22,Governor,
Boston,12,7,Total Votes Cast,659,Governor,
Boston,12,8,Maura Healey,224,Governor,
Boston,12,8,Geoff Diehl,18,Governor,
Boston,12,8,Kevin Reed,2,Governor,
Boston,12,8,All Others,0,Governor,
Boston,12,8,Blanks,1,Governor,
Boston,12,8,Total Votes Cast,245,Governor,
Boston,12,9,Maura Healey,309,Governor,
Boston,12,9,Geoff Diehl,18,Governor,
Boston,12,9,Kevin Reed,1,Governor,
Boston,12,9,All Others,0,Governor,
Boston,12,9,Blanks,13,Governor,
Boston,12,9,Total Votes Cast,341,Governor,
Boston,13,1,Maura Healey,352,Governor,
Boston,13,1,Geoff Diehl,27,Governor,
Boston,13,1,Kevin Reed,6,Governor,
Boston,13,1,All Others,2,Governor,
Boston,13,1,Blanks,10,Governor,
Boston,13,1,Total Votes Cast,397,Governor,
Boston,13,10,Maura Healey,702,Governor,
Boston,13,10,Geoff Diehl,255,Governor,
Boston,13,10,Kevin Reed,18,Governor,
Boston,13,10,All Others,2,Governor,
Boston,13,10,Blanks,13,Governor,
Boston,13,10,Total Votes Cast,990,Governor,
Boston,13,2,Maura Healey,160,Governor,
Boston,13,2,Geoff Diehl,17,Governor,
Boston,13,2,Kevin Reed,3,Governor,
Boston,13,2,All Others,0,Governor,
Boston,13,2,Blanks,4,Governor,
Boston,13,2,Total Votes Cast,184,Governor,
Boston,13,3,Maura Healey,354,Governor,
Boston,13,3,Geoff Diehl,58,Governor,
Boston,13,3,Kevin Reed,7,Governor,
Boston,13,3,All Others,0,Governor,
Boston,13,3,Blanks,7,Governor,
Boston,13,3,Total Votes Cast,426,Governor,
Boston,13,4,Maura Healey,293,Governor,
Boston,13,4,Geoff Diehl,29,Governor,
Boston,13,4,Kevin Reed,9,Governor,
Boston,13,4,All Others,2,Governor,
Boston,13,4,Blanks,9,Governor,
Boston,13,4,Total Votes Cast,342,Governor,
Boston,13,5,Maura Healey,309,Governor,
Boston,13,5,Geoff Diehl,37,Governor,
Boston,13,5,Kevin Reed,7,Governor,
Boston,13,5,All Others,0,Governor,
Boston,13,5,Blanks,12,Governor,
Boston,13,5,Total Votes Cast,365,Governor,
Boston,13,6,Maura Healey,451,Governor,
Boston,13,6,Geoff Diehl,57,Governor,
Boston,13,6,Kevin Reed,1,Governor,
Boston,13,6,All Others,0,Governor,
Boston,13,6,Blanks,5,Governor,
Boston,13,6,Total Votes Cast,514,Governor,
Boston,13,7,Maura Healey,428,Governor,
Boston,13,7,Geoff Diehl,162,Governor,
Boston,13,7,Kevin Reed,6,Governor,
Boston,13,7,All Others,0,Governor,
Boston,13,7,Blanks,13,Governor,
Boston,13,7,Total Votes Cast,609,Governor,
Boston,13,8,Maura Healey,394,Governor,
Boston,13,8,Geoff Diehl,111,Governor,
Boston,13,8,Kevin Reed,11,Governor,
Boston,13,8,All Others,0,Governor,
Boston,13,8,Blanks,2,Governor,
Boston,13,8,Total Votes Cast,518,Governor,
Boston,13,9,Maura Healey,499,Governor,
Boston,13,9,Geoff Diehl,92,Governor,
Boston,13,9,Kevin Reed,11,Governor,
Boston,13,9,All Others,1,Governor,
Boston,13,9,Blanks,4,Governor,
Boston,13,9,Total Votes Cast,607,Governor,
Boston,14,1,Maura Healey,546,Governor,
Boston,14,1,Geoff Diehl,50,Governor,
Boston,14,1,Kevin Reed,9,Governor,
Boston,14,1,All Others,1,Governor,
Boston,14,1,Blanks,10,Governor,
Boston,14,1,Total Votes Cast,616,Governor,
Boston,14,10,Maura Healey,328,Governor,
Boston,14,10,Geoff Diehl,39,Governor,
Boston,14,10,Kevin Reed,4,Governor,
Boston,14,10,All Others,1,Governor,
Boston,14,10,Blanks,7,Governor,
Boston,14,10,Total Votes Cast,379,Governor,
Boston,14,11,Maura Healey,326,Governor,
Boston,14,11,Geoff Diehl,19,Governor,
Boston,14,11,Kevin Reed,6,Governor,
Boston,14,11,All Others,2,Governor,
Boston,14,11,Blanks,2,Governor,
Boston,14,11,Total Votes Cast,355,Governor,
Boston,14,12,Maura Healey,209,Governor,
Boston,14,12,Geoff Diehl,8,Governor,
Boston,14,12,Kevin Reed,2,Governor,
Boston,14,12,All Others,0,Governor,
Boston,14,12,Blanks,2,Governor,
Boston,14,12,Total Votes Cast,221,Governor,
Boston,14,13,Maura Healey,336,Governor,
Boston,14,13,Geoff Diehl,17,Governor,
Boston,14,13,Kevin Reed,4,Governor,
Boston,14,13,All Others,0,Governor,
Boston,14,13,Blanks,8,Governor,
Boston,14,13,Total Votes Cast,365,Governor,
Boston,14,14,Maura Healey,348,Governor,
Boston,14,14,Geoff Diehl,14,Governor,
Boston,14,14,Kevin Reed,9,Governor,
Boston,14,14,All Others,0,Governor,
Boston,14,14,Blanks,4,Governor,
Boston,14,14,Total Votes Cast,375,Governor,
Boston,14,2,Maura Healey,610,Governor,
Boston,14,2,Geoff Diehl,39,Governor,
Boston,14,2,Kevin Reed,8,Governor,
Boston,14,2,All Others,2,Governor,
Boston,14,2,Blanks,20,Governor,
Boston,14,2,Total Votes Cast,679,Governor,
Boston,14,3,Maura Healey,303,Governor,
Boston,14,3,Geoff Diehl,14,Governor,
Boston,14,3,Kevin Reed,4,Governor,
Boston,14,3,All Others,0,Governor,
Boston,14,3,Blanks,4,Governor,
Boston,14,3,Total Votes Cast,325,Governor,
Boston,14,4,Maura Healey,377,Governor,
Boston,14,4,Geoff Diehl,29,Governor,
Boston,14,4,Kevin Reed,6,Governor,
Boston,14,4,All Others,1,Governor,
Boston,14,4,Blanks,12,Governor,
Boston,14,4,Total Votes Cast,425,Governor,
Boston,14,5,Maura Healey,268,Governor,
Boston,14,5,Geoff Diehl,10,Governor,
Boston,14,5,Kevin Reed,11,Governor,
Boston,14,5,All Others,1,Governor,
Boston,14,5,Blanks,4,Governor,
Boston,14,5,Total Votes Cast,294,Governor,
Boston,14,6,Maura Healey,295,Governor,
Boston,14,6,Geoff Diehl,25,Governor,
Boston,14,6,Kevin Reed,2,Governor,
Boston,14,6,All Others,0,Governor,
Boston,14,6,Blanks,9,Governor,
Boston,14,6,Total Votes Cast,331,Governor,
Boston,14,7,Maura Healey,292,Governor,
Boston,14,7,Geoff Diehl,17,Governor,
Boston,14,7,Kevin Reed,6,Governor,
Boston,14,7,All Others,2,Governor,
Boston,14,7,Blanks,2,Governor,
Boston,14,7,Total Votes Cast,319,Governor,
Boston,14,8,Maura Healey,433,Governor,
Boston,14,8,Geoff Diehl,26,Governor,
Boston,14,8,Kevin Reed,4,Governor,
Boston,14,8,All Others,0,Governor,
Boston,14,8,Blanks,14,Governor,
Boston,14,8,Total Votes Cast,477,Governor,
Boston,14,9,Maura Healey,270,Governor,
Boston,14,9,Geoff Diehl,28,Governor,
Boston,14,9,Kevin Reed,5,Governor,
Boston,14,9,All Others,0,Governor,
Boston,14,9,Blanks,4,Governor,
Boston,14,9,Total Votes Cast,307,Governor,
Boston,15,1,Maura Healey,415,Governor,
Boston,15,1,Geoff Diehl,31,Governor,
Boston,15,1,Kevin Reed,4,Governor,
Boston,15,1,All Others,0,Governor,
Boston,15,1,Blanks,5,Governor,
Boston,15,1,Total Votes Cast,455,Governor,
Boston,15,2,Maura Healey,260,Governor,
Boston,15,2,Geoff Diehl,14,Governor,
Boston,15,2,Kevin Reed,1,Governor,
Boston,15,2,All Others,1,Governor,
Boston,15,2,Blanks,9,Governor,
Boston,15,2,Total Votes Cast,285,Governor,
Boston,15,3,Maura Healey,156,Governor,
Boston,15,3,Geoff Diehl,13,Governor,
Boston,15,3,Kevin Reed,1,Governor,
Boston,15,3,All Others,2,Governor,
Boston,15,3,Blanks,7,Governor,
Boston,15,3,Total Votes Cast,179,Governor,
Boston,15,4,Maura Healey,410,Governor,
Boston,15,4,Geoff Diehl,70,Governor,
Boston,15,4,Kevin Reed,9,Governor,
Boston,15,4,All Others,2,Governor,
Boston,15,4,Blanks,11,Governor,
Boston,15,4,Total Votes Cast,502,Governor,
Boston,15,5,Maura Healey,324,Governor,
Boston,15,5,Geoff Diehl,28,Governor,
Boston,15,5,Kevin Reed,5,Governor,
Boston,15,5,All Others,0,Governor,
Boston,15,5,Blanks,5,Governor,
Boston,15,5,Total Votes Cast,362,Governor,
Boston,15,6,Maura Healey,240,Governor,
Boston,15,6,Geoff Diehl,110,Governor,
Boston,15,6,Kevin Reed,5,Governor,
Boston,15,6,All Others,0,Governor,
Boston,15,6,Blanks,7,Governor,
Boston,15,6,Total Votes Cast,362,Governor,
Boston,15,7,Maura Healey,302,Governor,
Boston,15,7,Geoff Diehl,23,Governor,
Boston,15,7,Kevin Reed,3,Governor,
Boston,15,7,All Others,0,Governor,
Boston,15,7,Blanks,7,Governor,
Boston,15,7,Total Votes Cast,335,Governor,
Boston,15,8,Maura Healey,224,Governor,
Boston,15,8,Geoff Diehl,85,Governor,
Boston,15,8,Kevin Reed,8,Governor,
Boston,15,8,All Others,1,Governor,
Boston,15,8,Blanks,6,Governor,
Boston,15,8,Total Votes Cast,324,Governor,
Boston,15,9,Maura Healey,244,Governor,
Boston,15,9,Geoff Diehl,80,Governor,
Boston,15,9,Kevin Reed,8,Governor,
Boston,15,9,All Others,0,Governor,
Boston,15,9,Blanks,4,Governor,
Boston,15,9,Total Votes Cast,336,Governor,
Boston,16,1,Maura Healey,278,Governor,
Boston,16,1,Geoff Diehl,78,Governor,
Boston,16,1,Kevin Reed,10,Governor,
Boston,16,1,All Others,1,Governor,
Boston,16,1,Blanks,8,Governor,
Boston,16,1,Total Votes Cast,375,Governor,
Boston,16,10,Maura Healey,395,Governor,
Boston,16,10,Geoff Diehl,267,Governor,
Boston,16,10,Kevin Reed,8,Governor,
Boston,16,10,All Others,2,Governor,
Boston,16,10,Blanks,9,Governor,
Boston,16,10,Total Votes Cast,681,Governor,
Boston,16,11,Maura Healey,323,Governor,
Boston,16,11,Geoff Diehl,164,Governor,
Boston,16,11,Kevin Reed,4,Governor,
Boston,16,11,All Others,1,Governor,
Boston,16,11,Blanks,3,Governor,
Boston,16,11,Total Votes Cast,495,Governor,
Boston,16,12,Maura Healey,395,Governor,
Boston,16,12,Geoff Diehl,419,Governor,
Boston,16,12,Kevin Reed,9,Governor,
Boston,16,12,All Others,1,Governor,
Boston,16,12,Blanks,13,Governor,
Boston,16,12,Total Votes Cast,837,Governor,
Boston,16,2,Maura Healey,302,Governor,
Boston,16,2,Geoff Diehl,125,Governor,
Boston,16,2,Kevin Reed,8,Governor,
Boston,16,2,All Others,3,Governor,
Boston,16,2,Blanks,5,Governor,
Boston,16,2,Total Votes Cast,443,Governor,
Boston,16,3,Maura Healey,433,Governor,
Boston,16,3,Geoff Diehl,90,Governor,
Boston,16,3,Kevin Reed,5,Governor,
Boston,16,3,All Others,1,Governor,
Boston,16,3,Blanks,13,Governor,
Boston,16,3,Total Votes Cast,542,Governor,
Boston,16,4,Maura Healey,397,Governor,
Boston,16,4,Geoff Diehl,100,Governor,
Boston,16,4,Kevin Reed,10,Governor,
Boston,16,4,All Others,0,Governor,
Boston,16,4,Blanks,9,Governor,
Boston,16,4,Total Votes Cast,516,Governor,
Boston,16,5,Maura Healey,470,Governor,
Boston,16,5,Geoff Diehl,145,Governor,
Boston,16,5,Kevin Reed,2,Governor,
Boston,16,5,All Others,2,Governor,
Boston,16,5,Blanks,3,Governor,
Boston,16,5,Total Votes Cast,622,Governor,
Boston,16,6,Maura Healey,609,Governor,
Boston,16,6,Geoff Diehl,140,Governor,
Boston,16,6,Kevin Reed,15,Governor,
Boston,16,6,All Others,1,Governor,
Boston,16,6,Blanks,7,Governor,
Boston,16,6,Total Votes Cast,772,Governor,
Boston,16,7,Maura Healey,426,Governor,
Boston,16,7,Geoff Diehl,243,Governor,
Boston,16,7,Kevin Reed,8,Governor,
Boston,16,7,All Others,1,Governor,
Boston,16,7,Blanks,13,Governor,
Boston,16,7,Total Votes Cast,691,Governor,
Boston,16,8,Maura Healey,749,Governor,
Boston,16,8,Geoff Diehl,306,Governor,
Boston,16,8,Kevin Reed,20,Governor,
Boston,16,8,All Others,0,Governor,
Boston,16,8,Blanks,17,Governor,
Boston,16,8,Total Votes Cast,1092,Governor,
Boston,16,9,Maura Healey,478,Governor,
Boston,16,9,Geoff Diehl,392,Governor,
Boston,16,9,Kevin Reed,9,Governor,
Boston,16,9,All Others,1,Governor,
Boston,16,9,Blanks,15,Governor,
Boston,16,9,Total Votes Cast,895,Governor,
Boston,17,1,Maura Healey,335,Governor,
Boston,17,1,Geoff Diehl,35,Governor,
Boston,17,1,Kevin Reed,2,Governor,
Boston,17,1,All Others,1,Governor,
Boston,17,1,Blanks,7,Governor,
Boston,17,1,Total Votes Cast,380,Governor,
Boston,17,10,Maura Healey,487,Governor,
Boston,17,10,Geoff Diehl,31,Governor,
Boston,17,10,Kevin Reed,11,Governor,
Boston,17,10,All Others,3,Governor,
Boston,17,10,Blanks,7,Governor,
Boston,17,10,Total Votes Cast,539,Governor,
Boston,17,11,Maura Healey,220,Governor,
Boston,17,11,Geoff Diehl,18,Governor,
Boston,17,11,Kevin Reed,0,Governor,
Boston,17,11,All Others,0,Governor,
Boston,17,11,Blanks,5,Governor,
Boston,17,11,Total Votes Cast,243,Governor,
Boston,17,12,Maura Healey,393,Governor,
Boston,17,12,Geoff Diehl,22,Governor,
Boston,17,12,Kevin Reed,3,Governor,
Boston,17,12,All Others,1,Governor,
Boston,17,12,Blanks,5,Governor,
Boston,17,12,Total Votes Cast,424,Governor,
Boston,17,13,Maura Healey,548,Governor,
Boston,17,13,Geoff Diehl,111,Governor,
Boston,17,13,Kevin Reed,9,Governor,
Boston,17,13,All Others,1,Governor,
Boston,17,13,Blanks,6,Governor,
Boston,17,13,Total Votes Cast,675,Governor,
Boston,17,14,Maura Healey,601,Governor,
Boston,17,14,Geoff Diehl,88,Governor,
Boston,17,14,Kevin Reed,9,Governor,
Boston,17,14,All Others,0,Governor,
Boston,17,14,Blanks,17,Governor,
Boston,17,14,Total Votes Cast,715,Governor,
Boston,17,2,Maura Healey,245,Governor,
Boston,17,2,Geoff Diehl,36,Governor,
Boston,17,2,Kevin Reed,3,Governor,
Boston,17,2,All Others,0,Governor,
Boston,17,2,Blanks,6,Governor,
Boston,17,2,Total Votes Cast,290,Governor,
Boston,17,3,Maura Healey,632,Governor,
Boston,17,3,Geoff Diehl,51,Governor,
Boston,17,3,Kevin Reed,6,Governor,
Boston,17,3,All Others,2,Governor,
Boston,17,3,Blanks,9,Governor,
Boston,17,3,Total Votes Cast,700,Governor,
Boston,17,4,Maura Healey,769,Governor,
Boston,17,4,Geoff Diehl,116,Governor,
Boston,17,4,Kevin Reed,7,Governor,
Boston,17,4,All Others,1,Governor,
Boston,17,4,Blanks,10,Governor,
Boston,17,4,Total Votes Cast,903,Governor,
Boston,17,5,Maura Healey,231,Governor,
Boston,17,5,Geoff Diehl,15,Governor,
Boston,17,5,Kevin Reed,6,Governor,
Boston,17,5,All Others,0,Governor,
Boston,17,5,Blanks,9,Governor,
Boston,17,5,Total Votes Cast,261,Governor,
Boston,17,6,Maura Healey,482,Governor,
Boston,17,6,Geoff Diehl,43,Governor,
Boston,17,6,Kevin Reed,8,Governor,
Boston,17,6,All Others,0,Governor,
Boston,17,6,Blanks,9,Governor,
Boston,17,6,Total Votes Cast,542,Governor,
Boston,17,7,Maura Healey,257,Governor,
Boston,17,7,Geoff Diehl,15,Governor,
Boston,17,7,Kevin Reed,4,Governor,
Boston,17,7,All Others,0,Governor,
Boston,17,7,Blanks,5,Governor,
Boston,17,7,Total Votes Cast,281,Governor,
Boston,17,8,Maura Healey,396,Governor,
Boston,17,8,Geoff Diehl,21,Governor,
Boston,17,8,Kevin Reed,6,Governor,
Boston,17,8,All Others,0,Governor,
Boston,17,8,Blanks,10,Governor,
Boston,17,8,Total Votes Cast,433,Governor,
Boston,17,9,Maura Healey,451,Governor,
Boston,17,9,Geoff Diehl,28,Governor,
Boston,17,9,Kevin Reed,4,Governor,
Boston,17,9,All Others,0,Governor,
Boston,17,9,Blanks,7,Governor,
Boston,17,9,Total Votes Cast,490,Governor,
Boston,18,1,Maura Healey,774,Governor,
Boston,18,1,Geoff Diehl,46,Governor,
Boston,18,1,Kevin Reed,10,Governor,
Boston,18,1,All Others,1,Governor,
Boston,18,1,Blanks,14,Governor,
Boston,18,1,Total Votes Cast,845,Governor,
Boston,18,10,Maura Healey,1092,Governor,
Boston,18,10,Geoff Diehl,158,Governor,
Boston,18,10,Kevin Reed,14,Governor,
Boston,18,10,All Others,0,Governor,
Boston,18,10,Blanks,15,Governor,
Boston,18,10,Total Votes Cast,1279,Governor,
Boston,18,11,Maura Healey,485,Governor,
Boston,18,11,Geoff Diehl,50,Governor,
Boston,18,11,Kevin Reed,11,Governor,
Boston,18,11,All Others,1,Governor,
Boston,18,11,Blanks,11,Governor,
Boston,18,11,Total Votes Cast,558,Governor,
Boston,18,12,Maura Healey,612,Governor,
Boston,18,12,Geoff Diehl,124,Governor,
Boston,18,12,Kevin Reed,13,Governor,
Boston,18,12,All Others,1,Governor,
Boston,18,12,Blanks,10,Governor,
Boston,18,12,Total Votes Cast,760,Governor,
Boston,18,13,Maura Healey,366,Governor,
Boston,18,13,Geoff Diehl,49,Governor,
Boston,18,13,Kevin Reed,4,Governor,
Boston,18,13,All Others,1,Governor,
Boston,18,13,Blanks,5,Governor,
Boston,18,13,Total Votes Cast,425,Governor,
Boston,18,14,Maura Healey,362,Governor,
Boston,18,14,Geoff Diehl,57,Governor,
Boston,18,14,Kevin Reed,2,Governor,
Boston,18,14,All Others,0,Governor,
Boston,18,14,Blanks,4,Governor,
Boston,18,14,Total Votes Cast,425,Governor,
Boston,18,15,Maura Healey,574,Governor,
Boston,18,15,Geoff Diehl,62,Governor,
Boston,18,15,Kevin Reed,3,Governor,
Boston,18,15,All Others,1,Governor,
Boston,18,15,Blanks,11,Governor,
Boston,18,15,Total Votes Cast,651,Governor,
Boston,18,16,Maura Healey,669,Governor,
Boston,18,16,Geoff Diehl,240,Governor,
Boston,18,16,Kevin Reed,11,Governor,
Boston,18,16,All Others,1,Governor,
Boston,18,16,Blanks,16,Governor,
Boston,18,16,Total Votes Cast,937,Governor,
Boston,18,17,Maura Healey,529,Governor,
Boston,18,17,Geoff Diehl,140,Governor,
Boston,18,17,Kevin Reed,6,Governor,
Boston,18,17,All Others,4,Governor,
Boston,18,17,Blanks,12,Governor,
Boston,18,17,Total Votes Cast,691,Governor,
Boston,18,18,Maura Healey,650,Governor,
Boston,18,18,Geoff Diehl,163,Governor,
Boston,18,18,Kevin Reed,10,Governor,
Boston,18,18,All Others,2,Governor,
Boston,18,18,Blanks,16,Governor,
Boston,18,18,Total Votes Cast,841,Governor,
Boston,18,19,Maura Healey,920,Governor,
Boston,18,19,Geoff Diehl,212,Governor,
Boston,18,19,Kevin Reed,16,Governor,
Boston,18,19,All Others,3,Governor,
Boston,18,19,Blanks,12,Governor,
Boston,18,19,Total Votes Cast,1163,Governor,
Boston,18,2,Maura Healey,518,Governor,
Boston,18,2,Geoff Diehl,29,Governor,
Boston,18,2,Kevin Reed,9,Governor,
Boston,18,2,All Others,1,Governor,
Boston,18,2,Blanks,4,Governor,
Boston,18,2,Total Votes Cast,561,Governor,
Boston,18,20,Maura Healey,675,Governor,
Boston,18,20,Geoff Diehl,370,Governor,
Boston,18,20,Kevin Reed,15,Governor,
Boston,18,20,All Others,1,Governor,
Boston,18,20,Blanks,16,Governor,
Boston,18,20,Total Votes Cast,1077,Governor,
Boston,18,21,Maura Healey,741,Governor,
Boston,18,21,Geoff Diehl,40,Governor,
Boston,18,21,Kevin Reed,8,Governor,
Boston,18,21,All Others,0,Governor,
Boston,18,21,Blanks,14,Governor,
Boston,18,21,Total Votes Cast,803,Governor,
Boston,18,22,Maura Healey,716,Governor,
Boston,18,22,Geoff Diehl,270,Governor,
Boston,18,22,Kevin Reed,6,Governor,
Boston,18,22,All Others,0,Governor,
Boston,18,22,Blanks,12,Governor,
Boston,18,22,Total Votes Cast,1004,Governor,
Boston,18,23,Maura Healey,364,Governor,
Boston,18,23,Geoff Diehl,44,Governor,
Boston,18,23,Kevin Reed,10,Governor,
Boston,18,23,All Others,1,Governor,
Boston,18,23,Blanks,9,Governor,
Boston,18,23,Total Votes Cast,428,Governor,
Boston,18,3,Maura Healey,590,Governor,
Boston,18,3,Geoff Diehl,32,Governor,
Boston,18,3,Kevin Reed,4,Governor,
Boston,18,3,All Others,0,Governor,
Boston,18,3,Blanks,5,Governor,
Boston,18,3,Total Votes Cast,631,Governor,
Boston,18,4,Maura Healey,619,Governor,
Boston,18,4,Geoff Diehl,29,Governor,
Boston,18,4,Kevin Reed,5,Governor,
Boston,18,4,All Others,0,Governor,
Boston,18,4,Blanks,10,Governor,
Boston,18,4,Total Votes Cast,663,Governor,
Boston,18,5,Maura Healey,666,Governor,
Boston,18,5,Geoff Diehl,44,Governor,
Boston,18,5,Kevin Reed,12,Governor,
Boston,18,5,All Others,2,Governor,
Boston,18,5,Blanks,9,Governor,
Boston,18,5,Total Votes Cast,733,Governor,
Boston,18,6,Maura Healey,845,Governor,
Boston,18,6,Geoff Diehl,49,Governor,
Boston,18,6,Kevin Reed,10,Governor,
Boston,18,6,All Others,0,Governor,
Boston,18,6,Blanks,14,Governor,
Boston,18,6,Total Votes Cast,918,Governor,
Boston,18,7,Maura Healey,571,Governor,
Boston,18,7,Geoff Diehl,105,Governor,
Boston,18,7,Kevin Reed,4,Governor,
Boston,18,7,All Others,0,Governor,
Boston,18,7,Blanks,9,Governor,
Boston,18,7,Total Votes Cast,689,Governor,
Boston,18,8,Maura Healey,959,Governor,
Boston,18,8,Geoff Diehl,119,Governor,
Boston,18,8,Kevin Reed,19,Governor,
Boston,18,8,All Others,1,Governor,
Boston,18,8,Blanks,22,Governor,
Boston,18,8,Total Votes Cast,1120,Governor,
Boston,18,9,Maura Healey,681,Governor,
Boston,18,9,Geoff Diehl,121,Governor,
Boston,18,9,Kevin Reed,6,Governor,
Boston,18,9,All Others,2,Governor,
Boston,18,9,Blanks,12,Governor,
Boston,18,9,Total Votes Cast,822,Governor,
Boston,19,1,Maura Healey,784,Governor,
Boston,19,1,Geoff Diehl,23,Governor,
Boston,19,1,Kevin Reed,13,Governor,
Boston,19,1,All Others,1,Governor,
Boston,19,1,Blanks,6,Governor,
Boston,19,1,Total Votes Cast,827,Governor,
Boston,19,10,Maura Healey,863,Governor,
Boston,19,10,Geoff Diehl,101,Governor,
Boston,19,10,Kevin Reed,15,Governor,
Boston,19,10,All Others,1,Governor,
Boston,19,10,Blanks,11,Governor,
Boston,19,10,Total Votes Cast,991,Governor,
Boston,19,11,Maura Healey,519,Governor,
Boston,19,11,Geoff Diehl,59,Governor,
Boston,19,11,Kevin Reed,3,Governor,
Boston,19,11,All Others,0,Governor,
Boston,19,11,Blanks,9,Governor,
Boston,19,11,Total Votes Cast,590,Governor,
Boston,19,12,Maura Healey,671,Governor,
Boston,19,12,Geoff Diehl,72,Governor,
Boston,19,12,Kevin Reed,11,Governor,
Boston,19,12,All Others,1,Governor,
Boston,19,12,Blanks,6,Governor,
Boston,19,12,Total Votes Cast,761,Governor,
Boston,19,13,Maura Healey,472,Governor,
Boston,19,13,Geoff Diehl,55,Governor,
Boston,19,13,Kevin Reed,8,Governor,
Boston,19,13,All Others,0,Governor,
Boston,19,13,Blanks,5,Governor,
Boston,19,13,Total Votes Cast,540,Governor,
Boston,19,2,Maura Healey,884,Governor,
Boston,19,2,Geoff Diehl,181,Governor,
Boston,19,2,Kevin Reed,9,Governor,
Boston,19,2,All Others,0,Governor,
Boston,19,2,Blanks,21,Governor,
Boston,19,2,Total Votes Cast,1095,Governor,
Boston,19,3,Maura Healey,516,Governor,
Boston,19,3,Geoff Diehl,40,Governor,
Boston,19,3,Kevin Reed,6,Governor,
Boston,19,3,All Others,0,Governor,
Boston,19,3,Blanks,8,Governor,
Boston,19,3,Total Votes Cast,570,Governor,
Boston,19,4,Maura Healey,1097,Governor,
Boston,19,4,Geoff Diehl,32,Governor,
Boston,19,4,Kevin Reed,6,Governor,
Boston,19,4,All Others,1,Governor,
Boston,19,4,Blanks,13,Governor,
Boston,19,4,Total Votes Cast,1149,Governor,
Boston,19,5,Maura Healey,766,Governor,
Boston,19,5,Geoff Diehl,44,Governor,
Boston,19,5,Kevin Reed,10,Governor,
Boston,19,5,All Others,1,Governor,
Boston,19,5,Blanks,8,Governor,
Boston,19,5,Total Votes Cast,829,Governor,
Boston,19,6,Maura Healey,1152,Governor,
Boston,19,6,Geoff Diehl,49,Governor,
Boston,19,6,Kevin Reed,10,Governor,
Boston,19,6,All Others,0,Governor,
Boston,19,6,Blanks,14,Governor,
Boston,19,6,Total Votes Cast,1225,Governor,
Boston,19,7,Maura Healey,843,Governor,
Boston,19,7,Geoff Diehl,46,Governor,
Boston,19,7,Kevin Reed,14,Governor,
Boston,19,7,All Others,4,Governor,
Boston,19,7,Blanks,5,Governor,
Boston,19,7,Total Votes Cast,912,Governor,
Boston,19,8,Maura Healey,714,Governor,
Boston,19,8,Geoff Diehl,56,Governor,
Boston,19,8,Kevin Reed,4,Governor,
Boston,19,8,All Others,3,Governor,
Boston,19,8,Blanks,2,Governor,
Boston,19,8,Total Votes Cast,779,Governor,
Boston,19,9,Maura Healey,510,Governor,
Boston,19,9,Geoff Diehl,27,Governor,
Boston,19,9,Kevin Reed,5,Governor,
Boston,19,9,All Others,2,Governor,
Boston,19,9,Blanks,2,Governor,
Boston,19,9,Total Votes Cast,546,Governor,
Boston,2,1,Maura Healey,803,Governor,
Boston,2,1,Geoff Diehl,271,Governor,
Boston,2,1,Kevin Reed,18,Governor,
Boston,2,1,All Others,1,Governor,
Boston,2,1,Blanks,16,Governor,
Boston,2,1,Total Votes Cast,1109,Governor,
Boston,2,2,Maura Healey,770,Governor,
Boston,2,2,Geoff Diehl,242,Governor,
Boston,2,2,Kevin Reed,9,Governor,
Boston,2,2,All Others,8,Governor,
Boston,2,2,Blanks,8,Governor,
Boston,2,2,Total Votes Cast,1037,Governor,
Boston,2,3,Maura Healey,920,Governor,
Boston,2,3,Geoff Diehl,280,Governor,
Boston,2,3,Kevin Reed,20,Governor,
Boston,2,3,All Others,2,Governor,
Boston,2,3,Blanks,10,Governor,
Boston,2,3,Total Votes Cast,1232,Governor,
Boston,2,4,Maura Healey,856,Governor,
Boston,2,4,Geoff Diehl,192,Governor,
Boston,2,4,Kevin Reed,15,Governor,
Boston,2,4,All Others,3,Governor,
Boston,2,4,Blanks,10,Governor,
Boston,2,4,Total Votes Cast,1076,Governor,
Boston,2,5,Maura Healey,880,Governor,
Boston,2,5,Geoff Diehl,215,Governor,
Boston,2,5,Kevin Reed,22,Governor,
Boston,2,5,All Others,2,Governor,
Boston,2,5,Blanks,11,Governor,
Boston,2,5,Total Votes Cast,1130,Governor,
Boston,2,6,Maura Healey,709,Governor,
Boston,2,6,Geoff Diehl,218,Governor,
Boston,2,6,Kevin Reed,10,Governor,
Boston,2,6,All Others,2,Governor,
Boston,2,6,Blanks,12,Governor,
Boston,2,6,Total Votes Cast,951,Governor,
Boston,2,7,Maura Healey,488,Governor,
Boston,2,7,Geoff Diehl,121,Governor,
Boston,2,7,Kevin Reed,11,Governor,
Boston,2,7,All Others,0,Governor,
Boston,2,7,Blanks,7,Governor,
Boston,2,7,Total Votes Cast,627,Governor,
Boston,2,8,Maura Healey,339,Governor,
Boston,2,8,Geoff Diehl,99,Governor,
Boston,2,8,Kevin Reed,12,Governor,
Boston,2,8,All Others,2,Governor,
Boston,2,8,Blanks,12,Governor,
Boston,2,8,Total Votes Cast,464,Governor,
Boston,20,1,Maura Healey,764,Governor,
Boston,20,1,Geoff Diehl,180,Governor,
Boston,20,1,Kevin Reed,17,Governor,
Boston,20,1,All Others,1,Governor,
Boston,20,1,Blanks,4,Governor,
Boston,20,1,Total Votes Cast,966,Governor,
Boston,20,10,Maura Healey,806,Governor,
Boston,20,10,Geoff Diehl,389,Governor,
Boston,20,10,Kevin Reed,19,Governor,
Boston,20,10,All Others,6,Governor,
Boston,20,10,Blanks,13,Governor,
Boston,20,10,Total Votes Cast,1233,Governor,
Boston,20,11,Maura Healey,419,Governor,
Boston,20,11,Geoff Diehl,145,Governor,
Boston,20,11,Kevin Reed,10,Governor,
Boston,20,11,All Others,1,Governor,
Boston,20,11,Blanks,9,Governor,
Boston,20,11,Total Votes Cast,584,Governor,
Boston,20,12,Maura Healey,520,Governor,
Boston,20,12,Geoff Diehl,210,Governor,
Boston,20,12,Kevin Reed,16,Governor,
Boston,20,12,All Others,3,Governor,
Boston,20,12,Blanks,7,Governor,
Boston,20,12,Total Votes Cast,756,Governor,
Boston,20,13,Maura Healey,424,Governor,
Boston,20,13,Geoff Diehl,225,Governor,
Boston,20,13,Kevin Reed,6,Governor,
Boston,20,13,All Others,1,Governor,
Boston,20,13,Blanks,3,Governor,
Boston,20,13,Total Votes Cast,659,Governor,
Boston,20,14,Maura Healey,444,Governor,
Boston,20,14,Geoff Diehl,208,Governor,
Boston,20,14,Kevin Reed,8,Governor,
Boston,20,14,All Others,2,Governor,
Boston,20,14,Blanks,6,Governor,
Boston,20,14,Total Votes Cast,668,Governor,
Boston,20,15,Maura Healey,689,Governor,
Boston,20,15,Geoff Diehl,367,Governor,
Boston,20,15,Kevin Reed,9,Governor,
Boston,20,15,All Others,2,Governor,
Boston,20,15,Blanks,11,Governor,
Boston,20,15,Total Votes Cast,1078,Governor,
Boston,20,16,Maura Healey,688,Governor,
Boston,20,16,Geoff Diehl,441,Governor,
Boston,20,16,Kevin Reed,13,Governor,
Boston,20,16,All Others,1,Governor,
Boston,20,16,Blanks,10,Governor,
Boston,20,16,Total Votes Cast,1153,Governor,
Boston,20,17,Maura Healey,839,Governor,
Boston,20,17,Geoff Diehl,440,Governor,
Boston,20,17,Kevin Reed,19,Governor,
Boston,20,17,All Others,4,Governor,
Boston,20,17,Blanks,8,Governor,
Boston,20,17,Total Votes Cast,1310,Governor,
Boston,20,18,Maura Healey,498,Governor,
Boston,20,18,Geoff Diehl,158,Governor,
Boston,20,18,Kevin Reed,7,Governor,
Boston,20,18,All Others,2,Governor,
Boston,20,18,Blanks,13,Governor,
Boston,20,18,Total Votes Cast,678,Governor,
Boston,20,19,Maura Healey,485,Governor,
Boston,20,19,Geoff Diehl,203,Governor,
Boston,20,19,Kevin Reed,6,Governor,
Boston,20,19,All Others,0,Governor,
Boston,20,19,Blanks,12,Governor,
Boston,20,19,Total Votes Cast,706,Governor,
Boston,20,2,Maura Healey,763,Governor,
Boston,20,2,Geoff Diehl,156,Governor,
Boston,20,2,Kevin Reed,8,Governor,
Boston,20,2,All Others,2,Governor,
Boston,20,2,Blanks,5,Governor,
Boston,20,2,Total Votes Cast,934,Governor,
Boston,20,20,Maura Healey,783,Governor,
Boston,20,20,Geoff Diehl,242,Governor,
Boston,20,20,Kevin Reed,20,Governor,
Boston,20,20,All Others,2,Governor,
Boston,20,20,Blanks,7,Governor,
Boston,20,20,Total Votes Cast,1054,Governor,
Boston,20,21,Maura Healey,60,Governor,
Boston,20,21,Geoff Diehl,22,Governor,
Boston,20,21,Kevin Reed,2,Governor,
Boston,20,21,All Others,0,Governor,
Boston,20,21,Blanks,0,Governor,
Boston,20,21,Total Votes Cast,84,Governor,
Boston,20,3,Maura Healey,528,Governor,
Boston,20,3,Geoff Diehl,232,Governor,
Boston,20,3,Kevin Reed,8,Governor,
Boston,20,3,All Others,5,Governor,
Boston,20,3,Blanks,7,Governor,
Boston,20,3,Total Votes Cast,780,Governor,
Boston,20,4,Maura Healey,786,Governor,
Boston,20,4,Geoff Diehl,83,Governor,
Boston,20,4,Kevin Reed,7,Governor,
Boston,20,4,All Others,0,Governor,
Boston,20,4,Blanks,13,Governor,
Boston,20,4,Total Votes Cast,889,Governor,
Boston,20,5,Maura Healey,634,Governor,
Boston,20,5,Geoff Diehl,324,Governor,
Boston,20,5,Kevin Reed,10,Governor,
Boston,20,5,All Others,3,Governor,
Boston,20,5,Blanks,16,Governor,
Boston,20,5,Total Votes Cast,987,Governor,
Boston,20,6,Maura Healey,844,Governor,
Boston,20,6,Geoff Diehl,281,Governor,
Boston,20,6,Kevin Reed,17,Governor,
Boston,20,6,All Others,1,Governor,
Boston,20,6,Blanks,13,Governor,
Boston,20,6,Total Votes Cast,1156,Governor,
Boston,20,7,Maura Healey,525,Governor,
Boston,20,7,Geoff Diehl,133,Governor,
Boston,20,7,Kevin Reed,7,Governor,
Boston,20,7,All Others,1,Governor,
Boston,20,7,Blanks,4,Governor,
Boston,20,7,Total Votes Cast,670,Governor,
Boston,20,8,Maura Healey,627,Governor,
Boston,20,8,Geoff Diehl,140,Governor,
Boston,20,8,Kevin Reed,7,Governor,
Boston,20,8,All Others,2,Governor,
Boston,20,8,Blanks,2,Governor,
Boston,20,8,Total Votes Cast,778,Governor,
Boston,20,9,Maura Healey,621,Governor,
Boston,20,9,Geoff Diehl,169,Governor,
Boston,20,9,Kevin Reed,7,Governor,
Boston,20,9,All Others,3,Governor,
Boston,20,9,Blanks,11,Governor,
Boston,20,9,Total Votes Cast,811,Governor,
Boston,21,1,Maura Healey,604,Governor,
Boston,21,1,Geoff Diehl,64,Governor,
Boston,21,1,Kevin Reed,10,Governor,
Boston,21,1,All Others,2,Governor,
Boston,21,1,Blanks,12,Governor,
Boston,21,1,Total Votes Cast,692,Governor,
Boston,21,10,Maura Healey,520,Governor,
Boston,21,10,Geoff Diehl,65,Governor,
Boston,21,10,Kevin Reed,8,Governor,
Boston,21,10,All Others,4,Governor,
Boston,21,10,Blanks,9,Governor,
Boston,21,10,Total Votes Cast,606,Governor,
Boston,21,11,Maura Healey,664,Governor,
Boston,21,11,Geoff Diehl,82,Governor,
Boston,21,11,Kevin Reed,13,Governor,
Boston,21,11,All Others,2,Governor,
Boston,21,11,Blanks,16,Governor,
Boston,21,11,Total Votes Cast,777,Governor,
Boston,21,12,Maura Healey,550,Governor,
Boston,21,12,Geoff Diehl,114,Governor,
Boston,21,12,Kevin Reed,10,Governor,
Boston,21,12,All Others,0,Governor,
Boston,21,12,Blanks,16,Governor,
Boston,21,12,Total Votes Cast,690,Governor,
Boston,21,13,Maura Healey,694,Governor,
Boston,21,13,Geoff Diehl,205,Governor,
Boston,21,13,Kevin Reed,10,Governor,
Boston,21,13,All Others,1,Governor,
Boston,21,13,Blanks,13,Governor,
Boston,21,13,Total Votes Cast,923,Governor,
Boston,21,14,Maura Healey,408,Governor,
Boston,21,14,Geoff Diehl,51,Governor,
Boston,21,14,Kevin Reed,10,Governor,
Boston,21,14,All Others,0,Governor,
Boston,21,14,Blanks,2,Governor,
Boston,21,14,Total Votes Cast,471,Governor,
Boston,21,15,Maura Healey,501,Governor,
Boston,21,15,Geoff Diehl,58,Governor,
Boston,21,15,Kevin Reed,10,Governor,
Boston,21,15,All Others,2,Governor,
Boston,21,15,Blanks,7,Governor,
Boston,21,15,Total Votes Cast,578,Governor,
Boston,21,16,Maura Healey,659,Governor,
Boston,21,16,Geoff Diehl,118,Governor,
Boston,21,16,Kevin Reed,10,Governor,
Boston,21,16,All Others,2,Governor,
Boston,21,16,Blanks,10,Governor,
Boston,21,16,Total Votes Cast,799,Governor,
Boston,21,2,Maura Healey,144,Governor,
Boston,21,2,Geoff Diehl,17,Governor,
Boston,21,2,Kevin Reed,3,Governor,
Boston,21,2,All Others,0,Governor,
Boston,21,2,Blanks,1,Governor,
Boston,21,2,Total Votes Cast,165,Governor,
Boston,21,3,Maura Healey,311,Governor,
Boston,21,3,Geoff Diehl,28,Governor,
Boston,21,3,Kevin Reed,1,Governor,
Boston,21,3,All Others,0,Governor,
Boston,21,3,Blanks,2,Governor,
Boston,21,3,Total Votes Cast,342,Governor,
Boston,21,4,Maura Healey,310,Governor,
Boston,21,4,Geoff Diehl,24,Governor,
Boston,21,4,Kevin Reed,2,Governor,
Boston,21,4,All Others,3,Governor,
Boston,21,4,Blanks,3,Governor,
Boston,21,4,Total Votes Cast,342,Governor,
Boston,21,5,Maura Healey,516,Governor,
Boston,21,5,Geoff Diehl,45,Governor,
Boston,21,5,Kevin Reed,4,Governor,
Boston,21,5,All Others,3,Governor,
Boston,21,5,Blanks,5,Governor,
Boston,21,5,Total Votes Cast,573,Governor,
Boston,21,6,Maura Healey,439,Governor,
Boston,21,6,Geoff Diehl,50,Governor,
Boston,21,6,Kevin Reed,8,Governor,
Boston,21,6,All Others,0,Governor,
Boston,21,6,Blanks,4,Governor,
Boston,21,6,Total Votes Cast,501,Governor,
Boston,21,7,Maura Healey,444,Governor,
Boston,21,7,Geoff Diehl,69,Governor,
Boston,21,7,Kevin Reed,6,Governor,
Boston,21,7,All Others,2,Governor,
Boston,21,7,Blanks,4,Governor,
Boston,21,7,Total Votes Cast,525,Governor,
Boston,21,8,Maura Healey,682,Governor,
Boston,21,8,Geoff Diehl,56,Governor,
Boston,21,8,Kevin Reed,13,Governor,
Boston,21,8,All Others,1,Governor,
Boston,21,8,Blanks,7,Governor,
Boston,21,8,Total Votes Cast,759,Governor,
Boston,21,9,Maura Healey,689,Governor,
Boston,21,9,Geoff Diehl,79,Governor,
Boston,21,9,Kevin Reed,8,Governor,
Boston,21,9,All Others,1,Governor,
Boston,21,9,Blanks,4,Governor,
Boston,21,9,Total Votes Cast,781,Governor,
Boston,22,1,Maura Healey,677,Governor,
Boston,22,1,Geoff Diehl,108,Governor,
Boston,22,1,Kevin Reed,11,Governor,
Boston,22,1,All Others,1,Governor,
Boston,22,1,Blanks,15,Governor,
Boston,22,1,Total Votes Cast,812,Governor,
Boston,22,10,Maura Healey,633,Governor,
Boston,22,10,Geoff Diehl,111,Governor,
Boston,22,10,Kevin Reed,16,Governor,
Boston,22,10,All Others,3,Governor,
Boston,22,10,Blanks,5,Governor,
Boston,22,10,Total Votes Cast,768,Governor,
Boston,22,11,Maura Healey,388,Governor,
Boston,22,11,Geoff Diehl,97,Governor,
Boston,22,11,Kevin Reed,8,Governor,
Boston,22,11,All Others,0,Governor,
Boston,22,11,Blanks,4,Governor,
Boston,22,11,Total Votes Cast,497,Governor,
Boston,22,12,Maura Healey,372,Governor,
Boston,22,12,Geoff Diehl,102,Governor,
Boston,22,12,Kevin Reed,6,Governor,
Boston,22,12,All Others,1,Governor,
Boston,22,12,Blanks,3,Governor,
Boston,22,12,Total Votes Cast,484,Governor,
Boston,22,13,Maura Healey,345,Governor,
Boston,22,13,Geoff Diehl,85,Governor,
Boston,22,13,Kevin Reed,4,Governor,
Boston,22,13,All Others,2,Governor,
Boston,22,13,Blanks,3,Governor,
Boston,22,13,Total Votes Cast,439,Governor,
Boston,22,2,Maura Healey,848,Governor,
Boston,22,2,Geoff Diehl,121,Governor,
Boston,22,2,Kevin Reed,14,Governor,
Boston,22,2,All Others,4,Governor,
Boston,22,2,Blanks,12,Governor,
Boston,22,2,Total Votes Cast,999,Governor,
Boston,22,3,Maura Healey,683,Governor,
Boston,22,3,Geoff Diehl,158,Governor,
Boston,22,3,Kevin Reed,15,Governor,
Boston,22,3,All Others,2,Governor,
Boston,22,3,Blanks,7,Governor,
Boston,22,3,Total Votes Cast,865,Governor,
Boston,22,4,Maura Healey,602,Governor,
Boston,22,4,Geoff Diehl,102,Governor,
Boston,22,4,Kevin Reed,15,Governor,
Boston,22,4,All Others,1,Governor,
Boston,22,4,Blanks,7,Governor,
Boston,22,4,Total Votes Cast,727,Governor,
Boston,22,5,Maura Healey,462,Governor,
Boston,22,5,Geoff Diehl,79,Governor,
Boston,22,5,Kevin Reed,11,Governor,
Boston,22,5,All Others,1,Governor,
Boston,22,5,Blanks,11,Governor,
Boston,22,5,Total Votes Cast,564,Governor,
Boston,22,6,Maura Healey,455,Governor,
Boston,22,6,Geoff Diehl,80,Governor,
Boston,22,6,Kevin Reed,8,Governor,
Boston,22,6,All Others,1,Governor,
Boston,22,6,Blanks,3,Governor,
Boston,22,6,Total Votes Cast,547,Governor,
Boston,22,7,Maura Healey,630,Governor,
Boston,22,7,Geoff Diehl,105,Governor,
Boston,22,7,Kevin Reed,20,Governor,
Boston,22,7,All Others,1,Governor,
Boston,22,7,Blanks,6,Governor,
Boston,22,7,Total Votes Cast,762,Governor,
Boston,22,8,Maura Healey,431,Governor,
Boston,22,8,Geoff Diehl,135,Governor,
Boston,22,8,Kevin Reed,9,Governor,
Boston,22,8,All Others,2,Governor,
Boston,22,8,Blanks,5,Governor,
Boston,22,8,Total Votes Cast,582,Governor,
Boston,22,9,Maura Healey,485,Governor,
Boston,22,9,Geoff Diehl,154,Governor,
Boston,22,9,Kevin Reed,8,Governor,
Boston,22,9,All Others,1,Governor,
Boston,22,9,Blanks,8,Governor,
Boston,22,9,Total Votes Cast,656,Governor,
Boston,3,1,Maura Healey,666,Governor,
Boston,3,1,Geoff Diehl,259,Governor,
Boston,3,1,Kevin Reed,10,Governor,
Boston,3,1,All Others,4,Governor,
Boston,3,1,Blanks,12,Governor,
Boston,3,1,Total Votes Cast,951,Governor,
Boston,3,10,Maura Healey,738,Governor,
Boston,3,10,Geoff Diehl,177,Governor,
Boston,3,10,Kevin Reed,20,Governor,
Boston,3,10,All Others,4,Governor,
Boston,3,10,Blanks,11,Governor,
Boston,3,10,Total Votes Cast,950,Governor,
Boston,3,11,Maura Healey,599,Governor,
Boston,3,11,Geoff Diehl,198,Governor,
Boston,3,11,Kevin Reed,10,Governor,
Boston,3,11,All Others,0,Governor,
Boston,3,11,Blanks,10,Governor,
Boston,3,11,Total Votes Cast,817,Governor,
Boston,3,12,Maura Healey,786,Governor,
Boston,3,12,Geoff Diehl,172,Governor,
Boston,3,12,Kevin Reed,14,Governor,
Boston,3,12,All Others,0,Governor,
Boston,3,12,Blanks,12,Governor,
Boston,3,12,Total Votes Cast,984,Governor,
Boston,3,13,Maura Healey,437,Governor,
Boston,3,13,Geoff Diehl,146,Governor,
Boston,3,13,Kevin Reed,11,Governor,
Boston,3,13,All Others,2,Governor,
Boston,3,13,Blanks,3,Governor,
Boston,3,13,Total Votes Cast,599,Governor,
Boston,3,13A,Maura Healey,0,Governor,
Boston,3,13A,Geoff Diehl,0,Governor,
Boston,3,13A,Kevin Reed,0,Governor,
Boston,3,13A,All Others,0,Governor,
Boston,3,13A,Blanks,0,Governor,
Boston,3,13A,Total Votes Cast,0,Governor,
Boston,3,14,Maura Healey,644,Governor,
Boston,3,14,Geoff Diehl,109,Governor,
Boston,3,14,Kevin Reed,12,Governor,
Boston,3,14,All Others,2,Governor,
Boston,3,14,Blanks,16,Governor,
Boston,3,14,Total Votes Cast,783,Governor,
Boston,3,15,Maura Healey,548,Governor,
Boston,3,15,Geoff Diehl,76,Governor,
Boston,3,15,Kevin Reed,6,Governor,
Boston,3,15,All Others,2,Governor,
Boston,3,15,Blanks,5,Governor,
Boston,3,15,Total Votes Cast,637,Governor,
Boston,3,16,Maura Healey,989,Governor,
Boston,3,16,Geoff Diehl,110,Governor,
Boston,3,16,Kevin Reed,11,Governor,
Boston,3,16,All Others,3,Governor,
Boston,3,16,Blanks,12,Governor,
Boston,3,16,Total Votes Cast,1125,Governor,
Boston,3,17,Maura Healey,532,Governor,
Boston,3,17,Geoff Diehl,109,Governor,
Boston,3,17,Kevin Reed,9,Governor,
Boston,3,17,All Others,5,Governor,
Boston,3,17,Blanks,8,Governor,
Boston,3,17,Total Votes Cast,663,Governor,
Boston,3,2,Maura Healey,687,Governor,
Boston,3,2,Geoff Diehl,274,Governor,
Boston,3,2,Kevin Reed,13,Governor,
Boston,3,2,All Others,5,Governor,
Boston,3,2,Blanks,13,Governor,
Boston,3,2,Total Votes Cast,992,Governor,
Boston,3,3,Maura Healey,439,Governor,
Boston,3,3,Geoff Diehl,151,Governor,
Boston,3,3,Kevin Reed,13,Governor,
Boston,3,3,All Others,3,Governor,
Boston,3,3,Blanks,4,Governor,
Boston,3,3,Total Votes Cast,610,Governor,
Boston,3,4,Maura Healey,449,Governor,
Boston,3,4,Geoff Diehl,175,Governor,
Boston,3,4,Kevin Reed,12,Governor,
Boston,3,4,All Others,3,Governor,
Boston,3,4,Blanks,8,Governor,
Boston,3,4,Total Votes Cast,647,Governor,
Boston,3,5,Maura Healey,704,Governor,
Boston,3,5,Geoff Diehl,163,Governor,
Boston,3,5,Kevin Reed,13,Governor,
Boston,3,5,All Others,4,Governor,
Boston,3,5,Blanks,8,Governor,
Boston,3,5,Total Votes Cast,892,Governor,
Boston,3,6,Maura Healey,412,Governor,
Boston,3,6,Geoff Diehl,117,Governor,
Boston,3,6,Kevin Reed,18,Governor,
Boston,3,6,All Others,3,Governor,
Boston,3,6,Blanks,5,Governor,
Boston,3,6,Total Votes Cast,555,Governor,
Boston,3,7,Maura Healey,797,Governor,
Boston,3,7,Geoff Diehl,88,Governor,
Boston,3,7,Kevin Reed,10,Governor,
Boston,3,7,All Others,0,Governor,
Boston,3,7,Blanks,11,Governor,
Boston,3,7,Total Votes Cast,906,Governor,
Boston,3,8,Maura Healey,531,Governor,
Boston,3,8,Geoff Diehl,107,Governor,
Boston,3,8,Kevin Reed,10,Governor,
Boston,3,8,All Others,1,Governor,
Boston,3,8,Blanks,7,Governor,
Boston,3,8,Total Votes Cast,656,Governor,
Boston,3,9,Maura Healey,480,Governor,
Boston,3,9,Geoff Diehl,133,Governor,
Boston,3,9,Kevin Reed,11,Governor,
Boston,3,9,All Others,1,Governor,
Boston,3,9,Blanks,5,Governor,
Boston,3,9,Total Votes Cast,630,Governor,
Boston,4,1,Maura Healey,742,Governor,
Boston,4,1,Geoff Diehl,99,Governor,
Boston,4,1,Kevin Reed,10,Governor,
Boston,4,1,All Others,1,Governor,
Boston,4,1,Blanks,9,Governor,
Boston,4,1,Total Votes Cast,861,Governor,
Boston,4,10,Maura Healey,124,Governor,
Boston,4,10,Geoff Diehl,7,Governor,
Boston,4,10,Kevin Reed,1,Governor,
Boston,4,10,All Others,0,Governor,
Boston,4,10,Blanks,2,Governor,
Boston,4,10,Total Votes Cast,134,Governor,
Boston,4,10A,Maura Healey,0,Governor,
Boston,4,10A,Geoff Diehl,0,Governor,
Boston,4,10A,Kevin Reed,0,Governor,
Boston,4,10A,All Others,0,Governor,
Boston,4,10A,Blanks,0,Governor,
Boston,4,10A,Total Votes Cast,0,Governor,
Boston,4,11,Maura Healey,30,Governor,
Boston,4,11,Geoff Diehl,3,Governor,
Boston,4,11,Kevin Reed,1,Governor,
Boston,4,11,All Others,0,Governor,
Boston,4,11,Blanks,1,Governor,
Boston,4,11,Total Votes Cast,35,Governor,
Boston,4,12,Maura Healey,139,Governor,
Boston,4,12,Geoff Diehl,16,Governor,
Boston,4,12,Kevin Reed,3,Governor,
Boston,4,12,All Others,2,Governor,
Boston,4,12,Blanks,2,Governor,
Boston,4,12,Total Votes Cast,162,Governor,
Boston,4,2,Maura Healey,569,Governor,
Boston,4,2,Geoff Diehl,124,Governor,
Boston,4,2,Kevin Reed,13,Governor,
Boston,4,2,All Others,1,Governor,
Boston,4,2,Blanks,6,Governor,
Boston,4,2,Total Votes Cast,713,Governor,
Boston,4,3,Maura Healey,862,Governor,
Boston,4,3,Geoff Diehl,119,Governor,
Boston,4,3,Kevin Reed,13,Governor,
Boston,4,3,All Others,4,Governor,
Boston,4,3,Blanks,11,Governor,
Boston,4,3,Total Votes Cast,1009,Governor,
Boston,4,4,Maura Healey,908,Governor,
Boston,4,4,Geoff Diehl,142,Governor,
Boston,4,4,Kevin Reed,12,Governor,
Boston,4,4,All Others,1,Governor,
Boston,4,4,Blanks,16,Governor,
Boston,4,4,Total Votes Cast,1079,Governor,
Boston,4,5,Maura Healey,708,Governor,
Boston,4,5,Geoff Diehl,110,Governor,
Boston,4,5,Kevin Reed,14,Governor,
Boston,4,5,All Others,0,Governor,
Boston,4,5,Blanks,14,Governor,
Boston,4,5,Total Votes Cast,846,Governor,
Boston,4,6,Maura Healey,552,Governor,
Boston,4,6,Geoff Diehl,108,Governor,
Boston,4,6,Kevin Reed,13,Governor,
Boston,4,6,All Others,2,Governor,
Boston,4,6,Blanks,11,Governor,
Boston,4,6,Total Votes Cast,686,Governor,
Boston,4,7,Maura Healey,454,Governor,
Boston,4,7,Geoff Diehl,64,Governor,
Boston,4,7,Kevin Reed,12,Governor,
Boston,4,7,All Others,3,Governor,
Boston,4,7,Blanks,8,Governor,
Boston,4,7,Total Votes Cast,541,Governor,
Boston,4,8,Maura Healey,409,Governor,
Boston,4,8,Geoff Diehl,89,Governor,
Boston,4,8,Kevin Reed,7,Governor,
Boston,4,8,All Others,2,Governor,
Boston,4,8,Blanks,7,Governor,
Boston,4,8,Total Votes Cast,514,Governor,
Boston,4,9,Maura Healey,106,Governor,
Boston,4,9,Geoff Diehl,15,Governor,
Boston,4,9,Kevin Reed,1,Governor,
Boston,4,9,All Others,0,Governor,
Boston,4,9,Blanks,4,Governor,
Boston,4,9,Total Votes Cast,126,Governor,
Boston,5,1,Maura Healey,409,Governor,
Boston,5,1,Geoff Diehl,63,Governor,
Boston,5,1,Kevin Reed,1,Governor,
Boston,5,1,All Others,1,Governor,
Boston,5,1,Blanks,7,Governor,
Boston,5,1,Total Votes Cast,481,Governor,
Boston,5,10,Maura Healey,349,Governor,
Boston,5,10,Geoff Diehl,72,Governor,
Boston,5,10,Kevin Reed,6,Governor,
Boston,5,10,All Others,4,Governor,
Boston,5,10,Blanks,5,Governor,
Boston,5,10,Total Votes Cast,436,Governor,
Boston,5,11,Maura Healey,337,Governor,
Boston,5,11,Geoff Diehl,64,Governor,
Boston,5,11,Kevin Reed,7,Governor,
Boston,5,11,All Others,1,Governor,
Boston,5,11,Blanks,2,Governor,
Boston,5,11,Total Votes Cast,411,Governor,
Boston,5,12,Maura Healey,383,Governor,
Boston,5,12,Geoff Diehl,44,Governor,
Boston,5,12,Kevin Reed,7,Governor,
Boston,5,12,All Others,2,Governor,
Boston,5,12,Blanks,2,Governor,
Boston,5,12,Total Votes Cast,438,Governor,
Boston,5,13,Maura Healey,683,Governor,
Boston,5,13,Geoff Diehl,137,Governor,
Boston,5,13,Kevin Reed,15,Governor,
Boston,5,13,All Others,0,Governor,
Boston,5,13,Blanks,12,Governor,
Boston,5,13,Total Votes Cast,847,Governor,
Boston,5,14,Maura Healey,662,Governor,
Boston,5,14,Geoff Diehl,99,Governor,
Boston,5,14,Kevin Reed,11,Governor,
Boston,5,14,All Others,1,Governor,
Boston,5,14,Blanks,9,Governor,
Boston,5,14,Total Votes Cast,782,Governor,
Boston,5,15,Maura Healey,435,Governor,
Boston,5,15,Geoff Diehl,99,Governor,
Boston,5,15,Kevin Reed,3,Governor,
Boston,5,15,All Others,2,Governor,
Boston,5,15,Blanks,5,Governor,
Boston,5,15,Total Votes Cast,544,Governor,
Boston,5,2,Maura Healey,536,Governor,
Boston,5,2,Geoff Diehl,61,Governor,
Boston,5,2,Kevin Reed,3,Governor,
Boston,5,2,All Others,1,Governor,
Boston,5,2,Blanks,7,Governor,
Boston,5,2,Total Votes Cast,608,Governor,
Boston,5,3,Maura Healey,910,Governor,
Boston,5,3,Geoff Diehl,213,Governor,
Boston,5,3,Kevin Reed,16,Governor,
Boston,5,3,All Others,3,Governor,
Boston,5,3,Blanks,5,Governor,
Boston,5,3,Total Votes Cast,1147,Governor,
Boston,5,4,Maura Healey,497,Governor,
Boston,5,4,Geoff Diehl,66,Governor,
Boston,5,4,Kevin Reed,8,Governor,
Boston,5,4,All Others,1,Governor,
Boston,5,4,Blanks,4,Governor,
Boston,5,4,Total Votes Cast,576,Governor,
Boston,5,5,Maura Healey,663,Governor,
Boston,5,5,Geoff Diehl,163,Governor,
Boston,5,5,Kevin Reed,13,Governor,
Boston,5,5,All Others,2,Governor,
Boston,5,5,Blanks,9,Governor,
Boston,5,5,Total Votes Cast,850,Governor,
Boston,5,6,Maura Healey,723,Governor,
Boston,5,6,Geoff Diehl,185,Governor,
Boston,5,6,Kevin Reed,12,Governor,
Boston,5,6,All Others,4,Governor,
Boston,5,6,Blanks,14,Governor,
Boston,5,6,Total Votes Cast,938,Governor,
Boston,5,7,Maura Healey,893,Governor,
Boston,5,7,Geoff Diehl,201,Governor,
Boston,5,7,Kevin Reed,15,Governor,
Boston,5,7,All Others,4,Governor,
Boston,5,7,Blanks,20,Governor,
Boston,5,7,Total Votes Cast,1133,Governor,
Boston,5,8,Maura Healey,782,Governor,
Boston,5,8,Geoff Diehl,204,Governor,
Boston,5,8,Kevin Reed,26,Governor,
Boston,5,8,All Others,2,Governor,
Boston,5,8,Blanks,9,Governor,
Boston,5,8,Total Votes Cast,1023,Governor,
Boston,5,9,Maura Healey,778,Governor,
Boston,5,9,Geoff Diehl,190,Governor,
Boston,5,9,Kevin Reed,11,Governor,
Boston,5,9,All Others,3,Governor,
Boston,5,9,Blanks,8,Governor,
Boston,5,9,Total Votes Cast,990,Governor,
Boston,6,1,Maura Healey,816,Governor,
Boston,6,1,Geoff Diehl,187,Governor,
Boston,6,1,Kevin Reed,12,Governor,
Boston,6,1,All Others,1,Governor,
Boston,6,1,Blanks,10,Governor,
Boston,6,1,Total Votes Cast,1026,Governor,
Boston,6,10,Maura Healey,473,Governor,
Boston,6,10,Geoff Diehl,181,Governor,
Boston,6,10,Kevin Reed,16,Governor,
Boston,6,10,All Others,1,Governor,
Boston,6,10,Blanks,6,Governor,
Boston,6,10,Total Votes Cast,677,Governor,
Boston,6,11,Maura Healey,629,Governor,
Boston,6,11,Geoff Diehl,160,Governor,
Boston,6,11,Kevin Reed,13,Governor,
Boston,6,11,All Others,1,Governor,
Boston,6,11,Blanks,5,Governor,
Boston,6,11,Total Votes Cast,808,Governor,
Boston,6,12,Maura Healey,811,Governor,
Boston,6,12,Geoff Diehl,378,Governor,
Boston,6,12,Kevin Reed,18,Governor,
Boston,6,12,All Others,3,Governor,
Boston,6,12,Blanks,13,Governor,
Boston,6,12,Total Votes Cast,1223,Governor,
Boston,6,12A,Maura Healey,0,Governor,
Boston,6,12A,Geoff Diehl,0,Governor,
Boston,6,12A,Kevin Reed,0,Governor,
Boston,6,12A,All Others,0,Governor,
Boston,6,12A,Blanks,0,Governor,
Boston,6,12A,Total Votes Cast,0,Governor,
Boston,6,2,Maura Healey,404,Governor,
Boston,6,2,Geoff Diehl,159,Governor,
Boston,6,2,Kevin Reed,13,Governor,
Boston,6,2,All Others,0,Governor,
Boston,6,2,Blanks,6,Governor,
Boston,6,2,Total Votes Cast,582,Governor,
Boston,6,3,Maura Healey,547,Governor,
Boston,6,3,Geoff Diehl,225,Governor,
Boston,6,3,Kevin Reed,11,Governor,
Boston,6,3,All Others,2,Governor,
Boston,6,3,Blanks,7,Governor,
Boston,6,3,Total Votes Cast,792,Governor,
Boston,6,4,Maura Healey,397,Governor,
Boston,6,4,Geoff Diehl,159,Governor,
Boston,6,4,Kevin Reed,10,Governor,
Boston,6,4,All Others,3,Governor,
Boston,6,4,Blanks,12,Governor,
Boston,6,4,Total Votes Cast,581,Governor,
Boston,6,5,Maura Healey,567,Governor,
Boston,6,5,Geoff Diehl,231,Governor,
Boston,6,5,Kevin Reed,16,Governor,
Boston,6,5,All Others,1,Governor,
Boston,6,5,Blanks,11,Governor,
Boston,6,5,Total Votes Cast,826,Governor,
Boston,6,6,Maura Healey,518,Governor,
Boston,6,6,Geoff Diehl,327,Governor,
Boston,6,6,Kevin Reed,15,Governor,
Boston,6,6,All Others,6,Governor,
Boston,6,6,Blanks,13,Governor,
Boston,6,6,Total Votes Cast,879,Governor,
Boston,6,7,Maura Healey,491,Governor,
Boston,6,7,Geoff Diehl,317,Governor,
Boston,6,7,Kevin Reed,7,Governor,
Boston,6,7,All Others,1,Governor,
Boston,6,7,Blanks,6,Governor,
Boston,6,7,Total Votes Cast,822,Governor,
Boston,6,8,Maura Healey,592,Governor,
Boston,6,8,Geoff Diehl,351,Governor,
Boston,6,8,Kevin Reed,13,Governor,
Boston,6,8,All Others,1,Governor,
Boston,6,8,Blanks,10,Governor,
Boston,6,8,Total Votes Cast,967,Governor,
Boston,6,9,Maura Healey,535,Governor,
Boston,6,9,Geoff Diehl,399,Governor,
Boston,6,9,Kevin Reed,20,Governor,
Boston,6,9,All Others,0,Governor,
Boston,6,9,Blanks,14,Governor,
Boston,6,9,Total Votes Cast,968,Governor,
Boston,7,1,Maura Healey,404,Governor,
Boston,7,1,Geoff Diehl,281,Governor,
Boston,7,1,Kevin Reed,8,Governor,
Boston,7,1,All Others,2,Governor,
Boston,7,1,Blanks,9,Governor,
Boston,7,1,Total Votes Cast,704,Governor,
Boston,7,10,Maura Healey,332,Governor,
Boston,7,10,Geoff Diehl,46,Governor,
Boston,7,10,Kevin Reed,4,Governor,
Boston,7,10,All Others,2,Governor,
Boston,7,10,Blanks,6,Governor,
Boston,7,10,Total Votes Cast,390,Governor,
Boston,7,2,Maura Healey,573,Governor,
Boston,7,2,Geoff Diehl,309,Governor,
Boston,7,2,Kevin Reed,16,Governor,
Boston,7,2,All Others,2,Governor,
Boston,7,2,Blanks,7,Governor,
Boston,7,2,Total Votes Cast,907,Governor,
Boston,7,3,Maura Healey,627,Governor,
Boston,7,3,Geoff Diehl,294,Governor,
Boston,7,3,Kevin Reed,18,Governor,
Boston,7,3,All Others,3,Governor,
Boston,7,3,Blanks,9,Governor,
Boston,7,3,Total Votes Cast,951,Governor,
Boston,7,4,Maura Healey,463,Governor,
Boston,7,4,Geoff Diehl,228,Governor,
Boston,7,4,Kevin Reed,16,Governor,
Boston,7,4,All Others,2,Governor,
Boston,7,4,Blanks,16,Governor,
Boston,7,4,Total Votes Cast,725,Governor,
Boston,7,5,Maura Healey,491,Governor,
Boston,7,5,Geoff Diehl,167,Governor,
Boston,7,5,Kevin Reed,7,Governor,
Boston,7,5,All Others,1,Governor,
Boston,7,5,Blanks,8,Governor,
Boston,7,5,Total Votes Cast,674,Governor,
Boston,7,6,Maura Healey,408,Governor,
Boston,7,6,Geoff Diehl,139,Governor,
Boston,7,6,Kevin Reed,15,Governor,
Boston,7,6,All Others,0,Governor,
Boston,7,6,Blanks,14,Governor,
Boston,7,6,Total Votes Cast,576,Governor,
Boston,7,7,Maura Healey,214,Governor,
Boston,7,7,Geoff Diehl,62,Governor,
Boston,7,7,Kevin Reed,5,Governor,
Boston,7,7,All Others,0,Governor,
Boston,7,7,Blanks,2,Governor,
Boston,7,7,Total Votes Cast,283,Governor,
Boston,7,8,Maura Healey,452,Governor,
Boston,7,8,Geoff Diehl,157,Governor,
Boston,7,8,Kevin Reed,11,Governor,
Boston,7,8,All Others,1,Governor,
Boston,7,8,Blanks,8,Governor,
Boston,7,8,Total Votes Cast,629,Governor,
Boston,7,9,Maura Healey,325,Governor,
Boston,7,9,Geoff Diehl,107,Governor,
Boston,7,9,Kevin Reed,8,Governor,
Boston,7,9,All Others,2,Governor,
Boston,7,9,Blanks,9,Governor,
Boston,7,9,Total Votes Cast,451,Governor,
Boston,8,1,Maura Healey,692,Governor,
Boston,8,1,Geoff Diehl,105,Governor,
Boston,8,1,Kevin Reed,9,Governor,
Boston,8,1,All Others,0,Governor,
Boston,8,1,Blanks,13,Governor,
Boston,8,1,Total Votes Cast,819,Governor,
Boston,8,2,Maura Healey,641,Governor,
Boston,8,2,Geoff Diehl,64,Governor,
Boston,8,2,Kevin Reed,3,Governor,
Boston,8,2,All Others,1,Governor,
Boston,8,2,Blanks,7,Governor,
Boston,8,2,Total Votes Cast,716,Governor,
Boston,8,3,Maura Healey,445,Governor,
Boston,8,3,Geoff Diehl,31,Governor,
Boston,8,3,Kevin Reed,9,Governor,
Boston,8,3,All Others,1,Governor,
Boston,8,3,Blanks,11,Governor,
Boston,8,3,Total Votes Cast,497,Governor,
Boston,8,4,Maura Healey,328,Governor,
Boston,8,4,Geoff Diehl,34,Governor,
Boston,8,4,Kevin Reed,8,Governor,
Boston,8,4,All Others,3,Governor,
Boston,8,4,Blanks,4,Governor,
Boston,8,4,Total Votes Cast,377,Governor,
Boston,8,5,Maura Healey,484,Governor,
Boston,8,5,Geoff Diehl,56,Governor,
Boston,8,5,Kevin Reed,5,Governor,
Boston,8,5,All Others,3,Governor,
Boston,8,5,Blanks,13,Governor,
Boston,8,5,Total Votes Cast,561,Governor,
Boston,8,6,Maura Healey,119,Governor,
Boston,8,6,Geoff Diehl,20,Governor,
Boston,8,6,Kevin Reed,5,Governor,
Boston,8,6,All Others,0,Governor,
Boston,8,6,Blanks,2,Governor,
Boston,8,6,Total Votes Cast,146,Governor,
Boston,8,6A,Maura Healey,0,Governor,
Boston,8,6A,Geoff Diehl,0,Governor,
Boston,8,6A,Kevin Reed,0,Governor,
Boston,8,6A,All Others,0,Governor,
Boston,8,6A,Blanks,0,Governor,
Boston,8,6A,Total Votes Cast,0,Governor,
Boston,9,1,Maura Healey,732,Governor,
Boston,9,1,Geoff Diehl,87,Governor,
Boston,9,1,Kevin Reed,7,Governor,
Boston,9,1,All Others,2,Governor,
Boston,9,1,Blanks,11,Governor,
Boston,9,1,Total Votes Cast,839,Governor,
Boston,9,2,Maura Healey,710,Governor,
Boston,9,2,Geoff Diehl,62,Governor,
Boston,9,2,Kevin Reed,9,Governor,
Boston,9,2,All Others,1,Governor,
Boston,9,2,Blanks,6,Governor,
Boston,9,2,Total Votes Cast,788,Governor,
Boston,9,3,Maura Healey,474,Governor,
Boston,9,3,Geoff Diehl,59,Governor,
Boston,9,3,Kevin Reed,9,Governor,
Boston,9,3,All Others,4,Governor,
Boston,9,3,Blanks,10,Governor,
Boston,9,3,Total Votes Cast,556,Governor,
Boston,9,4,Maura Healey,471,Governor,
Boston,9,4,Geoff Diehl,41,Governor,
Boston,9,4,Kevin Reed,9,Governor,
Boston,9,4,All Others,0,Governor,
Boston,9,4,Blanks,7,Governor,
Boston,9,4,Total Votes Cast,528,Governor,
Boston,9,5,Maura Healey,552,Governor,
Boston,9,5,Geoff Diehl,32,Governor,
Boston,9,5,Kevin Reed,12,Governor,
Boston,9,5,All Others,3,Governor,
Boston,9,5,Blanks,12,Governor,
Boston,9,5,Total Votes Cast,611,Governor,
Boston,9,6,Maura Healey,621,Governor,
Boston,9,6,Geoff Diehl,50,Governor,
Boston,9,6,Kevin Reed,9,Governor,
Boston,9,6,All Others,0,Governor,
Boston,9,6,Blanks,4,Governor,
Boston,9,6,Total Votes Cast,684,Governor,
Boston,9,7,Maura Healey,132,Governor,
Boston,9,7,Geoff Diehl,17,Governor,
Boston,9,7,Kevin Reed,5,Governor,
Boston,9,7,All Others,0,Governor,
Boston,9,7,Blanks,2,Governor,
Boston,9,7,Total Votes Cast,156,Governor,
Bourne,-,1,Maura Healey,653,Governor,
Bourne,-,1,Geoff Diehl,743,Governor,
Bourne,-,1,Kevin Reed,21,Governor,
Bourne,-,1,All Others,0,Governor,
Bourne,-,1,Blanks,18,Governor,
Bourne,-,1,Total Votes Cast,1435,Governor,
Bourne,-,2,Maura Healey,719,Governor,
Bourne,-,2,Geoff Diehl,725,Governor,
Bourne,-,2,Kevin Reed,21,Governor,
Bourne,-,2,All Others,3,Governor,
Bourne,-,2,Blanks,10,Governor,
Bourne,-,2,Total Votes Cast,1478,Governor,
Bourne,-,3,Maura Healey,320,Governor,
Bourne,-,3,Geoff Diehl,341,Governor,
Bourne,-,3,Kevin Reed,13,Governor,
Bourne,-,3,All Others,0,Governor,
Bourne,-,3,Blanks,1,Governor,
Bourne,-,3,Total Votes Cast,675,Governor,
Bourne,-,4,Maura Healey,938,Governor,
Bourne,-,4,Geoff Diehl,687,Governor,
Bourne,-,4,Kevin Reed,26,Governor,
Bourne,-,4,All Others,14,Governor,
Bourne,-,4,Blanks,4,Governor,
Bourne,-,4,Total Votes Cast,1669,Governor,
Bourne,-,5,Maura Healey,703,Governor,
Bourne,-,5,Geoff Diehl,574,Governor,
Bourne,-,5,Kevin Reed,10,Governor,
Bourne,-,5,All Others,0,Governor,
Bourne,-,5,Blanks,17,Governor,
Bourne,-,5,Total Votes Cast,1304,Governor,
Bourne,-,5A,Maura Healey,124,Governor,
Bourne,-,5A,Geoff Diehl,118,Governor,
Bourne,-,5A,Kevin Reed,4,Governor,
Bourne,-,5A,All Others,0,Governor,
Bourne,-,5A,Blanks,2,Governor,
Bourne,-,5A,Total Votes Cast,248,Governor,
Bourne,-,6,Maura Healey,697,Governor,
Bourne,-,6,Geoff Diehl,480,Governor,
Bourne,-,6,Kevin Reed,18,Governor,
Bourne,-,6,All Others,3,Governor,
Bourne,-,6,Blanks,10,Governor,
Bourne,-,6,Total Votes Cast,1208,Governor,
Bourne,-,7,Maura Healey,610,Governor,
Bourne,-,7,Geoff Diehl,532,Governor,
Bourne,-,7,Kevin Reed,19,Governor,
Bourne,-,7,All Others,4,Governor,
Bourne,-,7,Blanks,6,Governor,
Bourne,-,7,Total Votes Cast,1171,Governor,
Boxborough,,,Maura Healey,1736,Governor,
Boxborough,,,Geoff Diehl,668,Governor,
Boxborough,,,Kevin Reed,44,Governor,
Boxborough,,,All Others,2,Governor,
Boxborough,,,Blanks,20,Governor,
Boxborough,,,Total Votes Cast,2470,Governor,
Boxford,-,1,Maura Healey,702,Governor,
Boxford,-,1,Geoff Diehl,581,Governor,
Boxford,-,1,Kevin Reed,34,Governor,
Boxford,-,1,All Others,4,Governor,
Boxford,-,1,Blanks,10,Governor,
Boxford,-,1,Total Votes Cast,1331,Governor,
Boxford,-,2,Maura Healey,815,Governor,
Boxford,-,2,Geoff Diehl,612,Governor,
Boxford,-,2,Kevin Reed,25,Governor,
Boxford,-,2,All Others,7,Governor,
Boxford,-,2,Blanks,5,Governor,
Boxford,-,2,Total Votes Cast,1464,Governor,
Boxford,-,3,Maura Healey,737,Governor,
Boxford,-,3,Geoff Diehl,601,Governor,
Boxford,-,3,Kevin Reed,21,Governor,
Boxford,-,3,All Others,5,Governor,
Boxford,-,3,Blanks,8,Governor,
Boxford,-,3,Total Votes Cast,1372,Governor,
Boylston,,,Maura Healey,1458,Governor,
Boylston,,,Geoff Diehl,1111,Governor,
Boylston,,,Kevin Reed,42,Governor,
Boylston,,,All Others,1,Governor,
Boylston,,,Blanks,21,Governor,
Boylston,,,Total Votes Cast,2633,Governor,
Braintree,-,1A,Maura Healey,700,Governor,
Braintree,-,1A,Geoff Diehl,587,Governor,
Braintree,-,1A,Kevin Reed,17,Governor,
Braintree,-,1A,All Others,2,Governor,
Braintree,-,1A,Blanks,9,Governor,
Braintree,-,1A,Total Votes Cast,1315,Governor,
Braintree,-,1B,Maura Healey,567,Governor,
Braintree,-,1B,Geoff Diehl,564,Governor,
Braintree,-,1B,Kevin Reed,17,Governor,
Braintree,-,1B,All Others,1,Governor,
Braintree,-,1B,Blanks,9,Governor,
Braintree,-,1B,Total Votes Cast,1158,Governor,
Braintree,-,2A,Maura Healey,775,Governor,
Braintree,-,2A,Geoff Diehl,532,Governor,
Braintree,-,2A,Kevin Reed,16,Governor,
Braintree,-,2A,All Others,3,Governor,
Braintree,-,2A,Blanks,13,Governor,
Braintree,-,2A,Total Votes Cast,1339,Governor,
Braintree,-,2B,Maura Healey,705,Governor,
Braintree,-,2B,Geoff Diehl,558,Governor,
Braintree,-,2B,Kevin Reed,17,Governor,
Braintree,-,2B,All Others,0,Governor,
Braintree,-,2B,Blanks,12,Governor,
Braintree,-,2B,Total Votes Cast,1292,Governor,
Braintree,-,3A,Maura Healey,598,Governor,
Braintree,-,3A,Geoff Diehl,438,Governor,
Braintree,-,3A,Kevin Reed,21,Governor,
Braintree,-,3A,All Others,3,Governor,
Braintree,-,3A,Blanks,7,Governor,
Braintree,-,3A,Total Votes Cast,1067,Governor,
Braintree,-,3B,Maura Healey,678,Governor,
Braintree,-,3B,Geoff Diehl,446,Governor,
Braintree,-,3B,Kevin Reed,24,Governor,
Braintree,-,3B,All Others,1,Governor,
Braintree,-,3B,Blanks,6,Governor,
Braintree,-,3B,Total Votes Cast,1155,Governor,
Braintree,-,4A,Maura Healey,635,Governor,
Braintree,-,4A,Geoff Diehl,505,Governor,
Braintree,-,4A,Kevin Reed,14,Governor,
Braintree,-,4A,All Others,1,Governor,
Braintree,-,4A,Blanks,14,Governor,
Braintree,-,4A,Total Votes Cast,1169,Governor,
Braintree,-,4B,Maura Healey,631,Governor,
Braintree,-,4B,Geoff Diehl,392,Governor,
Braintree,-,4B,Kevin Reed,20,Governor,
Braintree,-,4B,All Others,0,Governor,
Braintree,-,4B,Blanks,10,Governor,
Braintree,-,4B,Total Votes Cast,1053,Governor,
Braintree,-,5A,Maura Healey,669,Governor,
Braintree,-,5A,Geoff Diehl,546,Governor,
Braintree,-,5A,Kevin Reed,20,Governor,
Braintree,-,5A,All Others,3,Governor,
Braintree,-,5A,Blanks,11,Governor,
Braintree,-,5A,Total Votes Cast,1249,Governor,
Braintree,-,5B,Maura Healey,751,Governor,
Braintree,-,5B,Geoff Diehl,563,Governor,
Braintree,-,5B,Kevin Reed,18,Governor,
Braintree,-,5B,All Others,1,Governor,
Braintree,-,5B,Blanks,16,Governor,
Braintree,-,5B,Total Votes Cast,1349,Governor,
Braintree,-,6A,Maura Healey,793,Governor,
Braintree,-,6A,Geoff Diehl,673,Governor,
Braintree,-,6A,Kevin Reed,11,Governor,
Braintree,-,6A,All Others,3,Governor,
Braintree,-,6A,Blanks,7,Governor,
Braintree,-,6A,Total Votes Cast,1487,Governor,
Braintree,-,6B,Maura Healey,750,Governor,
Braintree,-,6B,Geoff Diehl,640,Governor,
Braintree,-,6B,Kevin Reed,19,Governor,
Braintree,-,6B,All Others,1,Governor,
Braintree,-,6B,Blanks,16,Governor,
Braintree,-,6B,Total Votes Cast,1426,Governor,
Brewster,-,1,Maura Healey,1362,Governor,
Brewster,-,1,Geoff Diehl,730,Governor,
Brewster,-,1,Kevin Reed,35,Governor,
Brewster,-,1,All Others,0,Governor,
Brewster,-,1,Blanks,13,Governor,
Brewster,-,1,Total Votes Cast,2140,Governor,
Brewster,-,2,Maura Healey,1281,Governor,
Brewster,-,2,Geoff Diehl,577,Governor,
Brewster,-,2,Kevin Reed,26,Governor,
Brewster,-,2,All Others,1,Governor,
Brewster,-,2,Blanks,17,Governor,
Brewster,-,2,Total Votes Cast,1902,Governor,
Brewster,-,3,Maura Healey,1237,Governor,
Brewster,-,3,Geoff Diehl,680,Governor,
Brewster,-,3,Kevin Reed,21,Governor,
Brewster,-,3,All Others,0,Governor,
Brewster,-,3,Blanks,16,Governor,
Brewster,-,3,Total Votes Cast,1954,Governor,
Bridgewater,-,1,Maura Healey,636,Governor,
Bridgewater,-,1,Geoff Diehl,752,Governor,
Bridgewater,-,1,Kevin Reed,19,Governor,
Bridgewater,-,1,All Others,0,Governor,
Bridgewater,-,1,Blanks,17,Governor,
Bridgewater,-,1,Total Votes Cast,1424,Governor,
Bridgewater,-,2,Maura Healey,677,Governor,
Bridgewater,-,2,Geoff Diehl,706,Governor,
Bridgewater,-,2,Kevin Reed,23,Governor,
Bridgewater,-,2,All Others,0,Governor,
Bridgewater,-,2,Blanks,17,Governor,
Bridgewater,-,2,Total Votes Cast,1423,Governor,
Bridgewater,-,3,Maura Healey,838,Governor,
Bridgewater,-,3,Geoff Diehl,869,Governor,
Bridgewater,-,3,Kevin Reed,14,Governor,
Bridgewater,-,3,All Others,1,Governor,
Bridgewater,-,3,Blanks,12,Governor,
Bridgewater,-,3,Total Votes Cast,1734,Governor,
Bridgewater,-,4,Maura Healey,355,Governor,
Bridgewater,-,4,Geoff Diehl,408,Governor,
Bridgewater,-,4,Kevin Reed,14,Governor,
Bridgewater,-,4,All Others,1,Governor,
Bridgewater,-,4,Blanks,8,Governor,
Bridgewater,-,4,Total Votes Cast,786,Governor,
Bridgewater,-,5,Maura Healey,96,Governor,
Bridgewater,-,5,Geoff Diehl,42,Governor,
Bridgewater,-,5,Kevin Reed,2,Governor,
Bridgewater,-,5,All Others,0,Governor,
Bridgewater,-,5,Blanks,2,Governor,
Bridgewater,-,5,Total Votes Cast,142,Governor,
Bridgewater,-,6,Maura Healey,454,Governor,
Bridgewater,-,6,Geoff Diehl,441,Governor,
Bridgewater,-,6,Kevin Reed,13,Governor,
Bridgewater,-,6,All Others,0,Governor,
Bridgewater,-,6,Blanks,5,Governor,
Bridgewater,-,6,Total Votes Cast,913,Governor,
Bridgewater,-,7,Maura Healey,638,Governor,
Bridgewater,-,7,Geoff Diehl,597,Governor,
Bridgewater,-,7,Kevin Reed,17,Governor,
Bridgewater,-,7,All Others,1,Governor,
Bridgewater,-,7,Blanks,17,Governor,
Bridgewater,-,7,Total Votes Cast,1270,Governor,
Bridgewater,-,8,Maura Healey,632,Governor,
Bridgewater,-,8,Geoff Diehl,433,Governor,
Bridgewater,-,8,Kevin Reed,18,Governor,
Bridgewater,-,8,All Others,0,Governor,
Bridgewater,-,8,Blanks,7,Governor,
Bridgewater,-,8,Total Votes Cast,1090,Governor,
Bridgewater,-,9,Maura Healey,674,Governor,
Bridgewater,-,9,Geoff Diehl,685,Governor,
Bridgewater,-,9,Kevin Reed,23,Governor,
Bridgewater,-,9,All Others,0,Governor,
Bridgewater,-,9,Blanks,11,Governor,
Bridgewater,-,9,Total Votes Cast,1393,Governor,
Brimfield,,,Maura Healey,734,Governor,
Brimfield,,,Geoff Diehl,967,Governor,
Brimfield,,,Kevin Reed,35,Governor,
Brimfield,,,All Others,0,Governor,
Brimfield,,,Blanks,6,Governor,
Brimfield,,,Total Votes Cast,1742,Governor,
Brockton,1,A,Maura Healey,450,Governor,
Brockton,1,A,Geoff Diehl,108,Governor,
Brockton,1,A,Kevin Reed,12,Governor,
Brockton,1,A,All Others,0,Governor,
Brockton,1,A,Blanks,10,Governor,
Brockton,1,A,Total Votes Cast,580,Governor,
Brockton,1,B,Maura Healey,673,Governor,
Brockton,1,B,Geoff Diehl,240,Governor,
Brockton,1,B,Kevin Reed,13,Governor,
Brockton,1,B,All Others,0,Governor,
Brockton,1,B,Blanks,16,Governor,
Brockton,1,B,Total Votes Cast,942,Governor,
Brockton,1,C,Maura Healey,506,Governor,
Brockton,1,C,Geoff Diehl,231,Governor,
Brockton,1,C,Kevin Reed,12,Governor,
Brockton,1,C,All Others,0,Governor,
Brockton,1,C,Blanks,6,Governor,
Brockton,1,C,Total Votes Cast,755,Governor,
Brockton,1,D,Maura Healey,772,Governor,
Brockton,1,D,Geoff Diehl,429,Governor,
Brockton,1,D,Kevin Reed,14,Governor,
Brockton,1,D,All Others,2,Governor,
Brockton,1,D,Blanks,19,Governor,
Brockton,1,D,Total Votes Cast,1236,Governor,
Brockton,2,A,Maura Healey,312,Governor,
Brockton,2,A,Geoff Diehl,51,Governor,
Brockton,2,A,Kevin Reed,8,Governor,
Brockton,2,A,All Others,0,Governor,
Brockton,2,A,Blanks,8,Governor,
Brockton,2,A,Total Votes Cast,379,Governor,
Brockton,2,B,Maura Healey,385,Governor,
Brockton,2,B,Geoff Diehl,76,Governor,
Brockton,2,B,Kevin Reed,6,Governor,
Brockton,2,B,All Others,1,Governor,
Brockton,2,B,Blanks,15,Governor,
Brockton,2,B,Total Votes Cast,483,Governor,
Brockton,2,C,Maura Healey,254,Governor,
Brockton,2,C,Geoff Diehl,52,Governor,
Brockton,2,C,Kevin Reed,5,Governor,
Brockton,2,C,All Others,0,Governor,
Brockton,2,C,Blanks,12,Governor,
Brockton,2,C,Total Votes Cast,323,Governor,
Brockton,2,D,Maura Healey,461,Governor,
Brockton,2,D,Geoff Diehl,175,Governor,
Brockton,2,D,Kevin Reed,8,Governor,
Brockton,2,D,All Others,2,Governor,
Brockton,2,D,Blanks,13,Governor,
Brockton,2,D,Total Votes Cast,659,Governor,
Brockton,3,A,Maura Healey,503,Governor,
Brockton,3,A,Geoff Diehl,143,Governor,
Brockton,3,A,Kevin Reed,9,Governor,
Brockton,3,A,All Others,0,Governor,
Brockton,3,A,Blanks,12,Governor,
Brockton,3,A,Total Votes Cast,667,Governor,
Brockton,3,B,Maura Healey,406,Governor,
Brockton,3,B,Geoff Diehl,86,Governor,
Brockton,3,B,Kevin Reed,4,Governor,
Brockton,3,B,All Others,0,Governor,
Brockton,3,B,Blanks,9,Governor,
Brockton,3,B,Total Votes Cast,505,Governor,
Brockton,3,C,Maura Healey,695,Governor,
Brockton,3,C,Geoff Diehl,370,Governor,
Brockton,3,C,Kevin Reed,18,Governor,
Brockton,3,C,All Others,0,Governor,
Brockton,3,C,Blanks,20,Governor,
Brockton,3,C,Total Votes Cast,1103,Governor,
Brockton,3,D,Maura Healey,703,Governor,
Brockton,3,D,Geoff Diehl,379,Governor,
Brockton,3,D,Kevin Reed,14,Governor,
Brockton,3,D,All Others,2,Governor,
Brockton,3,D,Blanks,13,Governor,
Brockton,3,D,Total Votes Cast,1111,Governor,
Brockton,4,A,Maura Healey,244,Governor,
Brockton,4,A,Geoff Diehl,49,Governor,
Brockton,4,A,Kevin Reed,3,Governor,
Brockton,4,A,All Others,0,Governor,
Brockton,4,A,Blanks,3,Governor,
Brockton,4,A,Total Votes Cast,299,Governor,
Brockton,4,B,Maura Healey,488,Governor,
Brockton,4,B,Geoff Diehl,157,Governor,
Brockton,4,B,Kevin Reed,15,Governor,
Brockton,4,B,All Others,0,Governor,
Brockton,4,B,Blanks,8,Governor,
Brockton,4,B,Total Votes Cast,668,Governor,
Brockton,4,C,Maura Healey,583,Governor,
Brockton,4,C,Geoff Diehl,289,Governor,
Brockton,4,C,Kevin Reed,19,Governor,
Brockton,4,C,All Others,0,Governor,
Brockton,4,C,Blanks,7,Governor,
Brockton,4,C,Total Votes Cast,898,Governor,
Brockton,4,D,Maura Healey,592,Governor,
Brockton,4,D,Geoff Diehl,268,Governor,
Brockton,4,D,Kevin Reed,11,Governor,
Brockton,4,D,All Others,0,Governor,
Brockton,4,D,Blanks,17,Governor,
Brockton,4,D,Total Votes Cast,888,Governor,
Brockton,5,A,Maura Healey,342,Governor,
Brockton,5,A,Geoff Diehl,82,Governor,
Brockton,5,A,Kevin Reed,11,Governor,
Brockton,5,A,All Others,0,Governor,
Brockton,5,A,Blanks,7,Governor,
Brockton,5,A,Total Votes Cast,442,Governor,
Brockton,5,B,Maura Healey,625,Governor,
Brockton,5,B,Geoff Diehl,243,Governor,
Brockton,5,B,Kevin Reed,13,Governor,
Brockton,5,B,All Others,0,Governor,
Brockton,5,B,Blanks,14,Governor,
Brockton,5,B,Total Votes Cast,895,Governor,
Brockton,5,C,Maura Healey,443,Governor,
Brockton,5,C,Geoff Diehl,137,Governor,
Brockton,5,C,Kevin Reed,8,Governor,
Brockton,5,C,All Others,0,Governor,
Brockton,5,C,Blanks,12,Governor,
Brockton,5,C,Total Votes Cast,600,Governor,
Brockton,5,D,Maura Healey,663,Governor,
Brockton,5,D,Geoff Diehl,316,Governor,
Brockton,5,D,Kevin Reed,24,Governor,
Brockton,5,D,All Others,0,Governor,
Brockton,5,D,Blanks,13,Governor,
Brockton,5,D,Total Votes Cast,1016,Governor,
Brockton,6,A,Maura Healey,453,Governor,
Brockton,6,A,Geoff Diehl,184,Governor,
Brockton,6,A,Kevin Reed,8,Governor,
Brockton,6,A,All Others,1,Governor,
Brockton,6,A,Blanks,8,Governor,
Brockton,6,A,Total Votes Cast,654,Governor,
Brockton,6,B,Maura Healey,627,Governor,
Brockton,6,B,Geoff Diehl,342,Governor,
Brockton,6,B,Kevin Reed,12,Governor,
Brockton,6,B,All Others,0,Governor,
Brockton,6,B,Blanks,11,Governor,
Brockton,6,B,Total Votes Cast,992,Governor,
Brockton,6,C,Maura Healey,565,Governor,
Brockton,6,C,Geoff Diehl,228,Governor,
Brockton,6,C,Kevin Reed,7,Governor,
Brockton,6,C,All Others,0,Governor,
Brockton,6,C,Blanks,12,Governor,
Brockton,6,C,Total Votes Cast,812,Governor,
Brockton,6,D,Maura Healey,727,Governor,
Brockton,6,D,Geoff Diehl,431,Governor,
Brockton,6,D,Kevin Reed,24,Governor,
Brockton,6,D,All Others,0,Governor,
Brockton,6,D,Blanks,8,Governor,
Brockton,6,D,Total Votes Cast,1190,Governor,
Brockton,7,A,Maura Healey,401,Governor,
Brockton,7,A,Geoff Diehl,85,Governor,
Brockton,7,A,Kevin Reed,8,Governor,
Brockton,7,A,All Others,0,Governor,
Brockton,7,A,Blanks,9,Governor,
Brockton,7,A,Total Votes Cast,503,Governor,
Brockton,7,B,Maura Healey,550,Governor,
Brockton,7,B,Geoff Diehl,165,Governor,
Brockton,7,B,Kevin Reed,6,Governor,
Brockton,7,B,All Others,0,Governor,
Brockton,7,B,Blanks,28,Governor,
Brockton,7,B,Total Votes Cast,749,Governor,
Brockton,7,C,Maura Healey,568,Governor,
Brockton,7,C,Geoff Diehl,131,Governor,
Brockton,7,C,Kevin Reed,14,Governor,
Brockton,7,C,All Others,1,Governor,
Brockton,7,C,Blanks,13,Governor,
Brockton,7,C,Total Votes Cast,727,Governor,
Brockton,7,D,Maura Healey,566,Governor,
Brockton,7,D,Geoff Diehl,229,Governor,
Brockton,7,D,Kevin Reed,16,Governor,
Brockton,7,D,All Others,0,Governor,
Brockton,7,D,Blanks,10,Governor,
Brockton,7,D,Total Votes Cast,821,Governor,
Brookfield,,,Maura Healey,684,Governor,
Brookfield,,,Geoff Diehl,744,Governor,
Brookfield,,,Kevin Reed,44,Governor,
Brookfield,,,All Others,0,Governor,
Brookfield,,,Blanks,9,Governor,
Brookfield,,,Total Votes Cast,1481,Governor,
Brookline,-,1,Maura Healey,971,Governor,
Brookline,-,1,Geoff Diehl,135,Governor,
Brookline,-,1,Kevin Reed,10,Governor,
Brookline,-,1,All Others,0,Governor,
Brookline,-,1,Blanks,14,Governor,
Brookline,-,1,Total Votes Cast,1130,Governor,
Brookline,-,10,Maura Healey,1179,Governor,
Brookline,-,10,Geoff Diehl,113,Governor,
Brookline,-,10,Kevin Reed,17,Governor,
Brookline,-,10,All Others,5,Governor,
Brookline,-,10,Blanks,11,Governor,
Brookline,-,10,Total Votes Cast,1325,Governor,
Brookline,-,11,Maura Healey,1237,Governor,
Brookline,-,11,Geoff Diehl,119,Governor,
Brookline,-,11,Kevin Reed,14,Governor,
Brookline,-,11,All Others,5,Governor,
Brookline,-,11,Blanks,12,Governor,
Brookline,-,11,Total Votes Cast,1387,Governor,
Brookline,-,12,Maura Healey,1271,Governor,
Brookline,-,12,Geoff Diehl,180,Governor,
Brookline,-,12,Kevin Reed,12,Governor,
Brookline,-,12,All Others,5,Governor,
Brookline,-,12,Blanks,20,Governor,
Brookline,-,12,Total Votes Cast,1488,Governor,
Brookline,-,13,Maura Healey,1019,Governor,
Brookline,-,13,Geoff Diehl,147,Governor,
Brookline,-,13,Kevin Reed,8,Governor,
Brookline,-,13,All Others,3,Governor,
Brookline,-,13,Blanks,17,Governor,
Brookline,-,13,Total Votes Cast,1194,Governor,
Brookline,-,13A,Maura Healey,172,Governor,
Brookline,-,13A,Geoff Diehl,34,Governor,
Brookline,-,13A,Kevin Reed,2,Governor,
Brookline,-,13A,All Others,1,Governor,
Brookline,-,13A,Blanks,4,Governor,
Brookline,-,13A,Total Votes Cast,213,Governor,
Brookline,-,14,Maura Healey,957,Governor,
Brookline,-,14,Geoff Diehl,210,Governor,
Brookline,-,14,Kevin Reed,30,Governor,
Brookline,-,14,All Others,4,Governor,
Brookline,-,14,Blanks,22,Governor,
Brookline,-,14,Total Votes Cast,1223,Governor,
Brookline,-,14A,Maura Healey,268,Governor,
Brookline,-,14A,Geoff Diehl,49,Governor,
Brookline,-,14A,Kevin Reed,2,Governor,
Brookline,-,14A,All Others,3,Governor,
Brookline,-,14A,Blanks,4,Governor,
Brookline,-,14A,Total Votes Cast,326,Governor,
Brookline,-,15,Maura Healey,1164,Governor,
Brookline,-,15,Geoff Diehl,323,Governor,
Brookline,-,15,Kevin Reed,15,Governor,
Brookline,-,15,All Others,4,Governor,
Brookline,-,15,Blanks,25,Governor,
Brookline,-,15,Total Votes Cast,1531,Governor,
Brookline,-,16,Maura Healey,1096,Governor,
Brookline,-,16,Geoff Diehl,249,Governor,
Brookline,-,16,Kevin Reed,8,Governor,
Brookline,-,16,All Others,0,Governor,
Brookline,-,16,Blanks,16,Governor,
Brookline,-,16,Total Votes Cast,1369,Governor,
Brookline,-,17,Maura Healey,995,Governor,
Brookline,-,17,Geoff Diehl,134,Governor,
Brookline,-,17,Kevin Reed,8,Governor,
Brookline,-,17,All Others,1,Governor,
Brookline,-,17,Blanks,12,Governor,
Brookline,-,17,Total Votes Cast,1150,Governor,
Brookline,-,2,Maura Healey,579,Governor,
Brookline,-,2,Geoff Diehl,99,Governor,
Brookline,-,2,Kevin Reed,19,Governor,
Brookline,-,2,All Others,1,Governor,
Brookline,-,2,Blanks,4,Governor,
Brookline,-,2,Total Votes Cast,702,Governor,
Brookline,-,3,Maura Healey,1121,Governor,
Brookline,-,3,Geoff Diehl,126,Governor,
Brookline,-,3,Kevin Reed,18,Governor,
Brookline,-,3,All Others,5,Governor,
Brookline,-,3,Blanks,4,Governor,
Brookline,-,3,Total Votes Cast,1274,Governor,
Brookline,-,4,Maura Healey,820,Governor,
Brookline,-,4,Geoff Diehl,150,Governor,
Brookline,-,4,Kevin Reed,12,Governor,
Brookline,-,4,All Others,2,Governor,
Brookline,-,4,Blanks,8,Governor,
Brookline,-,4,Total Votes Cast,992,Governor,
Brookline,-,5,Maura Healey,557,Governor,
Brookline,-,5,Geoff Diehl,80,Governor,
Brookline,-,5,Kevin Reed,7,Governor,
Brookline,-,5,All Others,3,Governor,
Brookline,-,5,Blanks,3,Governor,
Brookline,-,5,Total Votes Cast,650,Governor,
Brookline,-,5A,Maura Healey,598,Governor,
Brookline,-,5A,Geoff Diehl,69,Governor,
Brookline,-,5A,Kevin Reed,7,Governor,
Brookline,-,5A,All Others,2,Governor,
Brookline,-,5A,Blanks,12,Governor,
Brookline,-,5A,Total Votes Cast,688,Governor,
Brookline,-,6,Maura Healey,1300,Governor,
Brookline,-,6,Geoff Diehl,112,Governor,
Brookline,-,6,Kevin Reed,12,Governor,
Brookline,-,6,All Others,1,Governor,
Brookline,-,6,Blanks,17,Governor,
Brookline,-,6,Total Votes Cast,1442,Governor,
Brookline,-,7,Maura Healey,1047,Governor,
Brookline,-,7,Geoff Diehl,130,Governor,
Brookline,-,7,Kevin Reed,15,Governor,
Brookline,-,7,All Others,2,Governor,
Brookline,-,7,Blanks,8,Governor,
Brookline,-,7,Total Votes Cast,1202,Governor,
Brookline,-,8,Maura Healey,1165,Governor,
Brookline,-,8,Geoff Diehl,86,Governor,
Brookline,-,8,Kevin Reed,12,Governor,
Brookline,-,8,All Others,0,Governor,
Brookline,-,8,Blanks,10,Governor,
Brookline,-,8,Total Votes Cast,1273,Governor,
Brookline,-,9,Maura Healey,1183,Governor,
Brookline,-,9,Geoff Diehl,133,Governor,
Brookline,-,9,Kevin Reed,13,Governor,
Brookline,-,9,All Others,0,Governor,
Brookline,-,9,Blanks,15,Governor,
Brookline,-,9,Total Votes Cast,1344,Governor,
Buckland,,,Maura Healey,676,Governor,
Buckland,,,Geoff Diehl,222,Governor,
Buckland,,,Kevin Reed,13,Governor,
Buckland,,,All Others,0,Governor,
Buckland,,,Blanks,7,Governor,
Buckland,,,Total Votes Cast,918,Governor,
Burlington,-,1,Maura Healey,1036,Governor,
Burlington,-,1,Geoff Diehl,752,Governor,
Burlington,-,1,Kevin Reed,19,Governor,
Burlington,-,1,All Others,2,Governor,
Burlington,-,1,Blanks,16,Governor,
Burlington,-,1,Total Votes Cast,1825,Governor,
Burlington,-,2,Maura Healey,644,Governor,
Burlington,-,2,Geoff Diehl,380,Governor,
Burlington,-,2,Kevin Reed,12,Governor,
Burlington,-,2,All Others,4,Governor,
Burlington,-,2,Blanks,7,Governor,
Burlington,-,2,Total Votes Cast,1047,Governor,
Burlington,-,3,Maura Healey,912,Governor,
Burlington,-,3,Geoff Diehl,610,Governor,
Burlington,-,3,Kevin Reed,29,Governor,
Burlington,-,3,All Others,3,Governor,
Burlington,-,3,Blanks,15,Governor,
Burlington,-,3,Total Votes Cast,1569,Governor,
Burlington,-,4,Maura Healey,728,Governor,
Burlington,-,4,Geoff Diehl,501,Governor,
Burlington,-,4,Kevin Reed,15,Governor,
Burlington,-,4,All Others,1,Governor,
Burlington,-,4,Blanks,13,Governor,
Burlington,-,4,Total Votes Cast,1258,Governor,
Burlington,-,5,Maura Healey,1072,Governor,
Burlington,-,5,Geoff Diehl,756,Governor,
Burlington,-,5,Kevin Reed,35,Governor,
Burlington,-,5,All Others,2,Governor,
Burlington,-,5,Blanks,28,Governor,
Burlington,-,5,Total Votes Cast,1893,Governor,
Burlington,-,6,Maura Healey,989,Governor,
Burlington,-,6,Geoff Diehl,727,Governor,
Burlington,-,6,Kevin Reed,24,Governor,
Burlington,-,6,All Others,3,Governor,
Burlington,-,6,Blanks,26,Governor,
Burlington,-,6,Total Votes Cast,1769,Governor,
Burlington,-,7,Maura Healey,952,Governor,
Burlington,-,7,Geoff Diehl,490,Governor,
Burlington,-,7,Kevin Reed,24,Governor,
Burlington,-,7,All Others,1,Governor,
Burlington,-,7,Blanks,17,Governor,
Burlington,-,7,Total Votes Cast,1484,Governor,
Cambridge,1,1,Maura Healey,549,Governor,
Cambridge,1,1,Geoff Diehl,55,Governor,
Cambridge,1,1,Kevin Reed,14,Governor,
Cambridge,1,1,All Others,1,Governor,
Cambridge,1,1,Blanks,9,Governor,
Cambridge,1,1,Total Votes Cast,628,Governor,
Cambridge,1,2,Maura Healey,257,Governor,
Cambridge,1,2,Geoff Diehl,39,Governor,
Cambridge,1,2,Kevin Reed,4,Governor,
Cambridge,1,2,All Others,1,Governor,
Cambridge,1,2,Blanks,1,Governor,
Cambridge,1,2,Total Votes Cast,302,Governor,
Cambridge,1,2A,Maura Healey,22,Governor,
Cambridge,1,2A,Geoff Diehl,4,Governor,
Cambridge,1,2A,Kevin Reed,0,Governor,
Cambridge,1,2A,All Others,0,Governor,
Cambridge,1,2A,Blanks,1,Governor,
Cambridge,1,2A,Total Votes Cast,27,Governor,
Cambridge,1,3,Maura Healey,932,Governor,
Cambridge,1,3,Geoff Diehl,132,Governor,
Cambridge,1,3,Kevin Reed,17,Governor,
Cambridge,1,3,All Others,1,Governor,
Cambridge,1,3,Blanks,8,Governor,
Cambridge,1,3,Total Votes Cast,1090,Governor,
Cambridge,10,1,Maura Healey,958,Governor,
Cambridge,10,1,Geoff Diehl,69,Governor,
Cambridge,10,1,Kevin Reed,11,Governor,
Cambridge,10,1,All Others,4,Governor,
Cambridge,10,1,Blanks,9,Governor,
Cambridge,10,1,Total Votes Cast,1051,Governor,
Cambridge,10,1A,Maura Healey,613,Governor,
Cambridge,10,1A,Geoff Diehl,48,Governor,
Cambridge,10,1A,Kevin Reed,5,Governor,
Cambridge,10,1A,All Others,1,Governor,
Cambridge,10,1A,Blanks,2,Governor,
Cambridge,10,1A,Total Votes Cast,669,Governor,
Cambridge,10,2,Maura Healey,1627,Governor,
Cambridge,10,2,Geoff Diehl,83,Governor,
Cambridge,10,2,Kevin Reed,6,Governor,
Cambridge,10,2,All Others,0,Governor,
Cambridge,10,2,Blanks,17,Governor,
Cambridge,10,2,Total Votes Cast,1733,Governor,
Cambridge,10,3,Maura Healey,1098,Governor,
Cambridge,10,3,Geoff Diehl,97,Governor,
Cambridge,10,3,Kevin Reed,18,Governor,
Cambridge,10,3,All Others,2,Governor,
Cambridge,10,3,Blanks,10,Governor,
Cambridge,10,3,Total Votes Cast,1225,Governor,
Cambridge,11,1,Maura Healey,390,Governor,
Cambridge,11,1,Geoff Diehl,34,Governor,
Cambridge,11,1,Kevin Reed,6,Governor,
Cambridge,11,1,All Others,0,Governor,
Cambridge,11,1,Blanks,6,Governor,
Cambridge,11,1,Total Votes Cast,436,Governor,
Cambridge,11,1A,Maura Healey,448,Governor,
Cambridge,11,1A,Geoff Diehl,59,Governor,
Cambridge,11,1A,Kevin Reed,9,Governor,
Cambridge,11,1A,All Others,0,Governor,
Cambridge,11,1A,Blanks,5,Governor,
Cambridge,11,1A,Total Votes Cast,521,Governor,
Cambridge,11,2,Maura Healey,713,Governor,
Cambridge,11,2,Geoff Diehl,83,Governor,
Cambridge,11,2,Kevin Reed,13,Governor,
Cambridge,11,2,All Others,2,Governor,
Cambridge,11,2,Blanks,10,Governor,
Cambridge,11,2,Total Votes Cast,821,Governor,
Cambridge,11,3,Maura Healey,1188,Governor,
Cambridge,11,3,Geoff Diehl,118,Governor,
Cambridge,11,3,Kevin Reed,18,Governor,
Cambridge,11,3,All Others,2,Governor,
Cambridge,11,3,Blanks,11,Governor,
Cambridge,11,3,Total Votes Cast,1337,Governor,
Cambridge,11,3A,Maura Healey,140,Governor,
Cambridge,11,3A,Geoff Diehl,3,Governor,
Cambridge,11,3A,Kevin Reed,1,Governor,
Cambridge,11,3A,All Others,0,Governor,
Cambridge,11,3A,Blanks,0,Governor,
Cambridge,11,3A,Total Votes Cast,144,Governor,
Cambridge,2,1,Maura Healey,1000,Governor,
Cambridge,2,1,Geoff Diehl,133,Governor,
Cambridge,2,1,Kevin Reed,11,Governor,
Cambridge,2,1,All Others,3,Governor,
Cambridge,2,1,Blanks,11,Governor,
Cambridge,2,1,Total Votes Cast,1158,Governor,
Cambridge,2,2,Maura Healey,904,Governor,
Cambridge,2,2,Geoff Diehl,144,Governor,
Cambridge,2,2,Kevin Reed,20,Governor,
Cambridge,2,2,All Others,2,Governor,
Cambridge,2,2,Blanks,17,Governor,
Cambridge,2,2,Total Votes Cast,1087,Governor,
Cambridge,2,3,Maura Healey,821,Governor,
Cambridge,2,3,Geoff Diehl,95,Governor,
Cambridge,2,3,Kevin Reed,14,Governor,
Cambridge,2,3,All Others,2,Governor,
Cambridge,2,3,Blanks,12,Governor,
Cambridge,2,3,Total Votes Cast,944,Governor,
Cambridge,2,3A,Maura Healey,78,Governor,
Cambridge,2,3A,Geoff Diehl,17,Governor,
Cambridge,2,3A,Kevin Reed,1,Governor,
Cambridge,2,3A,All Others,0,Governor,
Cambridge,2,3A,Blanks,1,Governor,
Cambridge,2,3A,Total Votes Cast,97,Governor,
Cambridge,3,1,Maura Healey,740,Governor,
Cambridge,3,1,Geoff Diehl,79,Governor,
Cambridge,3,1,Kevin Reed,10,Governor,
Cambridge,3,1,All Others,1,Governor,
Cambridge,3,1,Blanks,12,Governor,
Cambridge,3,1,Total Votes Cast,842,Governor,
Cambridge,3,2,Maura Healey,1021,Governor,
Cambridge,3,2,Geoff Diehl,85,Governor,
Cambridge,3,2,Kevin Reed,14,Governor,
Cambridge,3,2,All Others,1,Governor,
Cambridge,3,2,Blanks,5,Governor,
Cambridge,3,2,Total Votes Cast,1126,Governor,
Cambridge,3,3,Maura Healey,670,Governor,
Cambridge,3,3,Geoff Diehl,39,Governor,
Cambridge,3,3,Kevin Reed,12,Governor,
Cambridge,3,3,All Others,1,Governor,
Cambridge,3,3,Blanks,5,Governor,
Cambridge,3,3,Total Votes Cast,727,Governor,
Cambridge,3,3A,Maura Healey,381,Governor,
Cambridge,3,3A,Geoff Diehl,29,Governor,
Cambridge,3,3A,Kevin Reed,4,Governor,
Cambridge,3,3A,All Others,0,Governor,
Cambridge,3,3A,Blanks,3,Governor,
Cambridge,3,3A,Total Votes Cast,417,Governor,
Cambridge,4,1,Maura Healey,1313,Governor,
Cambridge,4,1,Geoff Diehl,97,Governor,
Cambridge,4,1,Kevin Reed,11,Governor,
Cambridge,4,1,All Others,1,Governor,
Cambridge,4,1,Blanks,14,Governor,
Cambridge,4,1,Total Votes Cast,1436,Governor,
Cambridge,4,2,Maura Healey,1051,Governor,
Cambridge,4,2,Geoff Diehl,59,Governor,
Cambridge,4,2,Kevin Reed,18,Governor,
Cambridge,4,2,All Others,1,Governor,
Cambridge,4,2,Blanks,7,Governor,
Cambridge,4,2,Total Votes Cast,1136,Governor,
Cambridge,4,2A,Maura Healey,172,Governor,
Cambridge,4,2A,Geoff Diehl,12,Governor,
Cambridge,4,2A,Kevin Reed,0,Governor,
Cambridge,4,2A,All Others,0,Governor,
Cambridge,4,2A,Blanks,3,Governor,
Cambridge,4,2A,Total Votes Cast,187,Governor,
Cambridge,4,3,Maura Healey,1191,Governor,
Cambridge,4,3,Geoff Diehl,65,Governor,
Cambridge,4,3,Kevin Reed,12,Governor,
Cambridge,4,3,All Others,1,Governor,
Cambridge,4,3,Blanks,15,Governor,
Cambridge,4,3,Total Votes Cast,1284,Governor,
Cambridge,5,1,Maura Healey,1082,Governor,
Cambridge,5,1,Geoff Diehl,79,Governor,
Cambridge,5,1,Kevin Reed,10,Governor,
Cambridge,5,1,All Others,2,Governor,
Cambridge,5,1,Blanks,17,Governor,
Cambridge,5,1,Total Votes Cast,1190,Governor,
Cambridge,5,2,Maura Healey,153,Governor,
Cambridge,5,2,Geoff Diehl,8,Governor,
Cambridge,5,2,Kevin Reed,1,Governor,
Cambridge,5,2,All Others,0,Governor,
Cambridge,5,2,Blanks,2,Governor,
Cambridge,5,2,Total Votes Cast,164,Governor,
Cambridge,5,3,Maura Healey,1073,Governor,
Cambridge,5,3,Geoff Diehl,70,Governor,
Cambridge,5,3,Kevin Reed,16,Governor,
Cambridge,5,3,All Others,1,Governor,
Cambridge,5,3,Blanks,11,Governor,
Cambridge,5,3,Total Votes Cast,1171,Governor,
Cambridge,6,1,Maura Healey,1028,Governor,
Cambridge,6,1,Geoff Diehl,51,Governor,
Cambridge,6,1,Kevin Reed,8,Governor,
Cambridge,6,1,All Others,1,Governor,
Cambridge,6,1,Blanks,6,Governor,
Cambridge,6,1,Total Votes Cast,1094,Governor,
Cambridge,6,1A,Maura Healey,323,Governor,
Cambridge,6,1A,Geoff Diehl,19,Governor,
Cambridge,6,1A,Kevin Reed,3,Governor,
Cambridge,6,1A,All Others,0,Governor,
Cambridge,6,1A,Blanks,3,Governor,
Cambridge,6,1A,Total Votes Cast,348,Governor,
Cambridge,6,2,Maura Healey,693,Governor,
Cambridge,6,2,Geoff Diehl,41,Governor,
Cambridge,6,2,Kevin Reed,13,Governor,
Cambridge,6,2,All Others,1,Governor,
Cambridge,6,2,Blanks,10,Governor,
Cambridge,6,2,Total Votes Cast,758,Governor,
Cambridge,6,3,Maura Healey,1368,Governor,
Cambridge,6,3,Geoff Diehl,110,Governor,
Cambridge,6,3,Kevin Reed,15,Governor,
Cambridge,6,3,All Others,3,Governor,
Cambridge,6,3,Blanks,14,Governor,
Cambridge,6,3,Total Votes Cast,1510,Governor,
Cambridge,7,1,Maura Healey,1222,Governor,
Cambridge,7,1,Geoff Diehl,69,Governor,
Cambridge,7,1,Kevin Reed,11,Governor,
Cambridge,7,1,All Others,2,Governor,
Cambridge,7,1,Blanks,12,Governor,
Cambridge,7,1,Total Votes Cast,1316,Governor,
Cambridge,7,2,Maura Healey,802,Governor,
Cambridge,7,2,Geoff Diehl,72,Governor,
Cambridge,7,2,Kevin Reed,13,Governor,
Cambridge,7,2,All Others,0,Governor,
Cambridge,7,2,Blanks,8,Governor,
Cambridge,7,2,Total Votes Cast,895,Governor,
Cambridge,7,2A,Maura Healey,32,Governor,
Cambridge,7,2A,Geoff Diehl,1,Governor,
Cambridge,7,2A,Kevin Reed,1,Governor,
Cambridge,7,2A,All Others,0,Governor,
Cambridge,7,2A,Blanks,0,Governor,
Cambridge,7,2A,Total Votes Cast,34,Governor,
Cambridge,7,3,Maura Healey,303,Governor,
Cambridge,7,3,Geoff Diehl,27,Governor,
Cambridge,7,3,Kevin Reed,5,Governor,
Cambridge,7,3,All Others,0,Governor,
Cambridge,7,3,Blanks,3,Governor,
Cambridge,7,3,Total Votes Cast,338,Governor,
Cambridge,8,1,Maura Healey,1104,Governor,
Cambridge,8,1,Geoff Diehl,49,Governor,
Cambridge,8,1,Kevin Reed,16,Governor,
Cambridge,8,1,All Others,4,Governor,
Cambridge,8,1,Blanks,9,Governor,
Cambridge,8,1,Total Votes Cast,1182,Governor,
Cambridge,8,2,Maura Healey,1128,Governor,
Cambridge,8,2,Geoff Diehl,64,Governor,
Cambridge,8,2,Kevin Reed,11,Governor,
Cambridge,8,2,All Others,2,Governor,
Cambridge,8,2,Blanks,4,Governor,
Cambridge,8,2,Total Votes Cast,1209,Governor,
Cambridge,8,3,Maura Healey,275,Governor,
Cambridge,8,3,Geoff Diehl,23,Governor,
Cambridge,8,3,Kevin Reed,2,Governor,
Cambridge,8,3,All Others,0,Governor,
Cambridge,8,3,Blanks,3,Governor,
Cambridge,8,3,Total Votes Cast,303,Governor,
Cambridge,9,1,Maura Healey,1828,Governor,
Cambridge,9,1,Geoff Diehl,130,Governor,
Cambridge,9,1,Kevin Reed,15,Governor,
Cambridge,9,1,All Others,3,Governor,
Cambridge,9,1,Blanks,18,Governor,
Cambridge,9,1,Total Votes Cast,1994,Governor,
Cambridge,9,2,Maura Healey,1316,Governor,
Cambridge,9,2,Geoff Diehl,142,Governor,
Cambridge,9,2,Kevin Reed,12,Governor,
Cambridge,9,2,All Others,5,Governor,
Cambridge,9,2,Blanks,12,Governor,
Cambridge,9,2,Total Votes Cast,1487,Governor,
Cambridge,9,3,Maura Healey,1305,Governor,
Cambridge,9,3,Geoff Diehl,135,Governor,
Cambridge,9,3,Kevin Reed,22,Governor,
Cambridge,9,3,All Others,6,Governor,
Cambridge,9,3,Blanks,11,Governor,
Cambridge,9,3,Total Votes Cast,1479,Governor,
Canton,-,1,Maura Healey,810,Governor,
Canton,-,1,Geoff Diehl,467,Governor,
Canton,-,1,Kevin Reed,20,Governor,
Canton,-,1,All Others,4,Governor,
Canton,-,1,Blanks,16,Governor,
Canton,-,1,Total Votes Cast,1317,Governor,
Canton,-,2,Maura Healey,1133,Governor,
Canton,-,2,Geoff Diehl,621,Governor,
Canton,-,2,Kevin Reed,23,Governor,
Canton,-,2,All Others,0,Governor,
Canton,-,2,Blanks,21,Governor,
Canton,-,2,Total Votes Cast,1798,Governor,
Canton,-,3,Maura Healey,671,Governor,
Canton,-,3,Geoff Diehl,396,Governor,
Canton,-,3,Kevin Reed,11,Governor,
Canton,-,3,All Others,0,Governor,
Canton,-,3,Blanks,13,Governor,
Canton,-,3,Total Votes Cast,1091,Governor,
Canton,-,4,Maura Healey,910,Governor,
Canton,-,4,Geoff Diehl,652,Governor,
Canton,-,4,Kevin Reed,14,Governor,
Canton,-,4,All Others,2,Governor,
Canton,-,4,Blanks,14,Governor,
Canton,-,4,Total Votes Cast,1592,Governor,
Canton,-,5,Maura Healey,996,Governor,
Canton,-,5,Geoff Diehl,632,Governor,
Canton,-,5,Kevin Reed,21,Governor,
Canton,-,5,All Others,6,Governor,
Canton,-,5,Blanks,11,Governor,
Canton,-,5,Total Votes Cast,1666,Governor,
Canton,-,6,Maura Healey,879,Governor,
Canton,-,6,Geoff Diehl,480,Governor,
Canton,-,6,Kevin Reed,20,Governor,
Canton,-,6,All Others,0,Governor,
Canton,-,6,Blanks,11,Governor,
Canton,-,6,Total Votes Cast,1390,Governor,
Canton,-,7,Maura Healey,946,Governor,
Canton,-,7,Geoff Diehl,549,Governor,
Canton,-,7,Kevin Reed,22,Governor,
Canton,-,7,All Others,2,Governor,
Canton,-,7,Blanks,17,Governor,
Canton,-,7,Total Votes Cast,1536,Governor,
Carlisle,,,Maura Healey,2132,Governor,
Carlisle,,,Geoff Diehl,669,Governor,
Carlisle,,,Kevin Reed,38,Governor,
Carlisle,,,All Others,5,Governor,
Carlisle,,,Blanks,35,Governor,
Carlisle,,,Total Votes Cast,2879,Governor,
Carver,-,1,Maura Healey,723,Governor,
Carver,-,1,Geoff Diehl,901,Governor,
Carver,-,1,Kevin Reed,25,Governor,
Carver,-,1,All Others,2,Governor,
Carver,-,1,Blanks,12,Governor,
Carver,-,1,Total Votes Cast,1663,Governor,
Carver,-,2,Maura Healey,679,Governor,
Carver,-,2,Geoff Diehl,868,Governor,
Carver,-,2,Kevin Reed,23,Governor,
Carver,-,2,All Others,2,Governor,
Carver,-,2,Blanks,15,Governor,
Carver,-,2,Total Votes Cast,1587,Governor,
Carver,-,3,Maura Healey,880,Governor,
Carver,-,3,Geoff Diehl,898,Governor,
Carver,-,3,Kevin Reed,27,Governor,
Carver,-,3,All Others,1,Governor,
Carver,-,3,Blanks,12,Governor,
Carver,-,3,Total Votes Cast,1818,Governor,
Charlemont,,,Maura Healey,357,Governor,
Charlemont,,,Geoff Diehl,163,Governor,
Charlemont,,,Kevin Reed,10,Governor,
Charlemont,,,All Others,0,Governor,
Charlemont,,,Blanks,2,Governor,
Charlemont,,,Total Votes Cast,532,Governor,
Charlton,-,1,Maura Healey,657,Governor,
Charlton,-,1,Geoff Diehl,720,Governor,
Charlton,-,1,Kevin Reed,20,Governor,
Charlton,-,1,All Others,0,Governor,
Charlton,-,1,Blanks,13,Governor,
Charlton,-,1,Total Votes Cast,1410,Governor,
Charlton,-,2,Maura Healey,592,Governor,
Charlton,-,2,Geoff Diehl,880,Governor,
Charlton,-,2,Kevin Reed,25,Governor,
Charlton,-,2,All Others,2,Governor,
Charlton,-,2,Blanks,10,Governor,
Charlton,-,2,Total Votes Cast,1509,Governor,
Charlton,-,3,Maura Healey,607,Governor,
Charlton,-,3,Geoff Diehl,752,Governor,
Charlton,-,3,Kevin Reed,24,Governor,
Charlton,-,3,All Others,2,Governor,
Charlton,-,3,Blanks,8,Governor,
Charlton,-,3,Total Votes Cast,1393,Governor,
Charlton,-,4,Maura Healey,611,Governor,
Charlton,-,4,Geoff Diehl,756,Governor,
Charlton,-,4,Kevin Reed,30,Governor,
Charlton,-,4,All Others,0,Governor,
Charlton,-,4,Blanks,9,Governor,
Charlton,-,4,Total Votes Cast,1406,Governor,
Charlton,-,4A,Maura Healey,11,Governor,
Charlton,-,4A,Geoff Diehl,27,Governor,
Charlton,-,4A,Kevin Reed,0,Governor,
Charlton,-,4A,All Others,0,Governor,
Charlton,-,4A,Blanks,0,Governor,
Charlton,-,4A,Total Votes Cast,38,Governor,
Chatham,-,1,Maura Healey,1212,Governor,
Chatham,-,1,Geoff Diehl,781,Governor,
Chatham,-,1,Kevin Reed,24,Governor,
Chatham,-,1,All Others,1,Governor,
Chatham,-,1,Blanks,11,Governor,
Chatham,-,1,Total Votes Cast,2029,Governor,
Chatham,-,2,Maura Healey,1167,Governor,
Chatham,-,2,Geoff Diehl,821,Governor,
Chatham,-,2,Kevin Reed,35,Governor,
Chatham,-,2,All Others,3,Governor,
Chatham,-,2,Blanks,19,Governor,
Chatham,-,2,Total Votes Cast,2045,Governor,
Chelmsford,-,1,Maura Healey,725,Governor,
Chelmsford,-,1,Geoff Diehl,522,Governor,
Chelmsford,-,1,Kevin Reed,17,Governor,
Chelmsford,-,1,All Others,2,Governor,
Chelmsford,-,1,Blanks,8,Governor,
Chelmsford,-,1,Total Votes Cast,1274,Governor,
Chelmsford,-,10,Maura Healey,739,Governor,
Chelmsford,-,10,Geoff Diehl,487,Governor,
Chelmsford,-,10,Kevin Reed,16,Governor,
Chelmsford,-,10,All Others,2,Governor,
Chelmsford,-,10,Blanks,8,Governor,
Chelmsford,-,10,Total Votes Cast,1252,Governor,
Chelmsford,-,11,Maura Healey,1055,Governor,
Chelmsford,-,11,Geoff Diehl,588,Governor,
Chelmsford,-,11,Kevin Reed,29,Governor,
Chelmsford,-,11,All Others,4,Governor,
Chelmsford,-,11,Blanks,13,Governor,
Chelmsford,-,11,Total Votes Cast,1689,Governor,
Chelmsford,-,2,Maura Healey,885,Governor,
Chelmsford,-,2,Geoff Diehl,510,Governor,
Chelmsford,-,2,Kevin Reed,24,Governor,
Chelmsford,-,2,All Others,1,Governor,
Chelmsford,-,2,Blanks,10,Governor,
Chelmsford,-,2,Total Votes Cast,1430,Governor,
Chelmsford,-,3A,Maura Healey,394,Governor,
Chelmsford,-,3A,Geoff Diehl,218,Governor,
Chelmsford,-,3A,Kevin Reed,11,Governor,
Chelmsford,-,3A,All Others,1,Governor,
Chelmsford,-,3A,Blanks,11,Governor,
Chelmsford,-,3A,Total Votes Cast,635,Governor,
Chelmsford,-,3B,Maura Healey,441,Governor,
Chelmsford,-,3B,Geoff Diehl,237,Governor,
Chelmsford,-,3B,Kevin Reed,12,Governor,
Chelmsford,-,3B,All Others,0,Governor,
Chelmsford,-,3B,Blanks,7,Governor,
Chelmsford,-,3B,Total Votes Cast,697,Governor,
Chelmsford,-,4,Maura Healey,1058,Governor,
Chelmsford,-,4,Geoff Diehl,608,Governor,
Chelmsford,-,4,Kevin Reed,26,Governor,
Chelmsford,-,4,All Others,2,Governor,
Chelmsford,-,4,Blanks,18,Governor,
Chelmsford,-,4,Total Votes Cast,1712,Governor,
Chelmsford,-,5A,Maura Healey,824,Governor,
Chelmsford,-,5A,Geoff Diehl,512,Governor,
Chelmsford,-,5A,Kevin Reed,23,Governor,
Chelmsford,-,5A,All Others,4,Governor,
Chelmsford,-,5A,Blanks,16,Governor,
Chelmsford,-,5A,Total Votes Cast,1379,Governor,
Chelmsford,-,5B,Maura Healey,249,Governor,
Chelmsford,-,5B,Geoff Diehl,146,Governor,
Chelmsford,-,5B,Kevin Reed,9,Governor,
Chelmsford,-,5B,All Others,0,Governor,
Chelmsford,-,5B,Blanks,2,Governor,
Chelmsford,-,5B,Total Votes Cast,406,Governor,
Chelmsford,-,6,Maura Healey,918,Governor,
Chelmsford,-,6,Geoff Diehl,524,Governor,
Chelmsford,-,6,Kevin Reed,30,Governor,
Chelmsford,-,6,All Others,4,Governor,
Chelmsford,-,6,Blanks,17,Governor,
Chelmsford,-,6,Total Votes Cast,1493,Governor,
Chelmsford,-,7,Maura Healey,810,Governor,
Chelmsford,-,7,Geoff Diehl,491,Governor,
Chelmsford,-,7,Kevin Reed,21,Governor,
Chelmsford,-,7,All Others,0,Governor,
Chelmsford,-,7,Blanks,14,Governor,
Chelmsford,-,7,Total Votes Cast,1336,Governor,
Chelmsford,-,8,Maura Healey,955,Governor,
Chelmsford,-,8,Geoff Diehl,475,Governor,
Chelmsford,-,8,Kevin Reed,35,Governor,
Chelmsford,-,8,All Others,1,Governor,
Chelmsford,-,8,Blanks,8,Governor,
Chelmsford,-,8,Total Votes Cast,1474,Governor,
Chelmsford,-,9,Maura Healey,1002,Governor,
Chelmsford,-,9,Geoff Diehl,602,Governor,
Chelmsford,-,9,Kevin Reed,26,Governor,
Chelmsford,-,9,All Others,2,Governor,
Chelmsford,-,9,Blanks,17,Governor,
Chelmsford,-,9,Total Votes Cast,1649,Governor,
Chelsea,1,1,Maura Healey,186,Governor,
Chelsea,1,1,Geoff Diehl,71,Governor,
Chelsea,1,1,Kevin Reed,10,Governor,
Chelsea,1,1,All Others,0,Governor,
Chelsea,1,1,Blanks,18,Governor,
Chelsea,1,1,Total Votes Cast,285,Governor,
Chelsea,1,2,Maura Healey,121,Governor,
Chelsea,1,2,Geoff Diehl,28,Governor,
Chelsea,1,2,Kevin Reed,4,Governor,
Chelsea,1,2,All Others,0,Governor,
Chelsea,1,2,Blanks,12,Governor,
Chelsea,1,2,Total Votes Cast,165,Governor,
Chelsea,1,3,Maura Healey,173,Governor,
Chelsea,1,3,Geoff Diehl,46,Governor,
Chelsea,1,3,Kevin Reed,2,Governor,
Chelsea,1,3,All Others,0,Governor,
Chelsea,1,3,Blanks,9,Governor,
Chelsea,1,3,Total Votes Cast,230,Governor,
Chelsea,1,4,Maura Healey,157,Governor,
Chelsea,1,4,Geoff Diehl,25,Governor,
Chelsea,1,4,Kevin Reed,4,Governor,
Chelsea,1,4,All Others,0,Governor,
Chelsea,1,4,Blanks,7,Governor,
Chelsea,1,4,Total Votes Cast,193,Governor,
Chelsea,2,1,Maura Healey,553,Governor,
Chelsea,2,1,Geoff Diehl,201,Governor,
Chelsea,2,1,Kevin Reed,18,Governor,
Chelsea,2,1,All Others,0,Governor,
Chelsea,2,1,Blanks,20,Governor,
Chelsea,2,1,Total Votes Cast,792,Governor,
Chelsea,2,2,Maura Healey,233,Governor,
Chelsea,2,2,Geoff Diehl,38,Governor,
Chelsea,2,2,Kevin Reed,4,Governor,
Chelsea,2,2,All Others,0,Governor,
Chelsea,2,2,Blanks,13,Governor,
Chelsea,2,2,Total Votes Cast,288,Governor,
Chelsea,2,3,Maura Healey,115,Governor,
Chelsea,2,3,Geoff Diehl,37,Governor,
Chelsea,2,3,Kevin Reed,1,Governor,
Chelsea,2,3,All Others,0,Governor,
Chelsea,2,3,Blanks,18,Governor,
Chelsea,2,3,Total Votes Cast,171,Governor,
Chelsea,2,4,Maura Healey,256,Governor,
Chelsea,2,4,Geoff Diehl,41,Governor,
Chelsea,2,4,Kevin Reed,8,Governor,
Chelsea,2,4,All Others,0,Governor,
Chelsea,2,4,Blanks,11,Governor,
Chelsea,2,4,Total Votes Cast,316,Governor,
Chelsea,3,1,Maura Healey,235,Governor,
Chelsea,3,1,Geoff Diehl,63,Governor,
Chelsea,3,1,Kevin Reed,7,Governor,
Chelsea,3,1,All Others,0,Governor,
Chelsea,3,1,Blanks,5,Governor,
Chelsea,3,1,Total Votes Cast,310,Governor,
Chelsea,3,2,Maura Healey,290,Governor,
Chelsea,3,2,Geoff Diehl,73,Governor,
Chelsea,3,2,Kevin Reed,5,Governor,
Chelsea,3,2,All Others,0,Governor,
Chelsea,3,2,Blanks,9,Governor,
Chelsea,3,2,Total Votes Cast,377,Governor,
Chelsea,3,3,Maura Healey,208,Governor,
Chelsea,3,3,Geoff Diehl,74,Governor,
Chelsea,3,3,Kevin Reed,9,Governor,
Chelsea,3,3,All Others,0,Governor,
Chelsea,3,3,Blanks,5,Governor,
Chelsea,3,3,Total Votes Cast,296,Governor,
Chelsea,3,4,Maura Healey,208,Governor,
Chelsea,3,4,Geoff Diehl,61,Governor,
Chelsea,3,4,Kevin Reed,7,Governor,
Chelsea,3,4,All Others,0,Governor,
Chelsea,3,4,Blanks,11,Governor,
Chelsea,3,4,Total Votes Cast,287,Governor,
Chelsea,4,1,Maura Healey,281,Governor,
Chelsea,4,1,Geoff Diehl,68,Governor,
Chelsea,4,1,Kevin Reed,15,Governor,
Chelsea,4,1,All Others,0,Governor,
Chelsea,4,1,Blanks,13,Governor,
Chelsea,4,1,Total Votes Cast,377,Governor,
Chelsea,4,2,Maura Healey,260,Governor,
Chelsea,4,2,Geoff Diehl,127,Governor,
Chelsea,4,2,Kevin Reed,9,Governor,
Chelsea,4,2,All Others,0,Governor,
Chelsea,4,2,Blanks,12,Governor,
Chelsea,4,2,Total Votes Cast,408,Governor,
Chelsea,4,3,Maura Healey,271,Governor,
Chelsea,4,3,Geoff Diehl,143,Governor,
Chelsea,4,3,Kevin Reed,14,Governor,
Chelsea,4,3,All Others,0,Governor,
Chelsea,4,3,Blanks,13,Governor,
Chelsea,4,3,Total Votes Cast,441,Governor,
Chelsea,4,4,Maura Healey,240,Governor,
Chelsea,4,4,Geoff Diehl,110,Governor,
Chelsea,4,4,Kevin Reed,7,Governor,
Chelsea,4,4,All Others,0,Governor,
Chelsea,4,4,Blanks,8,Governor,
Chelsea,4,4,Total Votes Cast,365,Governor,
Cheshire,,,Maura Healey,736,Governor,
Cheshire,,,Geoff Diehl,601,Governor,
Cheshire,,,Kevin Reed,22,Governor,
Cheshire,,,All Others,0,Governor,
Cheshire,,,Blanks,12,Governor,
Cheshire,,,Total Votes Cast,1371,Governor,
Chester,,,Maura Healey,202,Governor,
Chester,,,Geoff Diehl,328,Governor,
Chester,,,Kevin Reed,20,Governor,
Chester,,,All Others,0,Governor,
Chester,,,Blanks,1,Governor,
Chester,,,Total Votes Cast,551,Governor,
Chesterfield,,,Maura Healey,417,Governor,
Chesterfield,,,Geoff Diehl,229,Governor,
Chesterfield,,,Kevin Reed,10,Governor,
Chesterfield,,,All Others,0,Governor,
Chesterfield,,,Blanks,3,Governor,
Chesterfield,,,Total Votes Cast,659,Governor,
Chicopee,1,A,Maura Healey,541,Governor,
Chicopee,1,A,Geoff Diehl,435,Governor,
Chicopee,1,A,Kevin Reed,23,Governor,
Chicopee,1,A,All Others,0,Governor,
Chicopee,1,A,Blanks,9,Governor,
Chicopee,1,A,Total Votes Cast,1008,Governor,
Chicopee,1,B,Maura Healey,672,Governor,
Chicopee,1,B,Geoff Diehl,537,Governor,
Chicopee,1,B,Kevin Reed,23,Governor,
Chicopee,1,B,All Others,2,Governor,
Chicopee,1,B,Blanks,4,Governor,
Chicopee,1,B,Total Votes Cast,1238,Governor,
Chicopee,2,A,Maura Healey,321,Governor,
Chicopee,2,A,Geoff Diehl,183,Governor,
Chicopee,2,A,Kevin Reed,8,Governor,
Chicopee,2,A,All Others,0,Governor,
Chicopee,2,A,Blanks,2,Governor,
Chicopee,2,A,Total Votes Cast,514,Governor,
Chicopee,2,B,Maura Healey,525,Governor,
Chicopee,2,B,Geoff Diehl,451,Governor,
Chicopee,2,B,Kevin Reed,21,Governor,
Chicopee,2,B,All Others,0,Governor,
Chicopee,2,B,Blanks,13,Governor,
Chicopee,2,B,Total Votes Cast,1010,Governor,
Chicopee,3,A,Maura Healey,352,Governor,
Chicopee,3,A,Geoff Diehl,356,Governor,
Chicopee,3,A,Kevin Reed,14,Governor,
Chicopee,3,A,All Others,1,Governor,
Chicopee,3,A,Blanks,2,Governor,
Chicopee,3,A,Total Votes Cast,725,Governor,
Chicopee,3,A1,Maura Healey,88,Governor,
Chicopee,3,A1,Geoff Diehl,28,Governor,
Chicopee,3,A1,Kevin Reed,0,Governor,
Chicopee,3,A1,All Others,0,Governor,
Chicopee,3,A1,Blanks,2,Governor,
Chicopee,3,A1,Total Votes Cast,118,Governor,
Chicopee,3,B,Maura Healey,350,Governor,
Chicopee,3,B,Geoff Diehl,257,Governor,
Chicopee,3,B,Kevin Reed,12,Governor,
Chicopee,3,B,All Others,0,Governor,
Chicopee,3,B,Blanks,3,Governor,
Chicopee,3,B,Total Votes Cast,622,Governor,
Chicopee,4,A,Maura Healey,451,Governor,
Chicopee,4,A,Geoff Diehl,314,Governor,
Chicopee,4,A,Kevin Reed,11,Governor,
Chicopee,4,A,All Others,1,Governor,
Chicopee,4,A,Blanks,8,Governor,
Chicopee,4,A,Total Votes Cast,785,Governor,
Chicopee,4,B,Maura Healey,423,Governor,
Chicopee,4,B,Geoff Diehl,272,Governor,
Chicopee,4,B,Kevin Reed,14,Governor,
Chicopee,4,B,All Others,2,Governor,
Chicopee,4,B,Blanks,6,Governor,
Chicopee,4,B,Total Votes Cast,717,Governor,
Chicopee,5,A,Maura Healey,522,Governor,
Chicopee,5,A,Geoff Diehl,380,Governor,
Chicopee,5,A,Kevin Reed,16,Governor,
Chicopee,5,A,All Others,0,Governor,
Chicopee,5,A,Blanks,5,Governor,
Chicopee,5,A,Total Votes Cast,923,Governor,
Chicopee,5,B,Maura Healey,457,Governor,
Chicopee,5,B,Geoff Diehl,363,Governor,
Chicopee,5,B,Kevin Reed,21,Governor,
Chicopee,5,B,All Others,0,Governor,
Chicopee,5,B,Blanks,6,Governor,
Chicopee,5,B,Total Votes Cast,847,Governor,
Chicopee,6,AN,Maura Healey,249,Governor,
Chicopee,6,AN,Geoff Diehl,155,Governor,
Chicopee,6,AN,Kevin Reed,5,Governor,
Chicopee,6,AN,All Others,1,Governor,
Chicopee,6,AN,Blanks,4,Governor,
Chicopee,6,AN,Total Votes Cast,414,Governor,
Chicopee,6,AS,Maura Healey,393,Governor,
Chicopee,6,AS,Geoff Diehl,313,Governor,
Chicopee,6,AS,Kevin Reed,8,Governor,
Chicopee,6,AS,All Others,0,Governor,
Chicopee,6,AS,Blanks,0,Governor,
Chicopee,6,AS,Total Votes Cast,714,Governor,
Chicopee,6,BE,Maura Healey,500,Governor,
Chicopee,6,BE,Geoff Diehl,594,Governor,
Chicopee,6,BE,Kevin Reed,14,Governor,
Chicopee,6,BE,All Others,0,Governor,
Chicopee,6,BE,Blanks,6,Governor,
Chicopee,6,BE,Total Votes Cast,1114,Governor,
Chicopee,6,BW,Maura Healey,102,Governor,
Chicopee,6,BW,Geoff Diehl,94,Governor,
Chicopee,6,BW,Kevin Reed,3,Governor,
Chicopee,6,BW,All Others,0,Governor,
Chicopee,6,BW,Blanks,1,Governor,
Chicopee,6,BW,Total Votes Cast,200,Governor,
Chicopee,7,A,Maura Healey,333,Governor,
Chicopee,7,A,Geoff Diehl,233,Governor,
Chicopee,7,A,Kevin Reed,15,Governor,
Chicopee,7,A,All Others,0,Governor,
Chicopee,7,A,Blanks,2,Governor,
Chicopee,7,A,Total Votes Cast,583,Governor,
Chicopee,7,B,Maura Healey,386,Governor,
Chicopee,7,B,Geoff Diehl,259,Governor,
Chicopee,7,B,Kevin Reed,14,Governor,
Chicopee,7,B,All Others,1,Governor,
Chicopee,7,B,Blanks,7,Governor,
Chicopee,7,B,Total Votes Cast,667,Governor,
Chicopee,8,A,Maura Healey,511,Governor,
Chicopee,8,A,Geoff Diehl,445,Governor,
Chicopee,8,A,Kevin Reed,26,Governor,
Chicopee,8,A,All Others,1,Governor,
Chicopee,8,A,Blanks,9,Governor,
Chicopee,8,A,Total Votes Cast,992,Governor,
Chicopee,8,B,Maura Healey,410,Governor,
Chicopee,8,B,Geoff Diehl,415,Governor,
Chicopee,8,B,Kevin Reed,22,Governor,
Chicopee,8,B,All Others,0,Governor,
Chicopee,8,B,Blanks,10,Governor,
Chicopee,8,B,Total Votes Cast,857,Governor,
Chicopee,9,A,Maura Healey,545,Governor,
Chicopee,9,A,Geoff Diehl,400,Governor,
Chicopee,9,A,Kevin Reed,21,Governor,
Chicopee,9,A,All Others,2,Governor,
Chicopee,9,A,Blanks,10,Governor,
Chicopee,9,A,Total Votes Cast,978,Governor,
Chicopee,9,B,Maura Healey,597,Governor,
Chicopee,9,B,Geoff Diehl,502,Governor,
Chicopee,9,B,Kevin Reed,19,Governor,
Chicopee,9,B,All Others,1,Governor,
Chicopee,9,B,Blanks,8,Governor,
Chicopee,9,B,Total Votes Cast,1127,Governor,
Chilmark,,,Maura Healey,634,Governor,
Chilmark,,,Geoff Diehl,107,Governor,
Chilmark,,,Kevin Reed,13,Governor,
Chilmark,,,All Others,1,Governor,
Chilmark,,,Blanks,3,Governor,
Chilmark,,,Total Votes Cast,758,Governor,
Clarksburg,,,Maura Healey,415,Governor,
Clarksburg,,,Geoff Diehl,272,Governor,
Clarksburg,,,Kevin Reed,8,Governor,
Clarksburg,,,All Others,1,Governor,
Clarksburg,,,Blanks,2,Governor,
Clarksburg,,,Total Votes Cast,698,Governor,
Clinton,-,1,Maura Healey,851,Governor,
Clinton,-,1,Geoff Diehl,571,Governor,
Clinton,-,1,Kevin Reed,29,Governor,
Clinton,-,1,All Others,3,Governor,
Clinton,-,1,Blanks,11,Governor,
Clinton,-,1,Total Votes Cast,1465,Governor,
Clinton,-,2,Maura Healey,623,Governor,
Clinton,-,2,Geoff Diehl,410,Governor,
Clinton,-,2,Kevin Reed,20,Governor,
Clinton,-,2,All Others,1,Governor,
Clinton,-,2,Blanks,7,Governor,
Clinton,-,2,Total Votes Cast,1061,Governor,
Clinton,-,3,Maura Healey,808,Governor,
Clinton,-,3,Geoff Diehl,563,Governor,
Clinton,-,3,Kevin Reed,29,Governor,
Clinton,-,3,All Others,2,Governor,
Clinton,-,3,Blanks,20,Governor,
Clinton,-,3,Total Votes Cast,1422,Governor,
Clinton,-,4,Maura Healey,670,Governor,
Clinton,-,4,Geoff Diehl,526,Governor,
Clinton,-,4,Kevin Reed,22,Governor,
Clinton,-,4,All Others,2,Governor,
Clinton,-,4,Blanks,4,Governor,
Clinton,-,4,Total Votes Cast,1224,Governor,
Cohasset,-,1,Maura Healey,888,Governor,
Cohasset,-,1,Geoff Diehl,481,Governor,
Cohasset,-,1,Kevin Reed,21,Governor,
Cohasset,-,1,All Others,0,Governor,
Cohasset,-,1,Blanks,22,Governor,
Cohasset,-,1,Total Votes Cast,1412,Governor,
Cohasset,-,2,Maura Healey,882,Governor,
Cohasset,-,2,Geoff Diehl,529,Governor,
Cohasset,-,2,Kevin Reed,25,Governor,
Cohasset,-,2,All Others,0,Governor,
Cohasset,-,2,Blanks,16,Governor,
Cohasset,-,2,Total Votes Cast,1452,Governor,
Cohasset,-,3,Maura Healey,955,Governor,
Cohasset,-,3,Geoff Diehl,455,Governor,
Cohasset,-,3,Kevin Reed,16,Governor,
Cohasset,-,3,All Others,1,Governor,
Cohasset,-,3,Blanks,17,Governor,
Cohasset,-,3,Total Votes Cast,1444,Governor,
Colrain,,,Maura Healey,475,Governor,
Colrain,,,Geoff Diehl,244,Governor,
Colrain,,,Kevin Reed,9,Governor,
Colrain,,,All Others,0,Governor,
Colrain,,,Blanks,5,Governor,
Colrain,,,Total Votes Cast,733,Governor,
Concord,-,1,Maura Healey,1285,Governor,
Concord,-,1,Geoff Diehl,340,Governor,
Concord,-,1,Kevin Reed,20,Governor,
Concord,-,1,All Others,2,Governor,
Concord,-,1,Blanks,16,Governor,
Concord,-,1,Total Votes Cast,1663,Governor,
Concord,-,2,Maura Healey,1553,Governor,
Concord,-,2,Geoff Diehl,354,Governor,
Concord,-,2,Kevin Reed,32,Governor,
Concord,-,2,All Others,0,Governor,
Concord,-,2,Blanks,20,Governor,
Concord,-,2,Total Votes Cast,1959,Governor,
Concord,-,3,Maura Healey,1599,Governor,
Concord,-,3,Geoff Diehl,401,Governor,
Concord,-,3,Kevin Reed,24,Governor,
Concord,-,3,All Others,0,Governor,
Concord,-,3,Blanks,24,Governor,
Concord,-,3,Total Votes Cast,2048,Governor,
Concord,-,4,Maura Healey,1672,Governor,
Concord,-,4,Geoff Diehl,408,Governor,
Concord,-,4,Kevin Reed,28,Governor,
Concord,-,4,All Others,1,Governor,
Concord,-,4,Blanks,23,Governor,
Concord,-,4,Total Votes Cast,2132,Governor,
Concord,-,5,Maura Healey,1530,Governor,
Concord,-,5,Geoff Diehl,339,Governor,
Concord,-,5,Kevin Reed,31,Governor,
Concord,-,5,All Others,0,Governor,
Concord,-,5,Blanks,30,Governor,
Concord,-,5,Total Votes Cast,1930,Governor,
Conway,,,Maura Healey,822,Governor,
Conway,,,Geoff Diehl,236,Governor,
Conway,,,Kevin Reed,13,Governor,
Conway,,,All Others,0,Governor,
Conway,,,Blanks,8,Governor,
Conway,,,Total Votes Cast,1079,Governor,
Cummington,,,Maura Healey,340,Governor,
Cummington,,,Geoff Diehl,117,Governor,
Cummington,,,Kevin Reed,8,Governor,
Cummington,,,All Others,0,Governor,
Cummington,,,Blanks,4,Governor,
Cummington,,,Total Votes Cast,469,Governor,
Dalton,-,1,Maura Healey,890,Governor,
Dalton,-,1,Geoff Diehl,404,Governor,
Dalton,-,1,Kevin Reed,19,Governor,
Dalton,-,1,All Others,0,Governor,
Dalton,-,1,Blanks,14,Governor,
Dalton,-,1,Total Votes Cast,1327,Governor,
Dalton,-,2,Maura Healey,891,Governor,
Dalton,-,2,Geoff Diehl,349,Governor,
Dalton,-,2,Kevin Reed,20,Governor,
Dalton,-,2,All Others,0,Governor,
Dalton,-,2,Blanks,23,Governor,
Dalton,-,2,Total Votes Cast,1283,Governor,
Danvers,-,1,Maura Healey,901,Governor,
Danvers,-,1,Geoff Diehl,556,Governor,
Danvers,-,1,Kevin Reed,18,Governor,
Danvers,-,1,All Others,2,Governor,
Danvers,-,1,Blanks,13,Governor,
Danvers,-,1,Total Votes Cast,1490,Governor,
Danvers,-,2,Maura Healey,926,Governor,
Danvers,-,2,Geoff Diehl,587,Governor,
Danvers,-,2,Kevin Reed,22,Governor,
Danvers,-,2,All Others,0,Governor,
Danvers,-,2,Blanks,11,Governor,
Danvers,-,2,Total Votes Cast,1546,Governor,
Danvers,-,3,Maura Healey,739,Governor,
Danvers,-,3,Geoff Diehl,583,Governor,
Danvers,-,3,Kevin Reed,13,Governor,
Danvers,-,3,All Others,1,Governor,
Danvers,-,3,Blanks,11,Governor,
Danvers,-,3,Total Votes Cast,1347,Governor,
Danvers,-,4,Maura Healey,896,Governor,
Danvers,-,4,Geoff Diehl,641,Governor,
Danvers,-,4,Kevin Reed,14,Governor,
Danvers,-,4,All Others,2,Governor,
Danvers,-,4,Blanks,13,Governor,
Danvers,-,4,Total Votes Cast,1566,Governor,
Danvers,-,5,Maura Healey,837,Governor,
Danvers,-,5,Geoff Diehl,712,Governor,
Danvers,-,5,Kevin Reed,21,Governor,
Danvers,-,5,All Others,0,Governor,
Danvers,-,5,Blanks,11,Governor,
Danvers,-,5,Total Votes Cast,1581,Governor,
Danvers,-,6,Maura Healey,878,Governor,
Danvers,-,6,Geoff Diehl,821,Governor,
Danvers,-,6,Kevin Reed,32,Governor,
Danvers,-,6,All Others,2,Governor,
Danvers,-,6,Blanks,18,Governor,
Danvers,-,6,Total Votes Cast,1751,Governor,
Danvers,-,7,Maura Healey,881,Governor,
Danvers,-,7,Geoff Diehl,674,Governor,
Danvers,-,7,Kevin Reed,28,Governor,
Danvers,-,7,All Others,0,Governor,
Danvers,-,7,Blanks,16,Governor,
Danvers,-,7,Total Votes Cast,1599,Governor,
Danvers,-,8,Maura Healey,685,Governor,
Danvers,-,8,Geoff Diehl,546,Governor,
Danvers,-,8,Kevin Reed,16,Governor,
Danvers,-,8,All Others,2,Governor,
Danvers,-,8,Blanks,8,Governor,
Danvers,-,8,Total Votes Cast,1257,Governor,
Dartmouth,-,1,Maura Healey,668,Governor,
Dartmouth,-,1,Geoff Diehl,849,Governor,
Dartmouth,-,1,Kevin Reed,26,Governor,
Dartmouth,-,1,All Others,3,Governor,
Dartmouth,-,1,Blanks,12,Governor,
Dartmouth,-,1,Total Votes Cast,1558,Governor,
Dartmouth,-,2,Maura Healey,555,Governor,
Dartmouth,-,2,Geoff Diehl,503,Governor,
Dartmouth,-,2,Kevin Reed,19,Governor,
Dartmouth,-,2,All Others,0,Governor,
Dartmouth,-,2,Blanks,7,Governor,
Dartmouth,-,2,Total Votes Cast,1084,Governor,
Dartmouth,-,3,Maura Healey,91,Governor,
Dartmouth,-,3,Geoff Diehl,89,Governor,
Dartmouth,-,3,Kevin Reed,3,Governor,
Dartmouth,-,3,All Others,0,Governor,
Dartmouth,-,3,Blanks,1,Governor,
Dartmouth,-,3,Total Votes Cast,184,Governor,
Dartmouth,-,4,Maura Healey,717,Governor,
Dartmouth,-,4,Geoff Diehl,640,Governor,
Dartmouth,-,4,Kevin Reed,19,Governor,
Dartmouth,-,4,All Others,1,Governor,
Dartmouth,-,4,Blanks,15,Governor,
Dartmouth,-,4,Total Votes Cast,1392,Governor,
Dartmouth,-,5,Maura Healey,832,Governor,
Dartmouth,-,5,Geoff Diehl,662,Governor,
Dartmouth,-,5,Kevin Reed,28,Governor,
Dartmouth,-,5,All Others,2,Governor,
Dartmouth,-,5,Blanks,16,Governor,
Dartmouth,-,5,Total Votes Cast,1540,Governor,
Dartmouth,-,6,Maura Healey,617,Governor,
Dartmouth,-,6,Geoff Diehl,600,Governor,
Dartmouth,-,6,Kevin Reed,20,Governor,
Dartmouth,-,6,All Others,0,Governor,
Dartmouth,-,6,Blanks,15,Governor,
Dartmouth,-,6,Total Votes Cast,1252,Governor,
Dartmouth,-,7,Maura Healey,817,Governor,
Dartmouth,-,7,Geoff Diehl,756,Governor,
Dartmouth,-,7,Kevin Reed,25,Governor,
Dartmouth,-,7,All Others,1,Governor,
Dartmouth,-,7,Blanks,20,Governor,
Dartmouth,-,7,Total Votes Cast,1619,Governor,
Dartmouth,-,8,Maura Healey,1268,Governor,
Dartmouth,-,8,Geoff Diehl,751,Governor,
Dartmouth,-,8,Kevin Reed,27,Governor,
Dartmouth,-,8,All Others,2,Governor,
Dartmouth,-,8,Blanks,27,Governor,
Dartmouth,-,8,Total Votes Cast,2075,Governor,
Dartmouth,-,9,Maura Healey,1236,Governor,
Dartmouth,-,9,Geoff Diehl,819,Governor,
Dartmouth,-,9,Kevin Reed,32,Governor,
Dartmouth,-,9,All Others,2,Governor,
Dartmouth,-,9,Blanks,13,Governor,
Dartmouth,-,9,Total Votes Cast,2102,Governor,
Dedham,-,1,Maura Healey,1235,Governor,
Dedham,-,1,Geoff Diehl,386,Governor,
Dedham,-,1,Kevin Reed,11,Governor,
Dedham,-,1,All Others,2,Governor,
Dedham,-,1,Blanks,25,Governor,
Dedham,-,1,Total Votes Cast,1659,Governor,
Dedham,-,2,Maura Healey,1121,Governor,
Dedham,-,2,Geoff Diehl,567,Governor,
Dedham,-,2,Kevin Reed,22,Governor,
Dedham,-,2,All Others,0,Governor,
Dedham,-,2,Blanks,23,Governor,
Dedham,-,2,Total Votes Cast,1733,Governor,
Dedham,-,3,Maura Healey,810,Governor,
Dedham,-,3,Geoff Diehl,350,Governor,
Dedham,-,3,Kevin Reed,18,Governor,
Dedham,-,3,All Others,0,Governor,
Dedham,-,3,Blanks,12,Governor,
Dedham,-,3,Total Votes Cast,1190,Governor,
Dedham,-,4,Maura Healey,974,Governor,
Dedham,-,4,Geoff Diehl,480,Governor,
Dedham,-,4,Kevin Reed,24,Governor,
Dedham,-,4,All Others,1,Governor,
Dedham,-,4,Blanks,15,Governor,
Dedham,-,4,Total Votes Cast,1494,Governor,
Dedham,-,5,Maura Healey,1075,Governor,
Dedham,-,5,Geoff Diehl,608,Governor,
Dedham,-,5,Kevin Reed,28,Governor,
Dedham,-,5,All Others,3,Governor,
Dedham,-,5,Blanks,16,Governor,
Dedham,-,5,Total Votes Cast,1730,Governor,
Dedham,-,6,Maura Healey,1066,Governor,
Dedham,-,6,Geoff Diehl,497,Governor,
Dedham,-,6,Kevin Reed,27,Governor,
Dedham,-,6,All Others,1,Governor,
Dedham,-,6,Blanks,14,Governor,
Dedham,-,6,Total Votes Cast,1605,Governor,
Dedham,-,7,Maura Healey,1064,Governor,
Dedham,-,7,Geoff Diehl,734,Governor,
Dedham,-,7,Kevin Reed,12,Governor,
Dedham,-,7,All Others,4,Governor,
Dedham,-,7,Blanks,22,Governor,
Dedham,-,7,Total Votes Cast,1836,Governor,
Deerfield,,,Maura Healey,1825,Governor,
Deerfield,,,Geoff Diehl,695,Governor,
Deerfield,,,Kevin Reed,45,Governor,
Deerfield,,,All Others,2,Governor,
Deerfield,,,Blanks,21,Governor,
Deerfield,,,Total Votes Cast,2588,Governor,
Dennis,-,1,Maura Healey,1140,Governor,
Dennis,-,1,Geoff Diehl,842,Governor,
Dennis,-,1,Kevin Reed,22,Governor,
Dennis,-,1,All Others,2,Governor,
Dennis,-,1,Blanks,20,Governor,
Dennis,-,1,Total Votes Cast,2026,Governor,
Dennis,-,2,Maura Healey,1231,Governor,
Dennis,-,2,Geoff Diehl,820,Governor,
Dennis,-,2,Kevin Reed,28,Governor,
Dennis,-,2,All Others,4,Governor,
Dennis,-,2,Blanks,16,Governor,
Dennis,-,2,Total Votes Cast,2099,Governor,
Dennis,-,3,Maura Healey,720,Governor,
Dennis,-,3,Geoff Diehl,451,Governor,
Dennis,-,3,Kevin Reed,19,Governor,
Dennis,-,3,All Others,2,Governor,
Dennis,-,3,Blanks,11,Governor,
Dennis,-,3,Total Votes Cast,1203,Governor,
Dennis,-,4,Maura Healey,998,Governor,
Dennis,-,4,Geoff Diehl,751,Governor,
Dennis,-,4,Kevin Reed,21,Governor,
Dennis,-,4,All Others,1,Governor,
Dennis,-,4,Blanks,16,Governor,
Dennis,-,4,Total Votes Cast,1787,Governor,
Dennis,-,5,Maura Healey,868,Governor,
Dennis,-,5,Geoff Diehl,601,Governor,
Dennis,-,5,Kevin Reed,19,Governor,
Dennis,-,5,All Others,1,Governor,
Dennis,-,5,Blanks,10,Governor,
Dennis,-,5,Total Votes Cast,1499,Governor,
Dighton,-,1,Maura Healey,490,Governor,
Dighton,-,1,Geoff Diehl,593,Governor,
Dighton,-,1,Kevin Reed,18,Governor,
Dighton,-,1,All Others,1,Governor,
Dighton,-,1,Blanks,9,Governor,
Dighton,-,1,Total Votes Cast,1111,Governor,
Dighton,-,2,Maura Healey,482,Governor,
Dighton,-,2,Geoff Diehl,609,Governor,
Dighton,-,2,Kevin Reed,19,Governor,
Dighton,-,2,All Others,0,Governor,
Dighton,-,2,Blanks,10,Governor,
Dighton,-,2,Total Votes Cast,1120,Governor,
Dighton,-,3,Maura Healey,456,Governor,
Dighton,-,3,Geoff Diehl,522,Governor,
Dighton,-,3,Kevin Reed,11,Governor,
Dighton,-,3,All Others,2,Governor,
Dighton,-,3,Blanks,12,Governor,
Dighton,-,3,Total Votes Cast,1003,Governor,
Douglas,-,1,Maura Healey,523,Governor,
Douglas,-,1,Geoff Diehl,758,Governor,
Douglas,-,1,Kevin Reed,30,Governor,
Douglas,-,1,All Others,0,Governor,
Douglas,-,1,Blanks,5,Governor,
Douglas,-,1,Total Votes Cast,1316,Governor,
Douglas,-,2,Maura Healey,613,Governor,
Douglas,-,2,Geoff Diehl,772,Governor,
Douglas,-,2,Kevin Reed,33,Governor,
Douglas,-,2,All Others,0,Governor,
Douglas,-,2,Blanks,13,Governor,
Douglas,-,2,Total Votes Cast,1431,Governor,
Douglas,-,3,Maura Healey,518,Governor,
Douglas,-,3,Geoff Diehl,661,Governor,
Douglas,-,3,Kevin Reed,23,Governor,
Douglas,-,3,All Others,0,Governor,
Douglas,-,3,Blanks,11,Governor,
Douglas,-,3,Total Votes Cast,1213,Governor,
Dover,,,Maura Healey,1863,Governor,
Dover,,,Geoff Diehl,1076,Governor,
Dover,,,Kevin Reed,58,Governor,
Dover,,,All Others,8,Governor,
Dover,,,Blanks,41,Governor,
Dover,,,Total Votes Cast,3046,Governor,
Dracut,-,1,Maura Healey,566,Governor,
Dracut,-,1,Geoff Diehl,565,Governor,
Dracut,-,1,Kevin Reed,10,Governor,
Dracut,-,1,All Others,0,Governor,
Dracut,-,1,Blanks,0,Governor,
Dracut,-,1,Total Votes Cast,1141,Governor,
Dracut,-,2,Maura Healey,545,Governor,
Dracut,-,2,Geoff Diehl,522,Governor,
Dracut,-,2,Kevin Reed,12,Governor,
Dracut,-,2,All Others,0,Governor,
Dracut,-,2,Blanks,7,Governor,
Dracut,-,2,Total Votes Cast,1086,Governor,
Dracut,-,3,Maura Healey,610,Governor,
Dracut,-,3,Geoff Diehl,661,Governor,
Dracut,-,3,Kevin Reed,20,Governor,
Dracut,-,3,All Others,0,Governor,
Dracut,-,3,Blanks,11,Governor,
Dracut,-,3,Total Votes Cast,1302,Governor,
Dracut,-,4,Maura Healey,688,Governor,
Dracut,-,4,Geoff Diehl,822,Governor,
Dracut,-,4,Kevin Reed,26,Governor,
Dracut,-,4,All Others,0,Governor,
Dracut,-,4,Blanks,34,Governor,
Dracut,-,4,Total Votes Cast,1570,Governor,
Dracut,-,5,Maura Healey,571,Governor,
Dracut,-,5,Geoff Diehl,682,Governor,
Dracut,-,5,Kevin Reed,18,Governor,
Dracut,-,5,All Others,0,Governor,
Dracut,-,5,Blanks,13,Governor,
Dracut,-,5,Total Votes Cast,1284,Governor,
Dracut,-,6,Maura Healey,589,Governor,
Dracut,-,6,Geoff Diehl,577,Governor,
Dracut,-,6,Kevin Reed,23,Governor,
Dracut,-,6,All Others,0,Governor,
Dracut,-,6,Blanks,9,Governor,
Dracut,-,6,Total Votes Cast,1198,Governor,
Dracut,-,6A,Maura Healey,42,Governor,
Dracut,-,6A,Geoff Diehl,20,Governor,
Dracut,-,6A,Kevin Reed,0,Governor,
Dracut,-,6A,All Others,0,Governor,
Dracut,-,6A,Blanks,6,Governor,
Dracut,-,6A,Total Votes Cast,68,Governor,
Dracut,-,7,Maura Healey,565,Governor,
Dracut,-,7,Geoff Diehl,537,Governor,
Dracut,-,7,Kevin Reed,26,Governor,
Dracut,-,7,All Others,0,Governor,
Dracut,-,7,Blanks,9,Governor,
Dracut,-,7,Total Votes Cast,1137,Governor,
Dracut,-,8,Maura Healey,705,Governor,
Dracut,-,8,Geoff Diehl,946,Governor,
Dracut,-,8,Kevin Reed,8,Governor,
Dracut,-,8,All Others,0,Governor,
Dracut,-,8,Blanks,15,Governor,
Dracut,-,8,Total Votes Cast,1674,Governor,
Dracut,-,9,Maura Healey,635,Governor,
Dracut,-,9,Geoff Diehl,658,Governor,
Dracut,-,9,Kevin Reed,14,Governor,
Dracut,-,9,All Others,0,Governor,
Dracut,-,9,Blanks,7,Governor,
Dracut,-,9,Total Votes Cast,1314,Governor,
Dudley,-,1,Maura Healey,589,Governor,
Dudley,-,1,Geoff Diehl,653,Governor,
Dudley,-,1,Kevin Reed,29,Governor,
Dudley,-,1,All Others,1,Governor,
Dudley,-,1,Blanks,9,Governor,
Dudley,-,1,Total Votes Cast,1281,Governor,
Dudley,-,2,Maura Healey,375,Governor,
Dudley,-,2,Geoff Diehl,471,Governor,
Dudley,-,2,Kevin Reed,22,Governor,
Dudley,-,2,All Others,1,Governor,
Dudley,-,2,Blanks,11,Governor,
Dudley,-,2,Total Votes Cast,880,Governor,
Dudley,-,3,Maura Healey,381,Governor,
Dudley,-,3,Geoff Diehl,478,Governor,
Dudley,-,3,Kevin Reed,17,Governor,
Dudley,-,3,All Others,0,Governor,
Dudley,-,3,Blanks,12,Governor,
Dudley,-,3,Total Votes Cast,888,Governor,
Dudley,-,4,Maura Healey,491,Governor,
Dudley,-,4,Geoff Diehl,636,Governor,
Dudley,-,4,Kevin Reed,25,Governor,
Dudley,-,4,All Others,1,Governor,
Dudley,-,4,Blanks,7,Governor,
Dudley,-,4,Total Votes Cast,1160,Governor,
Dunstable,,,Maura Healey,943,Governor,
Dunstable,,,Geoff Diehl,740,Governor,
Dunstable,,,Kevin Reed,28,Governor,
Dunstable,,,All Others,0,Governor,
Dunstable,,,Blanks,16,Governor,
Dunstable,,,Total Votes Cast,1727,Governor,
Duxbury,-,1,Maura Healey,934,Governor,
Duxbury,-,1,Geoff Diehl,664,Governor,
Duxbury,-,1,Kevin Reed,19,Governor,
Duxbury,-,1,All Others,5,Governor,
Duxbury,-,1,Blanks,19,Governor,
Duxbury,-,1,Total Votes Cast,1641,Governor,
Duxbury,-,2,Maura Healey,852,Governor,
Duxbury,-,2,Geoff Diehl,585,Governor,
Duxbury,-,2,Kevin Reed,13,Governor,
Duxbury,-,2,All Others,3,Governor,
Duxbury,-,2,Blanks,9,Governor,
Duxbury,-,2,Total Votes Cast,1462,Governor,
Duxbury,-,3,Maura Healey,831,Governor,
Duxbury,-,3,Geoff Diehl,572,Governor,
Duxbury,-,3,Kevin Reed,14,Governor,
Duxbury,-,3,All Others,1,Governor,
Duxbury,-,3,Blanks,10,Governor,
Duxbury,-,3,Total Votes Cast,1428,Governor,
Duxbury,-,4,Maura Healey,754,Governor,
Duxbury,-,4,Geoff Diehl,503,Governor,
Duxbury,-,4,Kevin Reed,16,Governor,
Duxbury,-,4,All Others,1,Governor,
Duxbury,-,4,Blanks,6,Governor,
Duxbury,-,4,Total Votes Cast,1280,Governor,
Duxbury,-,5,Maura Healey,763,Governor,
Duxbury,-,5,Geoff Diehl,553,Governor,
Duxbury,-,5,Kevin Reed,15,Governor,
Duxbury,-,5,All Others,4,Governor,
Duxbury,-,5,Blanks,11,Governor,
Duxbury,-,5,Total Votes Cast,1346,Governor,
Duxbury,-,6,Maura Healey,703,Governor,
Duxbury,-,6,Geoff Diehl,531,Governor,
Duxbury,-,6,Kevin Reed,12,Governor,
Duxbury,-,6,All Others,1,Governor,
Duxbury,-,6,Blanks,15,Governor,
Duxbury,-,6,Total Votes Cast,1262,Governor,
E. Bridgewater,-,1,Maura Healey,684,Governor,
E. Bridgewater,-,1,Geoff Diehl,808,Governor,
E. Bridgewater,-,1,Kevin Reed,22,Governor,
E. Bridgewater,-,1,All Others,0,Governor,
E. Bridgewater,-,1,Blanks,10,Governor,
E. Bridgewater,-,1,Total Votes Cast,1524,Governor,
E. Bridgewater,-,2,Maura Healey,673,Governor,
E. Bridgewater,-,2,Geoff Diehl,824,Governor,
E. Bridgewater,-,2,Kevin Reed,20,Governor,
E. Bridgewater,-,2,All Others,3,Governor,
E. Bridgewater,-,2,Blanks,13,Governor,
E. Bridgewater,-,2,Total Votes Cast,1533,Governor,
E. Bridgewater,-,3,Maura Healey,777,Governor,
E. Bridgewater,-,3,Geoff Diehl,887,Governor,
E. Bridgewater,-,3,Kevin Reed,16,Governor,
E. Bridgewater,-,3,All Others,0,Governor,
E. Bridgewater,-,3,Blanks,12,Governor,
E. Bridgewater,-,3,Total Votes Cast,1692,Governor,
E. Bridgewater,-,4,Maura Healey,680,Governor,
E. Bridgewater,-,4,Geoff Diehl,782,Governor,
E. Bridgewater,-,4,Kevin Reed,19,Governor,
E. Bridgewater,-,4,All Others,0,Governor,
E. Bridgewater,-,4,Blanks,7,Governor,
E. Bridgewater,-,4,Total Votes Cast,1488,Governor,
E. Brookfield,,,Maura Healey,424,Governor,
E. Brookfield,,,Geoff Diehl,517,Governor,
E. Brookfield,,,Kevin Reed,25,Governor,
E. Brookfield,,,All Others,0,Governor,
E. Brookfield,,,Blanks,9,Governor,
E. Brookfield,,,Total Votes Cast,975,Governor,
E. Longmeadow,-,1,Maura Healey,800,Governor,
E. Longmeadow,-,1,Geoff Diehl,584,Governor,
E. Longmeadow,-,1,Kevin Reed,22,Governor,
E. Longmeadow,-,1,All Others,0,Governor,
E. Longmeadow,-,1,Blanks,10,Governor,
E. Longmeadow,-,1,Total Votes Cast,1416,Governor,
E. Longmeadow,-,2,Maura Healey,623,Governor,
E. Longmeadow,-,2,Geoff Diehl,581,Governor,
E. Longmeadow,-,2,Kevin Reed,24,Governor,
E. Longmeadow,-,2,All Others,0,Governor,
E. Longmeadow,-,2,Blanks,7,Governor,
E. Longmeadow,-,2,Total Votes Cast,1235,Governor,
E. Longmeadow,-,2A,Maura Healey,18,Governor,
E. Longmeadow,-,2A,Geoff Diehl,21,Governor,
E. Longmeadow,-,2A,Kevin Reed,0,Governor,
E. Longmeadow,-,2A,All Others,0,Governor,
E. Longmeadow,-,2A,Blanks,1,Governor,
E. Longmeadow,-,2A,Total Votes Cast,40,Governor,
E. Longmeadow,-,3,Maura Healey,718,Governor,
E. Longmeadow,-,3,Geoff Diehl,622,Governor,
E. Longmeadow,-,3,Kevin Reed,18,Governor,
E. Longmeadow,-,3,All Others,0,Governor,
E. Longmeadow,-,3,Blanks,10,Governor,
E. Longmeadow,-,3,Total Votes Cast,1368,Governor,
E. Longmeadow,-,3A,Maura Healey,38,Governor,
E. Longmeadow,-,3A,Geoff Diehl,31,Governor,
E. Longmeadow,-,3A,Kevin Reed,3,Governor,
E. Longmeadow,-,3A,All Others,0,Governor,
E. Longmeadow,-,3A,Blanks,0,Governor,
E. Longmeadow,-,3A,Total Votes Cast,72,Governor,
E. Longmeadow,-,4,Maura Healey,565,Governor,
E. Longmeadow,-,4,Geoff Diehl,635,Governor,
E. Longmeadow,-,4,Kevin Reed,14,Governor,
E. Longmeadow,-,4,All Others,0,Governor,
E. Longmeadow,-,4,Blanks,5,Governor,
E. Longmeadow,-,4,Total Votes Cast,1219,Governor,
E. Longmeadow,-,4A,Maura Healey,122,Governor,
E. Longmeadow,-,4A,Geoff Diehl,138,Governor,
E. Longmeadow,-,4A,Kevin Reed,4,Governor,
E. Longmeadow,-,4A,All Others,0,Governor,
E. Longmeadow,-,4A,Blanks,2,Governor,
E. Longmeadow,-,4A,Total Votes Cast,266,Governor,
E. Longmeadow,-,5,Maura Healey,673,Governor,
E. Longmeadow,-,5,Geoff Diehl,727,Governor,
E. Longmeadow,-,5,Kevin Reed,23,Governor,
E. Longmeadow,-,5,All Others,0,Governor,
E. Longmeadow,-,5,Blanks,11,Governor,
E. Longmeadow,-,5,Total Votes Cast,1434,Governor,
Eastham,,,Maura Healey,2315,Governor,
Eastham,,,Geoff Diehl,1018,Governor,
Eastham,,,Kevin Reed,41,Governor,
Eastham,,,All Others,0,Governor,
Eastham,,,Blanks,12,Governor,
Eastham,,,Total Votes Cast,3386,Governor,
Easthampton,-,1,Maura Healey,1160,Governor,
Easthampton,-,1,Geoff Diehl,417,Governor,
Easthampton,-,1,Kevin Reed,16,Governor,
Easthampton,-,1,All Others,0,Governor,
Easthampton,-,1,Blanks,14,Governor,
Easthampton,-,1,Total Votes Cast,1607,Governor,
Easthampton,-,2,Maura Healey,1141,Governor,
Easthampton,-,2,Geoff Diehl,273,Governor,
Easthampton,-,2,Kevin Reed,24,Governor,
Easthampton,-,2,All Others,2,Governor,
Easthampton,-,2,Blanks,11,Governor,
Easthampton,-,2,Total Votes Cast,1451,Governor,
Easthampton,-,3,Maura Healey,1308,Governor,
Easthampton,-,3,Geoff Diehl,314,Governor,
Easthampton,-,3,Kevin Reed,16,Governor,
Easthampton,-,3,All Others,1,Governor,
Easthampton,-,3,Blanks,7,Governor,
Easthampton,-,3,Total Votes Cast,1646,Governor,
Easthampton,-,4,Maura Healey,1284,Governor,
Easthampton,-,4,Geoff Diehl,286,Governor,
Easthampton,-,4,Kevin Reed,27,Governor,
Easthampton,-,4,All Others,0,Governor,
Easthampton,-,4,Blanks,10,Governor,
Easthampton,-,4,Total Votes Cast,1607,Governor,
Easthampton,-,5,Maura Healey,1010,Governor,
Easthampton,-,5,Geoff Diehl,661,Governor,
Easthampton,-,5,Kevin Reed,27,Governor,
Easthampton,-,5,All Others,1,Governor,
Easthampton,-,5,Blanks,13,Governor,
Easthampton,-,5,Total Votes Cast,1712,Governor,
Easton,-,1,Maura Healey,1039,Governor,
Easton,-,1,Geoff Diehl,694,Governor,
Easton,-,1,Kevin Reed,31,Governor,
Easton,-,1,All Others,1,Governor,
Easton,-,1,Blanks,17,Governor,
Easton,-,1,Total Votes Cast,1782,Governor,
Easton,-,2,Maura Healey,961,Governor,
Easton,-,2,Geoff Diehl,613,Governor,
Easton,-,2,Kevin Reed,17,Governor,
Easton,-,2,All Others,4,Governor,
Easton,-,2,Blanks,16,Governor,
Easton,-,2,Total Votes Cast,1611,Governor,
Easton,-,3,Maura Healey,382,Governor,
Easton,-,3,Geoff Diehl,281,Governor,
Easton,-,3,Kevin Reed,9,Governor,
Easton,-,3,All Others,1,Governor,
Easton,-,3,Blanks,6,Governor,
Easton,-,3,Total Votes Cast,679,Governor,
Easton,-,4A,Maura Healey,454,Governor,
Easton,-,4A,Geoff Diehl,322,Governor,
Easton,-,4A,Kevin Reed,14,Governor,
Easton,-,4A,All Others,2,Governor,
Easton,-,4A,Blanks,8,Governor,
Easton,-,4A,Total Votes Cast,800,Governor,
Easton,-,4B,Maura Healey,498,Governor,
Easton,-,4B,Geoff Diehl,394,Governor,
Easton,-,4B,Kevin Reed,13,Governor,
Easton,-,4B,All Others,1,Governor,
Easton,-,4B,Blanks,4,Governor,
Easton,-,4B,Total Votes Cast,910,Governor,
Easton,-,5,Maura Healey,899,Governor,
Easton,-,5,Geoff Diehl,542,Governor,
Easton,-,5,Kevin Reed,16,Governor,
Easton,-,5,All Others,3,Governor,
Easton,-,5,Blanks,11,Governor,
Easton,-,5,Total Votes Cast,1471,Governor,
Easton,-,6,Maura Healey,812,Governor,
Easton,-,6,Geoff Diehl,708,Governor,
Easton,-,6,Kevin Reed,34,Governor,
Easton,-,6,All Others,2,Governor,
Easton,-,6,Blanks,7,Governor,
Easton,-,6,Total Votes Cast,1563,Governor,
Easton,-,7,Maura Healey,821,Governor,
Easton,-,7,Geoff Diehl,599,Governor,
Easton,-,7,Kevin Reed,26,Governor,
Easton,-,7,All Others,0,Governor,
Easton,-,7,Blanks,8,Governor,
Easton,-,7,Total Votes Cast,1454,Governor,
Edgartown,,,Maura Healey,1518,Governor,
Edgartown,,,Geoff Diehl,624,Governor,
Edgartown,,,Kevin Reed,37,Governor,
Edgartown,,,All Others,1,Governor,
Edgartown,,,Blanks,17,Governor,
Edgartown,,,Total Votes Cast,2197,Governor,
Egremont,,,Maura Healey,609,Governor,
Egremont,,,Geoff Diehl,135,Governor,
Egremont,,,Kevin Reed,7,Governor,
Egremont,,,All Others,1,Governor,
Egremont,,,Blanks,8,Governor,
Egremont,,,Total Votes Cast,760,Governor,
Erving,,,Maura Healey,373,Governor,
Erving,,,Geoff Diehl,269,Governor,
Erving,,,Kevin Reed,12,Governor,
Erving,,,All Others,0,Governor,
Erving,,,Blanks,8,Governor,
Erving,,,Total Votes Cast,662,Governor,
Essex,,,Maura Healey,1179,Governor,
Essex,,,Geoff Diehl,623,Governor,
Essex,,,Kevin Reed,34,Governor,
Essex,,,All Others,0,Governor,
Essex,,,Blanks,8,Governor,
Essex,,,Total Votes Cast,1844,Governor,
Everett,1,1,Maura Healey,310,Governor,
Everett,1,1,Geoff Diehl,146,Governor,
Everett,1,1,Kevin Reed,12,Governor,
Everett,1,1,All Others,0,Governor,
Everett,1,1,Blanks,15,Governor,
Everett,1,1,Total Votes Cast,483,Governor,
Everett,1,2,Maura Healey,178,Governor,
Everett,1,2,Geoff Diehl,111,Governor,
Everett,1,2,Kevin Reed,10,Governor,
Everett,1,2,All Others,2,Governor,
Everett,1,2,Blanks,5,Governor,
Everett,1,2,Total Votes Cast,306,Governor,
Everett,1,3,Maura Healey,139,Governor,
Everett,1,3,Geoff Diehl,56,Governor,
Everett,1,3,Kevin Reed,1,Governor,
Everett,1,3,All Others,0,Governor,
Everett,1,3,Blanks,5,Governor,
Everett,1,3,Total Votes Cast,201,Governor,
Everett,1,3A,Maura Healey,103,Governor,
Everett,1,3A,Geoff Diehl,32,Governor,
Everett,1,3A,Kevin Reed,3,Governor,
Everett,1,3A,All Others,0,Governor,
Everett,1,3A,Blanks,3,Governor,
Everett,1,3A,Total Votes Cast,141,Governor,
Everett,2,1,Maura Healey,317,Governor,
Everett,2,1,Geoff Diehl,163,Governor,
Everett,2,1,Kevin Reed,11,Governor,
Everett,2,1,All Others,1,Governor,
Everett,2,1,Blanks,9,Governor,
Everett,2,1,Total Votes Cast,501,Governor,
Everett,2,2,Maura Healey,151,Governor,
Everett,2,2,Geoff Diehl,72,Governor,
Everett,2,2,Kevin Reed,9,Governor,
Everett,2,2,All Others,0,Governor,
Everett,2,2,Blanks,3,Governor,
Everett,2,2,Total Votes Cast,235,Governor,
Everett,2,2A,Maura Healey,117,Governor,
Everett,2,2A,Geoff Diehl,57,Governor,
Everett,2,2A,Kevin Reed,7,Governor,
Everett,2,2A,All Others,1,Governor,
Everett,2,2A,Blanks,6,Governor,
Everett,2,2A,Total Votes Cast,188,Governor,
Everett,2,3,Maura Healey,272,Governor,
Everett,2,3,Geoff Diehl,112,Governor,
Everett,2,3,Kevin Reed,12,Governor,
Everett,2,3,All Others,1,Governor,
Everett,2,3,Blanks,12,Governor,
Everett,2,3,Total Votes Cast,409,Governor,
Everett,3,1,Maura Healey,437,Governor,
Everett,3,1,Geoff Diehl,177,Governor,
Everett,3,1,Kevin Reed,15,Governor,
Everett,3,1,All Others,1,Governor,
Everett,3,1,Blanks,21,Governor,
Everett,3,1,Total Votes Cast,651,Governor,
Everett,3,2,Maura Healey,347,Governor,
Everett,3,2,Geoff Diehl,151,Governor,
Everett,3,2,Kevin Reed,16,Governor,
Everett,3,2,All Others,2,Governor,
Everett,3,2,Blanks,11,Governor,
Everett,3,2,Total Votes Cast,527,Governor,
Everett,3,3,Maura Healey,199,Governor,
Everett,3,3,Geoff Diehl,114,Governor,
Everett,3,3,Kevin Reed,10,Governor,
Everett,3,3,All Others,0,Governor,
Everett,3,3,Blanks,11,Governor,
Everett,3,3,Total Votes Cast,334,Governor,
Everett,4,1,Maura Healey,386,Governor,
Everett,4,1,Geoff Diehl,183,Governor,
Everett,4,1,Kevin Reed,10,Governor,
Everett,4,1,All Others,0,Governor,
Everett,4,1,Blanks,13,Governor,
Everett,4,1,Total Votes Cast,592,Governor,
Everett,4,2,Maura Healey,338,Governor,
Everett,4,2,Geoff Diehl,151,Governor,
Everett,4,2,Kevin Reed,19,Governor,
Everett,4,2,All Others,1,Governor,
Everett,4,2,Blanks,11,Governor,
Everett,4,2,Total Votes Cast,520,Governor,
Everett,4,3,Maura Healey,310,Governor,
Everett,4,3,Geoff Diehl,155,Governor,
Everett,4,3,Kevin Reed,16,Governor,
Everett,4,3,All Others,2,Governor,
Everett,4,3,Blanks,5,Governor,
Everett,4,3,Total Votes Cast,488,Governor,
Everett,5,1,Maura Healey,310,Governor,
Everett,5,1,Geoff Diehl,141,Governor,
Everett,5,1,Kevin Reed,7,Governor,
Everett,5,1,All Others,0,Governor,
Everett,5,1,Blanks,7,Governor,
Everett,5,1,Total Votes Cast,465,Governor,
Everett,5,2,Maura Healey,277,Governor,
Everett,5,2,Geoff Diehl,118,Governor,
Everett,5,2,Kevin Reed,11,Governor,
Everett,5,2,All Others,0,Governor,
Everett,5,2,Blanks,9,Governor,
Everett,5,2,Total Votes Cast,415,Governor,
Everett,5,3,Maura Healey,283,Governor,
Everett,5,3,Geoff Diehl,122,Governor,
Everett,5,3,Kevin Reed,4,Governor,
Everett,5,3,All Others,2,Governor,
Everett,5,3,Blanks,14,Governor,
Everett,5,3,Total Votes Cast,425,Governor,
Everett,6,1,Maura Healey,356,Governor,
Everett,6,1,Geoff Diehl,141,Governor,
Everett,6,1,Kevin Reed,14,Governor,
Everett,6,1,All Others,3,Governor,
Everett,6,1,Blanks,7,Governor,
Everett,6,1,Total Votes Cast,521,Governor,
Everett,6,2,Maura Healey,261,Governor,
Everett,6,2,Geoff Diehl,139,Governor,
Everett,6,2,Kevin Reed,21,Governor,
Everett,6,2,All Others,2,Governor,
Everett,6,2,Blanks,7,Governor,
Everett,6,2,Total Votes Cast,430,Governor,
Everett,6,3,Maura Healey,368,Governor,
Everett,6,3,Geoff Diehl,131,Governor,
Everett,6,3,Kevin Reed,21,Governor,
Everett,6,3,All Others,0,Governor,
Everett,6,3,Blanks,9,Governor,
Everett,6,3,Total Votes Cast,529,Governor,
Fairhaven,-,1,Maura Healey,741,Governor,
Fairhaven,-,1,Geoff Diehl,428,Governor,
Fairhaven,-,1,Kevin Reed,20,Governor,
Fairhaven,-,1,All Others,0,Governor,
Fairhaven,-,1,Blanks,14,Governor,
Fairhaven,-,1,Total Votes Cast,1203,Governor,
Fairhaven,-,2,Maura Healey,645,Governor,
Fairhaven,-,2,Geoff Diehl,460,Governor,
Fairhaven,-,2,Kevin Reed,27,Governor,
Fairhaven,-,2,All Others,1,Governor,
Fairhaven,-,2,Blanks,13,Governor,
Fairhaven,-,2,Total Votes Cast,1146,Governor,
Fairhaven,-,3,Maura Healey,436,Governor,
Fairhaven,-,3,Geoff Diehl,406,Governor,
Fairhaven,-,3,Kevin Reed,9,Governor,
Fairhaven,-,3,All Others,1,Governor,
Fairhaven,-,3,Blanks,8,Governor,
Fairhaven,-,3,Total Votes Cast,860,Governor,
Fairhaven,-,4,Maura Healey,630,Governor,
Fairhaven,-,4,Geoff Diehl,511,Governor,
Fairhaven,-,4,Kevin Reed,19,Governor,
Fairhaven,-,4,All Others,0,Governor,
Fairhaven,-,4,Blanks,10,Governor,
Fairhaven,-,4,Total Votes Cast,1170,Governor,
Fairhaven,-,5,Maura Healey,634,Governor,
Fairhaven,-,5,Geoff Diehl,606,Governor,
Fairhaven,-,5,Kevin Reed,27,Governor,
Fairhaven,-,5,All Others,0,Governor,
Fairhaven,-,5,Blanks,14,Governor,
Fairhaven,-,5,Total Votes Cast,1281,Governor,
Fairhaven,-,6,Maura Healey,554,Governor,
Fairhaven,-,6,Geoff Diehl,589,Governor,
Fairhaven,-,6,Kevin Reed,17,Governor,
Fairhaven,-,6,All Others,3,Governor,
Fairhaven,-,6,Blanks,9,Governor,
Fairhaven,-,6,Total Votes Cast,1172,Governor,
Fall River,1,A,Maura Healey,523,Governor,
Fall River,1,A,Geoff Diehl,467,Governor,
Fall River,1,A,Kevin Reed,18,Governor,
Fall River,1,A,All Others,1,Governor,
Fall River,1,A,Blanks,15,Governor,
Fall River,1,A,Total Votes Cast,1024,Governor,
Fall River,1,B,Maura Healey,374,Governor,
Fall River,1,B,Geoff Diehl,296,Governor,
Fall River,1,B,Kevin Reed,9,Governor,
Fall River,1,B,All Others,1,Governor,
Fall River,1,B,Blanks,11,Governor,
Fall River,1,B,Total Votes Cast,691,Governor,
Fall River,1,C,Maura Healey,356,Governor,
Fall River,1,C,Geoff Diehl,342,Governor,
Fall River,1,C,Kevin Reed,16,Governor,
Fall River,1,C,All Others,0,Governor,
Fall River,1,C,Blanks,13,Governor,
Fall River,1,C,Total Votes Cast,727,Governor,
Fall River,2,A,Maura Healey,255,Governor,
Fall River,2,A,Geoff Diehl,178,Governor,
Fall River,2,A,Kevin Reed,11,Governor,
Fall River,2,A,All Others,0,Governor,
Fall River,2,A,Blanks,3,Governor,
Fall River,2,A,Total Votes Cast,447,Governor,
Fall River,2,B,Maura Healey,226,Governor,
Fall River,2,B,Geoff Diehl,176,Governor,
Fall River,2,B,Kevin Reed,9,Governor,
Fall River,2,B,All Others,0,Governor,
Fall River,2,B,Blanks,6,Governor,
Fall River,2,B,Total Votes Cast,417,Governor,
Fall River,2,C,Maura Healey,275,Governor,
Fall River,2,C,Geoff Diehl,208,Governor,
Fall River,2,C,Kevin Reed,18,Governor,
Fall River,2,C,All Others,1,Governor,
Fall River,2,C,Blanks,28,Governor,
Fall River,2,C,Total Votes Cast,530,Governor,
Fall River,3,A,Maura Healey,382,Governor,
Fall River,3,A,Geoff Diehl,265,Governor,
Fall River,3,A,Kevin Reed,23,Governor,
Fall River,3,A,All Others,0,Governor,
Fall River,3,A,Blanks,20,Governor,
Fall River,3,A,Total Votes Cast,690,Governor,
Fall River,3,B,Maura Healey,357,Governor,
Fall River,3,B,Geoff Diehl,269,Governor,
Fall River,3,B,Kevin Reed,15,Governor,
Fall River,3,B,All Others,1,Governor,
Fall River,3,B,Blanks,12,Governor,
Fall River,3,B,Total Votes Cast,654,Governor,
Fall River,3,C,Maura Healey,416,Governor,
Fall River,3,C,Geoff Diehl,340,Governor,
Fall River,3,C,Kevin Reed,18,Governor,
Fall River,3,C,All Others,0,Governor,
Fall River,3,C,Blanks,19,Governor,
Fall River,3,C,Total Votes Cast,793,Governor,
Fall River,4,A,Maura Healey,304,Governor,
Fall River,4,A,Geoff Diehl,164,Governor,
Fall River,4,A,Kevin Reed,14,Governor,
Fall River,4,A,All Others,0,Governor,
Fall River,4,A,Blanks,7,Governor,
Fall River,4,A,Total Votes Cast,489,Governor,
Fall River,4,B,Maura Healey,221,Governor,
Fall River,4,B,Geoff Diehl,128,Governor,
Fall River,4,B,Kevin Reed,9,Governor,
Fall River,4,B,All Others,2,Governor,
Fall River,4,B,Blanks,6,Governor,
Fall River,4,B,Total Votes Cast,366,Governor,
Fall River,4,C,Maura Healey,350,Governor,
Fall River,4,C,Geoff Diehl,127,Governor,
Fall River,4,C,Kevin Reed,10,Governor,
Fall River,4,C,All Others,0,Governor,
Fall River,4,C,Blanks,11,Governor,
Fall River,4,C,Total Votes Cast,498,Governor,
Fall River,5,A,Maura Healey,187,Governor,
Fall River,5,A,Geoff Diehl,125,Governor,
Fall River,5,A,Kevin Reed,8,Governor,
Fall River,5,A,All Others,0,Governor,
Fall River,5,A,Blanks,4,Governor,
Fall River,5,A,Total Votes Cast,324,Governor,
Fall River,5,B,Maura Healey,187,Governor,
Fall River,5,B,Geoff Diehl,101,Governor,
Fall River,5,B,Kevin Reed,7,Governor,
Fall River,5,B,All Others,0,Governor,
Fall River,5,B,Blanks,5,Governor,
Fall River,5,B,Total Votes Cast,300,Governor,
Fall River,5,C,Maura Healey,225,Governor,
Fall River,5,C,Geoff Diehl,145,Governor,
Fall River,5,C,Kevin Reed,12,Governor,
Fall River,5,C,All Others,0,Governor,
Fall River,5,C,Blanks,9,Governor,
Fall River,5,C,Total Votes Cast,391,Governor,
Fall River,6,A,Maura Healey,432,Governor,
Fall River,6,A,Geoff Diehl,390,Governor,
Fall River,6,A,Kevin Reed,13,Governor,
Fall River,6,A,All Others,2,Governor,
Fall River,6,A,Blanks,12,Governor,
Fall River,6,A,Total Votes Cast,849,Governor,
Fall River,6,B,Maura Healey,321,Governor,
Fall River,6,B,Geoff Diehl,182,Governor,
Fall River,6,B,Kevin Reed,9,Governor,
Fall River,6,B,All Others,0,Governor,
Fall River,6,B,Blanks,14,Governor,
Fall River,6,B,Total Votes Cast,526,Governor,
Fall River,6,C,Maura Healey,336,Governor,
Fall River,6,C,Geoff Diehl,254,Governor,
Fall River,6,C,Kevin Reed,15,Governor,
Fall River,6,C,All Others,2,Governor,
Fall River,6,C,Blanks,19,Governor,
Fall River,6,C,Total Votes Cast,626,Governor,
Fall River,7,A,Maura Healey,477,Governor,
Fall River,7,A,Geoff Diehl,338,Governor,
Fall River,7,A,Kevin Reed,14,Governor,
Fall River,7,A,All Others,2,Governor,
Fall River,7,A,Blanks,9,Governor,
Fall River,7,A,Total Votes Cast,840,Governor,
Fall River,7,B,Maura Healey,289,Governor,
Fall River,7,B,Geoff Diehl,181,Governor,
Fall River,7,B,Kevin Reed,18,Governor,
Fall River,7,B,All Others,0,Governor,
Fall River,7,B,Blanks,5,Governor,
Fall River,7,B,Total Votes Cast,493,Governor,
Fall River,7,C,Maura Healey,391,Governor,
Fall River,7,C,Geoff Diehl,225,Governor,
Fall River,7,C,Kevin Reed,13,Governor,
Fall River,7,C,All Others,0,Governor,
Fall River,7,C,Blanks,10,Governor,
Fall River,7,C,Total Votes Cast,639,Governor,
Fall River,8,A,Maura Healey,337,Governor,
Fall River,8,A,Geoff Diehl,263,Governor,
Fall River,8,A,Kevin Reed,13,Governor,
Fall River,8,A,All Others,1,Governor,
Fall River,8,A,Blanks,12,Governor,
Fall River,8,A,Total Votes Cast,626,Governor,
Fall River,8,B,Maura Healey,631,Governor,
Fall River,8,B,Geoff Diehl,395,Governor,
Fall River,8,B,Kevin Reed,18,Governor,
Fall River,8,B,All Others,0,Governor,
Fall River,8,B,Blanks,13,Governor,
Fall River,8,B,Total Votes Cast,1057,Governor,
Fall River,8,C,Maura Healey,559,Governor,
Fall River,8,C,Geoff Diehl,430,Governor,
Fall River,8,C,Kevin Reed,17,Governor,
Fall River,8,C,All Others,0,Governor,
Fall River,8,C,Blanks,11,Governor,
Fall River,8,C,Total Votes Cast,1017,Governor,
Fall River,9,A,Maura Healey,758,Governor,
Fall River,9,A,Geoff Diehl,599,Governor,
Fall River,9,A,Kevin Reed,17,Governor,
Fall River,9,A,All Others,0,Governor,
Fall River,9,A,Blanks,18,Governor,
Fall River,9,A,Total Votes Cast,1392,Governor,
Fall River,9,B,Maura Healey,578,Governor,
Fall River,9,B,Geoff Diehl,402,Governor,
Fall River,9,B,Kevin Reed,21,Governor,
Fall River,9,B,All Others,1,Governor,
Fall River,9,B,Blanks,10,Governor,
Fall River,9,B,Total Votes Cast,1012,Governor,
Fall River,9,C,Maura Healey,484,Governor,
Fall River,9,C,Geoff Diehl,333,Governor,
Fall River,9,C,Kevin Reed,30,Governor,
Fall River,9,C,All Others,0,Governor,
Fall River,9,C,Blanks,9,Governor,
Fall River,9,C,Total Votes Cast,856,Governor,
Falmouth,-,1,Maura Healey,1637,Governor,
Falmouth,-,1,Geoff Diehl,471,Governor,
Falmouth,-,1,Kevin Reed,19,Governor,
Falmouth,-,1,All Others,1,Governor,
Falmouth,-,1,Blanks,18,Governor,
Falmouth,-,1,Total Votes Cast,2146,Governor,
Falmouth,-,2,Maura Healey,1269,Governor,
Falmouth,-,2,Geoff Diehl,579,Governor,
Falmouth,-,2,Kevin Reed,13,Governor,
Falmouth,-,2,All Others,0,Governor,
Falmouth,-,2,Blanks,23,Governor,
Falmouth,-,2,Total Votes Cast,1884,Governor,
Falmouth,-,3,Maura Healey,1131,Governor,
Falmouth,-,3,Geoff Diehl,696,Governor,
Falmouth,-,3,Kevin Reed,17,Governor,
Falmouth,-,3,All Others,3,Governor,
Falmouth,-,3,Blanks,22,Governor,
Falmouth,-,3,Total Votes Cast,1869,Governor,
Falmouth,-,4,Maura Healey,1132,Governor,
Falmouth,-,4,Geoff Diehl,799,Governor,
Falmouth,-,4,Kevin Reed,29,Governor,
Falmouth,-,4,All Others,1,Governor,
Falmouth,-,4,Blanks,14,Governor,
Falmouth,-,4,Total Votes Cast,1975,Governor,
Falmouth,-,5,Maura Healey,1400,Governor,
Falmouth,-,5,Geoff Diehl,756,Governor,
Falmouth,-,5,Kevin Reed,27,Governor,
Falmouth,-,5,All Others,5,Governor,
Falmouth,-,5,Blanks,15,Governor,
Falmouth,-,5,Total Votes Cast,2203,Governor,
Falmouth,-,6,Maura Healey,1292,Governor,
Falmouth,-,6,Geoff Diehl,707,Governor,
Falmouth,-,6,Kevin Reed,32,Governor,
Falmouth,-,6,All Others,2,Governor,
Falmouth,-,6,Blanks,19,Governor,
Falmouth,-,6,Total Votes Cast,2052,Governor,
Falmouth,-,7,Maura Healey,1064,Governor,
Falmouth,-,7,Geoff Diehl,768,Governor,
Falmouth,-,7,Kevin Reed,28,Governor,
Falmouth,-,7,All Others,1,Governor,
Falmouth,-,7,Blanks,15,Governor,
Falmouth,-,7,Total Votes Cast,1876,Governor,
Falmouth,-,8,Maura Healey,1072,Governor,
Falmouth,-,8,Geoff Diehl,758,Governor,
Falmouth,-,8,Kevin Reed,27,Governor,
Falmouth,-,8,All Others,1,Governor,
Falmouth,-,8,Blanks,14,Governor,
Falmouth,-,8,Total Votes Cast,1872,Governor,
Falmouth,-,9,Maura Healey,976,Governor,
Falmouth,-,9,Geoff Diehl,667,Governor,
Falmouth,-,9,Kevin Reed,12,Governor,
Falmouth,-,9,All Others,0,Governor,
Falmouth,-,9,Blanks,13,Governor,
Falmouth,-,9,Total Votes Cast,1668,Governor,
Fitchburg,1,A,Maura Healey,378,Governor,
Fitchburg,1,A,Geoff Diehl,234,Governor,
Fitchburg,1,A,Kevin Reed,14,Governor,
Fitchburg,1,A,All Others,2,Governor,
Fitchburg,1,A,Blanks,13,Governor,
Fitchburg,1,A,Total Votes Cast,641,Governor,
Fitchburg,1,B,Maura Healey,479,Governor,
Fitchburg,1,B,Geoff Diehl,285,Governor,
Fitchburg,1,B,Kevin Reed,11,Governor,
Fitchburg,1,B,All Others,1,Governor,
Fitchburg,1,B,Blanks,9,Governor,
Fitchburg,1,B,Total Votes Cast,785,Governor,
Fitchburg,2,A,Maura Healey,347,Governor,
Fitchburg,2,A,Geoff Diehl,239,Governor,
Fitchburg,2,A,Kevin Reed,11,Governor,
Fitchburg,2,A,All Others,1,Governor,
Fitchburg,2,A,Blanks,9,Governor,
Fitchburg,2,A,Total Votes Cast,607,Governor,
Fitchburg,2,B,Maura Healey,477,Governor,
Fitchburg,2,B,Geoff Diehl,359,Governor,
Fitchburg,2,B,Kevin Reed,21,Governor,
Fitchburg,2,B,All Others,1,Governor,
Fitchburg,2,B,Blanks,6,Governor,
Fitchburg,2,B,Total Votes Cast,864,Governor,
Fitchburg,3,A,Maura Healey,785,Governor,
Fitchburg,3,A,Geoff Diehl,602,Governor,
Fitchburg,3,A,Kevin Reed,18,Governor,
Fitchburg,3,A,All Others,1,Governor,
Fitchburg,3,A,Blanks,48,Governor,
Fitchburg,3,A,Total Votes Cast,1454,Governor,
Fitchburg,3,B,Maura Healey,502,Governor,
Fitchburg,3,B,Geoff Diehl,442,Governor,
Fitchburg,3,B,Kevin Reed,14,Governor,
Fitchburg,3,B,All Others,0,Governor,
Fitchburg,3,B,Blanks,20,Governor,
Fitchburg,3,B,Total Votes Cast,978,Governor,
Fitchburg,4,A,Maura Healey,332,Governor,
Fitchburg,4,A,Geoff Diehl,229,Governor,
Fitchburg,4,A,Kevin Reed,14,Governor,
Fitchburg,4,A,All Others,2,Governor,
Fitchburg,4,A,Blanks,10,Governor,
Fitchburg,4,A,Total Votes Cast,587,Governor,
Fitchburg,4,B,Maura Healey,339,Governor,
Fitchburg,4,B,Geoff Diehl,170,Governor,
Fitchburg,4,B,Kevin Reed,14,Governor,
Fitchburg,4,B,All Others,0,Governor,
Fitchburg,4,B,Blanks,50,Governor,
Fitchburg,4,B,Total Votes Cast,573,Governor,
Fitchburg,5,A,Maura Healey,740,Governor,
Fitchburg,5,A,Geoff Diehl,695,Governor,
Fitchburg,5,A,Kevin Reed,19,Governor,
Fitchburg,5,A,All Others,0,Governor,
Fitchburg,5,A,Blanks,17,Governor,
Fitchburg,5,A,Total Votes Cast,1471,Governor,
Fitchburg,5,B,Maura Healey,293,Governor,
Fitchburg,5,B,Geoff Diehl,150,Governor,
Fitchburg,5,B,Kevin Reed,11,Governor,
Fitchburg,5,B,All Others,0,Governor,
Fitchburg,5,B,Blanks,5,Governor,
Fitchburg,5,B,Total Votes Cast,459,Governor,
Fitchburg,6,A,Maura Healey,607,Governor,
Fitchburg,6,A,Geoff Diehl,486,Governor,
Fitchburg,6,A,Kevin Reed,21,Governor,
Fitchburg,6,A,All Others,0,Governor,
Fitchburg,6,A,Blanks,17,Governor,
Fitchburg,6,A,Total Votes Cast,1131,Governor,
Fitchburg,6,B,Maura Healey,374,Governor,
Fitchburg,6,B,Geoff Diehl,221,Governor,
Fitchburg,6,B,Kevin Reed,16,Governor,
Fitchburg,6,B,All Others,1,Governor,
Fitchburg,6,B,Blanks,24,Governor,
Fitchburg,6,B,Total Votes Cast,636,Governor,
Florida,,,Maura Healey,132,Governor,
Florida,,,Geoff Diehl,145,Governor,
Florida,,,Kevin Reed,7,Governor,
Florida,,,All Others,0,Governor,
Florida,,,Blanks,3,Governor,
Florida,,,Total Votes Cast,287,Governor,
Foxborough,-,1,Maura Healey,740,Governor,
Foxborough,-,1,Geoff Diehl,573,Governor,
Foxborough,-,1,Kevin Reed,19,Governor,
Foxborough,-,1,All Others,0,Governor,
Foxborough,-,1,Blanks,11,Governor,
Foxborough,-,1,Total Votes Cast,1343,Governor,
Foxborough,-,2,Maura Healey,1096,Governor,
Foxborough,-,2,Geoff Diehl,776,Governor,
Foxborough,-,2,Kevin Reed,22,Governor,
Foxborough,-,2,All Others,0,Governor,
Foxborough,-,2,Blanks,15,Governor,
Foxborough,-,2,Total Votes Cast,1909,Governor,
Foxborough,-,3,Maura Healey,810,Governor,
Foxborough,-,3,Geoff Diehl,714,Governor,
Foxborough,-,3,Kevin Reed,29,Governor,
Foxborough,-,3,All Others,1,Governor,
Foxborough,-,3,Blanks,7,Governor,
Foxborough,-,3,Total Votes Cast,1561,Governor,
Foxborough,-,4,Maura Healey,961,Governor,
Foxborough,-,4,Geoff Diehl,692,Governor,
Foxborough,-,4,Kevin Reed,26,Governor,
Foxborough,-,4,All Others,5,Governor,
Foxborough,-,4,Blanks,18,Governor,
Foxborough,-,4,Total Votes Cast,1702,Governor,
Foxborough,-,5,Maura Healey,865,Governor,
Foxborough,-,5,Geoff Diehl,638,Governor,
Foxborough,-,5,Kevin Reed,40,Governor,
Foxborough,-,5,All Others,0,Governor,
Foxborough,-,5,Blanks,17,Governor,
Foxborough,-,5,Total Votes Cast,1560,Governor,
Framingham,-,1,Maura Healey,217,Governor,
Framingham,-,1,Geoff Diehl,64,Governor,
Framingham,-,1,Kevin Reed,8,Governor,
Framingham,-,1,All Others,0,Governor,
Framingham,-,1,Blanks,7,Governor,
Framingham,-,1,Total Votes Cast,296,Governor,
Framingham,-,10,Maura Healey,407,Governor,
Framingham,-,10,Geoff Diehl,125,Governor,
Framingham,-,10,Kevin Reed,10,Governor,
Framingham,-,10,All Others,3,Governor,
Framingham,-,10,Blanks,5,Governor,
Framingham,-,10,Total Votes Cast,550,Governor,
Framingham,-,11,Maura Healey,509,Governor,
Framingham,-,11,Geoff Diehl,157,Governor,
Framingham,-,11,Kevin Reed,6,Governor,
Framingham,-,11,All Others,1,Governor,
Framingham,-,11,Blanks,13,Governor,
Framingham,-,11,Total Votes Cast,686,Governor,
Framingham,-,12,Maura Healey,445,Governor,
Framingham,-,12,Geoff Diehl,118,Governor,
Framingham,-,12,Kevin Reed,15,Governor,
Framingham,-,12,All Others,2,Governor,
Framingham,-,12,Blanks,4,Governor,
Framingham,-,12,Total Votes Cast,584,Governor,
Framingham,-,13,Maura Healey,270,Governor,
Framingham,-,13,Geoff Diehl,67,Governor,
Framingham,-,13,Kevin Reed,2,Governor,
Framingham,-,13,All Others,0,Governor,
Framingham,-,13,Blanks,6,Governor,
Framingham,-,13,Total Votes Cast,345,Governor,
Framingham,-,14,Maura Healey,344,Governor,
Framingham,-,14,Geoff Diehl,114,Governor,
Framingham,-,14,Kevin Reed,9,Governor,
Framingham,-,14,All Others,3,Governor,
Framingham,-,14,Blanks,11,Governor,
Framingham,-,14,Total Votes Cast,481,Governor,
Framingham,-,15,Maura Healey,368,Governor,
Framingham,-,15,Geoff Diehl,134,Governor,
Framingham,-,15,Kevin Reed,5,Governor,
Framingham,-,15,All Others,0,Governor,
Framingham,-,15,Blanks,8,Governor,
Framingham,-,15,Total Votes Cast,515,Governor,
Framingham,-,16,Maura Healey,647,Governor,
Framingham,-,16,Geoff Diehl,265,Governor,
Framingham,-,16,Kevin Reed,14,Governor,
Framingham,-,16,All Others,3,Governor,
Framingham,-,16,Blanks,7,Governor,
Framingham,-,16,Total Votes Cast,936,Governor,
Framingham,-,17,Maura Healey,778,Governor,
Framingham,-,17,Geoff Diehl,249,Governor,
Framingham,-,17,Kevin Reed,8,Governor,
Framingham,-,17,All Others,2,Governor,
Framingham,-,17,Blanks,7,Governor,
Framingham,-,17,Total Votes Cast,1044,Governor,
Framingham,-,18,Maura Healey,861,Governor,
Framingham,-,18,Geoff Diehl,332,Governor,
Framingham,-,18,Kevin Reed,13,Governor,
Framingham,-,18,All Others,4,Governor,
Framingham,-,18,Blanks,12,Governor,
Framingham,-,18,Total Votes Cast,1222,Governor,
Framingham,-,19,Maura Healey,831,Governor,
Framingham,-,19,Geoff Diehl,344,Governor,
Framingham,-,19,Kevin Reed,19,Governor,
Framingham,-,19,All Others,2,Governor,
Framingham,-,19,Blanks,13,Governor,
Framingham,-,19,Total Votes Cast,1209,Governor,
Framingham,-,2,Maura Healey,145,Governor,
Framingham,-,2,Geoff Diehl,36,Governor,
Framingham,-,2,Kevin Reed,4,Governor,
Framingham,-,2,All Others,1,Governor,
Framingham,-,2,Blanks,3,Governor,
Framingham,-,2,Total Votes Cast,189,Governor,
Framingham,-,20,Maura Healey,896,Governor,
Framingham,-,20,Geoff Diehl,310,Governor,
Framingham,-,20,Kevin Reed,19,Governor,
Framingham,-,20,All Others,1,Governor,
Framingham,-,20,Blanks,7,Governor,
Framingham,-,20,Total Votes Cast,1233,Governor,
Framingham,-,21A,Maura Healey,656,Governor,
Framingham,-,21A,Geoff Diehl,237,Governor,
Framingham,-,21A,Kevin Reed,7,Governor,
Framingham,-,21A,All Others,1,Governor,
Framingham,-,21A,Blanks,8,Governor,
Framingham,-,21A,Total Votes Cast,909,Governor,
Framingham,-,21B,Maura Healey,403,Governor,
Framingham,-,21B,Geoff Diehl,130,Governor,
Framingham,-,21B,Kevin Reed,9,Governor,
Framingham,-,21B,All Others,0,Governor,
Framingham,-,21B,Blanks,5,Governor,
Framingham,-,21B,Total Votes Cast,547,Governor,
Framingham,-,21C,Maura Healey,22,Governor,
Framingham,-,21C,Geoff Diehl,10,Governor,
Framingham,-,21C,Kevin Reed,2,Governor,
Framingham,-,21C,All Others,0,Governor,
Framingham,-,21C,Blanks,0,Governor,
Framingham,-,21C,Total Votes Cast,34,Governor,
Framingham,-,22,Maura Healey,956,Governor,
Framingham,-,22,Geoff Diehl,308,Governor,
Framingham,-,22,Kevin Reed,15,Governor,
Framingham,-,22,All Others,2,Governor,
Framingham,-,22,Blanks,14,Governor,
Framingham,-,22,Total Votes Cast,1295,Governor,
Framingham,-,23,Maura Healey,767,Governor,
Framingham,-,23,Geoff Diehl,327,Governor,
Framingham,-,23,Kevin Reed,10,Governor,
Framingham,-,23,All Others,3,Governor,
Framingham,-,23,Blanks,9,Governor,
Framingham,-,23,Total Votes Cast,1116,Governor,
Framingham,-,24,Maura Healey,841,Governor,
Framingham,-,24,Geoff Diehl,293,Governor,
Framingham,-,24,Kevin Reed,27,Governor,
Framingham,-,24,All Others,2,Governor,
Framingham,-,24,Blanks,10,Governor,
Framingham,-,24,Total Votes Cast,1173,Governor,
Framingham,-,25,Maura Healey,832,Governor,
Framingham,-,25,Geoff Diehl,321,Governor,
Framingham,-,25,Kevin Reed,19,Governor,
Framingham,-,25,All Others,0,Governor,
Framingham,-,25,Blanks,11,Governor,
Framingham,-,25,Total Votes Cast,1183,Governor,
Framingham,-,26,Maura Healey,739,Governor,
Framingham,-,26,Geoff Diehl,260,Governor,
Framingham,-,26,Kevin Reed,21,Governor,
Framingham,-,26,All Others,0,Governor,
Framingham,-,26,Blanks,11,Governor,
Framingham,-,26,Total Votes Cast,1031,Governor,
Framingham,-,27,Maura Healey,774,Governor,
Framingham,-,27,Geoff Diehl,227,Governor,
Framingham,-,27,Kevin Reed,16,Governor,
Framingham,-,27,All Others,1,Governor,
Framingham,-,27,Blanks,7,Governor,
Framingham,-,27,Total Votes Cast,1025,Governor,
Framingham,-,3,Maura Healey,228,Governor,
Framingham,-,3,Geoff Diehl,55,Governor,
Framingham,-,3,Kevin Reed,4,Governor,
Framingham,-,3,All Others,0,Governor,
Framingham,-,3,Blanks,4,Governor,
Framingham,-,3,Total Votes Cast,291,Governor,
Framingham,-,4,Maura Healey,282,Governor,
Framingham,-,4,Geoff Diehl,110,Governor,
Framingham,-,4,Kevin Reed,3,Governor,
Framingham,-,4,All Others,0,Governor,
Framingham,-,4,Blanks,6,Governor,
Framingham,-,4,Total Votes Cast,401,Governor,
Framingham,-,5,Maura Healey,418,Governor,
Framingham,-,5,Geoff Diehl,154,Governor,
Framingham,-,5,Kevin Reed,8,Governor,
Framingham,-,5,All Others,2,Governor,
Framingham,-,5,Blanks,12,Governor,
Framingham,-,5,Total Votes Cast,594,Governor,
Framingham,-,6,Maura Healey,697,Governor,
Framingham,-,6,Geoff Diehl,228,Governor,
Framingham,-,6,Kevin Reed,11,Governor,
Framingham,-,6,All Others,1,Governor,
Framingham,-,6,Blanks,9,Governor,
Framingham,-,6,Total Votes Cast,946,Governor,
Framingham,-,7,Maura Healey,837,Governor,
Framingham,-,7,Geoff Diehl,240,Governor,
Framingham,-,7,Kevin Reed,20,Governor,
Framingham,-,7,All Others,1,Governor,
Framingham,-,7,Blanks,2,Governor,
Framingham,-,7,Total Votes Cast,1100,Governor,
Framingham,-,8,Maura Healey,440,Governor,
Framingham,-,8,Geoff Diehl,153,Governor,
Framingham,-,8,Kevin Reed,9,Governor,
Framingham,-,8,All Others,0,Governor,
Framingham,-,8,Blanks,6,Governor,
Framingham,-,8,Total Votes Cast,608,Governor,
Framingham,-,9A,Maura Healey,568,Governor,
Framingham,-,9A,Geoff Diehl,162,Governor,
Framingham,-,9A,Kevin Reed,12,Governor,
Framingham,-,9A,All Others,2,Governor,
Framingham,-,9A,Blanks,9,Governor,
Framingham,-,9A,Total Votes Cast,753,Governor,
Framingham,-,9B,Maura Healey,30,Governor,
Framingham,-,9B,Geoff Diehl,13,Governor,
Framingham,-,9B,Kevin Reed,0,Governor,
Framingham,-,9B,All Others,0,Governor,
Framingham,-,9B,Blanks,0,Governor,
Framingham,-,9B,Total Votes Cast,43,Governor,
Franklin,-,1,Maura Healey,959,Governor,
Franklin,-,1,Geoff Diehl,605,Governor,
Franklin,-,1,Kevin Reed,26,Governor,
Franklin,-,1,All Others,1,Governor,
Franklin,-,1,Blanks,12,Governor,
Franklin,-,1,Total Votes Cast,1603,Governor,
Franklin,-,2,Maura Healey,824,Governor,
Franklin,-,2,Geoff Diehl,533,Governor,
Franklin,-,2,Kevin Reed,22,Governor,
Franklin,-,2,All Others,3,Governor,
Franklin,-,2,Blanks,13,Governor,
Franklin,-,2,Total Votes Cast,1395,Governor,
Franklin,-,3,Maura Healey,948,Governor,
Franklin,-,3,Geoff Diehl,623,Governor,
Franklin,-,3,Kevin Reed,20,Governor,
Franklin,-,3,All Others,4,Governor,
Franklin,-,3,Blanks,12,Governor,
Franklin,-,3,Total Votes Cast,1607,Governor,
Franklin,-,4,Maura Healey,980,Governor,
Franklin,-,4,Geoff Diehl,764,Governor,
Franklin,-,4,Kevin Reed,22,Governor,
Franklin,-,4,All Others,0,Governor,
Franklin,-,4,Blanks,12,Governor,
Franklin,-,4,Total Votes Cast,1778,Governor,
Franklin,-,5,Maura Healey,1013,Governor,
Franklin,-,5,Geoff Diehl,641,Governor,
Franklin,-,5,Kevin Reed,31,Governor,
Franklin,-,5,All Others,2,Governor,
Franklin,-,5,Blanks,14,Governor,
Franklin,-,5,Total Votes Cast,1701,Governor,
Franklin,-,6,Maura Healey,1023,Governor,
Franklin,-,6,Geoff Diehl,579,Governor,
Franklin,-,6,Kevin Reed,22,Governor,
Franklin,-,6,All Others,1,Governor,
Franklin,-,6,Blanks,17,Governor,
Franklin,-,6,Total Votes Cast,1642,Governor,
Franklin,-,7,Maura Healey,1152,Governor,
Franklin,-,7,Geoff Diehl,704,Governor,
Franklin,-,7,Kevin Reed,22,Governor,
Franklin,-,7,All Others,7,Governor,
Franklin,-,7,Blanks,22,Governor,
Franklin,-,7,Total Votes Cast,1907,Governor,
Franklin,-,8,Maura Healey,980,Governor,
Franklin,-,8,Geoff Diehl,768,Governor,
Franklin,-,8,Kevin Reed,37,Governor,
Franklin,-,8,All Others,5,Governor,
Franklin,-,8,Blanks,17,Governor,
Franklin,-,8,Total Votes Cast,1807,Governor,
Franklin,-,9,Maura Healey,732,Governor,
Franklin,-,9,Geoff Diehl,445,Governor,
Franklin,-,9,Kevin Reed,23,Governor,
Franklin,-,9,All Others,5,Governor,
Franklin,-,9,Blanks,12,Governor,
Franklin,-,9,Total Votes Cast,1217,Governor,
Freetown,-,1,Maura Healey,549,Governor,
Freetown,-,1,Geoff Diehl,702,Governor,
Freetown,-,1,Kevin Reed,16,Governor,
Freetown,-,1,All Others,2,Governor,
Freetown,-,1,Blanks,8,Governor,
Freetown,-,1,Total Votes Cast,1277,Governor,
Freetown,-,2,Maura Healey,558,Governor,
Freetown,-,2,Geoff Diehl,707,Governor,
Freetown,-,2,Kevin Reed,26,Governor,
Freetown,-,2,All Others,1,Governor,
Freetown,-,2,Blanks,10,Governor,
Freetown,-,2,Total Votes Cast,1302,Governor,
Freetown,-,3,Maura Healey,534,Governor,
Freetown,-,3,Geoff Diehl,700,Governor,
Freetown,-,3,Kevin Reed,24,Governor,
Freetown,-,3,All Others,0,Governor,
Freetown,-,3,Blanks,8,Governor,
Freetown,-,3,Total Votes Cast,1266,Governor,
Gardner,1,A,Maura Healey,483,Governor,
Gardner,1,A,Geoff Diehl,298,Governor,
Gardner,1,A,Kevin Reed,15,Governor,
Gardner,1,A,All Others,0,Governor,
Gardner,1,A,Blanks,9,Governor,
Gardner,1,A,Total Votes Cast,805,Governor,
Gardner,1,B,Maura Healey,204,Governor,
Gardner,1,B,Geoff Diehl,200,Governor,
Gardner,1,B,Kevin Reed,5,Governor,
Gardner,1,B,All Others,0,Governor,
Gardner,1,B,Blanks,5,Governor,
Gardner,1,B,Total Votes Cast,414,Governor,
Gardner,2,A,Maura Healey,376,Governor,
Gardner,2,A,Geoff Diehl,277,Governor,
Gardner,2,A,Kevin Reed,20,Governor,
Gardner,2,A,All Others,0,Governor,
Gardner,2,A,Blanks,7,Governor,
Gardner,2,A,Total Votes Cast,680,Governor,
Gardner,2,B,Maura Healey,359,Governor,
Gardner,2,B,Geoff Diehl,367,Governor,
Gardner,2,B,Kevin Reed,9,Governor,
Gardner,2,B,All Others,0,Governor,
Gardner,2,B,Blanks,5,Governor,
Gardner,2,B,Total Votes Cast,740,Governor,
Gardner,3,A,Maura Healey,263,Governor,
Gardner,3,A,Geoff Diehl,246,Governor,
Gardner,3,A,Kevin Reed,19,Governor,
Gardner,3,A,All Others,0,Governor,
Gardner,3,A,Blanks,2,Governor,
Gardner,3,A,Total Votes Cast,530,Governor,
Gardner,3,B,Maura Healey,413,Governor,
Gardner,3,B,Geoff Diehl,268,Governor,
Gardner,3,B,Kevin Reed,10,Governor,
Gardner,3,B,All Others,0,Governor,
Gardner,3,B,Blanks,4,Governor,
Gardner,3,B,Total Votes Cast,695,Governor,
Gardner,4,A,Maura Healey,341,Governor,
Gardner,4,A,Geoff Diehl,208,Governor,
Gardner,4,A,Kevin Reed,21,Governor,
Gardner,4,A,All Others,0,Governor,
Gardner,4,A,Blanks,4,Governor,
Gardner,4,A,Total Votes Cast,574,Governor,
Gardner,4,B,Maura Healey,238,Governor,
Gardner,4,B,Geoff Diehl,168,Governor,
Gardner,4,B,Kevin Reed,13,Governor,
Gardner,4,B,All Others,0,Governor,
Gardner,4,B,Blanks,4,Governor,
Gardner,4,B,Total Votes Cast,423,Governor,
Gardner,5,A,Maura Healey,271,Governor,
Gardner,5,A,Geoff Diehl,218,Governor,
Gardner,5,A,Kevin Reed,7,Governor,
Gardner,5,A,All Others,0,Governor,
Gardner,5,A,Blanks,5,Governor,
Gardner,5,A,Total Votes Cast,501,Governor,
Gardner,5,B,Maura Healey,428,Governor,
Gardner,5,B,Geoff Diehl,360,Governor,
Gardner,5,B,Kevin Reed,16,Governor,
Gardner,5,B,All Others,0,Governor,
Gardner,5,B,Blanks,3,Governor,
Gardner,5,B,Total Votes Cast,807,Governor,
Georgetown,-,1,Maura Healey,765,Governor,
Georgetown,-,1,Geoff Diehl,643,Governor,
Georgetown,-,1,Kevin Reed,19,Governor,
Georgetown,-,1,All Others,1,Governor,
Georgetown,-,1,Blanks,9,Governor,
Georgetown,-,1,Total Votes Cast,1437,Governor,
Georgetown,-,2,Maura Healey,686,Governor,
Georgetown,-,2,Geoff Diehl,580,Governor,
Georgetown,-,2,Kevin Reed,24,Governor,
Georgetown,-,2,All Others,2,Governor,
Georgetown,-,2,Blanks,5,Governor,
Georgetown,-,2,Total Votes Cast,1297,Governor,
Georgetown,-,3,Maura Healey,694,Governor,
Georgetown,-,3,Geoff Diehl,580,Governor,
Georgetown,-,3,Kevin Reed,20,Governor,
Georgetown,-,3,All Others,2,Governor,
Georgetown,-,3,Blanks,14,Governor,
Georgetown,-,3,Total Votes Cast,1310,Governor,
Gill,,,Maura Healey,527,Governor,
Gill,,,Geoff Diehl,232,Governor,
Gill,,,Kevin Reed,14,Governor,
Gill,,,All Others,1,Governor,
Gill,,,Blanks,4,Governor,
Gill,,,Total Votes Cast,778,Governor,
Gloucester,1,1,Maura Healey,1193,Governor,
Gloucester,1,1,Geoff Diehl,468,Governor,
Gloucester,1,1,Kevin Reed,23,Governor,
Gloucester,1,1,All Others,1,Governor,
Gloucester,1,1,Blanks,17,Governor,
Gloucester,1,1,Total Votes Cast,1702,Governor,
Gloucester,1,2,Maura Healey,854,Governor,
Gloucester,1,2,Geoff Diehl,397,Governor,
Gloucester,1,2,Kevin Reed,20,Governor,
Gloucester,1,2,All Others,0,Governor,
Gloucester,1,2,Blanks,10,Governor,
Gloucester,1,2,Total Votes Cast,1281,Governor,
Gloucester,2,1,Maura Healey,673,Governor,
Gloucester,2,1,Geoff Diehl,281,Governor,
Gloucester,2,1,Kevin Reed,23,Governor,
Gloucester,2,1,All Others,2,Governor,
Gloucester,2,1,Blanks,17,Governor,
Gloucester,2,1,Total Votes Cast,996,Governor,
Gloucester,2,2,Maura Healey,630,Governor,
Gloucester,2,2,Geoff Diehl,233,Governor,
Gloucester,2,2,Kevin Reed,17,Governor,
Gloucester,2,2,All Others,3,Governor,
Gloucester,2,2,Blanks,11,Governor,
Gloucester,2,2,Total Votes Cast,894,Governor,
Gloucester,3,1,Maura Healey,621,Governor,
Gloucester,3,1,Geoff Diehl,325,Governor,
Gloucester,3,1,Kevin Reed,10,Governor,
Gloucester,3,1,All Others,1,Governor,
Gloucester,3,1,Blanks,12,Governor,
Gloucester,3,1,Total Votes Cast,969,Governor,
Gloucester,3,2,Maura Healey,699,Governor,
Gloucester,3,2,Geoff Diehl,385,Governor,
Gloucester,3,2,Kevin Reed,14,Governor,
Gloucester,3,2,All Others,1,Governor,
Gloucester,3,2,Blanks,10,Governor,
Gloucester,3,2,Total Votes Cast,1109,Governor,
Gloucester,4,1,Maura Healey,796,Governor,
Gloucester,4,1,Geoff Diehl,499,Governor,
Gloucester,4,1,Kevin Reed,18,Governor,
Gloucester,4,1,All Others,1,Governor,
Gloucester,4,1,Blanks,14,Governor,
Gloucester,4,1,Total Votes Cast,1328,Governor,
Gloucester,4,2,Maura Healey,1331,Governor,
Gloucester,4,2,Geoff Diehl,403,Governor,
Gloucester,4,2,Kevin Reed,31,Governor,
Gloucester,4,2,All Others,4,Governor,
Gloucester,4,2,Blanks,14,Governor,
Gloucester,4,2,Total Votes Cast,1783,Governor,
Gloucester,5,1,Maura Healey,1050,Governor,
Gloucester,5,1,Geoff Diehl,531,Governor,
Gloucester,5,1,Kevin Reed,25,Governor,
Gloucester,5,1,All Others,3,Governor,
Gloucester,5,1,Blanks,19,Governor,
Gloucester,5,1,Total Votes Cast,1628,Governor,
Gloucester,5,2,Maura Healey,1035,Governor,
Gloucester,5,2,Geoff Diehl,626,Governor,
Gloucester,5,2,Kevin Reed,33,Governor,
Gloucester,5,2,All Others,1,Governor,
Gloucester,5,2,Blanks,13,Governor,
Gloucester,5,2,Total Votes Cast,1708,Governor,
Goshen,,,Maura Healey,319,Governor,
Goshen,,,Geoff Diehl,189,Governor,
Goshen,,,Kevin Reed,6,Governor,
Goshen,,,All Others,0,Governor,
Goshen,,,Blanks,5,Governor,
Goshen,,,Total Votes Cast,519,Governor,
Gosnold,,,Maura Healey,39,Governor,
Gosnold,,,Geoff Diehl,13,Governor,
Gosnold,,,Kevin Reed,1,Governor,
Gosnold,,,All Others,0,Governor,
Gosnold,,,Blanks,2,Governor,
Gosnold,,,Total Votes Cast,55,Governor,
Grafton,-,1,Maura Healey,915,Governor,
Grafton,-,1,Geoff Diehl,615,Governor,
Grafton,-,1,Kevin Reed,33,Governor,
Grafton,-,1,All Others,0,Governor,
Grafton,-,1,Blanks,11,Governor,
Grafton,-,1,Total Votes Cast,1574,Governor,
Grafton,-,2,Maura Healey,1037,Governor,
Grafton,-,2,Geoff Diehl,611,Governor,
Grafton,-,2,Kevin Reed,27,Governor,
Grafton,-,2,All Others,2,Governor,
Grafton,-,2,Blanks,18,Governor,
Grafton,-,2,Total Votes Cast,1695,Governor,
Grafton,-,3,Maura Healey,957,Governor,
Grafton,-,3,Geoff Diehl,625,Governor,
Grafton,-,3,Kevin Reed,28,Governor,
Grafton,-,3,All Others,3,Governor,
Grafton,-,3,Blanks,12,Governor,
Grafton,-,3,Total Votes Cast,1625,Governor,
Grafton,-,4,Maura Healey,822,Governor,
Grafton,-,4,Geoff Diehl,514,Governor,
Grafton,-,4,Kevin Reed,17,Governor,
Grafton,-,4,All Others,0,Governor,
Grafton,-,4,Blanks,17,Governor,
Grafton,-,4,Total Votes Cast,1370,Governor,
Grafton,-,5,Maura Healey,1109,Governor,
Grafton,-,5,Geoff Diehl,695,Governor,
Grafton,-,5,Kevin Reed,27,Governor,
Grafton,-,5,All Others,2,Governor,
Grafton,-,5,Blanks,19,Governor,
Grafton,-,5,Total Votes Cast,1852,Governor,
Granby,-,1,Maura Healey,770,Governor,
Granby,-,1,Geoff Diehl,670,Governor,
Granby,-,1,Kevin Reed,22,Governor,
Granby,-,1,All Others,0,Governor,
Granby,-,1,Blanks,20,Governor,
Granby,-,1,Total Votes Cast,1482,Governor,
Granby,-,2,Maura Healey,633,Governor,
Granby,-,2,Geoff Diehl,736,Governor,
Granby,-,2,Kevin Reed,22,Governor,
Granby,-,2,All Others,0,Governor,
Granby,-,2,Blanks,6,Governor,
Granby,-,2,Total Votes Cast,1397,Governor,
Granby,-,2A,Maura Healey,13,Governor,
Granby,-,2A,Geoff Diehl,13,Governor,
Granby,-,2A,Kevin Reed,2,Governor,
Granby,-,2A,All Others,0,Governor,
Granby,-,2A,Blanks,0,Governor,
Granby,-,2A,Total Votes Cast,28,Governor,
Granville,,,Maura Healey,279,Governor,
Granville,,,Geoff Diehl,453,Governor,
Granville,,,Kevin Reed,17,Governor,
Granville,,,All Others,0,Governor,
Granville,,,Blanks,1,Governor,
Granville,,,Total Votes Cast,750,Governor,
Great Barrington,-,A,Maura Healey,618,Governor,
Great Barrington,-,A,Geoff Diehl,130,Governor,
Great Barrington,-,A,Kevin Reed,17,Governor,
Great Barrington,-,A,All Others,1,Governor,
Great Barrington,-,A,Blanks,9,Governor,
Great Barrington,-,A,Total Votes Cast,775,Governor,
Great Barrington,-,B,Maura Healey,617,Governor,
Great Barrington,-,B,Geoff Diehl,152,Governor,
Great Barrington,-,B,Kevin Reed,16,Governor,
Great Barrington,-,B,All Others,1,Governor,
Great Barrington,-,B,Blanks,7,Governor,
Great Barrington,-,B,Total Votes Cast,793,Governor,
Great Barrington,-,C,Maura Healey,475,Governor,
Great Barrington,-,C,Geoff Diehl,75,Governor,
Great Barrington,-,C,Kevin Reed,7,Governor,
Great Barrington,-,C,All Others,1,Governor,
Great Barrington,-,C,Blanks,6,Governor,
Great Barrington,-,C,Total Votes Cast,564,Governor,
Great Barrington,-,D,Maura Healey,707,Governor,
Great Barrington,-,D,Geoff Diehl,158,Governor,
Great Barrington,-,D,Kevin Reed,8,Governor,
Great Barrington,-,D,All Others,0,Governor,
Great Barrington,-,D,Blanks,6,Governor,
Great Barrington,-,D,Total Votes Cast,879,Governor,
Greenfield,-,1,Maura Healey,533,Governor,
Greenfield,-,1,Geoff Diehl,310,Governor,
Greenfield,-,1,Kevin Reed,8,Governor,
Greenfield,-,1,All Others,0,Governor,
Greenfield,-,1,Blanks,8,Governor,
Greenfield,-,1,Total Votes Cast,859,Governor,
Greenfield,-,2,Maura Healey,724,Governor,
Greenfield,-,2,Geoff Diehl,286,Governor,
Greenfield,-,2,Kevin Reed,13,Governor,
Greenfield,-,2,All Others,0,Governor,
Greenfield,-,2,Blanks,9,Governor,
Greenfield,-,2,Total Votes Cast,1032,Governor,
Greenfield,-,3,Maura Healey,635,Governor,
Greenfield,-,3,Geoff Diehl,233,Governor,
Greenfield,-,3,Kevin Reed,5,Governor,
Greenfield,-,3,All Others,0,Governor,
Greenfield,-,3,Blanks,6,Governor,
Greenfield,-,3,Total Votes Cast,879,Governor,
Greenfield,-,4,Maura Healey,668,Governor,
Greenfield,-,4,Geoff Diehl,201,Governor,
Greenfield,-,4,Kevin Reed,6,Governor,
Greenfield,-,4,All Others,2,Governor,
Greenfield,-,4,Blanks,14,Governor,
Greenfield,-,4,Total Votes Cast,891,Governor,
Greenfield,-,5,Maura Healey,673,Governor,
Greenfield,-,5,Geoff Diehl,154,Governor,
Greenfield,-,5,Kevin Reed,10,Governor,
Greenfield,-,5,All Others,2,Governor,
Greenfield,-,5,Blanks,11,Governor,
Greenfield,-,5,Total Votes Cast,850,Governor,
Greenfield,-,6,Maura Healey,654,Governor,
Greenfield,-,6,Geoff Diehl,137,Governor,
Greenfield,-,6,Kevin Reed,8,Governor,
Greenfield,-,6,All Others,3,Governor,
Greenfield,-,6,Blanks,9,Governor,
Greenfield,-,6,Total Votes Cast,811,Governor,
Greenfield,-,7,Maura Healey,434,Governor,
Greenfield,-,7,Geoff Diehl,182,Governor,
Greenfield,-,7,Kevin Reed,8,Governor,
Greenfield,-,7,All Others,1,Governor,
Greenfield,-,7,Blanks,4,Governor,
Greenfield,-,7,Total Votes Cast,629,Governor,
Greenfield,-,8,Maura Healey,476,Governor,
Greenfield,-,8,Geoff Diehl,130,Governor,
Greenfield,-,8,Kevin Reed,7,Governor,
Greenfield,-,8,All Others,2,Governor,
Greenfield,-,8,Blanks,4,Governor,
Greenfield,-,8,Total Votes Cast,619,Governor,
Greenfield,-,9,Maura Healey,330,Governor,
Greenfield,-,9,Geoff Diehl,145,Governor,
Greenfield,-,9,Kevin Reed,3,Governor,
Greenfield,-,9,All Others,0,Governor,
Greenfield,-,9,Blanks,9,Governor,
Greenfield,-,9,Total Votes Cast,487,Governor,
Groton,-,1,Maura Healey,1244,Governor,
Groton,-,1,Geoff Diehl,555,Governor,
Groton,-,1,Kevin Reed,39,Governor,
Groton,-,1,All Others,4,Governor,
Groton,-,1,Blanks,12,Governor,
Groton,-,1,Total Votes Cast,1854,Governor,
Groton,-,2,Maura Healey,1123,Governor,
Groton,-,2,Geoff Diehl,634,Governor,
Groton,-,2,Kevin Reed,28,Governor,
Groton,-,2,All Others,5,Governor,
Groton,-,2,Blanks,10,Governor,
Groton,-,2,Total Votes Cast,1800,Governor,
Groton,-,3,Maura Healey,1171,Governor,
Groton,-,3,Geoff Diehl,532,Governor,
Groton,-,3,Kevin Reed,40,Governor,
Groton,-,3,All Others,9,Governor,
Groton,-,3,Blanks,19,Governor,
Groton,-,3,Total Votes Cast,1771,Governor,
Groton,-,3A,Maura Healey,80,Governor,
Groton,-,3A,Geoff Diehl,40,Governor,
Groton,-,3A,Kevin Reed,4,Governor,
Groton,-,3A,All Others,0,Governor,
Groton,-,3A,Blanks,2,Governor,
Groton,-,3A,Total Votes Cast,126,Governor,
Groveland,-,1,Maura Healey,885,Governor,
Groveland,-,1,Geoff Diehl,790,Governor,
Groveland,-,1,Kevin Reed,25,Governor,
Groveland,-,1,All Others,0,Governor,
Groveland,-,1,Blanks,12,Governor,
Groveland,-,1,Total Votes Cast,1712,Governor,
Groveland,-,2,Maura Healey,848,Governor,
Groveland,-,2,Geoff Diehl,773,Governor,
Groveland,-,2,Kevin Reed,27,Governor,
Groveland,-,2,All Others,1,Governor,
Groveland,-,2,Blanks,14,Governor,
Groveland,-,2,Total Votes Cast,1663,Governor,
Hadley,,,Maura Healey,1788,Governor,
Hadley,,,Geoff Diehl,720,Governor,
Hadley,,,Kevin Reed,35,Governor,
Hadley,,,All Others,2,Governor,
Hadley,,,Blanks,23,Governor,
Hadley,,,Total Votes Cast,2568,Governor,
Halifax,-,1,Maura Healey,786,Governor,
Halifax,-,1,Geoff Diehl,983,Governor,
Halifax,-,1,Kevin Reed,30,Governor,
Halifax,-,1,All Others,0,Governor,
Halifax,-,1,Blanks,9,Governor,
Halifax,-,1,Total Votes Cast,1808,Governor,
Halifax,-,2,Maura Healey,769,Governor,
Halifax,-,2,Geoff Diehl,879,Governor,
Halifax,-,2,Kevin Reed,22,Governor,
Halifax,-,2,All Others,2,Governor,
Halifax,-,2,Blanks,9,Governor,
Halifax,-,2,Total Votes Cast,1681,Governor,
Halifax,-,2A,Maura Healey,24,Governor,
Halifax,-,2A,Geoff Diehl,48,Governor,
Halifax,-,2A,Kevin Reed,2,Governor,
Halifax,-,2A,All Others,0,Governor,
Halifax,-,2A,Blanks,1,Governor,
Halifax,-,2A,Total Votes Cast,75,Governor,
Hamilton,-,1,Maura Healey,1183,Governor,
Hamilton,-,1,Geoff Diehl,645,Governor,
Hamilton,-,1,Kevin Reed,29,Governor,
Hamilton,-,1,All Others,3,Governor,
Hamilton,-,1,Blanks,17,Governor,
Hamilton,-,1,Total Votes Cast,1877,Governor,
Hamilton,-,2,Maura Healey,1194,Governor,
Hamilton,-,2,Geoff Diehl,612,Governor,
Hamilton,-,2,Kevin Reed,34,Governor,
Hamilton,-,2,All Others,3,Governor,
Hamilton,-,2,Blanks,11,Governor,
Hamilton,-,2,Total Votes Cast,1854,Governor,
Hampden,,,Maura Healey,1026,Governor,
Hampden,,,Geoff Diehl,1266,Governor,
Hampden,,,Kevin Reed,38,Governor,
Hampden,,,All Others,0,Governor,
Hampden,,,Blanks,22,Governor,
Hampden,,,Total Votes Cast,2352,Governor,
Hancock,,,Maura Healey,182,Governor,
Hancock,,,Geoff Diehl,152,Governor,
Hancock,,,Kevin Reed,14,Governor,
Hancock,,,All Others,0,Governor,
Hancock,,,Blanks,6,Governor,
Hancock,,,Total Votes Cast,354,Governor,
Hanover,-,1,Maura Healey,896,Governor,
Hanover,-,1,Geoff Diehl,1025,Governor,
Hanover,-,1,Kevin Reed,19,Governor,
Hanover,-,1,All Others,2,Governor,
Hanover,-,1,Blanks,13,Governor,
Hanover,-,1,Total Votes Cast,1955,Governor,
Hanover,-,2,Maura Healey,865,Governor,
Hanover,-,2,Geoff Diehl,905,Governor,
Hanover,-,2,Kevin Reed,10,Governor,
Hanover,-,2,All Others,1,Governor,
Hanover,-,2,Blanks,25,Governor,
Hanover,-,2,Total Votes Cast,1806,Governor,
Hanover,-,3,Maura Healey,829,Governor,
Hanover,-,3,Geoff Diehl,837,Governor,
Hanover,-,3,Kevin Reed,22,Governor,
Hanover,-,3,All Others,2,Governor,
Hanover,-,3,Blanks,19,Governor,
Hanover,-,3,Total Votes Cast,1709,Governor,
Hanover,-,4,Maura Healey,934,Governor,
Hanover,-,4,Geoff Diehl,960,Governor,
Hanover,-,4,Kevin Reed,19,Governor,
Hanover,-,4,All Others,1,Governor,
Hanover,-,4,Blanks,21,Governor,
Hanover,-,4,Total Votes Cast,1935,Governor,
Hanson,-,1,Maura Healey,738,Governor,
Hanson,-,1,Geoff Diehl,932,Governor,
Hanson,-,1,Kevin Reed,25,Governor,
Hanson,-,1,All Others,1,Governor,
Hanson,-,1,Blanks,20,Governor,
Hanson,-,1,Total Votes Cast,1716,Governor,
Hanson,-,2,Maura Healey,817,Governor,
Hanson,-,2,Geoff Diehl,1002,Governor,
Hanson,-,2,Kevin Reed,31,Governor,
Hanson,-,2,All Others,1,Governor,
Hanson,-,2,Blanks,11,Governor,
Hanson,-,2,Total Votes Cast,1862,Governor,
Hanson,-,3,Maura Healey,650,Governor,
Hanson,-,3,Geoff Diehl,773,Governor,
Hanson,-,3,Kevin Reed,32,Governor,
Hanson,-,3,All Others,0,Governor,
Hanson,-,3,Blanks,14,Governor,
Hanson,-,3,Total Votes Cast,1469,Governor,
Hardwick,,,Maura Healey,506,Governor,
Hardwick,,,Geoff Diehl,573,Governor,
Hardwick,,,Kevin Reed,27,Governor,
Hardwick,,,All Others,0,Governor,
Hardwick,,,Blanks,12,Governor,
Hardwick,,,Total Votes Cast,1118,Governor,
Harvard,,,Maura Healey,2298,Governor,
Harvard,,,Geoff Diehl,819,Governor,
Harvard,,,Kevin Reed,61,Governor,
Harvard,,,All Others,4,Governor,
Harvard,,,Blanks,17,Governor,
Harvard,,,Total Votes Cast,3199,Governor,
Harwich,-,1,Maura Healey,1313,Governor,
Harwich,-,1,Geoff Diehl,796,Governor,
Harwich,-,1,Kevin Reed,33,Governor,
Harwich,-,1,All Others,1,Governor,
Harwich,-,1,Blanks,24,Governor,
Harwich,-,1,Total Votes Cast,2167,Governor,
Harwich,-,2,Maura Healey,1120,Governor,
Harwich,-,2,Geoff Diehl,718,Governor,
Harwich,-,2,Kevin Reed,25,Governor,
Harwich,-,2,All Others,0,Governor,
Harwich,-,2,Blanks,11,Governor,
Harwich,-,2,Total Votes Cast,1874,Governor,
Harwich,-,3,Maura Healey,1083,Governor,
Harwich,-,3,Geoff Diehl,710,Governor,
Harwich,-,3,Kevin Reed,24,Governor,
Harwich,-,3,All Others,0,Governor,
Harwich,-,3,Blanks,8,Governor,
Harwich,-,3,Total Votes Cast,1825,Governor,
Harwich,-,4,Maura Healey,931,Governor,
Harwich,-,4,Geoff Diehl,648,Governor,
Harwich,-,4,Kevin Reed,24,Governor,
Harwich,-,4,All Others,3,Governor,
Harwich,-,4,Blanks,5,Governor,
Harwich,-,4,Total Votes Cast,1611,Governor,
Hatfield,,,Maura Healey,1184,Governor,
Hatfield,,,Geoff Diehl,545,Governor,
Hatfield,,,Kevin Reed,30,Governor,
Hatfield,,,All Others,0,Governor,
Hatfield,,,Blanks,12,Governor,
Hatfield,,,Total Votes Cast,1771,Governor,
Haverhill,1,1,Maura Healey,215,Governor,
Haverhill,1,1,Geoff Diehl,111,Governor,
Haverhill,1,1,Kevin Reed,2,Governor,
Haverhill,1,1,All Others,0,Governor,
Haverhill,1,1,Blanks,4,Governor,
Haverhill,1,1,Total Votes Cast,332,Governor,
Haverhill,1,2,Maura Healey,276,Governor,
Haverhill,1,2,Geoff Diehl,105,Governor,
Haverhill,1,2,Kevin Reed,5,Governor,
Haverhill,1,2,All Others,0,Governor,
Haverhill,1,2,Blanks,5,Governor,
Haverhill,1,2,Total Votes Cast,391,Governor,
Haverhill,1,2A,Maura Healey,125,Governor,
Haverhill,1,2A,Geoff Diehl,66,Governor,
Haverhill,1,2A,Kevin Reed,2,Governor,
Haverhill,1,2A,All Others,1,Governor,
Haverhill,1,2A,Blanks,1,Governor,
Haverhill,1,2A,Total Votes Cast,195,Governor,
Haverhill,1,3,Maura Healey,240,Governor,
Haverhill,1,3,Geoff Diehl,123,Governor,
Haverhill,1,3,Kevin Reed,9,Governor,
Haverhill,1,3,All Others,1,Governor,
Haverhill,1,3,Blanks,6,Governor,
Haverhill,1,3,Total Votes Cast,379,Governor,
Haverhill,1,3A,Maura Healey,169,Governor,
Haverhill,1,3A,Geoff Diehl,103,Governor,
Haverhill,1,3A,Kevin Reed,7,Governor,
Haverhill,1,3A,All Others,0,Governor,
Haverhill,1,3A,Blanks,4,Governor,
Haverhill,1,3A,Total Votes Cast,283,Governor,
Haverhill,2,1,Maura Healey,621,Governor,
Haverhill,2,1,Geoff Diehl,379,Governor,
Haverhill,2,1,Kevin Reed,16,Governor,
Haverhill,2,1,All Others,1,Governor,
Haverhill,2,1,Blanks,13,Governor,
Haverhill,2,1,Total Votes Cast,1030,Governor,
Haverhill,2,2,Maura Healey,618,Governor,
Haverhill,2,2,Geoff Diehl,381,Governor,
Haverhill,2,2,Kevin Reed,22,Governor,
Haverhill,2,2,All Others,2,Governor,
Haverhill,2,2,Blanks,10,Governor,
Haverhill,2,2,Total Votes Cast,1033,Governor,
Haverhill,2,3,Maura Healey,321,Governor,
Haverhill,2,3,Geoff Diehl,158,Governor,
Haverhill,2,3,Kevin Reed,3,Governor,
Haverhill,2,3,All Others,1,Governor,
Haverhill,2,3,Blanks,1,Governor,
Haverhill,2,3,Total Votes Cast,484,Governor,
Haverhill,3,1,Maura Healey,415,Governor,
Haverhill,3,1,Geoff Diehl,158,Governor,
Haverhill,3,1,Kevin Reed,15,Governor,
Haverhill,3,1,All Others,0,Governor,
Haverhill,3,1,Blanks,4,Governor,
Haverhill,3,1,Total Votes Cast,592,Governor,
Haverhill,3,2,Maura Healey,360,Governor,
Haverhill,3,2,Geoff Diehl,187,Governor,
Haverhill,3,2,Kevin Reed,12,Governor,
Haverhill,3,2,All Others,0,Governor,
Haverhill,3,2,Blanks,5,Governor,
Haverhill,3,2,Total Votes Cast,564,Governor,
Haverhill,3,3,Maura Healey,369,Governor,
Haverhill,3,3,Geoff Diehl,195,Governor,
Haverhill,3,3,Kevin Reed,11,Governor,
Haverhill,3,3,All Others,0,Governor,
Haverhill,3,3,Blanks,4,Governor,
Haverhill,3,3,Total Votes Cast,579,Governor,
Haverhill,4,1,Maura Healey,724,Governor,
Haverhill,4,1,Geoff Diehl,543,Governor,
Haverhill,4,1,Kevin Reed,27,Governor,
Haverhill,4,1,All Others,1,Governor,
Haverhill,4,1,Blanks,8,Governor,
Haverhill,4,1,Total Votes Cast,1303,Governor,
Haverhill,4,2,Maura Healey,823,Governor,
Haverhill,4,2,Geoff Diehl,758,Governor,
Haverhill,4,2,Kevin Reed,25,Governor,
Haverhill,4,2,All Others,2,Governor,
Haverhill,4,2,Blanks,10,Governor,
Haverhill,4,2,Total Votes Cast,1618,Governor,
Haverhill,4,3,Maura Healey,672,Governor,
Haverhill,4,3,Geoff Diehl,544,Governor,
Haverhill,4,3,Kevin Reed,15,Governor,
Haverhill,4,3,All Others,0,Governor,
Haverhill,4,3,Blanks,15,Governor,
Haverhill,4,3,Total Votes Cast,1246,Governor,
Haverhill,5,1,Maura Healey,382,Governor,
Haverhill,5,1,Geoff Diehl,259,Governor,
Haverhill,5,1,Kevin Reed,10,Governor,
Haverhill,5,1,All Others,0,Governor,
Haverhill,5,1,Blanks,5,Governor,
Haverhill,5,1,Total Votes Cast,656,Governor,
Haverhill,5,1A,Maura Healey,256,Governor,
Haverhill,5,1A,Geoff Diehl,155,Governor,
Haverhill,5,1A,Kevin Reed,13,Governor,
Haverhill,5,1A,All Others,0,Governor,
Haverhill,5,1A,Blanks,4,Governor,
Haverhill,5,1A,Total Votes Cast,428,Governor,
Haverhill,5,2,Maura Healey,759,Governor,
Haverhill,5,2,Geoff Diehl,609,Governor,
Haverhill,5,2,Kevin Reed,16,Governor,
Haverhill,5,2,All Others,0,Governor,
Haverhill,5,2,Blanks,8,Governor,
Haverhill,5,2,Total Votes Cast,1392,Governor,
Haverhill,5,3,Maura Healey,703,Governor,
Haverhill,5,3,Geoff Diehl,729,Governor,
Haverhill,5,3,Kevin Reed,12,Governor,
Haverhill,5,3,All Others,2,Governor,
Haverhill,5,3,Blanks,17,Governor,
Haverhill,5,3,Total Votes Cast,1463,Governor,
Haverhill,5,3A,Maura Healey,45,Governor,
Haverhill,5,3A,Geoff Diehl,51,Governor,
Haverhill,5,3A,Kevin Reed,1,Governor,
Haverhill,5,3A,All Others,0,Governor,
Haverhill,5,3A,Blanks,1,Governor,
Haverhill,5,3A,Total Votes Cast,98,Governor,
Haverhill,6,1,Maura Healey,546,Governor,
Haverhill,6,1,Geoff Diehl,463,Governor,
Haverhill,6,1,Kevin Reed,19,Governor,
Haverhill,6,1,All Others,0,Governor,
Haverhill,6,1,Blanks,11,Governor,
Haverhill,6,1,Total Votes Cast,1039,Governor,
Haverhill,6,2,Maura Healey,442,Governor,
Haverhill,6,2,Geoff Diehl,336,Governor,
Haverhill,6,2,Kevin Reed,13,Governor,
Haverhill,6,2,All Others,1,Governor,
Haverhill,6,2,Blanks,9,Governor,
Haverhill,6,2,Total Votes Cast,801,Governor,
Haverhill,6,2A,Maura Healey,186,Governor,
Haverhill,6,2A,Geoff Diehl,102,Governor,
Haverhill,6,2A,Kevin Reed,4,Governor,
Haverhill,6,2A,All Others,0,Governor,
Haverhill,6,2A,Blanks,5,Governor,
Haverhill,6,2A,Total Votes Cast,297,Governor,
Haverhill,6,3,Maura Healey,737,Governor,
Haverhill,6,3,Geoff Diehl,489,Governor,
Haverhill,6,3,Kevin Reed,23,Governor,
Haverhill,6,3,All Others,1,Governor,
Haverhill,6,3,Blanks,15,Governor,
Haverhill,6,3,Total Votes Cast,1265,Governor,
Haverhill,7,1,Maura Healey,614,Governor,
Haverhill,7,1,Geoff Diehl,430,Governor,
Haverhill,7,1,Kevin Reed,18,Governor,
Haverhill,7,1,All Others,1,Governor,
Haverhill,7,1,Blanks,9,Governor,
Haverhill,7,1,Total Votes Cast,1072,Governor,
Haverhill,7,2,Maura Healey,426,Governor,
Haverhill,7,2,Geoff Diehl,342,Governor,
Haverhill,7,2,Kevin Reed,10,Governor,
Haverhill,7,2,All Others,0,Governor,
Haverhill,7,2,Blanks,4,Governor,
Haverhill,7,2,Total Votes Cast,782,Governor,
Haverhill,7,2A,Maura Healey,126,Governor,
Haverhill,7,2A,Geoff Diehl,78,Governor,
Haverhill,7,2A,Kevin Reed,2,Governor,
Haverhill,7,2A,All Others,0,Governor,
Haverhill,7,2A,Blanks,5,Governor,
Haverhill,7,2A,Total Votes Cast,211,Governor,
Haverhill,7,3,Maura Healey,768,Governor,
Haverhill,7,3,Geoff Diehl,662,Governor,
Haverhill,7,3,Kevin Reed,27,Governor,
Haverhill,7,3,All Others,0,Governor,
Haverhill,7,3,Blanks,7,Governor,
Haverhill,7,3,Total Votes Cast,1464,Governor,
Haverhill,7,3A,Maura Healey,16,Governor,
Haverhill,7,3A,Geoff Diehl,11,Governor,
Haverhill,7,3A,Kevin Reed,0,Governor,
Haverhill,7,3A,All Others,0,Governor,
Haverhill,7,3A,Blanks,0,Governor,
Haverhill,7,3A,Total Votes Cast,27,Governor,
Hawley,,,Maura Healey,108,Governor,
Hawley,,,Geoff Diehl,48,Governor,
Hawley,,,Kevin Reed,2,Governor,
Hawley,,,All Others,0,Governor,
Hawley,,,Blanks,0,Governor,
Hawley,,,Total Votes Cast,158,Governor,
Heath,,,Maura Healey,238,Governor,
Heath,,,Geoff Diehl,121,Governor,
Heath,,,Kevin Reed,4,Governor,
Heath,,,All Others,0,Governor,
Heath,,,Blanks,0,Governor,
Heath,,,Total Votes Cast,363,Governor,
Hingham,-,1,Maura Healey,1112,Governor,
Hingham,-,1,Geoff Diehl,594,Governor,
Hingham,-,1,Kevin Reed,25,Governor,
Hingham,-,1,All Others,0,Governor,
Hingham,-,1,Blanks,21,Governor,
Hingham,-,1,Total Votes Cast,1752,Governor,
Hingham,-,2,Maura Healey,1123,Governor,
Hingham,-,2,Geoff Diehl,592,Governor,
Hingham,-,2,Kevin Reed,36,Governor,
Hingham,-,2,All Others,2,Governor,
Hingham,-,2,Blanks,20,Governor,
Hingham,-,2,Total Votes Cast,1773,Governor,
Hingham,-,3,Maura Healey,1027,Governor,
Hingham,-,3,Geoff Diehl,612,Governor,
Hingham,-,3,Kevin Reed,29,Governor,
Hingham,-,3,All Others,3,Governor,
Hingham,-,3,Blanks,17,Governor,
Hingham,-,3,Total Votes Cast,1688,Governor,
Hingham,-,4,Maura Healey,1141,Governor,
Hingham,-,4,Geoff Diehl,630,Governor,
Hingham,-,4,Kevin Reed,21,Governor,
Hingham,-,4,All Others,4,Governor,
Hingham,-,4,Blanks,25,Governor,
Hingham,-,4,Total Votes Cast,1821,Governor,
Hingham,-,5,Maura Healey,977,Governor,
Hingham,-,5,Geoff Diehl,744,Governor,
Hingham,-,5,Kevin Reed,29,Governor,
Hingham,-,5,All Others,4,Governor,
Hingham,-,5,Blanks,29,Governor,
Hingham,-,5,Total Votes Cast,1783,Governor,
Hingham,-,6,Maura Healey,1011,Governor,
Hingham,-,6,Geoff Diehl,586,Governor,
Hingham,-,6,Kevin Reed,23,Governor,
Hingham,-,6,All Others,2,Governor,
Hingham,-,6,Blanks,24,Governor,
Hingham,-,6,Total Votes Cast,1646,Governor,
Hingham,-,7,Maura Healey,606,Governor,
Hingham,-,7,Geoff Diehl,411,Governor,
Hingham,-,7,Kevin Reed,14,Governor,
Hingham,-,7,All Others,3,Governor,
Hingham,-,7,Blanks,13,Governor,
Hingham,-,7,Total Votes Cast,1047,Governor,
Hingham,-,7A,Maura Healey,801,Governor,
Hingham,-,7A,Geoff Diehl,228,Governor,
Hingham,-,7A,Kevin Reed,5,Governor,
Hingham,-,7A,All Others,2,Governor,
Hingham,-,7A,Blanks,7,Governor,
Hingham,-,7A,Total Votes Cast,1043,Governor,
Hinsdale,,,Maura Healey,522,Governor,
Hinsdale,,,Geoff Diehl,315,Governor,
Hinsdale,,,Kevin Reed,15,Governor,
Hinsdale,,,All Others,1,Governor,
Hinsdale,,,Blanks,5,Governor,
Hinsdale,,,Total Votes Cast,858,Governor,
Holbrook,-,1,Maura Healey,572,Governor,
Holbrook,-,1,Geoff Diehl,352,Governor,
Holbrook,-,1,Kevin Reed,13,Governor,
Holbrook,-,1,All Others,3,Governor,
Holbrook,-,1,Blanks,4,Governor,
Holbrook,-,1,Total Votes Cast,944,Governor,
Holbrook,-,2,Maura Healey,559,Governor,
Holbrook,-,2,Geoff Diehl,490,Governor,
Holbrook,-,2,Kevin Reed,29,Governor,
Holbrook,-,2,All Others,0,Governor,
Holbrook,-,2,Blanks,10,Governor,
Holbrook,-,2,Total Votes Cast,1088,Governor,
Holbrook,-,3,Maura Healey,558,Governor,
Holbrook,-,3,Geoff Diehl,394,Governor,
Holbrook,-,3,Kevin Reed,10,Governor,
Holbrook,-,3,All Others,0,Governor,
Holbrook,-,3,Blanks,7,Governor,
Holbrook,-,3,Total Votes Cast,969,Governor,
Holbrook,-,4,Maura Healey,505,Governor,
Holbrook,-,4,Geoff Diehl,374,Governor,
Holbrook,-,4,Kevin Reed,17,Governor,
Holbrook,-,4,All Others,0,Governor,
Holbrook,-,4,Blanks,9,Governor,
Holbrook,-,4,Total Votes Cast,905,Governor,
Holden,-,1,Maura Healey,835,Governor,
Holden,-,1,Geoff Diehl,695,Governor,
Holden,-,1,Kevin Reed,24,Governor,
Holden,-,1,All Others,2,Governor,
Holden,-,1,Blanks,15,Governor,
Holden,-,1,Total Votes Cast,1571,Governor,
Holden,-,2,Maura Healey,840,Governor,
Holden,-,2,Geoff Diehl,610,Governor,
Holden,-,2,Kevin Reed,28,Governor,
Holden,-,2,All Others,0,Governor,
Holden,-,2,Blanks,26,Governor,
Holden,-,2,Total Votes Cast,1504,Governor,
Holden,-,3,Maura Healey,901,Governor,
Holden,-,3,Geoff Diehl,655,Governor,
Holden,-,3,Kevin Reed,21,Governor,
Holden,-,3,All Others,0,Governor,
Holden,-,3,Blanks,13,Governor,
Holden,-,3,Total Votes Cast,1590,Governor,
Holden,-,4,Maura Healey,889,Governor,
Holden,-,4,Geoff Diehl,636,Governor,
Holden,-,4,Kevin Reed,21,Governor,
Holden,-,4,All Others,3,Governor,
Holden,-,4,Blanks,18,Governor,
Holden,-,4,Total Votes Cast,1567,Governor,
Holden,-,5,Maura Healey,900,Governor,
Holden,-,5,Geoff Diehl,651,Governor,
Holden,-,5,Kevin Reed,27,Governor,
Holden,-,5,All Others,0,Governor,
Holden,-,5,Blanks,15,Governor,
Holden,-,5,Total Votes Cast,1593,Governor,
Holden,-,6,Maura Healey,888,Governor,
Holden,-,6,Geoff Diehl,650,Governor,
Holden,-,6,Kevin Reed,27,Governor,
Holden,-,6,All Others,0,Governor,
Holden,-,6,Blanks,24,Governor,
Holden,-,6,Total Votes Cast,1589,Governor,
Holland,,,Maura Healey,470,Governor,
Holland,,,Geoff Diehl,561,Governor,
Holland,,,Kevin Reed,29,Governor,
Holland,,,All Others,1,Governor,
Holland,,,Blanks,7,Governor,
Holland,,,Total Votes Cast,1068,Governor,
Holliston,-,1,Maura Healey,1261,Governor,
Holliston,-,1,Geoff Diehl,623,Governor,
Holliston,-,1,Kevin Reed,39,Governor,
Holliston,-,1,All Others,5,Governor,
Holliston,-,1,Blanks,24,Governor,
Holliston,-,1,Total Votes Cast,1952,Governor,
Holliston,-,2,Maura Healey,1237,Governor,
Holliston,-,2,Geoff Diehl,493,Governor,
Holliston,-,2,Kevin Reed,34,Governor,
Holliston,-,2,All Others,1,Governor,
Holliston,-,2,Blanks,11,Governor,
Holliston,-,2,Total Votes Cast,1776,Governor,
Holliston,-,3,Maura Healey,1045,Governor,
Holliston,-,3,Geoff Diehl,502,Governor,
Holliston,-,3,Kevin Reed,32,Governor,
Holliston,-,3,All Others,1,Governor,
Holliston,-,3,Blanks,13,Governor,
Holliston,-,3,Total Votes Cast,1593,Governor,
Holliston,-,4,Maura Healey,1282,Governor,
Holliston,-,4,Geoff Diehl,554,Governor,
Holliston,-,4,Kevin Reed,34,Governor,
Holliston,-,4,All Others,4,Governor,
Holliston,-,4,Blanks,15,Governor,
Holliston,-,4,Total Votes Cast,1889,Governor,
Holyoke,1,A,Maura Healey,177,Governor,
Holyoke,1,A,Geoff Diehl,65,Governor,
Holyoke,1,A,Kevin Reed,1,Governor,
Holyoke,1,A,All Others,0,Governor,
Holyoke,1,A,Blanks,4,Governor,
Holyoke,1,A,Total Votes Cast,247,Governor,
Holyoke,1,B,Maura Healey,283,Governor,
Holyoke,1,B,Geoff Diehl,74,Governor,
Holyoke,1,B,Kevin Reed,6,Governor,
Holyoke,1,B,All Others,2,Governor,
Holyoke,1,B,Blanks,4,Governor,
Holyoke,1,B,Total Votes Cast,369,Governor,
Holyoke,2,A,Maura Healey,291,Governor,
Holyoke,2,A,Geoff Diehl,115,Governor,
Holyoke,2,A,Kevin Reed,4,Governor,
Holyoke,2,A,All Others,0,Governor,
Holyoke,2,A,Blanks,4,Governor,
Holyoke,2,A,Total Votes Cast,414,Governor,
Holyoke,2,B,Maura Healey,109,Governor,
Holyoke,2,B,Geoff Diehl,54,Governor,
Holyoke,2,B,Kevin Reed,3,Governor,
Holyoke,2,B,All Others,0,Governor,
Holyoke,2,B,Blanks,4,Governor,
Holyoke,2,B,Total Votes Cast,170,Governor,
Holyoke,3,A,Maura Healey,467,Governor,
Holyoke,3,A,Geoff Diehl,192,Governor,
Holyoke,3,A,Kevin Reed,11,Governor,
Holyoke,3,A,All Others,1,Governor,
Holyoke,3,A,Blanks,7,Governor,
Holyoke,3,A,Total Votes Cast,678,Governor,
Holyoke,3,B,Maura Healey,649,Governor,
Holyoke,3,B,Geoff Diehl,335,Governor,
Holyoke,3,B,Kevin Reed,21,Governor,
Holyoke,3,B,All Others,1,Governor,
Holyoke,3,B,Blanks,7,Governor,
Holyoke,3,B,Total Votes Cast,1013,Governor,
Holyoke,4,A,Maura Healey,212,Governor,
Holyoke,4,A,Geoff Diehl,67,Governor,
Holyoke,4,A,Kevin Reed,9,Governor,
Holyoke,4,A,All Others,2,Governor,
Holyoke,4,A,Blanks,4,Governor,
Holyoke,4,A,Total Votes Cast,294,Governor,
Holyoke,4,B,Maura Healey,420,Governor,
Holyoke,4,B,Geoff Diehl,121,Governor,
Holyoke,4,B,Kevin Reed,10,Governor,
Holyoke,4,B,All Others,1,Governor,
Holyoke,4,B,Blanks,3,Governor,
Holyoke,4,B,Total Votes Cast,555,Governor,
Holyoke,5,A,Maura Healey,776,Governor,
Holyoke,5,A,Geoff Diehl,604,Governor,
Holyoke,5,A,Kevin Reed,17,Governor,
Holyoke,5,A,All Others,1,Governor,
Holyoke,5,A,Blanks,20,Governor,
Holyoke,5,A,Total Votes Cast,1418,Governor,
Holyoke,5,B,Maura Healey,421,Governor,
Holyoke,5,B,Geoff Diehl,327,Governor,
Holyoke,5,B,Kevin Reed,13,Governor,
Holyoke,5,B,All Others,0,Governor,
Holyoke,5,B,Blanks,2,Governor,
Holyoke,5,B,Total Votes Cast,763,Governor,
Holyoke,6,A,Maura Healey,482,Governor,
Holyoke,6,A,Geoff Diehl,145,Governor,
Holyoke,6,A,Kevin Reed,11,Governor,
Holyoke,6,A,All Others,0,Governor,
Holyoke,6,A,Blanks,7,Governor,
Holyoke,6,A,Total Votes Cast,645,Governor,
Holyoke,6,B,Maura Healey,545,Governor,
Holyoke,6,B,Geoff Diehl,210,Governor,
Holyoke,6,B,Kevin Reed,12,Governor,
Holyoke,6,B,All Others,0,Governor,
Holyoke,6,B,Blanks,9,Governor,
Holyoke,6,B,Total Votes Cast,776,Governor,
Holyoke,7,A,Maura Healey,905,Governor,
Holyoke,7,A,Geoff Diehl,424,Governor,
Holyoke,7,A,Kevin Reed,14,Governor,
Holyoke,7,A,All Others,4,Governor,
Holyoke,7,A,Blanks,14,Governor,
Holyoke,7,A,Total Votes Cast,1361,Governor,
Holyoke,7,B,Maura Healey,783,Governor,
Holyoke,7,B,Geoff Diehl,258,Governor,
Holyoke,7,B,Kevin Reed,13,Governor,
Holyoke,7,B,All Others,2,Governor,
Holyoke,7,B,Blanks,12,Governor,
Holyoke,7,B,Total Votes Cast,1068,Governor,
Hopedale,,,Maura Healey,1472,Governor,
Hopedale,,,Geoff Diehl,964,Governor,
Hopedale,,,Kevin Reed,52,Governor,
Hopedale,,,All Others,11,Governor,
Hopedale,,,Blanks,17,Governor,
Hopedale,,,Total Votes Cast,2516,Governor,
Hopkinton,-,1,Maura Healey,881,Governor,
Hopkinton,-,1,Geoff Diehl,357,Governor,
Hopkinton,-,1,Kevin Reed,9,Governor,
Hopkinton,-,1,All Others,0,Governor,
Hopkinton,-,1,Blanks,6,Governor,
Hopkinton,-,1,Total Votes Cast,1253,Governor,
Hopkinton,-,2,Maura Healey,1036,Governor,
Hopkinton,-,2,Geoff Diehl,529,Governor,
Hopkinton,-,2,Kevin Reed,21,Governor,
Hopkinton,-,2,All Others,2,Governor,
Hopkinton,-,2,Blanks,22,Governor,
Hopkinton,-,2,Total Votes Cast,1610,Governor,
Hopkinton,-,3,Maura Healey,982,Governor,
Hopkinton,-,3,Geoff Diehl,562,Governor,
Hopkinton,-,3,Kevin Reed,24,Governor,
Hopkinton,-,3,All Others,0,Governor,
Hopkinton,-,3,Blanks,12,Governor,
Hopkinton,-,3,Total Votes Cast,1580,Governor,
Hopkinton,-,4,Maura Healey,1140,Governor,
Hopkinton,-,4,Geoff Diehl,557,Governor,
Hopkinton,-,4,Kevin Reed,22,Governor,
Hopkinton,-,4,All Others,2,Governor,
Hopkinton,-,4,Blanks,13,Governor,
Hopkinton,-,4,Total Votes Cast,1734,Governor,
Hopkinton,-,5,Maura Healey,1125,Governor,
Hopkinton,-,5,Geoff Diehl,569,Governor,
Hopkinton,-,5,Kevin Reed,24,Governor,
Hopkinton,-,5,All Others,6,Governor,
Hopkinton,-,5,Blanks,12,Governor,
Hopkinton,-,5,Total Votes Cast,1736,Governor,
Hubbardston,,,Maura Healey,966,Governor,
Hubbardston,,,Geoff Diehl,1176,Governor,
Hubbardston,,,Kevin Reed,53,Governor,
Hubbardston,,,All Others,0,Governor,
Hubbardston,,,Blanks,15,Governor,
Hubbardston,,,Total Votes Cast,2210,Governor,
Hudson,-,1,Maura Healey,840,Governor,
Hudson,-,1,Geoff Diehl,453,Governor,
Hudson,-,1,Kevin Reed,20,Governor,
Hudson,-,1,All Others,1,Governor,
Hudson,-,1,Blanks,19,Governor,
Hudson,-,1,Total Votes Cast,1333,Governor,
Hudson,-,2,Maura Healey,682,Governor,
Hudson,-,2,Geoff Diehl,406,Governor,
Hudson,-,2,Kevin Reed,24,Governor,
Hudson,-,2,All Others,3,Governor,
Hudson,-,2,Blanks,10,Governor,
Hudson,-,2,Total Votes Cast,1125,Governor,
Hudson,-,3,Maura Healey,876,Governor,
Hudson,-,3,Geoff Diehl,528,Governor,
Hudson,-,3,Kevin Reed,22,Governor,
Hudson,-,3,All Others,0,Governor,
Hudson,-,3,Blanks,17,Governor,
Hudson,-,3,Total Votes Cast,1443,Governor,
Hudson,-,4,Maura Healey,1032,Governor,
Hudson,-,4,Geoff Diehl,603,Governor,
Hudson,-,4,Kevin Reed,34,Governor,
Hudson,-,4,All Others,4,Governor,
Hudson,-,4,Blanks,22,Governor,
Hudson,-,4,Total Votes Cast,1695,Governor,
Hudson,-,5,Maura Healey,1107,Governor,
Hudson,-,5,Geoff Diehl,522,Governor,
Hudson,-,5,Kevin Reed,34,Governor,
Hudson,-,5,All Others,2,Governor,
Hudson,-,5,Blanks,11,Governor,
Hudson,-,5,Total Votes Cast,1676,Governor,
Hudson,-,6,Maura Healey,672,Governor,
Hudson,-,6,Geoff Diehl,375,Governor,
Hudson,-,6,Kevin Reed,20,Governor,
Hudson,-,6,All Others,1,Governor,
Hudson,-,6,Blanks,13,Governor,
Hudson,-,6,Total Votes Cast,1081,Governor,
Hull,-,1,Maura Healey,1203,Governor,
Hull,-,1,Geoff Diehl,577,Governor,
Hull,-,1,Kevin Reed,28,Governor,
Hull,-,1,All Others,0,Governor,
Hull,-,1,Blanks,14,Governor,
Hull,-,1,Total Votes Cast,1822,Governor,
Hull,-,2,Maura Healey,940,Governor,
Hull,-,2,Geoff Diehl,613,Governor,
Hull,-,2,Kevin Reed,23,Governor,
Hull,-,2,All Others,2,Governor,
Hull,-,2,Blanks,12,Governor,
Hull,-,2,Total Votes Cast,1590,Governor,
Hull,-,3,Maura Healey,1219,Governor,
Hull,-,3,Geoff Diehl,681,Governor,
Hull,-,3,Kevin Reed,29,Governor,
Hull,-,3,All Others,2,Governor,
Hull,-,3,Blanks,19,Governor,
Hull,-,3,Total Votes Cast,1950,Governor,
Huntington,,,Maura Healey,411,Governor,
Huntington,,,Geoff Diehl,461,Governor,
Huntington,,,Kevin Reed,14,Governor,
Huntington,,,All Others,1,Governor,
Huntington,,,Blanks,9,Governor,
Huntington,,,Total Votes Cast,896,Governor,
Ipswich,-,1,Maura Healey,1242,Governor,
Ipswich,-,1,Geoff Diehl,481,Governor,
Ipswich,-,1,Kevin Reed,29,Governor,
Ipswich,-,1,All Others,3,Governor,
Ipswich,-,1,Blanks,15,Governor,
Ipswich,-,1,Total Votes Cast,1770,Governor,
Ipswich,-,2,Maura Healey,1258,Governor,
Ipswich,-,2,Geoff Diehl,618,Governor,
Ipswich,-,2,Kevin Reed,26,Governor,
Ipswich,-,2,All Others,2,Governor,
Ipswich,-,2,Blanks,14,Governor,
Ipswich,-,2,Total Votes Cast,1918,Governor,
Ipswich,-,3,Maura Healey,1070,Governor,
Ipswich,-,3,Geoff Diehl,768,Governor,
Ipswich,-,3,Kevin Reed,27,Governor,
Ipswich,-,3,All Others,2,Governor,
Ipswich,-,3,Blanks,19,Governor,
Ipswich,-,3,Total Votes Cast,1886,Governor,
Ipswich,-,4,Maura Healey,1174,Governor,
Ipswich,-,4,Geoff Diehl,668,Governor,
Ipswich,-,4,Kevin Reed,27,Governor,
Ipswich,-,4,All Others,3,Governor,
Ipswich,-,4,Blanks,11,Governor,
Ipswich,-,4,Total Votes Cast,1883,Governor,
Kingston,-,1,Maura Healey,783,Governor,
Kingston,-,1,Geoff Diehl,660,Governor,
Kingston,-,1,Kevin Reed,24,Governor,
Kingston,-,1,All Others,1,Governor,
Kingston,-,1,Blanks,14,Governor,
Kingston,-,1,Total Votes Cast,1482,Governor,
Kingston,-,2,Maura Healey,833,Governor,
Kingston,-,2,Geoff Diehl,843,Governor,
Kingston,-,2,Kevin Reed,27,Governor,
Kingston,-,2,All Others,0,Governor,
Kingston,-,2,Blanks,15,Governor,
Kingston,-,2,Total Votes Cast,1718,Governor,
Kingston,-,3,Maura Healey,786,Governor,
Kingston,-,3,Geoff Diehl,824,Governor,
Kingston,-,3,Kevin Reed,23,Governor,
Kingston,-,3,All Others,3,Governor,
Kingston,-,3,Blanks,2,Governor,
Kingston,-,3,Total Votes Cast,1638,Governor,
Kingston,-,4,Maura Healey,765,Governor,
Kingston,-,4,Geoff Diehl,671,Governor,
Kingston,-,4,Kevin Reed,28,Governor,
Kingston,-,4,All Others,0,Governor,
Kingston,-,4,Blanks,12,Governor,
Kingston,-,4,Total Votes Cast,1476,Governor,
Lakeville,-,1,Maura Healey,724,Governor,
Lakeville,-,1,Geoff Diehl,1033,Governor,
Lakeville,-,1,Kevin Reed,39,Governor,
Lakeville,-,1,All Others,4,Governor,
Lakeville,-,1,Blanks,19,Governor,
Lakeville,-,1,Total Votes Cast,1819,Governor,
Lakeville,-,2,Maura Healey,827,Governor,
Lakeville,-,2,Geoff Diehl,1054,Governor,
Lakeville,-,2,Kevin Reed,36,Governor,
Lakeville,-,2,All Others,1,Governor,
Lakeville,-,2,Blanks,29,Governor,
Lakeville,-,2,Total Votes Cast,1947,Governor,
Lakeville,-,3,Maura Healey,778,Governor,
Lakeville,-,3,Geoff Diehl,963,Governor,
Lakeville,-,3,Kevin Reed,30,Governor,
Lakeville,-,3,All Others,0,Governor,
Lakeville,-,3,Blanks,13,Governor,
Lakeville,-,3,Total Votes Cast,1784,Governor,
Lancaster,-,1,Maura Healey,682,Governor,
Lancaster,-,1,Geoff Diehl,627,Governor,
Lancaster,-,1,Kevin Reed,25,Governor,
Lancaster,-,1,All Others,1,Governor,
Lancaster,-,1,Blanks,13,Governor,
Lancaster,-,1,Total Votes Cast,1348,Governor,
Lancaster,-,2,Maura Healey,985,Governor,
Lancaster,-,2,Geoff Diehl,738,Governor,
Lancaster,-,2,Kevin Reed,30,Governor,
Lancaster,-,2,All Others,3,Governor,
Lancaster,-,2,Blanks,29,Governor,
Lancaster,-,2,Total Votes Cast,1785,Governor,
Lanesborough,,,Maura Healey,812,Governor,
Lanesborough,,,Geoff Diehl,427,Governor,
Lanesborough,,,Kevin Reed,36,Governor,
Lanesborough,,,All Others,1,Governor,
Lanesborough,,,Blanks,9,Governor,
Lanesborough,,,Total Votes Cast,1285,Governor,
Lawrence,A,1,Maura Healey,333,Governor,
Lawrence,A,1,Geoff Diehl,125,Governor,
Lawrence,A,1,Kevin Reed,9,Governor,
Lawrence,A,1,All Others,0,Governor,
Lawrence,A,1,Blanks,8,Governor,
Lawrence,A,1,Total Votes Cast,475,Governor,
Lawrence,A,2,Maura Healey,201,Governor,
Lawrence,A,2,Geoff Diehl,49,Governor,
Lawrence,A,2,Kevin Reed,8,Governor,
Lawrence,A,2,All Others,0,Governor,
Lawrence,A,2,Blanks,8,Governor,
Lawrence,A,2,Total Votes Cast,266,Governor,
Lawrence,A,2A,Maura Healey,2,Governor,
Lawrence,A,2A,Geoff Diehl,0,Governor,
Lawrence,A,2A,Kevin Reed,0,Governor,
Lawrence,A,2A,All Others,0,Governor,
Lawrence,A,2A,Blanks,1,Governor,
Lawrence,A,2A,Total Votes Cast,3,Governor,
Lawrence,A,3,Maura Healey,243,Governor,
Lawrence,A,3,Geoff Diehl,107,Governor,
Lawrence,A,3,Kevin Reed,4,Governor,
Lawrence,A,3,All Others,3,Governor,
Lawrence,A,3,Blanks,11,Governor,
Lawrence,A,3,Total Votes Cast,368,Governor,
Lawrence,A,4,Maura Healey,339,Governor,
Lawrence,A,4,Geoff Diehl,111,Governor,
Lawrence,A,4,Kevin Reed,15,Governor,
Lawrence,A,4,All Others,2,Governor,
Lawrence,A,4,Blanks,7,Governor,
Lawrence,A,4,Total Votes Cast,474,Governor,
Lawrence,B,1,Maura Healey,369,Governor,
Lawrence,B,1,Geoff Diehl,75,Governor,
Lawrence,B,1,Kevin Reed,5,Governor,
Lawrence,B,1,All Others,0,Governor,
Lawrence,B,1,Blanks,6,Governor,
Lawrence,B,1,Total Votes Cast,455,Governor,
Lawrence,B,2,Maura Healey,231,Governor,
Lawrence,B,2,Geoff Diehl,58,Governor,
Lawrence,B,2,Kevin Reed,6,Governor,
Lawrence,B,2,All Others,1,Governor,
Lawrence,B,2,Blanks,11,Governor,
Lawrence,B,2,Total Votes Cast,307,Governor,
Lawrence,B,3,Maura Healey,214,Governor,
Lawrence,B,3,Geoff Diehl,75,Governor,
Lawrence,B,3,Kevin Reed,4,Governor,
Lawrence,B,3,All Others,0,Governor,
Lawrence,B,3,Blanks,16,Governor,
Lawrence,B,3,Total Votes Cast,309,Governor,
Lawrence,B,4,Maura Healey,290,Governor,
Lawrence,B,4,Geoff Diehl,72,Governor,
Lawrence,B,4,Kevin Reed,5,Governor,
Lawrence,B,4,All Others,0,Governor,
Lawrence,B,4,Blanks,23,Governor,
Lawrence,B,4,Total Votes Cast,390,Governor,
Lawrence,C,1,Maura Healey,227,Governor,
Lawrence,C,1,Geoff Diehl,82,Governor,
Lawrence,C,1,Kevin Reed,11,Governor,
Lawrence,C,1,All Others,0,Governor,
Lawrence,C,1,Blanks,5,Governor,
Lawrence,C,1,Total Votes Cast,325,Governor,
Lawrence,C,2,Maura Healey,338,Governor,
Lawrence,C,2,Geoff Diehl,119,Governor,
Lawrence,C,2,Kevin Reed,8,Governor,
Lawrence,C,2,All Others,2,Governor,
Lawrence,C,2,Blanks,3,Governor,
Lawrence,C,2,Total Votes Cast,470,Governor,
Lawrence,C,3,Maura Healey,209,Governor,
Lawrence,C,3,Geoff Diehl,74,Governor,
Lawrence,C,3,Kevin Reed,2,Governor,
Lawrence,C,3,All Others,1,Governor,
Lawrence,C,3,Blanks,9,Governor,
Lawrence,C,3,Total Votes Cast,295,Governor,
Lawrence,C,4,Maura Healey,204,Governor,
Lawrence,C,4,Geoff Diehl,72,Governor,
Lawrence,C,4,Kevin Reed,7,Governor,
Lawrence,C,4,All Others,1,Governor,
Lawrence,C,4,Blanks,12,Governor,
Lawrence,C,4,Total Votes Cast,296,Governor,
Lawrence,D,1,Maura Healey,315,Governor,
Lawrence,D,1,Geoff Diehl,136,Governor,
Lawrence,D,1,Kevin Reed,9,Governor,
Lawrence,D,1,All Others,1,Governor,
Lawrence,D,1,Blanks,5,Governor,
Lawrence,D,1,Total Votes Cast,466,Governor,
Lawrence,D,2,Maura Healey,217,Governor,
Lawrence,D,2,Geoff Diehl,78,Governor,
Lawrence,D,2,Kevin Reed,10,Governor,
Lawrence,D,2,All Others,0,Governor,
Lawrence,D,2,Blanks,10,Governor,
Lawrence,D,2,Total Votes Cast,315,Governor,
Lawrence,D,3,Maura Healey,170,Governor,
Lawrence,D,3,Geoff Diehl,43,Governor,
Lawrence,D,3,Kevin Reed,5,Governor,
Lawrence,D,3,All Others,0,Governor,
Lawrence,D,3,Blanks,7,Governor,
Lawrence,D,3,Total Votes Cast,225,Governor,
Lawrence,D,4,Maura Healey,241,Governor,
Lawrence,D,4,Geoff Diehl,70,Governor,
Lawrence,D,4,Kevin Reed,5,Governor,
Lawrence,D,4,All Others,0,Governor,
Lawrence,D,4,Blanks,14,Governor,
Lawrence,D,4,Total Votes Cast,330,Governor,
Lawrence,E,1,Maura Healey,516,Governor,
Lawrence,E,1,Geoff Diehl,324,Governor,
Lawrence,E,1,Kevin Reed,19,Governor,
Lawrence,E,1,All Others,1,Governor,
Lawrence,E,1,Blanks,5,Governor,
Lawrence,E,1,Total Votes Cast,865,Governor,
Lawrence,E,1A,Maura Healey,11,Governor,
Lawrence,E,1A,Geoff Diehl,8,Governor,
Lawrence,E,1A,Kevin Reed,1,Governor,
Lawrence,E,1A,All Others,0,Governor,
Lawrence,E,1A,Blanks,1,Governor,
Lawrence,E,1A,Total Votes Cast,21,Governor,
Lawrence,E,2,Maura Healey,501,Governor,
Lawrence,E,2,Geoff Diehl,275,Governor,
Lawrence,E,2,Kevin Reed,14,Governor,
Lawrence,E,2,All Others,4,Governor,
Lawrence,E,2,Blanks,9,Governor,
Lawrence,E,2,Total Votes Cast,803,Governor,
Lawrence,E,3,Maura Healey,307,Governor,
Lawrence,E,3,Geoff Diehl,141,Governor,
Lawrence,E,3,Kevin Reed,10,Governor,
Lawrence,E,3,All Others,0,Governor,
Lawrence,E,3,Blanks,13,Governor,
Lawrence,E,3,Total Votes Cast,471,Governor,
Lawrence,E,4,Maura Healey,280,Governor,
Lawrence,E,4,Geoff Diehl,84,Governor,
Lawrence,E,4,Kevin Reed,4,Governor,
Lawrence,E,4,All Others,1,Governor,
Lawrence,E,4,Blanks,6,Governor,
Lawrence,E,4,Total Votes Cast,375,Governor,
Lawrence,F,1,Maura Healey,543,Governor,
Lawrence,F,1,Geoff Diehl,228,Governor,
Lawrence,F,1,Kevin Reed,10,Governor,
Lawrence,F,1,All Others,0,Governor,
Lawrence,F,1,Blanks,9,Governor,
Lawrence,F,1,Total Votes Cast,790,Governor,
Lawrence,F,2,Maura Healey,264,Governor,
Lawrence,F,2,Geoff Diehl,60,Governor,
Lawrence,F,2,Kevin Reed,5,Governor,
Lawrence,F,2,All Others,0,Governor,
Lawrence,F,2,Blanks,8,Governor,
Lawrence,F,2,Total Votes Cast,337,Governor,
Lawrence,F,3,Maura Healey,329,Governor,
Lawrence,F,3,Geoff Diehl,92,Governor,
Lawrence,F,3,Kevin Reed,8,Governor,
Lawrence,F,3,All Others,0,Governor,
Lawrence,F,3,Blanks,5,Governor,
Lawrence,F,3,Total Votes Cast,434,Governor,
Lawrence,F,4,Maura Healey,309,Governor,
Lawrence,F,4,Geoff Diehl,133,Governor,
Lawrence,F,4,Kevin Reed,4,Governor,
Lawrence,F,4,All Others,2,Governor,
Lawrence,F,4,Blanks,8,Governor,
Lawrence,F,4,Total Votes Cast,456,Governor,
Lee,,,Maura Healey,1603,Governor,
Lee,,,Geoff Diehl,733,Governor,
Lee,,,Kevin Reed,40,Governor,
Lee,,,All Others,4,Governor,
Lee,,,Blanks,36,Governor,
Lee,,,Total Votes Cast,2416,Governor,
Leicester,-,1,Maura Healey,496,Governor,
Leicester,-,1,Geoff Diehl,603,Governor,
Leicester,-,1,Kevin Reed,33,Governor,
Leicester,-,1,All Others,0,Governor,
Leicester,-,1,Blanks,11,Governor,
Leicester,-,1,Total Votes Cast,1143,Governor,
Leicester,-,2,Maura Healey,530,Governor,
Leicester,-,2,Geoff Diehl,525,Governor,
Leicester,-,2,Kevin Reed,26,Governor,
Leicester,-,2,All Others,0,Governor,
Leicester,-,2,Blanks,12,Governor,
Leicester,-,2,Total Votes Cast,1093,Governor,
Leicester,-,3,Maura Healey,509,Governor,
Leicester,-,3,Geoff Diehl,609,Governor,
Leicester,-,3,Kevin Reed,16,Governor,
Leicester,-,3,All Others,0,Governor,
Leicester,-,3,Blanks,4,Governor,
Leicester,-,3,Total Votes Cast,1138,Governor,
Leicester,-,4,Maura Healey,511,Governor,
Leicester,-,4,Geoff Diehl,555,Governor,
Leicester,-,4,Kevin Reed,18,Governor,
Leicester,-,4,All Others,0,Governor,
Leicester,-,4,Blanks,11,Governor,
Leicester,-,4,Total Votes Cast,1095,Governor,
Lenox,,,Maura Healey,1976,Governor,
Lenox,,,Geoff Diehl,490,Governor,
Lenox,,,Kevin Reed,38,Governor,
Lenox,,,All Others,5,Governor,
Lenox,,,Blanks,38,Governor,
Lenox,,,Total Votes Cast,2547,Governor,
Leominster,1,A,Maura Healey,663,Governor,
Leominster,1,A,Geoff Diehl,576,Governor,
Leominster,1,A,Kevin Reed,22,Governor,
Leominster,1,A,All Others,0,Governor,
Leominster,1,A,Blanks,16,Governor,
Leominster,1,A,Total Votes Cast,1277,Governor,
Leominster,1,B,Maura Healey,690,Governor,
Leominster,1,B,Geoff Diehl,448,Governor,
Leominster,1,B,Kevin Reed,24,Governor,
Leominster,1,B,All Others,2,Governor,
Leominster,1,B,Blanks,28,Governor,
Leominster,1,B,Total Votes Cast,1192,Governor,
Leominster,1,C,Maura Healey,473,Governor,
Leominster,1,C,Geoff Diehl,352,Governor,
Leominster,1,C,Kevin Reed,15,Governor,
Leominster,1,C,All Others,0,Governor,
Leominster,1,C,Blanks,14,Governor,
Leominster,1,C,Total Votes Cast,854,Governor,
Leominster,2,A,Maura Healey,320,Governor,
Leominster,2,A,Geoff Diehl,210,Governor,
Leominster,2,A,Kevin Reed,19,Governor,
Leominster,2,A,All Others,0,Governor,
Leominster,2,A,Blanks,4,Governor,
Leominster,2,A,Total Votes Cast,553,Governor,
Leominster,2,B,Maura Healey,471,Governor,
Leominster,2,B,Geoff Diehl,382,Governor,
Leominster,2,B,Kevin Reed,16,Governor,
Leominster,2,B,All Others,0,Governor,
Leominster,2,B,Blanks,6,Governor,
Leominster,2,B,Total Votes Cast,875,Governor,
Leominster,2,C,Maura Healey,256,Governor,
Leominster,2,C,Geoff Diehl,222,Governor,
Leominster,2,C,Kevin Reed,9,Governor,
Leominster,2,C,All Others,0,Governor,
Leominster,2,C,Blanks,4,Governor,
Leominster,2,C,Total Votes Cast,491,Governor,
Leominster,3,A,Maura Healey,541,Governor,
Leominster,3,A,Geoff Diehl,372,Governor,
Leominster,3,A,Kevin Reed,21,Governor,
Leominster,3,A,All Others,0,Governor,
Leominster,3,A,Blanks,9,Governor,
Leominster,3,A,Total Votes Cast,943,Governor,
Leominster,3,B,Maura Healey,720,Governor,
Leominster,3,B,Geoff Diehl,540,Governor,
Leominster,3,B,Kevin Reed,21,Governor,
Leominster,3,B,All Others,0,Governor,
Leominster,3,B,Blanks,28,Governor,
Leominster,3,B,Total Votes Cast,1309,Governor,
Leominster,3,C,Maura Healey,560,Governor,
Leominster,3,C,Geoff Diehl,465,Governor,
Leominster,3,C,Kevin Reed,24,Governor,
Leominster,3,C,All Others,1,Governor,
Leominster,3,C,Blanks,15,Governor,
Leominster,3,C,Total Votes Cast,1065,Governor,
Leominster,4,A,Maura Healey,634,Governor,
Leominster,4,A,Geoff Diehl,621,Governor,
Leominster,4,A,Kevin Reed,19,Governor,
Leominster,4,A,All Others,0,Governor,
Leominster,4,A,Blanks,13,Governor,
Leominster,4,A,Total Votes Cast,1287,Governor,
Leominster,4,B,Maura Healey,604,Governor,
Leominster,4,B,Geoff Diehl,561,Governor,
Leominster,4,B,Kevin Reed,28,Governor,
Leominster,4,B,All Others,0,Governor,
Leominster,4,B,Blanks,8,Governor,
Leominster,4,B,Total Votes Cast,1201,Governor,
Leominster,4,C,Maura Healey,458,Governor,
Leominster,4,C,Geoff Diehl,327,Governor,
Leominster,4,C,Kevin Reed,14,Governor,
Leominster,4,C,All Others,1,Governor,
Leominster,4,C,Blanks,13,Governor,
Leominster,4,C,Total Votes Cast,813,Governor,
Leominster,5,A,Maura Healey,494,Governor,
Leominster,5,A,Geoff Diehl,319,Governor,
Leominster,5,A,Kevin Reed,13,Governor,
Leominster,5,A,All Others,0,Governor,
Leominster,5,A,Blanks,7,Governor,
Leominster,5,A,Total Votes Cast,833,Governor,
Leominster,5,B,Maura Healey,589,Governor,
Leominster,5,B,Geoff Diehl,440,Governor,
Leominster,5,B,Kevin Reed,22,Governor,
Leominster,5,B,All Others,0,Governor,
Leominster,5,B,Blanks,9,Governor,
Leominster,5,B,Total Votes Cast,1060,Governor,
Leominster,5,C,Maura Healey,391,Governor,
Leominster,5,C,Geoff Diehl,282,Governor,
Leominster,5,C,Kevin Reed,22,Governor,
Leominster,5,C,All Others,0,Governor,
Leominster,5,C,Blanks,3,Governor,
Leominster,5,C,Total Votes Cast,698,Governor,
Leverett,,,Maura Healey,930,Governor,
Leverett,,,Geoff Diehl,136,Governor,
Leverett,,,Kevin Reed,14,Governor,
Leverett,,,All Others,1,Governor,
Leverett,,,Blanks,2,Governor,
Leverett,,,Total Votes Cast,1083,Governor,
Lexington,-,1,Maura Healey,1162,Governor,
Lexington,-,1,Geoff Diehl,329,Governor,
Lexington,-,1,Kevin Reed,19,Governor,
Lexington,-,1,All Others,2,Governor,
Lexington,-,1,Blanks,16,Governor,
Lexington,-,1,Total Votes Cast,1528,Governor,
Lexington,-,2,Maura Healey,1430,Governor,
Lexington,-,2,Geoff Diehl,283,Governor,
Lexington,-,2,Kevin Reed,22,Governor,
Lexington,-,2,All Others,4,Governor,
Lexington,-,2,Blanks,27,Governor,
Lexington,-,2,Total Votes Cast,1766,Governor,
Lexington,-,3,Maura Healey,1125,Governor,
Lexington,-,3,Geoff Diehl,221,Governor,
Lexington,-,3,Kevin Reed,11,Governor,
Lexington,-,3,All Others,0,Governor,
Lexington,-,3,Blanks,11,Governor,
Lexington,-,3,Total Votes Cast,1368,Governor,
Lexington,-,4,Maura Healey,1396,Governor,
Lexington,-,4,Geoff Diehl,302,Governor,
Lexington,-,4,Kevin Reed,16,Governor,
Lexington,-,4,All Others,5,Governor,
Lexington,-,4,Blanks,22,Governor,
Lexington,-,4,Total Votes Cast,1741,Governor,
Lexington,-,5,Maura Healey,1196,Governor,
Lexington,-,5,Geoff Diehl,371,Governor,
Lexington,-,5,Kevin Reed,32,Governor,
Lexington,-,5,All Others,3,Governor,
Lexington,-,5,Blanks,13,Governor,
Lexington,-,5,Total Votes Cast,1615,Governor,
Lexington,-,6,Maura Healey,1326,Governor,
Lexington,-,6,Geoff Diehl,356,Governor,
Lexington,-,6,Kevin Reed,22,Governor,
Lexington,-,6,All Others,8,Governor,
Lexington,-,6,Blanks,22,Governor,
Lexington,-,6,Total Votes Cast,1734,Governor,
Lexington,-,7,Maura Healey,1257,Governor,
Lexington,-,7,Geoff Diehl,402,Governor,
Lexington,-,7,Kevin Reed,24,Governor,
Lexington,-,7,All Others,1,Governor,
Lexington,-,7,Blanks,13,Governor,
Lexington,-,7,Total Votes Cast,1697,Governor,
Lexington,-,8,Maura Healey,1216,Governor,
Lexington,-,8,Geoff Diehl,336,Governor,
Lexington,-,8,Kevin Reed,18,Governor,
Lexington,-,8,All Others,2,Governor,
Lexington,-,8,Blanks,18,Governor,
Lexington,-,8,Total Votes Cast,1590,Governor,
Lexington,-,9,Maura Healey,1311,Governor,
Lexington,-,9,Geoff Diehl,360,Governor,
Lexington,-,9,Kevin Reed,27,Governor,
Lexington,-,9,All Others,2,Governor,
Lexington,-,9,Blanks,22,Governor,
Lexington,-,9,Total Votes Cast,1722,Governor,
Leyden,,,Maura Healey,256,Governor,
Leyden,,,Geoff Diehl,123,Governor,
Leyden,,,Kevin Reed,13,Governor,
Leyden,,,All Others,0,Governor,
Leyden,,,Blanks,3,Governor,
Leyden,,,Total Votes Cast,395,Governor,
Lincoln,-,1,Maura Healey,1737,Governor,
Lincoln,-,1,Geoff Diehl,320,Governor,
Lincoln,-,1,Kevin Reed,28,Governor,
Lincoln,-,1,All Others,4,Governor,
Lincoln,-,1,Blanks,19,Governor,
Lincoln,-,1,Total Votes Cast,2108,Governor,
Lincoln,-,2,Maura Healey,956,Governor,
Lincoln,-,2,Geoff Diehl,247,Governor,
Lincoln,-,2,Kevin Reed,25,Governor,
Lincoln,-,2,All Others,6,Governor,
Lincoln,-,2,Blanks,13,Governor,
Lincoln,-,2,Total Votes Cast,1247,Governor,
Littleton,-,1,Maura Healey,1086,Governor,
Littleton,-,1,Geoff Diehl,530,Governor,
Littleton,-,1,Kevin Reed,29,Governor,
Littleton,-,1,All Others,0,Governor,
Littleton,-,1,Blanks,10,Governor,
Littleton,-,1,Total Votes Cast,1655,Governor,
Littleton,-,2,Maura Healey,1069,Governor,
Littleton,-,2,Geoff Diehl,565,Governor,
Littleton,-,2,Kevin Reed,27,Governor,
Littleton,-,2,All Others,0,Governor,
Littleton,-,2,Blanks,9,Governor,
Littleton,-,2,Total Votes Cast,1670,Governor,
Littleton,-,3,Maura Healey,1120,Governor,
Littleton,-,3,Geoff Diehl,564,Governor,
Littleton,-,3,Kevin Reed,35,Governor,
Littleton,-,3,All Others,0,Governor,
Littleton,-,3,Blanks,23,Governor,
Littleton,-,3,Total Votes Cast,1742,Governor,
Longmeadow,-,A,Maura Healey,992,Governor,
Longmeadow,-,A,Geoff Diehl,490,Governor,
Longmeadow,-,A,Kevin Reed,27,Governor,
Longmeadow,-,A,All Others,6,Governor,
Longmeadow,-,A,Blanks,11,Governor,
Longmeadow,-,A,Total Votes Cast,1526,Governor,
Longmeadow,-,B,Maura Healey,883,Governor,
Longmeadow,-,B,Geoff Diehl,489,Governor,
Longmeadow,-,B,Kevin Reed,18,Governor,
Longmeadow,-,B,All Others,3,Governor,
Longmeadow,-,B,Blanks,9,Governor,
Longmeadow,-,B,Total Votes Cast,1402,Governor,
Longmeadow,-,C,Maura Healey,887,Governor,
Longmeadow,-,C,Geoff Diehl,609,Governor,
Longmeadow,-,C,Kevin Reed,24,Governor,
Longmeadow,-,C,All Others,1,Governor,
Longmeadow,-,C,Blanks,11,Governor,
Longmeadow,-,C,Total Votes Cast,1532,Governor,
Longmeadow,-,D,Maura Healey,853,Governor,
Longmeadow,-,D,Geoff Diehl,588,Governor,
Longmeadow,-,D,Kevin Reed,24,Governor,
Longmeadow,-,D,All Others,0,Governor,
Longmeadow,-,D,Blanks,10,Governor,
Longmeadow,-,D,Total Votes Cast,1475,Governor,
Longmeadow,-,E,Maura Healey,854,Governor,
Longmeadow,-,E,Geoff Diehl,501,Governor,
Longmeadow,-,E,Kevin Reed,23,Governor,
Longmeadow,-,E,All Others,3,Governor,
Longmeadow,-,E,Blanks,18,Governor,
Longmeadow,-,E,Total Votes Cast,1399,Governor,
Lowell,1,1,Maura Healey,357,Governor,
Lowell,1,1,Geoff Diehl,220,Governor,
Lowell,1,1,Kevin Reed,23,Governor,
Lowell,1,1,All Others,0,Governor,
Lowell,1,1,Blanks,14,Governor,
Lowell,1,1,Total Votes Cast,614,Governor,
Lowell,1,1A,Maura Healey,0,Governor,
Lowell,1,1A,Geoff Diehl,0,Governor,
Lowell,1,1A,Kevin Reed,0,Governor,
Lowell,1,1A,All Others,0,Governor,
Lowell,1,1A,Blanks,0,Governor,
Lowell,1,1A,Total Votes Cast,0,Governor,
Lowell,1,2,Maura Healey,481,Governor,
Lowell,1,2,Geoff Diehl,339,Governor,
Lowell,1,2,Kevin Reed,18,Governor,
Lowell,1,2,All Others,1,Governor,
Lowell,1,2,Blanks,14,Governor,
Lowell,1,2,Total Votes Cast,853,Governor,
Lowell,1,3,Maura Healey,651,Governor,
Lowell,1,3,Geoff Diehl,389,Governor,
Lowell,1,3,Kevin Reed,29,Governor,
Lowell,1,3,All Others,0,Governor,
Lowell,1,3,Blanks,23,Governor,
Lowell,1,3,Total Votes Cast,1092,Governor,
Lowell,1,4,Maura Healey,608,Governor,
Lowell,1,4,Geoff Diehl,318,Governor,
Lowell,1,4,Kevin Reed,18,Governor,
Lowell,1,4,All Others,1,Governor,
Lowell,1,4,Blanks,43,Governor,
Lowell,1,4,Total Votes Cast,988,Governor,
Lowell,2,1,Maura Healey,280,Governor,
Lowell,2,1,Geoff Diehl,134,Governor,
Lowell,2,1,Kevin Reed,11,Governor,
Lowell,2,1,All Others,1,Governor,
Lowell,2,1,Blanks,49,Governor,
Lowell,2,1,Total Votes Cast,475,Governor,
Lowell,2,2,Maura Healey,381,Governor,
Lowell,2,2,Geoff Diehl,200,Governor,
Lowell,2,2,Kevin Reed,8,Governor,
Lowell,2,2,All Others,1,Governor,
Lowell,2,2,Blanks,11,Governor,
Lowell,2,2,Total Votes Cast,601,Governor,
Lowell,2,3,Maura Healey,511,Governor,
Lowell,2,3,Geoff Diehl,277,Governor,
Lowell,2,3,Kevin Reed,15,Governor,
Lowell,2,3,All Others,2,Governor,
Lowell,2,3,Blanks,9,Governor,
Lowell,2,3,Total Votes Cast,814,Governor,
Lowell,2,4,Maura Healey,414,Governor,
Lowell,2,4,Geoff Diehl,234,Governor,
Lowell,2,4,Kevin Reed,16,Governor,
Lowell,2,4,All Others,0,Governor,
Lowell,2,4,Blanks,5,Governor,
Lowell,2,4,Total Votes Cast,669,Governor,
Lowell,3,1,Maura Healey,390,Governor,
Lowell,3,1,Geoff Diehl,148,Governor,
Lowell,3,1,Kevin Reed,8,Governor,
Lowell,3,1,All Others,0,Governor,
Lowell,3,1,Blanks,18,Governor,
Lowell,3,1,Total Votes Cast,564,Governor,
Lowell,3,2,Maura Healey,1075,Governor,
Lowell,3,2,Geoff Diehl,631,Governor,
Lowell,3,2,Kevin Reed,25,Governor,
Lowell,3,2,All Others,4,Governor,
Lowell,3,2,Blanks,30,Governor,
Lowell,3,2,Total Votes Cast,1765,Governor,
Lowell,3,3,Maura Healey,801,Governor,
Lowell,3,3,Geoff Diehl,462,Governor,
Lowell,3,3,Kevin Reed,23,Governor,
Lowell,3,3,All Others,1,Governor,
Lowell,3,3,Blanks,27,Governor,
Lowell,3,3,Total Votes Cast,1314,Governor,
Lowell,3,4,Maura Healey,479,Governor,
Lowell,3,4,Geoff Diehl,252,Governor,
Lowell,3,4,Kevin Reed,16,Governor,
Lowell,3,4,All Others,0,Governor,
Lowell,3,4,Blanks,35,Governor,
Lowell,3,4,Total Votes Cast,782,Governor,
Lowell,4,1,Maura Healey,327,Governor,
Lowell,4,1,Geoff Diehl,69,Governor,
Lowell,4,1,Kevin Reed,6,Governor,
Lowell,4,1,All Others,0,Governor,
Lowell,4,1,Blanks,16,Governor,
Lowell,4,1,Total Votes Cast,418,Governor,
Lowell,4,2,Maura Healey,614,Governor,
Lowell,4,2,Geoff Diehl,126,Governor,
Lowell,4,2,Kevin Reed,15,Governor,
Lowell,4,2,All Others,0,Governor,
Lowell,4,2,Blanks,5,Governor,
Lowell,4,2,Total Votes Cast,760,Governor,
Lowell,4,3,Maura Healey,183,Governor,
Lowell,4,3,Geoff Diehl,34,Governor,
Lowell,4,3,Kevin Reed,8,Governor,
Lowell,4,3,All Others,2,Governor,
Lowell,4,3,Blanks,20,Governor,
Lowell,4,3,Total Votes Cast,247,Governor,
Lowell,4,3A,Maura Healey,120,Governor,
Lowell,4,3A,Geoff Diehl,20,Governor,
Lowell,4,3A,Kevin Reed,3,Governor,
Lowell,4,3A,All Others,0,Governor,
Lowell,4,3A,Blanks,1,Governor,
Lowell,4,3A,Total Votes Cast,144,Governor,
Lowell,4,4,Maura Healey,289,Governor,
Lowell,4,4,Geoff Diehl,186,Governor,
Lowell,4,4,Kevin Reed,10,Governor,
Lowell,4,4,All Others,0,Governor,
Lowell,4,4,Blanks,10,Governor,
Lowell,4,4,Total Votes Cast,495,Governor,
Lowell,4,4A,Maura Healey,2,Governor,
Lowell,4,4A,Geoff Diehl,0,Governor,
Lowell,4,4A,Kevin Reed,0,Governor,
Lowell,4,4A,All Others,0,Governor,
Lowell,4,4A,Blanks,0,Governor,
Lowell,4,4A,Total Votes Cast,2,Governor,
Lowell,5,1,Maura Healey,421,Governor,
Lowell,5,1,Geoff Diehl,188,Governor,
Lowell,5,1,Kevin Reed,17,Governor,
Lowell,5,1,All Others,2,Governor,
Lowell,5,1,Blanks,8,Governor,
Lowell,5,1,Total Votes Cast,636,Governor,
Lowell,5,1A,Maura Healey,87,Governor,
Lowell,5,1A,Geoff Diehl,24,Governor,
Lowell,5,1A,Kevin Reed,4,Governor,
Lowell,5,1A,All Others,0,Governor,
Lowell,5,1A,Blanks,1,Governor,
Lowell,5,1A,Total Votes Cast,116,Governor,
Lowell,5,2,Maura Healey,385,Governor,
Lowell,5,2,Geoff Diehl,174,Governor,
Lowell,5,2,Kevin Reed,17,Governor,
Lowell,5,2,All Others,3,Governor,
Lowell,5,2,Blanks,11,Governor,
Lowell,5,2,Total Votes Cast,590,Governor,
Lowell,5,3,Maura Healey,244,Governor,
Lowell,5,3,Geoff Diehl,100,Governor,
Lowell,5,3,Kevin Reed,10,Governor,
Lowell,5,3,All Others,0,Governor,
Lowell,5,3,Blanks,5,Governor,
Lowell,5,3,Total Votes Cast,359,Governor,
Lowell,5,4,Maura Healey,484,Governor,
Lowell,5,4,Geoff Diehl,263,Governor,
Lowell,5,4,Kevin Reed,20,Governor,
Lowell,5,4,All Others,0,Governor,
Lowell,5,4,Blanks,10,Governor,
Lowell,5,4,Total Votes Cast,777,Governor,
Lowell,6,1,Maura Healey,361,Governor,
Lowell,6,1,Geoff Diehl,153,Governor,
Lowell,6,1,Kevin Reed,14,Governor,
Lowell,6,1,All Others,1,Governor,
Lowell,6,1,Blanks,23,Governor,
Lowell,6,1,Total Votes Cast,552,Governor,
Lowell,6,2,Maura Healey,236,Governor,
Lowell,6,2,Geoff Diehl,85,Governor,
Lowell,6,2,Kevin Reed,8,Governor,
Lowell,6,2,All Others,0,Governor,
Lowell,6,2,Blanks,15,Governor,
Lowell,6,2,Total Votes Cast,344,Governor,
Lowell,6,3,Maura Healey,173,Governor,
Lowell,6,3,Geoff Diehl,62,Governor,
Lowell,6,3,Kevin Reed,4,Governor,
Lowell,6,3,All Others,0,Governor,
Lowell,6,3,Blanks,13,Governor,
Lowell,6,3,Total Votes Cast,252,Governor,
Lowell,6,3A,Maura Healey,40,Governor,
Lowell,6,3A,Geoff Diehl,23,Governor,
Lowell,6,3A,Kevin Reed,2,Governor,
Lowell,6,3A,All Others,0,Governor,
Lowell,6,3A,Blanks,3,Governor,
Lowell,6,3A,Total Votes Cast,68,Governor,
Lowell,6,4,Maura Healey,245,Governor,
Lowell,6,4,Geoff Diehl,130,Governor,
Lowell,6,4,Kevin Reed,7,Governor,
Lowell,6,4,All Others,1,Governor,
Lowell,6,4,Blanks,11,Governor,
Lowell,6,4,Total Votes Cast,394,Governor,
Lowell,6,4A,Maura Healey,90,Governor,
Lowell,6,4A,Geoff Diehl,37,Governor,
Lowell,6,4A,Kevin Reed,5,Governor,
Lowell,6,4A,All Others,0,Governor,
Lowell,6,4A,Blanks,6,Governor,
Lowell,6,4A,Total Votes Cast,138,Governor,
Lowell,7,1,Maura Healey,281,Governor,
Lowell,7,1,Geoff Diehl,112,Governor,
Lowell,7,1,Kevin Reed,14,Governor,
Lowell,7,1,All Others,1,Governor,
Lowell,7,1,Blanks,10,Governor,
Lowell,7,1,Total Votes Cast,418,Governor,
Lowell,7,2,Maura Healey,238,Governor,
Lowell,7,2,Geoff Diehl,89,Governor,
Lowell,7,2,Kevin Reed,20,Governor,
Lowell,7,2,All Others,3,Governor,
Lowell,7,2,Blanks,11,Governor,
Lowell,7,2,Total Votes Cast,361,Governor,
Lowell,7,3,Maura Healey,337,Governor,
Lowell,7,3,Geoff Diehl,86,Governor,
Lowell,7,3,Kevin Reed,10,Governor,
Lowell,7,3,All Others,1,Governor,
Lowell,7,3,Blanks,9,Governor,
Lowell,7,3,Total Votes Cast,443,Governor,
Lowell,7,4,Maura Healey,176,Governor,
Lowell,7,4,Geoff Diehl,77,Governor,
Lowell,7,4,Kevin Reed,6,Governor,
Lowell,7,4,All Others,0,Governor,
Lowell,7,4,Blanks,9,Governor,
Lowell,7,4,Total Votes Cast,268,Governor,
Lowell,8,1,Maura Healey,359,Governor,
Lowell,8,1,Geoff Diehl,182,Governor,
Lowell,8,1,Kevin Reed,13,Governor,
Lowell,8,1,All Others,1,Governor,
Lowell,8,1,Blanks,10,Governor,
Lowell,8,1,Total Votes Cast,565,Governor,
Lowell,8,2,Maura Healey,360,Governor,
Lowell,8,2,Geoff Diehl,139,Governor,
Lowell,8,2,Kevin Reed,8,Governor,
Lowell,8,2,All Others,0,Governor,
Lowell,8,2,Blanks,6,Governor,
Lowell,8,2,Total Votes Cast,513,Governor,
Lowell,8,3,Maura Healey,683,Governor,
Lowell,8,3,Geoff Diehl,369,Governor,
Lowell,8,3,Kevin Reed,21,Governor,
Lowell,8,3,All Others,2,Governor,
Lowell,8,3,Blanks,12,Governor,
Lowell,8,3,Total Votes Cast,1087,Governor,
Lowell,8,4,Maura Healey,552,Governor,
Lowell,8,4,Geoff Diehl,273,Governor,
Lowell,8,4,Kevin Reed,9,Governor,
Lowell,8,4,All Others,0,Governor,
Lowell,8,4,Blanks,12,Governor,
Lowell,8,4,Total Votes Cast,846,Governor,
Lowell,8,4A,Maura Healey,25,Governor,
Lowell,8,4A,Geoff Diehl,3,Governor,
Lowell,8,4A,Kevin Reed,0,Governor,
Lowell,8,4A,All Others,0,Governor,
Lowell,8,4A,Blanks,2,Governor,
Lowell,8,4A,Total Votes Cast,30,Governor,
Ludlow,-,1,Maura Healey,625,Governor,
Ludlow,-,1,Geoff Diehl,692,Governor,
Ludlow,-,1,Kevin Reed,21,Governor,
Ludlow,-,1,All Others,1,Governor,
Ludlow,-,1,Blanks,12,Governor,
Ludlow,-,1,Total Votes Cast,1351,Governor,
Ludlow,-,2,Maura Healey,444,Governor,
Ludlow,-,2,Geoff Diehl,437,Governor,
Ludlow,-,2,Kevin Reed,12,Governor,
Ludlow,-,2,All Others,2,Governor,
Ludlow,-,2,Blanks,24,Governor,
Ludlow,-,2,Total Votes Cast,919,Governor,
Ludlow,-,3,Maura Healey,683,Governor,
Ludlow,-,3,Geoff Diehl,941,Governor,
Ludlow,-,3,Kevin Reed,24,Governor,
Ludlow,-,3,All Others,0,Governor,
Ludlow,-,3,Blanks,14,Governor,
Ludlow,-,3,Total Votes Cast,1662,Governor,
Ludlow,-,4,Maura Healey,647,Governor,
Ludlow,-,4,Geoff Diehl,660,Governor,
Ludlow,-,4,Kevin Reed,17,Governor,
Ludlow,-,4,All Others,1,Governor,
Ludlow,-,4,Blanks,16,Governor,
Ludlow,-,4,Total Votes Cast,1341,Governor,
Ludlow,-,5,Maura Healey,543,Governor,
Ludlow,-,5,Geoff Diehl,577,Governor,
Ludlow,-,5,Kevin Reed,17,Governor,
Ludlow,-,5,All Others,2,Governor,
Ludlow,-,5,Blanks,14,Governor,
Ludlow,-,5,Total Votes Cast,1153,Governor,
Ludlow,-,6,Maura Healey,740,Governor,
Ludlow,-,6,Geoff Diehl,833,Governor,
Ludlow,-,6,Kevin Reed,27,Governor,
Ludlow,-,6,All Others,0,Governor,
Ludlow,-,6,Blanks,23,Governor,
Ludlow,-,6,Total Votes Cast,1623,Governor,
Lunenburg,-,A,Maura Healey,684,Governor,
Lunenburg,-,A,Geoff Diehl,583,Governor,
Lunenburg,-,A,Kevin Reed,30,Governor,
Lunenburg,-,A,All Others,1,Governor,
Lunenburg,-,A,Blanks,9,Governor,
Lunenburg,-,A,Total Votes Cast,1307,Governor,
Lunenburg,-,B,Maura Healey,678,Governor,
Lunenburg,-,B,Geoff Diehl,483,Governor,
Lunenburg,-,B,Kevin Reed,19,Governor,
Lunenburg,-,B,All Others,1,Governor,
Lunenburg,-,B,Blanks,13,Governor,
Lunenburg,-,B,Total Votes Cast,1194,Governor,
Lunenburg,-,B1,Maura Healey,35,Governor,
Lunenburg,-,B1,Geoff Diehl,28,Governor,
Lunenburg,-,B1,Kevin Reed,1,Governor,
Lunenburg,-,B1,All Others,0,Governor,
Lunenburg,-,B1,Blanks,0,Governor,
Lunenburg,-,B1,Total Votes Cast,64,Governor,
Lunenburg,-,C,Maura Healey,647,Governor,
Lunenburg,-,C,Geoff Diehl,592,Governor,
Lunenburg,-,C,Kevin Reed,29,Governor,
Lunenburg,-,C,All Others,0,Governor,
Lunenburg,-,C,Blanks,9,Governor,
Lunenburg,-,C,Total Votes Cast,1277,Governor,
Lunenburg,-,C1,Maura Healey,4,Governor,
Lunenburg,-,C1,Geoff Diehl,6,Governor,
Lunenburg,-,C1,Kevin Reed,0,Governor,
Lunenburg,-,C1,All Others,0,Governor,
Lunenburg,-,C1,Blanks,0,Governor,
Lunenburg,-,C1,Total Votes Cast,10,Governor,
Lunenburg,-,D,Maura Healey,783,Governor,
Lunenburg,-,D,Geoff Diehl,623,Governor,
Lunenburg,-,D,Kevin Reed,37,Governor,
Lunenburg,-,D,All Others,2,Governor,
Lunenburg,-,D,Blanks,11,Governor,
Lunenburg,-,D,Total Votes Cast,1456,Governor,
Lynn,1,1,Maura Healey,935,Governor,
Lynn,1,1,Geoff Diehl,744,Governor,
Lynn,1,1,Kevin Reed,25,Governor,
Lynn,1,1,All Others,2,Governor,
Lynn,1,1,Blanks,16,Governor,
Lynn,1,1,Total Votes Cast,1722,Governor,
Lynn,1,2,Maura Healey,699,Governor,
Lynn,1,2,Geoff Diehl,478,Governor,
Lynn,1,2,Kevin Reed,18,Governor,
Lynn,1,2,All Others,0,Governor,
Lynn,1,2,Blanks,18,Governor,
Lynn,1,2,Total Votes Cast,1213,Governor,
Lynn,1,2A,Maura Healey,151,Governor,
Lynn,1,2A,Geoff Diehl,102,Governor,
Lynn,1,2A,Kevin Reed,2,Governor,
Lynn,1,2A,All Others,0,Governor,
Lynn,1,2A,Blanks,7,Governor,
Lynn,1,2A,Total Votes Cast,262,Governor,
Lynn,1,3,Maura Healey,781,Governor,
Lynn,1,3,Geoff Diehl,440,Governor,
Lynn,1,3,Kevin Reed,19,Governor,
Lynn,1,3,All Others,0,Governor,
Lynn,1,3,Blanks,16,Governor,
Lynn,1,3,Total Votes Cast,1256,Governor,
Lynn,1,4,Maura Healey,593,Governor,
Lynn,1,4,Geoff Diehl,290,Governor,
Lynn,1,4,Kevin Reed,17,Governor,
Lynn,1,4,All Others,3,Governor,
Lynn,1,4,Blanks,7,Governor,
Lynn,1,4,Total Votes Cast,910,Governor,
Lynn,2,1,Maura Healey,812,Governor,
Lynn,2,1,Geoff Diehl,484,Governor,
Lynn,2,1,Kevin Reed,13,Governor,
Lynn,2,1,All Others,3,Governor,
Lynn,2,1,Blanks,11,Governor,
Lynn,2,1,Total Votes Cast,1323,Governor,
Lynn,2,2,Maura Healey,447,Governor,
Lynn,2,2,Geoff Diehl,191,Governor,
Lynn,2,2,Kevin Reed,13,Governor,
Lynn,2,2,All Others,0,Governor,
Lynn,2,2,Blanks,5,Governor,
Lynn,2,2,Total Votes Cast,656,Governor,
Lynn,2,3,Maura Healey,294,Governor,
Lynn,2,3,Geoff Diehl,90,Governor,
Lynn,2,3,Kevin Reed,5,Governor,
Lynn,2,3,All Others,1,Governor,
Lynn,2,3,Blanks,5,Governor,
Lynn,2,3,Total Votes Cast,395,Governor,
Lynn,2,4,Maura Healey,267,Governor,
Lynn,2,4,Geoff Diehl,92,Governor,
Lynn,2,4,Kevin Reed,13,Governor,
Lynn,2,4,All Others,0,Governor,
Lynn,2,4,Blanks,4,Governor,
Lynn,2,4,Total Votes Cast,376,Governor,
Lynn,3,1,Maura Healey,519,Governor,
Lynn,3,1,Geoff Diehl,280,Governor,
Lynn,3,1,Kevin Reed,16,Governor,
Lynn,3,1,All Others,2,Governor,
Lynn,3,1,Blanks,5,Governor,
Lynn,3,1,Total Votes Cast,822,Governor,
Lynn,3,2,Maura Healey,349,Governor,
Lynn,3,2,Geoff Diehl,113,Governor,
Lynn,3,2,Kevin Reed,11,Governor,
Lynn,3,2,All Others,1,Governor,
Lynn,3,2,Blanks,3,Governor,
Lynn,3,2,Total Votes Cast,477,Governor,
Lynn,3,3,Maura Healey,545,Governor,
Lynn,3,3,Geoff Diehl,221,Governor,
Lynn,3,3,Kevin Reed,11,Governor,
Lynn,3,3,All Others,0,Governor,
Lynn,3,3,Blanks,7,Governor,
Lynn,3,3,Total Votes Cast,784,Governor,
Lynn,3,4,Maura Healey,598,Governor,
Lynn,3,4,Geoff Diehl,175,Governor,
Lynn,3,4,Kevin Reed,16,Governor,
Lynn,3,4,All Others,0,Governor,
Lynn,3,4,Blanks,10,Governor,
Lynn,3,4,Total Votes Cast,799,Governor,
Lynn,4,1,Maura Healey,204,Governor,
Lynn,4,1,Geoff Diehl,82,Governor,
Lynn,4,1,Kevin Reed,6,Governor,
Lynn,4,1,All Others,0,Governor,
Lynn,4,1,Blanks,6,Governor,
Lynn,4,1,Total Votes Cast,298,Governor,
Lynn,4,2,Maura Healey,236,Governor,
Lynn,4,2,Geoff Diehl,50,Governor,
Lynn,4,2,Kevin Reed,4,Governor,
Lynn,4,2,All Others,0,Governor,
Lynn,4,2,Blanks,2,Governor,
Lynn,4,2,Total Votes Cast,292,Governor,
Lynn,4,3,Maura Healey,347,Governor,
Lynn,4,3,Geoff Diehl,113,Governor,
Lynn,4,3,Kevin Reed,7,Governor,
Lynn,4,3,All Others,0,Governor,
Lynn,4,3,Blanks,7,Governor,
Lynn,4,3,Total Votes Cast,474,Governor,
Lynn,4,3A,Maura Healey,71,Governor,
Lynn,4,3A,Geoff Diehl,15,Governor,
Lynn,4,3A,Kevin Reed,3,Governor,
Lynn,4,3A,All Others,0,Governor,
Lynn,4,3A,Blanks,1,Governor,
Lynn,4,3A,Total Votes Cast,90,Governor,
Lynn,4,4,Maura Healey,510,Governor,
Lynn,4,4,Geoff Diehl,182,Governor,
Lynn,4,4,Kevin Reed,10,Governor,
Lynn,4,4,All Others,0,Governor,
Lynn,4,4,Blanks,7,Governor,
Lynn,4,4,Total Votes Cast,709,Governor,
Lynn,5,1,Maura Healey,572,Governor,
Lynn,5,1,Geoff Diehl,264,Governor,
Lynn,5,1,Kevin Reed,14,Governor,
Lynn,5,1,All Others,0,Governor,
Lynn,5,1,Blanks,10,Governor,
Lynn,5,1,Total Votes Cast,860,Governor,
Lynn,5,2,Maura Healey,249,Governor,
Lynn,5,2,Geoff Diehl,86,Governor,
Lynn,5,2,Kevin Reed,9,Governor,
Lynn,5,2,All Others,0,Governor,
Lynn,5,2,Blanks,8,Governor,
Lynn,5,2,Total Votes Cast,352,Governor,
Lynn,5,3,Maura Healey,193,Governor,
Lynn,5,3,Geoff Diehl,70,Governor,
Lynn,5,3,Kevin Reed,7,Governor,
Lynn,5,3,All Others,1,Governor,
Lynn,5,3,Blanks,7,Governor,
Lynn,5,3,Total Votes Cast,278,Governor,
Lynn,5,4,Maura Healey,521,Governor,
Lynn,5,4,Geoff Diehl,157,Governor,
Lynn,5,4,Kevin Reed,11,Governor,
Lynn,5,4,All Others,0,Governor,
Lynn,5,4,Blanks,16,Governor,
Lynn,5,4,Total Votes Cast,705,Governor,
Lynn,6,1,Maura Healey,328,Governor,
Lynn,6,1,Geoff Diehl,121,Governor,
Lynn,6,1,Kevin Reed,11,Governor,
Lynn,6,1,All Others,0,Governor,
Lynn,6,1,Blanks,5,Governor,
Lynn,6,1,Total Votes Cast,465,Governor,
Lynn,6,2,Maura Healey,194,Governor,
Lynn,6,2,Geoff Diehl,66,Governor,
Lynn,6,2,Kevin Reed,3,Governor,
Lynn,6,2,All Others,0,Governor,
Lynn,6,2,Blanks,3,Governor,
Lynn,6,2,Total Votes Cast,266,Governor,
Lynn,6,3,Maura Healey,273,Governor,
Lynn,6,3,Geoff Diehl,72,Governor,
Lynn,6,3,Kevin Reed,6,Governor,
Lynn,6,3,All Others,0,Governor,
Lynn,6,3,Blanks,4,Governor,
Lynn,6,3,Total Votes Cast,355,Governor,
Lynn,6,4,Maura Healey,428,Governor,
Lynn,6,4,Geoff Diehl,202,Governor,
Lynn,6,4,Kevin Reed,10,Governor,
Lynn,6,4,All Others,0,Governor,
Lynn,6,4,Blanks,7,Governor,
Lynn,6,4,Total Votes Cast,647,Governor,
Lynn,7,1,Maura Healey,691,Governor,
Lynn,7,1,Geoff Diehl,333,Governor,
Lynn,7,1,Kevin Reed,21,Governor,
Lynn,7,1,All Others,1,Governor,
Lynn,7,1,Blanks,7,Governor,
Lynn,7,1,Total Votes Cast,1053,Governor,
Lynn,7,2,Maura Healey,651,Governor,
Lynn,7,2,Geoff Diehl,305,Governor,
Lynn,7,2,Kevin Reed,17,Governor,
Lynn,7,2,All Others,3,Governor,
Lynn,7,2,Blanks,6,Governor,
Lynn,7,2,Total Votes Cast,982,Governor,
Lynn,7,3,Maura Healey,346,Governor,
Lynn,7,3,Geoff Diehl,189,Governor,
Lynn,7,3,Kevin Reed,6,Governor,
Lynn,7,3,All Others,0,Governor,
Lynn,7,3,Blanks,8,Governor,
Lynn,7,3,Total Votes Cast,549,Governor,
Lynn,7,4,Maura Healey,428,Governor,
Lynn,7,4,Geoff Diehl,208,Governor,
Lynn,7,4,Kevin Reed,10,Governor,
Lynn,7,4,All Others,3,Governor,
Lynn,7,4,Blanks,3,Governor,
Lynn,7,4,Total Votes Cast,652,Governor,
Lynnfield,-,1,Maura Healey,718,Governor,
Lynnfield,-,1,Geoff Diehl,741,Governor,
Lynnfield,-,1,Kevin Reed,24,Governor,
Lynnfield,-,1,All Others,1,Governor,
Lynnfield,-,1,Blanks,11,Governor,
Lynnfield,-,1,Total Votes Cast,1495,Governor,
Lynnfield,-,2,Maura Healey,765,Governor,
Lynnfield,-,2,Geoff Diehl,677,Governor,
Lynnfield,-,2,Kevin Reed,20,Governor,
Lynnfield,-,2,All Others,5,Governor,
Lynnfield,-,2,Blanks,14,Governor,
Lynnfield,-,2,Total Votes Cast,1481,Governor,
Lynnfield,-,3,Maura Healey,698,Governor,
Lynnfield,-,3,Geoff Diehl,713,Governor,
Lynnfield,-,3,Kevin Reed,23,Governor,
Lynnfield,-,3,All Others,1,Governor,
Lynnfield,-,3,Blanks,12,Governor,
Lynnfield,-,3,Total Votes Cast,1447,Governor,
Lynnfield,-,4,Maura Healey,705,Governor,
Lynnfield,-,4,Geoff Diehl,859,Governor,
Lynnfield,-,4,Kevin Reed,12,Governor,
Lynnfield,-,4,All Others,1,Governor,
Lynnfield,-,4,Blanks,16,Governor,
Lynnfield,-,4,Total Votes Cast,1593,Governor,
Malden,1,1,Maura Healey,365,Governor,
Malden,1,1,Geoff Diehl,79,Governor,
Malden,1,1,Kevin Reed,6,Governor,
Malden,1,1,All Others,0,Governor,
Malden,1,1,Blanks,8,Governor,
Malden,1,1,Total Votes Cast,458,Governor,
Malden,1,2,Maura Healey,436,Governor,
Malden,1,2,Geoff Diehl,139,Governor,
Malden,1,2,Kevin Reed,17,Governor,
Malden,1,2,All Others,1,Governor,
Malden,1,2,Blanks,6,Governor,
Malden,1,2,Total Votes Cast,599,Governor,
Malden,1,3,Maura Healey,456,Governor,
Malden,1,3,Geoff Diehl,149,Governor,
Malden,1,3,Kevin Reed,19,Governor,
Malden,1,3,All Others,1,Governor,
Malden,1,3,Blanks,10,Governor,
Malden,1,3,Total Votes Cast,635,Governor,
Malden,2,1,Maura Healey,361,Governor,
Malden,2,1,Geoff Diehl,108,Governor,
Malden,2,1,Kevin Reed,5,Governor,
Malden,2,1,All Others,4,Governor,
Malden,2,1,Blanks,4,Governor,
Malden,2,1,Total Votes Cast,482,Governor,
Malden,2,2,Maura Healey,360,Governor,
Malden,2,2,Geoff Diehl,172,Governor,
Malden,2,2,Kevin Reed,12,Governor,
Malden,2,2,All Others,1,Governor,
Malden,2,2,Blanks,9,Governor,
Malden,2,2,Total Votes Cast,554,Governor,
Malden,2,3,Maura Healey,491,Governor,
Malden,2,3,Geoff Diehl,197,Governor,
Malden,2,3,Kevin Reed,4,Governor,
Malden,2,3,All Others,0,Governor,
Malden,2,3,Blanks,11,Governor,
Malden,2,3,Total Votes Cast,703,Governor,
Malden,3,1,Maura Healey,336,Governor,
Malden,3,1,Geoff Diehl,110,Governor,
Malden,3,1,Kevin Reed,13,Governor,
Malden,3,1,All Others,0,Governor,
Malden,3,1,Blanks,4,Governor,
Malden,3,1,Total Votes Cast,463,Governor,
Malden,3,1A,Maura Healey,408,Governor,
Malden,3,1A,Geoff Diehl,147,Governor,
Malden,3,1A,Kevin Reed,5,Governor,
Malden,3,1A,All Others,0,Governor,
Malden,3,1A,Blanks,4,Governor,
Malden,3,1A,Total Votes Cast,564,Governor,
Malden,3,2,Maura Healey,499,Governor,
Malden,3,2,Geoff Diehl,138,Governor,
Malden,3,2,Kevin Reed,9,Governor,
Malden,3,2,All Others,2,Governor,
Malden,3,2,Blanks,14,Governor,
Malden,3,2,Total Votes Cast,662,Governor,
Malden,3,3,Maura Healey,687,Governor,
Malden,3,3,Geoff Diehl,180,Governor,
Malden,3,3,Kevin Reed,17,Governor,
Malden,3,3,All Others,0,Governor,
Malden,3,3,Blanks,8,Governor,
Malden,3,3,Total Votes Cast,892,Governor,
Malden,4,1,Maura Healey,418,Governor,
Malden,4,1,Geoff Diehl,120,Governor,
Malden,4,1,Kevin Reed,9,Governor,
Malden,4,1,All Others,1,Governor,
Malden,4,1,Blanks,6,Governor,
Malden,4,1,Total Votes Cast,554,Governor,
Malden,4,2,Maura Healey,298,Governor,
Malden,4,2,Geoff Diehl,71,Governor,
Malden,4,2,Kevin Reed,9,Governor,
Malden,4,2,All Others,0,Governor,
Malden,4,2,Blanks,4,Governor,
Malden,4,2,Total Votes Cast,382,Governor,
Malden,4,3,Maura Healey,441,Governor,
Malden,4,3,Geoff Diehl,89,Governor,
Malden,4,3,Kevin Reed,7,Governor,
Malden,4,3,All Others,1,Governor,
Malden,4,3,Blanks,4,Governor,
Malden,4,3,Total Votes Cast,542,Governor,
Malden,5,1,Maura Healey,454,Governor,
Malden,5,1,Geoff Diehl,164,Governor,
Malden,5,1,Kevin Reed,13,Governor,
Malden,5,1,All Others,1,Governor,
Malden,5,1,Blanks,11,Governor,
Malden,5,1,Total Votes Cast,643,Governor,
Malden,5,2,Maura Healey,733,Governor,
Malden,5,2,Geoff Diehl,253,Governor,
Malden,5,2,Kevin Reed,12,Governor,
Malden,5,2,All Others,3,Governor,
Malden,5,2,Blanks,7,Governor,
Malden,5,2,Total Votes Cast,1008,Governor,
Malden,5,3,Maura Healey,273,Governor,
Malden,5,3,Geoff Diehl,88,Governor,
Malden,5,3,Kevin Reed,9,Governor,
Malden,5,3,All Others,0,Governor,
Malden,5,3,Blanks,3,Governor,
Malden,5,3,Total Votes Cast,373,Governor,
Malden,5,3A,Maura Healey,146,Governor,
Malden,5,3A,Geoff Diehl,13,Governor,
Malden,5,3A,Kevin Reed,1,Governor,
Malden,5,3A,All Others,0,Governor,
Malden,5,3A,Blanks,3,Governor,
Malden,5,3A,Total Votes Cast,163,Governor,
Malden,6,1,Maura Healey,691,Governor,
Malden,6,1,Geoff Diehl,225,Governor,
Malden,6,1,Kevin Reed,11,Governor,
Malden,6,1,All Others,1,Governor,
Malden,6,1,Blanks,11,Governor,
Malden,6,1,Total Votes Cast,939,Governor,
Malden,6,2,Maura Healey,408,Governor,
Malden,6,2,Geoff Diehl,164,Governor,
Malden,6,2,Kevin Reed,10,Governor,
Malden,6,2,All Others,0,Governor,
Malden,6,2,Blanks,6,Governor,
Malden,6,2,Total Votes Cast,588,Governor,
Malden,6,3,Maura Healey,420,Governor,
Malden,6,3,Geoff Diehl,205,Governor,
Malden,6,3,Kevin Reed,8,Governor,
Malden,6,3,All Others,2,Governor,
Malden,6,3,Blanks,4,Governor,
Malden,6,3,Total Votes Cast,639,Governor,
Malden,7,1,Maura Healey,365,Governor,
Malden,7,1,Geoff Diehl,100,Governor,
Malden,7,1,Kevin Reed,4,Governor,
Malden,7,1,All Others,1,Governor,
Malden,7,1,Blanks,9,Governor,
Malden,7,1,Total Votes Cast,479,Governor,
Malden,7,2,Maura Healey,346,Governor,
Malden,7,2,Geoff Diehl,119,Governor,
Malden,7,2,Kevin Reed,11,Governor,
Malden,7,2,All Others,0,Governor,
Malden,7,2,Blanks,4,Governor,
Malden,7,2,Total Votes Cast,480,Governor,
Malden,7,3,Maura Healey,206,Governor,
Malden,7,3,Geoff Diehl,102,Governor,
Malden,7,3,Kevin Reed,6,Governor,
Malden,7,3,All Others,1,Governor,
Malden,7,3,Blanks,5,Governor,
Malden,7,3,Total Votes Cast,320,Governor,
Malden,7,3A,Maura Healey,172,Governor,
Malden,7,3A,Geoff Diehl,44,Governor,
Malden,7,3A,Kevin Reed,3,Governor,
Malden,7,3A,All Others,0,Governor,
Malden,7,3A,Blanks,1,Governor,
Malden,7,3A,Total Votes Cast,220,Governor,
Malden,8,1,Maura Healey,500,Governor,
Malden,8,1,Geoff Diehl,214,Governor,
Malden,8,1,Kevin Reed,17,Governor,
Malden,8,1,All Others,0,Governor,
Malden,8,1,Blanks,5,Governor,
Malden,8,1,Total Votes Cast,736,Governor,
Malden,8,2,Maura Healey,392,Governor,
Malden,8,2,Geoff Diehl,159,Governor,
Malden,8,2,Kevin Reed,4,Governor,
Malden,8,2,All Others,2,Governor,
Malden,8,2,Blanks,5,Governor,
Malden,8,2,Total Votes Cast,562,Governor,
Malden,8,3,Maura Healey,320,Governor,
Malden,8,3,Geoff Diehl,105,Governor,
Malden,8,3,Kevin Reed,6,Governor,
Malden,8,3,All Others,0,Governor,
Malden,8,3,Blanks,7,Governor,
Malden,8,3,Total Votes Cast,438,Governor,
Manchester-by-the-Sea,,,Maura Healey,1981,Governor,
Manchester-by-the-Sea,,,Geoff Diehl,859,Governor,
Manchester-by-the-Sea,,,Kevin Reed,44,Governor,
Manchester-by-the-Sea,,,All Others,21,Governor,
Manchester-by-the-Sea,,,Blanks,2,Governor,
Manchester-by-the-Sea,,,Total Votes Cast,2907,Governor,
Mansfield,-,1,Maura Healey,839,Governor,
Mansfield,-,1,Geoff Diehl,692,Governor,
Mansfield,-,1,Kevin Reed,27,Governor,
Mansfield,-,1,All Others,3,Governor,
Mansfield,-,1,Blanks,10,Governor,
Mansfield,-,1,Total Votes Cast,1571,Governor,
Mansfield,-,2,Maura Healey,579,Governor,
Mansfield,-,2,Geoff Diehl,427,Governor,
Mansfield,-,2,Kevin Reed,17,Governor,
Mansfield,-,2,All Others,2,Governor,
Mansfield,-,2,Blanks,11,Governor,
Mansfield,-,2,Total Votes Cast,1036,Governor,
Mansfield,-,2A,Maura Healey,258,Governor,
Mansfield,-,2A,Geoff Diehl,177,Governor,
Mansfield,-,2A,Kevin Reed,3,Governor,
Mansfield,-,2A,All Others,0,Governor,
Mansfield,-,2A,Blanks,4,Governor,
Mansfield,-,2A,Total Votes Cast,442,Governor,
Mansfield,-,3,Maura Healey,1041,Governor,
Mansfield,-,3,Geoff Diehl,710,Governor,
Mansfield,-,3,Kevin Reed,28,Governor,
Mansfield,-,3,All Others,1,Governor,
Mansfield,-,3,Blanks,26,Governor,
Mansfield,-,3,Total Votes Cast,1806,Governor,
Mansfield,-,4,Maura Healey,824,Governor,
Mansfield,-,4,Geoff Diehl,566,Governor,
Mansfield,-,4,Kevin Reed,23,Governor,
Mansfield,-,4,All Others,0,Governor,
Mansfield,-,4,Blanks,7,Governor,
Mansfield,-,4,Total Votes Cast,1420,Governor,
Mansfield,-,5,Maura Healey,829,Governor,
Mansfield,-,5,Geoff Diehl,444,Governor,
Mansfield,-,5,Kevin Reed,29,Governor,
Mansfield,-,5,All Others,0,Governor,
Mansfield,-,5,Blanks,11,Governor,
Mansfield,-,5,Total Votes Cast,1313,Governor,
Mansfield,-,6,Maura Healey,605,Governor,
Mansfield,-,6,Geoff Diehl,327,Governor,
Mansfield,-,6,Kevin Reed,21,Governor,
Mansfield,-,6,All Others,0,Governor,
Mansfield,-,6,Blanks,7,Governor,
Mansfield,-,6,Total Votes Cast,960,Governor,
Mansfield,-,6A,Maura Healey,140,Governor,
Mansfield,-,6A,Geoff Diehl,88,Governor,
Mansfield,-,6A,Kevin Reed,0,Governor,
Mansfield,-,6A,All Others,1,Governor,
Mansfield,-,6A,Blanks,1,Governor,
Mansfield,-,6A,Total Votes Cast,230,Governor,
Mansfield,-,7,Maura Healey,896,Governor,
Mansfield,-,7,Geoff Diehl,528,Governor,
Mansfield,-,7,Kevin Reed,17,Governor,
Mansfield,-,7,All Others,0,Governor,
Mansfield,-,7,Blanks,13,Governor,
Mansfield,-,7,Total Votes Cast,1454,Governor,
Marblehead,-,1,Maura Healey,1298,Governor,
Marblehead,-,1,Geoff Diehl,557,Governor,
Marblehead,-,1,Kevin Reed,23,Governor,
Marblehead,-,1,All Others,1,Governor,
Marblehead,-,1,Blanks,21,Governor,
Marblehead,-,1,Total Votes Cast,1900,Governor,
Marblehead,-,2,Maura Healey,1282,Governor,
Marblehead,-,2,Geoff Diehl,456,Governor,
Marblehead,-,2,Kevin Reed,21,Governor,
Marblehead,-,2,All Others,2,Governor,
Marblehead,-,2,Blanks,19,Governor,
Marblehead,-,2,Total Votes Cast,1780,Governor,
Marblehead,-,3,Maura Healey,1110,Governor,
Marblehead,-,3,Geoff Diehl,475,Governor,
Marblehead,-,3,Kevin Reed,16,Governor,
Marblehead,-,3,All Others,3,Governor,
Marblehead,-,3,Blanks,20,Governor,
Marblehead,-,3,Total Votes Cast,1624,Governor,
Marblehead,-,4,Maura Healey,1199,Governor,
Marblehead,-,4,Geoff Diehl,586,Governor,
Marblehead,-,4,Kevin Reed,19,Governor,
Marblehead,-,4,All Others,5,Governor,
Marblehead,-,4,Blanks,23,Governor,
Marblehead,-,4,Total Votes Cast,1832,Governor,
Marblehead,-,5,Maura Healey,1109,Governor,
Marblehead,-,5,Geoff Diehl,540,Governor,
Marblehead,-,5,Kevin Reed,9,Governor,
Marblehead,-,5,All Others,1,Governor,
Marblehead,-,5,Blanks,22,Governor,
Marblehead,-,5,Total Votes Cast,1681,Governor,
Marblehead,-,6,Maura Healey,1232,Governor,
Marblehead,-,6,Geoff Diehl,544,Governor,
Marblehead,-,6,Kevin Reed,26,Governor,
Marblehead,-,6,All Others,1,Governor,
Marblehead,-,6,Blanks,16,Governor,
Marblehead,-,6,Total Votes Cast,1819,Governor,
Marion,,,Maura Healey,1689,Governor,
Marion,,,Geoff Diehl,1047,Governor,
Marion,,,Kevin Reed,53,Governor,
Marion,,,All Others,2,Governor,
Marion,,,Blanks,22,Governor,
Marion,,,Total Votes Cast,2813,Governor,
Marlborough,1,1,Maura Healey,564,Governor,
Marlborough,1,1,Geoff Diehl,275,Governor,
Marlborough,1,1,Kevin Reed,9,Governor,
Marlborough,1,1,All Others,2,Governor,
Marlborough,1,1,Blanks,11,Governor,
Marlborough,1,1,Total Votes Cast,861,Governor,
Marlborough,1,1A,Maura Healey,20,Governor,
Marlborough,1,1A,Geoff Diehl,6,Governor,
Marlborough,1,1A,Kevin Reed,0,Governor,
Marlborough,1,1A,All Others,0,Governor,
Marlborough,1,1A,Blanks,0,Governor,
Marlborough,1,1A,Total Votes Cast,26,Governor,
Marlborough,1,2,Maura Healey,892,Governor,
Marlborough,1,2,Geoff Diehl,473,Governor,
Marlborough,1,2,Kevin Reed,16,Governor,
Marlborough,1,2,All Others,1,Governor,
Marlborough,1,2,Blanks,15,Governor,
Marlborough,1,2,Total Votes Cast,1397,Governor,
Marlborough,2,1,Maura Healey,675,Governor,
Marlborough,2,1,Geoff Diehl,436,Governor,
Marlborough,2,1,Kevin Reed,18,Governor,
Marlborough,2,1,All Others,1,Governor,
Marlborough,2,1,Blanks,11,Governor,
Marlborough,2,1,Total Votes Cast,1141,Governor,
Marlborough,2,2,Maura Healey,524,Governor,
Marlborough,2,2,Geoff Diehl,290,Governor,
Marlborough,2,2,Kevin Reed,16,Governor,
Marlborough,2,2,All Others,0,Governor,
Marlborough,2,2,Blanks,7,Governor,
Marlborough,2,2,Total Votes Cast,837,Governor,
Marlborough,2,2A,Maura Healey,4,Governor,
Marlborough,2,2A,Geoff Diehl,5,Governor,
Marlborough,2,2A,Kevin Reed,0,Governor,
Marlborough,2,2A,All Others,0,Governor,
Marlborough,2,2A,Blanks,0,Governor,
Marlborough,2,2A,Total Votes Cast,9,Governor,
Marlborough,3,1,Maura Healey,349,Governor,
Marlborough,3,1,Geoff Diehl,218,Governor,
Marlborough,3,1,Kevin Reed,27,Governor,
Marlborough,3,1,All Others,1,Governor,
Marlborough,3,1,Blanks,12,Governor,
Marlborough,3,1,Total Votes Cast,607,Governor,
Marlborough,3,2,Maura Healey,809,Governor,
Marlborough,3,2,Geoff Diehl,348,Governor,
Marlborough,3,2,Kevin Reed,22,Governor,
Marlborough,3,2,All Others,1,Governor,
Marlborough,3,2,Blanks,16,Governor,
Marlborough,3,2,Total Votes Cast,1196,Governor,
Marlborough,4,1,Maura Healey,315,Governor,
Marlborough,4,1,Geoff Diehl,190,Governor,
Marlborough,4,1,Kevin Reed,6,Governor,
Marlborough,4,1,All Others,0,Governor,
Marlborough,4,1,Blanks,5,Governor,
Marlborough,4,1,Total Votes Cast,516,Governor,
Marlborough,4,2,Maura Healey,789,Governor,
Marlborough,4,2,Geoff Diehl,440,Governor,
Marlborough,4,2,Kevin Reed,27,Governor,
Marlborough,4,2,All Others,1,Governor,
Marlborough,4,2,Blanks,26,Governor,
Marlborough,4,2,Total Votes Cast,1283,Governor,
Marlborough,5,1,Maura Healey,381,Governor,
Marlborough,5,1,Geoff Diehl,198,Governor,
Marlborough,5,1,Kevin Reed,12,Governor,
Marlborough,5,1,All Others,1,Governor,
Marlborough,5,1,Blanks,8,Governor,
Marlborough,5,1,Total Votes Cast,600,Governor,
Marlborough,5,2,Maura Healey,682,Governor,
Marlborough,5,2,Geoff Diehl,317,Governor,
Marlborough,5,2,Kevin Reed,22,Governor,
Marlborough,5,2,All Others,1,Governor,
Marlborough,5,2,Blanks,10,Governor,
Marlborough,5,2,Total Votes Cast,1032,Governor,
Marlborough,6,1,Maura Healey,413,Governor,
Marlborough,6,1,Geoff Diehl,227,Governor,
Marlborough,6,1,Kevin Reed,10,Governor,
Marlborough,6,1,All Others,0,Governor,
Marlborough,6,1,Blanks,11,Governor,
Marlborough,6,1,Total Votes Cast,661,Governor,
Marlborough,6,2,Maura Healey,784,Governor,
Marlborough,6,2,Geoff Diehl,487,Governor,
Marlborough,6,2,Kevin Reed,29,Governor,
Marlborough,6,2,All Others,2,Governor,
Marlborough,6,2,Blanks,12,Governor,
Marlborough,6,2,Total Votes Cast,1314,Governor,
Marlborough,7,1,Maura Healey,533,Governor,
Marlborough,7,1,Geoff Diehl,314,Governor,
Marlborough,7,1,Kevin Reed,18,Governor,
Marlborough,7,1,All Others,0,Governor,
Marlborough,7,1,Blanks,5,Governor,
Marlborough,7,1,Total Votes Cast,870,Governor,
Marlborough,7,2,Maura Healey,540,Governor,
Marlborough,7,2,Geoff Diehl,343,Governor,
Marlborough,7,2,Kevin Reed,19,Governor,
Marlborough,7,2,All Others,2,Governor,
Marlborough,7,2,Blanks,8,Governor,
Marlborough,7,2,Total Votes Cast,912,Governor,
Marlborough,7,2A,Maura Healey,19,Governor,
Marlborough,7,2A,Geoff Diehl,14,Governor,
Marlborough,7,2A,Kevin Reed,3,Governor,
Marlborough,7,2A,All Others,0,Governor,
Marlborough,7,2A,Blanks,0,Governor,
Marlborough,7,2A,Total Votes Cast,36,Governor,
Marshfield,-,1,Maura Healey,989,Governor,
Marshfield,-,1,Geoff Diehl,925,Governor,
Marshfield,-,1,Kevin Reed,15,Governor,
Marshfield,-,1,All Others,0,Governor,
Marshfield,-,1,Blanks,11,Governor,
Marshfield,-,1,Total Votes Cast,1940,Governor,
Marshfield,-,2,Maura Healey,857,Governor,
Marshfield,-,2,Geoff Diehl,759,Governor,
Marshfield,-,2,Kevin Reed,20,Governor,
Marshfield,-,2,All Others,0,Governor,
Marshfield,-,2,Blanks,8,Governor,
Marshfield,-,2,Total Votes Cast,1644,Governor,
Marshfield,-,2A,Maura Healey,146,Governor,
Marshfield,-,2A,Geoff Diehl,66,Governor,
Marshfield,-,2A,Kevin Reed,4,Governor,
Marshfield,-,2A,All Others,0,Governor,
Marshfield,-,2A,Blanks,3,Governor,
Marshfield,-,2A,Total Votes Cast,219,Governor,
Marshfield,-,3,Maura Healey,1000,Governor,
Marshfield,-,3,Geoff Diehl,855,Governor,
Marshfield,-,3,Kevin Reed,30,Governor,
Marshfield,-,3,All Others,0,Governor,
Marshfield,-,3,Blanks,17,Governor,
Marshfield,-,3,Total Votes Cast,1902,Governor,
Marshfield,-,4,Maura Healey,835,Governor,
Marshfield,-,4,Geoff Diehl,736,Governor,
Marshfield,-,4,Kevin Reed,19,Governor,
Marshfield,-,4,All Others,0,Governor,
Marshfield,-,4,Blanks,13,Governor,
Marshfield,-,4,Total Votes Cast,1603,Governor,
Marshfield,-,5,Maura Healey,853,Governor,
Marshfield,-,5,Geoff Diehl,743,Governor,
Marshfield,-,5,Kevin Reed,32,Governor,
Marshfield,-,5,All Others,0,Governor,
Marshfield,-,5,Blanks,18,Governor,
Marshfield,-,5,Total Votes Cast,1646,Governor,
Marshfield,-,6,Maura Healey,1148,Governor,
Marshfield,-,6,Geoff Diehl,1049,Governor,
Marshfield,-,6,Kevin Reed,35,Governor,
Marshfield,-,6,All Others,0,Governor,
Marshfield,-,6,Blanks,16,Governor,
Marshfield,-,6,Total Votes Cast,2248,Governor,
Marshfield,-,7,Maura Healey,1004,Governor,
Marshfield,-,7,Geoff Diehl,925,Governor,
Marshfield,-,7,Kevin Reed,21,Governor,
Marshfield,-,7,All Others,0,Governor,
Marshfield,-,7,Blanks,13,Governor,
Marshfield,-,7,Total Votes Cast,1963,Governor,
Mashpee,-,1,Maura Healey,1054,Governor,
Mashpee,-,1,Geoff Diehl,632,Governor,
Mashpee,-,1,Kevin Reed,13,Governor,
Mashpee,-,1,All Others,1,Governor,
Mashpee,-,1,Blanks,7,Governor,
Mashpee,-,1,Total Votes Cast,1707,Governor,
Mashpee,-,2,Maura Healey,733,Governor,
Mashpee,-,2,Geoff Diehl,637,Governor,
Mashpee,-,2,Kevin Reed,16,Governor,
Mashpee,-,2,All Others,0,Governor,
Mashpee,-,2,Blanks,12,Governor,
Mashpee,-,2,Total Votes Cast,1398,Governor,
Mashpee,-,3,Maura Healey,684,Governor,
Mashpee,-,3,Geoff Diehl,615,Governor,
Mashpee,-,3,Kevin Reed,27,Governor,
Mashpee,-,3,All Others,0,Governor,
Mashpee,-,3,Blanks,18,Governor,
Mashpee,-,3,Total Votes Cast,1344,Governor,
Mashpee,-,4,Maura Healey,822,Governor,
Mashpee,-,4,Geoff Diehl,521,Governor,
Mashpee,-,4,Kevin Reed,21,Governor,
Mashpee,-,4,All Others,2,Governor,
Mashpee,-,4,Blanks,10,Governor,
Mashpee,-,4,Total Votes Cast,1376,Governor,
Mashpee,-,5,Maura Healey,1200,Governor,
Mashpee,-,5,Geoff Diehl,974,Governor,
Mashpee,-,5,Kevin Reed,21,Governor,
Mashpee,-,5,All Others,5,Governor,
Mashpee,-,5,Blanks,15,Governor,
Mashpee,-,5,Total Votes Cast,2215,Governor,
Mattapoisett,-,1,Maura Healey,1050,Governor,
Mattapoisett,-,1,Geoff Diehl,803,Governor,
Mattapoisett,-,1,Kevin Reed,25,Governor,
Mattapoisett,-,1,All Others,1,Governor,
Mattapoisett,-,1,Blanks,16,Governor,
Mattapoisett,-,1,Total Votes Cast,1895,Governor,
Mattapoisett,-,2,Maura Healey,1064,Governor,
Mattapoisett,-,2,Geoff Diehl,788,Governor,
Mattapoisett,-,2,Kevin Reed,17,Governor,
Mattapoisett,-,2,All Others,2,Governor,
Mattapoisett,-,2,Blanks,19,Governor,
Mattapoisett,-,2,Total Votes Cast,1890,Governor,
Maynard,-,1,Maura Healey,985,Governor,
Maynard,-,1,Geoff Diehl,337,Governor,
Maynard,-,1,Kevin Reed,21,Governor,
Maynard,-,1,All Others,1,Governor,
Maynard,-,1,Blanks,3,Governor,
Maynard,-,1,Total Votes Cast,1347,Governor,
Maynard,-,2,Maura Healey,834,Governor,
Maynard,-,2,Geoff Diehl,274,Governor,
Maynard,-,2,Kevin Reed,15,Governor,
Maynard,-,2,All Others,4,Governor,
Maynard,-,2,Blanks,5,Governor,
Maynard,-,2,Total Votes Cast,1132,Governor,
Maynard,-,3,Maura Healey,1130,Governor,
Maynard,-,3,Geoff Diehl,410,Governor,
Maynard,-,3,Kevin Reed,21,Governor,
Maynard,-,3,All Others,2,Governor,
Maynard,-,3,Blanks,10,Governor,
Maynard,-,3,Total Votes Cast,1573,Governor,
Maynard,-,4,Maura Healey,789,Governor,
Maynard,-,4,Geoff Diehl,313,Governor,
Maynard,-,4,Kevin Reed,23,Governor,
Maynard,-,4,All Others,1,Governor,
Maynard,-,4,Blanks,4,Governor,
Maynard,-,4,Total Votes Cast,1130,Governor,
Medfield,-,1,Maura Healey,1065,Governor,
Medfield,-,1,Geoff Diehl,539,Governor,
Medfield,-,1,Kevin Reed,21,Governor,
Medfield,-,1,All Others,8,Governor,
Medfield,-,1,Blanks,24,Governor,
Medfield,-,1,Total Votes Cast,1657,Governor,
Medfield,-,2,Maura Healey,987,Governor,
Medfield,-,2,Geoff Diehl,502,Governor,
Medfield,-,2,Kevin Reed,19,Governor,
Medfield,-,2,All Others,1,Governor,
Medfield,-,2,Blanks,14,Governor,
Medfield,-,2,Total Votes Cast,1523,Governor,
Medfield,-,3,Maura Healey,1011,Governor,
Medfield,-,3,Geoff Diehl,579,Governor,
Medfield,-,3,Kevin Reed,23,Governor,
Medfield,-,3,All Others,1,Governor,
Medfield,-,3,Blanks,13,Governor,
Medfield,-,3,Total Votes Cast,1627,Governor,
Medfield,-,4,Maura Healey,970,Governor,
Medfield,-,4,Geoff Diehl,528,Governor,
Medfield,-,4,Kevin Reed,27,Governor,
Medfield,-,4,All Others,2,Governor,
Medfield,-,4,Blanks,19,Governor,
Medfield,-,4,Total Votes Cast,1546,Governor,
Medford,1,1,Maura Healey,874,Governor,
Medford,1,1,Geoff Diehl,360,Governor,
Medford,1,1,Kevin Reed,15,Governor,
Medford,1,1,All Others,0,Governor,
Medford,1,1,Blanks,19,Governor,
Medford,1,1,Total Votes Cast,1268,Governor,
Medford,1,2,Maura Healey,1010,Governor,
Medford,1,2,Geoff Diehl,383,Governor,
Medford,1,2,Kevin Reed,16,Governor,
Medford,1,2,All Others,0,Governor,
Medford,1,2,Blanks,18,Governor,
Medford,1,2,Total Votes Cast,1427,Governor,
Medford,2,1,Maura Healey,840,Governor,
Medford,2,1,Geoff Diehl,391,Governor,
Medford,2,1,Kevin Reed,21,Governor,
Medford,2,1,All Others,0,Governor,
Medford,2,1,Blanks,15,Governor,
Medford,2,1,Total Votes Cast,1267,Governor,
Medford,2,2,Maura Healey,1228,Governor,
Medford,2,2,Geoff Diehl,574,Governor,
Medford,2,2,Kevin Reed,24,Governor,
Medford,2,2,All Others,0,Governor,
Medford,2,2,Blanks,20,Governor,
Medford,2,2,Total Votes Cast,1846,Governor,
Medford,3,1,Maura Healey,1187,Governor,
Medford,3,1,Geoff Diehl,516,Governor,
Medford,3,1,Kevin Reed,21,Governor,
Medford,3,1,All Others,0,Governor,
Medford,3,1,Blanks,20,Governor,
Medford,3,1,Total Votes Cast,1744,Governor,
Medford,3,2,Maura Healey,1357,Governor,
Medford,3,2,Geoff Diehl,555,Governor,
Medford,3,2,Kevin Reed,27,Governor,
Medford,3,2,All Others,0,Governor,
Medford,3,2,Blanks,16,Governor,
Medford,3,2,Total Votes Cast,1955,Governor,
Medford,4,1,Maura Healey,541,Governor,
Medford,4,1,Geoff Diehl,112,Governor,
Medford,4,1,Kevin Reed,10,Governor,
Medford,4,1,All Others,0,Governor,
Medford,4,1,Blanks,3,Governor,
Medford,4,1,Total Votes Cast,666,Governor,
Medford,4,2,Maura Healey,1164,Governor,
Medford,4,2,Geoff Diehl,297,Governor,
Medford,4,2,Kevin Reed,13,Governor,
Medford,4,2,All Others,0,Governor,
Medford,4,2,Blanks,24,Governor,
Medford,4,2,Total Votes Cast,1498,Governor,
Medford,5,1,Maura Healey,1014,Governor,
Medford,5,1,Geoff Diehl,231,Governor,
Medford,5,1,Kevin Reed,17,Governor,
Medford,5,1,All Others,0,Governor,
Medford,5,1,Blanks,21,Governor,
Medford,5,1,Total Votes Cast,1283,Governor,
Medford,5,2,Maura Healey,991,Governor,
Medford,5,2,Geoff Diehl,179,Governor,
Medford,5,2,Kevin Reed,21,Governor,
Medford,5,2,All Others,0,Governor,
Medford,5,2,Blanks,8,Governor,
Medford,5,2,Total Votes Cast,1199,Governor,
Medford,6,1,Maura Healey,1442,Governor,
Medford,6,1,Geoff Diehl,240,Governor,
Medford,6,1,Kevin Reed,23,Governor,
Medford,6,1,All Others,0,Governor,
Medford,6,1,Blanks,15,Governor,
Medford,6,1,Total Votes Cast,1720,Governor,
Medford,6,2,Maura Healey,1191,Governor,
Medford,6,2,Geoff Diehl,354,Governor,
Medford,6,2,Kevin Reed,17,Governor,
Medford,6,2,All Others,0,Governor,
Medford,6,2,Blanks,17,Governor,
Medford,6,2,Total Votes Cast,1579,Governor,
Medford,6,2A,Maura Healey,49,Governor,
Medford,6,2A,Geoff Diehl,31,Governor,
Medford,6,2A,Kevin Reed,0,Governor,
Medford,6,2A,All Others,0,Governor,
Medford,6,2A,Blanks,1,Governor,
Medford,6,2A,Total Votes Cast,81,Governor,
Medford,7,1,Maura Healey,527,Governor,
Medford,7,1,Geoff Diehl,165,Governor,
Medford,7,1,Kevin Reed,15,Governor,
Medford,7,1,All Others,0,Governor,
Medford,7,1,Blanks,9,Governor,
Medford,7,1,Total Votes Cast,716,Governor,
Medford,7,2,Maura Healey,653,Governor,
Medford,7,2,Geoff Diehl,160,Governor,
Medford,7,2,Kevin Reed,13,Governor,
Medford,7,2,All Others,0,Governor,
Medford,7,2,Blanks,10,Governor,
Medford,7,2,Total Votes Cast,836,Governor,
Medford,7,2A,Maura Healey,69,Governor,
Medford,7,2A,Geoff Diehl,32,Governor,
Medford,7,2A,Kevin Reed,0,Governor,
Medford,7,2A,All Others,0,Governor,
Medford,7,2A,Blanks,1,Governor,
Medford,7,2A,Total Votes Cast,102,Governor,
Medford,8,1,Maura Healey,1133,Governor,
Medford,8,1,Geoff Diehl,336,Governor,
Medford,8,1,Kevin Reed,29,Governor,
Medford,8,1,All Others,0,Governor,
Medford,8,1,Blanks,17,Governor,
Medford,8,1,Total Votes Cast,1515,Governor,
Medford,8,2,Maura Healey,909,Governor,
Medford,8,2,Geoff Diehl,291,Governor,
Medford,8,2,Kevin Reed,20,Governor,
Medford,8,2,All Others,0,Governor,
Medford,8,2,Blanks,20,Governor,
Medford,8,2,Total Votes Cast,1240,Governor,
Medway,-,1,Maura Healey,828,Governor,
Medway,-,1,Geoff Diehl,579,Governor,
Medway,-,1,Kevin Reed,28,Governor,
Medway,-,1,All Others,1,Governor,
Medway,-,1,Blanks,16,Governor,
Medway,-,1,Total Votes Cast,1452,Governor,
Medway,-,2,Maura Healey,951,Governor,
Medway,-,2,Geoff Diehl,558,Governor,
Medway,-,2,Kevin Reed,27,Governor,
Medway,-,2,All Others,5,Governor,
Medway,-,2,Blanks,14,Governor,
Medway,-,2,Total Votes Cast,1555,Governor,
Medway,-,3,Maura Healey,989,Governor,
Medway,-,3,Geoff Diehl,608,Governor,
Medway,-,3,Kevin Reed,34,Governor,
Medway,-,3,All Others,3,Governor,
Medway,-,3,Blanks,21,Governor,
Medway,-,3,Total Votes Cast,1655,Governor,
Medway,-,4,Maura Healey,894,Governor,
Medway,-,4,Geoff Diehl,603,Governor,
Medway,-,4,Kevin Reed,32,Governor,
Medway,-,4,All Others,3,Governor,
Medway,-,4,Blanks,15,Governor,
Medway,-,4,Total Votes Cast,1547,Governor,
Melrose,1,1,Maura Healey,850,Governor,
Melrose,1,1,Geoff Diehl,246,Governor,
Melrose,1,1,Kevin Reed,16,Governor,
Melrose,1,1,All Others,5,Governor,
Melrose,1,1,Blanks,12,Governor,
Melrose,1,1,Total Votes Cast,1129,Governor,
Melrose,1,2,Maura Healey,674,Governor,
Melrose,1,2,Geoff Diehl,220,Governor,
Melrose,1,2,Kevin Reed,9,Governor,
Melrose,1,2,All Others,2,Governor,
Melrose,1,2,Blanks,5,Governor,
Melrose,1,2,Total Votes Cast,910,Governor,
Melrose,2,1,Maura Healey,753,Governor,
Melrose,2,1,Geoff Diehl,331,Governor,
Melrose,2,1,Kevin Reed,10,Governor,
Melrose,2,1,All Others,3,Governor,
Melrose,2,1,Blanks,10,Governor,
Melrose,2,1,Total Votes Cast,1107,Governor,
Melrose,2,2,Maura Healey,707,Governor,
Melrose,2,2,Geoff Diehl,252,Governor,
Melrose,2,2,Kevin Reed,9,Governor,
Melrose,2,2,All Others,0,Governor,
Melrose,2,2,Blanks,7,Governor,
Melrose,2,2,Total Votes Cast,975,Governor,
Melrose,3,1,Maura Healey,674,Governor,
Melrose,3,1,Geoff Diehl,208,Governor,
Melrose,3,1,Kevin Reed,18,Governor,
Melrose,3,1,All Others,0,Governor,
Melrose,3,1,Blanks,8,Governor,
Melrose,3,1,Total Votes Cast,908,Governor,
Melrose,3,2,Maura Healey,710,Governor,
Melrose,3,2,Geoff Diehl,258,Governor,
Melrose,3,2,Kevin Reed,10,Governor,
Melrose,3,2,All Others,3,Governor,
Melrose,3,2,Blanks,6,Governor,
Melrose,3,2,Total Votes Cast,987,Governor,
Melrose,4,1,Maura Healey,651,Governor,
Melrose,4,1,Geoff Diehl,214,Governor,
Melrose,4,1,Kevin Reed,8,Governor,
Melrose,4,1,All Others,4,Governor,
Melrose,4,1,Blanks,4,Governor,
Melrose,4,1,Total Votes Cast,881,Governor,
Melrose,4,2,Maura Healey,694,Governor,
Melrose,4,2,Geoff Diehl,393,Governor,
Melrose,4,2,Kevin Reed,14,Governor,
Melrose,4,2,All Others,1,Governor,
Melrose,4,2,Blanks,14,Governor,
Melrose,4,2,Total Votes Cast,1116,Governor,
Melrose,5,1,Maura Healey,501,Governor,
Melrose,5,1,Geoff Diehl,146,Governor,
Melrose,5,1,Kevin Reed,4,Governor,
Melrose,5,1,All Others,0,Governor,
Melrose,5,1,Blanks,4,Governor,
Melrose,5,1,Total Votes Cast,655,Governor,
Melrose,5,2,Maura Healey,516,Governor,
Melrose,5,2,Geoff Diehl,128,Governor,
Melrose,5,2,Kevin Reed,5,Governor,
Melrose,5,2,All Others,2,Governor,
Melrose,5,2,Blanks,3,Governor,
Melrose,5,2,Total Votes Cast,654,Governor,
Melrose,6,1,Maura Healey,643,Governor,
Melrose,6,1,Geoff Diehl,226,Governor,
Melrose,6,1,Kevin Reed,16,Governor,
Melrose,6,1,All Others,2,Governor,
Melrose,6,1,Blanks,5,Governor,
Melrose,6,1,Total Votes Cast,892,Governor,
Melrose,6,2,Maura Healey,770,Governor,
Melrose,6,2,Geoff Diehl,337,Governor,
Melrose,6,2,Kevin Reed,24,Governor,
Melrose,6,2,All Others,1,Governor,
Melrose,6,2,Blanks,9,Governor,
Melrose,6,2,Total Votes Cast,1141,Governor,
Melrose,7,1,Maura Healey,723,Governor,
Melrose,7,1,Geoff Diehl,251,Governor,
Melrose,7,1,Kevin Reed,21,Governor,
Melrose,7,1,All Others,0,Governor,
Melrose,7,1,Blanks,3,Governor,
Melrose,7,1,Total Votes Cast,998,Governor,
Melrose,7,2,Maura Healey,745,Governor,
Melrose,7,2,Geoff Diehl,316,Governor,
Melrose,7,2,Kevin Reed,16,Governor,
Melrose,7,2,All Others,1,Governor,
Melrose,7,2,Blanks,6,Governor,
Melrose,7,2,Total Votes Cast,1084,Governor,
Mendon,-,1,Maura Healey,673,Governor,
Mendon,-,1,Geoff Diehl,667,Governor,
Mendon,-,1,Kevin Reed,24,Governor,
Mendon,-,1,All Others,0,Governor,
Mendon,-,1,Blanks,17,Governor,
Mendon,-,1,Total Votes Cast,1381,Governor,
Mendon,-,2,Maura Healey,695,Governor,
Mendon,-,2,Geoff Diehl,705,Governor,
Mendon,-,2,Kevin Reed,23,Governor,
Mendon,-,2,All Others,0,Governor,
Mendon,-,2,Blanks,19,Governor,
Mendon,-,2,Total Votes Cast,1442,Governor,
Merrimac,-,1,Maura Healey,886,Governor,
Merrimac,-,1,Geoff Diehl,637,Governor,
Merrimac,-,1,Kevin Reed,28,Governor,
Merrimac,-,1,All Others,2,Governor,
Merrimac,-,1,Blanks,9,Governor,
Merrimac,-,1,Total Votes Cast,1562,Governor,
Merrimac,-,2,Maura Healey,959,Governor,
Merrimac,-,2,Geoff Diehl,738,Governor,
Merrimac,-,2,Kevin Reed,21,Governor,
Merrimac,-,2,All Others,2,Governor,
Merrimac,-,2,Blanks,8,Governor,
Merrimac,-,2,Total Votes Cast,1728,Governor,
Methuen,-,1,Maura Healey,341,Governor,
Methuen,-,1,Geoff Diehl,199,Governor,
Methuen,-,1,Kevin Reed,14,Governor,
Methuen,-,1,All Others,1,Governor,
Methuen,-,1,Blanks,2,Governor,
Methuen,-,1,Total Votes Cast,557,Governor,
Methuen,-,10,Maura Healey,598,Governor,
Methuen,-,10,Geoff Diehl,554,Governor,
Methuen,-,10,Kevin Reed,15,Governor,
Methuen,-,10,All Others,0,Governor,
Methuen,-,10,Blanks,9,Governor,
Methuen,-,10,Total Votes Cast,1176,Governor,
Methuen,-,11,Maura Healey,780,Governor,
Methuen,-,11,Geoff Diehl,850,Governor,
Methuen,-,11,Kevin Reed,17,Governor,
Methuen,-,11,All Others,2,Governor,
Methuen,-,11,Blanks,14,Governor,
Methuen,-,11,Total Votes Cast,1663,Governor,
Methuen,-,12,Maura Healey,613,Governor,
Methuen,-,12,Geoff Diehl,550,Governor,
Methuen,-,12,Kevin Reed,13,Governor,
Methuen,-,12,All Others,2,Governor,
Methuen,-,12,Blanks,7,Governor,
Methuen,-,12,Total Votes Cast,1185,Governor,
Methuen,-,13,Maura Healey,393,Governor,
Methuen,-,13,Geoff Diehl,353,Governor,
Methuen,-,13,Kevin Reed,11,Governor,
Methuen,-,13,All Others,1,Governor,
Methuen,-,13,Blanks,8,Governor,
Methuen,-,13,Total Votes Cast,766,Governor,
Methuen,-,13A,Maura Healey,233,Governor,
Methuen,-,13A,Geoff Diehl,175,Governor,
Methuen,-,13A,Kevin Reed,3,Governor,
Methuen,-,13A,All Others,1,Governor,
Methuen,-,13A,Blanks,3,Governor,
Methuen,-,13A,Total Votes Cast,415,Governor,
Methuen,-,14,Maura Healey,585,Governor,
Methuen,-,14,Geoff Diehl,356,Governor,
Methuen,-,14,Kevin Reed,16,Governor,
Methuen,-,14,All Others,2,Governor,
Methuen,-,14,Blanks,11,Governor,
Methuen,-,14,Total Votes Cast,970,Governor,
Methuen,-,15,Maura Healey,442,Governor,
Methuen,-,15,Geoff Diehl,260,Governor,
Methuen,-,15,Kevin Reed,13,Governor,
Methuen,-,15,All Others,1,Governor,
Methuen,-,15,Blanks,4,Governor,
Methuen,-,15,Total Votes Cast,720,Governor,
Methuen,-,2,Maura Healey,414,Governor,
Methuen,-,2,Geoff Diehl,219,Governor,
Methuen,-,2,Kevin Reed,7,Governor,
Methuen,-,2,All Others,0,Governor,
Methuen,-,2,Blanks,11,Governor,
Methuen,-,2,Total Votes Cast,651,Governor,
Methuen,-,3,Maura Healey,588,Governor,
Methuen,-,3,Geoff Diehl,467,Governor,
Methuen,-,3,Kevin Reed,10,Governor,
Methuen,-,3,All Others,0,Governor,
Methuen,-,3,Blanks,8,Governor,
Methuen,-,3,Total Votes Cast,1073,Governor,
Methuen,-,4,Maura Healey,516,Governor,
Methuen,-,4,Geoff Diehl,358,Governor,
Methuen,-,4,Kevin Reed,9,Governor,
Methuen,-,4,All Others,1,Governor,
Methuen,-,4,Blanks,13,Governor,
Methuen,-,4,Total Votes Cast,897,Governor,
Methuen,-,5,Maura Healey,599,Governor,
Methuen,-,5,Geoff Diehl,450,Governor,
Methuen,-,5,Kevin Reed,18,Governor,
Methuen,-,5,All Others,3,Governor,
Methuen,-,5,Blanks,9,Governor,
Methuen,-,5,Total Votes Cast,1079,Governor,
Methuen,-,6,Maura Healey,478,Governor,
Methuen,-,6,Geoff Diehl,469,Governor,
Methuen,-,6,Kevin Reed,23,Governor,
Methuen,-,6,All Others,0,Governor,
Methuen,-,6,Blanks,12,Governor,
Methuen,-,6,Total Votes Cast,982,Governor,
Methuen,-,6A,Maura Healey,62,Governor,
Methuen,-,6A,Geoff Diehl,48,Governor,
Methuen,-,6A,Kevin Reed,2,Governor,
Methuen,-,6A,All Others,2,Governor,
Methuen,-,6A,Blanks,0,Governor,
Methuen,-,6A,Total Votes Cast,114,Governor,
Methuen,-,7,Maura Healey,723,Governor,
Methuen,-,7,Geoff Diehl,617,Governor,
Methuen,-,7,Kevin Reed,14,Governor,
Methuen,-,7,All Others,1,Governor,
Methuen,-,7,Blanks,20,Governor,
Methuen,-,7,Total Votes Cast,1375,Governor,
Methuen,-,8,Maura Healey,694,Governor,
Methuen,-,8,Geoff Diehl,662,Governor,
Methuen,-,8,Kevin Reed,22,Governor,
Methuen,-,8,All Others,1,Governor,
Methuen,-,8,Blanks,9,Governor,
Methuen,-,8,Total Votes Cast,1388,Governor,
Methuen,-,9,Maura Healey,639,Governor,
Methuen,-,9,Geoff Diehl,704,Governor,
Methuen,-,9,Kevin Reed,13,Governor,
Methuen,-,9,All Others,0,Governor,
Methuen,-,9,Blanks,8,Governor,
Methuen,-,9,Total Votes Cast,1364,Governor,
Middleborough,-,1,Maura Healey,968,Governor,
Middleborough,-,1,Geoff Diehl,1061,Governor,
Middleborough,-,1,Kevin Reed,15,Governor,
Middleborough,-,1,All Others,0,Governor,
Middleborough,-,1,Blanks,21,Governor,
Middleborough,-,1,Total Votes Cast,2065,Governor,
Middleborough,-,2,Maura Healey,549,Governor,
Middleborough,-,2,Geoff Diehl,546,Governor,
Middleborough,-,2,Kevin Reed,25,Governor,
Middleborough,-,2,All Others,1,Governor,
Middleborough,-,2,Blanks,10,Governor,
Middleborough,-,2,Total Votes Cast,1131,Governor,
Middleborough,-,3,Maura Healey,616,Governor,
Middleborough,-,3,Geoff Diehl,806,Governor,
Middleborough,-,3,Kevin Reed,20,Governor,
Middleborough,-,3,All Others,0,Governor,
Middleborough,-,3,Blanks,9,Governor,
Middleborough,-,3,Total Votes Cast,1451,Governor,
Middleborough,-,4,Maura Healey,457,Governor,
Middleborough,-,4,Geoff Diehl,467,Governor,
Middleborough,-,4,Kevin Reed,14,Governor,
Middleborough,-,4,All Others,1,Governor,
Middleborough,-,4,Blanks,8,Governor,
Middleborough,-,4,Total Votes Cast,947,Governor,
Middleborough,-,5,Maura Healey,516,Governor,
Middleborough,-,5,Geoff Diehl,734,Governor,
Middleborough,-,5,Kevin Reed,21,Governor,
Middleborough,-,5,All Others,0,Governor,
Middleborough,-,5,Blanks,9,Governor,
Middleborough,-,5,Total Votes Cast,1280,Governor,
Middleborough,-,5A,Maura Healey,96,Governor,
Middleborough,-,5A,Geoff Diehl,161,Governor,
Middleborough,-,5A,Kevin Reed,2,Governor,
Middleborough,-,5A,All Others,0,Governor,
Middleborough,-,5A,Blanks,3,Governor,
Middleborough,-,5A,Total Votes Cast,262,Governor,
Middleborough,-,6,Maura Healey,586,Governor,
Middleborough,-,6,Geoff Diehl,754,Governor,
Middleborough,-,6,Kevin Reed,28,Governor,
Middleborough,-,6,All Others,3,Governor,
Middleborough,-,6,Blanks,8,Governor,
Middleborough,-,6,Total Votes Cast,1379,Governor,
Middleborough,-,7,Maura Healey,426,Governor,
Middleborough,-,7,Geoff Diehl,516,Governor,
Middleborough,-,7,Kevin Reed,13,Governor,
Middleborough,-,7,All Others,0,Governor,
Middleborough,-,7,Blanks,11,Governor,
Middleborough,-,7,Total Votes Cast,966,Governor,
Middleborough,-,7A,Maura Healey,118,Governor,
Middleborough,-,7A,Geoff Diehl,231,Governor,
Middleborough,-,7A,Kevin Reed,12,Governor,
Middleborough,-,7A,All Others,1,Governor,
Middleborough,-,7A,Blanks,2,Governor,
Middleborough,-,7A,Total Votes Cast,364,Governor,
Middlefield,,,Maura Healey,164,Governor,
Middlefield,,,Geoff Diehl,87,Governor,
Middlefield,,,Kevin Reed,2,Governor,
Middlefield,,,All Others,1,Governor,
Middlefield,,,Blanks,3,Governor,
Middlefield,,,Total Votes Cast,257,Governor,
Middleton,-,1,Maura Healey,817,Governor,
Middleton,-,1,Geoff Diehl,902,Governor,
Middleton,-,1,Kevin Reed,15,Governor,
Middleton,-,1,All Others,1,Governor,
Middleton,-,1,Blanks,11,Governor,
Middleton,-,1,Total Votes Cast,1746,Governor,
Middleton,-,2,Maura Healey,568,Governor,
Middleton,-,2,Geoff Diehl,576,Governor,
Middleton,-,2,Kevin Reed,17,Governor,
Middleton,-,2,All Others,0,Governor,
Middleton,-,2,Blanks,9,Governor,
Middleton,-,2,Total Votes Cast,1170,Governor,
Middleton,-,3,Maura Healey,600,Governor,
Middleton,-,3,Geoff Diehl,849,Governor,
Middleton,-,3,Kevin Reed,16,Governor,
Middleton,-,3,All Others,9,Governor,
Middleton,-,3,Blanks,10,Governor,
Middleton,-,3,Total Votes Cast,1484,Governor,
Milford,-,1,Maura Healey,407,Governor,
Milford,-,1,Geoff Diehl,269,Governor,
Milford,-,1,Kevin Reed,13,Governor,
Milford,-,1,All Others,0,Governor,
Milford,-,1,Blanks,5,Governor,
Milford,-,1,Total Votes Cast,694,Governor,
Milford,-,2,Maura Healey,720,Governor,
Milford,-,2,Geoff Diehl,512,Governor,
Milford,-,2,Kevin Reed,11,Governor,
Milford,-,2,All Others,0,Governor,
Milford,-,2,Blanks,10,Governor,
Milford,-,2,Total Votes Cast,1253,Governor,
Milford,-,3,Maura Healey,569,Governor,
Milford,-,3,Geoff Diehl,461,Governor,
Milford,-,3,Kevin Reed,27,Governor,
Milford,-,3,All Others,0,Governor,
Milford,-,3,Blanks,11,Governor,
Milford,-,3,Total Votes Cast,1068,Governor,
Milford,-,4,Maura Healey,444,Governor,
Milford,-,4,Geoff Diehl,308,Governor,
Milford,-,4,Kevin Reed,9,Governor,
Milford,-,4,All Others,0,Governor,
Milford,-,4,Blanks,12,Governor,
Milford,-,4,Total Votes Cast,773,Governor,
Milford,-,5,Maura Healey,866,Governor,
Milford,-,5,Geoff Diehl,701,Governor,
Milford,-,5,Kevin Reed,27,Governor,
Milford,-,5,All Others,4,Governor,
Milford,-,5,Blanks,20,Governor,
Milford,-,5,Total Votes Cast,1618,Governor,
Milford,-,6,Maura Healey,753,Governor,
Milford,-,6,Geoff Diehl,484,Governor,
Milford,-,6,Kevin Reed,21,Governor,
Milford,-,6,All Others,0,Governor,
Milford,-,6,Blanks,16,Governor,
Milford,-,6,Total Votes Cast,1274,Governor,
Milford,-,7,Maura Healey,974,Governor,
Milford,-,7,Geoff Diehl,643,Governor,
Milford,-,7,Kevin Reed,33,Governor,
Milford,-,7,All Others,1,Governor,
Milford,-,7,Blanks,17,Governor,
Milford,-,7,Total Votes Cast,1668,Governor,
Milford,-,8,Maura Healey,855,Governor,
Milford,-,8,Geoff Diehl,518,Governor,
Milford,-,8,Kevin Reed,27,Governor,
Milford,-,8,All Others,2,Governor,
Milford,-,8,Blanks,19,Governor,
Milford,-,8,Total Votes Cast,1421,Governor,
Millbury,-,1,Maura Healey,688,Governor,
Millbury,-,1,Geoff Diehl,658,Governor,
Millbury,-,1,Kevin Reed,21,Governor,
Millbury,-,1,All Others,2,Governor,
Millbury,-,1,Blanks,16,Governor,
Millbury,-,1,Total Votes Cast,1385,Governor,
Millbury,-,2,Maura Healey,797,Governor,
Millbury,-,2,Geoff Diehl,799,Governor,
Millbury,-,2,Kevin Reed,24,Governor,
Millbury,-,2,All Others,1,Governor,
Millbury,-,2,Blanks,12,Governor,
Millbury,-,2,Total Votes Cast,1633,Governor,
Millbury,-,3,Maura Healey,660,Governor,
Millbury,-,3,Geoff Diehl,603,Governor,
Millbury,-,3,Kevin Reed,34,Governor,
Millbury,-,3,All Others,2,Governor,
Millbury,-,3,Blanks,20,Governor,
Millbury,-,3,Total Votes Cast,1319,Governor,
Millbury,-,4,Maura Healey,717,Governor,
Millbury,-,4,Geoff Diehl,581,Governor,
Millbury,-,4,Kevin Reed,24,Governor,
Millbury,-,4,All Others,0,Governor,
Millbury,-,4,Blanks,14,Governor,
Millbury,-,4,Total Votes Cast,1336,Governor,
Millis,-,1,Maura Healey,804,Governor,
Millis,-,1,Geoff Diehl,493,Governor,
Millis,-,1,Kevin Reed,27,Governor,
Millis,-,1,All Others,0,Governor,
Millis,-,1,Blanks,9,Governor,
Millis,-,1,Total Votes Cast,1333,Governor,
Millis,-,2,Maura Healey,789,Governor,
Millis,-,2,Geoff Diehl,559,Governor,
Millis,-,2,Kevin Reed,27,Governor,
Millis,-,2,All Others,0,Governor,
Millis,-,2,Blanks,18,Governor,
Millis,-,2,Total Votes Cast,1393,Governor,
Millis,-,3,Maura Healey,1123,Governor,
Millis,-,3,Geoff Diehl,621,Governor,
Millis,-,3,Kevin Reed,23,Governor,
Millis,-,3,All Others,0,Governor,
Millis,-,3,Blanks,6,Governor,
Millis,-,3,Total Votes Cast,1773,Governor,
Millville,,,Maura Healey,489,Governor,
Millville,,,Geoff Diehl,682,Governor,
Millville,,,Kevin Reed,30,Governor,
Millville,,,All Others,0,Governor,
Millville,,,Blanks,9,Governor,
Millville,,,Total Votes Cast,1210,Governor,
Milton,-,1,Maura Healey,954,Governor,
Milton,-,1,Geoff Diehl,164,Governor,
Milton,-,1,Kevin Reed,18,Governor,
Milton,-,1,All Others,2,Governor,
Milton,-,1,Blanks,10,Governor,
Milton,-,1,Total Votes Cast,1148,Governor,
Milton,-,10,Maura Healey,755,Governor,
Milton,-,10,Geoff Diehl,164,Governor,
Milton,-,10,Kevin Reed,11,Governor,
Milton,-,10,All Others,0,Governor,
Milton,-,10,Blanks,4,Governor,
Milton,-,10,Total Votes Cast,934,Governor,
Milton,-,2,Maura Healey,1144,Governor,
Milton,-,2,Geoff Diehl,225,Governor,
Milton,-,2,Kevin Reed,20,Governor,
Milton,-,2,All Others,0,Governor,
Milton,-,2,Blanks,11,Governor,
Milton,-,2,Total Votes Cast,1400,Governor,
Milton,-,3,Maura Healey,1025,Governor,
Milton,-,3,Geoff Diehl,346,Governor,
Milton,-,3,Kevin Reed,16,Governor,
Milton,-,3,All Others,2,Governor,
Milton,-,3,Blanks,23,Governor,
Milton,-,3,Total Votes Cast,1412,Governor,
Milton,-,4,Maura Healey,565,Governor,
Milton,-,4,Geoff Diehl,214,Governor,
Milton,-,4,Kevin Reed,11,Governor,
Milton,-,4,All Others,0,Governor,
Milton,-,4,Blanks,5,Governor,
Milton,-,4,Total Votes Cast,795,Governor,
Milton,-,4A,Maura Healey,365,Governor,
Milton,-,4A,Geoff Diehl,86,Governor,
Milton,-,4A,Kevin Reed,7,Governor,
Milton,-,4A,All Others,1,Governor,
Milton,-,4A,Blanks,5,Governor,
Milton,-,4A,Total Votes Cast,464,Governor,
Milton,-,5,Maura Healey,798,Governor,
Milton,-,5,Geoff Diehl,289,Governor,
Milton,-,5,Kevin Reed,22,Governor,
Milton,-,5,All Others,1,Governor,
Milton,-,5,Blanks,18,Governor,
Milton,-,5,Total Votes Cast,1128,Governor,
Milton,-,6,Maura Healey,839,Governor,
Milton,-,6,Geoff Diehl,512,Governor,
Milton,-,6,Kevin Reed,17,Governor,
Milton,-,6,All Others,3,Governor,
Milton,-,6,Blanks,17,Governor,
Milton,-,6,Total Votes Cast,1388,Governor,
Milton,-,7,Maura Healey,809,Governor,
Milton,-,7,Geoff Diehl,428,Governor,
Milton,-,7,Kevin Reed,15,Governor,
Milton,-,7,All Others,1,Governor,
Milton,-,7,Blanks,11,Governor,
Milton,-,7,Total Votes Cast,1264,Governor,
Milton,-,8,Maura Healey,917,Governor,
Milton,-,8,Geoff Diehl,483,Governor,
Milton,-,8,Kevin Reed,25,Governor,
Milton,-,8,All Others,4,Governor,
Milton,-,8,Blanks,16,Governor,
Milton,-,8,Total Votes Cast,1445,Governor,
Milton,-,9,Maura Healey,874,Governor,
Milton,-,9,Geoff Diehl,550,Governor,
Milton,-,9,Kevin Reed,18,Governor,
Milton,-,9,All Others,4,Governor,
Milton,-,9,Blanks,13,Governor,
Milton,-,9,Total Votes Cast,1459,Governor,
Monroe,,,Maura Healey,24,Governor,
Monroe,,,Geoff Diehl,14,Governor,
Monroe,,,Kevin Reed,0,Governor,
Monroe,,,All Others,0,Governor,
Monroe,,,Blanks,0,Governor,
Monroe,,,Total Votes Cast,38,Governor,
Monson,-,A,Maura Healey,558,Governor,
Monson,-,A,Geoff Diehl,644,Governor,
Monson,-,A,Kevin Reed,26,Governor,
Monson,-,A,All Others,0,Governor,
Monson,-,A,Blanks,5,Governor,
Monson,-,A,Total Votes Cast,1233,Governor,
Monson,-,B,Maura Healey,561,Governor,
Monson,-,B,Geoff Diehl,631,Governor,
Monson,-,B,Kevin Reed,20,Governor,
Monson,-,B,All Others,0,Governor,
Monson,-,B,Blanks,9,Governor,
Monson,-,B,Total Votes Cast,1221,Governor,
Monson,-,C,Maura Healey,589,Governor,
Monson,-,C,Geoff Diehl,675,Governor,
Monson,-,C,Kevin Reed,17,Governor,
Monson,-,C,All Others,0,Governor,
Monson,-,C,Blanks,6,Governor,
Monson,-,C,Total Votes Cast,1287,Governor,
Montague,-,1,Maura Healey,686,Governor,
Montague,-,1,Geoff Diehl,137,Governor,
Montague,-,1,Kevin Reed,14,Governor,
Montague,-,1,All Others,1,Governor,
Montague,-,1,Blanks,2,Governor,
Montague,-,1,Total Votes Cast,840,Governor,
Montague,-,2,Maura Healey,349,Governor,
Montague,-,2,Geoff Diehl,174,Governor,
Montague,-,2,Kevin Reed,15,Governor,
Montague,-,2,All Others,0,Governor,
Montague,-,2,Blanks,5,Governor,
Montague,-,2,Total Votes Cast,543,Governor,
Montague,-,3,Maura Healey,384,Governor,
Montague,-,3,Geoff Diehl,204,Governor,
Montague,-,3,Kevin Reed,8,Governor,
Montague,-,3,All Others,1,Governor,
Montague,-,3,Blanks,4,Governor,
Montague,-,3,Total Votes Cast,601,Governor,
Montague,-,4,Maura Healey,397,Governor,
Montague,-,4,Geoff Diehl,149,Governor,
Montague,-,4,Kevin Reed,4,Governor,
Montague,-,4,All Others,0,Governor,
Montague,-,4,Blanks,3,Governor,
Montague,-,4,Total Votes Cast,553,Governor,
Montague,-,5,Maura Healey,306,Governor,
Montague,-,5,Geoff Diehl,70,Governor,
Montague,-,5,Kevin Reed,10,Governor,
Montague,-,5,All Others,1,Governor,
Montague,-,5,Blanks,5,Governor,
Montague,-,5,Total Votes Cast,392,Governor,
Montague,-,6,Maura Healey,352,Governor,
Montague,-,6,Geoff Diehl,133,Governor,
Montague,-,6,Kevin Reed,11,Governor,
Montague,-,6,All Others,0,Governor,
Montague,-,6,Blanks,4,Governor,
Montague,-,6,Total Votes Cast,500,Governor,
Monterey,,,Maura Healey,397,Governor,
Monterey,,,Geoff Diehl,96,Governor,
Monterey,,,Kevin Reed,3,Governor,
Monterey,,,All Others,0,Governor,
Monterey,,,Blanks,4,Governor,
Monterey,,,Total Votes Cast,500,Governor,
Montgomery,,,Maura Healey,190,Governor,
Montgomery,,,Geoff Diehl,256,Governor,
Montgomery,,,Kevin Reed,2,Governor,
Montgomery,,,All Others,0,Governor,
Montgomery,,,Blanks,0,Governor,
Montgomery,,,Total Votes Cast,448,Governor,
Mount Washington,,,Maura Healey,79,Governor,
Mount Washington,,,Geoff Diehl,20,Governor,
Mount Washington,,,Kevin Reed,4,Governor,
Mount Washington,,,All Others,0,Governor,
Mount Washington,,,Blanks,3,Governor,
Mount Washington,,,Total Votes Cast,106,Governor,
N. Adams,1,1,Maura Healey,583,Governor,
N. Adams,1,1,Geoff Diehl,253,Governor,
N. Adams,1,1,Kevin Reed,15,Governor,
N. Adams,1,1,All Others,0,Governor,
N. Adams,1,1,Blanks,16,Governor,
N. Adams,1,1,Total Votes Cast,867,Governor,
N. Adams,2,2,Maura Healey,573,Governor,
N. Adams,2,2,Geoff Diehl,204,Governor,
N. Adams,2,2,Kevin Reed,17,Governor,
N. Adams,2,2,All Others,0,Governor,
N. Adams,2,2,Blanks,9,Governor,
N. Adams,2,2,Total Votes Cast,803,Governor,
N. Adams,3,3,Maura Healey,412,Governor,
N. Adams,3,3,Geoff Diehl,121,Governor,
N. Adams,3,3,Kevin Reed,15,Governor,
N. Adams,3,3,All Others,0,Governor,
N. Adams,3,3,Blanks,8,Governor,
N. Adams,3,3,Total Votes Cast,556,Governor,
N. Adams,4,4,Maura Healey,640,Governor,
N. Adams,4,4,Geoff Diehl,276,Governor,
N. Adams,4,4,Kevin Reed,8,Governor,
N. Adams,4,4,All Others,0,Governor,
N. Adams,4,4,Blanks,12,Governor,
N. Adams,4,4,Total Votes Cast,936,Governor,
N. Adams,5,5,Maura Healey,511,Governor,
N. Adams,5,5,Geoff Diehl,198,Governor,
N. Adams,5,5,Kevin Reed,24,Governor,
N. Adams,5,5,All Others,0,Governor,
N. Adams,5,5,Blanks,7,Governor,
N. Adams,5,5,Total Votes Cast,740,Governor,
N. Andover,-,1,Maura Healey,792,Governor,
N. Andover,-,1,Geoff Diehl,471,Governor,
N. Andover,-,1,Kevin Reed,17,Governor,
N. Andover,-,1,All Others,0,Governor,
N. Andover,-,1,Blanks,13,Governor,
N. Andover,-,1,Total Votes Cast,1293,Governor,
N. Andover,-,2,Maura Healey,930,Governor,
N. Andover,-,2,Geoff Diehl,588,Governor,
N. Andover,-,2,Kevin Reed,24,Governor,
N. Andover,-,2,All Others,0,Governor,
N. Andover,-,2,Blanks,19,Governor,
N. Andover,-,2,Total Votes Cast,1561,Governor,
N. Andover,-,3,Maura Healey,856,Governor,
N. Andover,-,3,Geoff Diehl,563,Governor,
N. Andover,-,3,Kevin Reed,18,Governor,
N. Andover,-,3,All Others,2,Governor,
N. Andover,-,3,Blanks,15,Governor,
N. Andover,-,3,Total Votes Cast,1454,Governor,
N. Andover,-,4,Maura Healey,1243,Governor,
N. Andover,-,4,Geoff Diehl,750,Governor,
N. Andover,-,4,Kevin Reed,29,Governor,
N. Andover,-,4,All Others,3,Governor,
N. Andover,-,4,Blanks,14,Governor,
N. Andover,-,4,Total Votes Cast,2039,Governor,
N. Andover,-,5,Maura Healey,513,Governor,
N. Andover,-,5,Geoff Diehl,335,Governor,
N. Andover,-,5,Kevin Reed,11,Governor,
N. Andover,-,5,All Others,0,Governor,
N. Andover,-,5,Blanks,8,Governor,
N. Andover,-,5,Total Votes Cast,867,Governor,
N. Andover,-,6,Maura Healey,1062,Governor,
N. Andover,-,6,Geoff Diehl,830,Governor,
N. Andover,-,6,Kevin Reed,40,Governor,
N. Andover,-,6,All Others,2,Governor,
N. Andover,-,6,Blanks,10,Governor,
N. Andover,-,6,Total Votes Cast,1944,Governor,
N. Andover,-,7,Maura Healey,1038,Governor,
N. Andover,-,7,Geoff Diehl,639,Governor,
N. Andover,-,7,Kevin Reed,20,Governor,
N. Andover,-,7,All Others,1,Governor,
N. Andover,-,7,Blanks,10,Governor,
N. Andover,-,7,Total Votes Cast,1708,Governor,
N. Andover,-,8,Maura Healey,930,Governor,
N. Andover,-,8,Geoff Diehl,798,Governor,
N. Andover,-,8,Kevin Reed,22,Governor,
N. Andover,-,8,All Others,3,Governor,
N. Andover,-,8,Blanks,7,Governor,
N. Andover,-,8,Total Votes Cast,1760,Governor,
N. Attleborough,-,1,Maura Healey,513,Governor,
N. Attleborough,-,1,Geoff Diehl,327,Governor,
N. Attleborough,-,1,Kevin Reed,19,Governor,
N. Attleborough,-,1,All Others,1,Governor,
N. Attleborough,-,1,Blanks,16,Governor,
N. Attleborough,-,1,Total Votes Cast,876,Governor,
N. Attleborough,-,2,Maura Healey,726,Governor,
N. Attleborough,-,2,Geoff Diehl,533,Governor,
N. Attleborough,-,2,Kevin Reed,23,Governor,
N. Attleborough,-,2,All Others,3,Governor,
N. Attleborough,-,2,Blanks,13,Governor,
N. Attleborough,-,2,Total Votes Cast,1298,Governor,
N. Attleborough,-,3,Maura Healey,657,Governor,
N. Attleborough,-,3,Geoff Diehl,656,Governor,
N. Attleborough,-,3,Kevin Reed,30,Governor,
N. Attleborough,-,3,All Others,0,Governor,
N. Attleborough,-,3,Blanks,12,Governor,
N. Attleborough,-,3,Total Votes Cast,1355,Governor,
N. Attleborough,-,4,Maura Healey,620,Governor,
N. Attleborough,-,4,Geoff Diehl,387,Governor,
N. Attleborough,-,4,Kevin Reed,24,Governor,
N. Attleborough,-,4,All Others,1,Governor,
N. Attleborough,-,4,Blanks,14,Governor,
N. Attleborough,-,4,Total Votes Cast,1046,Governor,
N. Attleborough,-,5,Maura Healey,633,Governor,
N. Attleborough,-,5,Geoff Diehl,495,Governor,
N. Attleborough,-,5,Kevin Reed,23,Governor,
N. Attleborough,-,5,All Others,1,Governor,
N. Attleborough,-,5,Blanks,9,Governor,
N. Attleborough,-,5,Total Votes Cast,1161,Governor,
N. Attleborough,-,6,Maura Healey,800,Governor,
N. Attleborough,-,6,Geoff Diehl,596,Governor,
N. Attleborough,-,6,Kevin Reed,19,Governor,
N. Attleborough,-,6,All Others,1,Governor,
N. Attleborough,-,6,Blanks,16,Governor,
N. Attleborough,-,6,Total Votes Cast,1432,Governor,
N. Attleborough,-,7,Maura Healey,863,Governor,
N. Attleborough,-,7,Geoff Diehl,726,Governor,
N. Attleborough,-,7,Kevin Reed,26,Governor,
N. Attleborough,-,7,All Others,1,Governor,
N. Attleborough,-,7,Blanks,16,Governor,
N. Attleborough,-,7,Total Votes Cast,1632,Governor,
N. Attleborough,-,8,Maura Healey,730,Governor,
N. Attleborough,-,8,Geoff Diehl,605,Governor,
N. Attleborough,-,8,Kevin Reed,32,Governor,
N. Attleborough,-,8,All Others,1,Governor,
N. Attleborough,-,8,Blanks,13,Governor,
N. Attleborough,-,8,Total Votes Cast,1381,Governor,
N. Attleborough,-,9,Maura Healey,648,Governor,
N. Attleborough,-,9,Geoff Diehl,568,Governor,
N. Attleborough,-,9,Kevin Reed,14,Governor,
N. Attleborough,-,9,All Others,0,Governor,
N. Attleborough,-,9,Blanks,9,Governor,
N. Attleborough,-,9,Total Votes Cast,1239,Governor,
N. Brookfield,,,Maura Healey,827,Governor,
N. Brookfield,,,Geoff Diehl,1110,Governor,
N. Brookfield,,,Kevin Reed,48,Governor,
N. Brookfield,,,All Others,2,Governor,
N. Brookfield,,,Blanks,17,Governor,
N. Brookfield,,,Total Votes Cast,2004,Governor,
N. Reading,-,1,Maura Healey,979,Governor,
N. Reading,-,1,Geoff Diehl,821,Governor,
N. Reading,-,1,Kevin Reed,24,Governor,
N. Reading,-,1,All Others,3,Governor,
N. Reading,-,1,Blanks,14,Governor,
N. Reading,-,1,Total Votes Cast,1841,Governor,
N. Reading,-,2,Maura Healey,1051,Governor,
N. Reading,-,2,Geoff Diehl,760,Governor,
N. Reading,-,2,Kevin Reed,29,Governor,
N. Reading,-,2,All Others,1,Governor,
N. Reading,-,2,Blanks,18,Governor,
N. Reading,-,2,Total Votes Cast,1859,Governor,
N. Reading,-,3,Maura Healey,936,Governor,
N. Reading,-,3,Geoff Diehl,798,Governor,
N. Reading,-,3,Kevin Reed,22,Governor,
N. Reading,-,3,All Others,4,Governor,
N. Reading,-,3,Blanks,25,Governor,
N. Reading,-,3,Total Votes Cast,1785,Governor,
N. Reading,-,4,Maura Healey,1015,Governor,
N. Reading,-,4,Geoff Diehl,794,Governor,
N. Reading,-,4,Kevin Reed,24,Governor,
N. Reading,-,4,All Others,2,Governor,
N. Reading,-,4,Blanks,18,Governor,
N. Reading,-,4,Total Votes Cast,1853,Governor,
Nahant,,,Maura Healey,1260,Governor,
Nahant,,,Geoff Diehl,675,Governor,
Nahant,,,Kevin Reed,23,Governor,
Nahant,,,All Others,2,Governor,
Nahant,,,Blanks,15,Governor,
Nahant,,,Total Votes Cast,1975,Governor,
Nantucket,,,Maura Healey,3262,Governor,
Nantucket,,,Geoff Diehl,1553,Governor,
Nantucket,,,Kevin Reed,86,Governor,
Nantucket,,,All Others,2,Governor,
Nantucket,,,Blanks,52,Governor,
Nantucket,,,Total Votes Cast,4955,Governor,
Natick,-,1,Maura Healey,683,Governor,
Natick,-,1,Geoff Diehl,200,Governor,
Natick,-,1,Kevin Reed,16,Governor,
Natick,-,1,All Others,0,Governor,
Natick,-,1,Blanks,10,Governor,
Natick,-,1,Total Votes Cast,909,Governor,
Natick,-,10,Maura Healey,1535,Governor,
Natick,-,10,Geoff Diehl,522,Governor,
Natick,-,10,Kevin Reed,27,Governor,
Natick,-,10,All Others,0,Governor,
Natick,-,10,Blanks,25,Governor,
Natick,-,10,Total Votes Cast,2109,Governor,
Natick,-,2,Maura Healey,1151,Governor,
Natick,-,2,Geoff Diehl,408,Governor,
Natick,-,2,Kevin Reed,25,Governor,
Natick,-,2,All Others,2,Governor,
Natick,-,2,Blanks,18,Governor,
Natick,-,2,Total Votes Cast,1604,Governor,
Natick,-,3,Maura Healey,1110,Governor,
Natick,-,3,Geoff Diehl,434,Governor,
Natick,-,3,Kevin Reed,30,Governor,
Natick,-,3,All Others,0,Governor,
Natick,-,3,Blanks,17,Governor,
Natick,-,3,Total Votes Cast,1591,Governor,
Natick,-,4,Maura Healey,1118,Governor,
Natick,-,4,Geoff Diehl,357,Governor,
Natick,-,4,Kevin Reed,28,Governor,
Natick,-,4,All Others,2,Governor,
Natick,-,4,Blanks,5,Governor,
Natick,-,4,Total Votes Cast,1510,Governor,
Natick,-,5,Maura Healey,1140,Governor,
Natick,-,5,Geoff Diehl,484,Governor,
Natick,-,5,Kevin Reed,23,Governor,
Natick,-,5,All Others,0,Governor,
Natick,-,5,Blanks,18,Governor,
Natick,-,5,Total Votes Cast,1665,Governor,
Natick,-,6,Maura Healey,1101,Governor,
Natick,-,6,Geoff Diehl,425,Governor,
Natick,-,6,Kevin Reed,22,Governor,
Natick,-,6,All Others,1,Governor,
Natick,-,6,Blanks,18,Governor,
Natick,-,6,Total Votes Cast,1567,Governor,
Natick,-,7,Maura Healey,1457,Governor,
Natick,-,7,Geoff Diehl,417,Governor,
Natick,-,7,Kevin Reed,23,Governor,
Natick,-,7,All Others,5,Governor,
Natick,-,7,Blanks,12,Governor,
Natick,-,7,Total Votes Cast,1914,Governor,
Natick,-,8,Maura Healey,1286,Governor,
Natick,-,8,Geoff Diehl,430,Governor,
Natick,-,8,Kevin Reed,24,Governor,
Natick,-,8,All Others,1,Governor,
Natick,-,8,Blanks,14,Governor,
Natick,-,8,Total Votes Cast,1755,Governor,
Natick,-,9,Maura Healey,1343,Governor,
Natick,-,9,Geoff Diehl,384,Governor,
Natick,-,9,Kevin Reed,20,Governor,
Natick,-,9,All Others,1,Governor,
Natick,-,9,Blanks,21,Governor,
Natick,-,9,Total Votes Cast,1769,Governor,
Needham,-,A,Maura Healey,916,Governor,
Needham,-,A,Geoff Diehl,354,Governor,
Needham,-,A,Kevin Reed,15,Governor,
Needham,-,A,All Others,2,Governor,
Needham,-,A,Blanks,8,Governor,
Needham,-,A,Total Votes Cast,1295,Governor,
Needham,-,B,Maura Healey,1122,Governor,
Needham,-,B,Geoff Diehl,398,Governor,
Needham,-,B,Kevin Reed,19,Governor,
Needham,-,B,All Others,2,Governor,
Needham,-,B,Blanks,18,Governor,
Needham,-,B,Total Votes Cast,1559,Governor,
Needham,-,C,Maura Healey,1146,Governor,
Needham,-,C,Geoff Diehl,354,Governor,
Needham,-,C,Kevin Reed,30,Governor,
Needham,-,C,All Others,4,Governor,
Needham,-,C,Blanks,19,Governor,
Needham,-,C,Total Votes Cast,1553,Governor,
Needham,-,D,Maura Healey,1067,Governor,
Needham,-,D,Geoff Diehl,374,Governor,
Needham,-,D,Kevin Reed,12,Governor,
Needham,-,D,All Others,2,Governor,
Needham,-,D,Blanks,17,Governor,
Needham,-,D,Total Votes Cast,1472,Governor,
Needham,-,E,Maura Healey,1191,Governor,
Needham,-,E,Geoff Diehl,401,Governor,
Needham,-,E,Kevin Reed,25,Governor,
Needham,-,E,All Others,4,Governor,
Needham,-,E,Blanks,20,Governor,
Needham,-,E,Total Votes Cast,1641,Governor,
Needham,-,F,Maura Healey,1131,Governor,
Needham,-,F,Geoff Diehl,325,Governor,
Needham,-,F,Kevin Reed,17,Governor,
Needham,-,F,All Others,2,Governor,
Needham,-,F,Blanks,26,Governor,
Needham,-,F,Total Votes Cast,1501,Governor,
Needham,-,G,Maura Healey,1236,Governor,
Needham,-,G,Geoff Diehl,383,Governor,
Needham,-,G,Kevin Reed,24,Governor,
Needham,-,G,All Others,3,Governor,
Needham,-,G,Blanks,13,Governor,
Needham,-,G,Total Votes Cast,1659,Governor,
Needham,-,H,Maura Healey,1173,Governor,
Needham,-,H,Geoff Diehl,412,Governor,
Needham,-,H,Kevin Reed,16,Governor,
Needham,-,H,All Others,1,Governor,
Needham,-,H,Blanks,14,Governor,
Needham,-,H,Total Votes Cast,1616,Governor,
Needham,-,I,Maura Healey,1324,Governor,
Needham,-,I,Geoff Diehl,341,Governor,
Needham,-,I,Kevin Reed,22,Governor,
Needham,-,I,All Others,5,Governor,
Needham,-,I,Blanks,18,Governor,
Needham,-,I,Total Votes Cast,1710,Governor,
Needham,-,J,Maura Healey,1130,Governor,
Needham,-,J,Geoff Diehl,329,Governor,
Needham,-,J,Kevin Reed,16,Governor,
Needham,-,J,All Others,0,Governor,
Needham,-,J,Blanks,17,Governor,
Needham,-,J,Total Votes Cast,1492,Governor,
New Ashford,,,Maura Healey,68,Governor,
New Ashford,,,Geoff Diehl,47,Governor,
New Ashford,,,Kevin Reed,3,Governor,
New Ashford,,,All Others,0,Governor,
New Ashford,,,Blanks,0,Governor,
New Ashford,,,Total Votes Cast,118,Governor,
New Bedford,1,A,Maura Healey,396,Governor,
New Bedford,1,A,Geoff Diehl,315,Governor,
New Bedford,1,A,Kevin Reed,9,Governor,
New Bedford,1,A,All Others,1,Governor,
New Bedford,1,A,Blanks,22,Governor,
New Bedford,1,A,Total Votes Cast,743,Governor,
New Bedford,1,A1,Maura Healey,50,Governor,
New Bedford,1,A1,Geoff Diehl,43,Governor,
New Bedford,1,A1,Kevin Reed,1,Governor,
New Bedford,1,A1,All Others,0,Governor,
New Bedford,1,A1,Blanks,2,Governor,
New Bedford,1,A1,Total Votes Cast,96,Governor,
New Bedford,1,B,Maura Healey,431,Governor,
New Bedford,1,B,Geoff Diehl,416,Governor,
New Bedford,1,B,Kevin Reed,10,Governor,
New Bedford,1,B,All Others,0,Governor,
New Bedford,1,B,Blanks,17,Governor,
New Bedford,1,B,Total Votes Cast,874,Governor,
New Bedford,1,B1,Maura Healey,50,Governor,
New Bedford,1,B1,Geoff Diehl,32,Governor,
New Bedford,1,B1,Kevin Reed,4,Governor,
New Bedford,1,B1,All Others,0,Governor,
New Bedford,1,B1,Blanks,3,Governor,
New Bedford,1,B1,Total Votes Cast,89,Governor,
New Bedford,1,C,Maura Healey,326,Governor,
New Bedford,1,C,Geoff Diehl,291,Governor,
New Bedford,1,C,Kevin Reed,12,Governor,
New Bedford,1,C,All Others,0,Governor,
New Bedford,1,C,Blanks,12,Governor,
New Bedford,1,C,Total Votes Cast,641,Governor,
New Bedford,1,C1,Maura Healey,66,Governor,
New Bedford,1,C1,Geoff Diehl,37,Governor,
New Bedford,1,C1,Kevin Reed,4,Governor,
New Bedford,1,C1,All Others,0,Governor,
New Bedford,1,C1,Blanks,4,Governor,
New Bedford,1,C1,Total Votes Cast,111,Governor,
New Bedford,1,D,Maura Healey,504,Governor,
New Bedford,1,D,Geoff Diehl,520,Governor,
New Bedford,1,D,Kevin Reed,19,Governor,
New Bedford,1,D,All Others,0,Governor,
New Bedford,1,D,Blanks,15,Governor,
New Bedford,1,D,Total Votes Cast,1058,Governor,
New Bedford,1,E,Maura Healey,482,Governor,
New Bedford,1,E,Geoff Diehl,349,Governor,
New Bedford,1,E,Kevin Reed,18,Governor,
New Bedford,1,E,All Others,1,Governor,
New Bedford,1,E,Blanks,18,Governor,
New Bedford,1,E,Total Votes Cast,868,Governor,
New Bedford,1,F,Maura Healey,491,Governor,
New Bedford,1,F,Geoff Diehl,429,Governor,
New Bedford,1,F,Kevin Reed,14,Governor,
New Bedford,1,F,All Others,0,Governor,
New Bedford,1,F,Blanks,15,Governor,
New Bedford,1,F,Total Votes Cast,949,Governor,
New Bedford,2,A,Maura Healey,70,Governor,
New Bedford,2,A,Geoff Diehl,39,Governor,
New Bedford,2,A,Kevin Reed,5,Governor,
New Bedford,2,A,All Others,1,Governor,
New Bedford,2,A,Blanks,1,Governor,
New Bedford,2,A,Total Votes Cast,116,Governor,
New Bedford,2,B,Maura Healey,120,Governor,
New Bedford,2,B,Geoff Diehl,97,Governor,
New Bedford,2,B,Kevin Reed,6,Governor,
New Bedford,2,B,All Others,0,Governor,
New Bedford,2,B,Blanks,4,Governor,
New Bedford,2,B,Total Votes Cast,227,Governor,
New Bedford,2,C,Maura Healey,162,Governor,
New Bedford,2,C,Geoff Diehl,112,Governor,
New Bedford,2,C,Kevin Reed,5,Governor,
New Bedford,2,C,All Others,0,Governor,
New Bedford,2,C,Blanks,10,Governor,
New Bedford,2,C,Total Votes Cast,289,Governor,
New Bedford,2,D,Maura Healey,380,Governor,
New Bedford,2,D,Geoff Diehl,220,Governor,
New Bedford,2,D,Kevin Reed,6,Governor,
New Bedford,2,D,All Others,0,Governor,
New Bedford,2,D,Blanks,14,Governor,
New Bedford,2,D,Total Votes Cast,620,Governor,
New Bedford,2,E,Maura Healey,388,Governor,
New Bedford,2,E,Geoff Diehl,365,Governor,
New Bedford,2,E,Kevin Reed,14,Governor,
New Bedford,2,E,All Others,0,Governor,
New Bedford,2,E,Blanks,14,Governor,
New Bedford,2,E,Total Votes Cast,781,Governor,
New Bedford,2,F,Maura Healey,269,Governor,
New Bedford,2,F,Geoff Diehl,199,Governor,
New Bedford,2,F,Kevin Reed,11,Governor,
New Bedford,2,F,All Others,0,Governor,
New Bedford,2,F,Blanks,7,Governor,
New Bedford,2,F,Total Votes Cast,486,Governor,
New Bedford,3,A,Maura Healey,192,Governor,
New Bedford,3,A,Geoff Diehl,85,Governor,
New Bedford,3,A,Kevin Reed,6,Governor,
New Bedford,3,A,All Others,2,Governor,
New Bedford,3,A,Blanks,10,Governor,
New Bedford,3,A,Total Votes Cast,295,Governor,
New Bedford,3,B,Maura Healey,176,Governor,
New Bedford,3,B,Geoff Diehl,78,Governor,
New Bedford,3,B,Kevin Reed,8,Governor,
New Bedford,3,B,All Others,0,Governor,
New Bedford,3,B,Blanks,5,Governor,
New Bedford,3,B,Total Votes Cast,267,Governor,
New Bedford,3,C,Maura Healey,136,Governor,
New Bedford,3,C,Geoff Diehl,97,Governor,
New Bedford,3,C,Kevin Reed,9,Governor,
New Bedford,3,C,All Others,0,Governor,
New Bedford,3,C,Blanks,2,Governor,
New Bedford,3,C,Total Votes Cast,244,Governor,
New Bedford,3,D,Maura Healey,279,Governor,
New Bedford,3,D,Geoff Diehl,150,Governor,
New Bedford,3,D,Kevin Reed,8,Governor,
New Bedford,3,D,All Others,1,Governor,
New Bedford,3,D,Blanks,10,Governor,
New Bedford,3,D,Total Votes Cast,448,Governor,
New Bedford,3,E,Maura Healey,404,Governor,
New Bedford,3,E,Geoff Diehl,261,Governor,
New Bedford,3,E,Kevin Reed,16,Governor,
New Bedford,3,E,All Others,0,Governor,
New Bedford,3,E,Blanks,11,Governor,
New Bedford,3,E,Total Votes Cast,692,Governor,
New Bedford,3,F,Maura Healey,371,Governor,
New Bedford,3,F,Geoff Diehl,234,Governor,
New Bedford,3,F,Kevin Reed,6,Governor,
New Bedford,3,F,All Others,0,Governor,
New Bedford,3,F,Blanks,26,Governor,
New Bedford,3,F,Total Votes Cast,637,Governor,
New Bedford,3,F1,Maura Healey,170,Governor,
New Bedford,3,F1,Geoff Diehl,81,Governor,
New Bedford,3,F1,Kevin Reed,4,Governor,
New Bedford,3,F1,All Others,0,Governor,
New Bedford,3,F1,Blanks,3,Governor,
New Bedford,3,F1,Total Votes Cast,258,Governor,
New Bedford,4,A,Maura Healey,108,Governor,
New Bedford,4,A,Geoff Diehl,28,Governor,
New Bedford,4,A,Kevin Reed,5,Governor,
New Bedford,4,A,All Others,0,Governor,
New Bedford,4,A,Blanks,10,Governor,
New Bedford,4,A,Total Votes Cast,151,Governor,
New Bedford,4,A1,Maura Healey,132,Governor,
New Bedford,4,A1,Geoff Diehl,29,Governor,
New Bedford,4,A1,Kevin Reed,7,Governor,
New Bedford,4,A1,All Others,0,Governor,
New Bedford,4,A1,Blanks,4,Governor,
New Bedford,4,A1,Total Votes Cast,172,Governor,
New Bedford,4,B,Maura Healey,397,Governor,
New Bedford,4,B,Geoff Diehl,130,Governor,
New Bedford,4,B,Kevin Reed,7,Governor,
New Bedford,4,B,All Others,0,Governor,
New Bedford,4,B,Blanks,15,Governor,
New Bedford,4,B,Total Votes Cast,549,Governor,
New Bedford,4,C,Maura Healey,427,Governor,
New Bedford,4,C,Geoff Diehl,113,Governor,
New Bedford,4,C,Kevin Reed,12,Governor,
New Bedford,4,C,All Others,1,Governor,
New Bedford,4,C,Blanks,6,Governor,
New Bedford,4,C,Total Votes Cast,559,Governor,
New Bedford,4,D,Maura Healey,336,Governor,
New Bedford,4,D,Geoff Diehl,154,Governor,
New Bedford,4,D,Kevin Reed,18,Governor,
New Bedford,4,D,All Others,1,Governor,
New Bedford,4,D,Blanks,6,Governor,
New Bedford,4,D,Total Votes Cast,515,Governor,
New Bedford,4,E,Maura Healey,289,Governor,
New Bedford,4,E,Geoff Diehl,153,Governor,
New Bedford,4,E,Kevin Reed,15,Governor,
New Bedford,4,E,All Others,0,Governor,
New Bedford,4,E,Blanks,13,Governor,
New Bedford,4,E,Total Votes Cast,470,Governor,
New Bedford,4,F,Maura Healey,375,Governor,
New Bedford,4,F,Geoff Diehl,143,Governor,
New Bedford,4,F,Kevin Reed,12,Governor,
New Bedford,4,F,All Others,2,Governor,
New Bedford,4,F,Blanks,21,Governor,
New Bedford,4,F,Total Votes Cast,553,Governor,
New Bedford,5,A,Maura Healey,254,Governor,
New Bedford,5,A,Geoff Diehl,131,Governor,
New Bedford,5,A,Kevin Reed,10,Governor,
New Bedford,5,A,All Others,0,Governor,
New Bedford,5,A,Blanks,11,Governor,
New Bedford,5,A,Total Votes Cast,406,Governor,
New Bedford,5,B,Maura Healey,555,Governor,
New Bedford,5,B,Geoff Diehl,204,Governor,
New Bedford,5,B,Kevin Reed,10,Governor,
New Bedford,5,B,All Others,2,Governor,
New Bedford,5,B,Blanks,16,Governor,
New Bedford,5,B,Total Votes Cast,787,Governor,
New Bedford,5,C,Maura Healey,396,Governor,
New Bedford,5,C,Geoff Diehl,246,Governor,
New Bedford,5,C,Kevin Reed,11,Governor,
New Bedford,5,C,All Others,0,Governor,
New Bedford,5,C,Blanks,15,Governor,
New Bedford,5,C,Total Votes Cast,668,Governor,
New Bedford,5,D,Maura Healey,629,Governor,
New Bedford,5,D,Geoff Diehl,254,Governor,
New Bedford,5,D,Kevin Reed,13,Governor,
New Bedford,5,D,All Others,2,Governor,
New Bedford,5,D,Blanks,11,Governor,
New Bedford,5,D,Total Votes Cast,909,Governor,
New Bedford,5,E,Maura Healey,632,Governor,
New Bedford,5,E,Geoff Diehl,394,Governor,
New Bedford,5,E,Kevin Reed,12,Governor,
New Bedford,5,E,All Others,1,Governor,
New Bedford,5,E,Blanks,19,Governor,
New Bedford,5,E,Total Votes Cast,1058,Governor,
New Bedford,5,F,Maura Healey,590,Governor,
New Bedford,5,F,Geoff Diehl,311,Governor,
New Bedford,5,F,Kevin Reed,17,Governor,
New Bedford,5,F,All Others,1,Governor,
New Bedford,5,F,Blanks,26,Governor,
New Bedford,5,F,Total Votes Cast,945,Governor,
New Bedford,6,A,Maura Healey,438,Governor,
New Bedford,6,A,Geoff Diehl,338,Governor,
New Bedford,6,A,Kevin Reed,17,Governor,
New Bedford,6,A,All Others,0,Governor,
New Bedford,6,A,Blanks,11,Governor,
New Bedford,6,A,Total Votes Cast,804,Governor,
New Bedford,6,B,Maura Healey,356,Governor,
New Bedford,6,B,Geoff Diehl,212,Governor,
New Bedford,6,B,Kevin Reed,10,Governor,
New Bedford,6,B,All Others,0,Governor,
New Bedford,6,B,Blanks,10,Governor,
New Bedford,6,B,Total Votes Cast,588,Governor,
New Bedford,6,C,Maura Healey,168,Governor,
New Bedford,6,C,Geoff Diehl,89,Governor,
New Bedford,6,C,Kevin Reed,4,Governor,
New Bedford,6,C,All Others,0,Governor,
New Bedford,6,C,Blanks,11,Governor,
New Bedford,6,C,Total Votes Cast,272,Governor,
New Bedford,6,D,Maura Healey,138,Governor,
New Bedford,6,D,Geoff Diehl,71,Governor,
New Bedford,6,D,Kevin Reed,14,Governor,
New Bedford,6,D,All Others,0,Governor,
New Bedford,6,D,Blanks,1,Governor,
New Bedford,6,D,Total Votes Cast,224,Governor,
New Bedford,6,E,Maura Healey,160,Governor,
New Bedford,6,E,Geoff Diehl,95,Governor,
New Bedford,6,E,Kevin Reed,10,Governor,
New Bedford,6,E,All Others,2,Governor,
New Bedford,6,E,Blanks,7,Governor,
New Bedford,6,E,Total Votes Cast,274,Governor,
New Bedford,6,F,Maura Healey,287,Governor,
New Bedford,6,F,Geoff Diehl,153,Governor,
New Bedford,6,F,Kevin Reed,15,Governor,
New Bedford,6,F,All Others,0,Governor,
New Bedford,6,F,Blanks,6,Governor,
New Bedford,6,F,Total Votes Cast,461,Governor,
New Braintree,,,Maura Healey,232,Governor,
New Braintree,,,Geoff Diehl,246,Governor,
New Braintree,,,Kevin Reed,6,Governor,
New Braintree,,,All Others,0,Governor,
New Braintree,,,Blanks,4,Governor,
New Braintree,,,Total Votes Cast,488,Governor,
New Marlborough,,,Maura Healey,509,Governor,
New Marlborough,,,Geoff Diehl,224,Governor,
New Marlborough,,,Kevin Reed,18,Governor,
New Marlborough,,,All Others,0,Governor,
New Marlborough,,,Blanks,15,Governor,
New Marlborough,,,Total Votes Cast,766,Governor,
New Salem,,,Maura Healey,338,Governor,
New Salem,,,Geoff Diehl,200,Governor,
New Salem,,,Kevin Reed,20,Governor,
New Salem,,,All Others,0,Governor,
New Salem,,,Blanks,4,Governor,
New Salem,,,Total Votes Cast,562,Governor,
Newbury,-,1,Maura Healey,1236,Governor,
Newbury,-,1,Geoff Diehl,708,Governor,
Newbury,-,1,Kevin Reed,29,Governor,
Newbury,-,1,All Others,3,Governor,
Newbury,-,1,Blanks,15,Governor,
Newbury,-,1,Total Votes Cast,1991,Governor,
Newbury,-,2,Maura Healey,1151,Governor,
Newbury,-,2,Geoff Diehl,774,Governor,
Newbury,-,2,Kevin Reed,38,Governor,
Newbury,-,2,All Others,3,Governor,
Newbury,-,2,Blanks,9,Governor,
Newbury,-,2,Total Votes Cast,1975,Governor,
Newburyport,1,1,Maura Healey,1058,Governor,
Newburyport,1,1,Geoff Diehl,303,Governor,
Newburyport,1,1,Kevin Reed,16,Governor,
Newburyport,1,1,All Others,0,Governor,
Newburyport,1,1,Blanks,12,Governor,
Newburyport,1,1,Total Votes Cast,1389,Governor,
Newburyport,1,P,Maura Healey,227,Governor,
Newburyport,1,P,Geoff Diehl,156,Governor,
Newburyport,1,P,Kevin Reed,4,Governor,
Newburyport,1,P,All Others,1,Governor,
Newburyport,1,P,Blanks,5,Governor,
Newburyport,1,P,Total Votes Cast,393,Governor,
Newburyport,2,1,Maura Healey,1248,Governor,
Newburyport,2,1,Geoff Diehl,356,Governor,
Newburyport,2,1,Kevin Reed,25,Governor,
Newburyport,2,1,All Others,2,Governor,
Newburyport,2,1,Blanks,15,Governor,
Newburyport,2,1,Total Votes Cast,1646,Governor,
Newburyport,3,1,Maura Healey,1332,Governor,
Newburyport,3,1,Geoff Diehl,379,Governor,
Newburyport,3,1,Kevin Reed,18,Governor,
Newburyport,3,1,All Others,5,Governor,
Newburyport,3,1,Blanks,10,Governor,
Newburyport,3,1,Total Votes Cast,1744,Governor,
Newburyport,4,1,Maura Healey,1256,Governor,
Newburyport,4,1,Geoff Diehl,426,Governor,
Newburyport,4,1,Kevin Reed,20,Governor,
Newburyport,4,1,All Others,3,Governor,
Newburyport,4,1,Blanks,9,Governor,
Newburyport,4,1,Total Votes Cast,1714,Governor,
Newburyport,5,1,Maura Healey,921,Governor,
Newburyport,5,1,Geoff Diehl,494,Governor,
Newburyport,5,1,Kevin Reed,16,Governor,
Newburyport,5,1,All Others,1,Governor,
Newburyport,5,1,Blanks,15,Governor,
Newburyport,5,1,Total Votes Cast,1447,Governor,
Newburyport,6,1,Maura Healey,1040,Governor,
Newburyport,6,1,Geoff Diehl,513,Governor,
Newburyport,6,1,Kevin Reed,20,Governor,
Newburyport,6,1,All Others,1,Governor,
Newburyport,6,1,Blanks,13,Governor,
Newburyport,6,1,Total Votes Cast,1587,Governor,
Newton,1,1,Maura Healey,661,Governor,
Newton,1,1,Geoff Diehl,279,Governor,
Newton,1,1,Kevin Reed,19,Governor,
Newton,1,1,All Others,1,Governor,
Newton,1,1,Blanks,7,Governor,
Newton,1,1,Total Votes Cast,967,Governor,
Newton,1,2,Maura Healey,955,Governor,
Newton,1,2,Geoff Diehl,164,Governor,
Newton,1,2,Kevin Reed,17,Governor,
Newton,1,2,All Others,0,Governor,
Newton,1,2,Blanks,8,Governor,
Newton,1,2,Total Votes Cast,1144,Governor,
Newton,1,2A,Maura Healey,47,Governor,
Newton,1,2A,Geoff Diehl,7,Governor,
Newton,1,2A,Kevin Reed,1,Governor,
Newton,1,2A,All Others,0,Governor,
Newton,1,2A,Blanks,1,Governor,
Newton,1,2A,Total Votes Cast,56,Governor,
Newton,1,3,Maura Healey,974,Governor,
Newton,1,3,Geoff Diehl,146,Governor,
Newton,1,3,Kevin Reed,20,Governor,
Newton,1,3,All Others,5,Governor,
Newton,1,3,Blanks,11,Governor,
Newton,1,3,Total Votes Cast,1156,Governor,
Newton,1,4,Maura Healey,771,Governor,
Newton,1,4,Geoff Diehl,301,Governor,
Newton,1,4,Kevin Reed,13,Governor,
Newton,1,4,All Others,1,Governor,
Newton,1,4,Blanks,25,Governor,
Newton,1,4,Total Votes Cast,1111,Governor,
Newton,2,1,Maura Healey,874,Governor,
Newton,2,1,Geoff Diehl,188,Governor,
Newton,2,1,Kevin Reed,14,Governor,
Newton,2,1,All Others,3,Governor,
Newton,2,1,Blanks,15,Governor,
Newton,2,1,Total Votes Cast,1094,Governor,
Newton,2,2,Maura Healey,704,Governor,
Newton,2,2,Geoff Diehl,135,Governor,
Newton,2,2,Kevin Reed,16,Governor,
Newton,2,2,All Others,1,Governor,
Newton,2,2,Blanks,9,Governor,
Newton,2,2,Total Votes Cast,865,Governor,
Newton,2,3,Maura Healey,1130,Governor,
Newton,2,3,Geoff Diehl,182,Governor,
Newton,2,3,Kevin Reed,27,Governor,
Newton,2,3,All Others,1,Governor,
Newton,2,3,Blanks,14,Governor,
Newton,2,3,Total Votes Cast,1354,Governor,
Newton,2,4,Maura Healey,1220,Governor,
Newton,2,4,Geoff Diehl,216,Governor,
Newton,2,4,Kevin Reed,24,Governor,
Newton,2,4,All Others,3,Governor,
Newton,2,4,Blanks,14,Governor,
Newton,2,4,Total Votes Cast,1477,Governor,
Newton,3,1,Maura Healey,1002,Governor,
Newton,3,1,Geoff Diehl,241,Governor,
Newton,3,1,Kevin Reed,11,Governor,
Newton,3,1,All Others,5,Governor,
Newton,3,1,Blanks,7,Governor,
Newton,3,1,Total Votes Cast,1266,Governor,
Newton,3,1A,Maura Healey,0,Governor,
Newton,3,1A,Geoff Diehl,0,Governor,
Newton,3,1A,Kevin Reed,0,Governor,
Newton,3,1A,All Others,0,Governor,
Newton,3,1A,Blanks,0,Governor,
Newton,3,1A,Total Votes Cast,0,Governor,
Newton,3,2,Maura Healey,1100,Governor,
Newton,3,2,Geoff Diehl,189,Governor,
Newton,3,2,Kevin Reed,10,Governor,
Newton,3,2,All Others,4,Governor,
Newton,3,2,Blanks,17,Governor,
Newton,3,2,Total Votes Cast,1320,Governor,
Newton,3,3,Maura Healey,936,Governor,
Newton,3,3,Geoff Diehl,303,Governor,
Newton,3,3,Kevin Reed,14,Governor,
Newton,3,3,All Others,2,Governor,
Newton,3,3,Blanks,14,Governor,
Newton,3,3,Total Votes Cast,1269,Governor,
Newton,3,4,Maura Healey,922,Governor,
Newton,3,4,Geoff Diehl,308,Governor,
Newton,3,4,Kevin Reed,19,Governor,
Newton,3,4,All Others,0,Governor,
Newton,3,4,Blanks,11,Governor,
Newton,3,4,Total Votes Cast,1260,Governor,
Newton,4,1,Maura Healey,886,Governor,
Newton,4,1,Geoff Diehl,221,Governor,
Newton,4,1,Kevin Reed,18,Governor,
Newton,4,1,All Others,1,Governor,
Newton,4,1,Blanks,9,Governor,
Newton,4,1,Total Votes Cast,1135,Governor,
Newton,4,2,Maura Healey,916,Governor,
Newton,4,2,Geoff Diehl,154,Governor,
Newton,4,2,Kevin Reed,12,Governor,
Newton,4,2,All Others,3,Governor,
Newton,4,2,Blanks,11,Governor,
Newton,4,2,Total Votes Cast,1096,Governor,
Newton,4,3,Maura Healey,649,Governor,
Newton,4,3,Geoff Diehl,143,Governor,
Newton,4,3,Kevin Reed,6,Governor,
Newton,4,3,All Others,2,Governor,
Newton,4,3,Blanks,7,Governor,
Newton,4,3,Total Votes Cast,807,Governor,
Newton,4,4,Maura Healey,792,Governor,
Newton,4,4,Geoff Diehl,244,Governor,
Newton,4,4,Kevin Reed,17,Governor,
Newton,4,4,All Others,2,Governor,
Newton,4,4,Blanks,13,Governor,
Newton,4,4,Total Votes Cast,1068,Governor,
Newton,5,1,Maura Healey,871,Governor,
Newton,5,1,Geoff Diehl,221,Governor,
Newton,5,1,Kevin Reed,9,Governor,
Newton,5,1,All Others,2,Governor,
Newton,5,1,Blanks,15,Governor,
Newton,5,1,Total Votes Cast,1118,Governor,
Newton,5,2,Maura Healey,1059,Governor,
Newton,5,2,Geoff Diehl,153,Governor,
Newton,5,2,Kevin Reed,11,Governor,
Newton,5,2,All Others,0,Governor,
Newton,5,2,Blanks,6,Governor,
Newton,5,2,Total Votes Cast,1229,Governor,
Newton,5,3,Maura Healey,1212,Governor,
Newton,5,3,Geoff Diehl,195,Governor,
Newton,5,3,Kevin Reed,12,Governor,
Newton,5,3,All Others,1,Governor,
Newton,5,3,Blanks,15,Governor,
Newton,5,3,Total Votes Cast,1435,Governor,
Newton,5,4,Maura Healey,1185,Governor,
Newton,5,4,Geoff Diehl,198,Governor,
Newton,5,4,Kevin Reed,15,Governor,
Newton,5,4,All Others,2,Governor,
Newton,5,4,Blanks,16,Governor,
Newton,5,4,Total Votes Cast,1416,Governor,
Newton,6,1,Maura Healey,916,Governor,
Newton,6,1,Geoff Diehl,216,Governor,
Newton,6,1,Kevin Reed,13,Governor,
Newton,6,1,All Others,1,Governor,
Newton,6,1,Blanks,9,Governor,
Newton,6,1,Total Votes Cast,1155,Governor,
Newton,6,2,Maura Healey,978,Governor,
Newton,6,2,Geoff Diehl,167,Governor,
Newton,6,2,Kevin Reed,18,Governor,
Newton,6,2,All Others,1,Governor,
Newton,6,2,Blanks,11,Governor,
Newton,6,2,Total Votes Cast,1175,Governor,
Newton,6,3,Maura Healey,1185,Governor,
Newton,6,3,Geoff Diehl,144,Governor,
Newton,6,3,Kevin Reed,11,Governor,
Newton,6,3,All Others,1,Governor,
Newton,6,3,Blanks,18,Governor,
Newton,6,3,Total Votes Cast,1359,Governor,
Newton,6,4,Maura Healey,1250,Governor,
Newton,6,4,Geoff Diehl,182,Governor,
Newton,6,4,Kevin Reed,20,Governor,
Newton,6,4,All Others,5,Governor,
Newton,6,4,Blanks,20,Governor,
Newton,6,4,Total Votes Cast,1477,Governor,
Newton,7,1,Maura Healey,776,Governor,
Newton,7,1,Geoff Diehl,192,Governor,
Newton,7,1,Kevin Reed,18,Governor,
Newton,7,1,All Others,5,Governor,
Newton,7,1,Blanks,15,Governor,
Newton,7,1,Total Votes Cast,1006,Governor,
Newton,7,2,Maura Healey,1140,Governor,
Newton,7,2,Geoff Diehl,217,Governor,
Newton,7,2,Kevin Reed,12,Governor,
Newton,7,2,All Others,2,Governor,
Newton,7,2,Blanks,22,Governor,
Newton,7,2,Total Votes Cast,1393,Governor,
Newton,7,3,Maura Healey,305,Governor,
Newton,7,3,Geoff Diehl,71,Governor,
Newton,7,3,Kevin Reed,5,Governor,
Newton,7,3,All Others,2,Governor,
Newton,7,3,Blanks,4,Governor,
Newton,7,3,Total Votes Cast,387,Governor,
Newton,7,4,Maura Healey,508,Governor,
Newton,7,4,Geoff Diehl,127,Governor,
Newton,7,4,Kevin Reed,5,Governor,
Newton,7,4,All Others,0,Governor,
Newton,7,4,Blanks,9,Governor,
Newton,7,4,Total Votes Cast,649,Governor,
Newton,8,1,Maura Healey,857,Governor,
Newton,8,1,Geoff Diehl,328,Governor,
Newton,8,1,Kevin Reed,15,Governor,
Newton,8,1,All Others,3,Governor,
Newton,8,1,Blanks,18,Governor,
Newton,8,1,Total Votes Cast,1221,Governor,
Newton,8,2,Maura Healey,794,Governor,
Newton,8,2,Geoff Diehl,291,Governor,
Newton,8,2,Kevin Reed,10,Governor,
Newton,8,2,All Others,0,Governor,
Newton,8,2,Blanks,19,Governor,
Newton,8,2,Total Votes Cast,1114,Governor,
Newton,8,3,Maura Healey,936,Governor,
Newton,8,3,Geoff Diehl,238,Governor,
Newton,8,3,Kevin Reed,26,Governor,
Newton,8,3,All Others,2,Governor,
Newton,8,3,Blanks,17,Governor,
Newton,8,3,Total Votes Cast,1219,Governor,
Newton,8,4,Maura Healey,789,Governor,
Newton,8,4,Geoff Diehl,280,Governor,
Newton,8,4,Kevin Reed,16,Governor,
Newton,8,4,All Others,2,Governor,
Newton,8,4,Blanks,14,Governor,
Newton,8,4,Total Votes Cast,1101,Governor,
Norfolk,-,1,Maura Healey,499,Governor,
Norfolk,-,1,Geoff Diehl,378,Governor,
Norfolk,-,1,Kevin Reed,16,Governor,
Norfolk,-,1,All Others,0,Governor,
Norfolk,-,1,Blanks,13,Governor,
Norfolk,-,1,Total Votes Cast,906,Governor,
Norfolk,-,2,Maura Healey,900,Governor,
Norfolk,-,2,Geoff Diehl,682,Governor,
Norfolk,-,2,Kevin Reed,36,Governor,
Norfolk,-,2,All Others,3,Governor,
Norfolk,-,2,Blanks,11,Governor,
Norfolk,-,2,Total Votes Cast,1632,Governor,
Norfolk,-,3,Maura Healey,754,Governor,
Norfolk,-,3,Geoff Diehl,603,Governor,
Norfolk,-,3,Kevin Reed,22,Governor,
Norfolk,-,3,All Others,2,Governor,
Norfolk,-,3,Blanks,6,Governor,
Norfolk,-,3,Total Votes Cast,1387,Governor,
Norfolk,-,4,Maura Healey,842,Governor,
Norfolk,-,4,Geoff Diehl,578,Governor,
Norfolk,-,4,Kevin Reed,16,Governor,
Norfolk,-,4,All Others,2,Governor,
Norfolk,-,4,Blanks,14,Governor,
Norfolk,-,4,Total Votes Cast,1452,Governor,
Northampton,1,A,Maura Healey,803,Governor,
Northampton,1,A,Geoff Diehl,107,Governor,
Northampton,1,A,Kevin Reed,13,Governor,
Northampton,1,A,All Others,1,Governor,
Northampton,1,A,Blanks,5,Governor,
Northampton,1,A,Total Votes Cast,929,Governor,
Northampton,1,B,Maura Healey,1002,Governor,
Northampton,1,B,Geoff Diehl,89,Governor,
Northampton,1,B,Kevin Reed,11,Governor,
Northampton,1,B,All Others,0,Governor,
Northampton,1,B,Blanks,6,Governor,
Northampton,1,B,Total Votes Cast,1108,Governor,
Northampton,2,A,Maura Healey,782,Governor,
Northampton,2,A,Geoff Diehl,25,Governor,
Northampton,2,A,Kevin Reed,7,Governor,
Northampton,2,A,All Others,3,Governor,
Northampton,2,A,Blanks,11,Governor,
Northampton,2,A,Total Votes Cast,828,Governor,
Northampton,2,B,Maura Healey,608,Governor,
Northampton,2,B,Geoff Diehl,36,Governor,
Northampton,2,B,Kevin Reed,4,Governor,
Northampton,2,B,All Others,0,Governor,
Northampton,2,B,Blanks,3,Governor,
Northampton,2,B,Total Votes Cast,651,Governor,
Northampton,3,A,Maura Healey,775,Governor,
Northampton,3,A,Geoff Diehl,80,Governor,
Northampton,3,A,Kevin Reed,13,Governor,
Northampton,3,A,All Others,2,Governor,
Northampton,3,A,Blanks,13,Governor,
Northampton,3,A,Total Votes Cast,883,Governor,
Northampton,3,B,Maura Healey,920,Governor,
Northampton,3,B,Geoff Diehl,66,Governor,
Northampton,3,B,Kevin Reed,10,Governor,
Northampton,3,B,All Others,5,Governor,
Northampton,3,B,Blanks,8,Governor,
Northampton,3,B,Total Votes Cast,1009,Governor,
Northampton,4,A,Maura Healey,679,Governor,
Northampton,4,A,Geoff Diehl,37,Governor,
Northampton,4,A,Kevin Reed,7,Governor,
Northampton,4,A,All Others,2,Governor,
Northampton,4,A,Blanks,9,Governor,
Northampton,4,A,Total Votes Cast,734,Governor,
Northampton,4,B,Maura Healey,1010,Governor,
Northampton,4,B,Geoff Diehl,97,Governor,
Northampton,4,B,Kevin Reed,8,Governor,
Northampton,4,B,All Others,7,Governor,
Northampton,4,B,Blanks,0,Governor,
Northampton,4,B,Total Votes Cast,1122,Governor,
Northampton,5,A,Maura Healey,788,Governor,
Northampton,5,A,Geoff Diehl,98,Governor,
Northampton,5,A,Kevin Reed,10,Governor,
Northampton,5,A,All Others,2,Governor,
Northampton,5,A,Blanks,6,Governor,
Northampton,5,A,Total Votes Cast,904,Governor,
Northampton,5,B,Maura Healey,984,Governor,
Northampton,5,B,Geoff Diehl,109,Governor,
Northampton,5,B,Kevin Reed,9,Governor,
Northampton,5,B,All Others,1,Governor,
Northampton,5,B,Blanks,9,Governor,
Northampton,5,B,Total Votes Cast,1112,Governor,
Northampton,6,A,Maura Healey,945,Governor,
Northampton,6,A,Geoff Diehl,266,Governor,
Northampton,6,A,Kevin Reed,11,Governor,
Northampton,6,A,All Others,2,Governor,
Northampton,6,A,Blanks,8,Governor,
Northampton,6,A,Total Votes Cast,1232,Governor,
Northampton,6,B,Maura Healey,1005,Governor,
Northampton,6,B,Geoff Diehl,189,Governor,
Northampton,6,B,Kevin Reed,18,Governor,
Northampton,6,B,All Others,1,Governor,
Northampton,6,B,Blanks,8,Governor,
Northampton,6,B,Total Votes Cast,1221,Governor,
Northampton,7,A,Maura Healey,926,Governor,
Northampton,7,A,Geoff Diehl,134,Governor,
Northampton,7,A,Kevin Reed,8,Governor,
Northampton,7,A,All Others,3,Governor,
Northampton,7,A,Blanks,11,Governor,
Northampton,7,A,Total Votes Cast,1082,Governor,
Northampton,7,B,Maura Healey,936,Governor,
Northampton,7,B,Geoff Diehl,141,Governor,
Northampton,7,B,Kevin Reed,19,Governor,
Northampton,7,B,All Others,2,Governor,
Northampton,7,B,Blanks,7,Governor,
Northampton,7,B,Total Votes Cast,1105,Governor,
Northborough,-,1,Maura Healey,1094,Governor,
Northborough,-,1,Geoff Diehl,569,Governor,
Northborough,-,1,Kevin Reed,30,Governor,
Northborough,-,1,All Others,2,Governor,
Northborough,-,1,Blanks,15,Governor,
Northborough,-,1,Total Votes Cast,1710,Governor,
Northborough,-,2,Maura Healey,1109,Governor,
Northborough,-,2,Geoff Diehl,531,Governor,
Northborough,-,2,Kevin Reed,37,Governor,
Northborough,-,2,All Others,3,Governor,
Northborough,-,2,Blanks,14,Governor,
Northborough,-,2,Total Votes Cast,1694,Governor,
Northborough,-,3,Maura Healey,1147,Governor,
Northborough,-,3,Geoff Diehl,613,Governor,
Northborough,-,3,Kevin Reed,22,Governor,
Northborough,-,3,All Others,1,Governor,
Northborough,-,3,Blanks,17,Governor,
Northborough,-,3,Total Votes Cast,1800,Governor,
Northborough,-,4,Maura Healey,1149,Governor,
Northborough,-,4,Geoff Diehl,670,Governor,
Northborough,-,4,Kevin Reed,39,Governor,
Northborough,-,4,All Others,4,Governor,
Northborough,-,4,Blanks,22,Governor,
Northborough,-,4,Total Votes Cast,1884,Governor,
Northbridge,-,1,Maura Healey,714,Governor,
Northbridge,-,1,Geoff Diehl,583,Governor,
Northbridge,-,1,Kevin Reed,26,Governor,
Northbridge,-,1,All Others,1,Governor,
Northbridge,-,1,Blanks,11,Governor,
Northbridge,-,1,Total Votes Cast,1335,Governor,
Northbridge,-,2,Maura Healey,549,Governor,
Northbridge,-,2,Geoff Diehl,523,Governor,
Northbridge,-,2,Kevin Reed,16,Governor,
Northbridge,-,2,All Others,1,Governor,
Northbridge,-,2,Blanks,10,Governor,
Northbridge,-,2,Total Votes Cast,1099,Governor,
Northbridge,-,3,Maura Healey,522,Governor,
Northbridge,-,3,Geoff Diehl,524,Governor,
Northbridge,-,3,Kevin Reed,22,Governor,
Northbridge,-,3,All Others,2,Governor,
Northbridge,-,3,Blanks,11,Governor,
Northbridge,-,3,Total Votes Cast,1081,Governor,
Northbridge,-,4,Maura Healey,678,Governor,
Northbridge,-,4,Geoff Diehl,772,Governor,
Northbridge,-,4,Kevin Reed,27,Governor,
Northbridge,-,4,All Others,2,Governor,
Northbridge,-,4,Blanks,11,Governor,
Northbridge,-,4,Total Votes Cast,1490,Governor,
Northbridge,-,5,Maura Healey,652,Governor,
Northbridge,-,5,Geoff Diehl,665,Governor,
Northbridge,-,5,Kevin Reed,27,Governor,
Northbridge,-,5,All Others,1,Governor,
Northbridge,-,5,Blanks,13,Governor,
Northbridge,-,5,Total Votes Cast,1358,Governor,
Northfield,,,Maura Healey,937,Governor,
Northfield,,,Geoff Diehl,491,Governor,
Northfield,,,Kevin Reed,31,Governor,
Northfield,,,All Others,0,Governor,
Northfield,,,Blanks,4,Governor,
Northfield,,,Total Votes Cast,1463,Governor,
Norton,-,1,Maura Healey,826,Governor,
Norton,-,1,Geoff Diehl,766,Governor,
Norton,-,1,Kevin Reed,38,Governor,
Norton,-,1,All Others,1,Governor,
Norton,-,1,Blanks,28,Governor,
Norton,-,1,Total Votes Cast,1659,Governor,
Norton,-,2,Maura Healey,846,Governor,
Norton,-,2,Geoff Diehl,714,Governor,
Norton,-,2,Kevin Reed,26,Governor,
Norton,-,2,All Others,3,Governor,
Norton,-,2,Blanks,12,Governor,
Norton,-,2,Total Votes Cast,1601,Governor,
Norton,-,3,Maura Healey,807,Governor,
Norton,-,3,Geoff Diehl,694,Governor,
Norton,-,3,Kevin Reed,23,Governor,
Norton,-,3,All Others,1,Governor,
Norton,-,3,Blanks,14,Governor,
Norton,-,3,Total Votes Cast,1539,Governor,
Norton,-,4,Maura Healey,865,Governor,
Norton,-,4,Geoff Diehl,726,Governor,
Norton,-,4,Kevin Reed,27,Governor,
Norton,-,4,All Others,1,Governor,
Norton,-,4,Blanks,18,Governor,
Norton,-,4,Total Votes Cast,1637,Governor,
Norton,-,5,Maura Healey,496,Governor,
Norton,-,5,Geoff Diehl,468,Governor,
Norton,-,5,Kevin Reed,13,Governor,
Norton,-,5,All Others,0,Governor,
Norton,-,5,Blanks,9,Governor,
Norton,-,5,Total Votes Cast,986,Governor,
Norwell,-,1,Maura Healey,944,Governor,
Norwell,-,1,Geoff Diehl,758,Governor,
Norwell,-,1,Kevin Reed,24,Governor,
Norwell,-,1,All Others,4,Governor,
Norwell,-,1,Blanks,21,Governor,
Norwell,-,1,Total Votes Cast,1751,Governor,
Norwell,-,2,Maura Healey,1046,Governor,
Norwell,-,2,Geoff Diehl,908,Governor,
Norwell,-,2,Kevin Reed,31,Governor,
Norwell,-,2,All Others,2,Governor,
Norwell,-,2,Blanks,13,Governor,
Norwell,-,2,Total Votes Cast,2000,Governor,
Norwell,-,3,Maura Healey,1040,Governor,
Norwell,-,3,Geoff Diehl,776,Governor,
Norwell,-,3,Kevin Reed,32,Governor,
Norwell,-,3,All Others,7,Governor,
Norwell,-,3,Blanks,20,Governor,
Norwell,-,3,Total Votes Cast,1875,Governor,
Norwood,-,1,Maura Healey,895,Governor,
Norwood,-,1,Geoff Diehl,487,Governor,
Norwood,-,1,Kevin Reed,15,Governor,
Norwood,-,1,All Others,1,Governor,
Norwood,-,1,Blanks,13,Governor,
Norwood,-,1,Total Votes Cast,1411,Governor,
Norwood,-,2,Maura Healey,802,Governor,
Norwood,-,2,Geoff Diehl,457,Governor,
Norwood,-,2,Kevin Reed,14,Governor,
Norwood,-,2,All Others,1,Governor,
Norwood,-,2,Blanks,10,Governor,
Norwood,-,2,Total Votes Cast,1284,Governor,
Norwood,-,3,Maura Healey,903,Governor,
Norwood,-,3,Geoff Diehl,490,Governor,
Norwood,-,3,Kevin Reed,25,Governor,
Norwood,-,3,All Others,0,Governor,
Norwood,-,3,Blanks,13,Governor,
Norwood,-,3,Total Votes Cast,1431,Governor,
Norwood,-,4,Maura Healey,985,Governor,
Norwood,-,4,Geoff Diehl,603,Governor,
Norwood,-,4,Kevin Reed,28,Governor,
Norwood,-,4,All Others,2,Governor,
Norwood,-,4,Blanks,18,Governor,
Norwood,-,4,Total Votes Cast,1636,Governor,
Norwood,-,5,Maura Healey,582,Governor,
Norwood,-,5,Geoff Diehl,243,Governor,
Norwood,-,5,Kevin Reed,13,Governor,
Norwood,-,5,All Others,0,Governor,
Norwood,-,5,Blanks,4,Governor,
Norwood,-,5,Total Votes Cast,842,Governor,
Norwood,-,6,Maura Healey,578,Governor,
Norwood,-,6,Geoff Diehl,385,Governor,
Norwood,-,6,Kevin Reed,16,Governor,
Norwood,-,6,All Others,1,Governor,
Norwood,-,6,Blanks,14,Governor,
Norwood,-,6,Total Votes Cast,994,Governor,
Norwood,-,7,Maura Healey,791,Governor,
Norwood,-,7,Geoff Diehl,511,Governor,
Norwood,-,7,Kevin Reed,16,Governor,
Norwood,-,7,All Others,2,Governor,
Norwood,-,7,Blanks,9,Governor,
Norwood,-,7,Total Votes Cast,1329,Governor,
Norwood,-,8,Maura Healey,932,Governor,
Norwood,-,8,Geoff Diehl,530,Governor,
Norwood,-,8,Kevin Reed,17,Governor,
Norwood,-,8,All Others,0,Governor,
Norwood,-,8,Blanks,11,Governor,
Norwood,-,8,Total Votes Cast,1490,Governor,
Norwood,-,9,Maura Healey,818,Governor,
Norwood,-,9,Geoff Diehl,617,Governor,
Norwood,-,9,Kevin Reed,16,Governor,
Norwood,-,9,All Others,4,Governor,
Norwood,-,9,Blanks,11,Governor,
Norwood,-,9,Total Votes Cast,1466,Governor,
Oak Bluffs,,,Maura Healey,1726,Governor,
Oak Bluffs,,,Geoff Diehl,539,Governor,
Oak Bluffs,,,Kevin Reed,38,Governor,
Oak Bluffs,,,All Others,2,Governor,
Oak Bluffs,,,Blanks,15,Governor,
Oak Bluffs,,,Total Votes Cast,2320,Governor,
Oakham,,,Maura Healey,398,Governor,
Oakham,,,Geoff Diehl,519,Governor,
Oakham,,,Kevin Reed,13,Governor,
Oakham,,,All Others,0,Governor,
Oakham,,,Blanks,4,Governor,
Oakham,,,Total Votes Cast,934,Governor,
Orange,-,1,Maura Healey,665,Governor,
Orange,-,1,Geoff Diehl,644,Governor,
Orange,-,1,Kevin Reed,20,Governor,
Orange,-,1,All Others,1,Governor,
Orange,-,1,Blanks,18,Governor,
Orange,-,1,Total Votes Cast,1348,Governor,
Orange,-,2,Maura Healey,720,Governor,
Orange,-,2,Geoff Diehl,585,Governor,
Orange,-,2,Kevin Reed,37,Governor,
Orange,-,2,All Others,13,Governor,
Orange,-,2,Blanks,0,Governor,
Orange,-,2,Total Votes Cast,1355,Governor,
Orleans,-,1,Maura Healey,1389,Governor,
Orleans,-,1,Geoff Diehl,554,Governor,
Orleans,-,1,Kevin Reed,29,Governor,
Orleans,-,1,All Others,3,Governor,
Orleans,-,1,Blanks,22,Governor,
Orleans,-,1,Total Votes Cast,1997,Governor,
Orleans,-,2,Maura Healey,1250,Governor,
Orleans,-,2,Geoff Diehl,740,Governor,
Orleans,-,2,Kevin Reed,29,Governor,
Orleans,-,2,All Others,3,Governor,
Orleans,-,2,Blanks,17,Governor,
Orleans,-,2,Total Votes Cast,2039,Governor,
Otis,,,Maura Healey,424,Governor,
Otis,,,Geoff Diehl,323,Governor,
Otis,,,Kevin Reed,17,Governor,
Otis,,,All Others,0,Governor,
Otis,,,Blanks,5,Governor,
Otis,,,Total Votes Cast,769,Governor,
Oxford,-,1,Maura Healey,607,Governor,
Oxford,-,1,Geoff Diehl,705,Governor,
Oxford,-,1,Kevin Reed,36,Governor,
Oxford,-,1,All Others,0,Governor,
Oxford,-,1,Blanks,10,Governor,
Oxford,-,1,Total Votes Cast,1358,Governor,
Oxford,-,2,Maura Healey,603,Governor,
Oxford,-,2,Geoff Diehl,661,Governor,
Oxford,-,2,Kevin Reed,25,Governor,
Oxford,-,2,All Others,0,Governor,
Oxford,-,2,Blanks,4,Governor,
Oxford,-,2,Total Votes Cast,1293,Governor,
Oxford,-,3,Maura Healey,579,Governor,
Oxford,-,3,Geoff Diehl,697,Governor,
Oxford,-,3,Kevin Reed,25,Governor,
Oxford,-,3,All Others,0,Governor,
Oxford,-,3,Blanks,8,Governor,
Oxford,-,3,Total Votes Cast,1309,Governor,
Oxford,-,4,Maura Healey,532,Governor,
Oxford,-,4,Geoff Diehl,650,Governor,
Oxford,-,4,Kevin Reed,23,Governor,
Oxford,-,4,All Others,0,Governor,
Oxford,-,4,Blanks,17,Governor,
Oxford,-,4,Total Votes Cast,1222,Governor,
Oxford,-,4A,Maura Healey,4,Governor,
Oxford,-,4A,Geoff Diehl,15,Governor,
Oxford,-,4A,Kevin Reed,1,Governor,
Oxford,-,4A,All Others,0,Governor,
Oxford,-,4A,Blanks,0,Governor,
Oxford,-,4A,Total Votes Cast,20,Governor,
Palmer,-,1,Maura Healey,564,Governor,
Palmer,-,1,Geoff Diehl,631,Governor,
Palmer,-,1,Kevin Reed,24,Governor,
Palmer,-,1,All Others,0,Governor,
Palmer,-,1,Blanks,12,Governor,
Palmer,-,1,Total Votes Cast,1231,Governor,
Palmer,-,2,Maura Healey,519,Governor,
Palmer,-,2,Geoff Diehl,688,Governor,
Palmer,-,2,Kevin Reed,22,Governor,
Palmer,-,2,All Others,1,Governor,
Palmer,-,2,Blanks,6,Governor,
Palmer,-,2,Total Votes Cast,1236,Governor,
Palmer,-,3,Maura Healey,495,Governor,
Palmer,-,3,Geoff Diehl,411,Governor,
Palmer,-,3,Kevin Reed,16,Governor,
Palmer,-,3,All Others,0,Governor,
Palmer,-,3,Blanks,7,Governor,
Palmer,-,3,Total Votes Cast,929,Governor,
Palmer,-,4,Maura Healey,426,Governor,
Palmer,-,4,Geoff Diehl,588,Governor,
Palmer,-,4,Kevin Reed,22,Governor,
Palmer,-,4,All Others,2,Governor,
Palmer,-,4,Blanks,6,Governor,
Palmer,-,4,Total Votes Cast,1044,Governor,
Paxton,,,Maura Healey,1144,Governor,
Paxton,,,Geoff Diehl,1013,Governor,
Paxton,,,Kevin Reed,38,Governor,
Paxton,,,All Others,0,Governor,
Paxton,,,Blanks,19,Governor,
Paxton,,,Total Votes Cast,2214,Governor,
Peabody,1,1,Maura Healey,701,Governor,
Peabody,1,1,Geoff Diehl,527,Governor,
Peabody,1,1,Kevin Reed,18,Governor,
Peabody,1,1,All Others,2,Governor,
Peabody,1,1,Blanks,11,Governor,
Peabody,1,1,Total Votes Cast,1259,Governor,
Peabody,1,2,Maura Healey,714,Governor,
Peabody,1,2,Geoff Diehl,637,Governor,
Peabody,1,2,Kevin Reed,17,Governor,
Peabody,1,2,All Others,1,Governor,
Peabody,1,2,Blanks,12,Governor,
Peabody,1,2,Total Votes Cast,1381,Governor,
Peabody,1,3,Maura Healey,698,Governor,
Peabody,1,3,Geoff Diehl,674,Governor,
Peabody,1,3,Kevin Reed,24,Governor,
Peabody,1,3,All Others,1,Governor,
Peabody,1,3,Blanks,5,Governor,
Peabody,1,3,Total Votes Cast,1402,Governor,
Peabody,2,1,Maura Healey,495,Governor,
Peabody,2,1,Geoff Diehl,219,Governor,
Peabody,2,1,Kevin Reed,8,Governor,
Peabody,2,1,All Others,0,Governor,
Peabody,2,1,Blanks,4,Governor,
Peabody,2,1,Total Votes Cast,726,Governor,
Peabody,2,2,Maura Healey,428,Governor,
Peabody,2,2,Geoff Diehl,250,Governor,
Peabody,2,2,Kevin Reed,7,Governor,
Peabody,2,2,All Others,0,Governor,
Peabody,2,2,Blanks,6,Governor,
Peabody,2,2,Total Votes Cast,691,Governor,
Peabody,2,3,Maura Healey,522,Governor,
Peabody,2,3,Geoff Diehl,391,Governor,
Peabody,2,3,Kevin Reed,19,Governor,
Peabody,2,3,All Others,1,Governor,
Peabody,2,3,Blanks,9,Governor,
Peabody,2,3,Total Votes Cast,942,Governor,
Peabody,3,1,Maura Healey,334,Governor,
Peabody,3,1,Geoff Diehl,188,Governor,
Peabody,3,1,Kevin Reed,9,Governor,
Peabody,3,1,All Others,0,Governor,
Peabody,3,1,Blanks,6,Governor,
Peabody,3,1,Total Votes Cast,537,Governor,
Peabody,3,2,Maura Healey,531,Governor,
Peabody,3,2,Geoff Diehl,329,Governor,
Peabody,3,2,Kevin Reed,10,Governor,
Peabody,3,2,All Others,1,Governor,
Peabody,3,2,Blanks,9,Governor,
Peabody,3,2,Total Votes Cast,880,Governor,
Peabody,3,3,Maura Healey,584,Governor,
Peabody,3,3,Geoff Diehl,420,Governor,
Peabody,3,3,Kevin Reed,20,Governor,
Peabody,3,3,All Others,2,Governor,
Peabody,3,3,Blanks,11,Governor,
Peabody,3,3,Total Votes Cast,1037,Governor,
Peabody,4,1,Maura Healey,631,Governor,
Peabody,4,1,Geoff Diehl,469,Governor,
Peabody,4,1,Kevin Reed,16,Governor,
Peabody,4,1,All Others,3,Governor,
Peabody,4,1,Blanks,5,Governor,
Peabody,4,1,Total Votes Cast,1124,Governor,
Peabody,4,2,Maura Healey,384,Governor,
Peabody,4,2,Geoff Diehl,326,Governor,
Peabody,4,2,Kevin Reed,11,Governor,
Peabody,4,2,All Others,0,Governor,
Peabody,4,2,Blanks,4,Governor,
Peabody,4,2,Total Votes Cast,725,Governor,
Peabody,4,3,Maura Healey,273,Governor,
Peabody,4,3,Geoff Diehl,200,Governor,
Peabody,4,3,Kevin Reed,6,Governor,
Peabody,4,3,All Others,2,Governor,
Peabody,4,3,Blanks,2,Governor,
Peabody,4,3,Total Votes Cast,483,Governor,
Peabody,4,3A,Maura Healey,958,Governor,
Peabody,4,3A,Geoff Diehl,322,Governor,
Peabody,4,3A,Kevin Reed,12,Governor,
Peabody,4,3A,All Others,2,Governor,
Peabody,4,3A,Blanks,10,Governor,
Peabody,4,3A,Total Votes Cast,1304,Governor,
Peabody,5,1,Maura Healey,814,Governor,
Peabody,5,1,Geoff Diehl,656,Governor,
Peabody,5,1,Kevin Reed,14,Governor,
Peabody,5,1,All Others,1,Governor,
Peabody,5,1,Blanks,13,Governor,
Peabody,5,1,Total Votes Cast,1498,Governor,
Peabody,5,2,Maura Healey,503,Governor,
Peabody,5,2,Geoff Diehl,501,Governor,
Peabody,5,2,Kevin Reed,12,Governor,
Peabody,5,2,All Others,0,Governor,
Peabody,5,2,Blanks,10,Governor,
Peabody,5,2,Total Votes Cast,1026,Governor,
Peabody,5,3,Maura Healey,553,Governor,
Peabody,5,3,Geoff Diehl,498,Governor,
Peabody,5,3,Kevin Reed,14,Governor,
Peabody,5,3,All Others,0,Governor,
Peabody,5,3,Blanks,5,Governor,
Peabody,5,3,Total Votes Cast,1070,Governor,
Peabody,6,1,Maura Healey,816,Governor,
Peabody,6,1,Geoff Diehl,816,Governor,
Peabody,6,1,Kevin Reed,8,Governor,
Peabody,6,1,All Others,0,Governor,
Peabody,6,1,Blanks,7,Governor,
Peabody,6,1,Total Votes Cast,1647,Governor,
Peabody,6,2,Maura Healey,646,Governor,
Peabody,6,2,Geoff Diehl,739,Governor,
Peabody,6,2,Kevin Reed,17,Governor,
Peabody,6,2,All Others,2,Governor,
Peabody,6,2,Blanks,18,Governor,
Peabody,6,2,Total Votes Cast,1422,Governor,
Peabody,6,3,Maura Healey,756,Governor,
Peabody,6,3,Geoff Diehl,809,Governor,
Peabody,6,3,Kevin Reed,18,Governor,
Peabody,6,3,All Others,2,Governor,
Peabody,6,3,Blanks,6,Governor,
Peabody,6,3,Total Votes Cast,1591,Governor,
Pelham,,,Maura Healey,637,Governor,
Pelham,,,Geoff Diehl,70,Governor,
Pelham,,,Kevin Reed,17,Governor,
Pelham,,,All Others,0,Governor,
Pelham,,,Blanks,14,Governor,
Pelham,,,Total Votes Cast,738,Governor,
Pembroke,-,1,Maura Healey,931,Governor,
Pembroke,-,1,Geoff Diehl,885,Governor,
Pembroke,-,1,Kevin Reed,30,Governor,
Pembroke,-,1,All Others,3,Governor,
Pembroke,-,1,Blanks,13,Governor,
Pembroke,-,1,Total Votes Cast,1862,Governor,
Pembroke,-,2,Maura Healey,737,Governor,
Pembroke,-,2,Geoff Diehl,818,Governor,
Pembroke,-,2,Kevin Reed,24,Governor,
Pembroke,-,2,All Others,3,Governor,
Pembroke,-,2,Blanks,15,Governor,
Pembroke,-,2,Total Votes Cast,1597,Governor,
Pembroke,-,3,Maura Healey,831,Governor,
Pembroke,-,3,Geoff Diehl,864,Governor,
Pembroke,-,3,Kevin Reed,34,Governor,
Pembroke,-,3,All Others,1,Governor,
Pembroke,-,3,Blanks,9,Governor,
Pembroke,-,3,Total Votes Cast,1739,Governor,
Pembroke,-,3A,Maura Healey,7,Governor,
Pembroke,-,3A,Geoff Diehl,5,Governor,
Pembroke,-,3A,Kevin Reed,0,Governor,
Pembroke,-,3A,All Others,0,Governor,
Pembroke,-,3A,Blanks,0,Governor,
Pembroke,-,3A,Total Votes Cast,12,Governor,
Pembroke,-,4,Maura Healey,798,Governor,
Pembroke,-,4,Geoff Diehl,866,Governor,
Pembroke,-,4,Kevin Reed,30,Governor,
Pembroke,-,4,All Others,4,Governor,
Pembroke,-,4,Blanks,11,Governor,
Pembroke,-,4,Total Votes Cast,1709,Governor,
Pembroke,-,5,Maura Healey,784,Governor,
Pembroke,-,5,Geoff Diehl,788,Governor,
Pembroke,-,5,Kevin Reed,15,Governor,
Pembroke,-,5,All Others,3,Governor,
Pembroke,-,5,Blanks,17,Governor,
Pembroke,-,5,Total Votes Cast,1607,Governor,
Pepperell,-,1,Maura Healey,618,Governor,
Pepperell,-,1,Geoff Diehl,610,Governor,
Pepperell,-,1,Kevin Reed,36,Governor,
Pepperell,-,1,All Others,1,Governor,
Pepperell,-,1,Blanks,11,Governor,
Pepperell,-,1,Total Votes Cast,1276,Governor,
Pepperell,-,2,Maura Healey,826,Governor,
Pepperell,-,2,Geoff Diehl,737,Governor,
Pepperell,-,2,Kevin Reed,30,Governor,
Pepperell,-,2,All Others,1,Governor,
Pepperell,-,2,Blanks,15,Governor,
Pepperell,-,2,Total Votes Cast,1609,Governor,
Pepperell,-,3,Maura Healey,726,Governor,
Pepperell,-,3,Geoff Diehl,670,Governor,
Pepperell,-,3,Kevin Reed,29,Governor,
Pepperell,-,3,All Others,1,Governor,
Pepperell,-,3,Blanks,3,Governor,
Pepperell,-,3,Total Votes Cast,1429,Governor,
Pepperell,-,4,Maura Healey,658,Governor,
Pepperell,-,4,Geoff Diehl,438,Governor,
Pepperell,-,4,Kevin Reed,20,Governor,
Pepperell,-,4,All Others,1,Governor,
Pepperell,-,4,Blanks,8,Governor,
Pepperell,-,4,Total Votes Cast,1125,Governor,
Peru,,,Maura Healey,186,Governor,
Peru,,,Geoff Diehl,166,Governor,
Peru,,,Kevin Reed,9,Governor,
Peru,,,All Others,0,Governor,
Peru,,,Blanks,3,Governor,
Peru,,,Total Votes Cast,364,Governor,
Petersham,,,Maura Healey,418,Governor,
Petersham,,,Geoff Diehl,294,Governor,
Petersham,,,Kevin Reed,25,Governor,
Petersham,,,All Others,0,Governor,
Petersham,,,Blanks,7,Governor,
Petersham,,,Total Votes Cast,744,Governor,
Phillipston,,,Maura Healey,307,Governor,
Phillipston,,,Geoff Diehl,475,Governor,
Phillipston,,,Kevin Reed,14,Governor,
Phillipston,,,All Others,0,Governor,
Phillipston,,,Blanks,13,Governor,
Phillipston,,,Total Votes Cast,809,Governor,
Pittsfield,1,A,Maura Healey,494,Governor,
Pittsfield,1,A,Geoff Diehl,166,Governor,
Pittsfield,1,A,Kevin Reed,17,Governor,
Pittsfield,1,A,All Others,0,Governor,
Pittsfield,1,A,Blanks,5,Governor,
Pittsfield,1,A,Total Votes Cast,682,Governor,
Pittsfield,1,B,Maura Healey,762,Governor,
Pittsfield,1,B,Geoff Diehl,316,Governor,
Pittsfield,1,B,Kevin Reed,21,Governor,
Pittsfield,1,B,All Others,0,Governor,
Pittsfield,1,B,Blanks,16,Governor,
Pittsfield,1,B,Total Votes Cast,1115,Governor,
Pittsfield,2,A,Maura Healey,321,Governor,
Pittsfield,2,A,Geoff Diehl,106,Governor,
Pittsfield,2,A,Kevin Reed,14,Governor,
Pittsfield,2,A,All Others,0,Governor,
Pittsfield,2,A,Blanks,7,Governor,
Pittsfield,2,A,Total Votes Cast,448,Governor,
Pittsfield,2,B,Maura Healey,757,Governor,
Pittsfield,2,B,Geoff Diehl,285,Governor,
Pittsfield,2,B,Kevin Reed,26,Governor,
Pittsfield,2,B,All Others,0,Governor,
Pittsfield,2,B,Blanks,12,Governor,
Pittsfield,2,B,Total Votes Cast,1080,Governor,
Pittsfield,3,A,Maura Healey,902,Governor,
Pittsfield,3,A,Geoff Diehl,265,Governor,
Pittsfield,3,A,Kevin Reed,23,Governor,
Pittsfield,3,A,All Others,0,Governor,
Pittsfield,3,A,Blanks,14,Governor,
Pittsfield,3,A,Total Votes Cast,1204,Governor,
Pittsfield,3,B,Maura Healey,937,Governor,
Pittsfield,3,B,Geoff Diehl,341,Governor,
Pittsfield,3,B,Kevin Reed,17,Governor,
Pittsfield,3,B,All Others,0,Governor,
Pittsfield,3,B,Blanks,16,Governor,
Pittsfield,3,B,Total Votes Cast,1311,Governor,
Pittsfield,4,A,Maura Healey,905,Governor,
Pittsfield,4,A,Geoff Diehl,302,Governor,
Pittsfield,4,A,Kevin Reed,31,Governor,
Pittsfield,4,A,All Others,1,Governor,
Pittsfield,4,A,Blanks,16,Governor,
Pittsfield,4,A,Total Votes Cast,1255,Governor,
Pittsfield,4,B,Maura Healey,1094,Governor,
Pittsfield,4,B,Geoff Diehl,418,Governor,
Pittsfield,4,B,Kevin Reed,24,Governor,
Pittsfield,4,B,All Others,0,Governor,
Pittsfield,4,B,Blanks,19,Governor,
Pittsfield,4,B,Total Votes Cast,1555,Governor,
Pittsfield,5,A,Maura Healey,761,Governor,
Pittsfield,5,A,Geoff Diehl,214,Governor,
Pittsfield,5,A,Kevin Reed,18,Governor,
Pittsfield,5,A,All Others,1,Governor,
Pittsfield,5,A,Blanks,15,Governor,
Pittsfield,5,A,Total Votes Cast,1009,Governor,
Pittsfield,5,B,Maura Healey,790,Governor,
Pittsfield,5,B,Geoff Diehl,294,Governor,
Pittsfield,5,B,Kevin Reed,22,Governor,
Pittsfield,5,B,All Others,0,Governor,
Pittsfield,5,B,Blanks,13,Governor,
Pittsfield,5,B,Total Votes Cast,1119,Governor,
Pittsfield,6,A,Maura Healey,794,Governor,
Pittsfield,6,A,Geoff Diehl,228,Governor,
Pittsfield,6,A,Kevin Reed,14,Governor,
Pittsfield,6,A,All Others,2,Governor,
Pittsfield,6,A,Blanks,16,Governor,
Pittsfield,6,A,Total Votes Cast,1054,Governor,
Pittsfield,6,B,Maura Healey,552,Governor,
Pittsfield,6,B,Geoff Diehl,174,Governor,
Pittsfield,6,B,Kevin Reed,16,Governor,
Pittsfield,6,B,All Others,2,Governor,
Pittsfield,6,B,Blanks,8,Governor,
Pittsfield,6,B,Total Votes Cast,752,Governor,
Pittsfield,7,A,Maura Healey,396,Governor,
Pittsfield,7,A,Geoff Diehl,191,Governor,
Pittsfield,7,A,Kevin Reed,15,Governor,
Pittsfield,7,A,All Others,0,Governor,
Pittsfield,7,A,Blanks,7,Governor,
Pittsfield,7,A,Total Votes Cast,609,Governor,
Pittsfield,7,B,Maura Healey,716,Governor,
Pittsfield,7,B,Geoff Diehl,274,Governor,
Pittsfield,7,B,Kevin Reed,24,Governor,
Pittsfield,7,B,All Others,0,Governor,
Pittsfield,7,B,Blanks,27,Governor,
Pittsfield,7,B,Total Votes Cast,1041,Governor,
Plainfield,,,Maura Healey,256,Governor,
Plainfield,,,Geoff Diehl,106,Governor,
Plainfield,,,Kevin Reed,3,Governor,
Plainfield,,,All Others,0,Governor,
Plainfield,,,Blanks,3,Governor,
Plainfield,,,Total Votes Cast,368,Governor,
Plainville,-,1,Maura Healey,647,Governor,
Plainville,-,1,Geoff Diehl,573,Governor,
Plainville,-,1,Kevin Reed,27,Governor,
Plainville,-,1,All Others,0,Governor,
Plainville,-,1,Blanks,7,Governor,
Plainville,-,1,Total Votes Cast,1254,Governor,
Plainville,-,2,Maura Healey,749,Governor,
Plainville,-,2,Geoff Diehl,628,Governor,
Plainville,-,2,Kevin Reed,16,Governor,
Plainville,-,2,All Others,2,Governor,
Plainville,-,2,Blanks,15,Governor,
Plainville,-,2,Total Votes Cast,1410,Governor,
Plainville,-,3,Maura Healey,771,Governor,
Plainville,-,3,Geoff Diehl,703,Governor,
Plainville,-,3,Kevin Reed,32,Governor,
Plainville,-,3,All Others,2,Governor,
Plainville,-,3,Blanks,10,Governor,
Plainville,-,3,Total Votes Cast,1518,Governor,
Plymouth,-,1,Maura Healey,643,Governor,
Plymouth,-,1,Geoff Diehl,408,Governor,
Plymouth,-,1,Kevin Reed,16,Governor,
Plymouth,-,1,All Others,2,Governor,
Plymouth,-,1,Blanks,8,Governor,
Plymouth,-,1,Total Votes Cast,1077,Governor,
Plymouth,-,10,Maura Healey,820,Governor,
Plymouth,-,10,Geoff Diehl,776,Governor,
Plymouth,-,10,Kevin Reed,28,Governor,
Plymouth,-,10,All Others,1,Governor,
Plymouth,-,10,Blanks,6,Governor,
Plymouth,-,10,Total Votes Cast,1631,Governor,
Plymouth,-,11,Maura Healey,923,Governor,
Plymouth,-,11,Geoff Diehl,804,Governor,
Plymouth,-,11,Kevin Reed,22,Governor,
Plymouth,-,11,All Others,1,Governor,
Plymouth,-,11,Blanks,16,Governor,
Plymouth,-,11,Total Votes Cast,1766,Governor,
Plymouth,-,12,Maura Healey,652,Governor,
Plymouth,-,12,Geoff Diehl,646,Governor,
Plymouth,-,12,Kevin Reed,12,Governor,
Plymouth,-,12,All Others,2,Governor,
Plymouth,-,12,Blanks,3,Governor,
Plymouth,-,12,Total Votes Cast,1315,Governor,
Plymouth,-,13,Maura Healey,895,Governor,
Plymouth,-,13,Geoff Diehl,756,Governor,
Plymouth,-,13,Kevin Reed,21,Governor,
Plymouth,-,13,All Others,2,Governor,
Plymouth,-,13,Blanks,11,Governor,
Plymouth,-,13,Total Votes Cast,1685,Governor,
Plymouth,-,14,Maura Healey,804,Governor,
Plymouth,-,14,Geoff Diehl,898,Governor,
Plymouth,-,14,Kevin Reed,21,Governor,
Plymouth,-,14,All Others,1,Governor,
Plymouth,-,14,Blanks,8,Governor,
Plymouth,-,14,Total Votes Cast,1732,Governor,
Plymouth,-,15,Maura Healey,1638,Governor,
Plymouth,-,15,Geoff Diehl,947,Governor,
Plymouth,-,15,Kevin Reed,19,Governor,
Plymouth,-,15,All Others,4,Governor,
Plymouth,-,15,Blanks,26,Governor,
Plymouth,-,15,Total Votes Cast,2634,Governor,
Plymouth,-,16,Maura Healey,1264,Governor,
Plymouth,-,16,Geoff Diehl,819,Governor,
Plymouth,-,16,Kevin Reed,25,Governor,
Plymouth,-,16,All Others,5,Governor,
Plymouth,-,16,Blanks,14,Governor,
Plymouth,-,16,Total Votes Cast,2127,Governor,
Plymouth,-,17,Maura Healey,979,Governor,
Plymouth,-,17,Geoff Diehl,785,Governor,
Plymouth,-,17,Kevin Reed,33,Governor,
Plymouth,-,17,All Others,0,Governor,
Plymouth,-,17,Blanks,9,Governor,
Plymouth,-,17,Total Votes Cast,1806,Governor,
Plymouth,-,18,Maura Healey,554,Governor,
Plymouth,-,18,Geoff Diehl,566,Governor,
Plymouth,-,18,Kevin Reed,19,Governor,
Plymouth,-,18,All Others,0,Governor,
Plymouth,-,18,Blanks,6,Governor,
Plymouth,-,18,Total Votes Cast,1145,Governor,
Plymouth,-,2,Maura Healey,790,Governor,
Plymouth,-,2,Geoff Diehl,552,Governor,
Plymouth,-,2,Kevin Reed,18,Governor,
Plymouth,-,2,All Others,1,Governor,
Plymouth,-,2,Blanks,14,Governor,
Plymouth,-,2,Total Votes Cast,1375,Governor,
Plymouth,-,3,Maura Healey,905,Governor,
Plymouth,-,3,Geoff Diehl,513,Governor,
Plymouth,-,3,Kevin Reed,22,Governor,
Plymouth,-,3,All Others,0,Governor,
Plymouth,-,3,Blanks,11,Governor,
Plymouth,-,3,Total Votes Cast,1451,Governor,
Plymouth,-,4,Maura Healey,820,Governor,
Plymouth,-,4,Geoff Diehl,603,Governor,
Plymouth,-,4,Kevin Reed,21,Governor,
Plymouth,-,4,All Others,0,Governor,
Plymouth,-,4,Blanks,14,Governor,
Plymouth,-,4,Total Votes Cast,1458,Governor,
Plymouth,-,5,Maura Healey,830,Governor,
Plymouth,-,5,Geoff Diehl,613,Governor,
Plymouth,-,5,Kevin Reed,29,Governor,
Plymouth,-,5,All Others,2,Governor,
Plymouth,-,5,Blanks,6,Governor,
Plymouth,-,5,Total Votes Cast,1480,Governor,
Plymouth,-,6,Maura Healey,1027,Governor,
Plymouth,-,6,Geoff Diehl,723,Governor,
Plymouth,-,6,Kevin Reed,32,Governor,
Plymouth,-,6,All Others,1,Governor,
Plymouth,-,6,Blanks,13,Governor,
Plymouth,-,6,Total Votes Cast,1796,Governor,
Plymouth,-,7,Maura Healey,886,Governor,
Plymouth,-,7,Geoff Diehl,646,Governor,
Plymouth,-,7,Kevin Reed,19,Governor,
Plymouth,-,7,All Others,1,Governor,
Plymouth,-,7,Blanks,5,Governor,
Plymouth,-,7,Total Votes Cast,1557,Governor,
Plymouth,-,8,Maura Healey,953,Governor,
Plymouth,-,8,Geoff Diehl,836,Governor,
Plymouth,-,8,Kevin Reed,25,Governor,
Plymouth,-,8,All Others,3,Governor,
Plymouth,-,8,Blanks,16,Governor,
Plymouth,-,8,Total Votes Cast,1833,Governor,
Plymouth,-,9,Maura Healey,682,Governor,
Plymouth,-,9,Geoff Diehl,674,Governor,
Plymouth,-,9,Kevin Reed,30,Governor,
Plymouth,-,9,All Others,3,Governor,
Plymouth,-,9,Blanks,9,Governor,
Plymouth,-,9,Total Votes Cast,1398,Governor,
Plympton,,,Maura Healey,685,Governor,
Plympton,,,Geoff Diehl,771,Governor,
Plympton,,,Kevin Reed,31,Governor,
Plympton,,,All Others,0,Governor,
Plympton,,,Blanks,6,Governor,
Plympton,,,Total Votes Cast,1493,Governor,
Princeton,,,Maura Healey,1156,Governor,
Princeton,,,Geoff Diehl,747,Governor,
Princeton,,,Kevin Reed,34,Governor,
Princeton,,,All Others,4,Governor,
Princeton,,,Blanks,19,Governor,
Princeton,,,Total Votes Cast,1960,Governor,
Provincetown,,,Maura Healey,2016,Governor,
Provincetown,,,Geoff Diehl,191,Governor,
Provincetown,,,Kevin Reed,23,Governor,
Provincetown,,,All Others,0,Governor,
Provincetown,,,Blanks,7,Governor,
Provincetown,,,Total Votes Cast,2237,Governor,
Quincy,1,1,Maura Healey,575,Governor,
Quincy,1,1,Geoff Diehl,274,Governor,
Quincy,1,1,Kevin Reed,14,Governor,
Quincy,1,1,All Others,1,Governor,
Quincy,1,1,Blanks,10,Governor,
Quincy,1,1,Total Votes Cast,874,Governor,
Quincy,1,2,Maura Healey,494,Governor,
Quincy,1,2,Geoff Diehl,258,Governor,
Quincy,1,2,Kevin Reed,7,Governor,
Quincy,1,2,All Others,2,Governor,
Quincy,1,2,Blanks,15,Governor,
Quincy,1,2,Total Votes Cast,776,Governor,
Quincy,1,3,Maura Healey,716,Governor,
Quincy,1,3,Geoff Diehl,227,Governor,
Quincy,1,3,Kevin Reed,18,Governor,
Quincy,1,3,All Others,0,Governor,
Quincy,1,3,Blanks,9,Governor,
Quincy,1,3,Total Votes Cast,970,Governor,
Quincy,1,4,Maura Healey,918,Governor,
Quincy,1,4,Geoff Diehl,650,Governor,
Quincy,1,4,Kevin Reed,17,Governor,
Quincy,1,4,All Others,4,Governor,
Quincy,1,4,Blanks,17,Governor,
Quincy,1,4,Total Votes Cast,1606,Governor,
Quincy,1,5,Maura Healey,870,Governor,
Quincy,1,5,Geoff Diehl,657,Governor,
Quincy,1,5,Kevin Reed,27,Governor,
Quincy,1,5,All Others,1,Governor,
Quincy,1,5,Blanks,21,Governor,
Quincy,1,5,Total Votes Cast,1576,Governor,
Quincy,2,1,Maura Healey,469,Governor,
Quincy,2,1,Geoff Diehl,240,Governor,
Quincy,2,1,Kevin Reed,10,Governor,
Quincy,2,1,All Others,3,Governor,
Quincy,2,1,Blanks,12,Governor,
Quincy,2,1,Total Votes Cast,734,Governor,
Quincy,2,2,Maura Healey,543,Governor,
Quincy,2,2,Geoff Diehl,230,Governor,
Quincy,2,2,Kevin Reed,14,Governor,
Quincy,2,2,All Others,0,Governor,
Quincy,2,2,Blanks,7,Governor,
Quincy,2,2,Total Votes Cast,794,Governor,
Quincy,2,3,Maura Healey,385,Governor,
Quincy,2,3,Geoff Diehl,191,Governor,
Quincy,2,3,Kevin Reed,10,Governor,
Quincy,2,3,All Others,0,Governor,
Quincy,2,3,Blanks,10,Governor,
Quincy,2,3,Total Votes Cast,596,Governor,
Quincy,2,4,Maura Healey,483,Governor,
Quincy,2,4,Geoff Diehl,254,Governor,
Quincy,2,4,Kevin Reed,4,Governor,
Quincy,2,4,All Others,1,Governor,
Quincy,2,4,Blanks,5,Governor,
Quincy,2,4,Total Votes Cast,747,Governor,
Quincy,2,5,Maura Healey,659,Governor,
Quincy,2,5,Geoff Diehl,340,Governor,
Quincy,2,5,Kevin Reed,16,Governor,
Quincy,2,5,All Others,1,Governor,
Quincy,2,5,Blanks,17,Governor,
Quincy,2,5,Total Votes Cast,1033,Governor,
Quincy,3,1,Maura Healey,859,Governor,
Quincy,3,1,Geoff Diehl,349,Governor,
Quincy,3,1,Kevin Reed,19,Governor,
Quincy,3,1,All Others,1,Governor,
Quincy,3,1,Blanks,19,Governor,
Quincy,3,1,Total Votes Cast,1247,Governor,
Quincy,3,2,Maura Healey,724,Governor,
Quincy,3,2,Geoff Diehl,307,Governor,
Quincy,3,2,Kevin Reed,14,Governor,
Quincy,3,2,All Others,0,Governor,
Quincy,3,2,Blanks,14,Governor,
Quincy,3,2,Total Votes Cast,1059,Governor,
Quincy,3,3,Maura Healey,554,Governor,
Quincy,3,3,Geoff Diehl,297,Governor,
Quincy,3,3,Kevin Reed,10,Governor,
Quincy,3,3,All Others,2,Governor,
Quincy,3,3,Blanks,16,Governor,
Quincy,3,3,Total Votes Cast,879,Governor,
Quincy,3,4,Maura Healey,805,Governor,
Quincy,3,4,Geoff Diehl,471,Governor,
Quincy,3,4,Kevin Reed,18,Governor,
Quincy,3,4,All Others,1,Governor,
Quincy,3,4,Blanks,15,Governor,
Quincy,3,4,Total Votes Cast,1310,Governor,
Quincy,3,5,Maura Healey,498,Governor,
Quincy,3,5,Geoff Diehl,216,Governor,
Quincy,3,5,Kevin Reed,18,Governor,
Quincy,3,5,All Others,0,Governor,
Quincy,3,5,Blanks,11,Governor,
Quincy,3,5,Total Votes Cast,743,Governor,
Quincy,4,1,Maura Healey,591,Governor,
Quincy,4,1,Geoff Diehl,261,Governor,
Quincy,4,1,Kevin Reed,10,Governor,
Quincy,4,1,All Others,0,Governor,
Quincy,4,1,Blanks,11,Governor,
Quincy,4,1,Total Votes Cast,873,Governor,
Quincy,4,2,Maura Healey,722,Governor,
Quincy,4,2,Geoff Diehl,436,Governor,
Quincy,4,2,Kevin Reed,16,Governor,
Quincy,4,2,All Others,4,Governor,
Quincy,4,2,Blanks,18,Governor,
Quincy,4,2,Total Votes Cast,1196,Governor,
Quincy,4,3,Maura Healey,754,Governor,
Quincy,4,3,Geoff Diehl,517,Governor,
Quincy,4,3,Kevin Reed,18,Governor,
Quincy,4,3,All Others,1,Governor,
Quincy,4,3,Blanks,15,Governor,
Quincy,4,3,Total Votes Cast,1305,Governor,
Quincy,4,4,Maura Healey,528,Governor,
Quincy,4,4,Geoff Diehl,186,Governor,
Quincy,4,4,Kevin Reed,12,Governor,
Quincy,4,4,All Others,1,Governor,
Quincy,4,4,Blanks,6,Governor,
Quincy,4,4,Total Votes Cast,733,Governor,
Quincy,4,5,Maura Healey,520,Governor,
Quincy,4,5,Geoff Diehl,246,Governor,
Quincy,4,5,Kevin Reed,17,Governor,
Quincy,4,5,All Others,0,Governor,
Quincy,4,5,Blanks,7,Governor,
Quincy,4,5,Total Votes Cast,790,Governor,
Quincy,5,1,Maura Healey,329,Governor,
Quincy,5,1,Geoff Diehl,112,Governor,
Quincy,5,1,Kevin Reed,13,Governor,
Quincy,5,1,All Others,0,Governor,
Quincy,5,1,Blanks,6,Governor,
Quincy,5,1,Total Votes Cast,460,Governor,
Quincy,5,1A,Maura Healey,206,Governor,
Quincy,5,1A,Geoff Diehl,100,Governor,
Quincy,5,1A,Kevin Reed,6,Governor,
Quincy,5,1A,All Others,0,Governor,
Quincy,5,1A,Blanks,8,Governor,
Quincy,5,1A,Total Votes Cast,320,Governor,
Quincy,5,2,Maura Healey,668,Governor,
Quincy,5,2,Geoff Diehl,227,Governor,
Quincy,5,2,Kevin Reed,11,Governor,
Quincy,5,2,All Others,2,Governor,
Quincy,5,2,Blanks,17,Governor,
Quincy,5,2,Total Votes Cast,925,Governor,
Quincy,5,3,Maura Healey,812,Governor,
Quincy,5,3,Geoff Diehl,313,Governor,
Quincy,5,3,Kevin Reed,17,Governor,
Quincy,5,3,All Others,3,Governor,
Quincy,5,3,Blanks,10,Governor,
Quincy,5,3,Total Votes Cast,1155,Governor,
Quincy,5,4,Maura Healey,585,Governor,
Quincy,5,4,Geoff Diehl,270,Governor,
Quincy,5,4,Kevin Reed,14,Governor,
Quincy,5,4,All Others,2,Governor,
Quincy,5,4,Blanks,11,Governor,
Quincy,5,4,Total Votes Cast,882,Governor,
Quincy,5,5,Maura Healey,791,Governor,
Quincy,5,5,Geoff Diehl,403,Governor,
Quincy,5,5,Kevin Reed,24,Governor,
Quincy,5,5,All Others,2,Governor,
Quincy,5,5,Blanks,13,Governor,
Quincy,5,5,Total Votes Cast,1233,Governor,
Quincy,6,1,Maura Healey,612,Governor,
Quincy,6,1,Geoff Diehl,300,Governor,
Quincy,6,1,Kevin Reed,28,Governor,
Quincy,6,1,All Others,2,Governor,
Quincy,6,1,Blanks,12,Governor,
Quincy,6,1,Total Votes Cast,954,Governor,
Quincy,6,2,Maura Healey,544,Governor,
Quincy,6,2,Geoff Diehl,206,Governor,
Quincy,6,2,Kevin Reed,5,Governor,
Quincy,6,2,All Others,1,Governor,
Quincy,6,2,Blanks,7,Governor,
Quincy,6,2,Total Votes Cast,763,Governor,
Quincy,6,3,Maura Healey,728,Governor,
Quincy,6,3,Geoff Diehl,429,Governor,
Quincy,6,3,Kevin Reed,17,Governor,
Quincy,6,3,All Others,1,Governor,
Quincy,6,3,Blanks,11,Governor,
Quincy,6,3,Total Votes Cast,1186,Governor,
Quincy,6,4,Maura Healey,578,Governor,
Quincy,6,4,Geoff Diehl,251,Governor,
Quincy,6,4,Kevin Reed,18,Governor,
Quincy,6,4,All Others,2,Governor,
Quincy,6,4,Blanks,4,Governor,
Quincy,6,4,Total Votes Cast,853,Governor,
Quincy,6,5,Maura Healey,1006,Governor,
Quincy,6,5,Geoff Diehl,713,Governor,
Quincy,6,5,Kevin Reed,22,Governor,
Quincy,6,5,All Others,1,Governor,
Quincy,6,5,Blanks,19,Governor,
Quincy,6,5,Total Votes Cast,1761,Governor,
Randolph,-,1,Maura Healey,777,Governor,
Randolph,-,1,Geoff Diehl,234,Governor,
Randolph,-,1,Kevin Reed,11,Governor,
Randolph,-,1,All Others,0,Governor,
Randolph,-,1,Blanks,11,Governor,
Randolph,-,1,Total Votes Cast,1033,Governor,
Randolph,-,10,Maura Healey,641,Governor,
Randolph,-,10,Geoff Diehl,202,Governor,
Randolph,-,10,Kevin Reed,18,Governor,
Randolph,-,10,All Others,1,Governor,
Randolph,-,10,Blanks,8,Governor,
Randolph,-,10,Total Votes Cast,870,Governor,
Randolph,-,11,Maura Healey,572,Governor,
Randolph,-,11,Geoff Diehl,251,Governor,
Randolph,-,11,Kevin Reed,11,Governor,
Randolph,-,11,All Others,4,Governor,
Randolph,-,11,Blanks,10,Governor,
Randolph,-,11,Total Votes Cast,848,Governor,
Randolph,-,12,Maura Healey,553,Governor,
Randolph,-,12,Geoff Diehl,197,Governor,
Randolph,-,12,Kevin Reed,12,Governor,
Randolph,-,12,All Others,1,Governor,
Randolph,-,12,Blanks,6,Governor,
Randolph,-,12,Total Votes Cast,769,Governor,
Randolph,-,2,Maura Healey,609,Governor,
Randolph,-,2,Geoff Diehl,169,Governor,
Randolph,-,2,Kevin Reed,13,Governor,
Randolph,-,2,All Others,0,Governor,
Randolph,-,2,Blanks,7,Governor,
Randolph,-,2,Total Votes Cast,798,Governor,
Randolph,-,3,Maura Healey,532,Governor,
Randolph,-,3,Geoff Diehl,122,Governor,
Randolph,-,3,Kevin Reed,5,Governor,
Randolph,-,3,All Others,3,Governor,
Randolph,-,3,Blanks,9,Governor,
Randolph,-,3,Total Votes Cast,671,Governor,
Randolph,-,4,Maura Healey,646,Governor,
Randolph,-,4,Geoff Diehl,218,Governor,
Randolph,-,4,Kevin Reed,12,Governor,
Randolph,-,4,All Others,0,Governor,
Randolph,-,4,Blanks,9,Governor,
Randolph,-,4,Total Votes Cast,885,Governor,
Randolph,-,5,Maura Healey,689,Governor,
Randolph,-,5,Geoff Diehl,199,Governor,
Randolph,-,5,Kevin Reed,11,Governor,
Randolph,-,5,All Others,3,Governor,
Randolph,-,5,Blanks,8,Governor,
Randolph,-,5,Total Votes Cast,910,Governor,
Randolph,-,6,Maura Healey,382,Governor,
Randolph,-,6,Geoff Diehl,83,Governor,
Randolph,-,6,Kevin Reed,3,Governor,
Randolph,-,6,All Others,0,Governor,
Randolph,-,6,Blanks,2,Governor,
Randolph,-,6,Total Votes Cast,470,Governor,
Randolph,-,7,Maura Healey,561,Governor,
Randolph,-,7,Geoff Diehl,196,Governor,
Randolph,-,7,Kevin Reed,11,Governor,
Randolph,-,7,All Others,0,Governor,
Randolph,-,7,Blanks,9,Governor,
Randolph,-,7,Total Votes Cast,777,Governor,
Randolph,-,8,Maura Healey,554,Governor,
Randolph,-,8,Geoff Diehl,193,Governor,
Randolph,-,8,Kevin Reed,13,Governor,
Randolph,-,8,All Others,1,Governor,
Randolph,-,8,Blanks,9,Governor,
Randolph,-,8,Total Votes Cast,770,Governor,
Randolph,-,9,Maura Healey,664,Governor,
Randolph,-,9,Geoff Diehl,168,Governor,
Randolph,-,9,Kevin Reed,7,Governor,
Randolph,-,9,All Others,0,Governor,
Randolph,-,9,Blanks,6,Governor,
Randolph,-,9,Total Votes Cast,845,Governor,
Raynham,-,1,Maura Healey,732,Governor,
Raynham,-,1,Geoff Diehl,745,Governor,
Raynham,-,1,Kevin Reed,16,Governor,
Raynham,-,1,All Others,1,Governor,
Raynham,-,1,Blanks,17,Governor,
Raynham,-,1,Total Votes Cast,1511,Governor,
Raynham,-,2,Maura Healey,431,Governor,
Raynham,-,2,Geoff Diehl,482,Governor,
Raynham,-,2,Kevin Reed,13,Governor,
Raynham,-,2,All Others,0,Governor,
Raynham,-,2,Blanks,3,Governor,
Raynham,-,2,Total Votes Cast,929,Governor,
Raynham,-,2A,Maura Healey,258,Governor,
Raynham,-,2A,Geoff Diehl,335,Governor,
Raynham,-,2A,Kevin Reed,9,Governor,
Raynham,-,2A,All Others,0,Governor,
Raynham,-,2A,Blanks,6,Governor,
Raynham,-,2A,Total Votes Cast,608,Governor,
Raynham,-,3,Maura Healey,829,Governor,
Raynham,-,3,Geoff Diehl,819,Governor,
Raynham,-,3,Kevin Reed,15,Governor,
Raynham,-,3,All Others,0,Governor,
Raynham,-,3,Blanks,19,Governor,
Raynham,-,3,Total Votes Cast,1682,Governor,
Raynham,-,4,Maura Healey,653,Governor,
Raynham,-,4,Geoff Diehl,726,Governor,
Raynham,-,4,Kevin Reed,29,Governor,
Raynham,-,4,All Others,0,Governor,
Raynham,-,4,Blanks,12,Governor,
Raynham,-,4,Total Votes Cast,1420,Governor,
Raynham,-,4A,Maura Healey,16,Governor,
Raynham,-,4A,Geoff Diehl,30,Governor,
Raynham,-,4A,Kevin Reed,1,Governor,
Raynham,-,4A,All Others,0,Governor,
Raynham,-,4A,Blanks,0,Governor,
Raynham,-,4A,Total Votes Cast,47,Governor,
Reading,-,1,Maura Healey,1069,Governor,
Reading,-,1,Geoff Diehl,644,Governor,
Reading,-,1,Kevin Reed,23,Governor,
Reading,-,1,All Others,0,Governor,
Reading,-,1,Blanks,19,Governor,
Reading,-,1,Total Votes Cast,1755,Governor,
Reading,-,2,Maura Healey,911,Governor,
Reading,-,2,Geoff Diehl,515,Governor,
Reading,-,2,Kevin Reed,17,Governor,
Reading,-,2,All Others,0,Governor,
Reading,-,2,Blanks,12,Governor,
Reading,-,2,Total Votes Cast,1455,Governor,
Reading,-,3,Maura Healey,1023,Governor,
Reading,-,3,Geoff Diehl,598,Governor,
Reading,-,3,Kevin Reed,20,Governor,
Reading,-,3,All Others,0,Governor,
Reading,-,3,Blanks,19,Governor,
Reading,-,3,Total Votes Cast,1660,Governor,
Reading,-,4,Maura Healey,1020,Governor,
Reading,-,4,Geoff Diehl,506,Governor,
Reading,-,4,Kevin Reed,25,Governor,
Reading,-,4,All Others,0,Governor,
Reading,-,4,Blanks,21,Governor,
Reading,-,4,Total Votes Cast,1572,Governor,
Reading,-,5,Maura Healey,1028,Governor,
Reading,-,5,Geoff Diehl,465,Governor,
Reading,-,5,Kevin Reed,21,Governor,
Reading,-,5,All Others,0,Governor,
Reading,-,5,Blanks,18,Governor,
Reading,-,5,Total Votes Cast,1532,Governor,
Reading,-,6,Maura Healey,1055,Governor,
Reading,-,6,Geoff Diehl,553,Governor,
Reading,-,6,Kevin Reed,14,Governor,
Reading,-,6,All Others,0,Governor,
Reading,-,6,Blanks,14,Governor,
Reading,-,6,Total Votes Cast,1636,Governor,
Reading,-,7,Maura Healey,1080,Governor,
Reading,-,7,Geoff Diehl,534,Governor,
Reading,-,7,Kevin Reed,16,Governor,
Reading,-,7,All Others,0,Governor,
Reading,-,7,Blanks,14,Governor,
Reading,-,7,Total Votes Cast,1644,Governor,
Reading,-,8,Maura Healey,905,Governor,
Reading,-,8,Geoff Diehl,564,Governor,
Reading,-,8,Kevin Reed,20,Governor,
Reading,-,8,All Others,0,Governor,
Reading,-,8,Blanks,18,Governor,
Reading,-,8,Total Votes Cast,1507,Governor,
Rehoboth,-,1,Maura Healey,596,Governor,
Rehoboth,-,1,Geoff Diehl,738,Governor,
Rehoboth,-,1,Kevin Reed,30,Governor,
Rehoboth,-,1,All Others,0,Governor,
Rehoboth,-,1,Blanks,12,Governor,
Rehoboth,-,1,Total Votes Cast,1376,Governor,
Rehoboth,-,2,Maura Healey,609,Governor,
Rehoboth,-,2,Geoff Diehl,672,Governor,
Rehoboth,-,2,Kevin Reed,25,Governor,
Rehoboth,-,2,All Others,0,Governor,
Rehoboth,-,2,Blanks,11,Governor,
Rehoboth,-,2,Total Votes Cast,1317,Governor,
Rehoboth,-,3,Maura Healey,606,Governor,
Rehoboth,-,3,Geoff Diehl,756,Governor,
Rehoboth,-,3,Kevin Reed,30,Governor,
Rehoboth,-,3,All Others,0,Governor,
Rehoboth,-,3,Blanks,5,Governor,
Rehoboth,-,3,Total Votes Cast,1397,Governor,
Rehoboth,-,4,Maura Healey,587,Governor,
Rehoboth,-,4,Geoff Diehl,725,Governor,
Rehoboth,-,4,Kevin Reed,18,Governor,
Rehoboth,-,4,All Others,0,Governor,
Rehoboth,-,4,Blanks,9,Governor,
Rehoboth,-,4,Total Votes Cast,1339,Governor,
Revere,1,1,Maura Healey,505,Governor,
Revere,1,1,Geoff Diehl,233,Governor,
Revere,1,1,Kevin Reed,14,Governor,
Revere,1,1,All Others,1,Governor,
Revere,1,1,Blanks,8,Governor,
Revere,1,1,Total Votes Cast,761,Governor,
Revere,1,2,Maura Healey,462,Governor,
Revere,1,2,Geoff Diehl,235,Governor,
Revere,1,2,Kevin Reed,6,Governor,
Revere,1,2,All Others,0,Governor,
Revere,1,2,Blanks,13,Governor,
Revere,1,2,Total Votes Cast,716,Governor,
Revere,1,3,Maura Healey,347,Governor,
Revere,1,3,Geoff Diehl,175,Governor,
Revere,1,3,Kevin Reed,14,Governor,
Revere,1,3,All Others,0,Governor,
Revere,1,3,Blanks,12,Governor,
Revere,1,3,Total Votes Cast,548,Governor,
Revere,2,1,Maura Healey,301,Governor,
Revere,2,1,Geoff Diehl,133,Governor,
Revere,2,1,Kevin Reed,10,Governor,
Revere,2,1,All Others,0,Governor,
Revere,2,1,Blanks,7,Governor,
Revere,2,1,Total Votes Cast,451,Governor,
Revere,2,2,Maura Healey,391,Governor,
Revere,2,2,Geoff Diehl,131,Governor,
Revere,2,2,Kevin Reed,14,Governor,
Revere,2,2,All Others,2,Governor,
Revere,2,2,Blanks,5,Governor,
Revere,2,2,Total Votes Cast,543,Governor,
Revere,2,3,Maura Healey,102,Governor,
Revere,2,3,Geoff Diehl,35,Governor,
Revere,2,3,Kevin Reed,8,Governor,
Revere,2,3,All Others,0,Governor,
Revere,2,3,Blanks,2,Governor,
Revere,2,3,Total Votes Cast,147,Governor,
Revere,2,3A,Maura Healey,26,Governor,
Revere,2,3A,Geoff Diehl,8,Governor,
Revere,2,3A,Kevin Reed,0,Governor,
Revere,2,3A,All Others,0,Governor,
Revere,2,3A,Blanks,0,Governor,
Revere,2,3A,Total Votes Cast,34,Governor,
Revere,3,1,Maura Healey,290,Governor,
Revere,3,1,Geoff Diehl,226,Governor,
Revere,3,1,Kevin Reed,5,Governor,
Revere,3,1,All Others,0,Governor,
Revere,3,1,Blanks,6,Governor,
Revere,3,1,Total Votes Cast,527,Governor,
Revere,3,2,Maura Healey,297,Governor,
Revere,3,2,Geoff Diehl,220,Governor,
Revere,3,2,Kevin Reed,10,Governor,
Revere,3,2,All Others,0,Governor,
Revere,3,2,Blanks,7,Governor,
Revere,3,2,Total Votes Cast,534,Governor,
Revere,3,3,Maura Healey,334,Governor,
Revere,3,3,Geoff Diehl,209,Governor,
Revere,3,3,Kevin Reed,12,Governor,
Revere,3,3,All Others,0,Governor,
Revere,3,3,Blanks,14,Governor,
Revere,3,3,Total Votes Cast,569,Governor,
Revere,4,1,Maura Healey,381,Governor,
Revere,4,1,Geoff Diehl,303,Governor,
Revere,4,1,Kevin Reed,13,Governor,
Revere,4,1,All Others,1,Governor,
Revere,4,1,Blanks,10,Governor,
Revere,4,1,Total Votes Cast,708,Governor,
Revere,4,2,Maura Healey,288,Governor,
Revere,4,2,Geoff Diehl,223,Governor,
Revere,4,2,Kevin Reed,12,Governor,
Revere,4,2,All Others,0,Governor,
Revere,4,2,Blanks,11,Governor,
Revere,4,2,Total Votes Cast,534,Governor,
Revere,4,3,Maura Healey,417,Governor,
Revere,4,3,Geoff Diehl,270,Governor,
Revere,4,3,Kevin Reed,4,Governor,
Revere,4,3,All Others,0,Governor,
Revere,4,3,Blanks,11,Governor,
Revere,4,3,Total Votes Cast,702,Governor,
Revere,5,1,Maura Healey,655,Governor,
Revere,5,1,Geoff Diehl,408,Governor,
Revere,5,1,Kevin Reed,15,Governor,
Revere,5,1,All Others,0,Governor,
Revere,5,1,Blanks,17,Governor,
Revere,5,1,Total Votes Cast,1095,Governor,
Revere,5,2,Maura Healey,436,Governor,
Revere,5,2,Geoff Diehl,223,Governor,
Revere,5,2,Kevin Reed,15,Governor,
Revere,5,2,All Others,1,Governor,
Revere,5,2,Blanks,12,Governor,
Revere,5,2,Total Votes Cast,687,Governor,
Revere,5,3,Maura Healey,301,Governor,
Revere,5,3,Geoff Diehl,180,Governor,
Revere,5,3,Kevin Reed,13,Governor,
Revere,5,3,All Others,0,Governor,
Revere,5,3,Blanks,6,Governor,
Revere,5,3,Total Votes Cast,500,Governor,
Revere,6,1,Maura Healey,406,Governor,
Revere,6,1,Geoff Diehl,437,Governor,
Revere,6,1,Kevin Reed,9,Governor,
Revere,6,1,All Others,2,Governor,
Revere,6,1,Blanks,13,Governor,
Revere,6,1,Total Votes Cast,867,Governor,
Revere,6,2,Maura Healey,393,Governor,
Revere,6,2,Geoff Diehl,400,Governor,
Revere,6,2,Kevin Reed,7,Governor,
Revere,6,2,All Others,5,Governor,
Revere,6,2,Blanks,13,Governor,
Revere,6,2,Total Votes Cast,818,Governor,
Revere,6,3,Maura Healey,358,Governor,
Revere,6,3,Geoff Diehl,209,Governor,
Revere,6,3,Kevin Reed,6,Governor,
Revere,6,3,All Others,0,Governor,
Revere,6,3,Blanks,8,Governor,
Revere,6,3,Total Votes Cast,581,Governor,
Richmond,,,Maura Healey,630,Governor,
Richmond,,,Geoff Diehl,175,Governor,
Richmond,,,Kevin Reed,9,Governor,
Richmond,,,All Others,1,Governor,
Richmond,,,Blanks,9,Governor,
Richmond,,,Total Votes Cast,824,Governor,
Rochester,,,Maura Healey,1194,Governor,
Rochester,,,Geoff Diehl,1644,Governor,
Rochester,,,Kevin Reed,36,Governor,
Rochester,,,All Others,0,Governor,
Rochester,,,Blanks,15,Governor,
Rochester,,,Total Votes Cast,2889,Governor,
Rockland,-,1,Maura Healey,687,Governor,
Rockland,-,1,Geoff Diehl,575,Governor,
Rockland,-,1,Kevin Reed,21,Governor,
Rockland,-,1,All Others,0,Governor,
Rockland,-,1,Blanks,5,Governor,
Rockland,-,1,Total Votes Cast,1288,Governor,
Rockland,-,2,Maura Healey,668,Governor,
Rockland,-,2,Geoff Diehl,621,Governor,
Rockland,-,2,Kevin Reed,11,Governor,
Rockland,-,2,All Others,0,Governor,
Rockland,-,2,Blanks,11,Governor,
Rockland,-,2,Total Votes Cast,1311,Governor,
Rockland,-,3,Maura Healey,509,Governor,
Rockland,-,3,Geoff Diehl,403,Governor,
Rockland,-,3,Kevin Reed,14,Governor,
Rockland,-,3,All Others,1,Governor,
Rockland,-,3,Blanks,7,Governor,
Rockland,-,3,Total Votes Cast,934,Governor,
Rockland,-,4,Maura Healey,514,Governor,
Rockland,-,4,Geoff Diehl,488,Governor,
Rockland,-,4,Kevin Reed,15,Governor,
Rockland,-,4,All Others,2,Governor,
Rockland,-,4,Blanks,7,Governor,
Rockland,-,4,Total Votes Cast,1026,Governor,
Rockland,-,5,Maura Healey,541,Governor,
Rockland,-,5,Geoff Diehl,572,Governor,
Rockland,-,5,Kevin Reed,19,Governor,
Rockland,-,5,All Others,2,Governor,
Rockland,-,5,Blanks,10,Governor,
Rockland,-,5,Total Votes Cast,1144,Governor,
Rockland,-,6,Maura Healey,641,Governor,
Rockland,-,6,Geoff Diehl,594,Governor,
Rockland,-,6,Kevin Reed,12,Governor,
Rockland,-,6,All Others,3,Governor,
Rockland,-,6,Blanks,7,Governor,
Rockland,-,6,Total Votes Cast,1257,Governor,
Rockport,-,1,Maura Healey,780,Governor,
Rockport,-,1,Geoff Diehl,275,Governor,
Rockport,-,1,Kevin Reed,16,Governor,
Rockport,-,1,All Others,3,Governor,
Rockport,-,1,Blanks,7,Governor,
Rockport,-,1,Total Votes Cast,1081,Governor,
Rockport,-,2,Maura Healey,1056,Governor,
Rockport,-,2,Geoff Diehl,343,Governor,
Rockport,-,2,Kevin Reed,13,Governor,
Rockport,-,2,All Others,0,Governor,
Rockport,-,2,Blanks,12,Governor,
Rockport,-,2,Total Votes Cast,1424,Governor,
Rockport,-,3,Maura Healey,1271,Governor,
Rockport,-,3,Geoff Diehl,472,Governor,
Rockport,-,3,Kevin Reed,27,Governor,
Rockport,-,3,All Others,2,Governor,
Rockport,-,3,Blanks,18,Governor,
Rockport,-,3,Total Votes Cast,1790,Governor,
Rowe,,,Maura Healey,123,Governor,
Rowe,,,Geoff Diehl,87,Governor,
Rowe,,,Kevin Reed,0,Governor,
Rowe,,,All Others,1,Governor,
Rowe,,,Blanks,2,Governor,
Rowe,,,Total Votes Cast,213,Governor,
Rowley,,,Maura Healey,1592,Governor,
Rowley,,,Geoff Diehl,1547,Governor,
Rowley,,,Kevin Reed,40,Governor,
Rowley,,,All Others,3,Governor,
Rowley,,,Blanks,21,Governor,
Rowley,,,Total Votes Cast,3203,Governor,
Royalston,,,Maura Healey,329,Governor,
Royalston,,,Geoff Diehl,286,Governor,
Royalston,,,Kevin Reed,11,Governor,
Royalston,,,All Others,0,Governor,
Royalston,,,Blanks,7,Governor,
Royalston,,,Total Votes Cast,633,Governor,
Russell,,,Maura Healey,251,Governor,
Russell,,,Geoff Diehl,368,Governor,
Russell,,,Kevin Reed,14,Governor,
Russell,,,All Others,2,Governor,
Russell,,,Blanks,4,Governor,
Russell,,,Total Votes Cast,639,Governor,
Rutland,-,1,Maura Healey,632,Governor,
Rutland,-,1,Geoff Diehl,766,Governor,
Rutland,-,1,Kevin Reed,31,Governor,
Rutland,-,1,All Others,0,Governor,
Rutland,-,1,Blanks,13,Governor,
Rutland,-,1,Total Votes Cast,1442,Governor,
Rutland,-,2,Maura Healey,566,Governor,
Rutland,-,2,Geoff Diehl,644,Governor,
Rutland,-,2,Kevin Reed,32,Governor,
Rutland,-,2,All Others,0,Governor,
Rutland,-,2,Blanks,11,Governor,
Rutland,-,2,Total Votes Cast,1253,Governor,
Rutland,-,3,Maura Healey,759,Governor,
Rutland,-,3,Geoff Diehl,685,Governor,
Rutland,-,3,Kevin Reed,31,Governor,
Rutland,-,3,All Others,0,Governor,
Rutland,-,3,Blanks,19,Governor,
Rutland,-,3,Total Votes Cast,1494,Governor,
S. Hadley,-,A,Maura Healey,893,Governor,
S. Hadley,-,A,Geoff Diehl,440,Governor,
S. Hadley,-,A,Kevin Reed,18,Governor,
S. Hadley,-,A,All Others,2,Governor,
S. Hadley,-,A,Blanks,9,Governor,
S. Hadley,-,A,Total Votes Cast,1362,Governor,
S. Hadley,-,B,Maura Healey,1120,Governor,
S. Hadley,-,B,Geoff Diehl,524,Governor,
S. Hadley,-,B,Kevin Reed,26,Governor,
S. Hadley,-,B,All Others,0,Governor,
S. Hadley,-,B,Blanks,7,Governor,
S. Hadley,-,B,Total Votes Cast,1677,Governor,
S. Hadley,-,C,Maura Healey,1016,Governor,
S. Hadley,-,C,Geoff Diehl,635,Governor,
S. Hadley,-,C,Kevin Reed,31,Governor,
S. Hadley,-,C,All Others,0,Governor,
S. Hadley,-,C,Blanks,10,Governor,
S. Hadley,-,C,Total Votes Cast,1692,Governor,
S. Hadley,-,D,Maura Healey,687,Governor,
S. Hadley,-,D,Geoff Diehl,268,Governor,
S. Hadley,-,D,Kevin Reed,14,Governor,
S. Hadley,-,D,All Others,2,Governor,
S. Hadley,-,D,Blanks,7,Governor,
S. Hadley,-,D,Total Votes Cast,978,Governor,
S. Hadley,-,E,Maura Healey,1031,Governor,
S. Hadley,-,E,Geoff Diehl,632,Governor,
S. Hadley,-,E,Kevin Reed,30,Governor,
S. Hadley,-,E,All Others,1,Governor,
S. Hadley,-,E,Blanks,13,Governor,
S. Hadley,-,E,Total Votes Cast,1707,Governor,
Salem,1,1,Maura Healey,1223,Governor,
Salem,1,1,Geoff Diehl,318,Governor,
Salem,1,1,Kevin Reed,26,Governor,
Salem,1,1,All Others,0,Governor,
Salem,1,1,Blanks,20,Governor,
Salem,1,1,Total Votes Cast,1587,Governor,
Salem,1,2,Maura Healey,369,Governor,
Salem,1,2,Geoff Diehl,92,Governor,
Salem,1,2,Kevin Reed,10,Governor,
Salem,1,2,All Others,0,Governor,
Salem,1,2,Blanks,4,Governor,
Salem,1,2,Total Votes Cast,475,Governor,
Salem,2,1,Maura Healey,1179,Governor,
Salem,2,1,Geoff Diehl,217,Governor,
Salem,2,1,Kevin Reed,28,Governor,
Salem,2,1,All Others,0,Governor,
Salem,2,1,Blanks,8,Governor,
Salem,2,1,Total Votes Cast,1432,Governor,
Salem,2,2,Maura Healey,1259,Governor,
Salem,2,2,Geoff Diehl,220,Governor,
Salem,2,2,Kevin Reed,28,Governor,
Salem,2,2,All Others,0,Governor,
Salem,2,2,Blanks,20,Governor,
Salem,2,2,Total Votes Cast,1527,Governor,
Salem,3,1,Maura Healey,781,Governor,
Salem,3,1,Geoff Diehl,234,Governor,
Salem,3,1,Kevin Reed,19,Governor,
Salem,3,1,All Others,0,Governor,
Salem,3,1,Blanks,11,Governor,
Salem,3,1,Total Votes Cast,1045,Governor,
Salem,3,2,Maura Healey,822,Governor,
Salem,3,2,Geoff Diehl,323,Governor,
Salem,3,2,Kevin Reed,14,Governor,
Salem,3,2,All Others,0,Governor,
Salem,3,2,Blanks,11,Governor,
Salem,3,2,Total Votes Cast,1170,Governor,
Salem,4,1,Maura Healey,736,Governor,
Salem,4,1,Geoff Diehl,340,Governor,
Salem,4,1,Kevin Reed,29,Governor,
Salem,4,1,All Others,0,Governor,
Salem,4,1,Blanks,12,Governor,
Salem,4,1,Total Votes Cast,1117,Governor,
Salem,4,2,Maura Healey,785,Governor,
Salem,4,2,Geoff Diehl,430,Governor,
Salem,4,2,Kevin Reed,19,Governor,
Salem,4,2,All Others,2,Governor,
Salem,4,2,Blanks,12,Governor,
Salem,4,2,Total Votes Cast,1248,Governor,
Salem,5,1,Maura Healey,995,Governor,
Salem,5,1,Geoff Diehl,240,Governor,
Salem,5,1,Kevin Reed,25,Governor,
Salem,5,1,All Others,0,Governor,
Salem,5,1,Blanks,11,Governor,
Salem,5,1,Total Votes Cast,1271,Governor,
Salem,5,2,Maura Healey,856,Governor,
Salem,5,2,Geoff Diehl,164,Governor,
Salem,5,2,Kevin Reed,11,Governor,
Salem,5,2,All Others,2,Governor,
Salem,5,2,Blanks,6,Governor,
Salem,5,2,Total Votes Cast,1039,Governor,
Salem,6,1,Maura Healey,919,Governor,
Salem,6,1,Geoff Diehl,261,Governor,
Salem,6,1,Kevin Reed,24,Governor,
Salem,6,1,All Others,0,Governor,
Salem,6,1,Blanks,19,Governor,
Salem,6,1,Total Votes Cast,1223,Governor,
Salem,6,2,Maura Healey,1044,Governor,
Salem,6,2,Geoff Diehl,280,Governor,
Salem,6,2,Kevin Reed,31,Governor,
Salem,6,2,All Others,1,Governor,
Salem,6,2,Blanks,11,Governor,
Salem,6,2,Total Votes Cast,1367,Governor,
Salem,7,1,Maura Healey,632,Governor,
Salem,7,1,Geoff Diehl,206,Governor,
Salem,7,1,Kevin Reed,25,Governor,
Salem,7,1,All Others,0,Governor,
Salem,7,1,Blanks,6,Governor,
Salem,7,1,Total Votes Cast,869,Governor,
Salem,7,2,Maura Healey,964,Governor,
Salem,7,2,Geoff Diehl,342,Governor,
Salem,7,2,Kevin Reed,13,Governor,
Salem,7,2,All Others,1,Governor,
Salem,7,2,Blanks,12,Governor,
Salem,7,2,Total Votes Cast,1332,Governor,
Salisbury,-,1,Maura Healey,756,Governor,
Salisbury,-,1,Geoff Diehl,586,Governor,
Salisbury,-,1,Kevin Reed,15,Governor,
Salisbury,-,1,All Others,1,Governor,
Salisbury,-,1,Blanks,16,Governor,
Salisbury,-,1,Total Votes Cast,1374,Governor,
Salisbury,-,2,Maura Healey,715,Governor,
Salisbury,-,2,Geoff Diehl,639,Governor,
Salisbury,-,2,Kevin Reed,13,Governor,
Salisbury,-,2,All Others,0,Governor,
Salisbury,-,2,Blanks,5,Governor,
Salisbury,-,2,Total Votes Cast,1372,Governor,
Salisbury,-,3,Maura Healey,606,Governor,
Salisbury,-,3,Geoff Diehl,679,Governor,
Salisbury,-,3,Kevin Reed,16,Governor,
Salisbury,-,3,All Others,0,Governor,
Salisbury,-,3,Blanks,9,Governor,
Salisbury,-,3,Total Votes Cast,1310,Governor,
Sandisfield,,,Maura Healey,208,Governor,
Sandisfield,,,Geoff Diehl,135,Governor,
Sandisfield,,,Kevin Reed,11,Governor,
Sandisfield,,,All Others,0,Governor,
Sandisfield,,,Blanks,4,Governor,
Sandisfield,,,Total Votes Cast,358,Governor,
Sandwich,-,1,Maura Healey,1186,Governor,
Sandwich,-,1,Geoff Diehl,823,Governor,
Sandwich,-,1,Kevin Reed,26,Governor,
Sandwich,-,1,All Others,1,Governor,
Sandwich,-,1,Blanks,23,Governor,
Sandwich,-,1,Total Votes Cast,2059,Governor,
Sandwich,-,2,Maura Healey,1080,Governor,
Sandwich,-,2,Geoff Diehl,812,Governor,
Sandwich,-,2,Kevin Reed,25,Governor,
Sandwich,-,2,All Others,1,Governor,
Sandwich,-,2,Blanks,15,Governor,
Sandwich,-,2,Total Votes Cast,1933,Governor,
Sandwich,-,3,Maura Healey,902,Governor,
Sandwich,-,3,Geoff Diehl,774,Governor,
Sandwich,-,3,Kevin Reed,12,Governor,
Sandwich,-,3,All Others,2,Governor,
Sandwich,-,3,Blanks,22,Governor,
Sandwich,-,3,Total Votes Cast,1712,Governor,
Sandwich,-,4,Maura Healey,926,Governor,
Sandwich,-,4,Geoff Diehl,842,Governor,
Sandwich,-,4,Kevin Reed,30,Governor,
Sandwich,-,4,All Others,1,Governor,
Sandwich,-,4,Blanks,11,Governor,
Sandwich,-,4,Total Votes Cast,1810,Governor,
Sandwich,-,5,Maura Healey,809,Governor,
Sandwich,-,5,Geoff Diehl,738,Governor,
Sandwich,-,5,Kevin Reed,26,Governor,
Sandwich,-,5,All Others,0,Governor,
Sandwich,-,5,Blanks,13,Governor,
Sandwich,-,5,Total Votes Cast,1586,Governor,
Sandwich,-,6,Maura Healey,727,Governor,
Sandwich,-,6,Geoff Diehl,806,Governor,
Sandwich,-,6,Kevin Reed,29,Governor,
Sandwich,-,6,All Others,1,Governor,
Sandwich,-,6,Blanks,15,Governor,
Sandwich,-,6,Total Votes Cast,1578,Governor,
Saugus,-,1,Maura Healey,526,Governor,
Saugus,-,1,Geoff Diehl,497,Governor,
Saugus,-,1,Kevin Reed,16,Governor,
Saugus,-,1,All Others,0,Governor,
Saugus,-,1,Blanks,6,Governor,
Saugus,-,1,Total Votes Cast,1045,Governor,
Saugus,-,10,Maura Healey,432,Governor,
Saugus,-,10,Geoff Diehl,433,Governor,
Saugus,-,10,Kevin Reed,12,Governor,
Saugus,-,10,All Others,0,Governor,
Saugus,-,10,Blanks,9,Governor,
Saugus,-,10,Total Votes Cast,886,Governor,
Saugus,-,2,Maura Healey,506,Governor,
Saugus,-,2,Geoff Diehl,425,Governor,
Saugus,-,2,Kevin Reed,18,Governor,
Saugus,-,2,All Others,0,Governor,
Saugus,-,2,Blanks,11,Governor,
Saugus,-,2,Total Votes Cast,960,Governor,
Saugus,-,3,Maura Healey,499,Governor,
Saugus,-,3,Geoff Diehl,469,Governor,
Saugus,-,3,Kevin Reed,21,Governor,
Saugus,-,3,All Others,0,Governor,
Saugus,-,3,Blanks,9,Governor,
Saugus,-,3,Total Votes Cast,998,Governor,
Saugus,-,4,Maura Healey,534,Governor,
Saugus,-,4,Geoff Diehl,448,Governor,
Saugus,-,4,Kevin Reed,9,Governor,
Saugus,-,4,All Others,0,Governor,
Saugus,-,4,Blanks,14,Governor,
Saugus,-,4,Total Votes Cast,1005,Governor,
Saugus,-,5,Maura Healey,504,Governor,
Saugus,-,5,Geoff Diehl,656,Governor,
Saugus,-,5,Kevin Reed,13,Governor,
Saugus,-,5,All Others,0,Governor,
Saugus,-,5,Blanks,16,Governor,
Saugus,-,5,Total Votes Cast,1189,Governor,
Saugus,-,6,Maura Healey,522,Governor,
Saugus,-,6,Geoff Diehl,456,Governor,
Saugus,-,6,Kevin Reed,16,Governor,
Saugus,-,6,All Others,0,Governor,
Saugus,-,6,Blanks,7,Governor,
Saugus,-,6,Total Votes Cast,1001,Governor,
Saugus,-,7,Maura Healey,486,Governor,
Saugus,-,7,Geoff Diehl,645,Governor,
Saugus,-,7,Kevin Reed,11,Governor,
Saugus,-,7,All Others,0,Governor,
Saugus,-,7,Blanks,10,Governor,
Saugus,-,7,Total Votes Cast,1152,Governor,
Saugus,-,8,Maura Healey,501,Governor,
Saugus,-,8,Geoff Diehl,510,Governor,
Saugus,-,8,Kevin Reed,17,Governor,
Saugus,-,8,All Others,0,Governor,
Saugus,-,8,Blanks,12,Governor,
Saugus,-,8,Total Votes Cast,1040,Governor,
Saugus,-,9,Maura Healey,543,Governor,
Saugus,-,9,Geoff Diehl,593,Governor,
Saugus,-,9,Kevin Reed,12,Governor,
Saugus,-,9,All Others,0,Governor,
Saugus,-,9,Blanks,12,Governor,
Saugus,-,9,Total Votes Cast,1160,Governor,
Savoy,,,Maura Healey,139,Governor,
Savoy,,,Geoff Diehl,132,Governor,
Savoy,,,Kevin Reed,7,Governor,
Savoy,,,All Others,0,Governor,
Savoy,,,Blanks,27,Governor,
Savoy,,,Total Votes Cast,305,Governor,
Scituate,-,1,Maura Healey,1040,Governor,
Scituate,-,1,Geoff Diehl,688,Governor,
Scituate,-,1,Kevin Reed,19,Governor,
Scituate,-,1,All Others,2,Governor,
Scituate,-,1,Blanks,16,Governor,
Scituate,-,1,Total Votes Cast,1765,Governor,
Scituate,-,2,Maura Healey,1039,Governor,
Scituate,-,2,Geoff Diehl,668,Governor,
Scituate,-,2,Kevin Reed,25,Governor,
Scituate,-,2,All Others,1,Governor,
Scituate,-,2,Blanks,17,Governor,
Scituate,-,2,Total Votes Cast,1750,Governor,
Scituate,-,3,Maura Healey,1063,Governor,
Scituate,-,3,Geoff Diehl,628,Governor,
Scituate,-,3,Kevin Reed,23,Governor,
Scituate,-,3,All Others,0,Governor,
Scituate,-,3,Blanks,11,Governor,
Scituate,-,3,Total Votes Cast,1725,Governor,
Scituate,-,4,Maura Healey,1025,Governor,
Scituate,-,4,Geoff Diehl,725,Governor,
Scituate,-,4,Kevin Reed,24,Governor,
Scituate,-,4,All Others,0,Governor,
Scituate,-,4,Blanks,17,Governor,
Scituate,-,4,Total Votes Cast,1791,Governor,
Scituate,-,5,Maura Healey,1035,Governor,
Scituate,-,5,Geoff Diehl,584,Governor,
Scituate,-,5,Kevin Reed,29,Governor,
Scituate,-,5,All Others,3,Governor,
Scituate,-,5,Blanks,8,Governor,
Scituate,-,5,Total Votes Cast,1659,Governor,
Scituate,-,6,Maura Healey,1086,Governor,
Scituate,-,6,Geoff Diehl,702,Governor,
Scituate,-,6,Kevin Reed,20,Governor,
Scituate,-,6,All Others,1,Governor,
Scituate,-,6,Blanks,22,Governor,
Scituate,-,6,Total Votes Cast,1831,Governor,
Seekonk,-,1,Maura Healey,757,Governor,
Seekonk,-,1,Geoff Diehl,730,Governor,
Seekonk,-,1,Kevin Reed,16,Governor,
Seekonk,-,1,All Others,0,Governor,
Seekonk,-,1,Blanks,12,Governor,
Seekonk,-,1,Total Votes Cast,1515,Governor,
Seekonk,-,2,Maura Healey,992,Governor,
Seekonk,-,2,Geoff Diehl,803,Governor,
Seekonk,-,2,Kevin Reed,26,Governor,
Seekonk,-,2,All Others,3,Governor,
Seekonk,-,2,Blanks,16,Governor,
Seekonk,-,2,Total Votes Cast,1840,Governor,
Seekonk,-,3,Maura Healey,747,Governor,
Seekonk,-,3,Geoff Diehl,635,Governor,
Seekonk,-,3,Kevin Reed,18,Governor,
Seekonk,-,3,All Others,1,Governor,
Seekonk,-,3,Blanks,4,Governor,
Seekonk,-,3,Total Votes Cast,1405,Governor,
Seekonk,-,4,Maura Healey,784,Governor,
Seekonk,-,4,Geoff Diehl,653,Governor,
Seekonk,-,4,Kevin Reed,26,Governor,
Seekonk,-,4,All Others,2,Governor,
Seekonk,-,4,Blanks,11,Governor,
Seekonk,-,4,Total Votes Cast,1476,Governor,
Sharon,-,1,Maura Healey,1319,Governor,
Sharon,-,1,Geoff Diehl,356,Governor,
Sharon,-,1,Kevin Reed,30,Governor,
Sharon,-,1,All Others,3,Governor,
Sharon,-,1,Blanks,20,Governor,
Sharon,-,1,Total Votes Cast,1728,Governor,
Sharon,-,2,Maura Healey,1110,Governor,
Sharon,-,2,Geoff Diehl,375,Governor,
Sharon,-,2,Kevin Reed,14,Governor,
Sharon,-,2,All Others,8,Governor,
Sharon,-,2,Blanks,22,Governor,
Sharon,-,2,Total Votes Cast,1529,Governor,
Sharon,-,3,Maura Healey,1246,Governor,
Sharon,-,3,Geoff Diehl,408,Governor,
Sharon,-,3,Kevin Reed,21,Governor,
Sharon,-,3,All Others,1,Governor,
Sharon,-,3,Blanks,15,Governor,
Sharon,-,3,Total Votes Cast,1691,Governor,
Sharon,-,4,Maura Healey,1224,Governor,
Sharon,-,4,Geoff Diehl,335,Governor,
Sharon,-,4,Kevin Reed,27,Governor,
Sharon,-,4,All Others,2,Governor,
Sharon,-,4,Blanks,13,Governor,
Sharon,-,4,Total Votes Cast,1601,Governor,
Sharon,-,5,Maura Healey,1131,Governor,
Sharon,-,5,Geoff Diehl,422,Governor,
Sharon,-,5,Kevin Reed,20,Governor,
Sharon,-,5,All Others,0,Governor,
Sharon,-,5,Blanks,18,Governor,
Sharon,-,5,Total Votes Cast,1591,Governor,
Sheffield,,,Maura Healey,1068,Governor,
Sheffield,,,Geoff Diehl,414,Governor,
Sheffield,,,Kevin Reed,29,Governor,
Sheffield,,,All Others,0,Governor,
Sheffield,,,Blanks,23,Governor,
Sheffield,,,Total Votes Cast,1534,Governor,
Shelburne,,,Maura Healey,668,Governor,
Shelburne,,,Geoff Diehl,201,Governor,
Shelburne,,,Kevin Reed,22,Governor,
Shelburne,,,All Others,0,Governor,
Shelburne,,,Blanks,130,Governor,
Shelburne,,,Total Votes Cast,1021,Governor,
Sherborn,,,Maura Healey,1618,Governor,
Sherborn,,,Geoff Diehl,531,Governor,
Sherborn,,,Kevin Reed,41,Governor,
Sherborn,,,All Others,1,Governor,
Sherborn,,,Blanks,29,Governor,
Sherborn,,,Total Votes Cast,2220,Governor,
Shirley,,,Maura Healey,1514,Governor,
Shirley,,,Geoff Diehl,1104,Governor,
Shirley,,,Kevin Reed,64,Governor,
Shirley,,,All Others,2,Governor,
Shirley,,,Blanks,12,Governor,
Shirley,,,Total Votes Cast,2696,Governor,
Shrewsbury,-,1,Maura Healey,1057,Governor,
Shrewsbury,-,1,Geoff Diehl,696,Governor,
Shrewsbury,-,1,Kevin Reed,20,Governor,
Shrewsbury,-,1,All Others,4,Governor,
Shrewsbury,-,1,Blanks,12,Governor,
Shrewsbury,-,1,Total Votes Cast,1789,Governor,
Shrewsbury,-,10,Maura Healey,898,Governor,
Shrewsbury,-,10,Geoff Diehl,507,Governor,
Shrewsbury,-,10,Kevin Reed,22,Governor,
Shrewsbury,-,10,All Others,3,Governor,
Shrewsbury,-,10,Blanks,27,Governor,
Shrewsbury,-,10,Total Votes Cast,1457,Governor,
Shrewsbury,-,2,Maura Healey,852,Governor,
Shrewsbury,-,2,Geoff Diehl,550,Governor,
Shrewsbury,-,2,Kevin Reed,22,Governor,
Shrewsbury,-,2,All Others,0,Governor,
Shrewsbury,-,2,Blanks,14,Governor,
Shrewsbury,-,2,Total Votes Cast,1438,Governor,
Shrewsbury,-,3,Maura Healey,689,Governor,
Shrewsbury,-,3,Geoff Diehl,454,Governor,
Shrewsbury,-,3,Kevin Reed,14,Governor,
Shrewsbury,-,3,All Others,8,Governor,
Shrewsbury,-,3,Blanks,7,Governor,
Shrewsbury,-,3,Total Votes Cast,1172,Governor,
Shrewsbury,-,4,Maura Healey,928,Governor,
Shrewsbury,-,4,Geoff Diehl,619,Governor,
Shrewsbury,-,4,Kevin Reed,21,Governor,
Shrewsbury,-,4,All Others,2,Governor,
Shrewsbury,-,4,Blanks,19,Governor,
Shrewsbury,-,4,Total Votes Cast,1589,Governor,
Shrewsbury,-,5,Maura Healey,918,Governor,
Shrewsbury,-,5,Geoff Diehl,456,Governor,
Shrewsbury,-,5,Kevin Reed,26,Governor,
Shrewsbury,-,5,All Others,3,Governor,
Shrewsbury,-,5,Blanks,17,Governor,
Shrewsbury,-,5,Total Votes Cast,1420,Governor,
Shrewsbury,-,6,Maura Healey,907,Governor,
Shrewsbury,-,6,Geoff Diehl,540,Governor,
Shrewsbury,-,6,Kevin Reed,29,Governor,
Shrewsbury,-,6,All Others,1,Governor,
Shrewsbury,-,6,Blanks,11,Governor,
Shrewsbury,-,6,Total Votes Cast,1488,Governor,
Shrewsbury,-,7,Maura Healey,1058,Governor,
Shrewsbury,-,7,Geoff Diehl,671,Governor,
Shrewsbury,-,7,Kevin Reed,33,Governor,
Shrewsbury,-,7,All Others,3,Governor,
Shrewsbury,-,7,Blanks,30,Governor,
Shrewsbury,-,7,Total Votes Cast,1795,Governor,
Shrewsbury,-,8,Maura Healey,1170,Governor,
Shrewsbury,-,8,Geoff Diehl,685,Governor,
Shrewsbury,-,8,Kevin Reed,25,Governor,
Shrewsbury,-,8,All Others,1,Governor,
Shrewsbury,-,8,Blanks,25,Governor,
Shrewsbury,-,8,Total Votes Cast,1906,Governor,
Shrewsbury,-,9,Maura Healey,678,Governor,
Shrewsbury,-,9,Geoff Diehl,363,Governor,
Shrewsbury,-,9,Kevin Reed,17,Governor,
Shrewsbury,-,9,All Others,0,Governor,
Shrewsbury,-,9,Blanks,3,Governor,
Shrewsbury,-,9,Total Votes Cast,1061,Governor,
Shutesbury,,,Maura Healey,911,Governor,
Shutesbury,,,Geoff Diehl,139,Governor,
Shutesbury,,,Kevin Reed,11,Governor,
Shutesbury,,,All Others,0,Governor,
Shutesbury,,,Blanks,2,Governor,
Shutesbury,,,Total Votes Cast,1063,Governor,
Somerset,-,1,Maura Healey,917,Governor,
Somerset,-,1,Geoff Diehl,703,Governor,
Somerset,-,1,Kevin Reed,20,Governor,
Somerset,-,1,All Others,0,Governor,
Somerset,-,1,Blanks,13,Governor,
Somerset,-,1,Total Votes Cast,1653,Governor,
Somerset,-,2,Maura Healey,850,Governor,
Somerset,-,2,Geoff Diehl,702,Governor,
Somerset,-,2,Kevin Reed,23,Governor,
Somerset,-,2,All Others,0,Governor,
Somerset,-,2,Blanks,22,Governor,
Somerset,-,2,Total Votes Cast,1597,Governor,
Somerset,-,3,Maura Healey,876,Governor,
Somerset,-,3,Geoff Diehl,667,Governor,
Somerset,-,3,Kevin Reed,28,Governor,
Somerset,-,3,All Others,0,Governor,
Somerset,-,3,Blanks,19,Governor,
Somerset,-,3,Total Votes Cast,1590,Governor,
Somerset,-,4,Maura Healey,786,Governor,
Somerset,-,4,Geoff Diehl,660,Governor,
Somerset,-,4,Kevin Reed,15,Governor,
Somerset,-,4,All Others,0,Governor,
Somerset,-,4,Blanks,16,Governor,
Somerset,-,4,Total Votes Cast,1477,Governor,
Somerset,-,5,Maura Healey,697,Governor,
Somerset,-,5,Geoff Diehl,690,Governor,
Somerset,-,5,Kevin Reed,21,Governor,
Somerset,-,5,All Others,0,Governor,
Somerset,-,5,Blanks,16,Governor,
Somerset,-,5,Total Votes Cast,1424,Governor,
Somerville,1,1,Maura Healey,643,Governor,
Somerville,1,1,Geoff Diehl,134,Governor,
Somerville,1,1,Kevin Reed,22,Governor,
Somerville,1,1,All Others,2,Governor,
Somerville,1,1,Blanks,3,Governor,
Somerville,1,1,Total Votes Cast,804,Governor,
Somerville,1,2,Maura Healey,558,Governor,
Somerville,1,2,Geoff Diehl,112,Governor,
Somerville,1,2,Kevin Reed,11,Governor,
Somerville,1,2,All Others,2,Governor,
Somerville,1,2,Blanks,8,Governor,
Somerville,1,2,Total Votes Cast,691,Governor,
Somerville,1,3,Maura Healey,567,Governor,
Somerville,1,3,Geoff Diehl,115,Governor,
Somerville,1,3,Kevin Reed,17,Governor,
Somerville,1,3,All Others,1,Governor,
Somerville,1,3,Blanks,8,Governor,
Somerville,1,3,Total Votes Cast,708,Governor,
Somerville,1,4,Maura Healey,375,Governor,
Somerville,1,4,Geoff Diehl,78,Governor,
Somerville,1,4,Kevin Reed,2,Governor,
Somerville,1,4,All Others,0,Governor,
Somerville,1,4,Blanks,8,Governor,
Somerville,1,4,Total Votes Cast,463,Governor,
Somerville,1,4A,Maura Healey,220,Governor,
Somerville,1,4A,Geoff Diehl,41,Governor,
Somerville,1,4A,Kevin Reed,4,Governor,
Somerville,1,4A,All Others,0,Governor,
Somerville,1,4A,Blanks,3,Governor,
Somerville,1,4A,Total Votes Cast,268,Governor,
Somerville,2,1,Maura Healey,569,Governor,
Somerville,2,1,Geoff Diehl,46,Governor,
Somerville,2,1,Kevin Reed,8,Governor,
Somerville,2,1,All Others,0,Governor,
Somerville,2,1,Blanks,4,Governor,
Somerville,2,1,Total Votes Cast,627,Governor,
Somerville,2,1A,Maura Healey,275,Governor,
Somerville,2,1A,Geoff Diehl,15,Governor,
Somerville,2,1A,Kevin Reed,4,Governor,
Somerville,2,1A,All Others,1,Governor,
Somerville,2,1A,Blanks,4,Governor,
Somerville,2,1A,Total Votes Cast,299,Governor,
Somerville,2,2,Maura Healey,932,Governor,
Somerville,2,2,Geoff Diehl,75,Governor,
Somerville,2,2,Kevin Reed,16,Governor,
Somerville,2,2,All Others,5,Governor,
Somerville,2,2,Blanks,9,Governor,
Somerville,2,2,Total Votes Cast,1037,Governor,
Somerville,2,3,Maura Healey,891,Governor,
Somerville,2,3,Geoff Diehl,73,Governor,
Somerville,2,3,Kevin Reed,13,Governor,
Somerville,2,3,All Others,2,Governor,
Somerville,2,3,Blanks,13,Governor,
Somerville,2,3,Total Votes Cast,992,Governor,
Somerville,2,4,Maura Healey,1011,Governor,
Somerville,2,4,Geoff Diehl,76,Governor,
Somerville,2,4,Kevin Reed,12,Governor,
Somerville,2,4,All Others,3,Governor,
Somerville,2,4,Blanks,8,Governor,
Somerville,2,4,Total Votes Cast,1110,Governor,
Somerville,3,1,Maura Healey,1047,Governor,
Somerville,3,1,Geoff Diehl,107,Governor,
Somerville,3,1,Kevin Reed,3,Governor,
Somerville,3,1,All Others,1,Governor,
Somerville,3,1,Blanks,5,Governor,
Somerville,3,1,Total Votes Cast,1163,Governor,
Somerville,3,2,Maura Healey,921,Governor,
Somerville,3,2,Geoff Diehl,110,Governor,
Somerville,3,2,Kevin Reed,19,Governor,
Somerville,3,2,All Others,4,Governor,
Somerville,3,2,Blanks,13,Governor,
Somerville,3,2,Total Votes Cast,1067,Governor,
Somerville,3,3,Maura Healey,1123,Governor,
Somerville,3,3,Geoff Diehl,95,Governor,
Somerville,3,3,Kevin Reed,11,Governor,
Somerville,3,3,All Others,0,Governor,
Somerville,3,3,Blanks,10,Governor,
Somerville,3,3,Total Votes Cast,1239,Governor,
Somerville,3,4,Maura Healey,992,Governor,
Somerville,3,4,Geoff Diehl,87,Governor,
Somerville,3,4,Kevin Reed,12,Governor,
Somerville,3,4,All Others,1,Governor,
Somerville,3,4,Blanks,11,Governor,
Somerville,3,4,Total Votes Cast,1103,Governor,
Somerville,4,1,Maura Healey,644,Governor,
Somerville,4,1,Geoff Diehl,154,Governor,
Somerville,4,1,Kevin Reed,12,Governor,
Somerville,4,1,All Others,0,Governor,
Somerville,4,1,Blanks,5,Governor,
Somerville,4,1,Total Votes Cast,815,Governor,
Somerville,4,2,Maura Healey,545,Governor,
Somerville,4,2,Geoff Diehl,58,Governor,
Somerville,4,2,Kevin Reed,8,Governor,
Somerville,4,2,All Others,2,Governor,
Somerville,4,2,Blanks,9,Governor,
Somerville,4,2,Total Votes Cast,622,Governor,
Somerville,4,2A,Maura Healey,205,Governor,
Somerville,4,2A,Geoff Diehl,28,Governor,
Somerville,4,2A,Kevin Reed,4,Governor,
Somerville,4,2A,All Others,1,Governor,
Somerville,4,2A,Blanks,2,Governor,
Somerville,4,2A,Total Votes Cast,240,Governor,
Somerville,4,3,Maura Healey,941,Governor,
Somerville,4,3,Geoff Diehl,105,Governor,
Somerville,4,3,Kevin Reed,24,Governor,
Somerville,4,3,All Others,2,Governor,
Somerville,4,3,Blanks,10,Governor,
Somerville,4,3,Total Votes Cast,1082,Governor,
Somerville,4,4,Maura Healey,520,Governor,
Somerville,4,4,Geoff Diehl,100,Governor,
Somerville,4,4,Kevin Reed,7,Governor,
Somerville,4,4,All Others,0,Governor,
Somerville,4,4,Blanks,21,Governor,
Somerville,4,4,Total Votes Cast,648,Governor,
Somerville,5,1,Maura Healey,1019,Governor,
Somerville,5,1,Geoff Diehl,136,Governor,
Somerville,5,1,Kevin Reed,14,Governor,
Somerville,5,1,All Others,2,Governor,
Somerville,5,1,Blanks,18,Governor,
Somerville,5,1,Total Votes Cast,1189,Governor,
Somerville,5,2,Maura Healey,1099,Governor,
Somerville,5,2,Geoff Diehl,95,Governor,
Somerville,5,2,Kevin Reed,21,Governor,
Somerville,5,2,All Others,3,Governor,
Somerville,5,2,Blanks,9,Governor,
Somerville,5,2,Total Votes Cast,1227,Governor,
Somerville,5,3,Maura Healey,1111,Governor,
Somerville,5,3,Geoff Diehl,106,Governor,
Somerville,5,3,Kevin Reed,11,Governor,
Somerville,5,3,All Others,3,Governor,
Somerville,5,3,Blanks,4,Governor,
Somerville,5,3,Total Votes Cast,1235,Governor,
Somerville,5,4,Maura Healey,1191,Governor,
Somerville,5,4,Geoff Diehl,83,Governor,
Somerville,5,4,Kevin Reed,15,Governor,
Somerville,5,4,All Others,3,Governor,
Somerville,5,4,Blanks,8,Governor,
Somerville,5,4,Total Votes Cast,1300,Governor,
Somerville,6,1,Maura Healey,1141,Governor,
Somerville,6,1,Geoff Diehl,89,Governor,
Somerville,6,1,Kevin Reed,19,Governor,
Somerville,6,1,All Others,1,Governor,
Somerville,6,1,Blanks,6,Governor,
Somerville,6,1,Total Votes Cast,1256,Governor,
Somerville,6,2,Maura Healey,1286,Governor,
Somerville,6,2,Geoff Diehl,95,Governor,
Somerville,6,2,Kevin Reed,18,Governor,
Somerville,6,2,All Others,0,Governor,
Somerville,6,2,Blanks,13,Governor,
Somerville,6,2,Total Votes Cast,1412,Governor,
Somerville,6,3,Maura Healey,332,Governor,
Somerville,6,3,Geoff Diehl,17,Governor,
Somerville,6,3,Kevin Reed,2,Governor,
Somerville,6,3,All Others,0,Governor,
Somerville,6,3,Blanks,1,Governor,
Somerville,6,3,Total Votes Cast,352,Governor,
Somerville,6,3A,Maura Healey,168,Governor,
Somerville,6,3A,Geoff Diehl,25,Governor,
Somerville,6,3A,Kevin Reed,4,Governor,
Somerville,6,3A,All Others,0,Governor,
Somerville,6,3A,Blanks,1,Governor,
Somerville,6,3A,Total Votes Cast,198,Governor,
Somerville,6,4,Maura Healey,1238,Governor,
Somerville,6,4,Geoff Diehl,103,Governor,
Somerville,6,4,Kevin Reed,16,Governor,
Somerville,6,4,All Others,4,Governor,
Somerville,6,4,Blanks,9,Governor,
Somerville,6,4,Total Votes Cast,1370,Governor,
Somerville,7,1,Maura Healey,1288,Governor,
Somerville,7,1,Geoff Diehl,79,Governor,
Somerville,7,1,Kevin Reed,16,Governor,
Somerville,7,1,All Others,3,Governor,
Somerville,7,1,Blanks,9,Governor,
Somerville,7,1,Total Votes Cast,1395,Governor,
Somerville,7,2,Maura Healey,835,Governor,
Somerville,7,2,Geoff Diehl,79,Governor,
Somerville,7,2,Kevin Reed,15,Governor,
Somerville,7,2,All Others,0,Governor,
Somerville,7,2,Blanks,8,Governor,
Somerville,7,2,Total Votes Cast,937,Governor,
Somerville,7,3,Maura Healey,751,Governor,
Somerville,7,3,Geoff Diehl,158,Governor,
Somerville,7,3,Kevin Reed,10,Governor,
Somerville,7,3,All Others,0,Governor,
Somerville,7,3,Blanks,8,Governor,
Somerville,7,3,Total Votes Cast,927,Governor,
Somerville,7,4,Maura Healey,906,Governor,
Somerville,7,4,Geoff Diehl,114,Governor,
Somerville,7,4,Kevin Reed,10,Governor,
Somerville,7,4,All Others,2,Governor,
Somerville,7,4,Blanks,12,Governor,
Somerville,7,4,Total Votes Cast,1044,Governor,
Southampton,-,1,Maura Healey,835,Governor,
Southampton,-,1,Geoff Diehl,715,Governor,
Southampton,-,1,Kevin Reed,15,Governor,
Southampton,-,1,All Others,3,Governor,
Southampton,-,1,Blanks,11,Governor,
Southampton,-,1,Total Votes Cast,1579,Governor,
Southampton,-,2,Maura Healey,769,Governor,
Southampton,-,2,Geoff Diehl,739,Governor,
Southampton,-,2,Kevin Reed,22,Governor,
Southampton,-,2,All Others,33,Governor,
Southampton,-,2,Blanks,7,Governor,
Southampton,-,2,Total Votes Cast,1570,Governor,
Southborough,-,1,Maura Healey,1079,Governor,
Southborough,-,1,Geoff Diehl,520,Governor,
Southborough,-,1,Kevin Reed,26,Governor,
Southborough,-,1,All Others,4,Governor,
Southborough,-,1,Blanks,10,Governor,
Southborough,-,1,Total Votes Cast,1639,Governor,
Southborough,-,2,Maura Healey,1033,Governor,
Southborough,-,2,Geoff Diehl,557,Governor,
Southborough,-,2,Kevin Reed,29,Governor,
Southborough,-,2,All Others,1,Governor,
Southborough,-,2,Blanks,17,Governor,
Southborough,-,2,Total Votes Cast,1637,Governor,
Southborough,-,3,Maura Healey,1026,Governor,
Southborough,-,3,Geoff Diehl,519,Governor,
Southborough,-,3,Kevin Reed,25,Governor,
Southborough,-,3,All Others,0,Governor,
Southborough,-,3,Blanks,25,Governor,
Southborough,-,3,Total Votes Cast,1595,Governor,
Southbridge,-,1,Maura Healey,447,Governor,
Southbridge,-,1,Geoff Diehl,319,Governor,
Southbridge,-,1,Kevin Reed,26,Governor,
Southbridge,-,1,All Others,2,Governor,
Southbridge,-,1,Blanks,9,Governor,
Southbridge,-,1,Total Votes Cast,803,Governor,
Southbridge,-,2,Maura Healey,325,Governor,
Southbridge,-,2,Geoff Diehl,241,Governor,
Southbridge,-,2,Kevin Reed,14,Governor,
Southbridge,-,2,All Others,3,Governor,
Southbridge,-,2,Blanks,7,Governor,
Southbridge,-,2,Total Votes Cast,590,Governor,
Southbridge,-,3,Maura Healey,452,Governor,
Southbridge,-,3,Geoff Diehl,453,Governor,
Southbridge,-,3,Kevin Reed,25,Governor,
Southbridge,-,3,All Others,2,Governor,
Southbridge,-,3,Blanks,10,Governor,
Southbridge,-,3,Total Votes Cast,942,Governor,
Southbridge,-,4,Maura Healey,731,Governor,
Southbridge,-,4,Geoff Diehl,587,Governor,
Southbridge,-,4,Kevin Reed,38,Governor,
Southbridge,-,4,All Others,3,Governor,
Southbridge,-,4,Blanks,16,Governor,
Southbridge,-,4,Total Votes Cast,1375,Governor,
Southbridge,-,5,Maura Healey,347,Governor,
Southbridge,-,5,Geoff Diehl,188,Governor,
Southbridge,-,5,Kevin Reed,22,Governor,
Southbridge,-,5,All Others,0,Governor,
Southbridge,-,5,Blanks,13,Governor,
Southbridge,-,5,Total Votes Cast,570,Governor,
Southwick,-,1,Maura Healey,558,Governor,
Southwick,-,1,Geoff Diehl,997,Governor,
Southwick,-,1,Kevin Reed,31,Governor,
Southwick,-,1,All Others,2,Governor,
Southwick,-,1,Blanks,10,Governor,
Southwick,-,1,Total Votes Cast,1598,Governor,
Southwick,-,2,Maura Healey,466,Governor,
Southwick,-,2,Geoff Diehl,684,Governor,
Southwick,-,2,Kevin Reed,27,Governor,
Southwick,-,2,All Others,0,Governor,
Southwick,-,2,Blanks,7,Governor,
Southwick,-,2,Total Votes Cast,1184,Governor,
Southwick,-,3,Maura Healey,563,Governor,
Southwick,-,3,Geoff Diehl,825,Governor,
Southwick,-,3,Kevin Reed,27,Governor,
Southwick,-,3,All Others,0,Governor,
Southwick,-,3,Blanks,16,Governor,
Southwick,-,3,Total Votes Cast,1431,Governor,
Spencer,-,1,Maura Healey,488,Governor,
Spencer,-,1,Geoff Diehl,564,Governor,
Spencer,-,1,Kevin Reed,16,Governor,
Spencer,-,1,All Others,5,Governor,
Spencer,-,1,Blanks,9,Governor,
Spencer,-,1,Total Votes Cast,1082,Governor,
Spencer,-,2,Maura Healey,440,Governor,
Spencer,-,2,Geoff Diehl,476,Governor,
Spencer,-,2,Kevin Reed,24,Governor,
Spencer,-,2,All Others,2,Governor,
Spencer,-,2,Blanks,8,Governor,
Spencer,-,2,Total Votes Cast,950,Governor,
Spencer,-,3,Maura Healey,474,Governor,
Spencer,-,3,Geoff Diehl,689,Governor,
Spencer,-,3,Kevin Reed,30,Governor,
Spencer,-,3,All Others,1,Governor,
Spencer,-,3,Blanks,7,Governor,
Spencer,-,3,Total Votes Cast,1201,Governor,
Spencer,-,4,Maura Healey,586,Governor,
Spencer,-,4,Geoff Diehl,610,Governor,
Spencer,-,4,Kevin Reed,25,Governor,
Spencer,-,4,All Others,3,Governor,
Spencer,-,4,Blanks,11,Governor,
Spencer,-,4,Total Votes Cast,1235,Governor,
Springfield,1,A,Maura Healey,205,Governor,
Springfield,1,A,Geoff Diehl,41,Governor,
Springfield,1,A,Kevin Reed,10,Governor,
Springfield,1,A,All Others,0,Governor,
Springfield,1,A,Blanks,9,Governor,
Springfield,1,A,Total Votes Cast,265,Governor,
Springfield,1,B,Maura Healey,211,Governor,
Springfield,1,B,Geoff Diehl,74,Governor,
Springfield,1,B,Kevin Reed,4,Governor,
Springfield,1,B,All Others,1,Governor,
Springfield,1,B,Blanks,4,Governor,
Springfield,1,B,Total Votes Cast,294,Governor,
Springfield,1,C,Maura Healey,140,Governor,
Springfield,1,C,Geoff Diehl,23,Governor,
Springfield,1,C,Kevin Reed,3,Governor,
Springfield,1,C,All Others,0,Governor,
Springfield,1,C,Blanks,6,Governor,
Springfield,1,C,Total Votes Cast,172,Governor,
Springfield,1,C1,Maura Healey,16,Governor,
Springfield,1,C1,Geoff Diehl,4,Governor,
Springfield,1,C1,Kevin Reed,0,Governor,
Springfield,1,C1,All Others,0,Governor,
Springfield,1,C1,Blanks,1,Governor,
Springfield,1,C1,Total Votes Cast,21,Governor,
Springfield,1,D,Maura Healey,163,Governor,
Springfield,1,D,Geoff Diehl,25,Governor,
Springfield,1,D,Kevin Reed,1,Governor,
Springfield,1,D,All Others,0,Governor,
Springfield,1,D,Blanks,3,Governor,
Springfield,1,D,Total Votes Cast,192,Governor,
Springfield,1,D1,Maura Healey,39,Governor,
Springfield,1,D1,Geoff Diehl,12,Governor,
Springfield,1,D1,Kevin Reed,0,Governor,
Springfield,1,D1,All Others,0,Governor,
Springfield,1,D1,Blanks,3,Governor,
Springfield,1,D1,Total Votes Cast,54,Governor,
Springfield,1,E,Maura Healey,152,Governor,
Springfield,1,E,Geoff Diehl,44,Governor,
Springfield,1,E,Kevin Reed,4,Governor,
Springfield,1,E,All Others,0,Governor,
Springfield,1,E,Blanks,5,Governor,
Springfield,1,E,Total Votes Cast,205,Governor,
Springfield,1,F,Maura Healey,221,Governor,
Springfield,1,F,Geoff Diehl,44,Governor,
Springfield,1,F,Kevin Reed,5,Governor,
Springfield,1,F,All Others,1,Governor,
Springfield,1,F,Blanks,5,Governor,
Springfield,1,F,Total Votes Cast,276,Governor,
Springfield,1,G,Maura Healey,166,Governor,
Springfield,1,G,Geoff Diehl,46,Governor,
Springfield,1,G,Kevin Reed,5,Governor,
Springfield,1,G,All Others,0,Governor,
Springfield,1,G,Blanks,4,Governor,
Springfield,1,G,Total Votes Cast,221,Governor,
Springfield,1,H,Maura Healey,326,Governor,
Springfield,1,H,Geoff Diehl,60,Governor,
Springfield,1,H,Kevin Reed,13,Governor,
Springfield,1,H,All Others,0,Governor,
Springfield,1,H,Blanks,5,Governor,
Springfield,1,H,Total Votes Cast,404,Governor,
Springfield,2,A,Maura Healey,200,Governor,
Springfield,2,A,Geoff Diehl,90,Governor,
Springfield,2,A,Kevin Reed,1,Governor,
Springfield,2,A,All Others,0,Governor,
Springfield,2,A,Blanks,8,Governor,
Springfield,2,A,Total Votes Cast,299,Governor,
Springfield,2,B,Maura Healey,394,Governor,
Springfield,2,B,Geoff Diehl,176,Governor,
Springfield,2,B,Kevin Reed,16,Governor,
Springfield,2,B,All Others,1,Governor,
Springfield,2,B,Blanks,21,Governor,
Springfield,2,B,Total Votes Cast,608,Governor,
Springfield,2,C,Maura Healey,209,Governor,
Springfield,2,C,Geoff Diehl,90,Governor,
Springfield,2,C,Kevin Reed,4,Governor,
Springfield,2,C,All Others,0,Governor,
Springfield,2,C,Blanks,5,Governor,
Springfield,2,C,Total Votes Cast,308,Governor,
Springfield,2,D,Maura Healey,347,Governor,
Springfield,2,D,Geoff Diehl,132,Governor,
Springfield,2,D,Kevin Reed,10,Governor,
Springfield,2,D,All Others,0,Governor,
Springfield,2,D,Blanks,12,Governor,
Springfield,2,D,Total Votes Cast,501,Governor,
Springfield,2,E,Maura Healey,318,Governor,
Springfield,2,E,Geoff Diehl,173,Governor,
Springfield,2,E,Kevin Reed,11,Governor,
Springfield,2,E,All Others,0,Governor,
Springfield,2,E,Blanks,8,Governor,
Springfield,2,E,Total Votes Cast,510,Governor,
Springfield,2,F,Maura Healey,335,Governor,
Springfield,2,F,Geoff Diehl,131,Governor,
Springfield,2,F,Kevin Reed,9,Governor,
Springfield,2,F,All Others,0,Governor,
Springfield,2,F,Blanks,5,Governor,
Springfield,2,F,Total Votes Cast,480,Governor,
Springfield,2,G,Maura Healey,376,Governor,
Springfield,2,G,Geoff Diehl,199,Governor,
Springfield,2,G,Kevin Reed,11,Governor,
Springfield,2,G,All Others,1,Governor,
Springfield,2,G,Blanks,14,Governor,
Springfield,2,G,Total Votes Cast,601,Governor,
Springfield,2,H,Maura Healey,392,Governor,
Springfield,2,H,Geoff Diehl,190,Governor,
Springfield,2,H,Kevin Reed,11,Governor,
Springfield,2,H,All Others,0,Governor,
Springfield,2,H,Blanks,8,Governor,
Springfield,2,H,Total Votes Cast,601,Governor,
Springfield,3,A,Maura Healey,193,Governor,
Springfield,3,A,Geoff Diehl,42,Governor,
Springfield,3,A,Kevin Reed,2,Governor,
Springfield,3,A,All Others,0,Governor,
Springfield,3,A,Blanks,1,Governor,
Springfield,3,A,Total Votes Cast,238,Governor,
Springfield,3,B,Maura Healey,174,Governor,
Springfield,3,B,Geoff Diehl,36,Governor,
Springfield,3,B,Kevin Reed,6,Governor,
Springfield,3,B,All Others,1,Governor,
Springfield,3,B,Blanks,8,Governor,
Springfield,3,B,Total Votes Cast,225,Governor,
Springfield,3,C,Maura Healey,157,Governor,
Springfield,3,C,Geoff Diehl,44,Governor,
Springfield,3,C,Kevin Reed,3,Governor,
Springfield,3,C,All Others,0,Governor,
Springfield,3,C,Blanks,1,Governor,
Springfield,3,C,Total Votes Cast,205,Governor,
Springfield,3,D,Maura Healey,184,Governor,
Springfield,3,D,Geoff Diehl,38,Governor,
Springfield,3,D,Kevin Reed,6,Governor,
Springfield,3,D,All Others,0,Governor,
Springfield,3,D,Blanks,3,Governor,
Springfield,3,D,Total Votes Cast,231,Governor,
Springfield,3,E,Maura Healey,104,Governor,
Springfield,3,E,Geoff Diehl,32,Governor,
Springfield,3,E,Kevin Reed,0,Governor,
Springfield,3,E,All Others,1,Governor,
Springfield,3,E,Blanks,4,Governor,
Springfield,3,E,Total Votes Cast,141,Governor,
Springfield,3,F,Maura Healey,146,Governor,
Springfield,3,F,Geoff Diehl,52,Governor,
Springfield,3,F,Kevin Reed,8,Governor,
Springfield,3,F,All Others,0,Governor,
Springfield,3,F,Blanks,6,Governor,
Springfield,3,F,Total Votes Cast,212,Governor,
Springfield,3,G,Maura Healey,120,Governor,
Springfield,3,G,Geoff Diehl,36,Governor,
Springfield,3,G,Kevin Reed,6,Governor,
Springfield,3,G,All Others,0,Governor,
Springfield,3,G,Blanks,3,Governor,
Springfield,3,G,Total Votes Cast,165,Governor,
Springfield,3,H,Maura Healey,151,Governor,
Springfield,3,H,Geoff Diehl,64,Governor,
Springfield,3,H,Kevin Reed,5,Governor,
Springfield,3,H,All Others,1,Governor,
Springfield,3,H,Blanks,4,Governor,
Springfield,3,H,Total Votes Cast,225,Governor,
Springfield,4,A,Maura Healey,433,Governor,
Springfield,4,A,Geoff Diehl,73,Governor,
Springfield,4,A,Kevin Reed,8,Governor,
Springfield,4,A,All Others,1,Governor,
Springfield,4,A,Blanks,7,Governor,
Springfield,4,A,Total Votes Cast,522,Governor,
Springfield,4,B,Maura Healey,231,Governor,
Springfield,4,B,Geoff Diehl,31,Governor,
Springfield,4,B,Kevin Reed,5,Governor,
Springfield,4,B,All Others,0,Governor,
Springfield,4,B,Blanks,8,Governor,
Springfield,4,B,Total Votes Cast,275,Governor,
Springfield,4,C,Maura Healey,191,Governor,
Springfield,4,C,Geoff Diehl,27,Governor,
Springfield,4,C,Kevin Reed,2,Governor,
Springfield,4,C,All Others,0,Governor,
Springfield,4,C,Blanks,4,Governor,
Springfield,4,C,Total Votes Cast,224,Governor,
Springfield,4,D,Maura Healey,200,Governor,
Springfield,4,D,Geoff Diehl,35,Governor,
Springfield,4,D,Kevin Reed,2,Governor,
Springfield,4,D,All Others,0,Governor,
Springfield,4,D,Blanks,3,Governor,
Springfield,4,D,Total Votes Cast,240,Governor,
Springfield,4,E,Maura Healey,212,Governor,
Springfield,4,E,Geoff Diehl,21,Governor,
Springfield,4,E,Kevin Reed,4,Governor,
Springfield,4,E,All Others,0,Governor,
Springfield,4,E,Blanks,4,Governor,
Springfield,4,E,Total Votes Cast,241,Governor,
Springfield,4,F,Maura Healey,84,Governor,
Springfield,4,F,Geoff Diehl,11,Governor,
Springfield,4,F,Kevin Reed,0,Governor,
Springfield,4,F,All Others,0,Governor,
Springfield,4,F,Blanks,4,Governor,
Springfield,4,F,Total Votes Cast,99,Governor,
Springfield,4,G,Maura Healey,286,Governor,
Springfield,4,G,Geoff Diehl,56,Governor,
Springfield,4,G,Kevin Reed,11,Governor,
Springfield,4,G,All Others,0,Governor,
Springfield,4,G,Blanks,9,Governor,
Springfield,4,G,Total Votes Cast,362,Governor,
Springfield,4,H,Maura Healey,297,Governor,
Springfield,4,H,Geoff Diehl,35,Governor,
Springfield,4,H,Kevin Reed,3,Governor,
Springfield,4,H,All Others,1,Governor,
Springfield,4,H,Blanks,4,Governor,
Springfield,4,H,Total Votes Cast,340,Governor,
Springfield,5,A,Maura Healey,361,Governor,
Springfield,5,A,Geoff Diehl,64,Governor,
Springfield,5,A,Kevin Reed,5,Governor,
Springfield,5,A,All Others,0,Governor,
Springfield,5,A,Blanks,5,Governor,
Springfield,5,A,Total Votes Cast,435,Governor,
Springfield,5,B,Maura Healey,414,Governor,
Springfield,5,B,Geoff Diehl,125,Governor,
Springfield,5,B,Kevin Reed,8,Governor,
Springfield,5,B,All Others,1,Governor,
Springfield,5,B,Blanks,5,Governor,
Springfield,5,B,Total Votes Cast,553,Governor,
Springfield,5,C,Maura Healey,289,Governor,
Springfield,5,C,Geoff Diehl,160,Governor,
Springfield,5,C,Kevin Reed,4,Governor,
Springfield,5,C,All Others,0,Governor,
Springfield,5,C,Blanks,6,Governor,
Springfield,5,C,Total Votes Cast,459,Governor,
Springfield,5,C1,Maura Healey,7,Governor,
Springfield,5,C1,Geoff Diehl,4,Governor,
Springfield,5,C1,Kevin Reed,0,Governor,
Springfield,5,C1,All Others,0,Governor,
Springfield,5,C1,Blanks,0,Governor,
Springfield,5,C1,Total Votes Cast,11,Governor,
Springfield,5,D,Maura Healey,499,Governor,
Springfield,5,D,Geoff Diehl,319,Governor,
Springfield,5,D,Kevin Reed,23,Governor,
Springfield,5,D,All Others,1,Governor,
Springfield,5,D,Blanks,10,Governor,
Springfield,5,D,Total Votes Cast,852,Governor,
Springfield,5,E,Maura Healey,482,Governor,
Springfield,5,E,Geoff Diehl,110,Governor,
Springfield,5,E,Kevin Reed,12,Governor,
Springfield,5,E,All Others,2,Governor,
Springfield,5,E,Blanks,8,Governor,
Springfield,5,E,Total Votes Cast,614,Governor,
Springfield,5,F,Maura Healey,508,Governor,
Springfield,5,F,Geoff Diehl,167,Governor,
Springfield,5,F,Kevin Reed,9,Governor,
Springfield,5,F,All Others,2,Governor,
Springfield,5,F,Blanks,22,Governor,
Springfield,5,F,Total Votes Cast,708,Governor,
Springfield,5,G,Maura Healey,520,Governor,
Springfield,5,G,Geoff Diehl,330,Governor,
Springfield,5,G,Kevin Reed,17,Governor,
Springfield,5,G,All Others,2,Governor,
Springfield,5,G,Blanks,5,Governor,
Springfield,5,G,Total Votes Cast,874,Governor,
Springfield,5,H,Maura Healey,410,Governor,
Springfield,5,H,Geoff Diehl,208,Governor,
Springfield,5,H,Kevin Reed,8,Governor,
Springfield,5,H,All Others,1,Governor,
Springfield,5,H,Blanks,11,Governor,
Springfield,5,H,Total Votes Cast,638,Governor,
Springfield,6,A,Maura Healey,271,Governor,
Springfield,6,A,Geoff Diehl,80,Governor,
Springfield,6,A,Kevin Reed,6,Governor,
Springfield,6,A,All Others,0,Governor,
Springfield,6,A,Blanks,5,Governor,
Springfield,6,A,Total Votes Cast,362,Governor,
Springfield,6,B,Maura Healey,457,Governor,
Springfield,6,B,Geoff Diehl,149,Governor,
Springfield,6,B,Kevin Reed,15,Governor,
Springfield,6,B,All Others,2,Governor,
Springfield,6,B,Blanks,11,Governor,
Springfield,6,B,Total Votes Cast,634,Governor,
Springfield,6,C,Maura Healey,324,Governor,
Springfield,6,C,Geoff Diehl,159,Governor,
Springfield,6,C,Kevin Reed,7,Governor,
Springfield,6,C,All Others,0,Governor,
Springfield,6,C,Blanks,3,Governor,
Springfield,6,C,Total Votes Cast,493,Governor,
Springfield,6,D,Maura Healey,512,Governor,
Springfield,6,D,Geoff Diehl,285,Governor,
Springfield,6,D,Kevin Reed,10,Governor,
Springfield,6,D,All Others,0,Governor,
Springfield,6,D,Blanks,17,Governor,
Springfield,6,D,Total Votes Cast,824,Governor,
Springfield,6,D1,Maura Healey,23,Governor,
Springfield,6,D1,Geoff Diehl,11,Governor,
Springfield,6,D1,Kevin Reed,0,Governor,
Springfield,6,D1,All Others,0,Governor,
Springfield,6,D1,Blanks,0,Governor,
Springfield,6,D1,Total Votes Cast,34,Governor,
Springfield,6,E,Maura Healey,202,Governor,
Springfield,6,E,Geoff Diehl,59,Governor,
Springfield,6,E,Kevin Reed,5,Governor,
Springfield,6,E,All Others,0,Governor,
Springfield,6,E,Blanks,7,Governor,
Springfield,6,E,Total Votes Cast,273,Governor,
Springfield,6,F,Maura Healey,252,Governor,
Springfield,6,F,Geoff Diehl,62,Governor,
Springfield,6,F,Kevin Reed,6,Governor,
Springfield,6,F,All Others,0,Governor,
Springfield,6,F,Blanks,5,Governor,
Springfield,6,F,Total Votes Cast,325,Governor,
Springfield,6,G,Maura Healey,335,Governor,
Springfield,6,G,Geoff Diehl,132,Governor,
Springfield,6,G,Kevin Reed,18,Governor,
Springfield,6,G,All Others,1,Governor,
Springfield,6,G,Blanks,8,Governor,
Springfield,6,G,Total Votes Cast,494,Governor,
Springfield,6,H,Maura Healey,413,Governor,
Springfield,6,H,Geoff Diehl,206,Governor,
Springfield,6,H,Kevin Reed,14,Governor,
Springfield,6,H,All Others,0,Governor,
Springfield,6,H,Blanks,6,Governor,
Springfield,6,H,Total Votes Cast,639,Governor,
Springfield,7,A,Maura Healey,439,Governor,
Springfield,7,A,Geoff Diehl,252,Governor,
Springfield,7,A,Kevin Reed,12,Governor,
Springfield,7,A,All Others,0,Governor,
Springfield,7,A,Blanks,13,Governor,
Springfield,7,A,Total Votes Cast,716,Governor,
Springfield,7,A1,Maura Healey,19,Governor,
Springfield,7,A1,Geoff Diehl,4,Governor,
Springfield,7,A1,Kevin Reed,2,Governor,
Springfield,7,A1,All Others,0,Governor,
Springfield,7,A1,Blanks,0,Governor,
Springfield,7,A1,Total Votes Cast,25,Governor,
Springfield,7,B,Maura Healey,601,Governor,
Springfield,7,B,Geoff Diehl,328,Governor,
Springfield,7,B,Kevin Reed,14,Governor,
Springfield,7,B,All Others,2,Governor,
Springfield,7,B,Blanks,15,Governor,
Springfield,7,B,Total Votes Cast,960,Governor,
Springfield,7,B1,Maura Healey,4,Governor,
Springfield,7,B1,Geoff Diehl,2,Governor,
Springfield,7,B1,Kevin Reed,0,Governor,
Springfield,7,B1,All Others,0,Governor,
Springfield,7,B1,Blanks,0,Governor,
Springfield,7,B1,Total Votes Cast,6,Governor,
Springfield,7,C,Maura Healey,555,Governor,
Springfield,7,C,Geoff Diehl,318,Governor,
Springfield,7,C,Kevin Reed,14,Governor,
Springfield,7,C,All Others,1,Governor,
Springfield,7,C,Blanks,9,Governor,
Springfield,7,C,Total Votes Cast,897,Governor,
Springfield,7,D,Maura Healey,410,Governor,
Springfield,7,D,Geoff Diehl,272,Governor,
Springfield,7,D,Kevin Reed,10,Governor,
Springfield,7,D,All Others,0,Governor,
Springfield,7,D,Blanks,11,Governor,
Springfield,7,D,Total Votes Cast,703,Governor,
Springfield,7,E,Maura Healey,261,Governor,
Springfield,7,E,Geoff Diehl,119,Governor,
Springfield,7,E,Kevin Reed,8,Governor,
Springfield,7,E,All Others,1,Governor,
Springfield,7,E,Blanks,9,Governor,
Springfield,7,E,Total Votes Cast,398,Governor,
Springfield,7,F,Maura Healey,603,Governor,
Springfield,7,F,Geoff Diehl,312,Governor,
Springfield,7,F,Kevin Reed,14,Governor,
Springfield,7,F,All Others,0,Governor,
Springfield,7,F,Blanks,20,Governor,
Springfield,7,F,Total Votes Cast,949,Governor,
Springfield,7,G,Maura Healey,566,Governor,
Springfield,7,G,Geoff Diehl,382,Governor,
Springfield,7,G,Kevin Reed,12,Governor,
Springfield,7,G,All Others,1,Governor,
Springfield,7,G,Blanks,16,Governor,
Springfield,7,G,Total Votes Cast,977,Governor,
Springfield,7,H,Maura Healey,240,Governor,
Springfield,7,H,Geoff Diehl,126,Governor,
Springfield,7,H,Kevin Reed,5,Governor,
Springfield,7,H,All Others,0,Governor,
Springfield,7,H,Blanks,8,Governor,
Springfield,7,H,Total Votes Cast,379,Governor,
Springfield,7,H1,Maura Healey,41,Governor,
Springfield,7,H1,Geoff Diehl,29,Governor,
Springfield,7,H1,Kevin Reed,1,Governor,
Springfield,7,H1,All Others,1,Governor,
Springfield,7,H1,Blanks,1,Governor,
Springfield,7,H1,Total Votes Cast,73,Governor,
Springfield,8,A,Maura Healey,317,Governor,
Springfield,8,A,Geoff Diehl,206,Governor,
Springfield,8,A,Kevin Reed,9,Governor,
Springfield,8,A,All Others,1,Governor,
Springfield,8,A,Blanks,6,Governor,
Springfield,8,A,Total Votes Cast,539,Governor,
Springfield,8,B,Maura Healey,339,Governor,
Springfield,8,B,Geoff Diehl,134,Governor,
Springfield,8,B,Kevin Reed,9,Governor,
Springfield,8,B,All Others,0,Governor,
Springfield,8,B,Blanks,1,Governor,
Springfield,8,B,Total Votes Cast,483,Governor,
Springfield,8,B1,Maura Healey,24,Governor,
Springfield,8,B1,Geoff Diehl,21,Governor,
Springfield,8,B1,Kevin Reed,0,Governor,
Springfield,8,B1,All Others,0,Governor,
Springfield,8,B1,Blanks,1,Governor,
Springfield,8,B1,Total Votes Cast,46,Governor,
Springfield,8,C,Maura Healey,346,Governor,
Springfield,8,C,Geoff Diehl,120,Governor,
Springfield,8,C,Kevin Reed,12,Governor,
Springfield,8,C,All Others,0,Governor,
Springfield,8,C,Blanks,11,Governor,
Springfield,8,C,Total Votes Cast,489,Governor,
Springfield,8,D,Maura Healey,184,Governor,
Springfield,8,D,Geoff Diehl,72,Governor,
Springfield,8,D,Kevin Reed,8,Governor,
Springfield,8,D,All Others,0,Governor,
Springfield,8,D,Blanks,1,Governor,
Springfield,8,D,Total Votes Cast,265,Governor,
Springfield,8,E,Maura Healey,190,Governor,
Springfield,8,E,Geoff Diehl,80,Governor,
Springfield,8,E,Kevin Reed,8,Governor,
Springfield,8,E,All Others,0,Governor,
Springfield,8,E,Blanks,2,Governor,
Springfield,8,E,Total Votes Cast,280,Governor,
Springfield,8,F,Maura Healey,293,Governor,
Springfield,8,F,Geoff Diehl,146,Governor,
Springfield,8,F,Kevin Reed,7,Governor,
Springfield,8,F,All Others,1,Governor,
Springfield,8,F,Blanks,5,Governor,
Springfield,8,F,Total Votes Cast,452,Governor,
Springfield,8,G,Maura Healey,303,Governor,
Springfield,8,G,Geoff Diehl,177,Governor,
Springfield,8,G,Kevin Reed,8,Governor,
Springfield,8,G,All Others,0,Governor,
Springfield,8,G,Blanks,8,Governor,
Springfield,8,G,Total Votes Cast,496,Governor,
Springfield,8,G1,Maura Healey,6,Governor,
Springfield,8,G1,Geoff Diehl,8,Governor,
Springfield,8,G1,Kevin Reed,0,Governor,
Springfield,8,G1,All Others,0,Governor,
Springfield,8,G1,Blanks,0,Governor,
Springfield,8,G1,Total Votes Cast,14,Governor,
Springfield,8,H,Maura Healey,334,Governor,
Springfield,8,H,Geoff Diehl,116,Governor,
Springfield,8,H,Kevin Reed,7,Governor,
Springfield,8,H,All Others,0,Governor,
Springfield,8,H,Blanks,12,Governor,
Springfield,8,H,Total Votes Cast,469,Governor,
Sterling,-,1,Maura Healey,1020,Governor,
Sterling,-,1,Geoff Diehl,989,Governor,
Sterling,-,1,Kevin Reed,28,Governor,
Sterling,-,1,All Others,1,Governor,
Sterling,-,1,Blanks,13,Governor,
Sterling,-,1,Total Votes Cast,2051,Governor,
Sterling,-,2,Maura Healey,1060,Governor,
Sterling,-,2,Geoff Diehl,1024,Governor,
Sterling,-,2,Kevin Reed,32,Governor,
Sterling,-,2,All Others,1,Governor,
Sterling,-,2,Blanks,13,Governor,
Sterling,-,2,Total Votes Cast,2130,Governor,
Stockbridge,,,Maura Healey,853,Governor,
Stockbridge,,,Geoff Diehl,191,Governor,
Stockbridge,,,Kevin Reed,13,Governor,
Stockbridge,,,All Others,1,Governor,
Stockbridge,,,Blanks,11,Governor,
Stockbridge,,,Total Votes Cast,1069,Governor,
Stoneham,-,1,Maura Healey,841,Governor,
Stoneham,-,1,Geoff Diehl,464,Governor,
Stoneham,-,1,Kevin Reed,16,Governor,
Stoneham,-,1,All Others,0,Governor,
Stoneham,-,1,Blanks,9,Governor,
Stoneham,-,1,Total Votes Cast,1330,Governor,
Stoneham,-,2,Maura Healey,915,Governor,
Stoneham,-,2,Geoff Diehl,490,Governor,
Stoneham,-,2,Kevin Reed,19,Governor,
Stoneham,-,2,All Others,0,Governor,
Stoneham,-,2,Blanks,12,Governor,
Stoneham,-,2,Total Votes Cast,1436,Governor,
Stoneham,-,3,Maura Healey,936,Governor,
Stoneham,-,3,Geoff Diehl,648,Governor,
Stoneham,-,3,Kevin Reed,24,Governor,
Stoneham,-,3,All Others,2,Governor,
Stoneham,-,3,Blanks,21,Governor,
Stoneham,-,3,Total Votes Cast,1631,Governor,
Stoneham,-,4,Maura Healey,799,Governor,
Stoneham,-,4,Geoff Diehl,578,Governor,
Stoneham,-,4,Kevin Reed,20,Governor,
Stoneham,-,4,All Others,3,Governor,
Stoneham,-,4,Blanks,17,Governor,
Stoneham,-,4,Total Votes Cast,1417,Governor,
Stoneham,-,5,Maura Healey,898,Governor,
Stoneham,-,5,Geoff Diehl,656,Governor,
Stoneham,-,5,Kevin Reed,18,Governor,
Stoneham,-,5,All Others,1,Governor,
Stoneham,-,5,Blanks,11,Governor,
Stoneham,-,5,Total Votes Cast,1584,Governor,
Stoneham,-,6,Maura Healey,1063,Governor,
Stoneham,-,6,Geoff Diehl,601,Governor,
Stoneham,-,6,Kevin Reed,22,Governor,
Stoneham,-,6,All Others,2,Governor,
Stoneham,-,6,Blanks,22,Governor,
Stoneham,-,6,Total Votes Cast,1710,Governor,
Stoneham,-,7,Maura Healey,811,Governor,
Stoneham,-,7,Geoff Diehl,529,Governor,
Stoneham,-,7,Kevin Reed,16,Governor,
Stoneham,-,7,All Others,1,Governor,
Stoneham,-,7,Blanks,8,Governor,
Stoneham,-,7,Total Votes Cast,1365,Governor,
Stoughton,-,1,Maura Healey,775,Governor,
Stoughton,-,1,Geoff Diehl,448,Governor,
Stoughton,-,1,Kevin Reed,21,Governor,
Stoughton,-,1,All Others,0,Governor,
Stoughton,-,1,Blanks,11,Governor,
Stoughton,-,1,Total Votes Cast,1255,Governor,
Stoughton,-,2,Maura Healey,710,Governor,
Stoughton,-,2,Geoff Diehl,419,Governor,
Stoughton,-,2,Kevin Reed,17,Governor,
Stoughton,-,2,All Others,0,Governor,
Stoughton,-,2,Blanks,15,Governor,
Stoughton,-,2,Total Votes Cast,1161,Governor,
Stoughton,-,2A,Maura Healey,113,Governor,
Stoughton,-,2A,Geoff Diehl,46,Governor,
Stoughton,-,2A,Kevin Reed,0,Governor,
Stoughton,-,2A,All Others,0,Governor,
Stoughton,-,2A,Blanks,3,Governor,
Stoughton,-,2A,Total Votes Cast,162,Governor,
Stoughton,-,3,Maura Healey,873,Governor,
Stoughton,-,3,Geoff Diehl,473,Governor,
Stoughton,-,3,Kevin Reed,12,Governor,
Stoughton,-,3,All Others,1,Governor,
Stoughton,-,3,Blanks,17,Governor,
Stoughton,-,3,Total Votes Cast,1376,Governor,
Stoughton,-,4,Maura Healey,925,Governor,
Stoughton,-,4,Geoff Diehl,636,Governor,
Stoughton,-,4,Kevin Reed,24,Governor,
Stoughton,-,4,All Others,0,Governor,
Stoughton,-,4,Blanks,13,Governor,
Stoughton,-,4,Total Votes Cast,1598,Governor,
Stoughton,-,4A,Maura Healey,66,Governor,
Stoughton,-,4A,Geoff Diehl,34,Governor,
Stoughton,-,4A,Kevin Reed,3,Governor,
Stoughton,-,4A,All Others,0,Governor,
Stoughton,-,4A,Blanks,0,Governor,
Stoughton,-,4A,Total Votes Cast,103,Governor,
Stoughton,-,5,Maura Healey,680,Governor,
Stoughton,-,5,Geoff Diehl,455,Governor,
Stoughton,-,5,Kevin Reed,10,Governor,
Stoughton,-,5,All Others,0,Governor,
Stoughton,-,5,Blanks,6,Governor,
Stoughton,-,5,Total Votes Cast,1151,Governor,
Stoughton,-,5A,Maura Healey,48,Governor,
Stoughton,-,5A,Geoff Diehl,47,Governor,
Stoughton,-,5A,Kevin Reed,1,Governor,
Stoughton,-,5A,All Others,0,Governor,
Stoughton,-,5A,Blanks,0,Governor,
Stoughton,-,5A,Total Votes Cast,96,Governor,
Stoughton,-,6,Maura Healey,909,Governor,
Stoughton,-,6,Geoff Diehl,476,Governor,
Stoughton,-,6,Kevin Reed,24,Governor,
Stoughton,-,6,All Others,0,Governor,
Stoughton,-,6,Blanks,15,Governor,
Stoughton,-,6,Total Votes Cast,1424,Governor,
Stoughton,-,7,Maura Healey,795,Governor,
Stoughton,-,7,Geoff Diehl,410,Governor,
Stoughton,-,7,Kevin Reed,22,Governor,
Stoughton,-,7,All Others,3,Governor,
Stoughton,-,7,Blanks,7,Governor,
Stoughton,-,7,Total Votes Cast,1237,Governor,
Stoughton,-,7A,Maura Healey,48,Governor,
Stoughton,-,7A,Geoff Diehl,12,Governor,
Stoughton,-,7A,Kevin Reed,0,Governor,
Stoughton,-,7A,All Others,0,Governor,
Stoughton,-,7A,Blanks,0,Governor,
Stoughton,-,7A,Total Votes Cast,60,Governor,
Stoughton,-,8,Maura Healey,538,Governor,
Stoughton,-,8,Geoff Diehl,277,Governor,
Stoughton,-,8,Kevin Reed,12,Governor,
Stoughton,-,8,All Others,1,Governor,
Stoughton,-,8,Blanks,9,Governor,
Stoughton,-,8,Total Votes Cast,837,Governor,
Stoughton,-,8A,Maura Healey,30,Governor,
Stoughton,-,8A,Geoff Diehl,28,Governor,
Stoughton,-,8A,Kevin Reed,1,Governor,
Stoughton,-,8A,All Others,0,Governor,
Stoughton,-,8A,Blanks,0,Governor,
Stoughton,-,8A,Total Votes Cast,59,Governor,
Stow,-,1,Maura Healey,1346,Governor,
Stow,-,1,Geoff Diehl,575,Governor,
Stow,-,1,Kevin Reed,40,Governor,
Stow,-,1,All Others,6,Governor,
Stow,-,1,Blanks,17,Governor,
Stow,-,1,Total Votes Cast,1984,Governor,
Stow,-,2,Maura Healey,1377,Governor,
Stow,-,2,Geoff Diehl,479,Governor,
Stow,-,2,Kevin Reed,28,Governor,
Stow,-,2,All Others,1,Governor,
Stow,-,2,Blanks,25,Governor,
Stow,-,2,Total Votes Cast,1910,Governor,
Sturbridge,-,1,Maura Healey,776,Governor,
Sturbridge,-,1,Geoff Diehl,617,Governor,
Sturbridge,-,1,Kevin Reed,33,Governor,
Sturbridge,-,1,All Others,1,Governor,
Sturbridge,-,1,Blanks,4,Governor,
Sturbridge,-,1,Total Votes Cast,1431,Governor,
Sturbridge,-,2,Maura Healey,791,Governor,
Sturbridge,-,2,Geoff Diehl,677,Governor,
Sturbridge,-,2,Kevin Reed,35,Governor,
Sturbridge,-,2,All Others,1,Governor,
Sturbridge,-,2,Blanks,13,Governor,
Sturbridge,-,2,Total Votes Cast,1517,Governor,
Sturbridge,-,3,Maura Healey,746,Governor,
Sturbridge,-,3,Geoff Diehl,605,Governor,
Sturbridge,-,3,Kevin Reed,38,Governor,
Sturbridge,-,3,All Others,0,Governor,
Sturbridge,-,3,Blanks,8,Governor,
Sturbridge,-,3,Total Votes Cast,1397,Governor,
Sudbury,-,1,Maura Healey,1162,Governor,
Sudbury,-,1,Geoff Diehl,390,Governor,
Sudbury,-,1,Kevin Reed,25,Governor,
Sudbury,-,1,All Others,0,Governor,
Sudbury,-,1,Blanks,17,Governor,
Sudbury,-,1,Total Votes Cast,1594,Governor,
Sudbury,-,2,Maura Healey,1188,Governor,
Sudbury,-,2,Geoff Diehl,347,Governor,
Sudbury,-,2,Kevin Reed,24,Governor,
Sudbury,-,2,All Others,0,Governor,
Sudbury,-,2,Blanks,19,Governor,
Sudbury,-,2,Total Votes Cast,1578,Governor,
Sudbury,-,3,Maura Healey,995,Governor,
Sudbury,-,3,Geoff Diehl,389,Governor,
Sudbury,-,3,Kevin Reed,11,Governor,
Sudbury,-,3,All Others,0,Governor,
Sudbury,-,3,Blanks,13,Governor,
Sudbury,-,3,Total Votes Cast,1408,Governor,
Sudbury,-,4,Maura Healey,1126,Governor,
Sudbury,-,4,Geoff Diehl,378,Governor,
Sudbury,-,4,Kevin Reed,19,Governor,
Sudbury,-,4,All Others,0,Governor,
Sudbury,-,4,Blanks,8,Governor,
Sudbury,-,4,Total Votes Cast,1531,Governor,
Sudbury,-,5,Maura Healey,1063,Governor,
Sudbury,-,5,Geoff Diehl,383,Governor,
Sudbury,-,5,Kevin Reed,23,Governor,
Sudbury,-,5,All Others,0,Governor,
Sudbury,-,5,Blanks,21,Governor,
Sudbury,-,5,Total Votes Cast,1490,Governor,
Sudbury,-,6,Maura Healey,1145,Governor,
Sudbury,-,6,Geoff Diehl,374,Governor,
Sudbury,-,6,Kevin Reed,22,Governor,
Sudbury,-,6,All Others,0,Governor,
Sudbury,-,6,Blanks,8,Governor,
Sudbury,-,6,Total Votes Cast,1549,Governor,
Sunderland,,,Maura Healey,1048,Governor,
Sunderland,,,Geoff Diehl,301,Governor,
Sunderland,,,Kevin Reed,25,Governor,
Sunderland,,,All Others,1,Governor,
Sunderland,,,Blanks,9,Governor,
Sunderland,,,Total Votes Cast,1384,Governor,
Sutton,-,1,Maura Healey,731,Governor,
Sutton,-,1,Geoff Diehl,823,Governor,
Sutton,-,1,Kevin Reed,29,Governor,
Sutton,-,1,All Others,3,Governor,
Sutton,-,1,Blanks,7,Governor,
Sutton,-,1,Total Votes Cast,1593,Governor,
Sutton,-,2,Maura Healey,653,Governor,
Sutton,-,2,Geoff Diehl,817,Governor,
Sutton,-,2,Kevin Reed,25,Governor,
Sutton,-,2,All Others,1,Governor,
Sutton,-,2,Blanks,11,Governor,
Sutton,-,2,Total Votes Cast,1507,Governor,
Sutton,-,3,Maura Healey,723,Governor,
Sutton,-,3,Geoff Diehl,737,Governor,
Sutton,-,3,Kevin Reed,28,Governor,
Sutton,-,3,All Others,0,Governor,
Sutton,-,3,Blanks,11,Governor,
Sutton,-,3,Total Votes Cast,1499,Governor,
Swampscott,-,1,Maura Healey,725,Governor,
Swampscott,-,1,Geoff Diehl,320,Governor,
Swampscott,-,1,Kevin Reed,15,Governor,
Swampscott,-,1,All Others,0,Governor,
Swampscott,-,1,Blanks,6,Governor,
Swampscott,-,1,Total Votes Cast,1066,Governor,
Swampscott,-,2,Maura Healey,703,Governor,
Swampscott,-,2,Geoff Diehl,364,Governor,
Swampscott,-,2,Kevin Reed,19,Governor,
Swampscott,-,2,All Others,1,Governor,
Swampscott,-,2,Blanks,13,Governor,
Swampscott,-,2,Total Votes Cast,1100,Governor,
Swampscott,-,3,Maura Healey,913,Governor,
Swampscott,-,3,Geoff Diehl,233,Governor,
Swampscott,-,3,Kevin Reed,13,Governor,
Swampscott,-,3,All Others,7,Governor,
Swampscott,-,3,Blanks,9,Governor,
Swampscott,-,3,Total Votes Cast,1175,Governor,
Swampscott,-,4,Maura Healey,954,Governor,
Swampscott,-,4,Geoff Diehl,309,Governor,
Swampscott,-,4,Kevin Reed,14,Governor,
Swampscott,-,4,All Others,6,Governor,
Swampscott,-,4,Blanks,11,Governor,
Swampscott,-,4,Total Votes Cast,1294,Governor,
Swampscott,-,5,Maura Healey,854,Governor,
Swampscott,-,5,Geoff Diehl,360,Governor,
Swampscott,-,5,Kevin Reed,18,Governor,
Swampscott,-,5,All Others,2,Governor,
Swampscott,-,5,Blanks,14,Governor,
Swampscott,-,5,Total Votes Cast,1248,Governor,
Swampscott,-,6,Maura Healey,858,Governor,
Swampscott,-,6,Geoff Diehl,316,Governor,
Swampscott,-,6,Kevin Reed,15,Governor,
Swampscott,-,6,All Others,7,Governor,
Swampscott,-,6,Blanks,14,Governor,
Swampscott,-,6,Total Votes Cast,1210,Governor,
Swansea,-,1,Maura Healey,580,Governor,
Swansea,-,1,Geoff Diehl,751,Governor,
Swansea,-,1,Kevin Reed,19,Governor,
Swansea,-,1,All Others,2,Governor,
Swansea,-,1,Blanks,11,Governor,
Swansea,-,1,Total Votes Cast,1363,Governor,
Swansea,-,2,Maura Healey,726,Governor,
Swansea,-,2,Geoff Diehl,604,Governor,
Swansea,-,2,Kevin Reed,18,Governor,
Swansea,-,2,All Others,3,Governor,
Swansea,-,2,Blanks,10,Governor,
Swansea,-,2,Total Votes Cast,1361,Governor,
Swansea,-,3,Maura Healey,720,Governor,
Swansea,-,3,Geoff Diehl,623,Governor,
Swansea,-,3,Kevin Reed,24,Governor,
Swansea,-,3,All Others,1,Governor,
Swansea,-,3,Blanks,12,Governor,
Swansea,-,3,Total Votes Cast,1380,Governor,
Swansea,-,4,Maura Healey,660,Governor,
Swansea,-,4,Geoff Diehl,729,Governor,
Swansea,-,4,Kevin Reed,22,Governor,
Swansea,-,4,All Others,2,Governor,
Swansea,-,4,Blanks,6,Governor,
Swansea,-,4,Total Votes Cast,1419,Governor,
Swansea,-,5,Maura Healey,640,Governor,
Swansea,-,5,Geoff Diehl,761,Governor,
Swansea,-,5,Kevin Reed,20,Governor,
Swansea,-,5,All Others,2,Governor,
Swansea,-,5,Blanks,6,Governor,
Swansea,-,5,Total Votes Cast,1429,Governor,
Taunton,1,A,Maura Healey,494,Governor,
Taunton,1,A,Geoff Diehl,315,Governor,
Taunton,1,A,Kevin Reed,22,Governor,
Taunton,1,A,All Others,0,Governor,
Taunton,1,A,Blanks,18,Governor,
Taunton,1,A,Total Votes Cast,849,Governor,
Taunton,1,A1,Maura Healey,32,Governor,
Taunton,1,A1,Geoff Diehl,7,Governor,
Taunton,1,A1,Kevin Reed,1,Governor,
Taunton,1,A1,All Others,0,Governor,
Taunton,1,A1,Blanks,1,Governor,
Taunton,1,A1,Total Votes Cast,41,Governor,
Taunton,1,B,Maura Healey,629,Governor,
Taunton,1,B,Geoff Diehl,652,Governor,
Taunton,1,B,Kevin Reed,32,Governor,
Taunton,1,B,All Others,0,Governor,
Taunton,1,B,Blanks,14,Governor,
Taunton,1,B,Total Votes Cast,1327,Governor,
Taunton,2,A,Maura Healey,292,Governor,
Taunton,2,A,Geoff Diehl,165,Governor,
Taunton,2,A,Kevin Reed,9,Governor,
Taunton,2,A,All Others,0,Governor,
Taunton,2,A,Blanks,8,Governor,
Taunton,2,A,Total Votes Cast,474,Governor,
Taunton,2,B,Maura Healey,425,Governor,
Taunton,2,B,Geoff Diehl,286,Governor,
Taunton,2,B,Kevin Reed,22,Governor,
Taunton,2,B,All Others,0,Governor,
Taunton,2,B,Blanks,14,Governor,
Taunton,2,B,Total Votes Cast,747,Governor,
Taunton,3,A,Maura Healey,537,Governor,
Taunton,3,A,Geoff Diehl,374,Governor,
Taunton,3,A,Kevin Reed,20,Governor,
Taunton,3,A,All Others,0,Governor,
Taunton,3,A,Blanks,19,Governor,
Taunton,3,A,Total Votes Cast,950,Governor,
Taunton,3,B,Maura Healey,644,Governor,
Taunton,3,B,Geoff Diehl,545,Governor,
Taunton,3,B,Kevin Reed,18,Governor,
Taunton,3,B,All Others,0,Governor,
Taunton,3,B,Blanks,12,Governor,
Taunton,3,B,Total Votes Cast,1219,Governor,
Taunton,4,A,Maura Healey,582,Governor,
Taunton,4,A,Geoff Diehl,609,Governor,
Taunton,4,A,Kevin Reed,21,Governor,
Taunton,4,A,All Others,0,Governor,
Taunton,4,A,Blanks,15,Governor,
Taunton,4,A,Total Votes Cast,1227,Governor,
Taunton,4,B,Maura Healey,610,Governor,
Taunton,4,B,Geoff Diehl,499,Governor,
Taunton,4,B,Kevin Reed,19,Governor,
Taunton,4,B,All Others,0,Governor,
Taunton,4,B,Blanks,16,Governor,
Taunton,4,B,Total Votes Cast,1144,Governor,
Taunton,4,B1,Maura Healey,11,Governor,
Taunton,4,B1,Geoff Diehl,16,Governor,
Taunton,4,B1,Kevin Reed,0,Governor,
Taunton,4,B1,All Others,0,Governor,
Taunton,4,B1,Blanks,1,Governor,
Taunton,4,B1,Total Votes Cast,28,Governor,
Taunton,5,A,Maura Healey,450,Governor,
Taunton,5,A,Geoff Diehl,310,Governor,
Taunton,5,A,Kevin Reed,20,Governor,
Taunton,5,A,All Others,1,Governor,
Taunton,5,A,Blanks,17,Governor,
Taunton,5,A,Total Votes Cast,798,Governor,
Taunton,5,B,Maura Healey,418,Governor,
Taunton,5,B,Geoff Diehl,283,Governor,
Taunton,5,B,Kevin Reed,16,Governor,
Taunton,5,B,All Others,0,Governor,
Taunton,5,B,Blanks,13,Governor,
Taunton,5,B,Total Votes Cast,730,Governor,
Taunton,6,A,Maura Healey,423,Governor,
Taunton,6,A,Geoff Diehl,281,Governor,
Taunton,6,A,Kevin Reed,14,Governor,
Taunton,6,A,All Others,0,Governor,
Taunton,6,A,Blanks,14,Governor,
Taunton,6,A,Total Votes Cast,732,Governor,
Taunton,6,B,Maura Healey,550,Governor,
Taunton,6,B,Geoff Diehl,408,Governor,
Taunton,6,B,Kevin Reed,13,Governor,
Taunton,6,B,All Others,0,Governor,
Taunton,6,B,Blanks,12,Governor,
Taunton,6,B,Total Votes Cast,983,Governor,
Taunton,7,A,Maura Healey,714,Governor,
Taunton,7,A,Geoff Diehl,571,Governor,
Taunton,7,A,Kevin Reed,23,Governor,
Taunton,7,A,All Others,0,Governor,
Taunton,7,A,Blanks,11,Governor,
Taunton,7,A,Total Votes Cast,1319,Governor,
Taunton,7,B,Maura Healey,711,Governor,
Taunton,7,B,Geoff Diehl,777,Governor,
Taunton,7,B,Kevin Reed,20,Governor,
Taunton,7,B,All Others,1,Governor,
Taunton,7,B,Blanks,18,Governor,
Taunton,7,B,Total Votes Cast,1527,Governor,
Taunton,8,A,Maura Healey,743,Governor,
Taunton,8,A,Geoff Diehl,602,Governor,
Taunton,8,A,Kevin Reed,16,Governor,
Taunton,8,A,All Others,0,Governor,
Taunton,8,A,Blanks,26,Governor,
Taunton,8,A,Total Votes Cast,1387,Governor,
Taunton,8,B,Maura Healey,785,Governor,
Taunton,8,B,Geoff Diehl,666,Governor,
Taunton,8,B,Kevin Reed,27,Governor,
Taunton,8,B,All Others,2,Governor,
Taunton,8,B,Blanks,16,Governor,
Taunton,8,B,Total Votes Cast,1496,Governor,
Templeton,-,A,Maura Healey,499,Governor,
Templeton,-,A,Geoff Diehl,678,Governor,
Templeton,-,A,Kevin Reed,19,Governor,
Templeton,-,A,All Others,1,Governor,
Templeton,-,A,Blanks,6,Governor,
Templeton,-,A,Total Votes Cast,1203,Governor,
Templeton,-,B,Maura Healey,445,Governor,
Templeton,-,B,Geoff Diehl,541,Governor,
Templeton,-,B,Kevin Reed,16,Governor,
Templeton,-,B,All Others,0,Governor,
Templeton,-,B,Blanks,14,Governor,
Templeton,-,B,Total Votes Cast,1016,Governor,
Templeton,-,C,Maura Healey,459,Governor,
Templeton,-,C,Geoff Diehl,464,Governor,
Templeton,-,C,Kevin Reed,16,Governor,
Templeton,-,C,All Others,0,Governor,
Templeton,-,C,Blanks,5,Governor,
Templeton,-,C,Total Votes Cast,944,Governor,
Tewksbury,-,1,Maura Healey,761,Governor,
Tewksbury,-,1,Geoff Diehl,679,Governor,
Tewksbury,-,1,Kevin Reed,23,Governor,
Tewksbury,-,1,All Others,2,Governor,
Tewksbury,-,1,Blanks,11,Governor,
Tewksbury,-,1,Total Votes Cast,1476,Governor,
Tewksbury,-,2,Maura Healey,899,Governor,
Tewksbury,-,2,Geoff Diehl,821,Governor,
Tewksbury,-,2,Kevin Reed,32,Governor,
Tewksbury,-,2,All Others,3,Governor,
Tewksbury,-,2,Blanks,7,Governor,
Tewksbury,-,2,Total Votes Cast,1762,Governor,
Tewksbury,-,3,Maura Healey,744,Governor,
Tewksbury,-,3,Geoff Diehl,781,Governor,
Tewksbury,-,3,Kevin Reed,32,Governor,
Tewksbury,-,3,All Others,3,Governor,
Tewksbury,-,3,Blanks,11,Governor,
Tewksbury,-,3,Total Votes Cast,1571,Governor,
Tewksbury,-,4,Maura Healey,840,Governor,
Tewksbury,-,4,Geoff Diehl,698,Governor,
Tewksbury,-,4,Kevin Reed,24,Governor,
Tewksbury,-,4,All Others,4,Governor,
Tewksbury,-,4,Blanks,11,Governor,
Tewksbury,-,4,Total Votes Cast,1577,Governor,
Tewksbury,-,5,Maura Healey,767,Governor,
Tewksbury,-,5,Geoff Diehl,714,Governor,
Tewksbury,-,5,Kevin Reed,26,Governor,
Tewksbury,-,5,All Others,1,Governor,
Tewksbury,-,5,Blanks,17,Governor,
Tewksbury,-,5,Total Votes Cast,1525,Governor,
Tewksbury,-,5A,Maura Healey,163,Governor,
Tewksbury,-,5A,Geoff Diehl,77,Governor,
Tewksbury,-,5A,Kevin Reed,4,Governor,
Tewksbury,-,5A,All Others,0,Governor,
Tewksbury,-,5A,Blanks,1,Governor,
Tewksbury,-,5A,Total Votes Cast,245,Governor,
Tewksbury,-,6,Maura Healey,760,Governor,
Tewksbury,-,6,Geoff Diehl,838,Governor,
Tewksbury,-,6,Kevin Reed,21,Governor,
Tewksbury,-,6,All Others,2,Governor,
Tewksbury,-,6,Blanks,10,Governor,
Tewksbury,-,6,Total Votes Cast,1631,Governor,
Tewksbury,-,7,Maura Healey,962,Governor,
Tewksbury,-,7,Geoff Diehl,944,Governor,
Tewksbury,-,7,Kevin Reed,21,Governor,
Tewksbury,-,7,All Others,2,Governor,
Tewksbury,-,7,Blanks,8,Governor,
Tewksbury,-,7,Total Votes Cast,1937,Governor,
Tewksbury,-,8,Maura Healey,877,Governor,
Tewksbury,-,8,Geoff Diehl,798,Governor,
Tewksbury,-,8,Kevin Reed,24,Governor,
Tewksbury,-,8,All Others,3,Governor,
Tewksbury,-,8,Blanks,5,Governor,
Tewksbury,-,8,Total Votes Cast,1707,Governor,
Tisbury,,,Maura Healey,1575,Governor,
Tisbury,,,Geoff Diehl,419,Governor,
Tisbury,,,Kevin Reed,33,Governor,
Tisbury,,,All Others,0,Governor,
Tisbury,,,Blanks,14,Governor,
Tisbury,,,Total Votes Cast,2041,Governor,
Tolland,,,Maura Healey,96,Governor,
Tolland,,,Geoff Diehl,144,Governor,
Tolland,,,Kevin Reed,5,Governor,
Tolland,,,All Others,0,Governor,
Tolland,,,Blanks,4,Governor,
Tolland,,,Total Votes Cast,249,Governor,
Topsfield,-,1,Maura Healey,960,Governor,
Topsfield,-,1,Geoff Diehl,744,Governor,
Topsfield,-,1,Kevin Reed,27,Governor,
Topsfield,-,1,All Others,1,Governor,
Topsfield,-,1,Blanks,22,Governor,
Topsfield,-,1,Total Votes Cast,1754,Governor,
Topsfield,-,2,Maura Healey,932,Governor,
Topsfield,-,2,Geoff Diehl,639,Governor,
Topsfield,-,2,Kevin Reed,26,Governor,
Topsfield,-,2,All Others,3,Governor,
Topsfield,-,2,Blanks,8,Governor,
Topsfield,-,2,Total Votes Cast,1608,Governor,
Townsend,-,1,Maura Healey,572,Governor,
Townsend,-,1,Geoff Diehl,709,Governor,
Townsend,-,1,Kevin Reed,28,Governor,
Townsend,-,1,All Others,0,Governor,
Townsend,-,1,Blanks,15,Governor,
Townsend,-,1,Total Votes Cast,1324,Governor,
Townsend,-,2,Maura Healey,639,Governor,
Townsend,-,2,Geoff Diehl,654,Governor,
Townsend,-,2,Kevin Reed,21,Governor,
Townsend,-,2,All Others,0,Governor,
Townsend,-,2,Blanks,16,Governor,
Townsend,-,2,Total Votes Cast,1330,Governor,
Townsend,-,3,Maura Healey,661,Governor,
Townsend,-,3,Geoff Diehl,646,Governor,
Townsend,-,3,Kevin Reed,20,Governor,
Townsend,-,3,All Others,3,Governor,
Townsend,-,3,Blanks,12,Governor,
Townsend,-,3,Total Votes Cast,1342,Governor,
Truro,,,Maura Healey,1164,Governor,
Truro,,,Geoff Diehl,300,Governor,
Truro,,,Kevin Reed,19,Governor,
Truro,,,All Others,0,Governor,
Truro,,,Blanks,7,Governor,
Truro,,,Total Votes Cast,1490,Governor,
Tyngsborough,-,1,Maura Healey,672,Governor,
Tyngsborough,-,1,Geoff Diehl,633,Governor,
Tyngsborough,-,1,Kevin Reed,19,Governor,
Tyngsborough,-,1,All Others,0,Governor,
Tyngsborough,-,1,Blanks,11,Governor,
Tyngsborough,-,1,Total Votes Cast,1335,Governor,
Tyngsborough,-,2,Maura Healey,616,Governor,
Tyngsborough,-,2,Geoff Diehl,589,Governor,
Tyngsborough,-,2,Kevin Reed,19,Governor,
Tyngsborough,-,2,All Others,0,Governor,
Tyngsborough,-,2,Blanks,11,Governor,
Tyngsborough,-,2,Total Votes Cast,1235,Governor,
Tyngsborough,-,3,Maura Healey,626,Governor,
Tyngsborough,-,3,Geoff Diehl,500,Governor,
Tyngsborough,-,3,Kevin Reed,24,Governor,
Tyngsborough,-,3,All Others,0,Governor,
Tyngsborough,-,3,Blanks,8,Governor,
Tyngsborough,-,3,Total Votes Cast,1158,Governor,
Tyngsborough,-,4,Maura Healey,849,Governor,
Tyngsborough,-,4,Geoff Diehl,726,Governor,
Tyngsborough,-,4,Kevin Reed,21,Governor,
Tyngsborough,-,4,All Others,0,Governor,
Tyngsborough,-,4,Blanks,14,Governor,
Tyngsborough,-,4,Total Votes Cast,1610,Governor,
Tyringham,,,Maura Healey,178,Governor,
Tyringham,,,Geoff Diehl,58,Governor,
Tyringham,,,Kevin Reed,7,Governor,
Tyringham,,,All Others,0,Governor,
Tyringham,,,Blanks,2,Governor,
Tyringham,,,Total Votes Cast,245,Governor,
Upton,-,1,Maura Healey,794,Governor,
Upton,-,1,Geoff Diehl,493,Governor,
Upton,-,1,Kevin Reed,25,Governor,
Upton,-,1,All Others,1,Governor,
Upton,-,1,Blanks,10,Governor,
Upton,-,1,Total Votes Cast,1323,Governor,
Upton,-,2,Maura Healey,794,Governor,
Upton,-,2,Geoff Diehl,580,Governor,
Upton,-,2,Kevin Reed,23,Governor,
Upton,-,2,All Others,1,Governor,
Upton,-,2,Blanks,13,Governor,
Upton,-,2,Total Votes Cast,1411,Governor,
Upton,-,3,Maura Healey,659,Governor,
Upton,-,3,Geoff Diehl,513,Governor,
Upton,-,3,Kevin Reed,20,Governor,
Upton,-,3,All Others,0,Governor,
Upton,-,3,Blanks,21,Governor,
Upton,-,3,Total Votes Cast,1213,Governor,
Uxbridge,-,1,Maura Healey,680,Governor,
Uxbridge,-,1,Geoff Diehl,791,Governor,
Uxbridge,-,1,Kevin Reed,28,Governor,
Uxbridge,-,1,All Others,1,Governor,
Uxbridge,-,1,Blanks,14,Governor,
Uxbridge,-,1,Total Votes Cast,1514,Governor,
Uxbridge,-,1A,Maura Healey,57,Governor,
Uxbridge,-,1A,Geoff Diehl,81,Governor,
Uxbridge,-,1A,Kevin Reed,4,Governor,
Uxbridge,-,1A,All Others,0,Governor,
Uxbridge,-,1A,Blanks,2,Governor,
Uxbridge,-,1A,Total Votes Cast,144,Governor,
Uxbridge,-,2,Maura Healey,680,Governor,
Uxbridge,-,2,Geoff Diehl,668,Governor,
Uxbridge,-,2,Kevin Reed,24,Governor,
Uxbridge,-,2,All Others,0,Governor,
Uxbridge,-,2,Blanks,8,Governor,
Uxbridge,-,2,Total Votes Cast,1380,Governor,
Uxbridge,-,3,Maura Healey,713,Governor,
Uxbridge,-,3,Geoff Diehl,778,Governor,
Uxbridge,-,3,Kevin Reed,31,Governor,
Uxbridge,-,3,All Others,1,Governor,
Uxbridge,-,3,Blanks,13,Governor,
Uxbridge,-,3,Total Votes Cast,1536,Governor,
Uxbridge,-,4,Maura Healey,780,Governor,
Uxbridge,-,4,Geoff Diehl,774,Governor,
Uxbridge,-,4,Kevin Reed,35,Governor,
Uxbridge,-,4,All Others,1,Governor,
Uxbridge,-,4,Blanks,11,Governor,
Uxbridge,-,4,Total Votes Cast,1601,Governor,
W. Boylston,-,1,Maura Healey,903,Governor,
W. Boylston,-,1,Geoff Diehl,682,Governor,
W. Boylston,-,1,Kevin Reed,26,Governor,
W. Boylston,-,1,All Others,3,Governor,
W. Boylston,-,1,Blanks,8,Governor,
W. Boylston,-,1,Total Votes Cast,1622,Governor,
W. Boylston,-,2,Maura Healey,1055,Governor,
W. Boylston,-,2,Geoff Diehl,808,Governor,
W. Boylston,-,2,Kevin Reed,47,Governor,
W. Boylston,-,2,All Others,4,Governor,
W. Boylston,-,2,Blanks,12,Governor,
W. Boylston,-,2,Total Votes Cast,1926,Governor,
W. Bridgewater,-,1,Maura Healey,705,Governor,
W. Bridgewater,-,1,Geoff Diehl,862,Governor,
W. Bridgewater,-,1,Kevin Reed,30,Governor,
W. Bridgewater,-,1,All Others,0,Governor,
W. Bridgewater,-,1,Blanks,14,Governor,
W. Bridgewater,-,1,Total Votes Cast,1611,Governor,
W. Bridgewater,-,2,Maura Healey,746,Governor,
W. Bridgewater,-,2,Geoff Diehl,884,Governor,
W. Bridgewater,-,2,Kevin Reed,23,Governor,
W. Bridgewater,-,2,All Others,0,Governor,
W. Bridgewater,-,2,Blanks,15,Governor,
W. Bridgewater,-,2,Total Votes Cast,1668,Governor,
W. Brookfield,,,Maura Healey,840,Governor,
W. Brookfield,,,Geoff Diehl,863,Governor,
W. Brookfield,,,Kevin Reed,34,Governor,
W. Brookfield,,,All Others,1,Governor,
W. Brookfield,,,Blanks,11,Governor,
W. Brookfield,,,Total Votes Cast,1749,Governor,
W. Newbury,,,Maura Healey,1626,Governor,
W. Newbury,,,Geoff Diehl,894,Governor,
W. Newbury,,,Kevin Reed,54,Governor,
W. Newbury,,,All Others,2,Governor,
W. Newbury,,,Blanks,10,Governor,
W. Newbury,,,Total Votes Cast,2586,Governor,
W. Springfield,-,1,Maura Healey,204,Governor,
W. Springfield,-,1,Geoff Diehl,161,Governor,
W. Springfield,-,1,Kevin Reed,6,Governor,
W. Springfield,-,1,All Others,0,Governor,
W. Springfield,-,1,Blanks,4,Governor,
W. Springfield,-,1,Total Votes Cast,375,Governor,
W. Springfield,-,2,Maura Healey,323,Governor,
W. Springfield,-,2,Geoff Diehl,216,Governor,
W. Springfield,-,2,Kevin Reed,11,Governor,
W. Springfield,-,2,All Others,0,Governor,
W. Springfield,-,2,Blanks,6,Governor,
W. Springfield,-,2,Total Votes Cast,556,Governor,
W. Springfield,-,3,Maura Healey,535,Governor,
W. Springfield,-,3,Geoff Diehl,398,Governor,
W. Springfield,-,3,Kevin Reed,21,Governor,
W. Springfield,-,3,All Others,2,Governor,
W. Springfield,-,3,Blanks,10,Governor,
W. Springfield,-,3,Total Votes Cast,966,Governor,
W. Springfield,-,4,Maura Healey,598,Governor,
W. Springfield,-,4,Geoff Diehl,432,Governor,
W. Springfield,-,4,Kevin Reed,19,Governor,
W. Springfield,-,4,All Others,0,Governor,
W. Springfield,-,4,Blanks,14,Governor,
W. Springfield,-,4,Total Votes Cast,1063,Governor,
W. Springfield,-,5,Maura Healey,817,Governor,
W. Springfield,-,5,Geoff Diehl,757,Governor,
W. Springfield,-,5,Kevin Reed,26,Governor,
W. Springfield,-,5,All Others,1,Governor,
W. Springfield,-,5,Blanks,25,Governor,
W. Springfield,-,5,Total Votes Cast,1626,Governor,
W. Springfield,-,6,Maura Healey,703,Governor,
W. Springfield,-,6,Geoff Diehl,735,Governor,
W. Springfield,-,6,Kevin Reed,16,Governor,
W. Springfield,-,6,All Others,1,Governor,
W. Springfield,-,6,Blanks,16,Governor,
W. Springfield,-,6,Total Votes Cast,1471,Governor,
W. Springfield,-,7,Maura Healey,677,Governor,
W. Springfield,-,7,Geoff Diehl,730,Governor,
W. Springfield,-,7,Kevin Reed,21,Governor,
W. Springfield,-,7,All Others,1,Governor,
W. Springfield,-,7,Blanks,15,Governor,
W. Springfield,-,7,Total Votes Cast,1444,Governor,
W. Springfield,-,8,Maura Healey,567,Governor,
W. Springfield,-,8,Geoff Diehl,457,Governor,
W. Springfield,-,8,Kevin Reed,19,Governor,
W. Springfield,-,8,All Others,0,Governor,
W. Springfield,-,8,Blanks,14,Governor,
W. Springfield,-,8,Total Votes Cast,1057,Governor,
W. Stockbridge,,,Maura Healey,590,Governor,
W. Stockbridge,,,Geoff Diehl,129,Governor,
W. Stockbridge,,,Kevin Reed,16,Governor,
W. Stockbridge,,,All Others,0,Governor,
W. Stockbridge,,,Blanks,15,Governor,
W. Stockbridge,,,Total Votes Cast,750,Governor,
W. Tisbury,,,Maura Healey,1472,Governor,
W. Tisbury,,,Geoff Diehl,272,Governor,
W. Tisbury,,,Kevin Reed,16,Governor,
W. Tisbury,,,All Others,1,Governor,
W. Tisbury,,,Blanks,12,Governor,
W. Tisbury,,,Total Votes Cast,1773,Governor,
Wakefield,-,1,Maura Healey,836,Governor,
Wakefield,-,1,Geoff Diehl,777,Governor,
Wakefield,-,1,Kevin Reed,17,Governor,
Wakefield,-,1,All Others,1,Governor,
Wakefield,-,1,Blanks,14,Governor,
Wakefield,-,1,Total Votes Cast,1645,Governor,
Wakefield,-,2,Maura Healey,952,Governor,
Wakefield,-,2,Geoff Diehl,579,Governor,
Wakefield,-,2,Kevin Reed,22,Governor,
Wakefield,-,2,All Others,0,Governor,
Wakefield,-,2,Blanks,17,Governor,
Wakefield,-,2,Total Votes Cast,1570,Governor,
Wakefield,-,3,Maura Healey,1051,Governor,
Wakefield,-,3,Geoff Diehl,742,Governor,
Wakefield,-,3,Kevin Reed,33,Governor,
Wakefield,-,3,All Others,6,Governor,
Wakefield,-,3,Blanks,12,Governor,
Wakefield,-,3,Total Votes Cast,1844,Governor,
Wakefield,-,4,Maura Healey,966,Governor,
Wakefield,-,4,Geoff Diehl,535,Governor,
Wakefield,-,4,Kevin Reed,20,Governor,
Wakefield,-,4,All Others,3,Governor,
Wakefield,-,4,Blanks,15,Governor,
Wakefield,-,4,Total Votes Cast,1539,Governor,
Wakefield,-,5,Maura Healey,1160,Governor,
Wakefield,-,5,Geoff Diehl,640,Governor,
Wakefield,-,5,Kevin Reed,16,Governor,
Wakefield,-,5,All Others,1,Governor,
Wakefield,-,5,Blanks,15,Governor,
Wakefield,-,5,Total Votes Cast,1832,Governor,
Wakefield,-,6,Maura Healey,1286,Governor,
Wakefield,-,6,Geoff Diehl,657,Governor,
Wakefield,-,6,Kevin Reed,22,Governor,
Wakefield,-,6,All Others,2,Governor,
Wakefield,-,6,Blanks,27,Governor,
Wakefield,-,6,Total Votes Cast,1994,Governor,
Wakefield,-,7,Maura Healey,1085,Governor,
Wakefield,-,7,Geoff Diehl,725,Governor,
Wakefield,-,7,Kevin Reed,21,Governor,
Wakefield,-,7,All Others,6,Governor,
Wakefield,-,7,Blanks,18,Governor,
Wakefield,-,7,Total Votes Cast,1855,Governor,
Wales,,,Maura Healey,284,Governor,
Wales,,,Geoff Diehl,458,Governor,
Wales,,,Kevin Reed,12,Governor,
Wales,,,All Others,1,Governor,
Wales,,,Blanks,4,Governor,
Wales,,,Total Votes Cast,759,Governor,
Walpole,-,1,Maura Healey,853,Governor,
Walpole,-,1,Geoff Diehl,524,Governor,
Walpole,-,1,Kevin Reed,22,Governor,
Walpole,-,1,All Others,0,Governor,
Walpole,-,1,Blanks,10,Governor,
Walpole,-,1,Total Votes Cast,1409,Governor,
Walpole,-,2,Maura Healey,849,Governor,
Walpole,-,2,Geoff Diehl,735,Governor,
Walpole,-,2,Kevin Reed,23,Governor,
Walpole,-,2,All Others,0,Governor,
Walpole,-,2,Blanks,15,Governor,
Walpole,-,2,Total Votes Cast,1622,Governor,
Walpole,-,2A,Maura Healey,12,Governor,
Walpole,-,2A,Geoff Diehl,16,Governor,
Walpole,-,2A,Kevin Reed,0,Governor,
Walpole,-,2A,All Others,0,Governor,
Walpole,-,2A,Blanks,0,Governor,
Walpole,-,2A,Total Votes Cast,28,Governor,
Walpole,-,3,Maura Healey,1036,Governor,
Walpole,-,3,Geoff Diehl,733,Governor,
Walpole,-,3,Kevin Reed,38,Governor,
Walpole,-,3,All Others,0,Governor,
Walpole,-,3,Blanks,20,Governor,
Walpole,-,3,Total Votes Cast,1827,Governor,
Walpole,-,4,Maura Healey,716,Governor,
Walpole,-,4,Geoff Diehl,484,Governor,
Walpole,-,4,Kevin Reed,16,Governor,
Walpole,-,4,All Others,0,Governor,
Walpole,-,4,Blanks,15,Governor,
Walpole,-,4,Total Votes Cast,1231,Governor,
Walpole,-,5,Maura Healey,659,Governor,
Walpole,-,5,Geoff Diehl,527,Governor,
Walpole,-,5,Kevin Reed,21,Governor,
Walpole,-,5,All Others,0,Governor,
Walpole,-,5,Blanks,19,Governor,
Walpole,-,5,Total Votes Cast,1226,Governor,
Walpole,-,5A,Maura Healey,29,Governor,
Walpole,-,5A,Geoff Diehl,42,Governor,
Walpole,-,5A,Kevin Reed,3,Governor,
Walpole,-,5A,All Others,0,Governor,
Walpole,-,5A,Blanks,0,Governor,
Walpole,-,5A,Total Votes Cast,74,Governor,
Walpole,-,6,Maura Healey,894,Governor,
Walpole,-,6,Geoff Diehl,628,Governor,
Walpole,-,6,Kevin Reed,25,Governor,
Walpole,-,6,All Others,0,Governor,
Walpole,-,6,Blanks,12,Governor,
Walpole,-,6,Total Votes Cast,1559,Governor,
Walpole,-,7,Maura Healey,842,Governor,
Walpole,-,7,Geoff Diehl,679,Governor,
Walpole,-,7,Kevin Reed,34,Governor,
Walpole,-,7,All Others,0,Governor,
Walpole,-,7,Blanks,17,Governor,
Walpole,-,7,Total Votes Cast,1572,Governor,
Walpole,-,8,Maura Healey,812,Governor,
Walpole,-,8,Geoff Diehl,726,Governor,
Walpole,-,8,Kevin Reed,21,Governor,
Walpole,-,8,All Others,0,Governor,
Walpole,-,8,Blanks,19,Governor,
Walpole,-,8,Total Votes Cast,1578,Governor,
Waltham,1,1,Maura Healey,1019,Governor,
Waltham,1,1,Geoff Diehl,464,Governor,
Waltham,1,1,Kevin Reed,29,Governor,
Waltham,1,1,All Others,0,Governor,
Waltham,1,1,Blanks,20,Governor,
Waltham,1,1,Total Votes Cast,1532,Governor,
Waltham,1,2,Maura Healey,954,Governor,
Waltham,1,2,Geoff Diehl,571,Governor,
Waltham,1,2,Kevin Reed,27,Governor,
Waltham,1,2,All Others,2,Governor,
Waltham,1,2,Blanks,14,Governor,
Waltham,1,2,Total Votes Cast,1568,Governor,
Waltham,1,2A,Maura Healey,5,Governor,
Waltham,1,2A,Geoff Diehl,10,Governor,
Waltham,1,2A,Kevin Reed,0,Governor,
Waltham,1,2A,All Others,0,Governor,
Waltham,1,2A,Blanks,0,Governor,
Waltham,1,2A,Total Votes Cast,15,Governor,
Waltham,2,1,Maura Healey,972,Governor,
Waltham,2,1,Geoff Diehl,448,Governor,
Waltham,2,1,Kevin Reed,19,Governor,
Waltham,2,1,All Others,1,Governor,
Waltham,2,1,Blanks,12,Governor,
Waltham,2,1,Total Votes Cast,1452,Governor,
Waltham,2,2,Maura Healey,726,Governor,
Waltham,2,2,Geoff Diehl,222,Governor,
Waltham,2,2,Kevin Reed,19,Governor,
Waltham,2,2,All Others,1,Governor,
Waltham,2,2,Blanks,9,Governor,
Waltham,2,2,Total Votes Cast,977,Governor,
Waltham,3,1,Maura Healey,935,Governor,
Waltham,3,1,Geoff Diehl,619,Governor,
Waltham,3,1,Kevin Reed,26,Governor,
Waltham,3,1,All Others,3,Governor,
Waltham,3,1,Blanks,10,Governor,
Waltham,3,1,Total Votes Cast,1593,Governor,
Waltham,3,2,Maura Healey,998,Governor,
Waltham,3,2,Geoff Diehl,449,Governor,
Waltham,3,2,Kevin Reed,17,Governor,
Waltham,3,2,All Others,1,Governor,
Waltham,3,2,Blanks,21,Governor,
Waltham,3,2,Total Votes Cast,1486,Governor,
Waltham,3,2A,Maura Healey,16,Governor,
Waltham,3,2A,Geoff Diehl,14,Governor,
Waltham,3,2A,Kevin Reed,0,Governor,
Waltham,3,2A,All Others,0,Governor,
Waltham,3,2A,Blanks,0,Governor,
Waltham,3,2A,Total Votes Cast,30,Governor,
Waltham,4,1,Maura Healey,987,Governor,
Waltham,4,1,Geoff Diehl,502,Governor,
Waltham,4,1,Kevin Reed,26,Governor,
Waltham,4,1,All Others,3,Governor,
Waltham,4,1,Blanks,20,Governor,
Waltham,4,1,Total Votes Cast,1538,Governor,
Waltham,4,1A,Maura Healey,19,Governor,
Waltham,4,1A,Geoff Diehl,6,Governor,
Waltham,4,1A,Kevin Reed,0,Governor,
Waltham,4,1A,All Others,0,Governor,
Waltham,4,1A,Blanks,1,Governor,
Waltham,4,1A,Total Votes Cast,26,Governor,
Waltham,4,2,Maura Healey,168,Governor,
Waltham,4,2,Geoff Diehl,89,Governor,
Waltham,4,2,Kevin Reed,3,Governor,
Waltham,4,2,All Others,0,Governor,
Waltham,4,2,Blanks,4,Governor,
Waltham,4,2,Total Votes Cast,264,Governor,
Waltham,5,1,Maura Healey,753,Governor,
Waltham,5,1,Geoff Diehl,342,Governor,
Waltham,5,1,Kevin Reed,18,Governor,
Waltham,5,1,All Others,0,Governor,
Waltham,5,1,Blanks,12,Governor,
Waltham,5,1,Total Votes Cast,1125,Governor,
Waltham,5,2,Maura Healey,540,Governor,
Waltham,5,2,Geoff Diehl,140,Governor,
Waltham,5,2,Kevin Reed,14,Governor,
Waltham,5,2,All Others,1,Governor,
Waltham,5,2,Blanks,6,Governor,
Waltham,5,2,Total Votes Cast,701,Governor,
Waltham,5,2A,Maura Healey,102,Governor,
Waltham,5,2A,Geoff Diehl,18,Governor,
Waltham,5,2A,Kevin Reed,2,Governor,
Waltham,5,2A,All Others,0,Governor,
Waltham,5,2A,Blanks,2,Governor,
Waltham,5,2A,Total Votes Cast,124,Governor,
Waltham,6,1,Maura Healey,818,Governor,
Waltham,6,1,Geoff Diehl,230,Governor,
Waltham,6,1,Kevin Reed,21,Governor,
Waltham,6,1,All Others,2,Governor,
Waltham,6,1,Blanks,13,Governor,
Waltham,6,1,Total Votes Cast,1084,Governor,
Waltham,6,2,Maura Healey,466,Governor,
Waltham,6,2,Geoff Diehl,165,Governor,
Waltham,6,2,Kevin Reed,7,Governor,
Waltham,6,2,All Others,0,Governor,
Waltham,6,2,Blanks,10,Governor,
Waltham,6,2,Total Votes Cast,648,Governor,
Waltham,6,2A,Maura Healey,107,Governor,
Waltham,6,2A,Geoff Diehl,34,Governor,
Waltham,6,2A,Kevin Reed,3,Governor,
Waltham,6,2A,All Others,0,Governor,
Waltham,6,2A,Blanks,2,Governor,
Waltham,6,2A,Total Votes Cast,146,Governor,
Waltham,7,1,Maura Healey,997,Governor,
Waltham,7,1,Geoff Diehl,403,Governor,
Waltham,7,1,Kevin Reed,20,Governor,
Waltham,7,1,All Others,0,Governor,
Waltham,7,1,Blanks,19,Governor,
Waltham,7,1,Total Votes Cast,1439,Governor,
Waltham,7,2,Maura Healey,342,Governor,
Waltham,7,2,Geoff Diehl,79,Governor,
Waltham,7,2,Kevin Reed,6,Governor,
Waltham,7,2,All Others,2,Governor,
Waltham,7,2,Blanks,5,Governor,
Waltham,7,2,Total Votes Cast,434,Governor,
Waltham,8,1,Maura Healey,821,Governor,
Waltham,8,1,Geoff Diehl,195,Governor,
Waltham,8,1,Kevin Reed,20,Governor,
Waltham,8,1,All Others,0,Governor,
Waltham,8,1,Blanks,7,Governor,
Waltham,8,1,Total Votes Cast,1043,Governor,
Waltham,8,2,Maura Healey,837,Governor,
Waltham,8,2,Geoff Diehl,238,Governor,
Waltham,8,2,Kevin Reed,18,Governor,
Waltham,8,2,All Others,0,Governor,
Waltham,8,2,Blanks,7,Governor,
Waltham,8,2,Total Votes Cast,1100,Governor,
Waltham,8,2A,Maura Healey,11,Governor,
Waltham,8,2A,Geoff Diehl,0,Governor,
Waltham,8,2A,Kevin Reed,0,Governor,
Waltham,8,2A,All Others,0,Governor,
Waltham,8,2A,Blanks,0,Governor,
Waltham,8,2A,Total Votes Cast,11,Governor,
Waltham,9,1,Maura Healey,649,Governor,
Waltham,9,1,Geoff Diehl,138,Governor,
Waltham,9,1,Kevin Reed,9,Governor,
Waltham,9,1,All Others,1,Governor,
Waltham,9,1,Blanks,5,Governor,
Waltham,9,1,Total Votes Cast,802,Governor,
Waltham,9,2,Maura Healey,586,Governor,
Waltham,9,2,Geoff Diehl,161,Governor,
Waltham,9,2,Kevin Reed,18,Governor,
Waltham,9,2,All Others,1,Governor,
Waltham,9,2,Blanks,5,Governor,
Waltham,9,2,Total Votes Cast,771,Governor,
Ware,-,A,Maura Healey,481,Governor,
Ware,-,A,Geoff Diehl,369,Governor,
Ware,-,A,Kevin Reed,21,Governor,
Ware,-,A,All Others,0,Governor,
Ware,-,A,Blanks,6,Governor,
Ware,-,A,Total Votes Cast,877,Governor,
Ware,-,B,Maura Healey,455,Governor,
Ware,-,B,Geoff Diehl,581,Governor,
Ware,-,B,Kevin Reed,27,Governor,
Ware,-,B,All Others,0,Governor,
Ware,-,B,Blanks,9,Governor,
Ware,-,B,Total Votes Cast,1072,Governor,
Ware,-,C,Maura Healey,668,Governor,
Ware,-,C,Geoff Diehl,761,Governor,
Ware,-,C,Kevin Reed,25,Governor,
Ware,-,C,All Others,0,Governor,
Ware,-,C,Blanks,10,Governor,
Ware,-,C,Total Votes Cast,1464,Governor,
Wareham,-,1,Maura Healey,786,Governor,
Wareham,-,1,Geoff Diehl,641,Governor,
Wareham,-,1,Kevin Reed,27,Governor,
Wareham,-,1,All Others,1,Governor,
Wareham,-,1,Blanks,11,Governor,
Wareham,-,1,Total Votes Cast,1466,Governor,
Wareham,-,2,Maura Healey,894,Governor,
Wareham,-,2,Geoff Diehl,706,Governor,
Wareham,-,2,Kevin Reed,27,Governor,
Wareham,-,2,All Others,0,Governor,
Wareham,-,2,Blanks,4,Governor,
Wareham,-,2,Total Votes Cast,1631,Governor,
Wareham,-,3,Maura Healey,842,Governor,
Wareham,-,3,Geoff Diehl,677,Governor,
Wareham,-,3,Kevin Reed,34,Governor,
Wareham,-,3,All Others,2,Governor,
Wareham,-,3,Blanks,4,Governor,
Wareham,-,3,Total Votes Cast,1559,Governor,
Wareham,-,4,Maura Healey,766,Governor,
Wareham,-,4,Geoff Diehl,652,Governor,
Wareham,-,4,Kevin Reed,28,Governor,
Wareham,-,4,All Others,1,Governor,
Wareham,-,4,Blanks,12,Governor,
Wareham,-,4,Total Votes Cast,1459,Governor,
Wareham,-,5,Maura Healey,772,Governor,
Wareham,-,5,Geoff Diehl,767,Governor,
Wareham,-,5,Kevin Reed,27,Governor,
Wareham,-,5,All Others,2,Governor,
Wareham,-,5,Blanks,6,Governor,
Wareham,-,5,Total Votes Cast,1574,Governor,
Wareham,-,6,Maura Healey,664,Governor,
Wareham,-,6,Geoff Diehl,629,Governor,
Wareham,-,6,Kevin Reed,19,Governor,
Wareham,-,6,All Others,1,Governor,
Wareham,-,6,Blanks,9,Governor,
Wareham,-,6,Total Votes Cast,1322,Governor,
Warren,-,A,Maura Healey,564,Governor,
Warren,-,A,Geoff Diehl,743,Governor,
Warren,-,A,Kevin Reed,34,Governor,
Warren,-,A,All Others,0,Governor,
Warren,-,A,Blanks,13,Governor,
Warren,-,A,Total Votes Cast,1354,Governor,
Warren,-,B,Maura Healey,199,Governor,
Warren,-,B,Geoff Diehl,232,Governor,
Warren,-,B,Kevin Reed,13,Governor,
Warren,-,B,All Others,0,Governor,
Warren,-,B,Blanks,5,Governor,
Warren,-,B,Total Votes Cast,449,Governor,
Warwick,,,Maura Healey,273,Governor,
Warwick,,,Geoff Diehl,121,Governor,
Warwick,,,Kevin Reed,7,Governor,
Warwick,,,All Others,0,Governor,
Warwick,,,Blanks,2,Governor,
Warwick,,,Total Votes Cast,403,Governor,
Washington,,,Maura Healey,182,Governor,
Washington,,,Geoff Diehl,91,Governor,
Washington,,,Kevin Reed,5,Governor,
Washington,,,All Others,1,Governor,
Washington,,,Blanks,6,Governor,
Washington,,,Total Votes Cast,285,Governor,
Watertown,-,1,Maura Healey,718,Governor,
Watertown,-,1,Geoff Diehl,219,Governor,
Watertown,-,1,Kevin Reed,11,Governor,
Watertown,-,1,All Others,0,Governor,
Watertown,-,1,Blanks,10,Governor,
Watertown,-,1,Total Votes Cast,958,Governor,
Watertown,-,10,Maura Healey,931,Governor,
Watertown,-,10,Geoff Diehl,299,Governor,
Watertown,-,10,Kevin Reed,23,Governor,
Watertown,-,10,All Others,0,Governor,
Watertown,-,10,Blanks,13,Governor,
Watertown,-,10,Total Votes Cast,1266,Governor,
Watertown,-,11,Maura Healey,875,Governor,
Watertown,-,11,Geoff Diehl,347,Governor,
Watertown,-,11,Kevin Reed,20,Governor,
Watertown,-,11,All Others,1,Governor,
Watertown,-,11,Blanks,9,Governor,
Watertown,-,11,Total Votes Cast,1252,Governor,
Watertown,-,12,Maura Healey,835,Governor,
Watertown,-,12,Geoff Diehl,300,Governor,
Watertown,-,12,Kevin Reed,18,Governor,
Watertown,-,12,All Others,4,Governor,
Watertown,-,12,Blanks,8,Governor,
Watertown,-,12,Total Votes Cast,1165,Governor,
Watertown,-,2,Maura Healey,882,Governor,
Watertown,-,2,Geoff Diehl,214,Governor,
Watertown,-,2,Kevin Reed,13,Governor,
Watertown,-,2,All Others,2,Governor,
Watertown,-,2,Blanks,5,Governor,
Watertown,-,2,Total Votes Cast,1116,Governor,
Watertown,-,3,Maura Healey,1051,Governor,
Watertown,-,3,Geoff Diehl,193,Governor,
Watertown,-,3,Kevin Reed,17,Governor,
Watertown,-,3,All Others,0,Governor,
Watertown,-,3,Blanks,14,Governor,
Watertown,-,3,Total Votes Cast,1275,Governor,
Watertown,-,4,Maura Healey,1226,Governor,
Watertown,-,4,Geoff Diehl,217,Governor,
Watertown,-,4,Kevin Reed,15,Governor,
Watertown,-,4,All Others,3,Governor,
Watertown,-,4,Blanks,17,Governor,
Watertown,-,4,Total Votes Cast,1478,Governor,
Watertown,-,5,Maura Healey,758,Governor,
Watertown,-,5,Geoff Diehl,146,Governor,
Watertown,-,5,Kevin Reed,9,Governor,
Watertown,-,5,All Others,0,Governor,
Watertown,-,5,Blanks,8,Governor,
Watertown,-,5,Total Votes Cast,921,Governor,
Watertown,-,6,Maura Healey,864,Governor,
Watertown,-,6,Geoff Diehl,164,Governor,
Watertown,-,6,Kevin Reed,20,Governor,
Watertown,-,6,All Others,0,Governor,
Watertown,-,6,Blanks,14,Governor,
Watertown,-,6,Total Votes Cast,1062,Governor,
Watertown,-,7,Maura Healey,986,Governor,
Watertown,-,7,Geoff Diehl,291,Governor,
Watertown,-,7,Kevin Reed,17,Governor,
Watertown,-,7,All Others,1,Governor,
Watertown,-,7,Blanks,11,Governor,
Watertown,-,7,Total Votes Cast,1306,Governor,
Watertown,-,8,Maura Healey,1001,Governor,
Watertown,-,8,Geoff Diehl,230,Governor,
Watertown,-,8,Kevin Reed,12,Governor,
Watertown,-,8,All Others,0,Governor,
Watertown,-,8,Blanks,13,Governor,
Watertown,-,8,Total Votes Cast,1256,Governor,
Watertown,-,9,Maura Healey,771,Governor,
Watertown,-,9,Geoff Diehl,199,Governor,
Watertown,-,9,Kevin Reed,14,Governor,
Watertown,-,9,All Others,1,Governor,
Watertown,-,9,Blanks,12,Governor,
Watertown,-,9,Total Votes Cast,997,Governor,
Wayland,-,1,Maura Healey,1418,Governor,
Wayland,-,1,Geoff Diehl,382,Governor,
Wayland,-,1,Kevin Reed,24,Governor,
Wayland,-,1,All Others,3,Governor,
Wayland,-,1,Blanks,17,Governor,
Wayland,-,1,Total Votes Cast,1844,Governor,
Wayland,-,2,Maura Healey,1208,Governor,
Wayland,-,2,Geoff Diehl,372,Governor,
Wayland,-,2,Kevin Reed,26,Governor,
Wayland,-,2,All Others,1,Governor,
Wayland,-,2,Blanks,13,Governor,
Wayland,-,2,Total Votes Cast,1620,Governor,
Wayland,-,3,Maura Healey,1166,Governor,
Wayland,-,3,Geoff Diehl,335,Governor,
Wayland,-,3,Kevin Reed,19,Governor,
Wayland,-,3,All Others,2,Governor,
Wayland,-,3,Blanks,23,Governor,
Wayland,-,3,Total Votes Cast,1545,Governor,
Wayland,-,4,Maura Healey,1374,Governor,
Wayland,-,4,Geoff Diehl,433,Governor,
Wayland,-,4,Kevin Reed,25,Governor,
Wayland,-,4,All Others,1,Governor,
Wayland,-,4,Blanks,22,Governor,
Wayland,-,4,Total Votes Cast,1855,Governor,
Webster,-,1,Maura Healey,296,Governor,
Webster,-,1,Geoff Diehl,274,Governor,
Webster,-,1,Kevin Reed,15,Governor,
Webster,-,1,All Others,1,Governor,
Webster,-,1,Blanks,0,Governor,
Webster,-,1,Total Votes Cast,586,Governor,
Webster,-,1A,Maura Healey,122,Governor,
Webster,-,1A,Geoff Diehl,114,Governor,
Webster,-,1A,Kevin Reed,10,Governor,
Webster,-,1A,All Others,3,Governor,
Webster,-,1A,Blanks,0,Governor,
Webster,-,1A,Total Votes Cast,249,Governor,
Webster,-,2,Maura Healey,316,Governor,
Webster,-,2,Geoff Diehl,246,Governor,
Webster,-,2,Kevin Reed,18,Governor,
Webster,-,2,All Others,2,Governor,
Webster,-,2,Blanks,3,Governor,
Webster,-,2,Total Votes Cast,585,Governor,
Webster,-,3,Maura Healey,483,Governor,
Webster,-,3,Geoff Diehl,490,Governor,
Webster,-,3,Kevin Reed,20,Governor,
Webster,-,3,All Others,1,Governor,
Webster,-,3,Blanks,6,Governor,
Webster,-,3,Total Votes Cast,1000,Governor,
Webster,-,4,Maura Healey,736,Governor,
Webster,-,4,Geoff Diehl,934,Governor,
Webster,-,4,Kevin Reed,27,Governor,
Webster,-,4,All Others,0,Governor,
Webster,-,4,Blanks,15,Governor,
Webster,-,4,Total Votes Cast,1712,Governor,
Webster,-,5,Maura Healey,604,Governor,
Webster,-,5,Geoff Diehl,572,Governor,
Webster,-,5,Kevin Reed,17,Governor,
Webster,-,5,All Others,2,Governor,
Webster,-,5,Blanks,9,Governor,
Webster,-,5,Total Votes Cast,1204,Governor,
Wellesley,-,A,Maura Healey,1172,Governor,
Wellesley,-,A,Geoff Diehl,418,Governor,
Wellesley,-,A,Kevin Reed,33,Governor,
Wellesley,-,A,All Others,3,Governor,
Wellesley,-,A,Blanks,25,Governor,
Wellesley,-,A,Total Votes Cast,1651,Governor,
Wellesley,-,B,Maura Healey,1294,Governor,
Wellesley,-,B,Geoff Diehl,435,Governor,
Wellesley,-,B,Kevin Reed,33,Governor,
Wellesley,-,B,All Others,0,Governor,
Wellesley,-,B,Blanks,19,Governor,
Wellesley,-,B,Total Votes Cast,1781,Governor,
Wellesley,-,C,Maura Healey,1091,Governor,
Wellesley,-,C,Geoff Diehl,665,Governor,
Wellesley,-,C,Kevin Reed,34,Governor,
Wellesley,-,C,All Others,0,Governor,
Wellesley,-,C,Blanks,35,Governor,
Wellesley,-,C,Total Votes Cast,1825,Governor,
Wellesley,-,D,Maura Healey,1269,Governor,
Wellesley,-,D,Geoff Diehl,367,Governor,
Wellesley,-,D,Kevin Reed,28,Governor,
Wellesley,-,D,All Others,0,Governor,
Wellesley,-,D,Blanks,19,Governor,
Wellesley,-,D,Total Votes Cast,1683,Governor,
Wellesley,-,E,Maura Healey,1115,Governor,
Wellesley,-,E,Geoff Diehl,419,Governor,
Wellesley,-,E,Kevin Reed,21,Governor,
Wellesley,-,E,All Others,0,Governor,
Wellesley,-,E,Blanks,17,Governor,
Wellesley,-,E,Total Votes Cast,1572,Governor,
Wellesley,-,F,Maura Healey,760,Governor,
Wellesley,-,F,Geoff Diehl,266,Governor,
Wellesley,-,F,Kevin Reed,9,Governor,
Wellesley,-,F,All Others,0,Governor,
Wellesley,-,F,Blanks,26,Governor,
Wellesley,-,F,Total Votes Cast,1061,Governor,
Wellesley,-,G,Maura Healey,662,Governor,
Wellesley,-,G,Geoff Diehl,166,Governor,
Wellesley,-,G,Kevin Reed,8,Governor,
Wellesley,-,G,All Others,0,Governor,
Wellesley,-,G,Blanks,3,Governor,
Wellesley,-,G,Total Votes Cast,839,Governor,
Wellesley,-,H,Maura Healey,1204,Governor,
Wellesley,-,H,Geoff Diehl,480,Governor,
Wellesley,-,H,Kevin Reed,25,Governor,
Wellesley,-,H,All Others,0,Governor,
Wellesley,-,H,Blanks,25,Governor,
Wellesley,-,H,Total Votes Cast,1734,Governor,
Wellfleet,,,Maura Healey,1568,Governor,
Wellfleet,,,Geoff Diehl,416,Governor,
Wellfleet,,,Kevin Reed,36,Governor,
Wellfleet,,,All Others,1,Governor,
Wellfleet,,,Blanks,11,Governor,
Wellfleet,,,Total Votes Cast,2032,Governor,
Wendell,,,Maura Healey,390,Governor,
Wendell,,,Geoff Diehl,81,Governor,
Wendell,,,Kevin Reed,9,Governor,
Wendell,,,All Others,0,Governor,
Wendell,,,Blanks,4,Governor,
Wendell,,,Total Votes Cast,484,Governor,
Wenham,-,1,Maura Healey,460,Governor,
Wenham,-,1,Geoff Diehl,268,Governor,
Wenham,-,1,Kevin Reed,5,Governor,
Wenham,-,1,All Others,0,Governor,
Wenham,-,1,Blanks,7,Governor,
Wenham,-,1,Total Votes Cast,740,Governor,
Wenham,-,1A,Maura Healey,803,Governor,
Wenham,-,1A,Geoff Diehl,397,Governor,
Wenham,-,1A,Kevin Reed,24,Governor,
Wenham,-,1A,All Others,2,Governor,
Wenham,-,1A,Blanks,9,Governor,
Wenham,-,1A,Total Votes Cast,1235,Governor,
Westborough,-,1,Maura Healey,696,Governor,
Westborough,-,1,Geoff Diehl,205,Governor,
Westborough,-,1,Kevin Reed,13,Governor,
Westborough,-,1,All Others,0,Governor,
Westborough,-,1,Blanks,12,Governor,
Westborough,-,1,Total Votes Cast,926,Governor,
Westborough,-,2,Maura Healey,647,Governor,
Westborough,-,2,Geoff Diehl,288,Governor,
Westborough,-,2,Kevin Reed,13,Governor,
Westborough,-,2,All Others,0,Governor,
Westborough,-,2,Blanks,8,Governor,
Westborough,-,2,Total Votes Cast,956,Governor,
Westborough,-,3,Maura Healey,775,Governor,
Westborough,-,3,Geoff Diehl,321,Governor,
Westborough,-,3,Kevin Reed,12,Governor,
Westborough,-,3,All Others,0,Governor,
Westborough,-,3,Blanks,10,Governor,
Westborough,-,3,Total Votes Cast,1118,Governor,
Westborough,-,4,Maura Healey,697,Governor,
Westborough,-,4,Geoff Diehl,318,Governor,
Westborough,-,4,Kevin Reed,19,Governor,
Westborough,-,4,All Others,0,Governor,
Westborough,-,4,Blanks,12,Governor,
Westborough,-,4,Total Votes Cast,1046,Governor,
Westborough,-,5,Maura Healey,1166,Governor,
Westborough,-,5,Geoff Diehl,575,Governor,
Westborough,-,5,Kevin Reed,27,Governor,
Westborough,-,5,All Others,0,Governor,
Westborough,-,5,Blanks,17,Governor,
Westborough,-,5,Total Votes Cast,1785,Governor,
Westborough,-,6,Maura Healey,1263,Governor,
Westborough,-,6,Geoff Diehl,549,Governor,
Westborough,-,6,Kevin Reed,36,Governor,
Westborough,-,6,All Others,3,Governor,
Westborough,-,6,Blanks,18,Governor,
Westborough,-,6,Total Votes Cast,1869,Governor,
Westfield,1,A,Maura Healey,755,Governor,
Westfield,1,A,Geoff Diehl,760,Governor,
Westfield,1,A,Kevin Reed,21,Governor,
Westfield,1,A,All Others,0,Governor,
Westfield,1,A,Blanks,17,Governor,
Westfield,1,A,Total Votes Cast,1553,Governor,
Westfield,1,B,Maura Healey,622,Governor,
Westfield,1,B,Geoff Diehl,722,Governor,
Westfield,1,B,Kevin Reed,18,Governor,
Westfield,1,B,All Others,0,Governor,
Westfield,1,B,Blanks,10,Governor,
Westfield,1,B,Total Votes Cast,1372,Governor,
Westfield,2,A,Maura Healey,320,Governor,
Westfield,2,A,Geoff Diehl,198,Governor,
Westfield,2,A,Kevin Reed,14,Governor,
Westfield,2,A,All Others,0,Governor,
Westfield,2,A,Blanks,6,Governor,
Westfield,2,A,Total Votes Cast,538,Governor,
Westfield,2,A1,Maura Healey,24,Governor,
Westfield,2,A1,Geoff Diehl,16,Governor,
Westfield,2,A1,Kevin Reed,0,Governor,
Westfield,2,A1,All Others,0,Governor,
Westfield,2,A1,Blanks,0,Governor,
Westfield,2,A1,Total Votes Cast,40,Governor,
Westfield,2,B,Maura Healey,505,Governor,
Westfield,2,B,Geoff Diehl,401,Governor,
Westfield,2,B,Kevin Reed,17,Governor,
Westfield,2,B,All Others,0,Governor,
Westfield,2,B,Blanks,12,Governor,
Westfield,2,B,Total Votes Cast,935,Governor,
Westfield,3,A,Maura Healey,388,Governor,
Westfield,3,A,Geoff Diehl,283,Governor,
Westfield,3,A,Kevin Reed,22,Governor,
Westfield,3,A,All Others,0,Governor,
Westfield,3,A,Blanks,4,Governor,
Westfield,3,A,Total Votes Cast,697,Governor,
Westfield,3,B,Maura Healey,673,Governor,
Westfield,3,B,Geoff Diehl,522,Governor,
Westfield,3,B,Kevin Reed,33,Governor,
Westfield,3,B,All Others,0,Governor,
Westfield,3,B,Blanks,14,Governor,
Westfield,3,B,Total Votes Cast,1242,Governor,
Westfield,4,A,Maura Healey,258,Governor,
Westfield,4,A,Geoff Diehl,357,Governor,
Westfield,4,A,Kevin Reed,11,Governor,
Westfield,4,A,All Others,0,Governor,
Westfield,4,A,Blanks,5,Governor,
Westfield,4,A,Total Votes Cast,631,Governor,
Westfield,4,B,Maura Healey,803,Governor,
Westfield,4,B,Geoff Diehl,772,Governor,
Westfield,4,B,Kevin Reed,30,Governor,
Westfield,4,B,All Others,0,Governor,
Westfield,4,B,Blanks,20,Governor,
Westfield,4,B,Total Votes Cast,1625,Governor,
Westfield,5,A,Maura Healey,746,Governor,
Westfield,5,A,Geoff Diehl,843,Governor,
Westfield,5,A,Kevin Reed,24,Governor,
Westfield,5,A,All Others,2,Governor,
Westfield,5,A,Blanks,17,Governor,
Westfield,5,A,Total Votes Cast,1632,Governor,
Westfield,5,B,Maura Healey,671,Governor,
Westfield,5,B,Geoff Diehl,837,Governor,
Westfield,5,B,Kevin Reed,29,Governor,
Westfield,5,B,All Others,0,Governor,
Westfield,5,B,Blanks,22,Governor,
Westfield,5,B,Total Votes Cast,1559,Governor,
Westfield,6,A,Maura Healey,603,Governor,
Westfield,6,A,Geoff Diehl,708,Governor,
Westfield,6,A,Kevin Reed,18,Governor,
Westfield,6,A,All Others,0,Governor,
Westfield,6,A,Blanks,10,Governor,
Westfield,6,A,Total Votes Cast,1339,Governor,
Westfield,6,B,Maura Healey,465,Governor,
Westfield,6,B,Geoff Diehl,555,Governor,
Westfield,6,B,Kevin Reed,26,Governor,
Westfield,6,B,All Others,0,Governor,
Westfield,6,B,Blanks,3,Governor,
Westfield,6,B,Total Votes Cast,1049,Governor,
Westfield,6,B1,Maura Healey,27,Governor,
Westfield,6,B1,Geoff Diehl,46,Governor,
Westfield,6,B1,Kevin Reed,1,Governor,
Westfield,6,B1,All Others,0,Governor,
Westfield,6,B1,Blanks,3,Governor,
Westfield,6,B1,Total Votes Cast,77,Governor,
Westford,-,1,Maura Healey,920,Governor,
Westford,-,1,Geoff Diehl,533,Governor,
Westford,-,1,Kevin Reed,17,Governor,
Westford,-,1,All Others,1,Governor,
Westford,-,1,Blanks,19,Governor,
Westford,-,1,Total Votes Cast,1490,Governor,
Westford,-,2,Maura Healey,927,Governor,
Westford,-,2,Geoff Diehl,509,Governor,
Westford,-,2,Kevin Reed,26,Governor,
Westford,-,2,All Others,1,Governor,
Westford,-,2,Blanks,13,Governor,
Westford,-,2,Total Votes Cast,1476,Governor,
Westford,-,3,Maura Healey,1102,Governor,
Westford,-,3,Geoff Diehl,596,Governor,
Westford,-,3,Kevin Reed,28,Governor,
Westford,-,3,All Others,1,Governor,
Westford,-,3,Blanks,13,Governor,
Westford,-,3,Total Votes Cast,1740,Governor,
Westford,-,4,Maura Healey,1040,Governor,
Westford,-,4,Geoff Diehl,511,Governor,
Westford,-,4,Kevin Reed,29,Governor,
Westford,-,4,All Others,3,Governor,
Westford,-,4,Blanks,10,Governor,
Westford,-,4,Total Votes Cast,1593,Governor,
Westford,-,5,Maura Healey,1017,Governor,
Westford,-,5,Geoff Diehl,575,Governor,
Westford,-,5,Kevin Reed,24,Governor,
Westford,-,5,All Others,0,Governor,
Westford,-,5,Blanks,19,Governor,
Westford,-,5,Total Votes Cast,1635,Governor,
Westford,-,6,Maura Healey,987,Governor,
Westford,-,6,Geoff Diehl,611,Governor,
Westford,-,6,Kevin Reed,20,Governor,
Westford,-,6,All Others,1,Governor,
Westford,-,6,Blanks,18,Governor,
Westford,-,6,Total Votes Cast,1637,Governor,
Westford,-,7,Maura Healey,1179,Governor,
Westford,-,7,Geoff Diehl,543,Governor,
Westford,-,7,Kevin Reed,24,Governor,
Westford,-,7,All Others,2,Governor,
Westford,-,7,Blanks,11,Governor,
Westford,-,7,Total Votes Cast,1759,Governor,
Westhampton,,,Maura Healey,626,Governor,
Westhampton,,,Geoff Diehl,321,Governor,
Westhampton,,,Kevin Reed,16,Governor,
Westhampton,,,All Others,0,Governor,
Westhampton,,,Blanks,11,Governor,
Westhampton,,,Total Votes Cast,974,Governor,
Westminster,-,1,Maura Healey,640,Governor,
Westminster,-,1,Geoff Diehl,652,Governor,
Westminster,-,1,Kevin Reed,20,Governor,
Westminster,-,1,All Others,0,Governor,
Westminster,-,1,Blanks,2,Governor,
Westminster,-,1,Total Votes Cast,1314,Governor,
Westminster,-,2,Maura Healey,498,Governor,
Westminster,-,2,Geoff Diehl,504,Governor,
Westminster,-,2,Kevin Reed,15,Governor,
Westminster,-,2,All Others,0,Governor,
Westminster,-,2,Blanks,12,Governor,
Westminster,-,2,Total Votes Cast,1029,Governor,
Westminster,-,2A,Maura Healey,172,Governor,
Westminster,-,2A,Geoff Diehl,197,Governor,
Westminster,-,2A,Kevin Reed,5,Governor,
Westminster,-,2A,All Others,0,Governor,
Westminster,-,2A,Blanks,1,Governor,
Westminster,-,2A,Total Votes Cast,375,Governor,
Westminster,-,3,Maura Healey,645,Governor,
Westminster,-,3,Geoff Diehl,554,Governor,
Westminster,-,3,Kevin Reed,24,Governor,
Westminster,-,3,All Others,0,Governor,
Westminster,-,3,Blanks,4,Governor,
Westminster,-,3,Total Votes Cast,1227,Governor,
Weston,-,1,Maura Healey,1016,Governor,
Weston,-,1,Geoff Diehl,397,Governor,
Weston,-,1,Kevin Reed,23,Governor,
Weston,-,1,All Others,2,Governor,
Weston,-,1,Blanks,14,Governor,
Weston,-,1,Total Votes Cast,1452,Governor,
Weston,-,2,Maura Healey,847,Governor,
Weston,-,2,Geoff Diehl,391,Governor,
Weston,-,2,Kevin Reed,18,Governor,
Weston,-,2,All Others,1,Governor,
Weston,-,2,Blanks,15,Governor,
Weston,-,2,Total Votes Cast,1272,Governor,
Weston,-,3,Maura Healey,755,Governor,
Weston,-,3,Geoff Diehl,365,Governor,
Weston,-,3,Kevin Reed,28,Governor,
Weston,-,3,All Others,4,Governor,
Weston,-,3,Blanks,14,Governor,
Weston,-,3,Total Votes Cast,1166,Governor,
Weston,-,4,Maura Healey,802,Governor,
Weston,-,4,Geoff Diehl,430,Governor,
Weston,-,4,Kevin Reed,26,Governor,
Weston,-,4,All Others,2,Governor,
Weston,-,4,Blanks,26,Governor,
Weston,-,4,Total Votes Cast,1286,Governor,
Westport,-,A,Maura Healey,642,Governor,
Westport,-,A,Geoff Diehl,691,Governor,
Westport,-,A,Kevin Reed,22,Governor,
Westport,-,A,All Others,0,Governor,
Westport,-,A,Blanks,15,Governor,
Westport,-,A,Total Votes Cast,1370,Governor,
Westport,-,B,Maura Healey,994,Governor,
Westport,-,B,Geoff Diehl,820,Governor,
Westport,-,B,Kevin Reed,27,Governor,
Westport,-,B,All Others,0,Governor,
Westport,-,B,Blanks,26,Governor,
Westport,-,B,Total Votes Cast,1867,Governor,
Westport,-,C,Maura Healey,590,Governor,
Westport,-,C,Geoff Diehl,702,Governor,
Westport,-,C,Kevin Reed,25,Governor,
Westport,-,C,All Others,0,Governor,
Westport,-,C,Blanks,14,Governor,
Westport,-,C,Total Votes Cast,1331,Governor,
Westport,-,D,Maura Healey,632,Governor,
Westport,-,D,Geoff Diehl,663,Governor,
Westport,-,D,Kevin Reed,21,Governor,
Westport,-,D,All Others,0,Governor,
Westport,-,D,Blanks,15,Governor,
Westport,-,D,Total Votes Cast,1331,Governor,
Westport,-,E,Maura Healey,973,Governor,
Westport,-,E,Geoff Diehl,788,Governor,
Westport,-,E,Kevin Reed,44,Governor,
Westport,-,E,All Others,0,Governor,
Westport,-,E,Blanks,19,Governor,
Westport,-,E,Total Votes Cast,1824,Governor,
Westwood,-,1,Maura Healey,1092,Governor,
Westwood,-,1,Geoff Diehl,495,Governor,
Westwood,-,1,Kevin Reed,26,Governor,
Westwood,-,1,All Others,11,Governor,
Westwood,-,1,Blanks,12,Governor,
Westwood,-,1,Total Votes Cast,1636,Governor,
Westwood,-,2,Maura Healey,983,Governor,
Westwood,-,2,Geoff Diehl,583,Governor,
Westwood,-,2,Kevin Reed,28,Governor,
Westwood,-,2,All Others,4,Governor,
Westwood,-,2,Blanks,21,Governor,
Westwood,-,2,Total Votes Cast,1619,Governor,
Westwood,-,3,Maura Healey,955,Governor,
Westwood,-,3,Geoff Diehl,527,Governor,
Westwood,-,3,Kevin Reed,19,Governor,
Westwood,-,3,All Others,1,Governor,
Westwood,-,3,Blanks,18,Governor,
Westwood,-,3,Total Votes Cast,1520,Governor,
Westwood,-,4,Maura Healey,759,Governor,
Westwood,-,4,Geoff Diehl,582,Governor,
Westwood,-,4,Kevin Reed,35,Governor,
Westwood,-,4,All Others,1,Governor,
Westwood,-,4,Blanks,11,Governor,
Westwood,-,4,Total Votes Cast,1388,Governor,
Westwood,-,5,Maura Healey,1027,Governor,
Westwood,-,5,Geoff Diehl,607,Governor,
Westwood,-,5,Kevin Reed,20,Governor,
Westwood,-,5,All Others,2,Governor,
Westwood,-,5,Blanks,32,Governor,
Westwood,-,5,Total Votes Cast,1688,Governor,
Weymouth,-,1,Maura Healey,753,Governor,
Weymouth,-,1,Geoff Diehl,491,Governor,
Weymouth,-,1,Kevin Reed,16,Governor,
Weymouth,-,1,All Others,1,Governor,
Weymouth,-,1,Blanks,11,Governor,
Weymouth,-,1,Total Votes Cast,1272,Governor,
Weymouth,-,10,Maura Healey,625,Governor,
Weymouth,-,10,Geoff Diehl,419,Governor,
Weymouth,-,10,Kevin Reed,12,Governor,
Weymouth,-,10,All Others,0,Governor,
Weymouth,-,10,Blanks,10,Governor,
Weymouth,-,10,Total Votes Cast,1066,Governor,
Weymouth,-,11,Maura Healey,568,Governor,
Weymouth,-,11,Geoff Diehl,388,Governor,
Weymouth,-,11,Kevin Reed,16,Governor,
Weymouth,-,11,All Others,0,Governor,
Weymouth,-,11,Blanks,4,Governor,
Weymouth,-,11,Total Votes Cast,976,Governor,
Weymouth,-,12,Maura Healey,834,Governor,
Weymouth,-,12,Geoff Diehl,630,Governor,
Weymouth,-,12,Kevin Reed,15,Governor,
Weymouth,-,12,All Others,1,Governor,
Weymouth,-,12,Blanks,8,Governor,
Weymouth,-,12,Total Votes Cast,1488,Governor,
Weymouth,-,13,Maura Healey,485,Governor,
Weymouth,-,13,Geoff Diehl,336,Governor,
Weymouth,-,13,Kevin Reed,12,Governor,
Weymouth,-,13,All Others,0,Governor,
Weymouth,-,13,Blanks,7,Governor,
Weymouth,-,13,Total Votes Cast,840,Governor,
Weymouth,-,14,Maura Healey,864,Governor,
Weymouth,-,14,Geoff Diehl,558,Governor,
Weymouth,-,14,Kevin Reed,28,Governor,
Weymouth,-,14,All Others,1,Governor,
Weymouth,-,14,Blanks,18,Governor,
Weymouth,-,14,Total Votes Cast,1469,Governor,
Weymouth,-,15,Maura Healey,817,Governor,
Weymouth,-,15,Geoff Diehl,714,Governor,
Weymouth,-,15,Kevin Reed,17,Governor,
Weymouth,-,15,All Others,0,Governor,
Weymouth,-,15,Blanks,17,Governor,
Weymouth,-,15,Total Votes Cast,1565,Governor,
Weymouth,-,16,Maura Healey,905,Governor,
Weymouth,-,16,Geoff Diehl,706,Governor,
Weymouth,-,16,Kevin Reed,21,Governor,
Weymouth,-,16,All Others,6,Governor,
Weymouth,-,16,Blanks,12,Governor,
Weymouth,-,16,Total Votes Cast,1650,Governor,
Weymouth,-,17,Maura Healey,605,Governor,
Weymouth,-,17,Geoff Diehl,433,Governor,
Weymouth,-,17,Kevin Reed,14,Governor,
Weymouth,-,17,All Others,1,Governor,
Weymouth,-,17,Blanks,9,Governor,
Weymouth,-,17,Total Votes Cast,1062,Governor,
Weymouth,-,18,Maura Healey,716,Governor,
Weymouth,-,18,Geoff Diehl,352,Governor,
Weymouth,-,18,Kevin Reed,18,Governor,
Weymouth,-,18,All Others,3,Governor,
Weymouth,-,18,Blanks,10,Governor,
Weymouth,-,18,Total Votes Cast,1099,Governor,
Weymouth,-,2,Maura Healey,907,Governor,
Weymouth,-,2,Geoff Diehl,669,Governor,
Weymouth,-,2,Kevin Reed,16,Governor,
Weymouth,-,2,All Others,1,Governor,
Weymouth,-,2,Blanks,18,Governor,
Weymouth,-,2,Total Votes Cast,1611,Governor,
Weymouth,-,3,Maura Healey,813,Governor,
Weymouth,-,3,Geoff Diehl,680,Governor,
Weymouth,-,3,Kevin Reed,23,Governor,
Weymouth,-,3,All Others,2,Governor,
Weymouth,-,3,Blanks,8,Governor,
Weymouth,-,3,Total Votes Cast,1526,Governor,
Weymouth,-,4,Maura Healey,732,Governor,
Weymouth,-,4,Geoff Diehl,543,Governor,
Weymouth,-,4,Kevin Reed,15,Governor,
Weymouth,-,4,All Others,1,Governor,
Weymouth,-,4,Blanks,19,Governor,
Weymouth,-,4,Total Votes Cast,1310,Governor,
Weymouth,-,5,Maura Healey,742,Governor,
Weymouth,-,5,Geoff Diehl,415,Governor,
Weymouth,-,5,Kevin Reed,24,Governor,
Weymouth,-,5,All Others,5,Governor,
Weymouth,-,5,Blanks,7,Governor,
Weymouth,-,5,Total Votes Cast,1193,Governor,
Weymouth,-,6,Maura Healey,910,Governor,
Weymouth,-,6,Geoff Diehl,597,Governor,
Weymouth,-,6,Kevin Reed,16,Governor,
Weymouth,-,6,All Others,0,Governor,
Weymouth,-,6,Blanks,20,Governor,
Weymouth,-,6,Total Votes Cast,1543,Governor,
Weymouth,-,7,Maura Healey,602,Governor,
Weymouth,-,7,Geoff Diehl,432,Governor,
Weymouth,-,7,Kevin Reed,19,Governor,
Weymouth,-,7,All Others,0,Governor,
Weymouth,-,7,Blanks,8,Governor,
Weymouth,-,7,Total Votes Cast,1061,Governor,
Weymouth,-,8,Maura Healey,728,Governor,
Weymouth,-,8,Geoff Diehl,535,Governor,
Weymouth,-,8,Kevin Reed,18,Governor,
Weymouth,-,8,All Others,1,Governor,
Weymouth,-,8,Blanks,12,Governor,
Weymouth,-,8,Total Votes Cast,1294,Governor,
Weymouth,-,9,Maura Healey,534,Governor,
Weymouth,-,9,Geoff Diehl,397,Governor,
Weymouth,-,9,Kevin Reed,12,Governor,
Weymouth,-,9,All Others,1,Governor,
Weymouth,-,9,Blanks,10,Governor,
Weymouth,-,9,Total Votes Cast,954,Governor,
Weymouth,-,9A,Maura Healey,165,Governor,
Weymouth,-,9A,Geoff Diehl,166,Governor,
Weymouth,-,9A,Kevin Reed,4,Governor,
Weymouth,-,9A,All Others,0,Governor,
Weymouth,-,9A,Blanks,3,Governor,
Weymouth,-,9A,Total Votes Cast,338,Governor,
Whately,,,Maura Healey,590,Governor,
Whately,,,Geoff Diehl,296,Governor,
Whately,,,Kevin Reed,7,Governor,
Whately,,,All Others,1,Governor,
Whately,,,Blanks,6,Governor,
Whately,,,Total Votes Cast,900,Governor,
Whitman,-,1,Maura Healey,866,Governor,
Whitman,-,1,Geoff Diehl,856,Governor,
Whitman,-,1,Kevin Reed,26,Governor,
Whitman,-,1,All Others,1,Governor,
Whitman,-,1,Blanks,11,Governor,
Whitman,-,1,Total Votes Cast,1760,Governor,
Whitman,-,2,Maura Healey,654,Governor,
Whitman,-,2,Geoff Diehl,784,Governor,
Whitman,-,2,Kevin Reed,25,Governor,
Whitman,-,2,All Others,2,Governor,
Whitman,-,2,Blanks,9,Governor,
Whitman,-,2,Total Votes Cast,1474,Governor,
Whitman,-,3,Maura Healey,721,Governor,
Whitman,-,3,Geoff Diehl,792,Governor,
Whitman,-,3,Kevin Reed,22,Governor,
Whitman,-,3,All Others,2,Governor,
Whitman,-,3,Blanks,12,Governor,
Whitman,-,3,Total Votes Cast,1549,Governor,
Whitman,-,4,Maura Healey,743,Governor,
Whitman,-,4,Geoff Diehl,729,Governor,
Whitman,-,4,Kevin Reed,24,Governor,
Whitman,-,4,All Others,5,Governor,
Whitman,-,4,Blanks,18,Governor,
Whitman,-,4,Total Votes Cast,1519,Governor,
Wilbraham,-,A,Maura Healey,893,Governor,
Wilbraham,-,A,Geoff Diehl,773,Governor,
Wilbraham,-,A,Kevin Reed,18,Governor,
Wilbraham,-,A,All Others,0,Governor,
Wilbraham,-,A,Blanks,14,Governor,
Wilbraham,-,A,Total Votes Cast,1698,Governor,
Wilbraham,-,B,Maura Healey,771,Governor,
Wilbraham,-,B,Geoff Diehl,743,Governor,
Wilbraham,-,B,Kevin Reed,17,Governor,
Wilbraham,-,B,All Others,3,Governor,
Wilbraham,-,B,Blanks,17,Governor,
Wilbraham,-,B,Total Votes Cast,1551,Governor,
Wilbraham,-,C,Maura Healey,789,Governor,
Wilbraham,-,C,Geoff Diehl,859,Governor,
Wilbraham,-,C,Kevin Reed,27,Governor,
Wilbraham,-,C,All Others,3,Governor,
Wilbraham,-,C,Blanks,18,Governor,
Wilbraham,-,C,Total Votes Cast,1696,Governor,
Wilbraham,-,D,Maura Healey,878,Governor,
Wilbraham,-,D,Geoff Diehl,866,Governor,
Wilbraham,-,D,Kevin Reed,19,Governor,
Wilbraham,-,D,All Others,3,Governor,
Wilbraham,-,D,Blanks,22,Governor,
Wilbraham,-,D,Total Votes Cast,1788,Governor,
Williamsburg,,,Maura Healey,1162,Governor,
Williamsburg,,,Geoff Diehl,255,Governor,
Williamsburg,,,Kevin Reed,29,Governor,
Williamsburg,,,All Others,1,Governor,
Williamsburg,,,Blanks,6,Governor,
Williamsburg,,,Total Votes Cast,1453,Governor,
Williamstown,-,1,Maura Healey,1022,Governor,
Williamstown,-,1,Geoff Diehl,176,Governor,
Williamstown,-,1,Kevin Reed,15,Governor,
Williamstown,-,1,All Others,1,Governor,
Williamstown,-,1,Blanks,8,Governor,
Williamstown,-,1,Total Votes Cast,1222,Governor,
Williamstown,-,2,Maura Healey,299,Governor,
Williamstown,-,2,Geoff Diehl,33,Governor,
Williamstown,-,2,Kevin Reed,7,Governor,
Williamstown,-,2,All Others,0,Governor,
Williamstown,-,2,Blanks,2,Governor,
Williamstown,-,2,Total Votes Cast,341,Governor,
Williamstown,-,3,Maura Healey,1129,Governor,
Williamstown,-,3,Geoff Diehl,207,Governor,
Williamstown,-,3,Kevin Reed,16,Governor,
Williamstown,-,3,All Others,1,Governor,
Williamstown,-,3,Blanks,8,Governor,
Williamstown,-,3,Total Votes Cast,1361,Governor,
Wilmington,-,1,Maura Healey,963,Governor,
Wilmington,-,1,Geoff Diehl,825,Governor,
Wilmington,-,1,Kevin Reed,22,Governor,
Wilmington,-,1,All Others,1,Governor,
Wilmington,-,1,Blanks,8,Governor,
Wilmington,-,1,Total Votes Cast,1819,Governor,
Wilmington,-,2,Maura Healey,898,Governor,
Wilmington,-,2,Geoff Diehl,820,Governor,
Wilmington,-,2,Kevin Reed,22,Governor,
Wilmington,-,2,All Others,0,Governor,
Wilmington,-,2,Blanks,24,Governor,
Wilmington,-,2,Total Votes Cast,1764,Governor,
Wilmington,-,3,Maura Healey,864,Governor,
Wilmington,-,3,Geoff Diehl,776,Governor,
Wilmington,-,3,Kevin Reed,25,Governor,
Wilmington,-,3,All Others,2,Governor,
Wilmington,-,3,Blanks,14,Governor,
Wilmington,-,3,Total Votes Cast,1681,Governor,
Wilmington,-,4,Maura Healey,928,Governor,
Wilmington,-,4,Geoff Diehl,822,Governor,
Wilmington,-,4,Kevin Reed,20,Governor,
Wilmington,-,4,All Others,0,Governor,
Wilmington,-,4,Blanks,9,Governor,
Wilmington,-,4,Total Votes Cast,1779,Governor,
Wilmington,-,5,Maura Healey,859,Governor,
Wilmington,-,5,Geoff Diehl,733,Governor,
Wilmington,-,5,Kevin Reed,29,Governor,
Wilmington,-,5,All Others,3,Governor,
Wilmington,-,5,Blanks,16,Governor,
Wilmington,-,5,Total Votes Cast,1640,Governor,
Wilmington,-,6,Maura Healey,929,Governor,
Wilmington,-,6,Geoff Diehl,897,Governor,
Wilmington,-,6,Kevin Reed,24,Governor,
Wilmington,-,6,All Others,0,Governor,
Wilmington,-,6,Blanks,14,Governor,
Wilmington,-,6,Total Votes Cast,1864,Governor,
Winchendon,-,1,Maura Healey,424,Governor,
Winchendon,-,1,Geoff Diehl,541,Governor,
Winchendon,-,1,Kevin Reed,30,Governor,
Winchendon,-,1,All Others,2,Governor,
Winchendon,-,1,Blanks,2,Governor,
Winchendon,-,1,Total Votes Cast,999,Governor,
Winchendon,-,2,Maura Healey,544,Governor,
Winchendon,-,2,Geoff Diehl,652,Governor,
Winchendon,-,2,Kevin Reed,25,Governor,
Winchendon,-,2,All Others,1,Governor,
Winchendon,-,2,Blanks,8,Governor,
Winchendon,-,2,Total Votes Cast,1230,Governor,
Winchendon,-,3,Maura Healey,550,Governor,
Winchendon,-,3,Geoff Diehl,632,Governor,
Winchendon,-,3,Kevin Reed,26,Governor,
Winchendon,-,3,All Others,1,Governor,
Winchendon,-,3,Blanks,5,Governor,
Winchendon,-,3,Total Votes Cast,1214,Governor,
Winchester,-,1,Maura Healey,946,Governor,
Winchester,-,1,Geoff Diehl,364,Governor,
Winchester,-,1,Kevin Reed,21,Governor,
Winchester,-,1,All Others,0,Governor,
Winchester,-,1,Blanks,8,Governor,
Winchester,-,1,Total Votes Cast,1339,Governor,
Winchester,-,2,Maura Healey,778,Governor,
Winchester,-,2,Geoff Diehl,323,Governor,
Winchester,-,2,Kevin Reed,21,Governor,
Winchester,-,2,All Others,4,Governor,
Winchester,-,2,Blanks,10,Governor,
Winchester,-,2,Total Votes Cast,1136,Governor,
Winchester,-,3,Maura Healey,1092,Governor,
Winchester,-,3,Geoff Diehl,318,Governor,
Winchester,-,3,Kevin Reed,34,Governor,
Winchester,-,3,All Others,1,Governor,
Winchester,-,3,Blanks,23,Governor,
Winchester,-,3,Total Votes Cast,1468,Governor,
Winchester,-,4,Maura Healey,921,Governor,
Winchester,-,4,Geoff Diehl,454,Governor,
Winchester,-,4,Kevin Reed,27,Governor,
Winchester,-,4,All Others,3,Governor,
Winchester,-,4,Blanks,22,Governor,
Winchester,-,4,Total Votes Cast,1427,Governor,
Winchester,-,5,Maura Healey,821,Governor,
Winchester,-,5,Geoff Diehl,472,Governor,
Winchester,-,5,Kevin Reed,20,Governor,
Winchester,-,5,All Others,1,Governor,
Winchester,-,5,Blanks,12,Governor,
Winchester,-,5,Total Votes Cast,1326,Governor,
Winchester,-,6,Maura Healey,817,Governor,
Winchester,-,6,Geoff Diehl,491,Governor,
Winchester,-,6,Kevin Reed,22,Governor,
Winchester,-,6,All Others,3,Governor,
Winchester,-,6,Blanks,17,Governor,
Winchester,-,6,Total Votes Cast,1350,Governor,
Winchester,-,7,Maura Healey,935,Governor,
Winchester,-,7,Geoff Diehl,418,Governor,
Winchester,-,7,Kevin Reed,25,Governor,
Winchester,-,7,All Others,4,Governor,
Winchester,-,7,Blanks,26,Governor,
Winchester,-,7,Total Votes Cast,1408,Governor,
Winchester,-,8,Maura Healey,586,Governor,
Winchester,-,8,Geoff Diehl,338,Governor,
Winchester,-,8,Kevin Reed,14,Governor,
Winchester,-,8,All Others,1,Governor,
Winchester,-,8,Blanks,12,Governor,
Winchester,-,8,Total Votes Cast,951,Governor,
Windsor,,,Maura Healey,259,Governor,
Windsor,,,Geoff Diehl,129,Governor,
Windsor,,,Kevin Reed,7,Governor,
Windsor,,,All Others,0,Governor,
Windsor,,,Blanks,2,Governor,
Windsor,,,Total Votes Cast,397,Governor,
Winthrop,-,1,Maura Healey,660,Governor,
Winthrop,-,1,Geoff Diehl,479,Governor,
Winthrop,-,1,Kevin Reed,13,Governor,
Winthrop,-,1,All Others,0,Governor,
Winthrop,-,1,Blanks,14,Governor,
Winthrop,-,1,Total Votes Cast,1166,Governor,
Winthrop,-,2,Maura Healey,693,Governor,
Winthrop,-,2,Geoff Diehl,491,Governor,
Winthrop,-,2,Kevin Reed,18,Governor,
Winthrop,-,2,All Others,0,Governor,
Winthrop,-,2,Blanks,19,Governor,
Winthrop,-,2,Total Votes Cast,1221,Governor,
Winthrop,-,3,Maura Healey,693,Governor,
Winthrop,-,3,Geoff Diehl,349,Governor,
Winthrop,-,3,Kevin Reed,17,Governor,
Winthrop,-,3,All Others,1,Governor,
Winthrop,-,3,Blanks,7,Governor,
Winthrop,-,3,Total Votes Cast,1067,Governor,
Winthrop,-,4,Maura Healey,574,Governor,
Winthrop,-,4,Geoff Diehl,326,Governor,
Winthrop,-,4,Kevin Reed,10,Governor,
Winthrop,-,4,All Others,0,Governor,
Winthrop,-,4,Blanks,7,Governor,
Winthrop,-,4,Total Votes Cast,917,Governor,
Winthrop,-,5,Maura Healey,750,Governor,
Winthrop,-,5,Geoff Diehl,474,Governor,
Winthrop,-,5,Kevin Reed,18,Governor,
Winthrop,-,5,All Others,0,Governor,
Winthrop,-,5,Blanks,18,Governor,
Winthrop,-,5,Total Votes Cast,1260,Governor,
Winthrop,-,6,Maura Healey,732,Governor,
Winthrop,-,6,Geoff Diehl,357,Governor,
Winthrop,-,6,Kevin Reed,12,Governor,
Winthrop,-,6,All Others,0,Governor,
Winthrop,-,6,Blanks,2,Governor,
Winthrop,-,6,Total Votes Cast,1103,Governor,
Woburn,1,1,Maura Healey,554,Governor,
Woburn,1,1,Geoff Diehl,349,Governor,
Woburn,1,1,Kevin Reed,6,Governor,
Woburn,1,1,All Others,1,Governor,
Woburn,1,1,Blanks,9,Governor,
Woburn,1,1,Total Votes Cast,919,Governor,
Woburn,1,2,Maura Healey,637,Governor,
Woburn,1,2,Geoff Diehl,346,Governor,
Woburn,1,2,Kevin Reed,15,Governor,
Woburn,1,2,All Others,1,Governor,
Woburn,1,2,Blanks,10,Governor,
Woburn,1,2,Total Votes Cast,1009,Governor,
Woburn,1,2A,Maura Healey,54,Governor,
Woburn,1,2A,Geoff Diehl,21,Governor,
Woburn,1,2A,Kevin Reed,1,Governor,
Woburn,1,2A,All Others,0,Governor,
Woburn,1,2A,Blanks,0,Governor,
Woburn,1,2A,Total Votes Cast,76,Governor,
Woburn,2,1,Maura Healey,681,Governor,
Woburn,2,1,Geoff Diehl,463,Governor,
Woburn,2,1,Kevin Reed,19,Governor,
Woburn,2,1,All Others,3,Governor,
Woburn,2,1,Blanks,14,Governor,
Woburn,2,1,Total Votes Cast,1180,Governor,
Woburn,2,2,Maura Healey,608,Governor,
Woburn,2,2,Geoff Diehl,270,Governor,
Woburn,2,2,Kevin Reed,15,Governor,
Woburn,2,2,All Others,0,Governor,
Woburn,2,2,Blanks,14,Governor,
Woburn,2,2,Total Votes Cast,907,Governor,
Woburn,3,1,Maura Healey,728,Governor,
Woburn,3,1,Geoff Diehl,363,Governor,
Woburn,3,1,Kevin Reed,25,Governor,
Woburn,3,1,All Others,2,Governor,
Woburn,3,1,Blanks,11,Governor,
Woburn,3,1,Total Votes Cast,1129,Governor,
Woburn,3,2,Maura Healey,757,Governor,
Woburn,3,2,Geoff Diehl,669,Governor,
Woburn,3,2,Kevin Reed,21,Governor,
Woburn,3,2,All Others,1,Governor,
Woburn,3,2,Blanks,18,Governor,
Woburn,3,2,Total Votes Cast,1466,Governor,
Woburn,4,1,Maura Healey,687,Governor,
Woburn,4,1,Geoff Diehl,529,Governor,
Woburn,4,1,Kevin Reed,14,Governor,
Woburn,4,1,All Others,1,Governor,
Woburn,4,1,Blanks,25,Governor,
Woburn,4,1,Total Votes Cast,1256,Governor,
Woburn,4,2,Maura Healey,622,Governor,
Woburn,4,2,Geoff Diehl,396,Governor,
Woburn,4,2,Kevin Reed,20,Governor,
Woburn,4,2,All Others,1,Governor,
Woburn,4,2,Blanks,9,Governor,
Woburn,4,2,Total Votes Cast,1048,Governor,
Woburn,5,1,Maura Healey,686,Governor,
Woburn,5,1,Geoff Diehl,291,Governor,
Woburn,5,1,Kevin Reed,20,Governor,
Woburn,5,1,All Others,1,Governor,
Woburn,5,1,Blanks,15,Governor,
Woburn,5,1,Total Votes Cast,1013,Governor,
Woburn,5,2,Maura Healey,610,Governor,
Woburn,5,2,Geoff Diehl,414,Governor,
Woburn,5,2,Kevin Reed,22,Governor,
Woburn,5,2,All Others,1,Governor,
Woburn,5,2,Blanks,10,Governor,
Woburn,5,2,Total Votes Cast,1057,Governor,
Woburn,6,1,Maura Healey,434,Governor,
Woburn,6,1,Geoff Diehl,256,Governor,
Woburn,6,1,Kevin Reed,9,Governor,
Woburn,6,1,All Others,0,Governor,
Woburn,6,1,Blanks,14,Governor,
Woburn,6,1,Total Votes Cast,713,Governor,
Woburn,6,2,Maura Healey,641,Governor,
Woburn,6,2,Geoff Diehl,482,Governor,
Woburn,6,2,Kevin Reed,16,Governor,
Woburn,6,2,All Others,2,Governor,
Woburn,6,2,Blanks,8,Governor,
Woburn,6,2,Total Votes Cast,1149,Governor,
Woburn,7,1,Maura Healey,756,Governor,
Woburn,7,1,Geoff Diehl,649,Governor,
Woburn,7,1,Kevin Reed,16,Governor,
Woburn,7,1,All Others,2,Governor,
Woburn,7,1,Blanks,21,Governor,
Woburn,7,1,Total Votes Cast,1444,Governor,
Woburn,7,2,Maura Healey,818,Governor,
Woburn,7,2,Geoff Diehl,614,Governor,
Woburn,7,2,Kevin Reed,15,Governor,
Woburn,7,2,All Others,1,Governor,
Woburn,7,2,Blanks,17,Governor,
Woburn,7,2,Total Votes Cast,1465,Governor,
Worcester,1,1,Maura Healey,511,Governor,
Worcester,1,1,Geoff Diehl,167,Governor,
Worcester,1,1,Kevin Reed,9,Governor,
Worcester,1,1,All Others,2,Governor,
Worcester,1,1,Blanks,10,Governor,
Worcester,1,1,Total Votes Cast,699,Governor,
Worcester,1,2,Maura Healey,1020,Governor,
Worcester,1,2,Geoff Diehl,540,Governor,
Worcester,1,2,Kevin Reed,28,Governor,
Worcester,1,2,All Others,0,Governor,
Worcester,1,2,Blanks,16,Governor,
Worcester,1,2,Total Votes Cast,1604,Governor,
Worcester,1,3,Maura Healey,577,Governor,
Worcester,1,3,Geoff Diehl,266,Governor,
Worcester,1,3,Kevin Reed,15,Governor,
Worcester,1,3,All Others,1,Governor,
Worcester,1,3,Blanks,11,Governor,
Worcester,1,3,Total Votes Cast,870,Governor,
Worcester,1,4,Maura Healey,1062,Governor,
Worcester,1,4,Geoff Diehl,337,Governor,
Worcester,1,4,Kevin Reed,28,Governor,
Worcester,1,4,All Others,5,Governor,
Worcester,1,4,Blanks,18,Governor,
Worcester,1,4,Total Votes Cast,1450,Governor,
Worcester,1,5,Maura Healey,587,Governor,
Worcester,1,5,Geoff Diehl,351,Governor,
Worcester,1,5,Kevin Reed,15,Governor,
Worcester,1,5,All Others,2,Governor,
Worcester,1,5,Blanks,6,Governor,
Worcester,1,5,Total Votes Cast,961,Governor,
Worcester,1,6,Maura Healey,925,Governor,
Worcester,1,6,Geoff Diehl,502,Governor,
Worcester,1,6,Kevin Reed,21,Governor,
Worcester,1,6,All Others,1,Governor,
Worcester,1,6,Blanks,17,Governor,
Worcester,1,6,Total Votes Cast,1466,Governor,
Worcester,10,1,Maura Healey,259,Governor,
Worcester,10,1,Geoff Diehl,86,Governor,
Worcester,10,1,Kevin Reed,11,Governor,
Worcester,10,1,All Others,1,Governor,
Worcester,10,1,Blanks,5,Governor,
Worcester,10,1,Total Votes Cast,362,Governor,
Worcester,10,2,Maura Healey,371,Governor,
Worcester,10,2,Geoff Diehl,93,Governor,
Worcester,10,2,Kevin Reed,8,Governor,
Worcester,10,2,All Others,2,Governor,
Worcester,10,2,Blanks,7,Governor,
Worcester,10,2,Total Votes Cast,481,Governor,
Worcester,10,3,Maura Healey,298,Governor,
Worcester,10,3,Geoff Diehl,67,Governor,
Worcester,10,3,Kevin Reed,12,Governor,
Worcester,10,3,All Others,2,Governor,
Worcester,10,3,Blanks,11,Governor,
Worcester,10,3,Total Votes Cast,390,Governor,
Worcester,10,4,Maura Healey,238,Governor,
Worcester,10,4,Geoff Diehl,92,Governor,
Worcester,10,4,Kevin Reed,8,Governor,
Worcester,10,4,All Others,1,Governor,
Worcester,10,4,Blanks,3,Governor,
Worcester,10,4,Total Votes Cast,342,Governor,
Worcester,10,5,Maura Healey,207,Governor,
Worcester,10,5,Geoff Diehl,69,Governor,
Worcester,10,5,Kevin Reed,5,Governor,
Worcester,10,5,All Others,1,Governor,
Worcester,10,5,Blanks,7,Governor,
Worcester,10,5,Total Votes Cast,289,Governor,
Worcester,10,6,Maura Healey,210,Governor,
Worcester,10,6,Geoff Diehl,49,Governor,
Worcester,10,6,Kevin Reed,3,Governor,
Worcester,10,6,All Others,0,Governor,
Worcester,10,6,Blanks,2,Governor,
Worcester,10,6,Total Votes Cast,264,Governor,
Worcester,2,1,Maura Healey,855,Governor,
Worcester,2,1,Geoff Diehl,411,Governor,
Worcester,2,1,Kevin Reed,24,Governor,
Worcester,2,1,All Others,1,Governor,
Worcester,2,1,Blanks,15,Governor,
Worcester,2,1,Total Votes Cast,1306,Governor,
Worcester,2,2,Maura Healey,669,Governor,
Worcester,2,2,Geoff Diehl,361,Governor,
Worcester,2,2,Kevin Reed,20,Governor,
Worcester,2,2,All Others,2,Governor,
Worcester,2,2,Blanks,11,Governor,
Worcester,2,2,Total Votes Cast,1063,Governor,
Worcester,2,3,Maura Healey,734,Governor,
Worcester,2,3,Geoff Diehl,375,Governor,
Worcester,2,3,Kevin Reed,20,Governor,
Worcester,2,3,All Others,1,Governor,
Worcester,2,3,Blanks,9,Governor,
Worcester,2,3,Total Votes Cast,1139,Governor,
Worcester,2,4,Maura Healey,558,Governor,
Worcester,2,4,Geoff Diehl,154,Governor,
Worcester,2,4,Kevin Reed,9,Governor,
Worcester,2,4,All Others,1,Governor,
Worcester,2,4,Blanks,8,Governor,
Worcester,2,4,Total Votes Cast,730,Governor,
Worcester,2,5,Maura Healey,351,Governor,
Worcester,2,5,Geoff Diehl,115,Governor,
Worcester,2,5,Kevin Reed,10,Governor,
Worcester,2,5,All Others,0,Governor,
Worcester,2,5,Blanks,10,Governor,
Worcester,2,5,Total Votes Cast,486,Governor,
Worcester,2,6,Maura Healey,581,Governor,
Worcester,2,6,Geoff Diehl,270,Governor,
Worcester,2,6,Kevin Reed,15,Governor,
Worcester,2,6,All Others,2,Governor,
Worcester,2,6,Blanks,10,Governor,
Worcester,2,6,Total Votes Cast,878,Governor,
Worcester,3,1,Maura Healey,246,Governor,
Worcester,3,1,Geoff Diehl,94,Governor,
Worcester,3,1,Kevin Reed,2,Governor,
Worcester,3,1,All Others,0,Governor,
Worcester,3,1,Blanks,4,Governor,
Worcester,3,1,Total Votes Cast,346,Governor,
Worcester,3,2,Maura Healey,221,Governor,
Worcester,3,2,Geoff Diehl,45,Governor,
Worcester,3,2,Kevin Reed,2,Governor,
Worcester,3,2,All Others,0,Governor,
Worcester,3,2,Blanks,5,Governor,
Worcester,3,2,Total Votes Cast,273,Governor,
Worcester,3,3,Maura Healey,538,Governor,
Worcester,3,3,Geoff Diehl,307,Governor,
Worcester,3,3,Kevin Reed,14,Governor,
Worcester,3,3,All Others,0,Governor,
Worcester,3,3,Blanks,8,Governor,
Worcester,3,3,Total Votes Cast,867,Governor,
Worcester,3,4,Maura Healey,265,Governor,
Worcester,3,4,Geoff Diehl,73,Governor,
Worcester,3,4,Kevin Reed,10,Governor,
Worcester,3,4,All Others,0,Governor,
Worcester,3,4,Blanks,6,Governor,
Worcester,3,4,Total Votes Cast,354,Governor,
Worcester,3,5,Maura Healey,511,Governor,
Worcester,3,5,Geoff Diehl,197,Governor,
Worcester,3,5,Kevin Reed,14,Governor,
Worcester,3,5,All Others,1,Governor,
Worcester,3,5,Blanks,12,Governor,
Worcester,3,5,Total Votes Cast,735,Governor,
Worcester,3,6,Maura Healey,522,Governor,
Worcester,3,6,Geoff Diehl,220,Governor,
Worcester,3,6,Kevin Reed,14,Governor,
Worcester,3,6,All Others,2,Governor,
Worcester,3,6,Blanks,10,Governor,
Worcester,3,6,Total Votes Cast,768,Governor,
Worcester,4,1,Maura Healey,204,Governor,
Worcester,4,1,Geoff Diehl,57,Governor,
Worcester,4,1,Kevin Reed,6,Governor,
Worcester,4,1,All Others,2,Governor,
Worcester,4,1,Blanks,4,Governor,
Worcester,4,1,Total Votes Cast,273,Governor,
Worcester,4,2,Maura Healey,177,Governor,
Worcester,4,2,Geoff Diehl,60,Governor,
Worcester,4,2,Kevin Reed,8,Governor,
Worcester,4,2,All Others,1,Governor,
Worcester,4,2,Blanks,6,Governor,
Worcester,4,2,Total Votes Cast,252,Governor,
Worcester,4,2A,Maura Healey,128,Governor,
Worcester,4,2A,Geoff Diehl,72,Governor,
Worcester,4,2A,Kevin Reed,5,Governor,
Worcester,4,2A,All Others,0,Governor,
Worcester,4,2A,Blanks,2,Governor,
Worcester,4,2A,Total Votes Cast,207,Governor,
Worcester,4,3,Maura Healey,270,Governor,
Worcester,4,3,Geoff Diehl,68,Governor,
Worcester,4,3,Kevin Reed,7,Governor,
Worcester,4,3,All Others,3,Governor,
Worcester,4,3,Blanks,3,Governor,
Worcester,4,3,Total Votes Cast,351,Governor,
Worcester,4,4,Maura Healey,357,Governor,
Worcester,4,4,Geoff Diehl,189,Governor,
Worcester,4,4,Kevin Reed,14,Governor,
Worcester,4,4,All Others,2,Governor,
Worcester,4,4,Blanks,12,Governor,
Worcester,4,4,Total Votes Cast,574,Governor,
Worcester,4,5,Maura Healey,585,Governor,
Worcester,4,5,Geoff Diehl,252,Governor,
Worcester,4,5,Kevin Reed,13,Governor,
Worcester,4,5,All Others,0,Governor,
Worcester,4,5,Blanks,13,Governor,
Worcester,4,5,Total Votes Cast,863,Governor,
Worcester,4,6,Maura Healey,479,Governor,
Worcester,4,6,Geoff Diehl,281,Governor,
Worcester,4,6,Kevin Reed,12,Governor,
Worcester,4,6,All Others,1,Governor,
Worcester,4,6,Blanks,7,Governor,
Worcester,4,6,Total Votes Cast,780,Governor,
Worcester,5,1,Maura Healey,298,Governor,
Worcester,5,1,Geoff Diehl,91,Governor,
Worcester,5,1,Kevin Reed,15,Governor,
Worcester,5,1,All Others,1,Governor,
Worcester,5,1,Blanks,4,Governor,
Worcester,5,1,Total Votes Cast,409,Governor,
Worcester,5,2,Maura Healey,507,Governor,
Worcester,5,2,Geoff Diehl,295,Governor,
Worcester,5,2,Kevin Reed,17,Governor,
Worcester,5,2,All Others,0,Governor,
Worcester,5,2,Blanks,6,Governor,
Worcester,5,2,Total Votes Cast,825,Governor,
Worcester,5,3,Maura Healey,703,Governor,
Worcester,5,3,Geoff Diehl,458,Governor,
Worcester,5,3,Kevin Reed,21,Governor,
Worcester,5,3,All Others,0,Governor,
Worcester,5,3,Blanks,16,Governor,
Worcester,5,3,Total Votes Cast,1198,Governor,
Worcester,5,4,Maura Healey,631,Governor,
Worcester,5,4,Geoff Diehl,353,Governor,
Worcester,5,4,Kevin Reed,18,Governor,
Worcester,5,4,All Others,2,Governor,
Worcester,5,4,Blanks,10,Governor,
Worcester,5,4,Total Votes Cast,1014,Governor,
Worcester,5,5,Maura Healey,567,Governor,
Worcester,5,5,Geoff Diehl,355,Governor,
Worcester,5,5,Kevin Reed,22,Governor,
Worcester,5,5,All Others,1,Governor,
Worcester,5,5,Blanks,12,Governor,
Worcester,5,5,Total Votes Cast,957,Governor,
Worcester,5,6,Maura Healey,452,Governor,
Worcester,5,6,Geoff Diehl,259,Governor,
Worcester,5,6,Kevin Reed,10,Governor,
Worcester,5,6,All Others,1,Governor,
Worcester,5,6,Blanks,13,Governor,
Worcester,5,6,Total Votes Cast,735,Governor,
Worcester,6,1,Maura Healey,184,Governor,
Worcester,6,1,Geoff Diehl,55,Governor,
Worcester,6,1,Kevin Reed,3,Governor,
Worcester,6,1,All Others,1,Governor,
Worcester,6,1,Blanks,2,Governor,
Worcester,6,1,Total Votes Cast,245,Governor,
Worcester,6,2,Maura Healey,301,Governor,
Worcester,6,2,Geoff Diehl,119,Governor,
Worcester,6,2,Kevin Reed,8,Governor,
Worcester,6,2,All Others,0,Governor,
Worcester,6,2,Blanks,10,Governor,
Worcester,6,2,Total Votes Cast,438,Governor,
Worcester,6,3,Maura Healey,253,Governor,
Worcester,6,3,Geoff Diehl,106,Governor,
Worcester,6,3,Kevin Reed,7,Governor,
Worcester,6,3,All Others,0,Governor,
Worcester,6,3,Blanks,3,Governor,
Worcester,6,3,Total Votes Cast,369,Governor,
Worcester,6,4,Maura Healey,56,Governor,
Worcester,6,4,Geoff Diehl,27,Governor,
Worcester,6,4,Kevin Reed,2,Governor,
Worcester,6,4,All Others,0,Governor,
Worcester,6,4,Blanks,1,Governor,
Worcester,6,4,Total Votes Cast,86,Governor,
Worcester,6,5,Maura Healey,353,Governor,
Worcester,6,5,Geoff Diehl,178,Governor,
Worcester,6,5,Kevin Reed,16,Governor,
Worcester,6,5,All Others,0,Governor,
Worcester,6,5,Blanks,6,Governor,
Worcester,6,5,Total Votes Cast,553,Governor,
Worcester,6,6,Maura Healey,514,Governor,
Worcester,6,6,Geoff Diehl,293,Governor,
Worcester,6,6,Kevin Reed,18,Governor,
Worcester,6,6,All Others,0,Governor,
Worcester,6,6,Blanks,2,Governor,
Worcester,6,6,Total Votes Cast,827,Governor,
Worcester,7,1,Maura Healey,625,Governor,
Worcester,7,1,Geoff Diehl,237,Governor,
Worcester,7,1,Kevin Reed,19,Governor,
Worcester,7,1,All Others,0,Governor,
Worcester,7,1,Blanks,13,Governor,
Worcester,7,1,Total Votes Cast,894,Governor,
Worcester,7,2,Maura Healey,488,Governor,
Worcester,7,2,Geoff Diehl,265,Governor,
Worcester,7,2,Kevin Reed,16,Governor,
Worcester,7,2,All Others,2,Governor,
Worcester,7,2,Blanks,13,Governor,
Worcester,7,2,Total Votes Cast,784,Governor,
Worcester,7,3,Maura Healey,345,Governor,
Worcester,7,3,Geoff Diehl,152,Governor,
Worcester,7,3,Kevin Reed,10,Governor,
Worcester,7,3,All Others,0,Governor,
Worcester,7,3,Blanks,8,Governor,
Worcester,7,3,Total Votes Cast,515,Governor,
Worcester,7,4,Maura Healey,554,Governor,
Worcester,7,4,Geoff Diehl,254,Governor,
Worcester,7,4,Kevin Reed,14,Governor,
Worcester,7,4,All Others,0,Governor,
Worcester,7,4,Blanks,10,Governor,
Worcester,7,4,Total Votes Cast,832,Governor,
Worcester,7,5,Maura Healey,362,Governor,
Worcester,7,5,Geoff Diehl,266,Governor,
Worcester,7,5,Kevin Reed,19,Governor,
Worcester,7,5,All Others,1,Governor,
Worcester,7,5,Blanks,9,Governor,
Worcester,7,5,Total Votes Cast,657,Governor,
Worcester,7,5A,Maura Healey,138,Governor,
Worcester,7,5A,Geoff Diehl,61,Governor,
Worcester,7,5A,Kevin Reed,6,Governor,
Worcester,7,5A,All Others,0,Governor,
Worcester,7,5A,Blanks,4,Governor,
Worcester,7,5A,Total Votes Cast,209,Governor,
Worcester,7,6,Maura Healey,564,Governor,
Worcester,7,6,Geoff Diehl,278,Governor,
Worcester,7,6,Kevin Reed,18,Governor,
Worcester,7,6,All Others,0,Governor,
Worcester,7,6,Blanks,20,Governor,
Worcester,7,6,Total Votes Cast,880,Governor,
Worcester,8,1,Maura Healey,248,Governor,
Worcester,8,1,Geoff Diehl,76,Governor,
Worcester,8,1,Kevin Reed,9,Governor,
Worcester,8,1,All Others,0,Governor,
Worcester,8,1,Blanks,6,Governor,
Worcester,8,1,Total Votes Cast,339,Governor,
Worcester,8,2,Maura Healey,171,Governor,
Worcester,8,2,Geoff Diehl,79,Governor,
Worcester,8,2,Kevin Reed,4,Governor,
Worcester,8,2,All Others,1,Governor,
Worcester,8,2,Blanks,5,Governor,
Worcester,8,2,Total Votes Cast,260,Governor,
Worcester,8,3,Maura Healey,122,Governor,
Worcester,8,3,Geoff Diehl,25,Governor,
Worcester,8,3,Kevin Reed,1,Governor,
Worcester,8,3,All Others,0,Governor,
Worcester,8,3,Blanks,2,Governor,
Worcester,8,3,Total Votes Cast,150,Governor,
Worcester,8,4,Maura Healey,340,Governor,
Worcester,8,4,Geoff Diehl,110,Governor,
Worcester,8,4,Kevin Reed,16,Governor,
Worcester,8,4,All Others,1,Governor,
Worcester,8,4,Blanks,10,Governor,
Worcester,8,4,Total Votes Cast,477,Governor,
Worcester,8,5,Maura Healey,250,Governor,
Worcester,8,5,Geoff Diehl,120,Governor,
Worcester,8,5,Kevin Reed,8,Governor,
Worcester,8,5,All Others,0,Governor,
Worcester,8,5,Blanks,4,Governor,
Worcester,8,5,Total Votes Cast,382,Governor,
Worcester,8,6,Maura Healey,192,Governor,
Worcester,8,6,Geoff Diehl,88,Governor,
Worcester,8,6,Kevin Reed,6,Governor,
Worcester,8,6,All Others,0,Governor,
Worcester,8,6,Blanks,3,Governor,
Worcester,8,6,Total Votes Cast,289,Governor,
Worcester,9,1,Maura Healey,539,Governor,
Worcester,9,1,Geoff Diehl,153,Governor,
Worcester,9,1,Kevin Reed,13,Governor,
Worcester,9,1,All Others,1,Governor,
Worcester,9,1,Blanks,7,Governor,
Worcester,9,1,Total Votes Cast,713,Governor,
Worcester,9,2,Maura Healey,888,Governor,
Worcester,9,2,Geoff Diehl,279,Governor,
Worcester,9,2,Kevin Reed,16,Governor,
Worcester,9,2,All Others,4,Governor,
Worcester,9,2,Blanks,14,Governor,
Worcester,9,2,Total Votes Cast,1201,Governor,
Worcester,9,3,Maura Healey,464,Governor,
Worcester,9,3,Geoff Diehl,179,Governor,
Worcester,9,3,Kevin Reed,12,Governor,
Worcester,9,3,All Others,0,Governor,
Worcester,9,3,Blanks,5,Governor,
Worcester,9,3,Total Votes Cast,660,Governor,
Worcester,9,4,Maura Healey,921,Governor,
Worcester,9,4,Geoff Diehl,404,Governor,
Worcester,9,4,Kevin Reed,21,Governor,
Worcester,9,4,All Others,0,Governor,
Worcester,9,4,Blanks,17,Governor,
Worcester,9,4,Total Votes Cast,1363,Governor,
Worcester,9,5,Maura Healey,1010,Governor,
Worcester,9,5,Geoff Diehl,461,Governor,
Worcester,9,5,Kevin Reed,26,Governor,
Worcester,9,5,All Others,3,Governor,
Worcester,9,5,Blanks,28,Governor,
Worcester,9,5,Total Votes Cast,1528,Governor,
Worcester,9,6,Maura Healey,828,Governor,
Worcester,9,6,Geoff Diehl,381,Governor,
Worcester,9,6,Kevin Reed,21,Governor,
Worcester,9,6,All Others,2,Governor,
Worcester,9,6,Blanks,9,Governor,
Worcester,9,6,Total Votes Cast,1241,Governor,
Worthington,,,Maura Healey,466,Governor,
Worthington,,,Geoff Diehl,216,Governor,
Worthington,,,Kevin Reed,7,Governor,
Worthington,,,All Others,0,Governor,
Worthington,,,Blanks,2,Governor,
Worthington,,,Total Votes Cast,691,Governor,
Wrentham,-,1,Maura Healey,708,Governor,
Wrentham,-,1,Geoff Diehl,710,Governor,
Wrentham,-,1,Kevin Reed,27,Governor,
Wrentham,-,1,All Others,5,Governor,
Wrentham,-,1,Blanks,12,Governor,
Wrentham,-,1,Total Votes Cast,1462,Governor,
Wrentham,-,2,Maura Healey,792,Governor,
Wrentham,-,2,Geoff Diehl,730,Governor,
Wrentham,-,2,Kevin Reed,31,Governor,
Wrentham,-,2,All Others,9,Governor,
Wrentham,-,2,Blanks,17,Governor,
Wrentham,-,2,Total Votes Cast,1579,Governor,
Wrentham,-,3,Maura Healey,757,Governor,
Wrentham,-,3,Geoff Diehl,677,Governor,
Wrentham,-,3,Kevin Reed,25,Governor,
Wrentham,-,3,All Others,1,Governor,
Wrentham,-,3,Blanks,12,Governor,
Wrentham,-,3,Total Votes Cast,1472,Governor,
Wrentham,-,4,Maura Healey,714,Governor,
Wrentham,-,4,Geoff Diehl,742,Governor,
Wrentham,-,4,Kevin Reed,34,Governor,
Wrentham,-,4,All Others,2,Governor,
Wrentham,-,4,Blanks,6,Governor,
Wrentham,-,4,Total Votes Cast,1498,Governor,
Yarmouth,-,1,Maura Healey,1081,Governor,
Yarmouth,-,1,Geoff Diehl,723,Governor,
Yarmouth,-,1,Kevin Reed,16,Governor,
Yarmouth,-,1,All Others,1,Governor,
Yarmouth,-,1,Blanks,16,Governor,
Yarmouth,-,1,Total Votes Cast,1837,Governor,
Yarmouth,-,2,Maura Healey,993,Governor,
Yarmouth,-,2,Geoff Diehl,671,Governor,
Yarmouth,-,2,Kevin Reed,13,Governor,
Yarmouth,-,2,All Others,3,Governor,
Yarmouth,-,2,Blanks,7,Governor,
Yarmouth,-,2,Total Votes Cast,1687,Governor,
Yarmouth,-,3,Maura Healey,646,Governor,
Yarmouth,-,3,Geoff Diehl,478,Governor,
Yarmouth,-,3,Kevin Reed,13,Governor,
Yarmouth,-,3,All Others,1,Governor,
Yarmouth,-,3,Blanks,7,Governor,
Yarmouth,-,3,Total Votes Cast,1145,Governor,
Yarmouth,-,4,Maura Healey,850,Governor,
Yarmouth,-,4,Geoff Diehl,572,Governor,
Yarmouth,-,4,Kevin Reed,25,Governor,
Yarmouth,-,4,All Others,2,Governor,
Yarmouth,-,4,Blanks,10,Governor,
Yarmouth,-,4,Total Votes Cast,1459,Governor,
Yarmouth,-,5,Maura Healey,673,Governor,
Yarmouth,-,5,Geoff Diehl,601,Governor,
Yarmouth,-,5,Kevin Reed,24,Governor,
Yarmouth,-,5,All Others,1,Governor,
Yarmouth,-,5,Blanks,11,Governor,
Yarmouth,-,5,Total Votes Cast,1310,Governor,
Yarmouth,-,6,Maura Healey,833,Governor,
Yarmouth,-,6,Geoff Diehl,502,Governor,
Yarmouth,-,6,Kevin Reed,11,Governor,
Yarmouth,-,6,All Others,3,Governor,
Yarmouth,-,6,Blanks,7,Governor,
Yarmouth,-,6,Total Votes Cast,1356,Governor,
Yarmouth,-,7,Maura Healey,1147,Governor,
Yarmouth,-,7,Geoff Diehl,767,Governor,
Yarmouth,-,7,Kevin Reed,15,Governor,
Yarmouth,-,7,All Others,0,Governor,
Yarmouth,-,7,Blanks,12,Governor,
Yarmouth,-,7,Total Votes Cast,1941,Governor,
Yarmouth,-,8,Maura Healey,619,Governor,
Yarmouth,-,8,Geoff Diehl,441,Governor,
Yarmouth,-,8,Kevin Reed,18,Governor,
Yarmouth,-,8,All Others,0,Governor,
Yarmouth,-,8,Blanks,7,Governor,
Yarmouth,-,8,Total Votes Cast,1085,Governor,
Yarmouth,-,8A,Maura Healey,107,Governor,
Yarmouth,-,8A,Geoff Diehl,85,Governor,
Yarmouth,-,8A,Kevin Reed,0,Governor,
Yarmouth,-,8A,All Others,2,Governor,
Yarmouth,-,8A,Blanks,0,Governor,
Yarmouth,-,8A,Total Votes Cast,194,Governor,
