city_town,ward,precinct,receiver,votes,office,district
Abington,-,1,Biden/ Harris,1037,President,
Abington,-,1,Trump/ Pence,764,President,
Abington,-,1,Jorgensen/ Cohen,29,President,
Abington,-,1,Hawkins/ Walker,6,President,
Abington,-,1,All Others,8,President,
Abington,-,1,No Preference,0,President,
Abington,-,1,Blanks,16,President,
Abington,-,1,Total Votes Cast,1860,President,
Abington,-,2,Biden/ Harris,960,President,
Abington,-,2,Trump/ Pence,838,President,
Abington,-,2,Jorgensen/ Cohen,23,President,
Abington,-,2,Hawkins/ Walker,16,President,
Abington,-,2,All Others,4,President,
Abington,-,2,No Preference,0,President,
Abington,-,2,Blanks,9,President,
Abington,-,2,Total Votes Cast,1850,President,
Abington,-,3,Biden/ Harris,954,President,
Abington,-,3,Trump/ Pence,848,President,
Abington,-,3,Jorgensen/ Cohen,31,President,
Abington,-,3,Hawkins/ Walker,8,President,
Abington,-,3,All Others,3,President,
Abington,-,3,No Preference,0,President,
Abington,-,3,Blanks,9,President,
Abington,-,3,Total Votes Cast,1853,President,
Abington,-,4,Biden/ Harris,1117,President,
Abington,-,4,Trump/ Pence,904,President,
Abington,-,4,Jorgensen/ Cohen,28,President,
Abington,-,4,Hawkins/ Walker,7,President,
Abington,-,4,All Others,6,President,
Abington,-,4,No Preference,0,President,
Abington,-,4,Blanks,26,President,
Abington,-,4,Total Votes Cast,2088,President,
Abington,-,5,Biden/ Harris,1141,President,
Abington,-,5,Trump/ Pence,882,President,
Abington,-,5,Jorgensen/ Cohen,35,President,
Abington,-,5,Hawkins/ Walker,8,President,
Abington,-,5,All Others,3,President,
Abington,-,5,No Preference,0,President,
Abington,-,5,Blanks,15,President,
Abington,-,5,Total Votes Cast,2084,President,
Acton,-,1,Biden/ Harris,1761,President,
Acton,-,1,Trump/ Pence,447,President,
Acton,-,1,Jorgensen/ Cohen,24,President,
Acton,-,1,Hawkins/ Walker,11,President,
Acton,-,1,All Others,8,President,
Acton,-,1,No Preference,0,President,
Acton,-,1,Blanks,16,President,
Acton,-,1,Total Votes Cast,2267,President,
Acton,-,2,Biden/ Harris,1912,President,
Acton,-,2,Trump/ Pence,441,President,
Acton,-,2,Jorgensen/ Cohen,30,President,
Acton,-,2,Hawkins/ Walker,13,President,
Acton,-,2,All Others,12,President,
Acton,-,2,No Preference,0,President,
Acton,-,2,Blanks,21,President,
Acton,-,2,Total Votes Cast,2429,President,
Acton,-,3,Biden/ Harris,1834,President,
Acton,-,3,Trump/ Pence,388,President,
Acton,-,3,Jorgensen/ Cohen,34,President,
Acton,-,3,Hawkins/ Walker,15,President,
Acton,-,3,All Others,12,President,
Acton,-,3,No Preference,0,President,
Acton,-,3,Blanks,18,President,
Acton,-,3,Total Votes Cast,2301,President,
Acton,-,4,Biden/ Harris,2051,President,
Acton,-,4,Trump/ Pence,416,President,
Acton,-,4,Jorgensen/ Cohen,40,President,
Acton,-,4,Hawkins/ Walker,9,President,
Acton,-,4,All Others,16,President,
Acton,-,4,No Preference,0,President,
Acton,-,4,Blanks,12,President,
Acton,-,4,Total Votes Cast,2544,President,
Acton,-,5,Biden/ Harris,1897,President,
Acton,-,5,Trump/ Pence,396,President,
Acton,-,5,Jorgensen/ Cohen,44,President,
Acton,-,5,Hawkins/ Walker,15,President,
Acton,-,5,All Others,22,President,
Acton,-,5,No Preference,0,President,
Acton,-,5,Blanks,14,President,
Acton,-,5,Total Votes Cast,2388,President,
Acton,-,6,Biden/ Harris,1650,President,
Acton,-,6,Trump/ Pence,383,President,
Acton,-,6,Jorgensen/ Cohen,21,President,
Acton,-,6,Hawkins/ Walker,11,President,
Acton,-,6,All Others,14,President,
Acton,-,6,No Preference,0,President,
Acton,-,6,Blanks,10,President,
Acton,-,6,Total Votes Cast,2089,President,
Acushnet,-,1,Biden/ Harris,815,President,
Acushnet,-,1,Trump/ Pence,924,President,
Acushnet,-,1,Jorgensen/ Cohen,23,President,
Acushnet,-,1,Hawkins/ Walker,12,President,
Acushnet,-,1,All Others,3,President,
Acushnet,-,1,No Preference,0,President,
Acushnet,-,1,Blanks,14,President,
Acushnet,-,1,Total Votes Cast,1791,President,
Acushnet,-,2,Biden/ Harris,932,President,
Acushnet,-,2,Trump/ Pence,1176,President,
Acushnet,-,2,Jorgensen/ Cohen,28,President,
Acushnet,-,2,Hawkins/ Walker,8,President,
Acushnet,-,2,All Others,3,President,
Acushnet,-,2,No Preference,0,President,
Acushnet,-,2,Blanks,18,President,
Acushnet,-,2,Total Votes Cast,2165,President,
Acushnet,-,3,Biden/ Harris,917,President,
Acushnet,-,3,Trump/ Pence,1190,President,
Acushnet,-,3,Jorgensen/ Cohen,22,President,
Acushnet,-,3,Hawkins/ Walker,10,President,
Acushnet,-,3,All Others,5,President,
Acushnet,-,3,No Preference,0,President,
Acushnet,-,3,Blanks,26,President,
Acushnet,-,3,Total Votes Cast,2170,President,
Adams,-,1,Biden/ Harris,527,President,
Adams,-,1,Trump/ Pence,253,President,
Adams,-,1,Jorgensen/ Cohen,13,President,
Adams,-,1,Hawkins/ Walker,9,President,
Adams,-,1,All Others,2,President,
Adams,-,1,No Preference,0,President,
Adams,-,1,Blanks,1,President,
Adams,-,1,Total Votes Cast,805,President,
Adams,-,2,Biden/ Harris,574,President,
Adams,-,2,Trump/ Pence,291,President,
Adams,-,2,Jorgensen/ Cohen,18,President,
Adams,-,2,Hawkins/ Walker,5,President,
Adams,-,2,All Others,2,President,
Adams,-,2,No Preference,0,President,
Adams,-,2,Blanks,9,President,
Adams,-,2,Total Votes Cast,899,President,
Adams,-,3,Biden/ Harris,601,President,
Adams,-,3,Trump/ Pence,324,President,
Adams,-,3,Jorgensen/ Cohen,17,President,
Adams,-,3,Hawkins/ Walker,7,President,
Adams,-,3,All Others,2,President,
Adams,-,3,No Preference,0,President,
Adams,-,3,Blanks,6,President,
Adams,-,3,Total Votes Cast,957,President,
Adams,-,4,Biden/ Harris,512,President,
Adams,-,4,Trump/ Pence,269,President,
Adams,-,4,Jorgensen/ Cohen,13,President,
Adams,-,4,Hawkins/ Walker,6,President,
Adams,-,4,All Others,1,President,
Adams,-,4,No Preference,0,President,
Adams,-,4,Blanks,4,President,
Adams,-,4,Total Votes Cast,805,President,
Adams,-,5,Biden/ Harris,680,President,
Adams,-,5,Trump/ Pence,291,President,
Adams,-,5,Jorgensen/ Cohen,16,President,
Adams,-,5,Hawkins/ Walker,8,President,
Adams,-,5,All Others,0,President,
Adams,-,5,No Preference,0,President,
Adams,-,5,Blanks,7,President,
Adams,-,5,Total Votes Cast,1002,President,
Agawam,-,1,Biden/ Harris,825,President,
Agawam,-,1,Trump/ Pence,922,President,
Agawam,-,1,Jorgensen/ Cohen,19,President,
Agawam,-,1,Hawkins/ Walker,5,President,
Agawam,-,1,All Others,6,President,
Agawam,-,1,No Preference,0,President,
Agawam,-,1,Blanks,7,President,
Agawam,-,1,Total Votes Cast,1784,President,
Agawam,-,2,Biden/ Harris,1036,President,
Agawam,-,2,Trump/ Pence,1121,President,
Agawam,-,2,Jorgensen/ Cohen,26,President,
Agawam,-,2,Hawkins/ Walker,8,President,
Agawam,-,2,All Others,3,President,
Agawam,-,2,No Preference,0,President,
Agawam,-,2,Blanks,21,President,
Agawam,-,2,Total Votes Cast,2215,President,
Agawam,-,3,Biden/ Harris,1022,President,
Agawam,-,3,Trump/ Pence,1041,President,
Agawam,-,3,Jorgensen/ Cohen,24,President,
Agawam,-,3,Hawkins/ Walker,11,President,
Agawam,-,3,All Others,10,President,
Agawam,-,3,No Preference,0,President,
Agawam,-,3,Blanks,4,President,
Agawam,-,3,Total Votes Cast,2112,President,
Agawam,-,4,Biden/ Harris,848,President,
Agawam,-,4,Trump/ Pence,836,President,
Agawam,-,4,Jorgensen/ Cohen,26,President,
Agawam,-,4,Hawkins/ Walker,5,President,
Agawam,-,4,All Others,7,President,
Agawam,-,4,No Preference,0,President,
Agawam,-,4,Blanks,6,President,
Agawam,-,4,Total Votes Cast,1728,President,
Agawam,-,5,Biden/ Harris,1131,President,
Agawam,-,5,Trump/ Pence,1074,President,
Agawam,-,5,Jorgensen/ Cohen,18,President,
Agawam,-,5,Hawkins/ Walker,17,President,
Agawam,-,5,All Others,5,President,
Agawam,-,5,No Preference,0,President,
Agawam,-,5,Blanks,5,President,
Agawam,-,5,Total Votes Cast,2250,President,
Agawam,-,6,Biden/ Harris,930,President,
Agawam,-,6,Trump/ Pence,954,President,
Agawam,-,6,Jorgensen/ Cohen,25,President,
Agawam,-,6,Hawkins/ Walker,12,President,
Agawam,-,6,All Others,8,President,
Agawam,-,6,No Preference,0,President,
Agawam,-,6,Blanks,14,President,
Agawam,-,6,Total Votes Cast,1943,President,
Agawam,-,7,Biden/ Harris,910,President,
Agawam,-,7,Trump/ Pence,1074,President,
Agawam,-,7,Jorgensen/ Cohen,29,President,
Agawam,-,7,Hawkins/ Walker,9,President,
Agawam,-,7,All Others,11,President,
Agawam,-,7,No Preference,0,President,
Agawam,-,7,Blanks,9,President,
Agawam,-,7,Total Votes Cast,2042,President,
Agawam,-,8,Biden/ Harris,1092,President,
Agawam,-,8,Trump/ Pence,1051,President,
Agawam,-,8,Jorgensen/ Cohen,19,President,
Agawam,-,8,Hawkins/ Walker,7,President,
Agawam,-,8,All Others,8,President,
Agawam,-,8,No Preference,0,President,
Agawam,-,8,Blanks,11,President,
Agawam,-,8,Total Votes Cast,2188,President,
Alford,-,1,Biden/ Harris,271,President,
Alford,-,1,Trump/ Pence,50,President,
Alford,-,1,Jorgensen/ Cohen,1,President,
Alford,-,1,Hawkins/ Walker,1,President,
Alford,-,1,All Others,2,President,
Alford,-,1,No Preference,0,President,
Alford,-,1,Blanks,5,President,
Alford,-,1,Total Votes Cast,330,President,
Amesbury,-,1,Biden/ Harris,1209,President,
Amesbury,-,1,Trump/ Pence,646,President,
Amesbury,-,1,Jorgensen/ Cohen,25,President,
Amesbury,-,1,Hawkins/ Walker,7,President,
Amesbury,-,1,All Others,8,President,
Amesbury,-,1,No Preference,0,President,
Amesbury,-,1,Blanks,13,President,
Amesbury,-,1,Total Votes Cast,1908,President,
Amesbury,-,2,Biden/ Harris,1165,President,
Amesbury,-,2,Trump/ Pence,502,President,
Amesbury,-,2,Jorgensen/ Cohen,30,President,
Amesbury,-,2,Hawkins/ Walker,11,President,
Amesbury,-,2,All Others,3,President,
Amesbury,-,2,No Preference,0,President,
Amesbury,-,2,Blanks,15,President,
Amesbury,-,2,Total Votes Cast,1726,President,
Amesbury,-,3,Biden/ Harris,1189,President,
Amesbury,-,3,Trump/ Pence,510,President,
Amesbury,-,3,Jorgensen/ Cohen,36,President,
Amesbury,-,3,Hawkins/ Walker,11,President,
Amesbury,-,3,All Others,7,President,
Amesbury,-,3,No Preference,0,President,
Amesbury,-,3,Blanks,6,President,
Amesbury,-,3,Total Votes Cast,1759,President,
Amesbury,-,4,Biden/ Harris,977,President,
Amesbury,-,4,Trump/ Pence,487,President,
Amesbury,-,4,Jorgensen/ Cohen,25,President,
Amesbury,-,4,Hawkins/ Walker,4,President,
Amesbury,-,4,All Others,8,President,
Amesbury,-,4,No Preference,0,President,
Amesbury,-,4,Blanks,4,President,
Amesbury,-,4,Total Votes Cast,1505,President,
Amesbury,-,5,Biden/ Harris,1167,President,
Amesbury,-,5,Trump/ Pence,732,President,
Amesbury,-,5,Jorgensen/ Cohen,39,President,
Amesbury,-,5,Hawkins/ Walker,15,President,
Amesbury,-,5,All Others,12,President,
Amesbury,-,5,No Preference,0,President,
Amesbury,-,5,Blanks,15,President,
Amesbury,-,5,Total Votes Cast,1980,President,
Amesbury,-,6,Biden/ Harris,1079,President,
Amesbury,-,6,Trump/ Pence,449,President,
Amesbury,-,6,Jorgensen/ Cohen,19,President,
Amesbury,-,6,Hawkins/ Walker,6,President,
Amesbury,-,6,All Others,17,President,
Amesbury,-,6,No Preference,0,President,
Amesbury,-,6,Blanks,14,President,
Amesbury,-,6,Total Votes Cast,1584,President,
Amherst,-,1,Biden/ Harris,944,President,
Amherst,-,1,Trump/ Pence,62,President,
Amherst,-,1,Jorgensen/ Cohen,11,President,
Amherst,-,1,Hawkins/ Walker,14,President,
Amherst,-,1,All Others,5,President,
Amherst,-,1,No Preference,0,President,
Amherst,-,1,Blanks,3,President,
Amherst,-,1,Total Votes Cast,1039,President,
Amherst,-,10,Biden/ Harris,528,President,
Amherst,-,10,Trump/ Pence,32,President,
Amherst,-,10,Jorgensen/ Cohen,5,President,
Amherst,-,10,Hawkins/ Walker,6,President,
Amherst,-,10,All Others,1,President,
Amherst,-,10,No Preference,0,President,
Amherst,-,10,Blanks,1,President,
Amherst,-,10,Total Votes Cast,573,President,
Amherst,-,2,Biden/ Harris,1267,President,
Amherst,-,2,Trump/ Pence,121,President,
Amherst,-,2,Jorgensen/ Cohen,10,President,
Amherst,-,2,Hawkins/ Walker,14,President,
Amherst,-,2,All Others,11,President,
Amherst,-,2,No Preference,0,President,
Amherst,-,2,Blanks,3,President,
Amherst,-,2,Total Votes Cast,1426,President,
Amherst,-,3,Biden/ Harris,476,President,
Amherst,-,3,Trump/ Pence,46,President,
Amherst,-,3,Jorgensen/ Cohen,3,President,
Amherst,-,3,Hawkins/ Walker,6,President,
Amherst,-,3,All Others,2,President,
Amherst,-,3,No Preference,0,President,
Amherst,-,3,Blanks,1,President,
Amherst,-,3,Total Votes Cast,534,President,
Amherst,-,4,Biden/ Harris,449,President,
Amherst,-,4,Trump/ Pence,29,President,
Amherst,-,4,Jorgensen/ Cohen,2,President,
Amherst,-,4,Hawkins/ Walker,2,President,
Amherst,-,4,All Others,9,President,
Amherst,-,4,No Preference,0,President,
Amherst,-,4,Blanks,4,President,
Amherst,-,4,Total Votes Cast,495,President,
Amherst,-,5,Biden/ Harris,1019,President,
Amherst,-,5,Trump/ Pence,98,President,
Amherst,-,5,Jorgensen/ Cohen,8,President,
Amherst,-,5,Hawkins/ Walker,16,President,
Amherst,-,5,All Others,2,President,
Amherst,-,5,No Preference,0,President,
Amherst,-,5,Blanks,6,President,
Amherst,-,5,Total Votes Cast,1149,President,
Amherst,-,6,Biden/ Harris,1580,President,
Amherst,-,6,Trump/ Pence,133,President,
Amherst,-,6,Jorgensen/ Cohen,14,President,
Amherst,-,6,Hawkins/ Walker,18,President,
Amherst,-,6,All Others,11,President,
Amherst,-,6,No Preference,0,President,
Amherst,-,6,Blanks,10,President,
Amherst,-,6,Total Votes Cast,1766,President,
Amherst,-,7,Biden/ Harris,1547,President,
Amherst,-,7,Trump/ Pence,150,President,
Amherst,-,7,Jorgensen/ Cohen,14,President,
Amherst,-,7,Hawkins/ Walker,16,President,
Amherst,-,7,All Others,5,President,
Amherst,-,7,No Preference,0,President,
Amherst,-,7,Blanks,8,President,
Amherst,-,7,Total Votes Cast,1740,President,
Amherst,-,8,Biden/ Harris,1765,President,
Amherst,-,8,Trump/ Pence,127,President,
Amherst,-,8,Jorgensen/ Cohen,14,President,
Amherst,-,8,Hawkins/ Walker,17,President,
Amherst,-,8,All Others,7,President,
Amherst,-,8,No Preference,0,President,
Amherst,-,8,Blanks,3,President,
Amherst,-,8,Total Votes Cast,1933,President,
Amherst,-,9,Biden/ Harris,1143,President,
Amherst,-,9,Trump/ Pence,75,President,
Amherst,-,9,Jorgensen/ Cohen,8,President,
Amherst,-,9,Hawkins/ Walker,20,President,
Amherst,-,9,All Others,9,President,
Amherst,-,9,No Preference,0,President,
Amherst,-,9,Blanks,3,President,
Amherst,-,9,Total Votes Cast,1258,President,
Andover,-,1,Biden/ Harris,1362,President,
Andover,-,1,Trump/ Pence,477,President,
Andover,-,1,Jorgensen/ Cohen,24,President,
Andover,-,1,Hawkins/ Walker,10,President,
Andover,-,1,All Others,12,President,
Andover,-,1,No Preference,0,President,
Andover,-,1,Blanks,13,President,
Andover,-,1,Total Votes Cast,1898,President,
Andover,-,2,Biden/ Harris,1717,President,
Andover,-,2,Trump/ Pence,843,President,
Andover,-,2,Jorgensen/ Cohen,27,President,
Andover,-,2,Hawkins/ Walker,16,President,
Andover,-,2,All Others,21,President,
Andover,-,2,No Preference,0,President,
Andover,-,2,Blanks,5,President,
Andover,-,2,Total Votes Cast,2629,President,
Andover,-,3,Biden/ Harris,1658,President,
Andover,-,3,Trump/ Pence,663,President,
Andover,-,3,Jorgensen/ Cohen,37,President,
Andover,-,3,Hawkins/ Walker,11,President,
Andover,-,3,All Others,16,President,
Andover,-,3,No Preference,0,President,
Andover,-,3,Blanks,9,President,
Andover,-,3,Total Votes Cast,2394,President,
Andover,-,4,Biden/ Harris,1583,President,
Andover,-,4,Trump/ Pence,812,President,
Andover,-,4,Jorgensen/ Cohen,33,President,
Andover,-,4,Hawkins/ Walker,12,President,
Andover,-,4,All Others,23,President,
Andover,-,4,No Preference,0,President,
Andover,-,4,Blanks,16,President,
Andover,-,4,Total Votes Cast,2479,President,
Andover,-,5,Biden/ Harris,1756,President,
Andover,-,5,Trump/ Pence,927,President,
Andover,-,5,Jorgensen/ Cohen,39,President,
Andover,-,5,Hawkins/ Walker,5,President,
Andover,-,5,All Others,18,President,
Andover,-,5,No Preference,0,President,
Andover,-,5,Blanks,21,President,
Andover,-,5,Total Votes Cast,2766,President,
Andover,-,6,Biden/ Harris,1628,President,
Andover,-,6,Trump/ Pence,813,President,
Andover,-,6,Jorgensen/ Cohen,34,President,
Andover,-,6,Hawkins/ Walker,11,President,
Andover,-,6,All Others,15,President,
Andover,-,6,No Preference,0,President,
Andover,-,6,Blanks,17,President,
Andover,-,6,Total Votes Cast,2518,President,
Andover,-,7,Biden/ Harris,1253,President,
Andover,-,7,Trump/ Pence,594,President,
Andover,-,7,Jorgensen/ Cohen,19,President,
Andover,-,7,Hawkins/ Walker,16,President,
Andover,-,7,All Others,10,President,
Andover,-,7,No Preference,0,President,
Andover,-,7,Blanks,27,President,
Andover,-,7,Total Votes Cast,1919,President,
Andover,-,7A,Biden/ Harris,352,President,
Andover,-,7A,Trump/ Pence,154,President,
Andover,-,7A,Jorgensen/ Cohen,15,President,
Andover,-,7A,Hawkins/ Walker,7,President,
Andover,-,7A,All Others,2,President,
Andover,-,7A,No Preference,0,President,
Andover,-,7A,Blanks,6,President,
Andover,-,7A,Total Votes Cast,536,President,
Andover,-,8,Biden/ Harris,1602,President,
Andover,-,8,Trump/ Pence,678,President,
Andover,-,8,Jorgensen/ Cohen,30,President,
Andover,-,8,Hawkins/ Walker,9,President,
Andover,-,8,All Others,23,President,
Andover,-,8,No Preference,0,President,
Andover,-,8,Blanks,20,President,
Andover,-,8,Total Votes Cast,2362,President,
Andover,-,9,Biden/ Harris,1592,President,
Andover,-,9,Trump/ Pence,732,President,
Andover,-,9,Jorgensen/ Cohen,33,President,
Andover,-,9,Hawkins/ Walker,8,President,
Andover,-,9,All Others,11,President,
Andover,-,9,No Preference,0,President,
Andover,-,9,Blanks,24,President,
Andover,-,9,Total Votes Cast,2400,President,
Aquinnah,-,1,Biden/ Harris,311,President,
Aquinnah,-,1,Trump/ Pence,34,President,
Aquinnah,-,1,Jorgensen/ Cohen,8,President,
Aquinnah,-,1,Hawkins/ Walker,1,President,
Aquinnah,-,1,All Others,1,President,
Aquinnah,-,1,No Preference,0,President,
Aquinnah,-,1,Blanks,0,President,
Aquinnah,-,1,Total Votes Cast,355,President,
Arlington,-,1,Biden/ Harris,885,President,
Arlington,-,1,Trump/ Pence,154,President,
Arlington,-,1,Jorgensen/ Cohen,11,President,
Arlington,-,1,Hawkins/ Walker,4,President,
Arlington,-,1,All Others,5,President,
Arlington,-,1,No Preference,0,President,
Arlington,-,1,Blanks,10,President,
Arlington,-,1,Total Votes Cast,1069,President,
Arlington,-,10,Biden/ Harris,1246,President,
Arlington,-,10,Trump/ Pence,179,President,
Arlington,-,10,Jorgensen/ Cohen,13,President,
Arlington,-,10,Hawkins/ Walker,4,President,
Arlington,-,10,All Others,2,President,
Arlington,-,10,No Preference,0,President,
Arlington,-,10,Blanks,13,President,
Arlington,-,10,Total Votes Cast,1457,President,
Arlington,-,11,Biden/ Harris,1187,President,
Arlington,-,11,Trump/ Pence,255,President,
Arlington,-,11,Jorgensen/ Cohen,6,President,
Arlington,-,11,Hawkins/ Walker,7,President,
Arlington,-,11,All Others,5,President,
Arlington,-,11,No Preference,0,President,
Arlington,-,11,Blanks,15,President,
Arlington,-,11,Total Votes Cast,1475,President,
Arlington,-,12,Biden/ Harris,1300,President,
Arlington,-,12,Trump/ Pence,223,President,
Arlington,-,12,Jorgensen/ Cohen,13,President,
Arlington,-,12,Hawkins/ Walker,6,President,
Arlington,-,12,All Others,5,President,
Arlington,-,12,No Preference,0,President,
Arlington,-,12,Blanks,15,President,
Arlington,-,12,Total Votes Cast,1562,President,
Arlington,-,13,Biden/ Harris,992,President,
Arlington,-,13,Trump/ Pence,368,President,
Arlington,-,13,Jorgensen/ Cohen,15,President,
Arlington,-,13,Hawkins/ Walker,8,President,
Arlington,-,13,All Others,8,President,
Arlington,-,13,No Preference,0,President,
Arlington,-,13,Blanks,9,President,
Arlington,-,13,Total Votes Cast,1400,President,
Arlington,-,14,Biden/ Harris,1116,President,
Arlington,-,14,Trump/ Pence,189,President,
Arlington,-,14,Jorgensen/ Cohen,14,President,
Arlington,-,14,Hawkins/ Walker,5,President,
Arlington,-,14,All Others,1,President,
Arlington,-,14,No Preference,0,President,
Arlington,-,14,Blanks,7,President,
Arlington,-,14,Total Votes Cast,1332,President,
Arlington,-,15,Biden/ Harris,1192,President,
Arlington,-,15,Trump/ Pence,274,President,
Arlington,-,15,Jorgensen/ Cohen,6,President,
Arlington,-,15,Hawkins/ Walker,10,President,
Arlington,-,15,All Others,9,President,
Arlington,-,15,No Preference,0,President,
Arlington,-,15,Blanks,12,President,
Arlington,-,15,Total Votes Cast,1503,President,
Arlington,-,16,Biden/ Harris,1083,President,
Arlington,-,16,Trump/ Pence,203,President,
Arlington,-,16,Jorgensen/ Cohen,9,President,
Arlington,-,16,Hawkins/ Walker,9,President,
Arlington,-,16,All Others,6,President,
Arlington,-,16,No Preference,0,President,
Arlington,-,16,Blanks,11,President,
Arlington,-,16,Total Votes Cast,1321,President,
Arlington,-,17,Biden/ Harris,1059,President,
Arlington,-,17,Trump/ Pence,182,President,
Arlington,-,17,Jorgensen/ Cohen,9,President,
Arlington,-,17,Hawkins/ Walker,7,President,
Arlington,-,17,All Others,6,President,
Arlington,-,17,No Preference,0,President,
Arlington,-,17,Blanks,9,President,
Arlington,-,17,Total Votes Cast,1272,President,
Arlington,-,18,Biden/ Harris,1120,President,
Arlington,-,18,Trump/ Pence,307,President,
Arlington,-,18,Jorgensen/ Cohen,14,President,
Arlington,-,18,Hawkins/ Walker,9,President,
Arlington,-,18,All Others,6,President,
Arlington,-,18,No Preference,0,President,
Arlington,-,18,Blanks,4,President,
Arlington,-,18,Total Votes Cast,1460,President,
Arlington,-,19,Biden/ Harris,1145,President,
Arlington,-,19,Trump/ Pence,233,President,
Arlington,-,19,Jorgensen/ Cohen,13,President,
Arlington,-,19,Hawkins/ Walker,6,President,
Arlington,-,19,All Others,2,President,
Arlington,-,19,No Preference,0,President,
Arlington,-,19,Blanks,10,President,
Arlington,-,19,Total Votes Cast,1409,President,
Arlington,-,2,Biden/ Harris,1196,President,
Arlington,-,2,Trump/ Pence,216,President,
Arlington,-,2,Jorgensen/ Cohen,12,President,
Arlington,-,2,Hawkins/ Walker,5,President,
Arlington,-,2,All Others,5,President,
Arlington,-,2,No Preference,0,President,
Arlington,-,2,Blanks,10,President,
Arlington,-,2,Total Votes Cast,1444,President,
Arlington,-,20,Biden/ Harris,1100,President,
Arlington,-,20,Trump/ Pence,196,President,
Arlington,-,20,Jorgensen/ Cohen,11,President,
Arlington,-,20,Hawkins/ Walker,6,President,
Arlington,-,20,All Others,10,President,
Arlington,-,20,No Preference,0,President,
Arlington,-,20,Blanks,9,President,
Arlington,-,20,Total Votes Cast,1332,President,
Arlington,-,21,Biden/ Harris,1150,President,
Arlington,-,21,Trump/ Pence,156,President,
Arlington,-,21,Jorgensen/ Cohen,11,President,
Arlington,-,21,Hawkins/ Walker,10,President,
Arlington,-,21,All Others,4,President,
Arlington,-,21,No Preference,0,President,
Arlington,-,21,Blanks,17,President,
Arlington,-,21,Total Votes Cast,1348,President,
Arlington,-,3,Biden/ Harris,1223,President,
Arlington,-,3,Trump/ Pence,137,President,
Arlington,-,3,Jorgensen/ Cohen,11,President,
Arlington,-,3,Hawkins/ Walker,10,President,
Arlington,-,3,All Others,6,President,
Arlington,-,3,No Preference,0,President,
Arlington,-,3,Blanks,11,President,
Arlington,-,3,Total Votes Cast,1398,President,
Arlington,-,4,Biden/ Harris,1112,President,
Arlington,-,4,Trump/ Pence,169,President,
Arlington,-,4,Jorgensen/ Cohen,12,President,
Arlington,-,4,Hawkins/ Walker,5,President,
Arlington,-,4,All Others,10,President,
Arlington,-,4,No Preference,0,President,
Arlington,-,4,Blanks,10,President,
Arlington,-,4,Total Votes Cast,1318,President,
Arlington,-,5,Biden/ Harris,1095,President,
Arlington,-,5,Trump/ Pence,207,President,
Arlington,-,5,Jorgensen/ Cohen,9,President,
Arlington,-,5,Hawkins/ Walker,9,President,
Arlington,-,5,All Others,5,President,
Arlington,-,5,No Preference,0,President,
Arlington,-,5,Blanks,7,President,
Arlington,-,5,Total Votes Cast,1332,President,
Arlington,-,6,Biden/ Harris,1084,President,
Arlington,-,6,Trump/ Pence,173,President,
Arlington,-,6,Jorgensen/ Cohen,14,President,
Arlington,-,6,Hawkins/ Walker,7,President,
Arlington,-,6,All Others,6,President,
Arlington,-,6,No Preference,0,President,
Arlington,-,6,Blanks,5,President,
Arlington,-,6,Total Votes Cast,1289,President,
Arlington,-,7,Biden/ Harris,1080,President,
Arlington,-,7,Trump/ Pence,168,President,
Arlington,-,7,Jorgensen/ Cohen,9,President,
Arlington,-,7,Hawkins/ Walker,13,President,
Arlington,-,7,All Others,3,President,
Arlington,-,7,No Preference,0,President,
Arlington,-,7,Blanks,4,President,
Arlington,-,7,Total Votes Cast,1277,President,
Arlington,-,8,Biden/ Harris,1281,President,
Arlington,-,8,Trump/ Pence,173,President,
Arlington,-,8,Jorgensen/ Cohen,11,President,
Arlington,-,8,Hawkins/ Walker,4,President,
Arlington,-,8,All Others,6,President,
Arlington,-,8,No Preference,0,President,
Arlington,-,8,Blanks,6,President,
Arlington,-,8,Total Votes Cast,1481,President,
Arlington,-,9,Biden/ Harris,1025,President,
Arlington,-,9,Trump/ Pence,219,President,
Arlington,-,9,Jorgensen/ Cohen,9,President,
Arlington,-,9,Hawkins/ Walker,5,President,
Arlington,-,9,All Others,8,President,
Arlington,-,9,No Preference,0,President,
Arlington,-,9,Blanks,14,President,
Arlington,-,9,Total Votes Cast,1280,President,
Ashburnham,-,1,Biden/ Harris,2030,President,
Ashburnham,-,1,Trump/ Pence,1667,President,
Ashburnham,-,1,Jorgensen/ Cohen,87,President,
Ashburnham,-,1,Hawkins/ Walker,21,President,
Ashburnham,-,1,All Others,22,President,
Ashburnham,-,1,No Preference,0,President,
Ashburnham,-,1,Blanks,10,President,
Ashburnham,-,1,Total Votes Cast,3837,President,
Ashby,-,1,Biden/ Harris,956,President,
Ashby,-,1,Trump/ Pence,1008,President,
Ashby,-,1,Jorgensen/ Cohen,41,President,
Ashby,-,1,Hawkins/ Walker,16,President,
Ashby,-,1,All Others,2,President,
Ashby,-,1,No Preference,0,President,
Ashby,-,1,Blanks,9,President,
Ashby,-,1,Total Votes Cast,2032,President,
Ashfield,-,1,Biden/ Harris,993,President,
Ashfield,-,1,Trump/ Pence,180,President,
Ashfield,-,1,Jorgensen/ Cohen,30,President,
Ashfield,-,1,Hawkins/ Walker,12,President,
Ashfield,-,1,All Others,3,President,
Ashfield,-,1,No Preference,0,President,
Ashfield,-,1,Blanks,12,President,
Ashfield,-,1,Total Votes Cast,1230,President,
Ashland,-,1,Biden/ Harris,1371,President,
Ashland,-,1,Trump/ Pence,566,President,
Ashland,-,1,Jorgensen/ Cohen,31,President,
Ashland,-,1,Hawkins/ Walker,11,President,
Ashland,-,1,All Others,0,President,
Ashland,-,1,No Preference,0,President,
Ashland,-,1,Blanks,22,President,
Ashland,-,1,Total Votes Cast,2001,President,
Ashland,-,2,Biden/ Harris,1528,President,
Ashland,-,2,Trump/ Pence,594,President,
Ashland,-,2,Jorgensen/ Cohen,36,President,
Ashland,-,2,Hawkins/ Walker,5,President,
Ashland,-,2,All Others,0,President,
Ashland,-,2,No Preference,0,President,
Ashland,-,2,Blanks,22,President,
Ashland,-,2,Total Votes Cast,2185,President,
Ashland,-,3,Biden/ Harris,1373,President,
Ashland,-,3,Trump/ Pence,593,President,
Ashland,-,3,Jorgensen/ Cohen,23,President,
Ashland,-,3,Hawkins/ Walker,10,President,
Ashland,-,3,All Others,0,President,
Ashland,-,3,No Preference,0,President,
Ashland,-,3,Blanks,30,President,
Ashland,-,3,Total Votes Cast,2029,President,
Ashland,-,4,Biden/ Harris,1368,President,
Ashland,-,4,Trump/ Pence,576,President,
Ashland,-,4,Jorgensen/ Cohen,19,President,
Ashland,-,4,Hawkins/ Walker,13,President,
Ashland,-,4,All Others,0,President,
Ashland,-,4,No Preference,0,President,
Ashland,-,4,Blanks,21,President,
Ashland,-,4,Total Votes Cast,1997,President,
Ashland,-,5,Biden/ Harris,1668,President,
Ashland,-,5,Trump/ Pence,607,President,
Ashland,-,5,Jorgensen/ Cohen,44,President,
Ashland,-,5,Hawkins/ Walker,8,President,
Ashland,-,5,All Others,0,President,
Ashland,-,5,No Preference,0,President,
Ashland,-,5,Blanks,25,President,
Ashland,-,5,Total Votes Cast,2352,President,
Athol,-,1,Biden/ Harris,952,President,
Athol,-,1,Trump/ Pence,906,President,
Athol,-,1,Jorgensen/ Cohen,36,President,
Athol,-,1,Hawkins/ Walker,18,President,
Athol,-,1,All Others,16,President,
Athol,-,1,No Preference,0,President,
Athol,-,1,Blanks,14,President,
Athol,-,1,Total Votes Cast,1942,President,
Athol,-,2,Biden/ Harris,811,President,
Athol,-,2,Trump/ Pence,895,President,
Athol,-,2,Jorgensen/ Cohen,50,President,
Athol,-,2,Hawkins/ Walker,27,President,
Athol,-,2,All Others,7,President,
Athol,-,2,No Preference,0,President,
Athol,-,2,Blanks,8,President,
Athol,-,2,Total Votes Cast,1798,President,
Athol,-,3,Biden/ Harris,942,President,
Athol,-,3,Trump/ Pence,778,President,
Athol,-,3,Jorgensen/ Cohen,42,President,
Athol,-,3,Hawkins/ Walker,12,President,
Athol,-,3,All Others,10,President,
Athol,-,3,No Preference,0,President,
Athol,-,3,Blanks,7,President,
Athol,-,3,Total Votes Cast,1791,President,
Attleboro,1,A,Biden/ Harris,1006,President,
Attleboro,1,A,Trump/ Pence,800,President,
Attleboro,1,A,Jorgensen/ Cohen,31,President,
Attleboro,1,A,Hawkins/ Walker,12,President,
Attleboro,1,A,All Others,4,President,
Attleboro,1,A,No Preference,0,President,
Attleboro,1,A,Blanks,8,President,
Attleboro,1,A,Total Votes Cast,1861,President,
Attleboro,1,B,Biden/ Harris,1071,President,
Attleboro,1,B,Trump/ Pence,806,President,
Attleboro,1,B,Jorgensen/ Cohen,27,President,
Attleboro,1,B,Hawkins/ Walker,6,President,
Attleboro,1,B,All Others,8,President,
Attleboro,1,B,No Preference,0,President,
Attleboro,1,B,Blanks,7,President,
Attleboro,1,B,Total Votes Cast,1925,President,
Attleboro,2,A,Biden/ Harris,1157,President,
Attleboro,2,A,Trump/ Pence,813,President,
Attleboro,2,A,Jorgensen/ Cohen,36,President,
Attleboro,2,A,Hawkins/ Walker,13,President,
Attleboro,2,A,All Others,11,President,
Attleboro,2,A,No Preference,0,President,
Attleboro,2,A,Blanks,7,President,
Attleboro,2,A,Total Votes Cast,2037,President,
Attleboro,2,B,Biden/ Harris,1268,President,
Attleboro,2,B,Trump/ Pence,942,President,
Attleboro,2,B,Jorgensen/ Cohen,42,President,
Attleboro,2,B,Hawkins/ Walker,19,President,
Attleboro,2,B,All Others,8,President,
Attleboro,2,B,No Preference,0,President,
Attleboro,2,B,Blanks,16,President,
Attleboro,2,B,Total Votes Cast,2295,President,
Attleboro,3,A,Biden/ Harris,1276,President,
Attleboro,3,A,Trump/ Pence,753,President,
Attleboro,3,A,Jorgensen/ Cohen,23,President,
Attleboro,3,A,Hawkins/ Walker,15,President,
Attleboro,3,A,All Others,6,President,
Attleboro,3,A,No Preference,0,President,
Attleboro,3,A,Blanks,16,President,
Attleboro,3,A,Total Votes Cast,2089,President,
Attleboro,3,B,Biden/ Harris,1242,President,
Attleboro,3,B,Trump/ Pence,758,President,
Attleboro,3,B,Jorgensen/ Cohen,30,President,
Attleboro,3,B,Hawkins/ Walker,10,President,
Attleboro,3,B,All Others,10,President,
Attleboro,3,B,No Preference,0,President,
Attleboro,3,B,Blanks,6,President,
Attleboro,3,B,Total Votes Cast,2056,President,
Attleboro,4,A,Biden/ Harris,1038,President,
Attleboro,4,A,Trump/ Pence,530,President,
Attleboro,4,A,Jorgensen/ Cohen,23,President,
Attleboro,4,A,Hawkins/ Walker,13,President,
Attleboro,4,A,All Others,10,President,
Attleboro,4,A,No Preference,0,President,
Attleboro,4,A,Blanks,14,President,
Attleboro,4,A,Total Votes Cast,1628,President,
Attleboro,4,B,Biden/ Harris,1452,President,
Attleboro,4,B,Trump/ Pence,1113,President,
Attleboro,4,B,Jorgensen/ Cohen,29,President,
Attleboro,4,B,Hawkins/ Walker,9,President,
Attleboro,4,B,All Others,7,President,
Attleboro,4,B,No Preference,0,President,
Attleboro,4,B,Blanks,10,President,
Attleboro,4,B,Total Votes Cast,2620,President,
Attleboro,5,A,Biden/ Harris,801,President,
Attleboro,5,A,Trump/ Pence,382,President,
Attleboro,5,A,Jorgensen/ Cohen,26,President,
Attleboro,5,A,Hawkins/ Walker,13,President,
Attleboro,5,A,All Others,5,President,
Attleboro,5,A,No Preference,0,President,
Attleboro,5,A,Blanks,15,President,
Attleboro,5,A,Total Votes Cast,1242,President,
Attleboro,5,B,Biden/ Harris,1144,President,
Attleboro,5,B,Trump/ Pence,749,President,
Attleboro,5,B,Jorgensen/ Cohen,27,President,
Attleboro,5,B,Hawkins/ Walker,14,President,
Attleboro,5,B,All Others,10,President,
Attleboro,5,B,No Preference,0,President,
Attleboro,5,B,Blanks,7,President,
Attleboro,5,B,Total Votes Cast,1951,President,
Attleboro,6,A,Biden/ Harris,1036,President,
Attleboro,6,A,Trump/ Pence,795,President,
Attleboro,6,A,Jorgensen/ Cohen,34,President,
Attleboro,6,A,Hawkins/ Walker,19,President,
Attleboro,6,A,All Others,5,President,
Attleboro,6,A,No Preference,0,President,
Attleboro,6,A,Blanks,11,President,
Attleboro,6,A,Total Votes Cast,1900,President,
Attleboro,6,B,Biden/ Harris,1170,President,
Attleboro,6,B,Trump/ Pence,831,President,
Attleboro,6,B,Jorgensen/ Cohen,45,President,
Attleboro,6,B,Hawkins/ Walker,6,President,
Attleboro,6,B,All Others,16,President,
Attleboro,6,B,No Preference,0,President,
Attleboro,6,B,Blanks,19,President,
Attleboro,6,B,Total Votes Cast,2087,President,
Auburn,-,1,Biden/ Harris,1172,President,
Auburn,-,1,Trump/ Pence,916,President,
Auburn,-,1,Jorgensen/ Cohen,43,President,
Auburn,-,1,Hawkins/ Walker,15,President,
Auburn,-,1,All Others,13,President,
Auburn,-,1,No Preference,0,President,
Auburn,-,1,Blanks,12,President,
Auburn,-,1,Total Votes Cast,2171,President,
Auburn,-,2,Biden/ Harris,1160,President,
Auburn,-,2,Trump/ Pence,910,President,
Auburn,-,2,Jorgensen/ Cohen,35,President,
Auburn,-,2,Hawkins/ Walker,6,President,
Auburn,-,2,All Others,1,President,
Auburn,-,2,No Preference,0,President,
Auburn,-,2,Blanks,11,President,
Auburn,-,2,Total Votes Cast,2123,President,
Auburn,-,3,Biden/ Harris,1171,President,
Auburn,-,3,Trump/ Pence,910,President,
Auburn,-,3,Jorgensen/ Cohen,27,President,
Auburn,-,3,Hawkins/ Walker,12,President,
Auburn,-,3,All Others,5,President,
Auburn,-,3,No Preference,0,President,
Auburn,-,3,Blanks,12,President,
Auburn,-,3,Total Votes Cast,2137,President,
Auburn,-,4,Biden/ Harris,1101,President,
Auburn,-,4,Trump/ Pence,720,President,
Auburn,-,4,Jorgensen/ Cohen,32,President,
Auburn,-,4,Hawkins/ Walker,20,President,
Auburn,-,4,All Others,6,President,
Auburn,-,4,No Preference,0,President,
Auburn,-,4,Blanks,12,President,
Auburn,-,4,Total Votes Cast,1891,President,
Auburn,-,5,Biden/ Harris,1016,President,
Auburn,-,5,Trump/ Pence,850,President,
Auburn,-,5,Jorgensen/ Cohen,36,President,
Auburn,-,5,Hawkins/ Walker,13,President,
Auburn,-,5,All Others,11,President,
Auburn,-,5,No Preference,0,President,
Auburn,-,5,Blanks,13,President,
Auburn,-,5,Total Votes Cast,1939,President,
Avon,-,1,Biden/ Harris,1601,President,
Avon,-,1,Trump/ Pence,1030,President,
Avon,-,1,Jorgensen/ Cohen,36,President,
Avon,-,1,Hawkins/ Walker,21,President,
Avon,-,1,All Others,9,President,
Avon,-,1,No Preference,0,President,
Avon,-,1,Blanks,26,President,
Avon,-,1,Total Votes Cast,2723,President,
Ayer,-,1,Biden/ Harris,1387,President,
Ayer,-,1,Trump/ Pence,718,President,
Ayer,-,1,Jorgensen/ Cohen,44,President,
Ayer,-,1,Hawkins/ Walker,12,President,
Ayer,-,1,All Others,12,President,
Ayer,-,1,No Preference,0,President,
Ayer,-,1,Blanks,15,President,
Ayer,-,1,Total Votes Cast,2188,President,
Ayer,-,2,Biden/ Harris,1545,President,
Ayer,-,2,Trump/ Pence,819,President,
Ayer,-,2,Jorgensen/ Cohen,67,President,
Ayer,-,2,Hawkins/ Walker,14,President,
Ayer,-,2,All Others,7,President,
Ayer,-,2,No Preference,0,President,
Ayer,-,2,Blanks,13,President,
Ayer,-,2,Total Votes Cast,2465,President,
Barnstable,-,1,Biden/ Harris,1693,President,
Barnstable,-,1,Trump/ Pence,1025,President,
Barnstable,-,1,Jorgensen/ Cohen,37,President,
Barnstable,-,1,Hawkins/ Walker,9,President,
Barnstable,-,1,All Others,1,President,
Barnstable,-,1,No Preference,0,President,
Barnstable,-,1,Blanks,37,President,
Barnstable,-,1,Total Votes Cast,2802,President,
Barnstable,-,10,Biden/ Harris,1197,President,
Barnstable,-,10,Trump/ Pence,985,President,
Barnstable,-,10,Jorgensen/ Cohen,45,President,
Barnstable,-,10,Hawkins/ Walker,3,President,
Barnstable,-,10,All Others,1,President,
Barnstable,-,10,No Preference,0,President,
Barnstable,-,10,Blanks,15,President,
Barnstable,-,10,Total Votes Cast,2246,President,
Barnstable,-,11,Biden/ Harris,1387,President,
Barnstable,-,11,Trump/ Pence,1124,President,
Barnstable,-,11,Jorgensen/ Cohen,37,President,
Barnstable,-,11,Hawkins/ Walker,7,President,
Barnstable,-,11,All Others,3,President,
Barnstable,-,11,No Preference,0,President,
Barnstable,-,11,Blanks,24,President,
Barnstable,-,11,Total Votes Cast,2582,President,
Barnstable,-,12,Biden/ Harris,1402,President,
Barnstable,-,12,Trump/ Pence,1082,President,
Barnstable,-,12,Jorgensen/ Cohen,35,President,
Barnstable,-,12,Hawkins/ Walker,11,President,
Barnstable,-,12,All Others,0,President,
Barnstable,-,12,No Preference,0,President,
Barnstable,-,12,Blanks,20,President,
Barnstable,-,12,Total Votes Cast,2550,President,
Barnstable,-,13,Biden/ Harris,1034,President,
Barnstable,-,13,Trump/ Pence,587,President,
Barnstable,-,13,Jorgensen/ Cohen,15,President,
Barnstable,-,13,Hawkins/ Walker,5,President,
Barnstable,-,13,All Others,1,President,
Barnstable,-,13,No Preference,0,President,
Barnstable,-,13,Blanks,11,President,
Barnstable,-,13,Total Votes Cast,1653,President,
Barnstable,-,2,Biden/ Harris,1338,President,
Barnstable,-,2,Trump/ Pence,1000,President,
Barnstable,-,2,Jorgensen/ Cohen,35,President,
Barnstable,-,2,Hawkins/ Walker,10,President,
Barnstable,-,2,All Others,0,President,
Barnstable,-,2,No Preference,0,President,
Barnstable,-,2,Blanks,24,President,
Barnstable,-,2,Total Votes Cast,2407,President,
Barnstable,-,3,Biden/ Harris,1111,President,
Barnstable,-,3,Trump/ Pence,670,President,
Barnstable,-,3,Jorgensen/ Cohen,20,President,
Barnstable,-,3,Hawkins/ Walker,9,President,
Barnstable,-,3,All Others,3,President,
Barnstable,-,3,No Preference,0,President,
Barnstable,-,3,Blanks,11,President,
Barnstable,-,3,Total Votes Cast,1824,President,
Barnstable,-,4,Biden/ Harris,1300,President,
Barnstable,-,4,Trump/ Pence,814,President,
Barnstable,-,4,Jorgensen/ Cohen,31,President,
Barnstable,-,4,Hawkins/ Walker,6,President,
Barnstable,-,4,All Others,0,President,
Barnstable,-,4,No Preference,0,President,
Barnstable,-,4,Blanks,37,President,
Barnstable,-,4,Total Votes Cast,2188,President,
Barnstable,-,5,Biden/ Harris,1356,President,
Barnstable,-,5,Trump/ Pence,1117,President,
Barnstable,-,5,Jorgensen/ Cohen,18,President,
Barnstable,-,5,Hawkins/ Walker,3,President,
Barnstable,-,5,All Others,11,President,
Barnstable,-,5,No Preference,0,President,
Barnstable,-,5,Blanks,17,President,
Barnstable,-,5,Total Votes Cast,2522,President,
Barnstable,-,6,Biden/ Harris,1318,President,
Barnstable,-,6,Trump/ Pence,1040,President,
Barnstable,-,6,Jorgensen/ Cohen,20,President,
Barnstable,-,6,Hawkins/ Walker,7,President,
Barnstable,-,6,All Others,4,President,
Barnstable,-,6,No Preference,0,President,
Barnstable,-,6,Blanks,16,President,
Barnstable,-,6,Total Votes Cast,2405,President,
Barnstable,-,7,Biden/ Harris,1595,President,
Barnstable,-,7,Trump/ Pence,1003,President,
Barnstable,-,7,Jorgensen/ Cohen,35,President,
Barnstable,-,7,Hawkins/ Walker,19,President,
Barnstable,-,7,All Others,1,President,
Barnstable,-,7,No Preference,0,President,
Barnstable,-,7,Blanks,26,President,
Barnstable,-,7,Total Votes Cast,2679,President,
Barnstable,-,8,Biden/ Harris,1027,President,
Barnstable,-,8,Trump/ Pence,605,President,
Barnstable,-,8,Jorgensen/ Cohen,23,President,
Barnstable,-,8,Hawkins/ Walker,10,President,
Barnstable,-,8,All Others,0,President,
Barnstable,-,8,No Preference,0,President,
Barnstable,-,8,Blanks,10,President,
Barnstable,-,8,Total Votes Cast,1675,President,
Barnstable,-,9,Biden/ Harris,733,President,
Barnstable,-,9,Trump/ Pence,384,President,
Barnstable,-,9,Jorgensen/ Cohen,14,President,
Barnstable,-,9,Hawkins/ Walker,11,President,
Barnstable,-,9,All Others,0,President,
Barnstable,-,9,No Preference,0,President,
Barnstable,-,9,Blanks,9,President,
Barnstable,-,9,Total Votes Cast,1151,President,
Barre,-,1,Biden/ Harris,853,President,
Barre,-,1,Trump/ Pence,723,President,
Barre,-,1,Jorgensen/ Cohen,35,President,
Barre,-,1,Hawkins/ Walker,13,President,
Barre,-,1,All Others,5,President,
Barre,-,1,No Preference,0,President,
Barre,-,1,Blanks,5,President,
Barre,-,1,Total Votes Cast,1634,President,
Barre,-,2,Biden/ Harris,682,President,
Barre,-,2,Trump/ Pence,800,President,
Barre,-,2,Jorgensen/ Cohen,33,President,
Barre,-,2,Hawkins/ Walker,6,President,
Barre,-,2,All Others,7,President,
Barre,-,2,No Preference,0,President,
Barre,-,2,Blanks,5,President,
Barre,-,2,Total Votes Cast,1533,President,
Becket,-,1,Biden/ Harris,757,President,
Becket,-,1,Trump/ Pence,413,President,
Becket,-,1,Jorgensen/ Cohen,17,President,
Becket,-,1,Hawkins/ Walker,6,President,
Becket,-,1,All Others,2,President,
Becket,-,1,No Preference,0,President,
Becket,-,1,Blanks,3,President,
Becket,-,1,Total Votes Cast,1198,President,
Bedford,-,1,Biden/ Harris,1782,President,
Bedford,-,1,Trump/ Pence,535,President,
Bedford,-,1,Jorgensen/ Cohen,36,President,
Bedford,-,1,Hawkins/ Walker,8,President,
Bedford,-,1,All Others,20,President,
Bedford,-,1,No Preference,0,President,
Bedford,-,1,Blanks,7,President,
Bedford,-,1,Total Votes Cast,2388,President,
Bedford,-,2,Biden/ Harris,1457,President,
Bedford,-,2,Trump/ Pence,649,President,
Bedford,-,2,Jorgensen/ Cohen,29,President,
Bedford,-,2,Hawkins/ Walker,17,President,
Bedford,-,2,All Others,13,President,
Bedford,-,2,No Preference,0,President,
Bedford,-,2,Blanks,13,President,
Bedford,-,2,Total Votes Cast,2178,President,
Bedford,-,3,Biden/ Harris,1717,President,
Bedford,-,3,Trump/ Pence,501,President,
Bedford,-,3,Jorgensen/ Cohen,31,President,
Bedford,-,3,Hawkins/ Walker,9,President,
Bedford,-,3,All Others,11,President,
Bedford,-,3,No Preference,0,President,
Bedford,-,3,Blanks,17,President,
Bedford,-,3,Total Votes Cast,2286,President,
Bedford,-,4,Biden/ Harris,1496,President,
Bedford,-,4,Trump/ Pence,495,President,
Bedford,-,4,Jorgensen/ Cohen,30,President,
Bedford,-,4,Hawkins/ Walker,10,President,
Bedford,-,4,All Others,13,President,
Bedford,-,4,No Preference,0,President,
Bedford,-,4,Blanks,6,President,
Bedford,-,4,Total Votes Cast,2050,President,
Belchertown,-,A,Biden/ Harris,1519,President,
Belchertown,-,A,Trump/ Pence,771,President,
Belchertown,-,A,Jorgensen/ Cohen,38,President,
Belchertown,-,A,Hawkins/ Walker,16,President,
Belchertown,-,A,All Others,8,President,
Belchertown,-,A,No Preference,0,President,
Belchertown,-,A,Blanks,17,President,
Belchertown,-,A,Total Votes Cast,2369,President,
Belchertown,-,B,Biden/ Harris,1351,President,
Belchertown,-,B,Trump/ Pence,996,President,
Belchertown,-,B,Jorgensen/ Cohen,35,President,
Belchertown,-,B,Hawkins/ Walker,23,President,
Belchertown,-,B,All Others,3,President,
Belchertown,-,B,No Preference,0,President,
Belchertown,-,B,Blanks,39,President,
Belchertown,-,B,Total Votes Cast,2447,President,
Belchertown,-,C,Biden/ Harris,1405,President,
Belchertown,-,C,Trump/ Pence,1028,President,
Belchertown,-,C,Jorgensen/ Cohen,44,President,
Belchertown,-,C,Hawkins/ Walker,12,President,
Belchertown,-,C,All Others,4,President,
Belchertown,-,C,No Preference,0,President,
Belchertown,-,C,Blanks,13,President,
Belchertown,-,C,Total Votes Cast,2506,President,
Belchertown,-,D,Biden/ Harris,1618,President,
Belchertown,-,D,Trump/ Pence,686,President,
Belchertown,-,D,Jorgensen/ Cohen,30,President,
Belchertown,-,D,Hawkins/ Walker,17,President,
Belchertown,-,D,All Others,5,President,
Belchertown,-,D,No Preference,0,President,
Belchertown,-,D,Blanks,13,President,
Belchertown,-,D,Total Votes Cast,2369,President,
Bellingham,-,1,Biden/ Harris,1039,President,
Bellingham,-,1,Trump/ Pence,800,President,
Bellingham,-,1,Jorgensen/ Cohen,31,President,
Bellingham,-,1,Hawkins/ Walker,11,President,
Bellingham,-,1,All Others,7,President,
Bellingham,-,1,No Preference,0,President,
Bellingham,-,1,Blanks,3,President,
Bellingham,-,1,Total Votes Cast,1891,President,
Bellingham,-,2,Biden/ Harris,1118,President,
Bellingham,-,2,Trump/ Pence,967,President,
Bellingham,-,2,Jorgensen/ Cohen,31,President,
Bellingham,-,2,Hawkins/ Walker,17,President,
Bellingham,-,2,All Others,14,President,
Bellingham,-,2,No Preference,0,President,
Bellingham,-,2,Blanks,12,President,
Bellingham,-,2,Total Votes Cast,2159,President,
Bellingham,-,3,Biden/ Harris,1213,President,
Bellingham,-,3,Trump/ Pence,898,President,
Bellingham,-,3,Jorgensen/ Cohen,31,President,
Bellingham,-,3,Hawkins/ Walker,16,President,
Bellingham,-,3,All Others,7,President,
Bellingham,-,3,No Preference,0,President,
Bellingham,-,3,Blanks,8,President,
Bellingham,-,3,Total Votes Cast,2173,President,
Bellingham,-,4,Biden/ Harris,795,President,
Bellingham,-,4,Trump/ Pence,737,President,
Bellingham,-,4,Jorgensen/ Cohen,24,President,
Bellingham,-,4,Hawkins/ Walker,10,President,
Bellingham,-,4,All Others,8,President,
Bellingham,-,4,No Preference,0,President,
Bellingham,-,4,Blanks,9,President,
Bellingham,-,4,Total Votes Cast,1583,President,
Bellingham,-,4A,Biden/ Harris,146,President,
Bellingham,-,4A,Trump/ Pence,132,President,
Bellingham,-,4A,Jorgensen/ Cohen,5,President,
Bellingham,-,4A,Hawkins/ Walker,2,President,
Bellingham,-,4A,All Others,2,President,
Bellingham,-,4A,No Preference,0,President,
Bellingham,-,4A,Blanks,1,President,
Bellingham,-,4A,Total Votes Cast,288,President,
Bellingham,-,5,Biden/ Harris,900,President,
Bellingham,-,5,Trump/ Pence,868,President,
Bellingham,-,5,Jorgensen/ Cohen,39,President,
Bellingham,-,5,Hawkins/ Walker,12,President,
Bellingham,-,5,All Others,9,President,
Bellingham,-,5,No Preference,0,President,
Bellingham,-,5,Blanks,11,President,
Bellingham,-,5,Total Votes Cast,1839,President,
Belmont,-,1,Biden/ Harris,1552,President,
Belmont,-,1,Trump/ Pence,332,President,
Belmont,-,1,Jorgensen/ Cohen,20,President,
Belmont,-,1,Hawkins/ Walker,25,President,
Belmont,-,1,All Others,14,President,
Belmont,-,1,No Preference,0,President,
Belmont,-,1,Blanks,16,President,
Belmont,-,1,Total Votes Cast,1959,President,
Belmont,-,2,Biden/ Harris,1583,President,
Belmont,-,2,Trump/ Pence,447,President,
Belmont,-,2,Jorgensen/ Cohen,33,President,
Belmont,-,2,Hawkins/ Walker,8,President,
Belmont,-,2,All Others,19,President,
Belmont,-,2,No Preference,0,President,
Belmont,-,2,Blanks,31,President,
Belmont,-,2,Total Votes Cast,2121,President,
Belmont,-,3,Biden/ Harris,1436,President,
Belmont,-,3,Trump/ Pence,366,President,
Belmont,-,3,Jorgensen/ Cohen,25,President,
Belmont,-,3,Hawkins/ Walker,10,President,
Belmont,-,3,All Others,18,President,
Belmont,-,3,No Preference,0,President,
Belmont,-,3,Blanks,20,President,
Belmont,-,3,Total Votes Cast,1875,President,
Belmont,-,4,Biden/ Harris,1266,President,
Belmont,-,4,Trump/ Pence,330,President,
Belmont,-,4,Jorgensen/ Cohen,22,President,
Belmont,-,4,Hawkins/ Walker,18,President,
Belmont,-,4,All Others,9,President,
Belmont,-,4,No Preference,0,President,
Belmont,-,4,Blanks,13,President,
Belmont,-,4,Total Votes Cast,1658,President,
Belmont,-,5,Biden/ Harris,1444,President,
Belmont,-,5,Trump/ Pence,349,President,
Belmont,-,5,Jorgensen/ Cohen,20,President,
Belmont,-,5,Hawkins/ Walker,11,President,
Belmont,-,5,All Others,10,President,
Belmont,-,5,No Preference,0,President,
Belmont,-,5,Blanks,13,President,
Belmont,-,5,Total Votes Cast,1847,President,
Belmont,-,6,Biden/ Harris,1540,President,
Belmont,-,6,Trump/ Pence,314,President,
Belmont,-,6,Jorgensen/ Cohen,22,President,
Belmont,-,6,Hawkins/ Walker,12,President,
Belmont,-,6,All Others,11,President,
Belmont,-,6,No Preference,0,President,
Belmont,-,6,Blanks,15,President,
Belmont,-,6,Total Votes Cast,1914,President,
Belmont,-,7,Biden/ Harris,1588,President,
Belmont,-,7,Trump/ Pence,316,President,
Belmont,-,7,Jorgensen/ Cohen,20,President,
Belmont,-,7,Hawkins/ Walker,13,President,
Belmont,-,7,All Others,8,President,
Belmont,-,7,No Preference,0,President,
Belmont,-,7,Blanks,14,President,
Belmont,-,7,Total Votes Cast,1959,President,
Belmont,-,8,Biden/ Harris,1590,President,
Belmont,-,8,Trump/ Pence,502,President,
Belmont,-,8,Jorgensen/ Cohen,21,President,
Belmont,-,8,Hawkins/ Walker,14,President,
Belmont,-,8,All Others,18,President,
Belmont,-,8,No Preference,0,President,
Belmont,-,8,Blanks,14,President,
Belmont,-,8,Total Votes Cast,2159,President,
Berkley,-,1,Biden/ Harris,977,President,
Berkley,-,1,Trump/ Pence,1178,President,
Berkley,-,1,Jorgensen/ Cohen,40,President,
Berkley,-,1,Hawkins/ Walker,13,President,
Berkley,-,1,All Others,9,President,
Berkley,-,1,No Preference,0,President,
Berkley,-,1,Blanks,4,President,
Berkley,-,1,Total Votes Cast,2221,President,
Berkley,-,2,Biden/ Harris,787,President,
Berkley,-,2,Trump/ Pence,1073,President,
Berkley,-,2,Jorgensen/ Cohen,22,President,
Berkley,-,2,Hawkins/ Walker,7,President,
Berkley,-,2,All Others,7,President,
Berkley,-,2,No Preference,0,President,
Berkley,-,2,Blanks,26,President,
Berkley,-,2,Total Votes Cast,1922,President,
Berlin,-,1,Biden/ Harris,1375,President,
Berlin,-,1,Trump/ Pence,816,President,
Berlin,-,1,Jorgensen/ Cohen,48,President,
Berlin,-,1,Hawkins/ Walker,18,President,
Berlin,-,1,All Others,8,President,
Berlin,-,1,No Preference,0,President,
Berlin,-,1,Blanks,10,President,
Berlin,-,1,Total Votes Cast,2275,President,
Bernardston,-,1,Biden/ Harris,916,President,
Bernardston,-,1,Trump/ Pence,423,President,
Bernardston,-,1,Jorgensen/ Cohen,28,President,
Bernardston,-,1,Hawkins/ Walker,8,President,
Bernardston,-,1,All Others,0,President,
Bernardston,-,1,No Preference,0,President,
Bernardston,-,1,Blanks,10,President,
Bernardston,-,1,Total Votes Cast,1385,President,
Beverly,1,1,Biden/ Harris,1220,President,
Beverly,1,1,Trump/ Pence,615,President,
Beverly,1,1,Jorgensen/ Cohen,24,President,
Beverly,1,1,Hawkins/ Walker,10,President,
Beverly,1,1,All Others,2,President,
Beverly,1,1,No Preference,0,President,
Beverly,1,1,Blanks,24,President,
Beverly,1,1,Total Votes Cast,1895,President,
Beverly,1,2,Biden/ Harris,1402,President,
Beverly,1,2,Trump/ Pence,662,President,
Beverly,1,2,Jorgensen/ Cohen,38,President,
Beverly,1,2,Hawkins/ Walker,11,President,
Beverly,1,2,All Others,7,President,
Beverly,1,2,No Preference,0,President,
Beverly,1,2,Blanks,26,President,
Beverly,1,2,Total Votes Cast,2146,President,
Beverly,2,1,Biden/ Harris,1557,President,
Beverly,2,1,Trump/ Pence,468,President,
Beverly,2,1,Jorgensen/ Cohen,40,President,
Beverly,2,1,Hawkins/ Walker,9,President,
Beverly,2,1,All Others,3,President,
Beverly,2,1,No Preference,0,President,
Beverly,2,1,Blanks,18,President,
Beverly,2,1,Total Votes Cast,2095,President,
Beverly,2,2,Biden/ Harris,1615,President,
Beverly,2,2,Trump/ Pence,457,President,
Beverly,2,2,Jorgensen/ Cohen,31,President,
Beverly,2,2,Hawkins/ Walker,12,President,
Beverly,2,2,All Others,6,President,
Beverly,2,2,No Preference,0,President,
Beverly,2,2,Blanks,17,President,
Beverly,2,2,Total Votes Cast,2138,President,
Beverly,3,1,Biden/ Harris,1293,President,
Beverly,3,1,Trump/ Pence,469,President,
Beverly,3,1,Jorgensen/ Cohen,34,President,
Beverly,3,1,Hawkins/ Walker,16,President,
Beverly,3,1,All Others,3,President,
Beverly,3,1,No Preference,0,President,
Beverly,3,1,Blanks,14,President,
Beverly,3,1,Total Votes Cast,1829,President,
Beverly,3,2,Biden/ Harris,1209,President,
Beverly,3,2,Trump/ Pence,605,President,
Beverly,3,2,Jorgensen/ Cohen,28,President,
Beverly,3,2,Hawkins/ Walker,9,President,
Beverly,3,2,All Others,7,President,
Beverly,3,2,No Preference,0,President,
Beverly,3,2,Blanks,17,President,
Beverly,3,2,Total Votes Cast,1875,President,
Beverly,4,1,Biden/ Harris,897,President,
Beverly,4,1,Trump/ Pence,386,President,
Beverly,4,1,Jorgensen/ Cohen,16,President,
Beverly,4,1,Hawkins/ Walker,3,President,
Beverly,4,1,All Others,7,President,
Beverly,4,1,No Preference,0,President,
Beverly,4,1,Blanks,13,President,
Beverly,4,1,Total Votes Cast,1322,President,
Beverly,4,2,Biden/ Harris,1830,President,
Beverly,4,2,Trump/ Pence,581,President,
Beverly,4,2,Jorgensen/ Cohen,31,President,
Beverly,4,2,Hawkins/ Walker,7,President,
Beverly,4,2,All Others,5,President,
Beverly,4,2,No Preference,0,President,
Beverly,4,2,Blanks,26,President,
Beverly,4,2,Total Votes Cast,2480,President,
Beverly,5,1,Biden/ Harris,1380,President,
Beverly,5,1,Trump/ Pence,729,President,
Beverly,5,1,Jorgensen/ Cohen,32,President,
Beverly,5,1,Hawkins/ Walker,6,President,
Beverly,5,1,All Others,6,President,
Beverly,5,1,No Preference,0,President,
Beverly,5,1,Blanks,17,President,
Beverly,5,1,Total Votes Cast,2170,President,
Beverly,5,2,Biden/ Harris,1334,President,
Beverly,5,2,Trump/ Pence,732,President,
Beverly,5,2,Jorgensen/ Cohen,36,President,
Beverly,5,2,Hawkins/ Walker,10,President,
Beverly,5,2,All Others,1,President,
Beverly,5,2,No Preference,0,President,
Beverly,5,2,Blanks,23,President,
Beverly,5,2,Total Votes Cast,2136,President,
Beverly,6,1,Biden/ Harris,1584,President,
Beverly,6,1,Trump/ Pence,643,President,
Beverly,6,1,Jorgensen/ Cohen,29,President,
Beverly,6,1,Hawkins/ Walker,12,President,
Beverly,6,1,All Others,7,President,
Beverly,6,1,No Preference,0,President,
Beverly,6,1,Blanks,31,President,
Beverly,6,1,Total Votes Cast,2306,President,
Beverly,6,2,Biden/ Harris,1382,President,
Beverly,6,2,Trump/ Pence,858,President,
Beverly,6,2,Jorgensen/ Cohen,36,President,
Beverly,6,2,Hawkins/ Walker,4,President,
Beverly,6,2,All Others,4,President,
Beverly,6,2,No Preference,0,President,
Beverly,6,2,Blanks,28,President,
Beverly,6,2,Total Votes Cast,2312,President,
Billerica,-,1,Biden/ Harris,1350,President,
Billerica,-,1,Trump/ Pence,880,President,
Billerica,-,1,Jorgensen/ Cohen,47,President,
Billerica,-,1,Hawkins/ Walker,7,President,
Billerica,-,1,All Others,11,President,
Billerica,-,1,No Preference,0,President,
Billerica,-,1,Blanks,16,President,
Billerica,-,1,Total Votes Cast,2311,President,
Billerica,-,10,Biden/ Harris,1169,President,
Billerica,-,10,Trump/ Pence,1103,President,
Billerica,-,10,Jorgensen/ Cohen,43,President,
Billerica,-,10,Hawkins/ Walker,7,President,
Billerica,-,10,All Others,8,President,
Billerica,-,10,No Preference,0,President,
Billerica,-,10,Blanks,9,President,
Billerica,-,10,Total Votes Cast,2339,President,
Billerica,-,11,Biden/ Harris,1135,President,
Billerica,-,11,Trump/ Pence,1009,President,
Billerica,-,11,Jorgensen/ Cohen,37,President,
Billerica,-,11,Hawkins/ Walker,16,President,
Billerica,-,11,All Others,10,President,
Billerica,-,11,No Preference,0,President,
Billerica,-,11,Blanks,10,President,
Billerica,-,11,Total Votes Cast,2217,President,
Billerica,-,2,Biden/ Harris,1271,President,
Billerica,-,2,Trump/ Pence,930,President,
Billerica,-,2,Jorgensen/ Cohen,32,President,
Billerica,-,2,Hawkins/ Walker,12,President,
Billerica,-,2,All Others,8,President,
Billerica,-,2,No Preference,0,President,
Billerica,-,2,Blanks,11,President,
Billerica,-,2,Total Votes Cast,2264,President,
Billerica,-,3,Biden/ Harris,1199,President,
Billerica,-,3,Trump/ Pence,993,President,
Billerica,-,3,Jorgensen/ Cohen,28,President,
Billerica,-,3,Hawkins/ Walker,11,President,
Billerica,-,3,All Others,23,President,
Billerica,-,3,No Preference,0,President,
Billerica,-,3,Blanks,16,President,
Billerica,-,3,Total Votes Cast,2270,President,
Billerica,-,4,Biden/ Harris,1020,President,
Billerica,-,4,Trump/ Pence,860,President,
Billerica,-,4,Jorgensen/ Cohen,20,President,
Billerica,-,4,Hawkins/ Walker,7,President,
Billerica,-,4,All Others,10,President,
Billerica,-,4,No Preference,0,President,
Billerica,-,4,Blanks,10,President,
Billerica,-,4,Total Votes Cast,1927,President,
Billerica,-,5,Biden/ Harris,1226,President,
Billerica,-,5,Trump/ Pence,1110,President,
Billerica,-,5,Jorgensen/ Cohen,32,President,
Billerica,-,5,Hawkins/ Walker,9,President,
Billerica,-,5,All Others,6,President,
Billerica,-,5,No Preference,0,President,
Billerica,-,5,Blanks,9,President,
Billerica,-,5,Total Votes Cast,2392,President,
Billerica,-,6,Biden/ Harris,1263,President,
Billerica,-,6,Trump/ Pence,958,President,
Billerica,-,6,Jorgensen/ Cohen,26,President,
Billerica,-,6,Hawkins/ Walker,27,President,
Billerica,-,6,All Others,10,President,
Billerica,-,6,No Preference,0,President,
Billerica,-,6,Blanks,15,President,
Billerica,-,6,Total Votes Cast,2299,President,
Billerica,-,7,Biden/ Harris,1255,President,
Billerica,-,7,Trump/ Pence,805,President,
Billerica,-,7,Jorgensen/ Cohen,29,President,
Billerica,-,7,Hawkins/ Walker,9,President,
Billerica,-,7,All Others,8,President,
Billerica,-,7,No Preference,0,President,
Billerica,-,7,Blanks,12,President,
Billerica,-,7,Total Votes Cast,2118,President,
Billerica,-,8,Biden/ Harris,1303,President,
Billerica,-,8,Trump/ Pence,1035,President,
Billerica,-,8,Jorgensen/ Cohen,38,President,
Billerica,-,8,Hawkins/ Walker,4,President,
Billerica,-,8,All Others,9,President,
Billerica,-,8,No Preference,0,President,
Billerica,-,8,Blanks,14,President,
Billerica,-,8,Total Votes Cast,2403,President,
Billerica,-,9,Biden/ Harris,1137,President,
Billerica,-,9,Trump/ Pence,1048,President,
Billerica,-,9,Jorgensen/ Cohen,28,President,
Billerica,-,9,Hawkins/ Walker,4,President,
Billerica,-,9,All Others,9,President,
Billerica,-,9,No Preference,0,President,
Billerica,-,9,Blanks,12,President,
Billerica,-,9,Total Votes Cast,2238,President,
Blackstone,-,1,Biden/ Harris,777,President,
Blackstone,-,1,Trump/ Pence,767,President,
Blackstone,-,1,Jorgensen/ Cohen,24,President,
Blackstone,-,1,Hawkins/ Walker,9,President,
Blackstone,-,1,All Others,8,President,
Blackstone,-,1,No Preference,0,President,
Blackstone,-,1,Blanks,3,President,
Blackstone,-,1,Total Votes Cast,1588,President,
Blackstone,-,2,Biden/ Harris,893,President,
Blackstone,-,2,Trump/ Pence,898,President,
Blackstone,-,2,Jorgensen/ Cohen,34,President,
Blackstone,-,2,Hawkins/ Walker,10,President,
Blackstone,-,2,All Others,3,President,
Blackstone,-,2,No Preference,0,President,
Blackstone,-,2,Blanks,6,President,
Blackstone,-,2,Total Votes Cast,1844,President,
Blackstone,-,3,Biden/ Harris,780,President,
Blackstone,-,3,Trump/ Pence,895,President,
Blackstone,-,3,Jorgensen/ Cohen,24,President,
Blackstone,-,3,Hawkins/ Walker,8,President,
Blackstone,-,3,All Others,5,President,
Blackstone,-,3,No Preference,0,President,
Blackstone,-,3,Blanks,9,President,
Blackstone,-,3,Total Votes Cast,1721,President,
Blandford,-,1,Biden/ Harris,307,President,
Blandford,-,1,Trump/ Pence,454,President,
Blandford,-,1,Jorgensen/ Cohen,13,President,
Blandford,-,1,Hawkins/ Walker,1,President,
Blandford,-,1,All Others,0,President,
Blandford,-,1,No Preference,0,President,
Blandford,-,1,Blanks,6,President,
Blandford,-,1,Total Votes Cast,781,President,
Bolton,-,1,Biden/ Harris,2529,President,
Bolton,-,1,Trump/ Pence,1140,President,
Bolton,-,1,Jorgensen/ Cohen,75,President,
Bolton,-,1,Hawkins/ Walker,18,President,
Bolton,-,1,All Others,0,President,
Bolton,-,1,No Preference,0,President,
Bolton,-,1,Blanks,51,President,
Bolton,-,1,Total Votes Cast,3813,President,
Boston,1,1,Biden/ Harris,939,President,
Boston,1,1,Trump/ Pence,206,President,
Boston,1,1,Jorgensen/ Cohen,12,President,
Boston,1,1,Hawkins/ Walker,8,President,
Boston,1,1,All Others,9,President,
Boston,1,1,No Preference,0,President,
Boston,1,1,Blanks,8,President,
Boston,1,1,Total Votes Cast,1182,President,
Boston,1,10,Biden/ Harris,455,President,
Boston,1,10,Trump/ Pence,126,President,
Boston,1,10,Jorgensen/ Cohen,8,President,
Boston,1,10,Hawkins/ Walker,2,President,
Boston,1,10,All Others,2,President,
Boston,1,10,No Preference,0,President,
Boston,1,10,Blanks,4,President,
Boston,1,10,Total Votes Cast,597,President,
Boston,1,11,Biden/ Harris,717,President,
Boston,1,11,Trump/ Pence,329,President,
Boston,1,11,Jorgensen/ Cohen,12,President,
Boston,1,11,Hawkins/ Walker,4,President,
Boston,1,11,All Others,3,President,
Boston,1,11,No Preference,0,President,
Boston,1,11,Blanks,7,President,
Boston,1,11,Total Votes Cast,1072,President,
Boston,1,12,Biden/ Harris,704,President,
Boston,1,12,Trump/ Pence,376,President,
Boston,1,12,Jorgensen/ Cohen,9,President,
Boston,1,12,Hawkins/ Walker,4,President,
Boston,1,12,All Others,1,President,
Boston,1,12,No Preference,0,President,
Boston,1,12,Blanks,3,President,
Boston,1,12,Total Votes Cast,1097,President,
Boston,1,13,Biden/ Harris,995,President,
Boston,1,13,Trump/ Pence,404,President,
Boston,1,13,Jorgensen/ Cohen,12,President,
Boston,1,13,Hawkins/ Walker,5,President,
Boston,1,13,All Others,9,President,
Boston,1,13,No Preference,0,President,
Boston,1,13,Blanks,5,President,
Boston,1,13,Total Votes Cast,1430,President,
Boston,1,14,Biden/ Harris,446,President,
Boston,1,14,Trump/ Pence,239,President,
Boston,1,14,Jorgensen/ Cohen,3,President,
Boston,1,14,Hawkins/ Walker,1,President,
Boston,1,14,All Others,1,President,
Boston,1,14,No Preference,0,President,
Boston,1,14,Blanks,11,President,
Boston,1,14,Total Votes Cast,701,President,
Boston,1,15,Biden/ Harris,1,President,
Boston,1,15,Trump/ Pence,0,President,
Boston,1,15,Jorgensen/ Cohen,0,President,
Boston,1,15,Hawkins/ Walker,0,President,
Boston,1,15,All Others,0,President,
Boston,1,15,No Preference,0,President,
Boston,1,15,Blanks,0,President,
Boston,1,15,Total Votes Cast,1,President,
Boston,1,2,Biden/ Harris,668,President,
Boston,1,2,Trump/ Pence,156,President,
Boston,1,2,Jorgensen/ Cohen,8,President,
Boston,1,2,Hawkins/ Walker,5,President,
Boston,1,2,All Others,8,President,
Boston,1,2,No Preference,0,President,
Boston,1,2,Blanks,5,President,
Boston,1,2,Total Votes Cast,850,President,
Boston,1,3,Biden/ Harris,1734,President,
Boston,1,3,Trump/ Pence,383,President,
Boston,1,3,Jorgensen/ Cohen,24,President,
Boston,1,3,Hawkins/ Walker,8,President,
Boston,1,3,All Others,9,President,
Boston,1,3,No Preference,0,President,
Boston,1,3,Blanks,7,President,
Boston,1,3,Total Votes Cast,2165,President,
Boston,1,4,Biden/ Harris,740,President,
Boston,1,4,Trump/ Pence,135,President,
Boston,1,4,Jorgensen/ Cohen,9,President,
Boston,1,4,Hawkins/ Walker,3,President,
Boston,1,4,All Others,4,President,
Boston,1,4,No Preference,0,President,
Boston,1,4,Blanks,4,President,
Boston,1,4,Total Votes Cast,895,President,
Boston,1,5,Biden/ Harris,812,President,
Boston,1,5,Trump/ Pence,199,President,
Boston,1,5,Jorgensen/ Cohen,19,President,
Boston,1,5,Hawkins/ Walker,4,President,
Boston,1,5,All Others,6,President,
Boston,1,5,No Preference,0,President,
Boston,1,5,Blanks,0,President,
Boston,1,5,Total Votes Cast,1040,President,
Boston,1,6,Biden/ Harris,707,President,
Boston,1,6,Trump/ Pence,154,President,
Boston,1,6,Jorgensen/ Cohen,12,President,
Boston,1,6,Hawkins/ Walker,3,President,
Boston,1,6,All Others,3,President,
Boston,1,6,No Preference,0,President,
Boston,1,6,Blanks,5,President,
Boston,1,6,Total Votes Cast,884,President,
Boston,1,7,Biden/ Harris,730,President,
Boston,1,7,Trump/ Pence,182,President,
Boston,1,7,Jorgensen/ Cohen,11,President,
Boston,1,7,Hawkins/ Walker,4,President,
Boston,1,7,All Others,8,President,
Boston,1,7,No Preference,0,President,
Boston,1,7,Blanks,4,President,
Boston,1,7,Total Votes Cast,939,President,
Boston,1,8,Biden/ Harris,926,President,
Boston,1,8,Trump/ Pence,257,President,
Boston,1,8,Jorgensen/ Cohen,8,President,
Boston,1,8,Hawkins/ Walker,9,President,
Boston,1,8,All Others,8,President,
Boston,1,8,No Preference,0,President,
Boston,1,8,Blanks,8,President,
Boston,1,8,Total Votes Cast,1216,President,
Boston,1,9,Biden/ Harris,670,President,
Boston,1,9,Trump/ Pence,154,President,
Boston,1,9,Jorgensen/ Cohen,7,President,
Boston,1,9,Hawkins/ Walker,5,President,
Boston,1,9,All Others,1,President,
Boston,1,9,No Preference,0,President,
Boston,1,9,Blanks,5,President,
Boston,1,9,Total Votes Cast,842,President,
Boston,10,1,Biden/ Harris,608,President,
Boston,10,1,Trump/ Pence,58,President,
Boston,10,1,Jorgensen/ Cohen,1,President,
Boston,10,1,Hawkins/ Walker,4,President,
Boston,10,1,All Others,1,President,
Boston,10,1,No Preference,0,President,
Boston,10,1,Blanks,1,President,
Boston,10,1,Total Votes Cast,673,President,
Boston,10,2,Biden/ Harris,548,President,
Boston,10,2,Trump/ Pence,66,President,
Boston,10,2,Jorgensen/ Cohen,3,President,
Boston,10,2,Hawkins/ Walker,3,President,
Boston,10,2,All Others,4,President,
Boston,10,2,No Preference,0,President,
Boston,10,2,Blanks,2,President,
Boston,10,2,Total Votes Cast,626,President,
Boston,10,3,Biden/ Harris,522,President,
Boston,10,3,Trump/ Pence,60,President,
Boston,10,3,Jorgensen/ Cohen,6,President,
Boston,10,3,Hawkins/ Walker,3,President,
Boston,10,3,All Others,2,President,
Boston,10,3,No Preference,0,President,
Boston,10,3,Blanks,5,President,
Boston,10,3,Total Votes Cast,598,President,
Boston,10,4,Biden/ Harris,995,President,
Boston,10,4,Trump/ Pence,207,President,
Boston,10,4,Jorgensen/ Cohen,7,President,
Boston,10,4,Hawkins/ Walker,8,President,
Boston,10,4,All Others,4,President,
Boston,10,4,No Preference,0,President,
Boston,10,4,Blanks,5,President,
Boston,10,4,Total Votes Cast,1226,President,
Boston,10,5,Biden/ Harris,682,President,
Boston,10,5,Trump/ Pence,72,President,
Boston,10,5,Jorgensen/ Cohen,11,President,
Boston,10,5,Hawkins/ Walker,7,President,
Boston,10,5,All Others,8,President,
Boston,10,5,No Preference,0,President,
Boston,10,5,Blanks,5,President,
Boston,10,5,Total Votes Cast,785,President,
Boston,10,6,Biden/ Harris,775,President,
Boston,10,6,Trump/ Pence,74,President,
Boston,10,6,Jorgensen/ Cohen,10,President,
Boston,10,6,Hawkins/ Walker,9,President,
Boston,10,6,All Others,11,President,
Boston,10,6,No Preference,0,President,
Boston,10,6,Blanks,1,President,
Boston,10,6,Total Votes Cast,880,President,
Boston,10,7,Biden/ Harris,991,President,
Boston,10,7,Trump/ Pence,72,President,
Boston,10,7,Jorgensen/ Cohen,3,President,
Boston,10,7,Hawkins/ Walker,3,President,
Boston,10,7,All Others,6,President,
Boston,10,7,No Preference,0,President,
Boston,10,7,Blanks,11,President,
Boston,10,7,Total Votes Cast,1086,President,
Boston,10,8,Biden/ Harris,1303,President,
Boston,10,8,Trump/ Pence,106,President,
Boston,10,8,Jorgensen/ Cohen,8,President,
Boston,10,8,Hawkins/ Walker,15,President,
Boston,10,8,All Others,11,President,
Boston,10,8,No Preference,0,President,
Boston,10,8,Blanks,12,President,
Boston,10,8,Total Votes Cast,1455,President,
Boston,10,9,Biden/ Harris,1509,President,
Boston,10,9,Trump/ Pence,79,President,
Boston,10,9,Jorgensen/ Cohen,17,President,
Boston,10,9,Hawkins/ Walker,11,President,
Boston,10,9,All Others,9,President,
Boston,10,9,No Preference,0,President,
Boston,10,9,Blanks,2,President,
Boston,10,9,Total Votes Cast,1627,President,
Boston,11,1,Biden/ Harris,634,President,
Boston,11,1,Trump/ Pence,34,President,
Boston,11,1,Jorgensen/ Cohen,6,President,
Boston,11,1,Hawkins/ Walker,8,President,
Boston,11,1,All Others,3,President,
Boston,11,1,No Preference,0,President,
Boston,11,1,Blanks,3,President,
Boston,11,1,Total Votes Cast,688,President,
Boston,11,10,Biden/ Harris,1024,President,
Boston,11,10,Trump/ Pence,40,President,
Boston,11,10,Jorgensen/ Cohen,8,President,
Boston,11,10,Hawkins/ Walker,8,President,
Boston,11,10,All Others,2,President,
Boston,11,10,No Preference,0,President,
Boston,11,10,Blanks,7,President,
Boston,11,10,Total Votes Cast,1089,President,
Boston,11,2,Biden/ Harris,1021,President,
Boston,11,2,Trump/ Pence,59,President,
Boston,11,2,Jorgensen/ Cohen,0,President,
Boston,11,2,Hawkins/ Walker,3,President,
Boston,11,2,All Others,5,President,
Boston,11,2,No Preference,0,President,
Boston,11,2,Blanks,6,President,
Boston,11,2,Total Votes Cast,1094,President,
Boston,11,3,Biden/ Harris,787,President,
Boston,11,3,Trump/ Pence,58,President,
Boston,11,3,Jorgensen/ Cohen,3,President,
Boston,11,3,Hawkins/ Walker,8,President,
Boston,11,3,All Others,0,President,
Boston,11,3,No Preference,0,President,
Boston,11,3,Blanks,4,President,
Boston,11,3,Total Votes Cast,860,President,
Boston,11,4,Biden/ Harris,1252,President,
Boston,11,4,Trump/ Pence,73,President,
Boston,11,4,Jorgensen/ Cohen,7,President,
Boston,11,4,Hawkins/ Walker,18,President,
Boston,11,4,All Others,10,President,
Boston,11,4,No Preference,0,President,
Boston,11,4,Blanks,9,President,
Boston,11,4,Total Votes Cast,1369,President,
Boston,11,5,Biden/ Harris,1078,President,
Boston,11,5,Trump/ Pence,95,President,
Boston,11,5,Jorgensen/ Cohen,4,President,
Boston,11,5,Hawkins/ Walker,10,President,
Boston,11,5,All Others,4,President,
Boston,11,5,No Preference,0,President,
Boston,11,5,Blanks,3,President,
Boston,11,5,Total Votes Cast,1194,President,
Boston,11,6,Biden/ Harris,907,President,
Boston,11,6,Trump/ Pence,45,President,
Boston,11,6,Jorgensen/ Cohen,9,President,
Boston,11,6,Hawkins/ Walker,12,President,
Boston,11,6,All Others,2,President,
Boston,11,6,No Preference,0,President,
Boston,11,6,Blanks,3,President,
Boston,11,6,Total Votes Cast,978,President,
Boston,11,7,Biden/ Harris,1101,President,
Boston,11,7,Trump/ Pence,80,President,
Boston,11,7,Jorgensen/ Cohen,6,President,
Boston,11,7,Hawkins/ Walker,9,President,
Boston,11,7,All Others,5,President,
Boston,11,7,No Preference,0,President,
Boston,11,7,Blanks,1,President,
Boston,11,7,Total Votes Cast,1202,President,
Boston,11,8,Biden/ Harris,1536,President,
Boston,11,8,Trump/ Pence,78,President,
Boston,11,8,Jorgensen/ Cohen,14,President,
Boston,11,8,Hawkins/ Walker,11,President,
Boston,11,8,All Others,8,President,
Boston,11,8,No Preference,0,President,
Boston,11,8,Blanks,10,President,
Boston,11,8,Total Votes Cast,1657,President,
Boston,11,9,Biden/ Harris,797,President,
Boston,11,9,Trump/ Pence,48,President,
Boston,11,9,Jorgensen/ Cohen,4,President,
Boston,11,9,Hawkins/ Walker,14,President,
Boston,11,9,All Others,2,President,
Boston,11,9,No Preference,0,President,
Boston,11,9,Blanks,0,President,
Boston,11,9,Total Votes Cast,865,President,
Boston,12,1,Biden/ Harris,1037,President,
Boston,12,1,Trump/ Pence,61,President,
Boston,12,1,Jorgensen/ Cohen,8,President,
Boston,12,1,Hawkins/ Walker,6,President,
Boston,12,1,All Others,3,President,
Boston,12,1,No Preference,0,President,
Boston,12,1,Blanks,7,President,
Boston,12,1,Total Votes Cast,1122,President,
Boston,12,2,Biden/ Harris,1285,President,
Boston,12,2,Trump/ Pence,77,President,
Boston,12,2,Jorgensen/ Cohen,6,President,
Boston,12,2,Hawkins/ Walker,5,President,
Boston,12,2,All Others,6,President,
Boston,12,2,No Preference,0,President,
Boston,12,2,Blanks,10,President,
Boston,12,2,Total Votes Cast,1389,President,
Boston,12,3,Biden/ Harris,529,President,
Boston,12,3,Trump/ Pence,33,President,
Boston,12,3,Jorgensen/ Cohen,2,President,
Boston,12,3,Hawkins/ Walker,3,President,
Boston,12,3,All Others,1,President,
Boston,12,3,No Preference,0,President,
Boston,12,3,Blanks,0,President,
Boston,12,3,Total Votes Cast,568,President,
Boston,12,4,Biden/ Harris,718,President,
Boston,12,4,Trump/ Pence,54,President,
Boston,12,4,Jorgensen/ Cohen,2,President,
Boston,12,4,Hawkins/ Walker,5,President,
Boston,12,4,All Others,1,President,
Boston,12,4,No Preference,0,President,
Boston,12,4,Blanks,7,President,
Boston,12,4,Total Votes Cast,787,President,
Boston,12,5,Biden/ Harris,481,President,
Boston,12,5,Trump/ Pence,24,President,
Boston,12,5,Jorgensen/ Cohen,0,President,
Boston,12,5,Hawkins/ Walker,0,President,
Boston,12,5,All Others,2,President,
Boston,12,5,No Preference,0,President,
Boston,12,5,Blanks,5,President,
Boston,12,5,Total Votes Cast,512,President,
Boston,12,6,Biden/ Harris,597,President,
Boston,12,6,Trump/ Pence,43,President,
Boston,12,6,Jorgensen/ Cohen,3,President,
Boston,12,6,Hawkins/ Walker,5,President,
Boston,12,6,All Others,0,President,
Boston,12,6,No Preference,0,President,
Boston,12,6,Blanks,9,President,
Boston,12,6,Total Votes Cast,657,President,
Boston,12,7,Biden/ Harris,1300,President,
Boston,12,7,Trump/ Pence,97,President,
Boston,12,7,Jorgensen/ Cohen,8,President,
Boston,12,7,Hawkins/ Walker,5,President,
Boston,12,7,All Others,11,President,
Boston,12,7,No Preference,0,President,
Boston,12,7,Blanks,9,President,
Boston,12,7,Total Votes Cast,1430,President,
Boston,12,8,Biden/ Harris,503,President,
Boston,12,8,Trump/ Pence,32,President,
Boston,12,8,Jorgensen/ Cohen,2,President,
Boston,12,8,Hawkins/ Walker,1,President,
Boston,12,8,All Others,0,President,
Boston,12,8,No Preference,0,President,
Boston,12,8,Blanks,2,President,
Boston,12,8,Total Votes Cast,540,President,
Boston,12,9,Biden/ Harris,655,President,
Boston,12,9,Trump/ Pence,37,President,
Boston,12,9,Jorgensen/ Cohen,3,President,
Boston,12,9,Hawkins/ Walker,2,President,
Boston,12,9,All Others,2,President,
Boston,12,9,No Preference,0,President,
Boston,12,9,Blanks,7,President,
Boston,12,9,Total Votes Cast,706,President,
Boston,13,1,Biden/ Harris,839,President,
Boston,13,1,Trump/ Pence,67,President,
Boston,13,1,Jorgensen/ Cohen,3,President,
Boston,13,1,Hawkins/ Walker,4,President,
Boston,13,1,All Others,5,President,
Boston,13,1,No Preference,0,President,
Boston,13,1,Blanks,10,President,
Boston,13,1,Total Votes Cast,928,President,
Boston,13,10,Biden/ Harris,1027,President,
Boston,13,10,Trump/ Pence,360,President,
Boston,13,10,Jorgensen/ Cohen,18,President,
Boston,13,10,Hawkins/ Walker,10,President,
Boston,13,10,All Others,9,President,
Boston,13,10,No Preference,0,President,
Boston,13,10,Blanks,7,President,
Boston,13,10,Total Votes Cast,1431,President,
Boston,13,2,Biden/ Harris,346,President,
Boston,13,2,Trump/ Pence,33,President,
Boston,13,2,Jorgensen/ Cohen,3,President,
Boston,13,2,Hawkins/ Walker,1,President,
Boston,13,2,All Others,3,President,
Boston,13,2,No Preference,0,President,
Boston,13,2,Blanks,0,President,
Boston,13,2,Total Votes Cast,386,President,
Boston,13,3,Biden/ Harris,761,President,
Boston,13,3,Trump/ Pence,126,President,
Boston,13,3,Jorgensen/ Cohen,12,President,
Boston,13,3,Hawkins/ Walker,6,President,
Boston,13,3,All Others,9,President,
Boston,13,3,No Preference,0,President,
Boston,13,3,Blanks,1,President,
Boston,13,3,Total Votes Cast,915,President,
Boston,13,4,Biden/ Harris,616,President,
Boston,13,4,Trump/ Pence,56,President,
Boston,13,4,Jorgensen/ Cohen,3,President,
Boston,13,4,Hawkins/ Walker,2,President,
Boston,13,4,All Others,1,President,
Boston,13,4,No Preference,0,President,
Boston,13,4,Blanks,4,President,
Boston,13,4,Total Votes Cast,682,President,
Boston,13,5,Biden/ Harris,595,President,
Boston,13,5,Trump/ Pence,51,President,
Boston,13,5,Jorgensen/ Cohen,10,President,
Boston,13,5,Hawkins/ Walker,2,President,
Boston,13,5,All Others,2,President,
Boston,13,5,No Preference,0,President,
Boston,13,5,Blanks,1,President,
Boston,13,5,Total Votes Cast,661,President,
Boston,13,6,Biden/ Harris,807,President,
Boston,13,6,Trump/ Pence,108,President,
Boston,13,6,Jorgensen/ Cohen,6,President,
Boston,13,6,Hawkins/ Walker,8,President,
Boston,13,6,All Others,5,President,
Boston,13,6,No Preference,0,President,
Boston,13,6,Blanks,3,President,
Boston,13,6,Total Votes Cast,937,President,
Boston,13,7,Biden/ Harris,820,President,
Boston,13,7,Trump/ Pence,268,President,
Boston,13,7,Jorgensen/ Cohen,9,President,
Boston,13,7,Hawkins/ Walker,8,President,
Boston,13,7,All Others,3,President,
Boston,13,7,No Preference,0,President,
Boston,13,7,Blanks,4,President,
Boston,13,7,Total Votes Cast,1112,President,
Boston,13,8,Biden/ Harris,732,President,
Boston,13,8,Trump/ Pence,219,President,
Boston,13,8,Jorgensen/ Cohen,5,President,
Boston,13,8,Hawkins/ Walker,9,President,
Boston,13,8,All Others,9,President,
Boston,13,8,No Preference,0,President,
Boston,13,8,Blanks,5,President,
Boston,13,8,Total Votes Cast,979,President,
Boston,13,9,Biden/ Harris,843,President,
Boston,13,9,Trump/ Pence,206,President,
Boston,13,9,Jorgensen/ Cohen,6,President,
Boston,13,9,Hawkins/ Walker,5,President,
Boston,13,9,All Others,3,President,
Boston,13,9,No Preference,0,President,
Boston,13,9,Blanks,2,President,
Boston,13,9,Total Votes Cast,1065,President,
Boston,14,1,Biden/ Harris,1361,President,
Boston,14,1,Trump/ Pence,109,President,
Boston,14,1,Jorgensen/ Cohen,8,President,
Boston,14,1,Hawkins/ Walker,5,President,
Boston,14,1,All Others,4,President,
Boston,14,1,No Preference,0,President,
Boston,14,1,Blanks,11,President,
Boston,14,1,Total Votes Cast,1498,President,
Boston,14,10,Biden/ Harris,816,President,
Boston,14,10,Trump/ Pence,71,President,
Boston,14,10,Jorgensen/ Cohen,2,President,
Boston,14,10,Hawkins/ Walker,2,President,
Boston,14,10,All Others,2,President,
Boston,14,10,No Preference,0,President,
Boston,14,10,Blanks,1,President,
Boston,14,10,Total Votes Cast,894,President,
Boston,14,11,Biden/ Harris,772,President,
Boston,14,11,Trump/ Pence,43,President,
Boston,14,11,Jorgensen/ Cohen,4,President,
Boston,14,11,Hawkins/ Walker,3,President,
Boston,14,11,All Others,3,President,
Boston,14,11,No Preference,0,President,
Boston,14,11,Blanks,8,President,
Boston,14,11,Total Votes Cast,833,President,
Boston,14,12,Biden/ Harris,450,President,
Boston,14,12,Trump/ Pence,19,President,
Boston,14,12,Jorgensen/ Cohen,2,President,
Boston,14,12,Hawkins/ Walker,6,President,
Boston,14,12,All Others,2,President,
Boston,14,12,No Preference,0,President,
Boston,14,12,Blanks,2,President,
Boston,14,12,Total Votes Cast,481,President,
Boston,14,13,Biden/ Harris,640,President,
Boston,14,13,Trump/ Pence,31,President,
Boston,14,13,Jorgensen/ Cohen,4,President,
Boston,14,13,Hawkins/ Walker,5,President,
Boston,14,13,All Others,0,President,
Boston,14,13,No Preference,0,President,
Boston,14,13,Blanks,5,President,
Boston,14,13,Total Votes Cast,685,President,
Boston,14,14,Biden/ Harris,773,President,
Boston,14,14,Trump/ Pence,28,President,
Boston,14,14,Jorgensen/ Cohen,4,President,
Boston,14,14,Hawkins/ Walker,1,President,
Boston,14,14,All Others,2,President,
Boston,14,14,No Preference,0,President,
Boston,14,14,Blanks,2,President,
Boston,14,14,Total Votes Cast,810,President,
Boston,14,2,Biden/ Harris,1479,President,
Boston,14,2,Trump/ Pence,104,President,
Boston,14,2,Jorgensen/ Cohen,3,President,
Boston,14,2,Hawkins/ Walker,5,President,
Boston,14,2,All Others,4,President,
Boston,14,2,No Preference,0,President,
Boston,14,2,Blanks,10,President,
Boston,14,2,Total Votes Cast,1605,President,
Boston,14,3,Biden/ Harris,715,President,
Boston,14,3,Trump/ Pence,44,President,
Boston,14,3,Jorgensen/ Cohen,5,President,
Boston,14,3,Hawkins/ Walker,3,President,
Boston,14,3,All Others,1,President,
Boston,14,3,No Preference,0,President,
Boston,14,3,Blanks,7,President,
Boston,14,3,Total Votes Cast,775,President,
Boston,14,4,Biden/ Harris,829,President,
Boston,14,4,Trump/ Pence,59,President,
Boston,14,4,Jorgensen/ Cohen,5,President,
Boston,14,4,Hawkins/ Walker,5,President,
Boston,14,4,All Others,5,President,
Boston,14,4,No Preference,0,President,
Boston,14,4,Blanks,0,President,
Boston,14,4,Total Votes Cast,903,President,
Boston,14,5,Biden/ Harris,702,President,
Boston,14,5,Trump/ Pence,23,President,
Boston,14,5,Jorgensen/ Cohen,2,President,
Boston,14,5,Hawkins/ Walker,1,President,
Boston,14,5,All Others,2,President,
Boston,14,5,No Preference,0,President,
Boston,14,5,Blanks,2,President,
Boston,14,5,Total Votes Cast,732,President,
Boston,14,6,Biden/ Harris,649,President,
Boston,14,6,Trump/ Pence,50,President,
Boston,14,6,Jorgensen/ Cohen,3,President,
Boston,14,6,Hawkins/ Walker,5,President,
Boston,14,6,All Others,3,President,
Boston,14,6,No Preference,0,President,
Boston,14,6,Blanks,0,President,
Boston,14,6,Total Votes Cast,710,President,
Boston,14,7,Biden/ Harris,657,President,
Boston,14,7,Trump/ Pence,47,President,
Boston,14,7,Jorgensen/ Cohen,5,President,
Boston,14,7,Hawkins/ Walker,2,President,
Boston,14,7,All Others,1,President,
Boston,14,7,No Preference,0,President,
Boston,14,7,Blanks,1,President,
Boston,14,7,Total Votes Cast,713,President,
Boston,14,8,Biden/ Harris,797,President,
Boston,14,8,Trump/ Pence,33,President,
Boston,14,8,Jorgensen/ Cohen,7,President,
Boston,14,8,Hawkins/ Walker,5,President,
Boston,14,8,All Others,3,President,
Boston,14,8,No Preference,0,President,
Boston,14,8,Blanks,2,President,
Boston,14,8,Total Votes Cast,847,President,
Boston,14,9,Biden/ Harris,739,President,
Boston,14,9,Trump/ Pence,48,President,
Boston,14,9,Jorgensen/ Cohen,1,President,
Boston,14,9,Hawkins/ Walker,5,President,
Boston,14,9,All Others,4,President,
Boston,14,9,No Preference,0,President,
Boston,14,9,Blanks,6,President,
Boston,14,9,Total Votes Cast,803,President,
Boston,15,1,Biden/ Harris,908,President,
Boston,15,1,Trump/ Pence,78,President,
Boston,15,1,Jorgensen/ Cohen,4,President,
Boston,15,1,Hawkins/ Walker,1,President,
Boston,15,1,All Others,3,President,
Boston,15,1,No Preference,0,President,
Boston,15,1,Blanks,4,President,
Boston,15,1,Total Votes Cast,998,President,
Boston,15,2,Biden/ Harris,618,President,
Boston,15,2,Trump/ Pence,47,President,
Boston,15,2,Jorgensen/ Cohen,1,President,
Boston,15,2,Hawkins/ Walker,3,President,
Boston,15,2,All Others,0,President,
Boston,15,2,No Preference,0,President,
Boston,15,2,Blanks,7,President,
Boston,15,2,Total Votes Cast,676,President,
Boston,15,3,Biden/ Harris,363,President,
Boston,15,3,Trump/ Pence,45,President,
Boston,15,3,Jorgensen/ Cohen,4,President,
Boston,15,3,Hawkins/ Walker,1,President,
Boston,15,3,All Others,0,President,
Boston,15,3,No Preference,0,President,
Boston,15,3,Blanks,1,President,
Boston,15,3,Total Votes Cast,414,President,
Boston,15,4,Biden/ Harris,1029,President,
Boston,15,4,Trump/ Pence,205,President,
Boston,15,4,Jorgensen/ Cohen,7,President,
Boston,15,4,Hawkins/ Walker,5,President,
Boston,15,4,All Others,8,President,
Boston,15,4,No Preference,0,President,
Boston,15,4,Blanks,10,President,
Boston,15,4,Total Votes Cast,1264,President,
Boston,15,5,Biden/ Harris,754,President,
Boston,15,5,Trump/ Pence,76,President,
Boston,15,5,Jorgensen/ Cohen,7,President,
Boston,15,5,Hawkins/ Walker,2,President,
Boston,15,5,All Others,2,President,
Boston,15,5,No Preference,0,President,
Boston,15,5,Blanks,3,President,
Boston,15,5,Total Votes Cast,844,President,
Boston,15,6,Biden/ Harris,315,President,
Boston,15,6,Trump/ Pence,221,President,
Boston,15,6,Jorgensen/ Cohen,2,President,
Boston,15,6,Hawkins/ Walker,5,President,
Boston,15,6,All Others,2,President,
Boston,15,6,No Preference,0,President,
Boston,15,6,Blanks,3,President,
Boston,15,6,Total Votes Cast,548,President,
Boston,15,7,Biden/ Harris,615,President,
Boston,15,7,Trump/ Pence,57,President,
Boston,15,7,Jorgensen/ Cohen,4,President,
Boston,15,7,Hawkins/ Walker,3,President,
Boston,15,7,All Others,1,President,
Boston,15,7,No Preference,0,President,
Boston,15,7,Blanks,3,President,
Boston,15,7,Total Votes Cast,683,President,
Boston,15,8,Biden/ Harris,482,President,
Boston,15,8,Trump/ Pence,171,President,
Boston,15,8,Jorgensen/ Cohen,5,President,
Boston,15,8,Hawkins/ Walker,1,President,
Boston,15,8,All Others,2,President,
Boston,15,8,No Preference,0,President,
Boston,15,8,Blanks,4,President,
Boston,15,8,Total Votes Cast,665,President,
Boston,15,9,Biden/ Harris,499,President,
Boston,15,9,Trump/ Pence,153,President,
Boston,15,9,Jorgensen/ Cohen,5,President,
Boston,15,9,Hawkins/ Walker,5,President,
Boston,15,9,All Others,2,President,
Boston,15,9,No Preference,0,President,
Boston,15,9,Blanks,2,President,
Boston,15,9,Total Votes Cast,666,President,
Boston,16,1,Biden/ Harris,556,President,
Boston,16,1,Trump/ Pence,218,President,
Boston,16,1,Jorgensen/ Cohen,6,President,
Boston,16,1,Hawkins/ Walker,1,President,
Boston,16,1,All Others,4,President,
Boston,16,1,No Preference,0,President,
Boston,16,1,Blanks,6,President,
Boston,16,1,Total Votes Cast,791,President,
Boston,16,10,Biden/ Harris,657,President,
Boston,16,10,Trump/ Pence,397,President,
Boston,16,10,Jorgensen/ Cohen,14,President,
Boston,16,10,Hawkins/ Walker,7,President,
Boston,16,10,All Others,7,President,
Boston,16,10,No Preference,0,President,
Boston,16,10,Blanks,7,President,
Boston,16,10,Total Votes Cast,1089,President,
Boston,16,11,Biden/ Harris,761,President,
Boston,16,11,Trump/ Pence,364,President,
Boston,16,11,Jorgensen/ Cohen,9,President,
Boston,16,11,Hawkins/ Walker,6,President,
Boston,16,11,All Others,5,President,
Boston,16,11,No Preference,0,President,
Boston,16,11,Blanks,6,President,
Boston,16,11,Total Votes Cast,1151,President,
Boston,16,12,Biden/ Harris,524,President,
Boston,16,12,Trump/ Pence,497,President,
Boston,16,12,Jorgensen/ Cohen,8,President,
Boston,16,12,Hawkins/ Walker,4,President,
Boston,16,12,All Others,8,President,
Boston,16,12,No Preference,0,President,
Boston,16,12,Blanks,4,President,
Boston,16,12,Total Votes Cast,1045,President,
Boston,16,2,Biden/ Harris,479,President,
Boston,16,2,Trump/ Pence,213,President,
Boston,16,2,Jorgensen/ Cohen,12,President,
Boston,16,2,Hawkins/ Walker,4,President,
Boston,16,2,All Others,7,President,
Boston,16,2,No Preference,0,President,
Boston,16,2,Blanks,2,President,
Boston,16,2,Total Votes Cast,717,President,
Boston,16,3,Biden/ Harris,800,President,
Boston,16,3,Trump/ Pence,211,President,
Boston,16,3,Jorgensen/ Cohen,7,President,
Boston,16,3,Hawkins/ Walker,7,President,
Boston,16,3,All Others,3,President,
Boston,16,3,No Preference,0,President,
Boston,16,3,Blanks,3,President,
Boston,16,3,Total Votes Cast,1031,President,
Boston,16,4,Biden/ Harris,752,President,
Boston,16,4,Trump/ Pence,200,President,
Boston,16,4,Jorgensen/ Cohen,8,President,
Boston,16,4,Hawkins/ Walker,0,President,
Boston,16,4,All Others,3,President,
Boston,16,4,No Preference,0,President,
Boston,16,4,Blanks,5,President,
Boston,16,4,Total Votes Cast,968,President,
Boston,16,5,Biden/ Harris,788,President,
Boston,16,5,Trump/ Pence,255,President,
Boston,16,5,Jorgensen/ Cohen,5,President,
Boston,16,5,Hawkins/ Walker,3,President,
Boston,16,5,All Others,3,President,
Boston,16,5,No Preference,0,President,
Boston,16,5,Blanks,5,President,
Boston,16,5,Total Votes Cast,1059,President,
Boston,16,6,Biden/ Harris,1021,President,
Boston,16,6,Trump/ Pence,297,President,
Boston,16,6,Jorgensen/ Cohen,9,President,
Boston,16,6,Hawkins/ Walker,11,President,
Boston,16,6,All Others,9,President,
Boston,16,6,No Preference,0,President,
Boston,16,6,Blanks,11,President,
Boston,16,6,Total Votes Cast,1358,President,
Boston,16,7,Biden/ Harris,647,President,
Boston,16,7,Trump/ Pence,329,President,
Boston,16,7,Jorgensen/ Cohen,12,President,
Boston,16,7,Hawkins/ Walker,7,President,
Boston,16,7,All Others,11,President,
Boston,16,7,No Preference,0,President,
Boston,16,7,Blanks,4,President,
Boston,16,7,Total Votes Cast,1010,President,
Boston,16,8,Biden/ Harris,828,President,
Boston,16,8,Trump/ Pence,290,President,
Boston,16,8,Jorgensen/ Cohen,14,President,
Boston,16,8,Hawkins/ Walker,7,President,
Boston,16,8,All Others,9,President,
Boston,16,8,No Preference,0,President,
Boston,16,8,Blanks,8,President,
Boston,16,8,Total Votes Cast,1156,President,
Boston,16,9,Biden/ Harris,698,President,
Boston,16,9,Trump/ Pence,512,President,
Boston,16,9,Jorgensen/ Cohen,16,President,
Boston,16,9,Hawkins/ Walker,3,President,
Boston,16,9,All Others,6,President,
Boston,16,9,No Preference,0,President,
Boston,16,9,Blanks,8,President,
Boston,16,9,Total Votes Cast,1243,President,
Boston,17,1,Biden/ Harris,679,President,
Boston,17,1,Trump/ Pence,56,President,
Boston,17,1,Jorgensen/ Cohen,3,President,
Boston,17,1,Hawkins/ Walker,2,President,
Boston,17,1,All Others,1,President,
Boston,17,1,No Preference,0,President,
Boston,17,1,Blanks,0,President,
Boston,17,1,Total Votes Cast,741,President,
Boston,17,10,Biden/ Harris,1002,President,
Boston,17,10,Trump/ Pence,63,President,
Boston,17,10,Jorgensen/ Cohen,2,President,
Boston,17,10,Hawkins/ Walker,5,President,
Boston,17,10,All Others,2,President,
Boston,17,10,No Preference,0,President,
Boston,17,10,Blanks,5,President,
Boston,17,10,Total Votes Cast,1079,President,
Boston,17,11,Biden/ Harris,416,President,
Boston,17,11,Trump/ Pence,22,President,
Boston,17,11,Jorgensen/ Cohen,4,President,
Boston,17,11,Hawkins/ Walker,5,President,
Boston,17,11,All Others,1,President,
Boston,17,11,No Preference,0,President,
Boston,17,11,Blanks,3,President,
Boston,17,11,Total Votes Cast,451,President,
Boston,17,12,Biden/ Harris,676,President,
Boston,17,12,Trump/ Pence,54,President,
Boston,17,12,Jorgensen/ Cohen,2,President,
Boston,17,12,Hawkins/ Walker,2,President,
Boston,17,12,All Others,1,President,
Boston,17,12,No Preference,0,President,
Boston,17,12,Blanks,4,President,
Boston,17,12,Total Votes Cast,739,President,
Boston,17,13,Biden/ Harris,826,President,
Boston,17,13,Trump/ Pence,187,President,
Boston,17,13,Jorgensen/ Cohen,13,President,
Boston,17,13,Hawkins/ Walker,3,President,
Boston,17,13,All Others,5,President,
Boston,17,13,No Preference,0,President,
Boston,17,13,Blanks,7,President,
Boston,17,13,Total Votes Cast,1041,President,
Boston,17,14,Biden/ Harris,853,President,
Boston,17,14,Trump/ Pence,127,President,
Boston,17,14,Jorgensen/ Cohen,10,President,
Boston,17,14,Hawkins/ Walker,4,President,
Boston,17,14,All Others,4,President,
Boston,17,14,No Preference,0,President,
Boston,17,14,Blanks,2,President,
Boston,17,14,Total Votes Cast,1000,President,
Boston,17,2,Biden/ Harris,530,President,
Boston,17,2,Trump/ Pence,65,President,
Boston,17,2,Jorgensen/ Cohen,2,President,
Boston,17,2,Hawkins/ Walker,6,President,
Boston,17,2,All Others,0,President,
Boston,17,2,No Preference,0,President,
Boston,17,2,Blanks,3,President,
Boston,17,2,Total Votes Cast,606,President,
Boston,17,3,Biden/ Harris,1172,President,
Boston,17,3,Trump/ Pence,91,President,
Boston,17,3,Jorgensen/ Cohen,7,President,
Boston,17,3,Hawkins/ Walker,4,President,
Boston,17,3,All Others,11,President,
Boston,17,3,No Preference,0,President,
Boston,17,3,Blanks,7,President,
Boston,17,3,Total Votes Cast,1292,President,
Boston,17,4,Biden/ Harris,1317,President,
Boston,17,4,Trump/ Pence,183,President,
Boston,17,4,Jorgensen/ Cohen,11,President,
Boston,17,4,Hawkins/ Walker,5,President,
Boston,17,4,All Others,8,President,
Boston,17,4,No Preference,0,President,
Boston,17,4,Blanks,10,President,
Boston,17,4,Total Votes Cast,1534,President,
Boston,17,5,Biden/ Harris,552,President,
Boston,17,5,Trump/ Pence,31,President,
Boston,17,5,Jorgensen/ Cohen,1,President,
Boston,17,5,Hawkins/ Walker,4,President,
Boston,17,5,All Others,0,President,
Boston,17,5,No Preference,0,President,
Boston,17,5,Blanks,2,President,
Boston,17,5,Total Votes Cast,590,President,
Boston,17,6,Biden/ Harris,864,President,
Boston,17,6,Trump/ Pence,74,President,
Boston,17,6,Jorgensen/ Cohen,6,President,
Boston,17,6,Hawkins/ Walker,2,President,
Boston,17,6,All Others,3,President,
Boston,17,6,No Preference,0,President,
Boston,17,6,Blanks,1,President,
Boston,17,6,Total Votes Cast,950,President,
Boston,17,7,Biden/ Harris,467,President,
Boston,17,7,Trump/ Pence,27,President,
Boston,17,7,Jorgensen/ Cohen,0,President,
Boston,17,7,Hawkins/ Walker,0,President,
Boston,17,7,All Others,4,President,
Boston,17,7,No Preference,0,President,
Boston,17,7,Blanks,1,President,
Boston,17,7,Total Votes Cast,499,President,
Boston,17,8,Biden/ Harris,773,President,
Boston,17,8,Trump/ Pence,53,President,
Boston,17,8,Jorgensen/ Cohen,5,President,
Boston,17,8,Hawkins/ Walker,5,President,
Boston,17,8,All Others,1,President,
Boston,17,8,No Preference,0,President,
Boston,17,8,Blanks,3,President,
Boston,17,8,Total Votes Cast,840,President,
Boston,17,9,Biden/ Harris,657,President,
Boston,17,9,Trump/ Pence,49,President,
Boston,17,9,Jorgensen/ Cohen,6,President,
Boston,17,9,Hawkins/ Walker,4,President,
Boston,17,9,All Others,4,President,
Boston,17,9,No Preference,0,President,
Boston,17,9,Blanks,4,President,
Boston,17,9,Total Votes Cast,724,President,
Boston,18,1,Biden/ Harris,1305,President,
Boston,18,1,Trump/ Pence,81,President,
Boston,18,1,Jorgensen/ Cohen,2,President,
Boston,18,1,Hawkins/ Walker,6,President,
Boston,18,1,All Others,3,President,
Boston,18,1,No Preference,0,President,
Boston,18,1,Blanks,2,President,
Boston,18,1,Total Votes Cast,1399,President,
Boston,18,10,Biden/ Harris,1517,President,
Boston,18,10,Trump/ Pence,244,President,
Boston,18,10,Jorgensen/ Cohen,5,President,
Boston,18,10,Hawkins/ Walker,9,President,
Boston,18,10,All Others,14,President,
Boston,18,10,No Preference,0,President,
Boston,18,10,Blanks,14,President,
Boston,18,10,Total Votes Cast,1803,President,
Boston,18,11,Biden/ Harris,865,President,
Boston,18,11,Trump/ Pence,108,President,
Boston,18,11,Jorgensen/ Cohen,8,President,
Boston,18,11,Hawkins/ Walker,0,President,
Boston,18,11,All Others,10,President,
Boston,18,11,No Preference,0,President,
Boston,18,11,Blanks,12,President,
Boston,18,11,Total Votes Cast,1003,President,
Boston,18,12,Biden/ Harris,987,President,
Boston,18,12,Trump/ Pence,194,President,
Boston,18,12,Jorgensen/ Cohen,6,President,
Boston,18,12,Hawkins/ Walker,6,President,
Boston,18,12,All Others,3,President,
Boston,18,12,No Preference,0,President,
Boston,18,12,Blanks,1,President,
Boston,18,12,Total Votes Cast,1197,President,
Boston,18,13,Biden/ Harris,621,President,
Boston,18,13,Trump/ Pence,86,President,
Boston,18,13,Jorgensen/ Cohen,1,President,
Boston,18,13,Hawkins/ Walker,2,President,
Boston,18,13,All Others,2,President,
Boston,18,13,No Preference,0,President,
Boston,18,13,Blanks,3,President,
Boston,18,13,Total Votes Cast,715,President,
Boston,18,14,Biden/ Harris,671,President,
Boston,18,14,Trump/ Pence,83,President,
Boston,18,14,Jorgensen/ Cohen,9,President,
Boston,18,14,Hawkins/ Walker,5,President,
Boston,18,14,All Others,3,President,
Boston,18,14,No Preference,0,President,
Boston,18,14,Blanks,2,President,
Boston,18,14,Total Votes Cast,773,President,
Boston,18,15,Biden/ Harris,1068,President,
Boston,18,15,Trump/ Pence,84,President,
Boston,18,15,Jorgensen/ Cohen,4,President,
Boston,18,15,Hawkins/ Walker,2,President,
Boston,18,15,All Others,2,President,
Boston,18,15,No Preference,0,President,
Boston,18,15,Blanks,4,President,
Boston,18,15,Total Votes Cast,1164,President,
Boston,18,16,Biden/ Harris,982,President,
Boston,18,16,Trump/ Pence,334,President,
Boston,18,16,Jorgensen/ Cohen,10,President,
Boston,18,16,Hawkins/ Walker,8,President,
Boston,18,16,All Others,6,President,
Boston,18,16,No Preference,0,President,
Boston,18,16,Blanks,9,President,
Boston,18,16,Total Votes Cast,1349,President,
Boston,18,17,Biden/ Harris,983,President,
Boston,18,17,Trump/ Pence,200,President,
Boston,18,17,Jorgensen/ Cohen,10,President,
Boston,18,17,Hawkins/ Walker,5,President,
Boston,18,17,All Others,5,President,
Boston,18,17,No Preference,0,President,
Boston,18,17,Blanks,8,President,
Boston,18,17,Total Votes Cast,1211,President,
Boston,18,18,Biden/ Harris,1233,President,
Boston,18,18,Trump/ Pence,242,President,
Boston,18,18,Jorgensen/ Cohen,8,President,
Boston,18,18,Hawkins/ Walker,5,President,
Boston,18,18,All Others,8,President,
Boston,18,18,No Preference,0,President,
Boston,18,18,Blanks,6,President,
Boston,18,18,Total Votes Cast,1502,President,
Boston,18,19,Biden/ Harris,1671,President,
Boston,18,19,Trump/ Pence,301,President,
Boston,18,19,Jorgensen/ Cohen,8,President,
Boston,18,19,Hawkins/ Walker,8,President,
Boston,18,19,All Others,10,President,
Boston,18,19,No Preference,0,President,
Boston,18,19,Blanks,15,President,
Boston,18,19,Total Votes Cast,2013,President,
Boston,18,2,Biden/ Harris,984,President,
Boston,18,2,Trump/ Pence,37,President,
Boston,18,2,Jorgensen/ Cohen,1,President,
Boston,18,2,Hawkins/ Walker,7,President,
Boston,18,2,All Others,2,President,
Boston,18,2,No Preference,0,President,
Boston,18,2,Blanks,4,President,
Boston,18,2,Total Votes Cast,1035,President,
Boston,18,20,Biden/ Harris,1158,President,
Boston,18,20,Trump/ Pence,437,President,
Boston,18,20,Jorgensen/ Cohen,19,President,
Boston,18,20,Hawkins/ Walker,8,President,
Boston,18,20,All Others,6,President,
Boston,18,20,No Preference,0,President,
Boston,18,20,Blanks,8,President,
Boston,18,20,Total Votes Cast,1636,President,
Boston,18,21,Biden/ Harris,1311,President,
Boston,18,21,Trump/ Pence,59,President,
Boston,18,21,Jorgensen/ Cohen,4,President,
Boston,18,21,Hawkins/ Walker,6,President,
Boston,18,21,All Others,5,President,
Boston,18,21,No Preference,0,President,
Boston,18,21,Blanks,5,President,
Boston,18,21,Total Votes Cast,1390,President,
Boston,18,22,Biden/ Harris,1031,President,
Boston,18,22,Trump/ Pence,330,President,
Boston,18,22,Jorgensen/ Cohen,12,President,
Boston,18,22,Hawkins/ Walker,9,President,
Boston,18,22,All Others,8,President,
Boston,18,22,No Preference,0,President,
Boston,18,22,Blanks,9,President,
Boston,18,22,Total Votes Cast,1399,President,
Boston,18,23,Biden/ Harris,885,President,
Boston,18,23,Trump/ Pence,112,President,
Boston,18,23,Jorgensen/ Cohen,4,President,
Boston,18,23,Hawkins/ Walker,3,President,
Boston,18,23,All Others,4,President,
Boston,18,23,No Preference,0,President,
Boston,18,23,Blanks,7,President,
Boston,18,23,Total Votes Cast,1015,President,
Boston,18,3,Biden/ Harris,1119,President,
Boston,18,3,Trump/ Pence,35,President,
Boston,18,3,Jorgensen/ Cohen,0,President,
Boston,18,3,Hawkins/ Walker,2,President,
Boston,18,3,All Others,2,President,
Boston,18,3,No Preference,0,President,
Boston,18,3,Blanks,7,President,
Boston,18,3,Total Votes Cast,1165,President,
Boston,18,4,Biden/ Harris,1161,President,
Boston,18,4,Trump/ Pence,67,President,
Boston,18,4,Jorgensen/ Cohen,5,President,
Boston,18,4,Hawkins/ Walker,2,President,
Boston,18,4,All Others,1,President,
Boston,18,4,No Preference,0,President,
Boston,18,4,Blanks,3,President,
Boston,18,4,Total Votes Cast,1239,President,
Boston,18,5,Biden/ Harris,1203,President,
Boston,18,5,Trump/ Pence,57,President,
Boston,18,5,Jorgensen/ Cohen,5,President,
Boston,18,5,Hawkins/ Walker,5,President,
Boston,18,5,All Others,2,President,
Boston,18,5,No Preference,0,President,
Boston,18,5,Blanks,5,President,
Boston,18,5,Total Votes Cast,1277,President,
Boston,18,6,Biden/ Harris,1437,President,
Boston,18,6,Trump/ Pence,54,President,
Boston,18,6,Jorgensen/ Cohen,5,President,
Boston,18,6,Hawkins/ Walker,5,President,
Boston,18,6,All Others,3,President,
Boston,18,6,No Preference,0,President,
Boston,18,6,Blanks,7,President,
Boston,18,6,Total Votes Cast,1511,President,
Boston,18,7,Biden/ Harris,1029,President,
Boston,18,7,Trump/ Pence,136,President,
Boston,18,7,Jorgensen/ Cohen,7,President,
Boston,18,7,Hawkins/ Walker,2,President,
Boston,18,7,All Others,3,President,
Boston,18,7,No Preference,0,President,
Boston,18,7,Blanks,3,President,
Boston,18,7,Total Votes Cast,1180,President,
Boston,18,8,Biden/ Harris,1746,President,
Boston,18,8,Trump/ Pence,197,President,
Boston,18,8,Jorgensen/ Cohen,8,President,
Boston,18,8,Hawkins/ Walker,4,President,
Boston,18,8,All Others,2,President,
Boston,18,8,No Preference,0,President,
Boston,18,8,Blanks,8,President,
Boston,18,8,Total Votes Cast,1965,President,
Boston,18,9,Biden/ Harris,963,President,
Boston,18,9,Trump/ Pence,191,President,
Boston,18,9,Jorgensen/ Cohen,6,President,
Boston,18,9,Hawkins/ Walker,7,President,
Boston,18,9,All Others,7,President,
Boston,18,9,No Preference,0,President,
Boston,18,9,Blanks,4,President,
Boston,18,9,Total Votes Cast,1178,President,
Boston,19,1,Biden/ Harris,1036,President,
Boston,19,1,Trump/ Pence,40,President,
Boston,19,1,Jorgensen/ Cohen,12,President,
Boston,19,1,Hawkins/ Walker,10,President,
Boston,19,1,All Others,4,President,
Boston,19,1,No Preference,0,President,
Boston,19,1,Blanks,0,President,
Boston,19,1,Total Votes Cast,1102,President,
Boston,19,10,Biden/ Harris,1214,President,
Boston,19,10,Trump/ Pence,161,President,
Boston,19,10,Jorgensen/ Cohen,5,President,
Boston,19,10,Hawkins/ Walker,3,President,
Boston,19,10,All Others,4,President,
Boston,19,10,No Preference,0,President,
Boston,19,10,Blanks,8,President,
Boston,19,10,Total Votes Cast,1395,President,
Boston,19,11,Biden/ Harris,1033,President,
Boston,19,11,Trump/ Pence,112,President,
Boston,19,11,Jorgensen/ Cohen,9,President,
Boston,19,11,Hawkins/ Walker,5,President,
Boston,19,11,All Others,2,President,
Boston,19,11,No Preference,0,President,
Boston,19,11,Blanks,7,President,
Boston,19,11,Total Votes Cast,1168,President,
Boston,19,12,Biden/ Harris,864,President,
Boston,19,12,Trump/ Pence,110,President,
Boston,19,12,Jorgensen/ Cohen,2,President,
Boston,19,12,Hawkins/ Walker,4,President,
Boston,19,12,All Others,1,President,
Boston,19,12,No Preference,0,President,
Boston,19,12,Blanks,4,President,
Boston,19,12,Total Votes Cast,985,President,
Boston,19,13,Biden/ Harris,732,President,
Boston,19,13,Trump/ Pence,105,President,
Boston,19,13,Jorgensen/ Cohen,4,President,
Boston,19,13,Hawkins/ Walker,6,President,
Boston,19,13,All Others,5,President,
Boston,19,13,No Preference,0,President,
Boston,19,13,Blanks,2,President,
Boston,19,13,Total Votes Cast,854,President,
Boston,19,2,Biden/ Harris,1095,President,
Boston,19,2,Trump/ Pence,216,President,
Boston,19,2,Jorgensen/ Cohen,10,President,
Boston,19,2,Hawkins/ Walker,4,President,
Boston,19,2,All Others,17,President,
Boston,19,2,No Preference,0,President,
Boston,19,2,Blanks,13,President,
Boston,19,2,Total Votes Cast,1355,President,
Boston,19,3,Biden/ Harris,895,President,
Boston,19,3,Trump/ Pence,56,President,
Boston,19,3,Jorgensen/ Cohen,7,President,
Boston,19,3,Hawkins/ Walker,3,President,
Boston,19,3,All Others,6,President,
Boston,19,3,No Preference,0,President,
Boston,19,3,Blanks,1,President,
Boston,19,3,Total Votes Cast,968,President,
Boston,19,4,Biden/ Harris,1262,President,
Boston,19,4,Trump/ Pence,29,President,
Boston,19,4,Jorgensen/ Cohen,6,President,
Boston,19,4,Hawkins/ Walker,12,President,
Boston,19,4,All Others,6,President,
Boston,19,4,No Preference,0,President,
Boston,19,4,Blanks,5,President,
Boston,19,4,Total Votes Cast,1320,President,
Boston,19,5,Biden/ Harris,1007,President,
Boston,19,5,Trump/ Pence,76,President,
Boston,19,5,Jorgensen/ Cohen,6,President,
Boston,19,5,Hawkins/ Walker,8,President,
Boston,19,5,All Others,3,President,
Boston,19,5,No Preference,0,President,
Boston,19,5,Blanks,4,President,
Boston,19,5,Total Votes Cast,1104,President,
Boston,19,6,Biden/ Harris,1446,President,
Boston,19,6,Trump/ Pence,54,President,
Boston,19,6,Jorgensen/ Cohen,4,President,
Boston,19,6,Hawkins/ Walker,9,President,
Boston,19,6,All Others,5,President,
Boston,19,6,No Preference,0,President,
Boston,19,6,Blanks,5,President,
Boston,19,6,Total Votes Cast,1523,President,
Boston,19,7,Biden/ Harris,1375,President,
Boston,19,7,Trump/ Pence,94,President,
Boston,19,7,Jorgensen/ Cohen,11,President,
Boston,19,7,Hawkins/ Walker,13,President,
Boston,19,7,All Others,6,President,
Boston,19,7,No Preference,0,President,
Boston,19,7,Blanks,6,President,
Boston,19,7,Total Votes Cast,1505,President,
Boston,19,8,Biden/ Harris,692,President,
Boston,19,8,Trump/ Pence,36,President,
Boston,19,8,Jorgensen/ Cohen,6,President,
Boston,19,8,Hawkins/ Walker,2,President,
Boston,19,8,All Others,7,President,
Boston,19,8,No Preference,0,President,
Boston,19,8,Blanks,2,President,
Boston,19,8,Total Votes Cast,745,President,
Boston,19,9,Biden/ Harris,674,President,
Boston,19,9,Trump/ Pence,43,President,
Boston,19,9,Jorgensen/ Cohen,5,President,
Boston,19,9,Hawkins/ Walker,6,President,
Boston,19,9,All Others,5,President,
Boston,19,9,No Preference,0,President,
Boston,19,9,Blanks,1,President,
Boston,19,9,Total Votes Cast,734,President,
Boston,2,1,Biden/ Harris,1314,President,
Boston,2,1,Trump/ Pence,396,President,
Boston,2,1,Jorgensen/ Cohen,25,President,
Boston,2,1,Hawkins/ Walker,2,President,
Boston,2,1,All Others,10,President,
Boston,2,1,No Preference,0,President,
Boston,2,1,Blanks,8,President,
Boston,2,1,Total Votes Cast,1755,President,
Boston,2,2,Biden/ Harris,1722,President,
Boston,2,2,Trump/ Pence,434,President,
Boston,2,2,Jorgensen/ Cohen,17,President,
Boston,2,2,Hawkins/ Walker,8,President,
Boston,2,2,All Others,15,President,
Boston,2,2,No Preference,0,President,
Boston,2,2,Blanks,13,President,
Boston,2,2,Total Votes Cast,2209,President,
Boston,2,3,Biden/ Harris,1054,President,
Boston,2,3,Trump/ Pence,212,President,
Boston,2,3,Jorgensen/ Cohen,18,President,
Boston,2,3,Hawkins/ Walker,0,President,
Boston,2,3,All Others,13,President,
Boston,2,3,No Preference,0,President,
Boston,2,3,Blanks,9,President,
Boston,2,3,Total Votes Cast,1306,President,
Boston,2,4,Biden/ Harris,949,President,
Boston,2,4,Trump/ Pence,234,President,
Boston,2,4,Jorgensen/ Cohen,14,President,
Boston,2,4,Hawkins/ Walker,5,President,
Boston,2,4,All Others,8,President,
Boston,2,4,No Preference,0,President,
Boston,2,4,Blanks,10,President,
Boston,2,4,Total Votes Cast,1220,President,
Boston,2,5,Biden/ Harris,1054,President,
Boston,2,5,Trump/ Pence,286,President,
Boston,2,5,Jorgensen/ Cohen,14,President,
Boston,2,5,Hawkins/ Walker,8,President,
Boston,2,5,All Others,10,President,
Boston,2,5,No Preference,0,President,
Boston,2,5,Blanks,9,President,
Boston,2,5,Total Votes Cast,1381,President,
Boston,2,6,Biden/ Harris,1224,President,
Boston,2,6,Trump/ Pence,398,President,
Boston,2,6,Jorgensen/ Cohen,17,President,
Boston,2,6,Hawkins/ Walker,5,President,
Boston,2,6,All Others,11,President,
Boston,2,6,No Preference,0,President,
Boston,2,6,Blanks,20,President,
Boston,2,6,Total Votes Cast,1675,President,
Boston,2,7,Biden/ Harris,1190,President,
Boston,2,7,Trump/ Pence,314,President,
Boston,2,7,Jorgensen/ Cohen,27,President,
Boston,2,7,Hawkins/ Walker,3,President,
Boston,2,7,All Others,14,President,
Boston,2,7,No Preference,0,President,
Boston,2,7,Blanks,8,President,
Boston,2,7,Total Votes Cast,1556,President,
Boston,20,1,Biden/ Harris,1011,President,
Boston,20,1,Trump/ Pence,235,President,
Boston,20,1,Jorgensen/ Cohen,12,President,
Boston,20,1,Hawkins/ Walker,4,President,
Boston,20,1,All Others,9,President,
Boston,20,1,No Preference,0,President,
Boston,20,1,Blanks,9,President,
Boston,20,1,Total Votes Cast,1280,President,
Boston,20,10,Biden/ Harris,1118,President,
Boston,20,10,Trump/ Pence,487,President,
Boston,20,10,Jorgensen/ Cohen,18,President,
Boston,20,10,Hawkins/ Walker,5,President,
Boston,20,10,All Others,11,President,
Boston,20,10,No Preference,0,President,
Boston,20,10,Blanks,12,President,
Boston,20,10,Total Votes Cast,1651,President,
Boston,20,11,Biden/ Harris,560,President,
Boston,20,11,Trump/ Pence,173,President,
Boston,20,11,Jorgensen/ Cohen,5,President,
Boston,20,11,Hawkins/ Walker,7,President,
Boston,20,11,All Others,4,President,
Boston,20,11,No Preference,0,President,
Boston,20,11,Blanks,1,President,
Boston,20,11,Total Votes Cast,750,President,
Boston,20,12,Biden/ Harris,668,President,
Boston,20,12,Trump/ Pence,250,President,
Boston,20,12,Jorgensen/ Cohen,12,President,
Boston,20,12,Hawkins/ Walker,3,President,
Boston,20,12,All Others,11,President,
Boston,20,12,No Preference,0,President,
Boston,20,12,Blanks,3,President,
Boston,20,12,Total Votes Cast,947,President,
Boston,20,13,Biden/ Harris,581,President,
Boston,20,13,Trump/ Pence,260,President,
Boston,20,13,Jorgensen/ Cohen,8,President,
Boston,20,13,Hawkins/ Walker,1,President,
Boston,20,13,All Others,4,President,
Boston,20,13,No Preference,0,President,
Boston,20,13,Blanks,3,President,
Boston,20,13,Total Votes Cast,857,President,
Boston,20,14,Biden/ Harris,593,President,
Boston,20,14,Trump/ Pence,233,President,
Boston,20,14,Jorgensen/ Cohen,15,President,
Boston,20,14,Hawkins/ Walker,5,President,
Boston,20,14,All Others,7,President,
Boston,20,14,No Preference,0,President,
Boston,20,14,Blanks,8,President,
Boston,20,14,Total Votes Cast,861,President,
Boston,20,15,Biden/ Harris,975,President,
Boston,20,15,Trump/ Pence,495,President,
Boston,20,15,Jorgensen/ Cohen,11,President,
Boston,20,15,Hawkins/ Walker,5,President,
Boston,20,15,All Others,4,President,
Boston,20,15,No Preference,0,President,
Boston,20,15,Blanks,9,President,
Boston,20,15,Total Votes Cast,1499,President,
Boston,20,16,Biden/ Harris,962,President,
Boston,20,16,Trump/ Pence,551,President,
Boston,20,16,Jorgensen/ Cohen,27,President,
Boston,20,16,Hawkins/ Walker,7,President,
Boston,20,16,All Others,12,President,
Boston,20,16,No Preference,0,President,
Boston,20,16,Blanks,14,President,
Boston,20,16,Total Votes Cast,1573,President,
Boston,20,17,Biden/ Harris,1167,President,
Boston,20,17,Trump/ Pence,536,President,
Boston,20,17,Jorgensen/ Cohen,19,President,
Boston,20,17,Hawkins/ Walker,5,President,
Boston,20,17,All Others,5,President,
Boston,20,17,No Preference,0,President,
Boston,20,17,Blanks,11,President,
Boston,20,17,Total Votes Cast,1743,President,
Boston,20,18,Biden/ Harris,640,President,
Boston,20,18,Trump/ Pence,198,President,
Boston,20,18,Jorgensen/ Cohen,7,President,
Boston,20,18,Hawkins/ Walker,4,President,
Boston,20,18,All Others,6,President,
Boston,20,18,No Preference,0,President,
Boston,20,18,Blanks,2,President,
Boston,20,18,Total Votes Cast,857,President,
Boston,20,19,Biden/ Harris,642,President,
Boston,20,19,Trump/ Pence,257,President,
Boston,20,19,Jorgensen/ Cohen,13,President,
Boston,20,19,Hawkins/ Walker,4,President,
Boston,20,19,All Others,4,President,
Boston,20,19,No Preference,0,President,
Boston,20,19,Blanks,5,President,
Boston,20,19,Total Votes Cast,925,President,
Boston,20,2,Biden/ Harris,1113,President,
Boston,20,2,Trump/ Pence,208,President,
Boston,20,2,Jorgensen/ Cohen,8,President,
Boston,20,2,Hawkins/ Walker,9,President,
Boston,20,2,All Others,5,President,
Boston,20,2,No Preference,0,President,
Boston,20,2,Blanks,4,President,
Boston,20,2,Total Votes Cast,1347,President,
Boston,20,20,Biden/ Harris,1079,President,
Boston,20,20,Trump/ Pence,381,President,
Boston,20,20,Jorgensen/ Cohen,8,President,
Boston,20,20,Hawkins/ Walker,7,President,
Boston,20,20,All Others,7,President,
Boston,20,20,No Preference,0,President,
Boston,20,20,Blanks,7,President,
Boston,20,20,Total Votes Cast,1489,President,
Boston,20,3,Biden/ Harris,926,President,
Boston,20,3,Trump/ Pence,382,President,
Boston,20,3,Jorgensen/ Cohen,13,President,
Boston,20,3,Hawkins/ Walker,13,President,
Boston,20,3,All Others,5,President,
Boston,20,3,No Preference,0,President,
Boston,20,3,Blanks,2,President,
Boston,20,3,Total Votes Cast,1341,President,
Boston,20,4,Biden/ Harris,991,President,
Boston,20,4,Trump/ Pence,116,President,
Boston,20,4,Jorgensen/ Cohen,4,President,
Boston,20,4,Hawkins/ Walker,9,President,
Boston,20,4,All Others,3,President,
Boston,20,4,No Preference,0,President,
Boston,20,4,Blanks,2,President,
Boston,20,4,Total Votes Cast,1125,President,
Boston,20,5,Biden/ Harris,927,President,
Boston,20,5,Trump/ Pence,401,President,
Boston,20,5,Jorgensen/ Cohen,8,President,
Boston,20,5,Hawkins/ Walker,3,President,
Boston,20,5,All Others,5,President,
Boston,20,5,No Preference,0,President,
Boston,20,5,Blanks,11,President,
Boston,20,5,Total Votes Cast,1355,President,
Boston,20,6,Biden/ Harris,1056,President,
Boston,20,6,Trump/ Pence,342,President,
Boston,20,6,Jorgensen/ Cohen,20,President,
Boston,20,6,Hawkins/ Walker,10,President,
Boston,20,6,All Others,9,President,
Boston,20,6,No Preference,0,President,
Boston,20,6,Blanks,12,President,
Boston,20,6,Total Votes Cast,1449,President,
Boston,20,7,Biden/ Harris,678,President,
Boston,20,7,Trump/ Pence,185,President,
Boston,20,7,Jorgensen/ Cohen,14,President,
Boston,20,7,Hawkins/ Walker,7,President,
Boston,20,7,All Others,6,President,
Boston,20,7,No Preference,0,President,
Boston,20,7,Blanks,4,President,
Boston,20,7,Total Votes Cast,894,President,
Boston,20,8,Biden/ Harris,801,President,
Boston,20,8,Trump/ Pence,187,President,
Boston,20,8,Jorgensen/ Cohen,9,President,
Boston,20,8,Hawkins/ Walker,6,President,
Boston,20,8,All Others,3,President,
Boston,20,8,No Preference,0,President,
Boston,20,8,Blanks,0,President,
Boston,20,8,Total Votes Cast,1006,President,
Boston,20,9,Biden/ Harris,865,President,
Boston,20,9,Trump/ Pence,227,President,
Boston,20,9,Jorgensen/ Cohen,3,President,
Boston,20,9,Hawkins/ Walker,9,President,
Boston,20,9,All Others,5,President,
Boston,20,9,No Preference,0,President,
Boston,20,9,Blanks,6,President,
Boston,20,9,Total Votes Cast,1115,President,
Boston,21,1,Biden/ Harris,1248,President,
Boston,21,1,Trump/ Pence,93,President,
Boston,21,1,Jorgensen/ Cohen,12,President,
Boston,21,1,Hawkins/ Walker,7,President,
Boston,21,1,All Others,8,President,
Boston,21,1,No Preference,0,President,
Boston,21,1,Blanks,3,President,
Boston,21,1,Total Votes Cast,1371,President,
Boston,21,10,Biden/ Harris,839,President,
Boston,21,10,Trump/ Pence,135,President,
Boston,21,10,Jorgensen/ Cohen,5,President,
Boston,21,10,Hawkins/ Walker,8,President,
Boston,21,10,All Others,5,President,
Boston,21,10,No Preference,0,President,
Boston,21,10,Blanks,6,President,
Boston,21,10,Total Votes Cast,998,President,
Boston,21,11,Biden/ Harris,1153,President,
Boston,21,11,Trump/ Pence,123,President,
Boston,21,11,Jorgensen/ Cohen,13,President,
Boston,21,11,Hawkins/ Walker,6,President,
Boston,21,11,All Others,14,President,
Boston,21,11,No Preference,0,President,
Boston,21,11,Blanks,4,President,
Boston,21,11,Total Votes Cast,1313,President,
Boston,21,12,Biden/ Harris,923,President,
Boston,21,12,Trump/ Pence,203,President,
Boston,21,12,Jorgensen/ Cohen,11,President,
Boston,21,12,Hawkins/ Walker,13,President,
Boston,21,12,All Others,15,President,
Boston,21,12,No Preference,0,President,
Boston,21,12,Blanks,4,President,
Boston,21,12,Total Votes Cast,1169,President,
Boston,21,13,Biden/ Harris,1108,President,
Boston,21,13,Trump/ Pence,399,President,
Boston,21,13,Jorgensen/ Cohen,15,President,
Boston,21,13,Hawkins/ Walker,10,President,
Boston,21,13,All Others,13,President,
Boston,21,13,No Preference,0,President,
Boston,21,13,Blanks,8,President,
Boston,21,13,Total Votes Cast,1553,President,
Boston,21,14,Biden/ Harris,681,President,
Boston,21,14,Trump/ Pence,73,President,
Boston,21,14,Jorgensen/ Cohen,7,President,
Boston,21,14,Hawkins/ Walker,10,President,
Boston,21,14,All Others,5,President,
Boston,21,14,No Preference,0,President,
Boston,21,14,Blanks,4,President,
Boston,21,14,Total Votes Cast,780,President,
Boston,21,15,Biden/ Harris,828,President,
Boston,21,15,Trump/ Pence,73,President,
Boston,21,15,Jorgensen/ Cohen,9,President,
Boston,21,15,Hawkins/ Walker,14,President,
Boston,21,15,All Others,7,President,
Boston,21,15,No Preference,0,President,
Boston,21,15,Blanks,3,President,
Boston,21,15,Total Votes Cast,934,President,
Boston,21,16,Biden/ Harris,1013,President,
Boston,21,16,Trump/ Pence,198,President,
Boston,21,16,Jorgensen/ Cohen,16,President,
Boston,21,16,Hawkins/ Walker,12,President,
Boston,21,16,All Others,13,President,
Boston,21,16,No Preference,0,President,
Boston,21,16,Blanks,4,President,
Boston,21,16,Total Votes Cast,1256,President,
Boston,21,2,Biden/ Harris,297,President,
Boston,21,2,Trump/ Pence,24,President,
Boston,21,2,Jorgensen/ Cohen,0,President,
Boston,21,2,Hawkins/ Walker,3,President,
Boston,21,2,All Others,3,President,
Boston,21,2,No Preference,0,President,
Boston,21,2,Blanks,3,President,
Boston,21,2,Total Votes Cast,330,President,
Boston,21,3,Biden/ Harris,720,President,
Boston,21,3,Trump/ Pence,67,President,
Boston,21,3,Jorgensen/ Cohen,15,President,
Boston,21,3,Hawkins/ Walker,14,President,
Boston,21,3,All Others,2,President,
Boston,21,3,No Preference,0,President,
Boston,21,3,Blanks,2,President,
Boston,21,3,Total Votes Cast,820,President,
Boston,21,4,Biden/ Harris,636,President,
Boston,21,4,Trump/ Pence,50,President,
Boston,21,4,Jorgensen/ Cohen,9,President,
Boston,21,4,Hawkins/ Walker,12,President,
Boston,21,4,All Others,8,President,
Boston,21,4,No Preference,0,President,
Boston,21,4,Blanks,4,President,
Boston,21,4,Total Votes Cast,719,President,
Boston,21,5,Biden/ Harris,946,President,
Boston,21,5,Trump/ Pence,78,President,
Boston,21,5,Jorgensen/ Cohen,8,President,
Boston,21,5,Hawkins/ Walker,16,President,
Boston,21,5,All Others,4,President,
Boston,21,5,No Preference,0,President,
Boston,21,5,Blanks,6,President,
Boston,21,5,Total Votes Cast,1058,President,
Boston,21,6,Biden/ Harris,715,President,
Boston,21,6,Trump/ Pence,73,President,
Boston,21,6,Jorgensen/ Cohen,6,President,
Boston,21,6,Hawkins/ Walker,13,President,
Boston,21,6,All Others,6,President,
Boston,21,6,No Preference,0,President,
Boston,21,6,Blanks,0,President,
Boston,21,6,Total Votes Cast,813,President,
Boston,21,7,Biden/ Harris,930,President,
Boston,21,7,Trump/ Pence,109,President,
Boston,21,7,Jorgensen/ Cohen,11,President,
Boston,21,7,Hawkins/ Walker,10,President,
Boston,21,7,All Others,7,President,
Boston,21,7,No Preference,0,President,
Boston,21,7,Blanks,4,President,
Boston,21,7,Total Votes Cast,1071,President,
Boston,21,8,Biden/ Harris,1180,President,
Boston,21,8,Trump/ Pence,94,President,
Boston,21,8,Jorgensen/ Cohen,11,President,
Boston,21,8,Hawkins/ Walker,11,President,
Boston,21,8,All Others,16,President,
Boston,21,8,No Preference,0,President,
Boston,21,8,Blanks,10,President,
Boston,21,8,Total Votes Cast,1322,President,
Boston,21,9,Biden/ Harris,1158,President,
Boston,21,9,Trump/ Pence,148,President,
Boston,21,9,Jorgensen/ Cohen,11,President,
Boston,21,9,Hawkins/ Walker,13,President,
Boston,21,9,All Others,7,President,
Boston,21,9,No Preference,0,President,
Boston,21,9,Blanks,8,President,
Boston,21,9,Total Votes Cast,1345,President,
Boston,22,1,Biden/ Harris,1277,President,
Boston,22,1,Trump/ Pence,165,President,
Boston,22,1,Jorgensen/ Cohen,27,President,
Boston,22,1,Hawkins/ Walker,15,President,
Boston,22,1,All Others,8,President,
Boston,22,1,No Preference,0,President,
Boston,22,1,Blanks,6,President,
Boston,22,1,Total Votes Cast,1498,President,
Boston,22,10,Biden/ Harris,991,President,
Boston,22,10,Trump/ Pence,169,President,
Boston,22,10,Jorgensen/ Cohen,14,President,
Boston,22,10,Hawkins/ Walker,8,President,
Boston,22,10,All Others,10,President,
Boston,22,10,No Preference,0,President,
Boston,22,10,Blanks,8,President,
Boston,22,10,Total Votes Cast,1200,President,
Boston,22,11,Biden/ Harris,703,President,
Boston,22,11,Trump/ Pence,158,President,
Boston,22,11,Jorgensen/ Cohen,8,President,
Boston,22,11,Hawkins/ Walker,8,President,
Boston,22,11,All Others,7,President,
Boston,22,11,No Preference,0,President,
Boston,22,11,Blanks,6,President,
Boston,22,11,Total Votes Cast,890,President,
Boston,22,12,Biden/ Harris,676,President,
Boston,22,12,Trump/ Pence,150,President,
Boston,22,12,Jorgensen/ Cohen,4,President,
Boston,22,12,Hawkins/ Walker,5,President,
Boston,22,12,All Others,6,President,
Boston,22,12,No Preference,0,President,
Boston,22,12,Blanks,6,President,
Boston,22,12,Total Votes Cast,847,President,
Boston,22,13,Biden/ Harris,612,President,
Boston,22,13,Trump/ Pence,111,President,
Boston,22,13,Jorgensen/ Cohen,8,President,
Boston,22,13,Hawkins/ Walker,6,President,
Boston,22,13,All Others,7,President,
Boston,22,13,No Preference,0,President,
Boston,22,13,Blanks,3,President,
Boston,22,13,Total Votes Cast,747,President,
Boston,22,2,Biden/ Harris,1469,President,
Boston,22,2,Trump/ Pence,205,President,
Boston,22,2,Jorgensen/ Cohen,14,President,
Boston,22,2,Hawkins/ Walker,13,President,
Boston,22,2,All Others,15,President,
Boston,22,2,No Preference,0,President,
Boston,22,2,Blanks,9,President,
Boston,22,2,Total Votes Cast,1725,President,
Boston,22,3,Biden/ Harris,1172,President,
Boston,22,3,Trump/ Pence,258,President,
Boston,22,3,Jorgensen/ Cohen,18,President,
Boston,22,3,Hawkins/ Walker,13,President,
Boston,22,3,All Others,14,President,
Boston,22,3,No Preference,0,President,
Boston,22,3,Blanks,5,President,
Boston,22,3,Total Votes Cast,1480,President,
Boston,22,4,Biden/ Harris,913,President,
Boston,22,4,Trump/ Pence,159,President,
Boston,22,4,Jorgensen/ Cohen,20,President,
Boston,22,4,Hawkins/ Walker,9,President,
Boston,22,4,All Others,5,President,
Boston,22,4,No Preference,0,President,
Boston,22,4,Blanks,6,President,
Boston,22,4,Total Votes Cast,1112,President,
Boston,22,5,Biden/ Harris,775,President,
Boston,22,5,Trump/ Pence,136,President,
Boston,22,5,Jorgensen/ Cohen,15,President,
Boston,22,5,Hawkins/ Walker,4,President,
Boston,22,5,All Others,2,President,
Boston,22,5,No Preference,0,President,
Boston,22,5,Blanks,3,President,
Boston,22,5,Total Votes Cast,935,President,
Boston,22,6,Biden/ Harris,747,President,
Boston,22,6,Trump/ Pence,130,President,
Boston,22,6,Jorgensen/ Cohen,8,President,
Boston,22,6,Hawkins/ Walker,15,President,
Boston,22,6,All Others,4,President,
Boston,22,6,No Preference,0,President,
Boston,22,6,Blanks,3,President,
Boston,22,6,Total Votes Cast,907,President,
Boston,22,7,Biden/ Harris,1051,President,
Boston,22,7,Trump/ Pence,151,President,
Boston,22,7,Jorgensen/ Cohen,17,President,
Boston,22,7,Hawkins/ Walker,12,President,
Boston,22,7,All Others,8,President,
Boston,22,7,No Preference,0,President,
Boston,22,7,Blanks,4,President,
Boston,22,7,Total Votes Cast,1243,President,
Boston,22,8,Biden/ Harris,713,President,
Boston,22,8,Trump/ Pence,192,President,
Boston,22,8,Jorgensen/ Cohen,19,President,
Boston,22,8,Hawkins/ Walker,3,President,
Boston,22,8,All Others,4,President,
Boston,22,8,No Preference,0,President,
Boston,22,8,Blanks,9,President,
Boston,22,8,Total Votes Cast,940,President,
Boston,22,9,Biden/ Harris,797,President,
Boston,22,9,Trump/ Pence,219,President,
Boston,22,9,Jorgensen/ Cohen,14,President,
Boston,22,9,Hawkins/ Walker,14,President,
Boston,22,9,All Others,8,President,
Boston,22,9,No Preference,0,President,
Boston,22,9,Blanks,5,President,
Boston,22,9,Total Votes Cast,1057,President,
Boston,3,1,Biden/ Harris,1784,President,
Boston,3,1,Trump/ Pence,587,President,
Boston,3,1,Jorgensen/ Cohen,25,President,
Boston,3,1,Hawkins/ Walker,9,President,
Boston,3,1,All Others,19,President,
Boston,3,1,No Preference,0,President,
Boston,3,1,Blanks,13,President,
Boston,3,1,Total Votes Cast,2437,President,
Boston,3,2,Biden/ Harris,931,President,
Boston,3,2,Trump/ Pence,290,President,
Boston,3,2,Jorgensen/ Cohen,18,President,
Boston,3,2,Hawkins/ Walker,3,President,
Boston,3,2,All Others,7,President,
Boston,3,2,No Preference,0,President,
Boston,3,2,Blanks,6,President,
Boston,3,2,Total Votes Cast,1255,President,
Boston,3,3,Biden/ Harris,1055,President,
Boston,3,3,Trump/ Pence,279,President,
Boston,3,3,Jorgensen/ Cohen,14,President,
Boston,3,3,Hawkins/ Walker,6,President,
Boston,3,3,All Others,5,President,
Boston,3,3,No Preference,0,President,
Boston,3,3,Blanks,5,President,
Boston,3,3,Total Votes Cast,1364,President,
Boston,3,4,Biden/ Harris,1208,President,
Boston,3,4,Trump/ Pence,356,President,
Boston,3,4,Jorgensen/ Cohen,20,President,
Boston,3,4,Hawkins/ Walker,9,President,
Boston,3,4,All Others,8,President,
Boston,3,4,No Preference,0,President,
Boston,3,4,Blanks,8,President,
Boston,3,4,Total Votes Cast,1609,President,
Boston,3,5,Biden/ Harris,2267,President,
Boston,3,5,Trump/ Pence,454,President,
Boston,3,5,Jorgensen/ Cohen,28,President,
Boston,3,5,Hawkins/ Walker,13,President,
Boston,3,5,All Others,24,President,
Boston,3,5,No Preference,0,President,
Boston,3,5,Blanks,16,President,
Boston,3,5,Total Votes Cast,2802,President,
Boston,3,6,Biden/ Harris,2718,President,
Boston,3,6,Trump/ Pence,634,President,
Boston,3,6,Jorgensen/ Cohen,47,President,
Boston,3,6,Hawkins/ Walker,11,President,
Boston,3,6,All Others,29,President,
Boston,3,6,No Preference,0,President,
Boston,3,6,Blanks,28,President,
Boston,3,6,Total Votes Cast,3467,President,
Boston,3,7,Biden/ Harris,2545,President,
Boston,3,7,Trump/ Pence,225,President,
Boston,3,7,Jorgensen/ Cohen,26,President,
Boston,3,7,Hawkins/ Walker,6,President,
Boston,3,7,All Others,16,President,
Boston,3,7,No Preference,0,President,
Boston,3,7,Blanks,9,President,
Boston,3,7,Total Votes Cast,2827,President,
Boston,3,8,Biden/ Harris,3506,President,
Boston,3,8,Trump/ Pence,614,President,
Boston,3,8,Jorgensen/ Cohen,34,President,
Boston,3,8,Hawkins/ Walker,16,President,
Boston,3,8,All Others,20,President,
Boston,3,8,No Preference,0,President,
Boston,3,8,Blanks,44,President,
Boston,3,8,Total Votes Cast,4234,President,
Boston,4,1,Biden/ Harris,1327,President,
Boston,4,1,Trump/ Pence,148,President,
Boston,4,1,Jorgensen/ Cohen,22,President,
Boston,4,1,Hawkins/ Walker,3,President,
Boston,4,1,All Others,5,President,
Boston,4,1,No Preference,0,President,
Boston,4,1,Blanks,10,President,
Boston,4,1,Total Votes Cast,1515,President,
Boston,4,10,Biden/ Harris,205,President,
Boston,4,10,Trump/ Pence,15,President,
Boston,4,10,Jorgensen/ Cohen,0,President,
Boston,4,10,Hawkins/ Walker,1,President,
Boston,4,10,All Others,0,President,
Boston,4,10,No Preference,0,President,
Boston,4,10,Blanks,1,President,
Boston,4,10,Total Votes Cast,222,President,
Boston,4,2,Biden/ Harris,1954,President,
Boston,4,2,Trump/ Pence,319,President,
Boston,4,2,Jorgensen/ Cohen,21,President,
Boston,4,2,Hawkins/ Walker,9,President,
Boston,4,2,All Others,12,President,
Boston,4,2,No Preference,0,President,
Boston,4,2,Blanks,13,President,
Boston,4,2,Total Votes Cast,2328,President,
Boston,4,3,Biden/ Harris,952,President,
Boston,4,3,Trump/ Pence,85,President,
Boston,4,3,Jorgensen/ Cohen,11,President,
Boston,4,3,Hawkins/ Walker,1,President,
Boston,4,3,All Others,6,President,
Boston,4,3,No Preference,0,President,
Boston,4,3,Blanks,3,President,
Boston,4,3,Total Votes Cast,1058,President,
Boston,4,4,Biden/ Harris,1273,President,
Boston,4,4,Trump/ Pence,110,President,
Boston,4,4,Jorgensen/ Cohen,24,President,
Boston,4,4,Hawkins/ Walker,4,President,
Boston,4,4,All Others,6,President,
Boston,4,4,No Preference,0,President,
Boston,4,4,Blanks,8,President,
Boston,4,4,Total Votes Cast,1425,President,
Boston,4,5,Biden/ Harris,866,President,
Boston,4,5,Trump/ Pence,110,President,
Boston,4,5,Jorgensen/ Cohen,6,President,
Boston,4,5,Hawkins/ Walker,2,President,
Boston,4,5,All Others,6,President,
Boston,4,5,No Preference,0,President,
Boston,4,5,Blanks,6,President,
Boston,4,5,Total Votes Cast,996,President,
Boston,4,6,Biden/ Harris,746,President,
Boston,4,6,Trump/ Pence,124,President,
Boston,4,6,Jorgensen/ Cohen,9,President,
Boston,4,6,Hawkins/ Walker,3,President,
Boston,4,6,All Others,3,President,
Boston,4,6,No Preference,0,President,
Boston,4,6,Blanks,2,President,
Boston,4,6,Total Votes Cast,887,President,
Boston,4,7,Biden/ Harris,779,President,
Boston,4,7,Trump/ Pence,79,President,
Boston,4,7,Jorgensen/ Cohen,4,President,
Boston,4,7,Hawkins/ Walker,3,President,
Boston,4,7,All Others,8,President,
Boston,4,7,No Preference,0,President,
Boston,4,7,Blanks,4,President,
Boston,4,7,Total Votes Cast,877,President,
Boston,4,8,Biden/ Harris,601,President,
Boston,4,8,Trump/ Pence,117,President,
Boston,4,8,Jorgensen/ Cohen,6,President,
Boston,4,8,Hawkins/ Walker,12,President,
Boston,4,8,All Others,6,President,
Boston,4,8,No Preference,0,President,
Boston,4,8,Blanks,4,President,
Boston,4,8,Total Votes Cast,746,President,
Boston,4,9,Biden/ Harris,394,President,
Boston,4,9,Trump/ Pence,38,President,
Boston,4,9,Jorgensen/ Cohen,2,President,
Boston,4,9,Hawkins/ Walker,1,President,
Boston,4,9,All Others,0,President,
Boston,4,9,No Preference,0,President,
Boston,4,9,Blanks,1,President,
Boston,4,9,Total Votes Cast,436,President,
Boston,5,1,Biden/ Harris,2633,President,
Boston,5,1,Trump/ Pence,372,President,
Boston,5,1,Jorgensen/ Cohen,36,President,
Boston,5,1,Hawkins/ Walker,10,President,
Boston,5,1,All Others,20,President,
Boston,5,1,No Preference,0,President,
Boston,5,1,Blanks,28,President,
Boston,5,1,Total Votes Cast,3099,President,
Boston,5,10,Biden/ Harris,956,President,
Boston,5,10,Trump/ Pence,161,President,
Boston,5,10,Jorgensen/ Cohen,15,President,
Boston,5,10,Hawkins/ Walker,9,President,
Boston,5,10,All Others,14,President,
Boston,5,10,No Preference,0,President,
Boston,5,10,Blanks,5,President,
Boston,5,10,Total Votes Cast,1160,President,
Boston,5,11,Biden/ Harris,778,President,
Boston,5,11,Trump/ Pence,114,President,
Boston,5,11,Jorgensen/ Cohen,11,President,
Boston,5,11,Hawkins/ Walker,1,President,
Boston,5,11,All Others,11,President,
Boston,5,11,No Preference,0,President,
Boston,5,11,Blanks,5,President,
Boston,5,11,Total Votes Cast,920,President,
Boston,5,2,Biden/ Harris,972,President,
Boston,5,2,Trump/ Pence,92,President,
Boston,5,2,Jorgensen/ Cohen,5,President,
Boston,5,2,Hawkins/ Walker,7,President,
Boston,5,2,All Others,2,President,
Boston,5,2,No Preference,0,President,
Boston,5,2,Blanks,2,President,
Boston,5,2,Total Votes Cast,1080,President,
Boston,5,2A,Biden/ Harris,653,President,
Boston,5,2A,Trump/ Pence,83,President,
Boston,5,2A,Jorgensen/ Cohen,10,President,
Boston,5,2A,Hawkins/ Walker,7,President,
Boston,5,2A,All Others,3,President,
Boston,5,2A,No Preference,0,President,
Boston,5,2A,Blanks,3,President,
Boston,5,2A,Total Votes Cast,759,President,
Boston,5,3,Biden/ Harris,1165,President,
Boston,5,3,Trump/ Pence,164,President,
Boston,5,3,Jorgensen/ Cohen,19,President,
Boston,5,3,Hawkins/ Walker,7,President,
Boston,5,3,All Others,17,President,
Boston,5,3,No Preference,0,President,
Boston,5,3,Blanks,11,President,
Boston,5,3,Total Votes Cast,1383,President,
Boston,5,4,Biden/ Harris,1447,President,
Boston,5,4,Trump/ Pence,175,President,
Boston,5,4,Jorgensen/ Cohen,21,President,
Boston,5,4,Hawkins/ Walker,6,President,
Boston,5,4,All Others,11,President,
Boston,5,4,No Preference,0,President,
Boston,5,4,Blanks,7,President,
Boston,5,4,Total Votes Cast,1667,President,
Boston,5,5,Biden/ Harris,455,President,
Boston,5,5,Trump/ Pence,77,President,
Boston,5,5,Jorgensen/ Cohen,1,President,
Boston,5,5,Hawkins/ Walker,0,President,
Boston,5,5,All Others,7,President,
Boston,5,5,No Preference,0,President,
Boston,5,5,Blanks,3,President,
Boston,5,5,Total Votes Cast,543,President,
Boston,5,6,Biden/ Harris,1121,President,
Boston,5,6,Trump/ Pence,207,President,
Boston,5,6,Jorgensen/ Cohen,27,President,
Boston,5,6,Hawkins/ Walker,8,President,
Boston,5,6,All Others,12,President,
Boston,5,6,No Preference,0,President,
Boston,5,6,Blanks,6,President,
Boston,5,6,Total Votes Cast,1381,President,
Boston,5,7,Biden/ Harris,1401,President,
Boston,5,7,Trump/ Pence,246,President,
Boston,5,7,Jorgensen/ Cohen,20,President,
Boston,5,7,Hawkins/ Walker,9,President,
Boston,5,7,All Others,15,President,
Boston,5,7,No Preference,0,President,
Boston,5,7,Blanks,14,President,
Boston,5,7,Total Votes Cast,1705,President,
Boston,5,8,Biden/ Harris,1266,President,
Boston,5,8,Trump/ Pence,241,President,
Boston,5,8,Jorgensen/ Cohen,22,President,
Boston,5,8,Hawkins/ Walker,6,President,
Boston,5,8,All Others,14,President,
Boston,5,8,No Preference,0,President,
Boston,5,8,Blanks,8,President,
Boston,5,8,Total Votes Cast,1557,President,
Boston,5,9,Biden/ Harris,1722,President,
Boston,5,9,Trump/ Pence,282,President,
Boston,5,9,Jorgensen/ Cohen,21,President,
Boston,5,9,Hawkins/ Walker,9,President,
Boston,5,9,All Others,13,President,
Boston,5,9,No Preference,0,President,
Boston,5,9,Blanks,11,President,
Boston,5,9,Total Votes Cast,2058,President,
Boston,6,1,Biden/ Harris,4057,President,
Boston,6,1,Trump/ Pence,1016,President,
Boston,6,1,Jorgensen/ Cohen,72,President,
Boston,6,1,Hawkins/ Walker,19,President,
Boston,6,1,All Others,29,President,
Boston,6,1,No Preference,0,President,
Boston,6,1,Blanks,30,President,
Boston,6,1,Total Votes Cast,5223,President,
Boston,6,2,Biden/ Harris,795,President,
Boston,6,2,Trump/ Pence,239,President,
Boston,6,2,Jorgensen/ Cohen,21,President,
Boston,6,2,Hawkins/ Walker,4,President,
Boston,6,2,All Others,9,President,
Boston,6,2,No Preference,0,President,
Boston,6,2,Blanks,4,President,
Boston,6,2,Total Votes Cast,1072,President,
Boston,6,3,Biden/ Harris,1177,President,
Boston,6,3,Trump/ Pence,378,President,
Boston,6,3,Jorgensen/ Cohen,20,President,
Boston,6,3,Hawkins/ Walker,3,President,
Boston,6,3,All Others,8,President,
Boston,6,3,No Preference,0,President,
Boston,6,3,Blanks,9,President,
Boston,6,3,Total Votes Cast,1595,President,
Boston,6,4,Biden/ Harris,1078,President,
Boston,6,4,Trump/ Pence,399,President,
Boston,6,4,Jorgensen/ Cohen,20,President,
Boston,6,4,Hawkins/ Walker,7,President,
Boston,6,4,All Others,11,President,
Boston,6,4,No Preference,0,President,
Boston,6,4,Blanks,6,President,
Boston,6,4,Total Votes Cast,1521,President,
Boston,6,5,Biden/ Harris,1121,President,
Boston,6,5,Trump/ Pence,388,President,
Boston,6,5,Jorgensen/ Cohen,22,President,
Boston,6,5,Hawkins/ Walker,7,President,
Boston,6,5,All Others,8,President,
Boston,6,5,No Preference,0,President,
Boston,6,5,Blanks,10,President,
Boston,6,5,Total Votes Cast,1556,President,
Boston,6,6,Biden/ Harris,820,President,
Boston,6,6,Trump/ Pence,411,President,
Boston,6,6,Jorgensen/ Cohen,21,President,
Boston,6,6,Hawkins/ Walker,3,President,
Boston,6,6,All Others,7,President,
Boston,6,6,No Preference,0,President,
Boston,6,6,Blanks,4,President,
Boston,6,6,Total Votes Cast,1266,President,
Boston,6,7,Biden/ Harris,948,President,
Boston,6,7,Trump/ Pence,430,President,
Boston,6,7,Jorgensen/ Cohen,21,President,
Boston,6,7,Hawkins/ Walker,0,President,
Boston,6,7,All Others,17,President,
Boston,6,7,No Preference,0,President,
Boston,6,7,Blanks,7,President,
Boston,6,7,Total Votes Cast,1423,President,
Boston,6,8,Biden/ Harris,823,President,
Boston,6,8,Trump/ Pence,419,President,
Boston,6,8,Jorgensen/ Cohen,19,President,
Boston,6,8,Hawkins/ Walker,4,President,
Boston,6,8,All Others,7,President,
Boston,6,8,No Preference,0,President,
Boston,6,8,Blanks,5,President,
Boston,6,8,Total Votes Cast,1277,President,
Boston,6,9,Biden/ Harris,751,President,
Boston,6,9,Trump/ Pence,471,President,
Boston,6,9,Jorgensen/ Cohen,18,President,
Boston,6,9,Hawkins/ Walker,3,President,
Boston,6,9,All Others,15,President,
Boston,6,9,No Preference,0,President,
Boston,6,9,Blanks,3,President,
Boston,6,9,Total Votes Cast,1261,President,
Boston,7,1,Biden/ Harris,731,President,
Boston,7,1,Trump/ Pence,383,President,
Boston,7,1,Jorgensen/ Cohen,12,President,
Boston,7,1,Hawkins/ Walker,1,President,
Boston,7,1,All Others,8,President,
Boston,7,1,No Preference,0,President,
Boston,7,1,Blanks,9,President,
Boston,7,1,Total Votes Cast,1144,President,
Boston,7,10,Biden/ Harris,700,President,
Boston,7,10,Trump/ Pence,72,President,
Boston,7,10,Jorgensen/ Cohen,3,President,
Boston,7,10,Hawkins/ Walker,2,President,
Boston,7,10,All Others,1,President,
Boston,7,10,No Preference,0,President,
Boston,7,10,Blanks,4,President,
Boston,7,10,Total Votes Cast,782,President,
Boston,7,2,Biden/ Harris,981,President,
Boston,7,2,Trump/ Pence,460,President,
Boston,7,2,Jorgensen/ Cohen,19,President,
Boston,7,2,Hawkins/ Walker,0,President,
Boston,7,2,All Others,10,President,
Boston,7,2,No Preference,0,President,
Boston,7,2,Blanks,8,President,
Boston,7,2,Total Votes Cast,1478,President,
Boston,7,3,Biden/ Harris,1015,President,
Boston,7,3,Trump/ Pence,471,President,
Boston,7,3,Jorgensen/ Cohen,21,President,
Boston,7,3,Hawkins/ Walker,0,President,
Boston,7,3,All Others,8,President,
Boston,7,3,No Preference,0,President,
Boston,7,3,Blanks,4,President,
Boston,7,3,Total Votes Cast,1519,President,
Boston,7,4,Biden/ Harris,933,President,
Boston,7,4,Trump/ Pence,359,President,
Boston,7,4,Jorgensen/ Cohen,18,President,
Boston,7,4,Hawkins/ Walker,4,President,
Boston,7,4,All Others,4,President,
Boston,7,4,No Preference,0,President,
Boston,7,4,Blanks,2,President,
Boston,7,4,Total Votes Cast,1320,President,
Boston,7,5,Biden/ Harris,841,President,
Boston,7,5,Trump/ Pence,229,President,
Boston,7,5,Jorgensen/ Cohen,16,President,
Boston,7,5,Hawkins/ Walker,5,President,
Boston,7,5,All Others,7,President,
Boston,7,5,No Preference,0,President,
Boston,7,5,Blanks,3,President,
Boston,7,5,Total Votes Cast,1101,President,
Boston,7,6,Biden/ Harris,763,President,
Boston,7,6,Trump/ Pence,259,President,
Boston,7,6,Jorgensen/ Cohen,21,President,
Boston,7,6,Hawkins/ Walker,0,President,
Boston,7,6,All Others,7,President,
Boston,7,6,No Preference,0,President,
Boston,7,6,Blanks,3,President,
Boston,7,6,Total Votes Cast,1053,President,
Boston,7,7,Biden/ Harris,613,President,
Boston,7,7,Trump/ Pence,149,President,
Boston,7,7,Jorgensen/ Cohen,3,President,
Boston,7,7,Hawkins/ Walker,2,President,
Boston,7,7,All Others,0,President,
Boston,7,7,No Preference,0,President,
Boston,7,7,Blanks,0,President,
Boston,7,7,Total Votes Cast,767,President,
Boston,7,8,Biden/ Harris,815,President,
Boston,7,8,Trump/ Pence,228,President,
Boston,7,8,Jorgensen/ Cohen,11,President,
Boston,7,8,Hawkins/ Walker,9,President,
Boston,7,8,All Others,8,President,
Boston,7,8,No Preference,0,President,
Boston,7,8,Blanks,4,President,
Boston,7,8,Total Votes Cast,1075,President,
Boston,7,9,Biden/ Harris,659,President,
Boston,7,9,Trump/ Pence,184,President,
Boston,7,9,Jorgensen/ Cohen,12,President,
Boston,7,9,Hawkins/ Walker,6,President,
Boston,7,9,All Others,2,President,
Boston,7,9,No Preference,0,President,
Boston,7,9,Blanks,3,President,
Boston,7,9,Total Votes Cast,866,President,
Boston,8,1,Biden/ Harris,841,President,
Boston,8,1,Trump/ Pence,95,President,
Boston,8,1,Jorgensen/ Cohen,5,President,
Boston,8,1,Hawkins/ Walker,1,President,
Boston,8,1,All Others,3,President,
Boston,8,1,No Preference,0,President,
Boston,8,1,Blanks,4,President,
Boston,8,1,Total Votes Cast,949,President,
Boston,8,2,Biden/ Harris,1436,President,
Boston,8,2,Trump/ Pence,148,President,
Boston,8,2,Jorgensen/ Cohen,16,President,
Boston,8,2,Hawkins/ Walker,3,President,
Boston,8,2,All Others,4,President,
Boston,8,2,No Preference,0,President,
Boston,8,2,Blanks,18,President,
Boston,8,2,Total Votes Cast,1625,President,
Boston,8,3,Biden/ Harris,676,President,
Boston,8,3,Trump/ Pence,64,President,
Boston,8,3,Jorgensen/ Cohen,4,President,
Boston,8,3,Hawkins/ Walker,5,President,
Boston,8,3,All Others,3,President,
Boston,8,3,No Preference,0,President,
Boston,8,3,Blanks,4,President,
Boston,8,3,Total Votes Cast,756,President,
Boston,8,4,Biden/ Harris,416,President,
Boston,8,4,Trump/ Pence,36,President,
Boston,8,4,Jorgensen/ Cohen,5,President,
Boston,8,4,Hawkins/ Walker,1,President,
Boston,8,4,All Others,2,President,
Boston,8,4,No Preference,0,President,
Boston,8,4,Blanks,4,President,
Boston,8,4,Total Votes Cast,464,President,
Boston,8,5,Biden/ Harris,784,President,
Boston,8,5,Trump/ Pence,79,President,
Boston,8,5,Jorgensen/ Cohen,7,President,
Boston,8,5,Hawkins/ Walker,2,President,
Boston,8,5,All Others,4,President,
Boston,8,5,No Preference,0,President,
Boston,8,5,Blanks,2,President,
Boston,8,5,Total Votes Cast,878,President,
Boston,8,6,Biden/ Harris,300,President,
Boston,8,6,Trump/ Pence,35,President,
Boston,8,6,Jorgensen/ Cohen,3,President,
Boston,8,6,Hawkins/ Walker,3,President,
Boston,8,6,All Others,1,President,
Boston,8,6,No Preference,0,President,
Boston,8,6,Blanks,1,President,
Boston,8,6,Total Votes Cast,343,President,
Boston,8,7,Biden/ Harris,603,President,
Boston,8,7,Trump/ Pence,38,President,
Boston,8,7,Jorgensen/ Cohen,3,President,
Boston,8,7,Hawkins/ Walker,6,President,
Boston,8,7,All Others,0,President,
Boston,8,7,No Preference,0,President,
Boston,8,7,Blanks,4,President,
Boston,8,7,Total Votes Cast,654,President,
Boston,9,1,Biden/ Harris,1129,President,
Boston,9,1,Trump/ Pence,140,President,
Boston,9,1,Jorgensen/ Cohen,9,President,
Boston,9,1,Hawkins/ Walker,5,President,
Boston,9,1,All Others,8,President,
Boston,9,1,No Preference,0,President,
Boston,9,1,Blanks,8,President,
Boston,9,1,Total Votes Cast,1299,President,
Boston,9,2,Biden/ Harris,1516,President,
Boston,9,2,Trump/ Pence,120,President,
Boston,9,2,Jorgensen/ Cohen,17,President,
Boston,9,2,Hawkins/ Walker,11,President,
Boston,9,2,All Others,7,President,
Boston,9,2,No Preference,0,President,
Boston,9,2,Blanks,4,President,
Boston,9,2,Total Votes Cast,1675,President,
Boston,9,3,Biden/ Harris,1797,President,
Boston,9,3,Trump/ Pence,142,President,
Boston,9,3,Jorgensen/ Cohen,7,President,
Boston,9,3,Hawkins/ Walker,7,President,
Boston,9,3,All Others,4,President,
Boston,9,3,No Preference,0,President,
Boston,9,3,Blanks,7,President,
Boston,9,3,Total Votes Cast,1964,President,
Boston,9,4,Biden/ Harris,1133,President,
Boston,9,4,Trump/ Pence,107,President,
Boston,9,4,Jorgensen/ Cohen,5,President,
Boston,9,4,Hawkins/ Walker,6,President,
Boston,9,4,All Others,1,President,
Boston,9,4,No Preference,0,President,
Boston,9,4,Blanks,4,President,
Boston,9,4,Total Votes Cast,1256,President,
Boston,9,5,Biden/ Harris,1337,President,
Boston,9,5,Trump/ Pence,73,President,
Boston,9,5,Jorgensen/ Cohen,6,President,
Boston,9,5,Hawkins/ Walker,6,President,
Boston,9,5,All Others,6,President,
Boston,9,5,No Preference,0,President,
Boston,9,5,Blanks,13,President,
Boston,9,5,Total Votes Cast,1441,President,
Bourne,-,1,Biden/ Harris,879,President,
Bourne,-,1,Trump/ Pence,825,President,
Bourne,-,1,Jorgensen/ Cohen,37,President,
Bourne,-,1,Hawkins/ Walker,8,President,
Bourne,-,1,All Others,5,President,
Bourne,-,1,No Preference,0,President,
Bourne,-,1,Blanks,12,President,
Bourne,-,1,Total Votes Cast,1766,President,
Bourne,-,2,Biden/ Harris,1051,President,
Bourne,-,2,Trump/ Pence,954,President,
Bourne,-,2,Jorgensen/ Cohen,27,President,
Bourne,-,2,Hawkins/ Walker,18,President,
Bourne,-,2,All Others,15,President,
Bourne,-,2,No Preference,0,President,
Bourne,-,2,Blanks,23,President,
Bourne,-,2,Total Votes Cast,2088,President,
Bourne,-,3,Biden/ Harris,600,President,
Bourne,-,3,Trump/ Pence,592,President,
Bourne,-,3,Jorgensen/ Cohen,11,President,
Bourne,-,3,Hawkins/ Walker,5,President,
Bourne,-,3,All Others,2,President,
Bourne,-,3,No Preference,0,President,
Bourne,-,3,Blanks,9,President,
Bourne,-,3,Total Votes Cast,1219,President,
Bourne,-,4,Biden/ Harris,1137,President,
Bourne,-,4,Trump/ Pence,878,President,
Bourne,-,4,Jorgensen/ Cohen,19,President,
Bourne,-,4,Hawkins/ Walker,7,President,
Bourne,-,4,All Others,10,President,
Bourne,-,4,No Preference,0,President,
Bourne,-,4,Blanks,11,President,
Bourne,-,4,Total Votes Cast,2062,President,
Bourne,-,5,Biden/ Harris,1069,President,
Bourne,-,5,Trump/ Pence,753,President,
Bourne,-,5,Jorgensen/ Cohen,23,President,
Bourne,-,5,Hawkins/ Walker,7,President,
Bourne,-,5,All Others,9,President,
Bourne,-,5,No Preference,0,President,
Bourne,-,5,Blanks,42,President,
Bourne,-,5,Total Votes Cast,1903,President,
Bourne,-,6,Biden/ Harris,804,President,
Bourne,-,6,Trump/ Pence,497,President,
Bourne,-,6,Jorgensen/ Cohen,8,President,
Bourne,-,6,Hawkins/ Walker,6,President,
Bourne,-,6,All Others,4,President,
Bourne,-,6,No Preference,0,President,
Bourne,-,6,Blanks,22,President,
Bourne,-,6,Total Votes Cast,1341,President,
Bourne,-,7,Biden/ Harris,987,President,
Bourne,-,7,Trump/ Pence,832,President,
Bourne,-,7,Jorgensen/ Cohen,23,President,
Bourne,-,7,Hawkins/ Walker,8,President,
Bourne,-,7,All Others,9,President,
Bourne,-,7,No Preference,0,President,
Bourne,-,7,Blanks,8,President,
Bourne,-,7,Total Votes Cast,1867,President,
Boxborough,-,1,Biden/ Harris,2526,President,
Boxborough,-,1,Trump/ Pence,786,President,
Boxborough,-,1,Jorgensen/ Cohen,63,President,
Boxborough,-,1,Hawkins/ Walker,22,President,
Boxborough,-,1,All Others,5,President,
Boxborough,-,1,No Preference,0,President,
Boxborough,-,1,Blanks,38,President,
Boxborough,-,1,Total Votes Cast,3440,President,
Boxford,-,1,Biden/ Harris,1010,President,
Boxford,-,1,Trump/ Pence,755,President,
Boxford,-,1,Jorgensen/ Cohen,31,President,
Boxford,-,1,Hawkins/ Walker,10,President,
Boxford,-,1,All Others,11,President,
Boxford,-,1,No Preference,0,President,
Boxford,-,1,Blanks,10,President,
Boxford,-,1,Total Votes Cast,1827,President,
Boxford,-,2,Biden/ Harris,1092,President,
Boxford,-,2,Trump/ Pence,781,President,
Boxford,-,2,Jorgensen/ Cohen,38,President,
Boxford,-,2,Hawkins/ Walker,9,President,
Boxford,-,2,All Others,15,President,
Boxford,-,2,No Preference,0,President,
Boxford,-,2,Blanks,10,President,
Boxford,-,2,Total Votes Cast,1945,President,
Boxford,-,3,Biden/ Harris,1015,President,
Boxford,-,3,Trump/ Pence,735,President,
Boxford,-,3,Jorgensen/ Cohen,24,President,
Boxford,-,3,Hawkins/ Walker,4,President,
Boxford,-,3,All Others,13,President,
Boxford,-,3,No Preference,0,President,
Boxford,-,3,Blanks,19,President,
Boxford,-,3,Total Votes Cast,1810,President,
Boylston,-,1,Biden/ Harris,1877,President,
Boylston,-,1,Trump/ Pence,1318,President,
Boylston,-,1,Jorgensen/ Cohen,70,President,
Boylston,-,1,Hawkins/ Walker,15,President,
Boylston,-,1,All Others,24,President,
Boylston,-,1,No Preference,0,President,
Boylston,-,1,Blanks,17,President,
Boylston,-,1,Total Votes Cast,3321,President,
Braintree,-,1A,Biden/ Harris,1022,President,
Braintree,-,1A,Trump/ Pence,818,President,
Braintree,-,1A,Jorgensen/ Cohen,21,President,
Braintree,-,1A,Hawkins/ Walker,7,President,
Braintree,-,1A,All Others,6,President,
Braintree,-,1A,No Preference,0,President,
Braintree,-,1A,Blanks,5,President,
Braintree,-,1A,Total Votes Cast,1879,President,
Braintree,-,1B,Biden/ Harris,973,President,
Braintree,-,1B,Trump/ Pence,748,President,
Braintree,-,1B,Jorgensen/ Cohen,19,President,
Braintree,-,1B,Hawkins/ Walker,3,President,
Braintree,-,1B,All Others,7,President,
Braintree,-,1B,No Preference,0,President,
Braintree,-,1B,Blanks,17,President,
Braintree,-,1B,Total Votes Cast,1767,President,
Braintree,-,2A,Biden/ Harris,1133,President,
Braintree,-,2A,Trump/ Pence,724,President,
Braintree,-,2A,Jorgensen/ Cohen,16,President,
Braintree,-,2A,Hawkins/ Walker,8,President,
Braintree,-,2A,All Others,17,President,
Braintree,-,2A,No Preference,0,President,
Braintree,-,2A,Blanks,12,President,
Braintree,-,2A,Total Votes Cast,1910,President,
Braintree,-,2B,Biden/ Harris,1057,President,
Braintree,-,2B,Trump/ Pence,767,President,
Braintree,-,2B,Jorgensen/ Cohen,20,President,
Braintree,-,2B,Hawkins/ Walker,10,President,
Braintree,-,2B,All Others,12,President,
Braintree,-,2B,No Preference,0,President,
Braintree,-,2B,Blanks,15,President,
Braintree,-,2B,Total Votes Cast,1881,President,
Braintree,-,3A,Biden/ Harris,926,President,
Braintree,-,3A,Trump/ Pence,610,President,
Braintree,-,3A,Jorgensen/ Cohen,20,President,
Braintree,-,3A,Hawkins/ Walker,8,President,
Braintree,-,3A,All Others,10,President,
Braintree,-,3A,No Preference,0,President,
Braintree,-,3A,Blanks,7,President,
Braintree,-,3A,Total Votes Cast,1581,President,
Braintree,-,3B,Biden/ Harris,1000,President,
Braintree,-,3B,Trump/ Pence,663,President,
Braintree,-,3B,Jorgensen/ Cohen,17,President,
Braintree,-,3B,Hawkins/ Walker,10,President,
Braintree,-,3B,All Others,4,President,
Braintree,-,3B,No Preference,0,President,
Braintree,-,3B,Blanks,11,President,
Braintree,-,3B,Total Votes Cast,1705,President,
Braintree,-,4A,Biden/ Harris,948,President,
Braintree,-,4A,Trump/ Pence,625,President,
Braintree,-,4A,Jorgensen/ Cohen,11,President,
Braintree,-,4A,Hawkins/ Walker,9,President,
Braintree,-,4A,All Others,8,President,
Braintree,-,4A,No Preference,0,President,
Braintree,-,4A,Blanks,13,President,
Braintree,-,4A,Total Votes Cast,1614,President,
Braintree,-,4B,Biden/ Harris,1085,President,
Braintree,-,4B,Trump/ Pence,570,President,
Braintree,-,4B,Jorgensen/ Cohen,20,President,
Braintree,-,4B,Hawkins/ Walker,8,President,
Braintree,-,4B,All Others,12,President,
Braintree,-,4B,No Preference,0,President,
Braintree,-,4B,Blanks,14,President,
Braintree,-,4B,Total Votes Cast,1709,President,
Braintree,-,5A,Biden/ Harris,1001,President,
Braintree,-,5A,Trump/ Pence,690,President,
Braintree,-,5A,Jorgensen/ Cohen,16,President,
Braintree,-,5A,Hawkins/ Walker,9,President,
Braintree,-,5A,All Others,13,President,
Braintree,-,5A,No Preference,0,President,
Braintree,-,5A,Blanks,17,President,
Braintree,-,5A,Total Votes Cast,1746,President,
Braintree,-,5B,Biden/ Harris,1181,President,
Braintree,-,5B,Trump/ Pence,817,President,
Braintree,-,5B,Jorgensen/ Cohen,25,President,
Braintree,-,5B,Hawkins/ Walker,11,President,
Braintree,-,5B,All Others,8,President,
Braintree,-,5B,No Preference,0,President,
Braintree,-,5B,Blanks,27,President,
Braintree,-,5B,Total Votes Cast,2069,President,
Braintree,-,6A,Biden/ Harris,1177,President,
Braintree,-,6A,Trump/ Pence,881,President,
Braintree,-,6A,Jorgensen/ Cohen,23,President,
Braintree,-,6A,Hawkins/ Walker,5,President,
Braintree,-,6A,All Others,8,President,
Braintree,-,6A,No Preference,0,President,
Braintree,-,6A,Blanks,8,President,
Braintree,-,6A,Total Votes Cast,2102,President,
Braintree,-,6B,Biden/ Harris,1109,President,
Braintree,-,6B,Trump/ Pence,831,President,
Braintree,-,6B,Jorgensen/ Cohen,24,President,
Braintree,-,6B,Hawkins/ Walker,6,President,
Braintree,-,6B,All Others,8,President,
Braintree,-,6B,No Preference,0,President,
Braintree,-,6B,Blanks,12,President,
Braintree,-,6B,Total Votes Cast,1990,President,
Brewster,-,1,Biden/ Harris,1673,President,
Brewster,-,1,Trump/ Pence,796,President,
Brewster,-,1,Jorgensen/ Cohen,41,President,
Brewster,-,1,Hawkins/ Walker,8,President,
Brewster,-,1,All Others,6,President,
Brewster,-,1,No Preference,0,President,
Brewster,-,1,Blanks,22,President,
Brewster,-,1,Total Votes Cast,2546,President,
Brewster,-,2,Biden/ Harris,1684,President,
Brewster,-,2,Trump/ Pence,735,President,
Brewster,-,2,Jorgensen/ Cohen,31,President,
Brewster,-,2,Hawkins/ Walker,15,President,
Brewster,-,2,All Others,8,President,
Brewster,-,2,No Preference,0,President,
Brewster,-,2,Blanks,18,President,
Brewster,-,2,Total Votes Cast,2491,President,
Brewster,-,3,Biden/ Harris,1583,President,
Brewster,-,3,Trump/ Pence,807,President,
Brewster,-,3,Jorgensen/ Cohen,30,President,
Brewster,-,3,Hawkins/ Walker,15,President,
Brewster,-,3,All Others,4,President,
Brewster,-,3,No Preference,0,President,
Brewster,-,3,Blanks,18,President,
Brewster,-,3,Total Votes Cast,2457,President,
Bridgewater,-,1,Biden/ Harris,1465,President,
Bridgewater,-,1,Trump/ Pence,1377,President,
Bridgewater,-,1,Jorgensen/ Cohen,37,President,
Bridgewater,-,1,Hawkins/ Walker,16,President,
Bridgewater,-,1,All Others,18,President,
Bridgewater,-,1,No Preference,0,President,
Bridgewater,-,1,Blanks,19,President,
Bridgewater,-,1,Total Votes Cast,2932,President,
Bridgewater,-,2,Biden/ Harris,1256,President,
Bridgewater,-,2,Trump/ Pence,1088,President,
Bridgewater,-,2,Jorgensen/ Cohen,39,President,
Bridgewater,-,2,Hawkins/ Walker,12,President,
Bridgewater,-,2,All Others,11,President,
Bridgewater,-,2,No Preference,0,President,
Bridgewater,-,2,Blanks,12,President,
Bridgewater,-,2,Total Votes Cast,2418,President,
Bridgewater,-,3,Biden/ Harris,1513,President,
Bridgewater,-,3,Trump/ Pence,1550,President,
Bridgewater,-,3,Jorgensen/ Cohen,34,President,
Bridgewater,-,3,Hawkins/ Walker,7,President,
Bridgewater,-,3,All Others,10,President,
Bridgewater,-,3,No Preference,0,President,
Bridgewater,-,3,Blanks,17,President,
Bridgewater,-,3,Total Votes Cast,3131,President,
Bridgewater,-,4,Biden/ Harris,681,President,
Bridgewater,-,4,Trump/ Pence,571,President,
Bridgewater,-,4,Jorgensen/ Cohen,18,President,
Bridgewater,-,4,Hawkins/ Walker,3,President,
Bridgewater,-,4,All Others,3,President,
Bridgewater,-,4,No Preference,0,President,
Bridgewater,-,4,Blanks,11,President,
Bridgewater,-,4,Total Votes Cast,1287,President,
Bridgewater,-,5,Biden/ Harris,412,President,
Bridgewater,-,5,Trump/ Pence,279,President,
Bridgewater,-,5,Jorgensen/ Cohen,17,President,
Bridgewater,-,5,Hawkins/ Walker,6,President,
Bridgewater,-,5,All Others,3,President,
Bridgewater,-,5,No Preference,0,President,
Bridgewater,-,5,Blanks,6,President,
Bridgewater,-,5,Total Votes Cast,723,President,
Bridgewater,-,6,Biden/ Harris,1102,President,
Bridgewater,-,6,Trump/ Pence,749,President,
Bridgewater,-,6,Jorgensen/ Cohen,36,President,
Bridgewater,-,6,Hawkins/ Walker,14,President,
Bridgewater,-,6,All Others,12,President,
Bridgewater,-,6,No Preference,0,President,
Bridgewater,-,6,Blanks,9,President,
Bridgewater,-,6,Total Votes Cast,1922,President,
Bridgewater,-,7,Biden/ Harris,1259,President,
Bridgewater,-,7,Trump/ Pence,958,President,
Bridgewater,-,7,Jorgensen/ Cohen,39,President,
Bridgewater,-,7,Hawkins/ Walker,14,President,
Bridgewater,-,7,All Others,7,President,
Bridgewater,-,7,No Preference,0,President,
Bridgewater,-,7,Blanks,13,President,
Bridgewater,-,7,Total Votes Cast,2290,President,
Brimfield,-,1,Biden/ Harris,1063,President,
Brimfield,-,1,Trump/ Pence,1193,President,
Brimfield,-,1,Jorgensen/ Cohen,44,President,
Brimfield,-,1,Hawkins/ Walker,11,President,
Brimfield,-,1,All Others,3,President,
Brimfield,-,1,No Preference,0,President,
Brimfield,-,1,Blanks,35,President,
Brimfield,-,1,Total Votes Cast,2349,President,
Brockton,1,A,Biden/ Harris,1004,President,
Brockton,1,A,Trump/ Pence,189,President,
Brockton,1,A,Jorgensen/ Cohen,13,President,
Brockton,1,A,Hawkins/ Walker,6,President,
Brockton,1,A,All Others,1,President,
Brockton,1,A,No Preference,0,President,
Brockton,1,A,Blanks,6,President,
Brockton,1,A,Total Votes Cast,1219,President,
Brockton,1,B,Biden/ Harris,1209,President,
Brockton,1,B,Trump/ Pence,345,President,
Brockton,1,B,Jorgensen/ Cohen,19,President,
Brockton,1,B,Hawkins/ Walker,5,President,
Brockton,1,B,All Others,6,President,
Brockton,1,B,No Preference,0,President,
Brockton,1,B,Blanks,8,President,
Brockton,1,B,Total Votes Cast,1592,President,
Brockton,1,C,Biden/ Harris,1038,President,
Brockton,1,C,Trump/ Pence,331,President,
Brockton,1,C,Jorgensen/ Cohen,9,President,
Brockton,1,C,Hawkins/ Walker,5,President,
Brockton,1,C,All Others,0,President,
Brockton,1,C,No Preference,0,President,
Brockton,1,C,Blanks,7,President,
Brockton,1,C,Total Votes Cast,1390,President,
Brockton,1,D,Biden/ Harris,1325,President,
Brockton,1,D,Trump/ Pence,624,President,
Brockton,1,D,Jorgensen/ Cohen,12,President,
Brockton,1,D,Hawkins/ Walker,13,President,
Brockton,1,D,All Others,0,President,
Brockton,1,D,No Preference,0,President,
Brockton,1,D,Blanks,24,President,
Brockton,1,D,Total Votes Cast,1998,President,
Brockton,2,A,Biden/ Harris,832,President,
Brockton,2,A,Trump/ Pence,103,President,
Brockton,2,A,Jorgensen/ Cohen,15,President,
Brockton,2,A,Hawkins/ Walker,3,President,
Brockton,2,A,All Others,2,President,
Brockton,2,A,No Preference,0,President,
Brockton,2,A,Blanks,6,President,
Brockton,2,A,Total Votes Cast,961,President,
Brockton,2,B,Biden/ Harris,748,President,
Brockton,2,B,Trump/ Pence,93,President,
Brockton,2,B,Jorgensen/ Cohen,1,President,
Brockton,2,B,Hawkins/ Walker,4,President,
Brockton,2,B,All Others,3,President,
Brockton,2,B,No Preference,0,President,
Brockton,2,B,Blanks,3,President,
Brockton,2,B,Total Votes Cast,852,President,
Brockton,2,C,Biden/ Harris,728,President,
Brockton,2,C,Trump/ Pence,119,President,
Brockton,2,C,Jorgensen/ Cohen,6,President,
Brockton,2,C,Hawkins/ Walker,5,President,
Brockton,2,C,All Others,2,President,
Brockton,2,C,No Preference,0,President,
Brockton,2,C,Blanks,4,President,
Brockton,2,C,Total Votes Cast,864,President,
Brockton,2,D,Biden/ Harris,1023,President,
Brockton,2,D,Trump/ Pence,259,President,
Brockton,2,D,Jorgensen/ Cohen,12,President,
Brockton,2,D,Hawkins/ Walker,3,President,
Brockton,2,D,All Others,1,President,
Brockton,2,D,No Preference,0,President,
Brockton,2,D,Blanks,7,President,
Brockton,2,D,Total Votes Cast,1305,President,
Brockton,3,A,Biden/ Harris,1032,President,
Brockton,3,A,Trump/ Pence,249,President,
Brockton,3,A,Jorgensen/ Cohen,6,President,
Brockton,3,A,Hawkins/ Walker,3,President,
Brockton,3,A,All Others,0,President,
Brockton,3,A,No Preference,0,President,
Brockton,3,A,Blanks,5,President,
Brockton,3,A,Total Votes Cast,1295,President,
Brockton,3,B,Biden/ Harris,961,President,
Brockton,3,B,Trump/ Pence,167,President,
Brockton,3,B,Jorgensen/ Cohen,9,President,
Brockton,3,B,Hawkins/ Walker,6,President,
Brockton,3,B,All Others,1,President,
Brockton,3,B,No Preference,0,President,
Brockton,3,B,Blanks,12,President,
Brockton,3,B,Total Votes Cast,1156,President,
Brockton,3,C,Biden/ Harris,1235,President,
Brockton,3,C,Trump/ Pence,516,President,
Brockton,3,C,Jorgensen/ Cohen,10,President,
Brockton,3,C,Hawkins/ Walker,6,President,
Brockton,3,C,All Others,3,President,
Brockton,3,C,No Preference,0,President,
Brockton,3,C,Blanks,7,President,
Brockton,3,C,Total Votes Cast,1777,President,
Brockton,3,D,Biden/ Harris,1188,President,
Brockton,3,D,Trump/ Pence,590,President,
Brockton,3,D,Jorgensen/ Cohen,15,President,
Brockton,3,D,Hawkins/ Walker,6,President,
Brockton,3,D,All Others,4,President,
Brockton,3,D,No Preference,0,President,
Brockton,3,D,Blanks,7,President,
Brockton,3,D,Total Votes Cast,1810,President,
Brockton,4,A,Biden/ Harris,759,President,
Brockton,4,A,Trump/ Pence,118,President,
Brockton,4,A,Jorgensen/ Cohen,6,President,
Brockton,4,A,Hawkins/ Walker,1,President,
Brockton,4,A,All Others,0,President,
Brockton,4,A,No Preference,0,President,
Brockton,4,A,Blanks,8,President,
Brockton,4,A,Total Votes Cast,892,President,
Brockton,4,B,Biden/ Harris,1139,President,
Brockton,4,B,Trump/ Pence,297,President,
Brockton,4,B,Jorgensen/ Cohen,15,President,
Brockton,4,B,Hawkins/ Walker,3,President,
Brockton,4,B,All Others,0,President,
Brockton,4,B,No Preference,0,President,
Brockton,4,B,Blanks,11,President,
Brockton,4,B,Total Votes Cast,1465,President,
Brockton,4,C,Biden/ Harris,1057,President,
Brockton,4,C,Trump/ Pence,404,President,
Brockton,4,C,Jorgensen/ Cohen,17,President,
Brockton,4,C,Hawkins/ Walker,3,President,
Brockton,4,C,All Others,5,President,
Brockton,4,C,No Preference,0,President,
Brockton,4,C,Blanks,7,President,
Brockton,4,C,Total Votes Cast,1493,President,
Brockton,4,D,Biden/ Harris,1034,President,
Brockton,4,D,Trump/ Pence,379,President,
Brockton,4,D,Jorgensen/ Cohen,9,President,
Brockton,4,D,Hawkins/ Walker,3,President,
Brockton,4,D,All Others,7,President,
Brockton,4,D,No Preference,0,President,
Brockton,4,D,Blanks,10,President,
Brockton,4,D,Total Votes Cast,1442,President,
Brockton,5,A,Biden/ Harris,1047,President,
Brockton,5,A,Trump/ Pence,195,President,
Brockton,5,A,Jorgensen/ Cohen,10,President,
Brockton,5,A,Hawkins/ Walker,3,President,
Brockton,5,A,All Others,4,President,
Brockton,5,A,No Preference,0,President,
Brockton,5,A,Blanks,6,President,
Brockton,5,A,Total Votes Cast,1265,President,
Brockton,5,B,Biden/ Harris,1129,President,
Brockton,5,B,Trump/ Pence,411,President,
Brockton,5,B,Jorgensen/ Cohen,24,President,
Brockton,5,B,Hawkins/ Walker,6,President,
Brockton,5,B,All Others,1,President,
Brockton,5,B,No Preference,0,President,
Brockton,5,B,Blanks,11,President,
Brockton,5,B,Total Votes Cast,1582,President,
Brockton,5,C,Biden/ Harris,1093,President,
Brockton,5,C,Trump/ Pence,245,President,
Brockton,5,C,Jorgensen/ Cohen,12,President,
Brockton,5,C,Hawkins/ Walker,6,President,
Brockton,5,C,All Others,0,President,
Brockton,5,C,No Preference,0,President,
Brockton,5,C,Blanks,10,President,
Brockton,5,C,Total Votes Cast,1366,President,
Brockton,5,D,Biden/ Harris,1093,President,
Brockton,5,D,Trump/ Pence,435,President,
Brockton,5,D,Jorgensen/ Cohen,16,President,
Brockton,5,D,Hawkins/ Walker,3,President,
Brockton,5,D,All Others,0,President,
Brockton,5,D,No Preference,0,President,
Brockton,5,D,Blanks,12,President,
Brockton,5,D,Total Votes Cast,1559,President,
Brockton,6,A,Biden/ Harris,962,President,
Brockton,6,A,Trump/ Pence,234,President,
Brockton,6,A,Jorgensen/ Cohen,21,President,
Brockton,6,A,Hawkins/ Walker,2,President,
Brockton,6,A,All Others,3,President,
Brockton,6,A,No Preference,0,President,
Brockton,6,A,Blanks,12,President,
Brockton,6,A,Total Votes Cast,1234,President,
Brockton,6,B,Biden/ Harris,1220,President,
Brockton,6,B,Trump/ Pence,532,President,
Brockton,6,B,Jorgensen/ Cohen,17,President,
Brockton,6,B,Hawkins/ Walker,5,President,
Brockton,6,B,All Others,1,President,
Brockton,6,B,No Preference,0,President,
Brockton,6,B,Blanks,13,President,
Brockton,6,B,Total Votes Cast,1788,President,
Brockton,6,C,Biden/ Harris,1147,President,
Brockton,6,C,Trump/ Pence,355,President,
Brockton,6,C,Jorgensen/ Cohen,12,President,
Brockton,6,C,Hawkins/ Walker,8,President,
Brockton,6,C,All Others,5,President,
Brockton,6,C,No Preference,0,President,
Brockton,6,C,Blanks,7,President,
Brockton,6,C,Total Votes Cast,1534,President,
Brockton,6,D,Biden/ Harris,1060,President,
Brockton,6,D,Trump/ Pence,553,President,
Brockton,6,D,Jorgensen/ Cohen,15,President,
Brockton,6,D,Hawkins/ Walker,10,President,
Brockton,6,D,All Others,4,President,
Brockton,6,D,No Preference,0,President,
Brockton,6,D,Blanks,9,President,
Brockton,6,D,Total Votes Cast,1651,President,
Brockton,7,A,Biden/ Harris,984,President,
Brockton,7,A,Trump/ Pence,159,President,
Brockton,7,A,Jorgensen/ Cohen,10,President,
Brockton,7,A,Hawkins/ Walker,3,President,
Brockton,7,A,All Others,0,President,
Brockton,7,A,No Preference,0,President,
Brockton,7,A,Blanks,4,President,
Brockton,7,A,Total Votes Cast,1160,President,
Brockton,7,B,Biden/ Harris,1231,President,
Brockton,7,B,Trump/ Pence,240,President,
Brockton,7,B,Jorgensen/ Cohen,9,President,
Brockton,7,B,Hawkins/ Walker,11,President,
Brockton,7,B,All Others,1,President,
Brockton,7,B,No Preference,0,President,
Brockton,7,B,Blanks,4,President,
Brockton,7,B,Total Votes Cast,1496,President,
Brockton,7,C,Biden/ Harris,1089,President,
Brockton,7,C,Trump/ Pence,205,President,
Brockton,7,C,Jorgensen/ Cohen,12,President,
Brockton,7,C,Hawkins/ Walker,8,President,
Brockton,7,C,All Others,3,President,
Brockton,7,C,No Preference,0,President,
Brockton,7,C,Blanks,9,President,
Brockton,7,C,Total Votes Cast,1326,President,
Brockton,7,D,Biden/ Harris,1108,President,
Brockton,7,D,Trump/ Pence,342,President,
Brockton,7,D,Jorgensen/ Cohen,16,President,
Brockton,7,D,Hawkins/ Walker,3,President,
Brockton,7,D,All Others,0,President,
Brockton,7,D,No Preference,0,President,
Brockton,7,D,Blanks,13,President,
Brockton,7,D,Total Votes Cast,1482,President,
Brookfield,-,1,Biden/ Harris,946,President,
Brookfield,-,1,Trump/ Pence,1054,President,
Brookfield,-,1,Jorgensen/ Cohen,34,President,
Brookfield,-,1,Hawkins/ Walker,16,President,
Brookfield,-,1,All Others,4,President,
Brookfield,-,1,No Preference,0,President,
Brookfield,-,1,Blanks,8,President,
Brookfield,-,1,Total Votes Cast,2062,President,
Brookline,-,1,Biden/ Harris,1669,President,
Brookline,-,1,Trump/ Pence,153,President,
Brookline,-,1,Jorgensen/ Cohen,16,President,
Brookline,-,1,Hawkins/ Walker,2,President,
Brookline,-,1,All Others,7,President,
Brookline,-,1,No Preference,0,President,
Brookline,-,1,Blanks,10,President,
Brookline,-,1,Total Votes Cast,1857,President,
Brookline,-,10,Biden/ Harris,1738,President,
Brookline,-,10,Trump/ Pence,207,President,
Brookline,-,10,Jorgensen/ Cohen,14,President,
Brookline,-,10,Hawkins/ Walker,7,President,
Brookline,-,10,All Others,2,President,
Brookline,-,10,No Preference,0,President,
Brookline,-,10,Blanks,23,President,
Brookline,-,10,Total Votes Cast,1991,President,
Brookline,-,11,Biden/ Harris,1851,President,
Brookline,-,11,Trump/ Pence,203,President,
Brookline,-,11,Jorgensen/ Cohen,14,President,
Brookline,-,11,Hawkins/ Walker,10,President,
Brookline,-,11,All Others,7,President,
Brookline,-,11,No Preference,0,President,
Brookline,-,11,Blanks,13,President,
Brookline,-,11,Total Votes Cast,2098,President,
Brookline,-,12,Biden/ Harris,2077,President,
Brookline,-,12,Trump/ Pence,239,President,
Brookline,-,12,Jorgensen/ Cohen,28,President,
Brookline,-,12,Hawkins/ Walker,7,President,
Brookline,-,12,All Others,10,President,
Brookline,-,12,No Preference,0,President,
Brookline,-,12,Blanks,18,President,
Brookline,-,12,Total Votes Cast,2379,President,
Brookline,-,13,Biden/ Harris,1789,President,
Brookline,-,13,Trump/ Pence,216,President,
Brookline,-,13,Jorgensen/ Cohen,21,President,
Brookline,-,13,Hawkins/ Walker,9,President,
Brookline,-,13,All Others,18,President,
Brookline,-,13,No Preference,0,President,
Brookline,-,13,Blanks,17,President,
Brookline,-,13,Total Votes Cast,2070,President,
Brookline,-,14,Biden/ Harris,1754,President,
Brookline,-,14,Trump/ Pence,317,President,
Brookline,-,14,Jorgensen/ Cohen,27,President,
Brookline,-,14,Hawkins/ Walker,10,President,
Brookline,-,14,All Others,16,President,
Brookline,-,14,No Preference,0,President,
Brookline,-,14,Blanks,16,President,
Brookline,-,14,Total Votes Cast,2140,President,
Brookline,-,15,Biden/ Harris,1694,President,
Brookline,-,15,Trump/ Pence,412,President,
Brookline,-,15,Jorgensen/ Cohen,13,President,
Brookline,-,15,Hawkins/ Walker,10,President,
Brookline,-,15,All Others,12,President,
Brookline,-,15,No Preference,0,President,
Brookline,-,15,Blanks,17,President,
Brookline,-,15,Total Votes Cast,2158,President,
Brookline,-,16,Biden/ Harris,1466,President,
Brookline,-,16,Trump/ Pence,279,President,
Brookline,-,16,Jorgensen/ Cohen,9,President,
Brookline,-,16,Hawkins/ Walker,13,President,
Brookline,-,16,All Others,11,President,
Brookline,-,16,No Preference,0,President,
Brookline,-,16,Blanks,9,President,
Brookline,-,16,Total Votes Cast,1787,President,
Brookline,-,2,Biden/ Harris,1100,President,
Brookline,-,2,Trump/ Pence,152,President,
Brookline,-,2,Jorgensen/ Cohen,7,President,
Brookline,-,2,Hawkins/ Walker,7,President,
Brookline,-,2,All Others,7,President,
Brookline,-,2,No Preference,0,President,
Brookline,-,2,Blanks,4,President,
Brookline,-,2,Total Votes Cast,1277,President,
Brookline,-,3,Biden/ Harris,1722,President,
Brookline,-,3,Trump/ Pence,185,President,
Brookline,-,3,Jorgensen/ Cohen,11,President,
Brookline,-,3,Hawkins/ Walker,5,President,
Brookline,-,3,All Others,9,President,
Brookline,-,3,No Preference,0,President,
Brookline,-,3,Blanks,13,President,
Brookline,-,3,Total Votes Cast,1945,President,
Brookline,-,4,Biden/ Harris,1507,President,
Brookline,-,4,Trump/ Pence,218,President,
Brookline,-,4,Jorgensen/ Cohen,19,President,
Brookline,-,4,Hawkins/ Walker,11,President,
Brookline,-,4,All Others,7,President,
Brookline,-,4,No Preference,0,President,
Brookline,-,4,Blanks,14,President,
Brookline,-,4,Total Votes Cast,1776,President,
Brookline,-,5,Biden/ Harris,1869,President,
Brookline,-,5,Trump/ Pence,192,President,
Brookline,-,5,Jorgensen/ Cohen,15,President,
Brookline,-,5,Hawkins/ Walker,13,President,
Brookline,-,5,All Others,6,President,
Brookline,-,5,No Preference,0,President,
Brookline,-,5,Blanks,21,President,
Brookline,-,5,Total Votes Cast,2116,President,
Brookline,-,6,Biden/ Harris,1848,President,
Brookline,-,6,Trump/ Pence,157,President,
Brookline,-,6,Jorgensen/ Cohen,10,President,
Brookline,-,6,Hawkins/ Walker,13,President,
Brookline,-,6,All Others,8,President,
Brookline,-,6,No Preference,0,President,
Brookline,-,6,Blanks,6,President,
Brookline,-,6,Total Votes Cast,2042,President,
Brookline,-,7,Biden/ Harris,1608,President,
Brookline,-,7,Trump/ Pence,173,President,
Brookline,-,7,Jorgensen/ Cohen,18,President,
Brookline,-,7,Hawkins/ Walker,6,President,
Brookline,-,7,All Others,3,President,
Brookline,-,7,No Preference,0,President,
Brookline,-,7,Blanks,12,President,
Brookline,-,7,Total Votes Cast,1820,President,
Brookline,-,8,Biden/ Harris,1734,President,
Brookline,-,8,Trump/ Pence,116,President,
Brookline,-,8,Jorgensen/ Cohen,5,President,
Brookline,-,8,Hawkins/ Walker,16,President,
Brookline,-,8,All Others,0,President,
Brookline,-,8,No Preference,0,President,
Brookline,-,8,Blanks,12,President,
Brookline,-,8,Total Votes Cast,1883,President,
Brookline,-,9,Biden/ Harris,1724,President,
Brookline,-,9,Trump/ Pence,199,President,
Brookline,-,9,Jorgensen/ Cohen,16,President,
Brookline,-,9,Hawkins/ Walker,9,President,
Brookline,-,9,All Others,2,President,
Brookline,-,9,No Preference,0,President,
Brookline,-,9,Blanks,16,President,
Brookline,-,9,Total Votes Cast,1966,President,
Buckland,-,1,Biden/ Harris,889,President,
Buckland,-,1,Trump/ Pence,268,President,
Buckland,-,1,Jorgensen/ Cohen,18,President,
Buckland,-,1,Hawkins/ Walker,14,President,
Buckland,-,1,All Others,2,President,
Buckland,-,1,No Preference,0,President,
Buckland,-,1,Blanks,12,President,
Buckland,-,1,Total Votes Cast,1203,President,
Burlington,-,1,Biden/ Harris,1448,President,
Burlington,-,1,Trump/ Pence,941,President,
Burlington,-,1,Jorgensen/ Cohen,23,President,
Burlington,-,1,Hawkins/ Walker,11,President,
Burlington,-,1,All Others,11,President,
Burlington,-,1,No Preference,0,President,
Burlington,-,1,Blanks,20,President,
Burlington,-,1,Total Votes Cast,2454,President,
Burlington,-,2,Biden/ Harris,1048,President,
Burlington,-,2,Trump/ Pence,539,President,
Burlington,-,2,Jorgensen/ Cohen,21,President,
Burlington,-,2,Hawkins/ Walker,13,President,
Burlington,-,2,All Others,7,President,
Burlington,-,2,No Preference,0,President,
Burlington,-,2,Blanks,7,President,
Burlington,-,2,Total Votes Cast,1635,President,
Burlington,-,3,Biden/ Harris,1390,President,
Burlington,-,3,Trump/ Pence,804,President,
Burlington,-,3,Jorgensen/ Cohen,34,President,
Burlington,-,3,Hawkins/ Walker,7,President,
Burlington,-,3,All Others,12,President,
Burlington,-,3,No Preference,0,President,
Burlington,-,3,Blanks,14,President,
Burlington,-,3,Total Votes Cast,2261,President,
Burlington,-,4,Biden/ Harris,1257,President,
Burlington,-,4,Trump/ Pence,710,President,
Burlington,-,4,Jorgensen/ Cohen,19,President,
Burlington,-,4,Hawkins/ Walker,8,President,
Burlington,-,4,All Others,10,President,
Burlington,-,4,No Preference,0,President,
Burlington,-,4,Blanks,12,President,
Burlington,-,4,Total Votes Cast,2016,President,
Burlington,-,5,Biden/ Harris,1413,President,
Burlington,-,5,Trump/ Pence,856,President,
Burlington,-,5,Jorgensen/ Cohen,36,President,
Burlington,-,5,Hawkins/ Walker,11,President,
Burlington,-,5,All Others,9,President,
Burlington,-,5,No Preference,0,President,
Burlington,-,5,Blanks,15,President,
Burlington,-,5,Total Votes Cast,2340,President,
Burlington,-,6,Biden/ Harris,1320,President,
Burlington,-,6,Trump/ Pence,915,President,
Burlington,-,6,Jorgensen/ Cohen,31,President,
Burlington,-,6,Hawkins/ Walker,12,President,
Burlington,-,6,All Others,6,President,
Burlington,-,6,No Preference,0,President,
Burlington,-,6,Blanks,12,President,
Burlington,-,6,Total Votes Cast,2296,President,
Burlington,-,7,Biden/ Harris,1571,President,
Burlington,-,7,Trump/ Pence,801,President,
Burlington,-,7,Jorgensen/ Cohen,32,President,
Burlington,-,7,Hawkins/ Walker,14,President,
Burlington,-,7,All Others,6,President,
Burlington,-,7,No Preference,0,President,
Burlington,-,7,Blanks,5,President,
Burlington,-,7,Total Votes Cast,2429,President,
Cambridge,1,1,Biden/ Harris,1898,President,
Cambridge,1,1,Trump/ Pence,227,President,
Cambridge,1,1,Jorgensen/ Cohen,26,President,
Cambridge,1,1,Hawkins/ Walker,5,President,
Cambridge,1,1,All Others,7,President,
Cambridge,1,1,No Preference,0,President,
Cambridge,1,1,Blanks,11,President,
Cambridge,1,1,Total Votes Cast,2174,President,
Cambridge,1,2,Biden/ Harris,1447,President,
Cambridge,1,2,Trump/ Pence,190,President,
Cambridge,1,2,Jorgensen/ Cohen,19,President,
Cambridge,1,2,Hawkins/ Walker,16,President,
Cambridge,1,2,All Others,12,President,
Cambridge,1,2,No Preference,0,President,
Cambridge,1,2,Blanks,6,President,
Cambridge,1,2,Total Votes Cast,1690,President,
Cambridge,1,3,Biden/ Harris,1600,President,
Cambridge,1,3,Trump/ Pence,201,President,
Cambridge,1,3,Jorgensen/ Cohen,16,President,
Cambridge,1,3,Hawkins/ Walker,11,President,
Cambridge,1,3,All Others,8,President,
Cambridge,1,3,No Preference,0,President,
Cambridge,1,3,Blanks,19,President,
Cambridge,1,3,Total Votes Cast,1855,President,
Cambridge,10,1,Biden/ Harris,2090,President,
Cambridge,10,1,Trump/ Pence,108,President,
Cambridge,10,1,Jorgensen/ Cohen,11,President,
Cambridge,10,1,Hawkins/ Walker,13,President,
Cambridge,10,1,All Others,12,President,
Cambridge,10,1,No Preference,0,President,
Cambridge,10,1,Blanks,9,President,
Cambridge,10,1,Total Votes Cast,2243,President,
Cambridge,10,2,Biden/ Harris,1998,President,
Cambridge,10,2,Trump/ Pence,79,President,
Cambridge,10,2,Jorgensen/ Cohen,11,President,
Cambridge,10,2,Hawkins/ Walker,15,President,
Cambridge,10,2,All Others,13,President,
Cambridge,10,2,No Preference,0,President,
Cambridge,10,2,Blanks,9,President,
Cambridge,10,2,Total Votes Cast,2125,President,
Cambridge,10,3,Biden/ Harris,1732,President,
Cambridge,10,3,Trump/ Pence,101,President,
Cambridge,10,3,Jorgensen/ Cohen,14,President,
Cambridge,10,3,Hawkins/ Walker,11,President,
Cambridge,10,3,All Others,5,President,
Cambridge,10,3,No Preference,0,President,
Cambridge,10,3,Blanks,8,President,
Cambridge,10,3,Total Votes Cast,1871,President,
Cambridge,11,1,Biden/ Harris,2130,President,
Cambridge,11,1,Trump/ Pence,164,President,
Cambridge,11,1,Jorgensen/ Cohen,25,President,
Cambridge,11,1,Hawkins/ Walker,11,President,
Cambridge,11,1,All Others,5,President,
Cambridge,11,1,No Preference,0,President,
Cambridge,11,1,Blanks,10,President,
Cambridge,11,1,Total Votes Cast,2345,President,
Cambridge,11,2,Biden/ Harris,2125,President,
Cambridge,11,2,Trump/ Pence,170,President,
Cambridge,11,2,Jorgensen/ Cohen,18,President,
Cambridge,11,2,Hawkins/ Walker,23,President,
Cambridge,11,2,All Others,9,President,
Cambridge,11,2,No Preference,0,President,
Cambridge,11,2,Blanks,6,President,
Cambridge,11,2,Total Votes Cast,2351,President,
Cambridge,11,3,Biden/ Harris,1705,President,
Cambridge,11,3,Trump/ Pence,152,President,
Cambridge,11,3,Jorgensen/ Cohen,12,President,
Cambridge,11,3,Hawkins/ Walker,12,President,
Cambridge,11,3,All Others,11,President,
Cambridge,11,3,No Preference,0,President,
Cambridge,11,3,Blanks,7,President,
Cambridge,11,3,Total Votes Cast,1899,President,
Cambridge,2,1,Biden/ Harris,1504,President,
Cambridge,2,1,Trump/ Pence,102,President,
Cambridge,2,1,Jorgensen/ Cohen,7,President,
Cambridge,2,1,Hawkins/ Walker,5,President,
Cambridge,2,1,All Others,7,President,
Cambridge,2,1,No Preference,0,President,
Cambridge,2,1,Blanks,15,President,
Cambridge,2,1,Total Votes Cast,1640,President,
Cambridge,2,2,Biden/ Harris,295,President,
Cambridge,2,2,Trump/ Pence,11,President,
Cambridge,2,2,Jorgensen/ Cohen,5,President,
Cambridge,2,2,Hawkins/ Walker,5,President,
Cambridge,2,2,All Others,6,President,
Cambridge,2,2,No Preference,0,President,
Cambridge,2,2,Blanks,1,President,
Cambridge,2,2,Total Votes Cast,323,President,
Cambridge,2,3,Biden/ Harris,808,President,
Cambridge,2,3,Trump/ Pence,76,President,
Cambridge,2,3,Jorgensen/ Cohen,14,President,
Cambridge,2,3,Hawkins/ Walker,7,President,
Cambridge,2,3,All Others,7,President,
Cambridge,2,3,No Preference,0,President,
Cambridge,2,3,Blanks,5,President,
Cambridge,2,3,Total Votes Cast,917,President,
Cambridge,3,1,Biden/ Harris,1553,President,
Cambridge,3,1,Trump/ Pence,191,President,
Cambridge,3,1,Jorgensen/ Cohen,14,President,
Cambridge,3,1,Hawkins/ Walker,8,President,
Cambridge,3,1,All Others,15,President,
Cambridge,3,1,No Preference,0,President,
Cambridge,3,1,Blanks,10,President,
Cambridge,3,1,Total Votes Cast,1791,President,
Cambridge,3,2,Biden/ Harris,938,President,
Cambridge,3,2,Trump/ Pence,62,President,
Cambridge,3,2,Jorgensen/ Cohen,1,President,
Cambridge,3,2,Hawkins/ Walker,6,President,
Cambridge,3,2,All Others,5,President,
Cambridge,3,2,No Preference,0,President,
Cambridge,3,2,Blanks,2,President,
Cambridge,3,2,Total Votes Cast,1014,President,
Cambridge,3,2A,Biden/ Harris,712,President,
Cambridge,3,2A,Trump/ Pence,56,President,
Cambridge,3,2A,Jorgensen/ Cohen,10,President,
Cambridge,3,2A,Hawkins/ Walker,4,President,
Cambridge,3,2A,All Others,3,President,
Cambridge,3,2A,No Preference,0,President,
Cambridge,3,2A,Blanks,3,President,
Cambridge,3,2A,Total Votes Cast,788,President,
Cambridge,3,3,Biden/ Harris,1463,President,
Cambridge,3,3,Trump/ Pence,83,President,
Cambridge,3,3,Jorgensen/ Cohen,5,President,
Cambridge,3,3,Hawkins/ Walker,17,President,
Cambridge,3,3,All Others,8,President,
Cambridge,3,3,No Preference,0,President,
Cambridge,3,3,Blanks,2,President,
Cambridge,3,3,Total Votes Cast,1578,President,
Cambridge,4,1,Biden/ Harris,1873,President,
Cambridge,4,1,Trump/ Pence,75,President,
Cambridge,4,1,Jorgensen/ Cohen,15,President,
Cambridge,4,1,Hawkins/ Walker,16,President,
Cambridge,4,1,All Others,6,President,
Cambridge,4,1,No Preference,0,President,
Cambridge,4,1,Blanks,4,President,
Cambridge,4,1,Total Votes Cast,1989,President,
Cambridge,4,2,Biden/ Harris,1887,President,
Cambridge,4,2,Trump/ Pence,99,President,
Cambridge,4,2,Jorgensen/ Cohen,13,President,
Cambridge,4,2,Hawkins/ Walker,15,President,
Cambridge,4,2,All Others,7,President,
Cambridge,4,2,No Preference,0,President,
Cambridge,4,2,Blanks,6,President,
Cambridge,4,2,Total Votes Cast,2027,President,
Cambridge,4,3,Biden/ Harris,629,President,
Cambridge,4,3,Trump/ Pence,37,President,
Cambridge,4,3,Jorgensen/ Cohen,4,President,
Cambridge,4,3,Hawkins/ Walker,3,President,
Cambridge,4,3,All Others,2,President,
Cambridge,4,3,No Preference,0,President,
Cambridge,4,3,Blanks,2,President,
Cambridge,4,3,Total Votes Cast,677,President,
Cambridge,5,1,Biden/ Harris,1670,President,
Cambridge,5,1,Trump/ Pence,88,President,
Cambridge,5,1,Jorgensen/ Cohen,12,President,
Cambridge,5,1,Hawkins/ Walker,16,President,
Cambridge,5,1,All Others,9,President,
Cambridge,5,1,No Preference,0,President,
Cambridge,5,1,Blanks,10,President,
Cambridge,5,1,Total Votes Cast,1805,President,
Cambridge,5,2,Biden/ Harris,1757,President,
Cambridge,5,2,Trump/ Pence,114,President,
Cambridge,5,2,Jorgensen/ Cohen,12,President,
Cambridge,5,2,Hawkins/ Walker,15,President,
Cambridge,5,2,All Others,9,President,
Cambridge,5,2,No Preference,0,President,
Cambridge,5,2,Blanks,7,President,
Cambridge,5,2,Total Votes Cast,1914,President,
Cambridge,5,3,Biden/ Harris,1309,President,
Cambridge,5,3,Trump/ Pence,60,President,
Cambridge,5,3,Jorgensen/ Cohen,8,President,
Cambridge,5,3,Hawkins/ Walker,14,President,
Cambridge,5,3,All Others,4,President,
Cambridge,5,3,No Preference,0,President,
Cambridge,5,3,Blanks,9,President,
Cambridge,5,3,Total Votes Cast,1404,President,
Cambridge,6,1,Biden/ Harris,1846,President,
Cambridge,6,1,Trump/ Pence,74,President,
Cambridge,6,1,Jorgensen/ Cohen,17,President,
Cambridge,6,1,Hawkins/ Walker,17,President,
Cambridge,6,1,All Others,7,President,
Cambridge,6,1,No Preference,0,President,
Cambridge,6,1,Blanks,10,President,
Cambridge,6,1,Total Votes Cast,1971,President,
Cambridge,6,2,Biden/ Harris,1674,President,
Cambridge,6,2,Trump/ Pence,70,President,
Cambridge,6,2,Jorgensen/ Cohen,17,President,
Cambridge,6,2,Hawkins/ Walker,14,President,
Cambridge,6,2,All Others,8,President,
Cambridge,6,2,No Preference,0,President,
Cambridge,6,2,Blanks,11,President,
Cambridge,6,2,Total Votes Cast,1794,President,
Cambridge,6,3,Biden/ Harris,1805,President,
Cambridge,6,3,Trump/ Pence,136,President,
Cambridge,6,3,Jorgensen/ Cohen,8,President,
Cambridge,6,3,Hawkins/ Walker,10,President,
Cambridge,6,3,All Others,9,President,
Cambridge,6,3,No Preference,0,President,
Cambridge,6,3,Blanks,5,President,
Cambridge,6,3,Total Votes Cast,1973,President,
Cambridge,7,1,Biden/ Harris,1730,President,
Cambridge,7,1,Trump/ Pence,70,President,
Cambridge,7,1,Jorgensen/ Cohen,11,President,
Cambridge,7,1,Hawkins/ Walker,18,President,
Cambridge,7,1,All Others,8,President,
Cambridge,7,1,No Preference,0,President,
Cambridge,7,1,Blanks,8,President,
Cambridge,7,1,Total Votes Cast,1845,President,
Cambridge,7,2,Biden/ Harris,828,President,
Cambridge,7,2,Trump/ Pence,58,President,
Cambridge,7,2,Jorgensen/ Cohen,10,President,
Cambridge,7,2,Hawkins/ Walker,15,President,
Cambridge,7,2,All Others,10,President,
Cambridge,7,2,No Preference,0,President,
Cambridge,7,2,Blanks,5,President,
Cambridge,7,2,Total Votes Cast,926,President,
Cambridge,7,3,Biden/ Harris,505,President,
Cambridge,7,3,Trump/ Pence,33,President,
Cambridge,7,3,Jorgensen/ Cohen,2,President,
Cambridge,7,3,Hawkins/ Walker,5,President,
Cambridge,7,3,All Others,7,President,
Cambridge,7,3,No Preference,0,President,
Cambridge,7,3,Blanks,1,President,
Cambridge,7,3,Total Votes Cast,553,President,
Cambridge,8,1,Biden/ Harris,1213,President,
Cambridge,8,1,Trump/ Pence,55,President,
Cambridge,8,1,Jorgensen/ Cohen,4,President,
Cambridge,8,1,Hawkins/ Walker,10,President,
Cambridge,8,1,All Others,10,President,
Cambridge,8,1,No Preference,0,President,
Cambridge,8,1,Blanks,7,President,
Cambridge,8,1,Total Votes Cast,1299,President,
Cambridge,8,2,Biden/ Harris,1213,President,
Cambridge,8,2,Trump/ Pence,53,President,
Cambridge,8,2,Jorgensen/ Cohen,9,President,
Cambridge,8,2,Hawkins/ Walker,10,President,
Cambridge,8,2,All Others,1,President,
Cambridge,8,2,No Preference,0,President,
Cambridge,8,2,Blanks,3,President,
Cambridge,8,2,Total Votes Cast,1289,President,
Cambridge,8,3,Biden/ Harris,277,President,
Cambridge,8,3,Trump/ Pence,14,President,
Cambridge,8,3,Jorgensen/ Cohen,2,President,
Cambridge,8,3,Hawkins/ Walker,0,President,
Cambridge,8,3,All Others,1,President,
Cambridge,8,3,No Preference,0,President,
Cambridge,8,3,Blanks,1,President,
Cambridge,8,3,Total Votes Cast,295,President,
Cambridge,9,1,Biden/ Harris,2111,President,
Cambridge,9,1,Trump/ Pence,105,President,
Cambridge,9,1,Jorgensen/ Cohen,9,President,
Cambridge,9,1,Hawkins/ Walker,11,President,
Cambridge,9,1,All Others,10,President,
Cambridge,9,1,No Preference,0,President,
Cambridge,9,1,Blanks,6,President,
Cambridge,9,1,Total Votes Cast,2252,President,
Cambridge,9,2,Biden/ Harris,2211,President,
Cambridge,9,2,Trump/ Pence,208,President,
Cambridge,9,2,Jorgensen/ Cohen,17,President,
Cambridge,9,2,Hawkins/ Walker,17,President,
Cambridge,9,2,All Others,8,President,
Cambridge,9,2,No Preference,0,President,
Cambridge,9,2,Blanks,14,President,
Cambridge,9,2,Total Votes Cast,2475,President,
Cambridge,9,3,Biden/ Harris,1697,President,
Cambridge,9,3,Trump/ Pence,197,President,
Cambridge,9,3,Jorgensen/ Cohen,17,President,
Cambridge,9,3,Hawkins/ Walker,12,President,
Cambridge,9,3,All Others,12,President,
Cambridge,9,3,No Preference,0,President,
Cambridge,9,3,Blanks,12,President,
Cambridge,9,3,Total Votes Cast,1947,President,
Canton,-,1,Biden/ Harris,1421,President,
Canton,-,1,Trump/ Pence,742,President,
Canton,-,1,Jorgensen/ Cohen,36,President,
Canton,-,1,Hawkins/ Walker,10,President,
Canton,-,1,All Others,10,President,
Canton,-,1,No Preference,0,President,
Canton,-,1,Blanks,12,President,
Canton,-,1,Total Votes Cast,2231,President,
Canton,-,2,Biden/ Harris,1617,President,
Canton,-,2,Trump/ Pence,825,President,
Canton,-,2,Jorgensen/ Cohen,18,President,
Canton,-,2,Hawkins/ Walker,8,President,
Canton,-,2,All Others,9,President,
Canton,-,2,No Preference,0,President,
Canton,-,2,Blanks,10,President,
Canton,-,2,Total Votes Cast,2487,President,
Canton,-,3,Biden/ Harris,1527,President,
Canton,-,3,Trump/ Pence,781,President,
Canton,-,3,Jorgensen/ Cohen,31,President,
Canton,-,3,Hawkins/ Walker,8,President,
Canton,-,3,All Others,2,President,
Canton,-,3,No Preference,0,President,
Canton,-,3,Blanks,15,President,
Canton,-,3,Total Votes Cast,2364,President,
Canton,-,4,Biden/ Harris,1653,President,
Canton,-,4,Trump/ Pence,1040,President,
Canton,-,4,Jorgensen/ Cohen,33,President,
Canton,-,4,Hawkins/ Walker,10,President,
Canton,-,4,All Others,13,President,
Canton,-,4,No Preference,0,President,
Canton,-,4,Blanks,20,President,
Canton,-,4,Total Votes Cast,2769,President,
Canton,-,5,Biden/ Harris,1546,President,
Canton,-,5,Trump/ Pence,825,President,
Canton,-,5,Jorgensen/ Cohen,38,President,
Canton,-,5,Hawkins/ Walker,6,President,
Canton,-,5,All Others,12,President,
Canton,-,5,No Preference,0,President,
Canton,-,5,Blanks,18,President,
Canton,-,5,Total Votes Cast,2445,President,
Canton,-,6,Biden/ Harris,1458,President,
Canton,-,6,Trump/ Pence,752,President,
Canton,-,6,Jorgensen/ Cohen,31,President,
Canton,-,6,Hawkins/ Walker,14,President,
Canton,-,6,All Others,9,President,
Canton,-,6,No Preference,0,President,
Canton,-,6,Blanks,11,President,
Canton,-,6,Total Votes Cast,2275,President,
Carlisle,-,1,Biden/ Harris,2772,President,
Carlisle,-,1,Trump/ Pence,767,President,
Carlisle,-,1,Jorgensen/ Cohen,58,President,
Carlisle,-,1,Hawkins/ Walker,17,President,
Carlisle,-,1,All Others,24,President,
Carlisle,-,1,No Preference,0,President,
Carlisle,-,1,Blanks,32,President,
Carlisle,-,1,Total Votes Cast,3670,President,
Carver,-,1,Biden/ Harris,1017,President,
Carver,-,1,Trump/ Pence,1161,President,
Carver,-,1,Jorgensen/ Cohen,33,President,
Carver,-,1,Hawkins/ Walker,19,President,
Carver,-,1,All Others,17,President,
Carver,-,1,No Preference,0,President,
Carver,-,1,Blanks,11,President,
Carver,-,1,Total Votes Cast,2258,President,
Carver,-,2,Biden/ Harris,1025,President,
Carver,-,2,Trump/ Pence,1120,President,
Carver,-,2,Jorgensen/ Cohen,27,President,
Carver,-,2,Hawkins/ Walker,10,President,
Carver,-,2,All Others,12,President,
Carver,-,2,No Preference,0,President,
Carver,-,2,Blanks,8,President,
Carver,-,2,Total Votes Cast,2202,President,
Carver,-,3,Biden/ Harris,1235,President,
Carver,-,3,Trump/ Pence,1223,President,
Carver,-,3,Jorgensen/ Cohen,36,President,
Carver,-,3,Hawkins/ Walker,9,President,
Carver,-,3,All Others,17,President,
Carver,-,3,No Preference,0,President,
Carver,-,3,Blanks,21,President,
Carver,-,3,Total Votes Cast,2541,President,
Charlemont,-,1,Biden/ Harris,492,President,
Charlemont,-,1,Trump/ Pence,235,President,
Charlemont,-,1,Jorgensen/ Cohen,12,President,
Charlemont,-,1,Hawkins/ Walker,4,President,
Charlemont,-,1,All Others,0,President,
Charlemont,-,1,No Preference,0,President,
Charlemont,-,1,Blanks,6,President,
Charlemont,-,1,Total Votes Cast,749,President,
Charlton,-,1,Biden/ Harris,952,President,
Charlton,-,1,Trump/ Pence,907,President,
Charlton,-,1,Jorgensen/ Cohen,45,President,
Charlton,-,1,Hawkins/ Walker,11,President,
Charlton,-,1,All Others,6,President,
Charlton,-,1,No Preference,0,President,
Charlton,-,1,Blanks,17,President,
Charlton,-,1,Total Votes Cast,1938,President,
Charlton,-,2,Biden/ Harris,887,President,
Charlton,-,2,Trump/ Pence,1145,President,
Charlton,-,2,Jorgensen/ Cohen,46,President,
Charlton,-,2,Hawkins/ Walker,13,President,
Charlton,-,2,All Others,12,President,
Charlton,-,2,No Preference,0,President,
Charlton,-,2,Blanks,7,President,
Charlton,-,2,Total Votes Cast,2110,President,
Charlton,-,3,Biden/ Harris,975,President,
Charlton,-,3,Trump/ Pence,1122,President,
Charlton,-,3,Jorgensen/ Cohen,28,President,
Charlton,-,3,Hawkins/ Walker,13,President,
Charlton,-,3,All Others,8,President,
Charlton,-,3,No Preference,0,President,
Charlton,-,3,Blanks,12,President,
Charlton,-,3,Total Votes Cast,2158,President,
Charlton,-,4,Biden/ Harris,945,President,
Charlton,-,4,Trump/ Pence,953,President,
Charlton,-,4,Jorgensen/ Cohen,39,President,
Charlton,-,4,Hawkins/ Walker,8,President,
Charlton,-,4,All Others,7,President,
Charlton,-,4,No Preference,0,President,
Charlton,-,4,Blanks,11,President,
Charlton,-,4,Total Votes Cast,1963,President,
Chatham,-,1,Biden/ Harris,3107,President,
Chatham,-,1,Trump/ Pence,1834,President,
Chatham,-,1,Jorgensen/ Cohen,70,President,
Chatham,-,1,Hawkins/ Walker,23,President,
Chatham,-,1,All Others,41,President,
Chatham,-,1,No Preference,0,President,
Chatham,-,1,Blanks,47,President,
Chatham,-,1,Total Votes Cast,5122,President,
Chelmsford,-,1,Biden/ Harris,1615,President,
Chelmsford,-,1,Trump/ Pence,811,President,
Chelmsford,-,1,Jorgensen/ Cohen,37,President,
Chelmsford,-,1,Hawkins/ Walker,9,President,
Chelmsford,-,1,All Others,18,President,
Chelmsford,-,1,No Preference,0,President,
Chelmsford,-,1,Blanks,13,President,
Chelmsford,-,1,Total Votes Cast,2503,President,
Chelmsford,-,2,Biden/ Harris,1463,President,
Chelmsford,-,2,Trump/ Pence,770,President,
Chelmsford,-,2,Jorgensen/ Cohen,37,President,
Chelmsford,-,2,Hawkins/ Walker,11,President,
Chelmsford,-,2,All Others,15,President,
Chelmsford,-,2,No Preference,0,President,
Chelmsford,-,2,Blanks,9,President,
Chelmsford,-,2,Total Votes Cast,2305,President,
Chelmsford,-,3,Biden/ Harris,1403,President,
Chelmsford,-,3,Trump/ Pence,949,President,
Chelmsford,-,3,Jorgensen/ Cohen,36,President,
Chelmsford,-,3,Hawkins/ Walker,14,President,
Chelmsford,-,3,All Others,17,President,
Chelmsford,-,3,No Preference,0,President,
Chelmsford,-,3,Blanks,14,President,
Chelmsford,-,3,Total Votes Cast,2433,President,
Chelmsford,-,4,Biden/ Harris,1405,President,
Chelmsford,-,4,Trump/ Pence,945,President,
Chelmsford,-,4,Jorgensen/ Cohen,46,President,
Chelmsford,-,4,Hawkins/ Walker,8,President,
Chelmsford,-,4,All Others,10,President,
Chelmsford,-,4,No Preference,0,President,
Chelmsford,-,4,Blanks,16,President,
Chelmsford,-,4,Total Votes Cast,2430,President,
Chelmsford,-,5,Biden/ Harris,1563,President,
Chelmsford,-,5,Trump/ Pence,866,President,
Chelmsford,-,5,Jorgensen/ Cohen,56,President,
Chelmsford,-,5,Hawkins/ Walker,11,President,
Chelmsford,-,5,All Others,11,President,
Chelmsford,-,5,No Preference,0,President,
Chelmsford,-,5,Blanks,16,President,
Chelmsford,-,5,Total Votes Cast,2523,President,
Chelmsford,-,6,Biden/ Harris,1576,President,
Chelmsford,-,6,Trump/ Pence,882,President,
Chelmsford,-,6,Jorgensen/ Cohen,47,President,
Chelmsford,-,6,Hawkins/ Walker,16,President,
Chelmsford,-,6,All Others,10,President,
Chelmsford,-,6,No Preference,0,President,
Chelmsford,-,6,Blanks,19,President,
Chelmsford,-,6,Total Votes Cast,2550,President,
Chelmsford,-,7,Biden/ Harris,1660,President,
Chelmsford,-,7,Trump/ Pence,861,President,
Chelmsford,-,7,Jorgensen/ Cohen,59,President,
Chelmsford,-,7,Hawkins/ Walker,9,President,
Chelmsford,-,7,All Others,16,President,
Chelmsford,-,7,No Preference,0,President,
Chelmsford,-,7,Blanks,15,President,
Chelmsford,-,7,Total Votes Cast,2620,President,
Chelmsford,-,8,Biden/ Harris,1552,President,
Chelmsford,-,8,Trump/ Pence,837,President,
Chelmsford,-,8,Jorgensen/ Cohen,43,President,
Chelmsford,-,8,Hawkins/ Walker,11,President,
Chelmsford,-,8,All Others,10,President,
Chelmsford,-,8,No Preference,0,President,
Chelmsford,-,8,Blanks,10,President,
Chelmsford,-,8,Total Votes Cast,2463,President,
Chelmsford,-,9,Biden/ Harris,1664,President,
Chelmsford,-,9,Trump/ Pence,902,President,
Chelmsford,-,9,Jorgensen/ Cohen,37,President,
Chelmsford,-,9,Hawkins/ Walker,17,President,
Chelmsford,-,9,All Others,14,President,
Chelmsford,-,9,No Preference,0,President,
Chelmsford,-,9,Blanks,25,President,
Chelmsford,-,9,Total Votes Cast,2659,President,
Chelsea,1,1,Biden/ Harris,423,President,
Chelsea,1,1,Trump/ Pence,150,President,
Chelsea,1,1,Jorgensen/ Cohen,3,President,
Chelsea,1,1,Hawkins/ Walker,5,President,
Chelsea,1,1,All Others,0,President,
Chelsea,1,1,No Preference,0,President,
Chelsea,1,1,Blanks,9,President,
Chelsea,1,1,Total Votes Cast,590,President,
Chelsea,1,2,Biden/ Harris,284,President,
Chelsea,1,2,Trump/ Pence,86,President,
Chelsea,1,2,Jorgensen/ Cohen,3,President,
Chelsea,1,2,Hawkins/ Walker,0,President,
Chelsea,1,2,All Others,0,President,
Chelsea,1,2,No Preference,0,President,
Chelsea,1,2,Blanks,5,President,
Chelsea,1,2,Total Votes Cast,378,President,
Chelsea,1,3,Biden/ Harris,388,President,
Chelsea,1,3,Trump/ Pence,81,President,
Chelsea,1,3,Jorgensen/ Cohen,5,President,
Chelsea,1,3,Hawkins/ Walker,0,President,
Chelsea,1,3,All Others,0,President,
Chelsea,1,3,No Preference,0,President,
Chelsea,1,3,Blanks,4,President,
Chelsea,1,3,Total Votes Cast,478,President,
Chelsea,1,4,Biden/ Harris,386,President,
Chelsea,1,4,Trump/ Pence,58,President,
Chelsea,1,4,Jorgensen/ Cohen,4,President,
Chelsea,1,4,Hawkins/ Walker,4,President,
Chelsea,1,4,All Others,0,President,
Chelsea,1,4,No Preference,0,President,
Chelsea,1,4,Blanks,4,President,
Chelsea,1,4,Total Votes Cast,456,President,
Chelsea,2,1,Biden/ Harris,1052,President,
Chelsea,2,1,Trump/ Pence,292,President,
Chelsea,2,1,Jorgensen/ Cohen,19,President,
Chelsea,2,1,Hawkins/ Walker,4,President,
Chelsea,2,1,All Others,0,President,
Chelsea,2,1,No Preference,0,President,
Chelsea,2,1,Blanks,23,President,
Chelsea,2,1,Total Votes Cast,1390,President,
Chelsea,2,2,Biden/ Harris,665,President,
Chelsea,2,2,Trump/ Pence,118,President,
Chelsea,2,2,Jorgensen/ Cohen,10,President,
Chelsea,2,2,Hawkins/ Walker,4,President,
Chelsea,2,2,All Others,0,President,
Chelsea,2,2,No Preference,0,President,
Chelsea,2,2,Blanks,11,President,
Chelsea,2,2,Total Votes Cast,808,President,
Chelsea,2,3,Biden/ Harris,285,President,
Chelsea,2,3,Trump/ Pence,57,President,
Chelsea,2,3,Jorgensen/ Cohen,1,President,
Chelsea,2,3,Hawkins/ Walker,5,President,
Chelsea,2,3,All Others,0,President,
Chelsea,2,3,No Preference,0,President,
Chelsea,2,3,Blanks,8,President,
Chelsea,2,3,Total Votes Cast,356,President,
Chelsea,2,4,Biden/ Harris,429,President,
Chelsea,2,4,Trump/ Pence,90,President,
Chelsea,2,4,Jorgensen/ Cohen,3,President,
Chelsea,2,4,Hawkins/ Walker,2,President,
Chelsea,2,4,All Others,0,President,
Chelsea,2,4,No Preference,0,President,
Chelsea,2,4,Blanks,9,President,
Chelsea,2,4,Total Votes Cast,533,President,
Chelsea,3,1,Biden/ Harris,498,President,
Chelsea,3,1,Trump/ Pence,88,President,
Chelsea,3,1,Jorgensen/ Cohen,6,President,
Chelsea,3,1,Hawkins/ Walker,3,President,
Chelsea,3,1,All Others,0,President,
Chelsea,3,1,No Preference,0,President,
Chelsea,3,1,Blanks,8,President,
Chelsea,3,1,Total Votes Cast,603,President,
Chelsea,3,2,Biden/ Harris,636,President,
Chelsea,3,2,Trump/ Pence,131,President,
Chelsea,3,2,Jorgensen/ Cohen,8,President,
Chelsea,3,2,Hawkins/ Walker,2,President,
Chelsea,3,2,All Others,0,President,
Chelsea,3,2,No Preference,0,President,
Chelsea,3,2,Blanks,6,President,
Chelsea,3,2,Total Votes Cast,783,President,
Chelsea,3,3,Biden/ Harris,454,President,
Chelsea,3,3,Trump/ Pence,147,President,
Chelsea,3,3,Jorgensen/ Cohen,6,President,
Chelsea,3,3,Hawkins/ Walker,2,President,
Chelsea,3,3,All Others,0,President,
Chelsea,3,3,No Preference,0,President,
Chelsea,3,3,Blanks,7,President,
Chelsea,3,3,Total Votes Cast,616,President,
Chelsea,3,4,Biden/ Harris,510,President,
Chelsea,3,4,Trump/ Pence,124,President,
Chelsea,3,4,Jorgensen/ Cohen,0,President,
Chelsea,3,4,Hawkins/ Walker,4,President,
Chelsea,3,4,All Others,0,President,
Chelsea,3,4,No Preference,0,President,
Chelsea,3,4,Blanks,4,President,
Chelsea,3,4,Total Votes Cast,642,President,
Chelsea,4,1,Biden/ Harris,564,President,
Chelsea,4,1,Trump/ Pence,160,President,
Chelsea,4,1,Jorgensen/ Cohen,5,President,
Chelsea,4,1,Hawkins/ Walker,9,President,
Chelsea,4,1,All Others,0,President,
Chelsea,4,1,No Preference,0,President,
Chelsea,4,1,Blanks,5,President,
Chelsea,4,1,Total Votes Cast,743,President,
Chelsea,4,2,Biden/ Harris,566,President,
Chelsea,4,2,Trump/ Pence,254,President,
Chelsea,4,2,Jorgensen/ Cohen,13,President,
Chelsea,4,2,Hawkins/ Walker,9,President,
Chelsea,4,2,All Others,0,President,
Chelsea,4,2,No Preference,0,President,
Chelsea,4,2,Blanks,8,President,
Chelsea,4,2,Total Votes Cast,850,President,
Chelsea,4,3,Biden/ Harris,564,President,
Chelsea,4,3,Trump/ Pence,207,President,
Chelsea,4,3,Jorgensen/ Cohen,6,President,
Chelsea,4,3,Hawkins/ Walker,1,President,
Chelsea,4,3,All Others,0,President,
Chelsea,4,3,No Preference,0,President,
Chelsea,4,3,Blanks,7,President,
Chelsea,4,3,Total Votes Cast,785,President,
Chelsea,4,4,Biden/ Harris,451,President,
Chelsea,4,4,Trump/ Pence,172,President,
Chelsea,4,4,Jorgensen/ Cohen,4,President,
Chelsea,4,4,Hawkins/ Walker,4,President,
Chelsea,4,4,All Others,0,President,
Chelsea,4,4,No Preference,0,President,
Chelsea,4,4,Blanks,5,President,
Chelsea,4,4,Total Votes Cast,636,President,
Cheshire,-,1,Biden/ Harris,1124,President,
Cheshire,-,1,Trump/ Pence,775,President,
Cheshire,-,1,Jorgensen/ Cohen,36,President,
Cheshire,-,1,Hawkins/ Walker,0,President,
Cheshire,-,1,All Others,11,President,
Cheshire,-,1,No Preference,0,President,
Cheshire,-,1,Blanks,20,President,
Cheshire,-,1,Total Votes Cast,1966,President,
Chester,-,1,Biden/ Harris,313,President,
Chester,-,1,Trump/ Pence,415,President,
Chester,-,1,Jorgensen/ Cohen,14,President,
Chester,-,1,Hawkins/ Walker,2,President,
Chester,-,1,All Others,0,President,
Chester,-,1,No Preference,0,President,
Chester,-,1,Blanks,5,President,
Chester,-,1,Total Votes Cast,749,President,
Chesterfield,-,1,Biden/ Harris,510,President,
Chesterfield,-,1,Trump/ Pence,287,President,
Chesterfield,-,1,Jorgensen/ Cohen,14,President,
Chesterfield,-,1,Hawkins/ Walker,9,President,
Chesterfield,-,1,All Others,2,President,
Chesterfield,-,1,No Preference,0,President,
Chesterfield,-,1,Blanks,11,President,
Chesterfield,-,1,Total Votes Cast,833,President,
Chicopee,1,A,Biden/ Harris,818,President,
Chicopee,1,A,Trump/ Pence,654,President,
Chicopee,1,A,Jorgensen/ Cohen,20,President,
Chicopee,1,A,Hawkins/ Walker,17,President,
Chicopee,1,A,All Others,9,President,
Chicopee,1,A,No Preference,0,President,
Chicopee,1,A,Blanks,5,President,
Chicopee,1,A,Total Votes Cast,1523,President,
Chicopee,1,B,Biden/ Harris,1020,President,
Chicopee,1,B,Trump/ Pence,775,President,
Chicopee,1,B,Jorgensen/ Cohen,25,President,
Chicopee,1,B,Hawkins/ Walker,13,President,
Chicopee,1,B,All Others,4,President,
Chicopee,1,B,No Preference,0,President,
Chicopee,1,B,Blanks,12,President,
Chicopee,1,B,Total Votes Cast,1849,President,
Chicopee,2,A,Biden/ Harris,646,President,
Chicopee,2,A,Trump/ Pence,339,President,
Chicopee,2,A,Jorgensen/ Cohen,10,President,
Chicopee,2,A,Hawkins/ Walker,5,President,
Chicopee,2,A,All Others,0,President,
Chicopee,2,A,No Preference,0,President,
Chicopee,2,A,Blanks,2,President,
Chicopee,2,A,Total Votes Cast,1002,President,
Chicopee,2,B,Biden/ Harris,910,President,
Chicopee,2,B,Trump/ Pence,757,President,
Chicopee,2,B,Jorgensen/ Cohen,24,President,
Chicopee,2,B,Hawkins/ Walker,8,President,
Chicopee,2,B,All Others,7,President,
Chicopee,2,B,No Preference,0,President,
Chicopee,2,B,Blanks,5,President,
Chicopee,2,B,Total Votes Cast,1711,President,
Chicopee,3,A,Biden/ Harris,755,President,
Chicopee,3,A,Trump/ Pence,610,President,
Chicopee,3,A,Jorgensen/ Cohen,15,President,
Chicopee,3,A,Hawkins/ Walker,7,President,
Chicopee,3,A,All Others,5,President,
Chicopee,3,A,No Preference,0,President,
Chicopee,3,A,Blanks,9,President,
Chicopee,3,A,Total Votes Cast,1401,President,
Chicopee,3,B,Biden/ Harris,650,President,
Chicopee,3,B,Trump/ Pence,465,President,
Chicopee,3,B,Jorgensen/ Cohen,22,President,
Chicopee,3,B,Hawkins/ Walker,7,President,
Chicopee,3,B,All Others,3,President,
Chicopee,3,B,No Preference,0,President,
Chicopee,3,B,Blanks,5,President,
Chicopee,3,B,Total Votes Cast,1152,President,
Chicopee,4,A,Biden/ Harris,788,President,
Chicopee,4,A,Trump/ Pence,499,President,
Chicopee,4,A,Jorgensen/ Cohen,18,President,
Chicopee,4,A,Hawkins/ Walker,8,President,
Chicopee,4,A,All Others,3,President,
Chicopee,4,A,No Preference,0,President,
Chicopee,4,A,Blanks,10,President,
Chicopee,4,A,Total Votes Cast,1326,President,
Chicopee,4,B,Biden/ Harris,797,President,
Chicopee,4,B,Trump/ Pence,447,President,
Chicopee,4,B,Jorgensen/ Cohen,23,President,
Chicopee,4,B,Hawkins/ Walker,8,President,
Chicopee,4,B,All Others,3,President,
Chicopee,4,B,No Preference,0,President,
Chicopee,4,B,Blanks,3,President,
Chicopee,4,B,Total Votes Cast,1281,President,
Chicopee,5,A,Biden/ Harris,886,President,
Chicopee,5,A,Trump/ Pence,554,President,
Chicopee,5,A,Jorgensen/ Cohen,24,President,
Chicopee,5,A,Hawkins/ Walker,9,President,
Chicopee,5,A,All Others,4,President,
Chicopee,5,A,No Preference,0,President,
Chicopee,5,A,Blanks,6,President,
Chicopee,5,A,Total Votes Cast,1483,President,
Chicopee,5,B,Biden/ Harris,767,President,
Chicopee,5,B,Trump/ Pence,539,President,
Chicopee,5,B,Jorgensen/ Cohen,21,President,
Chicopee,5,B,Hawkins/ Walker,7,President,
Chicopee,5,B,All Others,6,President,
Chicopee,5,B,No Preference,0,President,
Chicopee,5,B,Blanks,7,President,
Chicopee,5,B,Total Votes Cast,1347,President,
Chicopee,6,AN,Biden/ Harris,243,President,
Chicopee,6,AN,Trump/ Pence,140,President,
Chicopee,6,AN,Jorgensen/ Cohen,6,President,
Chicopee,6,AN,Hawkins/ Walker,1,President,
Chicopee,6,AN,All Others,3,President,
Chicopee,6,AN,No Preference,0,President,
Chicopee,6,AN,Blanks,3,President,
Chicopee,6,AN,Total Votes Cast,396,President,
Chicopee,6,AS,Biden/ Harris,485,President,
Chicopee,6,AS,Trump/ Pence,389,President,
Chicopee,6,AS,Jorgensen/ Cohen,7,President,
Chicopee,6,AS,Hawkins/ Walker,5,President,
Chicopee,6,AS,All Others,6,President,
Chicopee,6,AS,No Preference,0,President,
Chicopee,6,AS,Blanks,5,President,
Chicopee,6,AS,Total Votes Cast,897,President,
Chicopee,6,BE,Biden/ Harris,690,President,
Chicopee,6,BE,Trump/ Pence,803,President,
Chicopee,6,BE,Jorgensen/ Cohen,22,President,
Chicopee,6,BE,Hawkins/ Walker,13,President,
Chicopee,6,BE,All Others,7,President,
Chicopee,6,BE,No Preference,0,President,
Chicopee,6,BE,Blanks,7,President,
Chicopee,6,BE,Total Votes Cast,1542,President,
Chicopee,6,BW,Biden/ Harris,175,President,
Chicopee,6,BW,Trump/ Pence,161,President,
Chicopee,6,BW,Jorgensen/ Cohen,5,President,
Chicopee,6,BW,Hawkins/ Walker,3,President,
Chicopee,6,BW,All Others,1,President,
Chicopee,6,BW,No Preference,0,President,
Chicopee,6,BW,Blanks,1,President,
Chicopee,6,BW,Total Votes Cast,346,President,
Chicopee,7,A,Biden/ Harris,649,President,
Chicopee,7,A,Trump/ Pence,402,President,
Chicopee,7,A,Jorgensen/ Cohen,16,President,
Chicopee,7,A,Hawkins/ Walker,8,President,
Chicopee,7,A,All Others,2,President,
Chicopee,7,A,No Preference,0,President,
Chicopee,7,A,Blanks,9,President,
Chicopee,7,A,Total Votes Cast,1086,President,
Chicopee,7,B,Biden/ Harris,802,President,
Chicopee,7,B,Trump/ Pence,439,President,
Chicopee,7,B,Jorgensen/ Cohen,21,President,
Chicopee,7,B,Hawkins/ Walker,12,President,
Chicopee,7,B,All Others,2,President,
Chicopee,7,B,No Preference,0,President,
Chicopee,7,B,Blanks,6,President,
Chicopee,7,B,Total Votes Cast,1282,President,
Chicopee,8,A,Biden/ Harris,855,President,
Chicopee,8,A,Trump/ Pence,628,President,
Chicopee,8,A,Jorgensen/ Cohen,42,President,
Chicopee,8,A,Hawkins/ Walker,12,President,
Chicopee,8,A,All Others,6,President,
Chicopee,8,A,No Preference,0,President,
Chicopee,8,A,Blanks,8,President,
Chicopee,8,A,Total Votes Cast,1551,President,
Chicopee,8,B,Biden/ Harris,738,President,
Chicopee,8,B,Trump/ Pence,602,President,
Chicopee,8,B,Jorgensen/ Cohen,20,President,
Chicopee,8,B,Hawkins/ Walker,8,President,
Chicopee,8,B,All Others,6,President,
Chicopee,8,B,No Preference,0,President,
Chicopee,8,B,Blanks,6,President,
Chicopee,8,B,Total Votes Cast,1380,President,
Chicopee,9,A,Biden/ Harris,846,President,
Chicopee,9,A,Trump/ Pence,631,President,
Chicopee,9,A,Jorgensen/ Cohen,28,President,
Chicopee,9,A,Hawkins/ Walker,12,President,
Chicopee,9,A,All Others,3,President,
Chicopee,9,A,No Preference,0,President,
Chicopee,9,A,Blanks,9,President,
Chicopee,9,A,Total Votes Cast,1529,President,
Chicopee,9,B,Biden/ Harris,982,President,
Chicopee,9,B,Trump/ Pence,802,President,
Chicopee,9,B,Jorgensen/ Cohen,28,President,
Chicopee,9,B,Hawkins/ Walker,11,President,
Chicopee,9,B,All Others,6,President,
Chicopee,9,B,No Preference,0,President,
Chicopee,9,B,Blanks,13,President,
Chicopee,9,B,Total Votes Cast,1842,President,
Chilmark,-,1,Biden/ Harris,796,President,
Chilmark,-,1,Trump/ Pence,111,President,
Chilmark,-,1,Jorgensen/ Cohen,5,President,
Chilmark,-,1,Hawkins/ Walker,3,President,
Chilmark,-,1,All Others,6,President,
Chilmark,-,1,No Preference,0,President,
Chilmark,-,1,Blanks,3,President,
Chilmark,-,1,Total Votes Cast,924,President,
Clarksburg,-,1,Biden/ Harris,583,President,
Clarksburg,-,1,Trump/ Pence,390,President,
Clarksburg,-,1,Jorgensen/ Cohen,13,President,
Clarksburg,-,1,Hawkins/ Walker,2,President,
Clarksburg,-,1,All Others,2,President,
Clarksburg,-,1,No Preference,0,President,
Clarksburg,-,1,Blanks,12,President,
Clarksburg,-,1,Total Votes Cast,1002,President,
Clinton,-,1,Biden/ Harris,1287,President,
Clinton,-,1,Trump/ Pence,717,President,
Clinton,-,1,Jorgensen/ Cohen,40,President,
Clinton,-,1,Hawkins/ Walker,13,President,
Clinton,-,1,All Others,13,President,
Clinton,-,1,No Preference,0,President,
Clinton,-,1,Blanks,7,President,
Clinton,-,1,Total Votes Cast,2077,President,
Clinton,-,2,Biden/ Harris,1145,President,
Clinton,-,2,Trump/ Pence,666,President,
Clinton,-,2,Jorgensen/ Cohen,44,President,
Clinton,-,2,Hawkins/ Walker,20,President,
Clinton,-,2,All Others,5,President,
Clinton,-,2,No Preference,0,President,
Clinton,-,2,Blanks,8,President,
Clinton,-,2,Total Votes Cast,1888,President,
Clinton,-,3,Biden/ Harris,1197,President,
Clinton,-,3,Trump/ Pence,757,President,
Clinton,-,3,Jorgensen/ Cohen,40,President,
Clinton,-,3,Hawkins/ Walker,14,President,
Clinton,-,3,All Others,10,President,
Clinton,-,3,No Preference,0,President,
Clinton,-,3,Blanks,11,President,
Clinton,-,3,Total Votes Cast,2029,President,
Clinton,-,4,Biden/ Harris,1059,President,
Clinton,-,4,Trump/ Pence,746,President,
Clinton,-,4,Jorgensen/ Cohen,34,President,
Clinton,-,4,Hawkins/ Walker,7,President,
Clinton,-,4,All Others,12,President,
Clinton,-,4,No Preference,0,President,
Clinton,-,4,Blanks,8,President,
Clinton,-,4,Total Votes Cast,1866,President,
Cohasset,-,1,Biden/ Harris,1849,President,
Cohasset,-,1,Trump/ Pence,786,President,
Cohasset,-,1,Jorgensen/ Cohen,41,President,
Cohasset,-,1,Hawkins/ Walker,5,President,
Cohasset,-,1,All Others,32,President,
Cohasset,-,1,No Preference,0,President,
Cohasset,-,1,Blanks,18,President,
Cohasset,-,1,Total Votes Cast,2731,President,
Cohasset,-,2,Biden/ Harris,2000,President,
Cohasset,-,2,Trump/ Pence,879,President,
Cohasset,-,2,Jorgensen/ Cohen,55,President,
Cohasset,-,2,Hawkins/ Walker,6,President,
Cohasset,-,2,All Others,16,President,
Cohasset,-,2,No Preference,0,President,
Cohasset,-,2,Blanks,40,President,
Cohasset,-,2,Total Votes Cast,2996,President,
Colrain,-,1,Biden/ Harris,667,President,
Colrain,-,1,Trump/ Pence,306,President,
Colrain,-,1,Jorgensen/ Cohen,20,President,
Colrain,-,1,Hawkins/ Walker,10,President,
Colrain,-,1,All Others,4,President,
Colrain,-,1,No Preference,0,President,
Colrain,-,1,Blanks,5,President,
Colrain,-,1,Total Votes Cast,1012,President,
Concord,-,1,Biden/ Harris,1930,President,
Concord,-,1,Trump/ Pence,354,President,
Concord,-,1,Jorgensen/ Cohen,34,President,
Concord,-,1,Hawkins/ Walker,10,President,
Concord,-,1,All Others,18,President,
Concord,-,1,No Preference,0,President,
Concord,-,1,Blanks,19,President,
Concord,-,1,Total Votes Cast,2365,President,
Concord,-,2,Biden/ Harris,2261,President,
Concord,-,2,Trump/ Pence,444,President,
Concord,-,2,Jorgensen/ Cohen,33,President,
Concord,-,2,Hawkins/ Walker,11,President,
Concord,-,2,All Others,23,President,
Concord,-,2,No Preference,0,President,
Concord,-,2,Blanks,13,President,
Concord,-,2,Total Votes Cast,2785,President,
Concord,-,3,Biden/ Harris,2058,President,
Concord,-,3,Trump/ Pence,435,President,
Concord,-,3,Jorgensen/ Cohen,31,President,
Concord,-,3,Hawkins/ Walker,13,President,
Concord,-,3,All Others,19,President,
Concord,-,3,No Preference,0,President,
Concord,-,3,Blanks,19,President,
Concord,-,3,Total Votes Cast,2575,President,
Concord,-,4,Biden/ Harris,2338,President,
Concord,-,4,Trump/ Pence,476,President,
Concord,-,4,Jorgensen/ Cohen,41,President,
Concord,-,4,Hawkins/ Walker,14,President,
Concord,-,4,All Others,23,President,
Concord,-,4,No Preference,0,President,
Concord,-,4,Blanks,17,President,
Concord,-,4,Total Votes Cast,2909,President,
Concord,-,5,Biden/ Harris,1437,President,
Concord,-,5,Trump/ Pence,268,President,
Concord,-,5,Jorgensen/ Cohen,21,President,
Concord,-,5,Hawkins/ Walker,4,President,
Concord,-,5,All Others,15,President,
Concord,-,5,No Preference,0,President,
Concord,-,5,Blanks,12,President,
Concord,-,5,Total Votes Cast,1757,President,
Conway,-,1,Biden/ Harris,989,President,
Conway,-,1,Trump/ Pence,278,President,
Conway,-,1,Jorgensen/ Cohen,24,President,
Conway,-,1,Hawkins/ Walker,11,President,
Conway,-,1,All Others,1,President,
Conway,-,1,No Preference,0,President,
Conway,-,1,Blanks,5,President,
Conway,-,1,Total Votes Cast,1308,President,
Cummington,-,1,Biden/ Harris,413,President,
Cummington,-,1,Trump/ Pence,162,President,
Cummington,-,1,Jorgensen/ Cohen,7,President,
Cummington,-,1,Hawkins/ Walker,4,President,
Cummington,-,1,All Others,5,President,
Cummington,-,1,No Preference,0,President,
Cummington,-,1,Blanks,5,President,
Cummington,-,1,Total Votes Cast,596,President,
Dalton,-,1,Biden/ Harris,1305,President,
Dalton,-,1,Trump/ Pence,560,President,
Dalton,-,1,Jorgensen/ Cohen,33,President,
Dalton,-,1,Hawkins/ Walker,13,President,
Dalton,-,1,All Others,5,President,
Dalton,-,1,No Preference,0,President,
Dalton,-,1,Blanks,5,President,
Dalton,-,1,Total Votes Cast,1921,President,
Dalton,-,2,Biden/ Harris,1377,President,
Dalton,-,2,Trump/ Pence,479,President,
Dalton,-,2,Jorgensen/ Cohen,30,President,
Dalton,-,2,Hawkins/ Walker,14,President,
Dalton,-,2,All Others,5,President,
Dalton,-,2,No Preference,0,President,
Dalton,-,2,Blanks,6,President,
Dalton,-,2,Total Votes Cast,1911,President,
Danvers,-,1,Biden/ Harris,1339,President,
Danvers,-,1,Trump/ Pence,759,President,
Danvers,-,1,Jorgensen/ Cohen,26,President,
Danvers,-,1,Hawkins/ Walker,13,President,
Danvers,-,1,All Others,0,President,
Danvers,-,1,No Preference,0,President,
Danvers,-,1,Blanks,15,President,
Danvers,-,1,Total Votes Cast,2152,President,
Danvers,-,2,Biden/ Harris,1256,President,
Danvers,-,2,Trump/ Pence,796,President,
Danvers,-,2,Jorgensen/ Cohen,28,President,
Danvers,-,2,Hawkins/ Walker,11,President,
Danvers,-,2,All Others,12,President,
Danvers,-,2,No Preference,0,President,
Danvers,-,2,Blanks,12,President,
Danvers,-,2,Total Votes Cast,2115,President,
Danvers,-,3,Biden/ Harris,1060,President,
Danvers,-,3,Trump/ Pence,736,President,
Danvers,-,3,Jorgensen/ Cohen,18,President,
Danvers,-,3,Hawkins/ Walker,12,President,
Danvers,-,3,All Others,4,President,
Danvers,-,3,No Preference,0,President,
Danvers,-,3,Blanks,18,President,
Danvers,-,3,Total Votes Cast,1848,President,
Danvers,-,4,Biden/ Harris,1328,President,
Danvers,-,4,Trump/ Pence,766,President,
Danvers,-,4,Jorgensen/ Cohen,27,President,
Danvers,-,4,Hawkins/ Walker,9,President,
Danvers,-,4,All Others,5,President,
Danvers,-,4,No Preference,0,President,
Danvers,-,4,Blanks,30,President,
Danvers,-,4,Total Votes Cast,2165,President,
Danvers,-,5,Biden/ Harris,1266,President,
Danvers,-,5,Trump/ Pence,948,President,
Danvers,-,5,Jorgensen/ Cohen,21,President,
Danvers,-,5,Hawkins/ Walker,13,President,
Danvers,-,5,All Others,10,President,
Danvers,-,5,No Preference,0,President,
Danvers,-,5,Blanks,17,President,
Danvers,-,5,Total Votes Cast,2275,President,
Danvers,-,6,Biden/ Harris,1169,President,
Danvers,-,6,Trump/ Pence,964,President,
Danvers,-,6,Jorgensen/ Cohen,25,President,
Danvers,-,6,Hawkins/ Walker,11,President,
Danvers,-,6,All Others,7,President,
Danvers,-,6,No Preference,0,President,
Danvers,-,6,Blanks,21,President,
Danvers,-,6,Total Votes Cast,2197,President,
Danvers,-,7,Biden/ Harris,1277,President,
Danvers,-,7,Trump/ Pence,860,President,
Danvers,-,7,Jorgensen/ Cohen,38,President,
Danvers,-,7,Hawkins/ Walker,11,President,
Danvers,-,7,All Others,6,President,
Danvers,-,7,No Preference,0,President,
Danvers,-,7,Blanks,23,President,
Danvers,-,7,Total Votes Cast,2215,President,
Danvers,-,8,Biden/ Harris,1138,President,
Danvers,-,8,Trump/ Pence,896,President,
Danvers,-,8,Jorgensen/ Cohen,28,President,
Danvers,-,8,Hawkins/ Walker,11,President,
Danvers,-,8,All Others,3,President,
Danvers,-,8,No Preference,0,President,
Danvers,-,8,Blanks,19,President,
Danvers,-,8,Total Votes Cast,2095,President,
Dartmouth,-,1,Biden/ Harris,1056,President,
Dartmouth,-,1,Trump/ Pence,1314,President,
Dartmouth,-,1,Jorgensen/ Cohen,41,President,
Dartmouth,-,1,Hawkins/ Walker,4,President,
Dartmouth,-,1,All Others,7,President,
Dartmouth,-,1,No Preference,0,President,
Dartmouth,-,1,Blanks,11,President,
Dartmouth,-,1,Total Votes Cast,2433,President,
Dartmouth,-,2,Biden/ Harris,790,President,
Dartmouth,-,2,Trump/ Pence,668,President,
Dartmouth,-,2,Jorgensen/ Cohen,10,President,
Dartmouth,-,2,Hawkins/ Walker,7,President,
Dartmouth,-,2,All Others,7,President,
Dartmouth,-,2,No Preference,0,President,
Dartmouth,-,2,Blanks,7,President,
Dartmouth,-,2,Total Votes Cast,1489,President,
Dartmouth,-,3,Biden/ Harris,44,President,
Dartmouth,-,3,Trump/ Pence,3,President,
Dartmouth,-,3,Jorgensen/ Cohen,0,President,
Dartmouth,-,3,Hawkins/ Walker,0,President,
Dartmouth,-,3,All Others,0,President,
Dartmouth,-,3,No Preference,0,President,
Dartmouth,-,3,Blanks,0,President,
Dartmouth,-,3,Total Votes Cast,47,President,
Dartmouth,-,4,Biden/ Harris,1191,President,
Dartmouth,-,4,Trump/ Pence,938,President,
Dartmouth,-,4,Jorgensen/ Cohen,21,President,
Dartmouth,-,4,Hawkins/ Walker,14,President,
Dartmouth,-,4,All Others,5,President,
Dartmouth,-,4,No Preference,0,President,
Dartmouth,-,4,Blanks,8,President,
Dartmouth,-,4,Total Votes Cast,2177,President,
Dartmouth,-,5,Biden/ Harris,1292,President,
Dartmouth,-,5,Trump/ Pence,1021,President,
Dartmouth,-,5,Jorgensen/ Cohen,18,President,
Dartmouth,-,5,Hawkins/ Walker,11,President,
Dartmouth,-,5,All Others,11,President,
Dartmouth,-,5,No Preference,0,President,
Dartmouth,-,5,Blanks,14,President,
Dartmouth,-,5,Total Votes Cast,2367,President,
Dartmouth,-,6,Biden/ Harris,953,President,
Dartmouth,-,6,Trump/ Pence,844,President,
Dartmouth,-,6,Jorgensen/ Cohen,15,President,
Dartmouth,-,6,Hawkins/ Walker,8,President,
Dartmouth,-,6,All Others,3,President,
Dartmouth,-,6,No Preference,0,President,
Dartmouth,-,6,Blanks,11,President,
Dartmouth,-,6,Total Votes Cast,1834,President,
Dartmouth,-,7,Biden/ Harris,1197,President,
Dartmouth,-,7,Trump/ Pence,1020,President,
Dartmouth,-,7,Jorgensen/ Cohen,22,President,
Dartmouth,-,7,Hawkins/ Walker,8,President,
Dartmouth,-,7,All Others,5,President,
Dartmouth,-,7,No Preference,0,President,
Dartmouth,-,7,Blanks,15,President,
Dartmouth,-,7,Total Votes Cast,2267,President,
Dartmouth,-,8,Biden/ Harris,1635,President,
Dartmouth,-,8,Trump/ Pence,937,President,
Dartmouth,-,8,Jorgensen/ Cohen,25,President,
Dartmouth,-,8,Hawkins/ Walker,5,President,
Dartmouth,-,8,All Others,13,President,
Dartmouth,-,8,No Preference,0,President,
Dartmouth,-,8,Blanks,17,President,
Dartmouth,-,8,Total Votes Cast,2632,President,
Dartmouth,-,9,Biden/ Harris,1634,President,
Dartmouth,-,9,Trump/ Pence,1033,President,
Dartmouth,-,9,Jorgensen/ Cohen,29,President,
Dartmouth,-,9,Hawkins/ Walker,13,President,
Dartmouth,-,9,All Others,12,President,
Dartmouth,-,9,No Preference,0,President,
Dartmouth,-,9,Blanks,12,President,
Dartmouth,-,9,Total Votes Cast,2733,President,
Dedham,-,1,Biden/ Harris,1762,President,
Dedham,-,1,Trump/ Pence,489,President,
Dedham,-,1,Jorgensen/ Cohen,14,President,
Dedham,-,1,Hawkins/ Walker,5,President,
Dedham,-,1,All Others,27,President,
Dedham,-,1,No Preference,0,President,
Dedham,-,1,Blanks,23,President,
Dedham,-,1,Total Votes Cast,2320,President,
Dedham,-,2,Biden/ Harris,1522,President,
Dedham,-,2,Trump/ Pence,698,President,
Dedham,-,2,Jorgensen/ Cohen,21,President,
Dedham,-,2,Hawkins/ Walker,12,President,
Dedham,-,2,All Others,9,President,
Dedham,-,2,No Preference,0,President,
Dedham,-,2,Blanks,22,President,
Dedham,-,2,Total Votes Cast,2284,President,
Dedham,-,3,Biden/ Harris,1423,President,
Dedham,-,3,Trump/ Pence,608,President,
Dedham,-,3,Jorgensen/ Cohen,28,President,
Dedham,-,3,Hawkins/ Walker,17,President,
Dedham,-,3,All Others,8,President,
Dedham,-,3,No Preference,0,President,
Dedham,-,3,Blanks,8,President,
Dedham,-,3,Total Votes Cast,2092,President,
Dedham,-,4,Biden/ Harris,1502,President,
Dedham,-,4,Trump/ Pence,639,President,
Dedham,-,4,Jorgensen/ Cohen,30,President,
Dedham,-,4,Hawkins/ Walker,5,President,
Dedham,-,4,All Others,8,President,
Dedham,-,4,No Preference,0,President,
Dedham,-,4,Blanks,17,President,
Dedham,-,4,Total Votes Cast,2201,President,
Dedham,-,5,Biden/ Harris,1525,President,
Dedham,-,5,Trump/ Pence,795,President,
Dedham,-,5,Jorgensen/ Cohen,33,President,
Dedham,-,5,Hawkins/ Walker,11,President,
Dedham,-,5,All Others,10,President,
Dedham,-,5,No Preference,0,President,
Dedham,-,5,Blanks,11,President,
Dedham,-,5,Total Votes Cast,2385,President,
Dedham,-,6,Biden/ Harris,1652,President,
Dedham,-,6,Trump/ Pence,719,President,
Dedham,-,6,Jorgensen/ Cohen,38,President,
Dedham,-,6,Hawkins/ Walker,5,President,
Dedham,-,6,All Others,11,President,
Dedham,-,6,No Preference,0,President,
Dedham,-,6,Blanks,18,President,
Dedham,-,6,Total Votes Cast,2443,President,
Dedham,-,7,Biden/ Harris,1374,President,
Dedham,-,7,Trump/ Pence,823,President,
Dedham,-,7,Jorgensen/ Cohen,27,President,
Dedham,-,7,Hawkins/ Walker,5,President,
Dedham,-,7,All Others,12,President,
Dedham,-,7,No Preference,0,President,
Dedham,-,7,Blanks,15,President,
Dedham,-,7,Total Votes Cast,2256,President,
Deerfield,-,1,Biden/ Harris,2425,President,
Deerfield,-,1,Trump/ Pence,839,President,
Deerfield,-,1,Jorgensen/ Cohen,55,President,
Deerfield,-,1,Hawkins/ Walker,21,President,
Deerfield,-,1,All Others,10,President,
Deerfield,-,1,No Preference,0,President,
Deerfield,-,1,Blanks,20,President,
Deerfield,-,1,Total Votes Cast,3370,President,
Dennis,-,1,Biden/ Harris,1280,President,
Dennis,-,1,Trump/ Pence,868,President,
Dennis,-,1,Jorgensen/ Cohen,20,President,
Dennis,-,1,Hawkins/ Walker,2,President,
Dennis,-,1,All Others,8,President,
Dennis,-,1,No Preference,0,President,
Dennis,-,1,Blanks,13,President,
Dennis,-,1,Total Votes Cast,2191,President,
Dennis,-,2,Biden/ Harris,1316,President,
Dennis,-,2,Trump/ Pence,862,President,
Dennis,-,2,Jorgensen/ Cohen,21,President,
Dennis,-,2,Hawkins/ Walker,4,President,
Dennis,-,2,All Others,12,President,
Dennis,-,2,No Preference,0,President,
Dennis,-,2,Blanks,16,President,
Dennis,-,2,Total Votes Cast,2231,President,
Dennis,-,3,Biden/ Harris,1109,President,
Dennis,-,3,Trump/ Pence,674,President,
Dennis,-,3,Jorgensen/ Cohen,25,President,
Dennis,-,3,Hawkins/ Walker,8,President,
Dennis,-,3,All Others,5,President,
Dennis,-,3,No Preference,0,President,
Dennis,-,3,Blanks,6,President,
Dennis,-,3,Total Votes Cast,1827,President,
Dennis,-,4,Biden/ Harris,1266,President,
Dennis,-,4,Trump/ Pence,792,President,
Dennis,-,4,Jorgensen/ Cohen,23,President,
Dennis,-,4,Hawkins/ Walker,14,President,
Dennis,-,4,All Others,11,President,
Dennis,-,4,No Preference,0,President,
Dennis,-,4,Blanks,6,President,
Dennis,-,4,Total Votes Cast,2112,President,
Dennis,-,5,Biden/ Harris,1210,President,
Dennis,-,5,Trump/ Pence,742,President,
Dennis,-,5,Jorgensen/ Cohen,30,President,
Dennis,-,5,Hawkins/ Walker,8,President,
Dennis,-,5,All Others,11,President,
Dennis,-,5,No Preference,0,President,
Dennis,-,5,Blanks,12,President,
Dennis,-,5,Total Votes Cast,2013,President,
Dighton,-,1,Biden/ Harris,1000,President,
Dighton,-,1,Trump/ Pence,1147,President,
Dighton,-,1,Jorgensen/ Cohen,36,President,
Dighton,-,1,Hawkins/ Walker,12,President,
Dighton,-,1,All Others,10,President,
Dighton,-,1,No Preference,0,President,
Dighton,-,1,Blanks,8,President,
Dighton,-,1,Total Votes Cast,2213,President,
Dighton,-,2,Biden/ Harris,1139,President,
Dighton,-,2,Trump/ Pence,1326,President,
Dighton,-,2,Jorgensen/ Cohen,26,President,
Dighton,-,2,Hawkins/ Walker,13,President,
Dighton,-,2,All Others,15,President,
Dighton,-,2,No Preference,0,President,
Dighton,-,2,Blanks,11,President,
Dighton,-,2,Total Votes Cast,2530,President,
Douglas,-,1,Biden/ Harris,816,President,
Douglas,-,1,Trump/ Pence,1051,President,
Douglas,-,1,Jorgensen/ Cohen,31,President,
Douglas,-,1,Hawkins/ Walker,11,President,
Douglas,-,1,All Others,0,President,
Douglas,-,1,No Preference,0,President,
Douglas,-,1,Blanks,15,President,
Douglas,-,1,Total Votes Cast,1924,President,
Douglas,-,2,Biden/ Harris,839,President,
Douglas,-,2,Trump/ Pence,982,President,
Douglas,-,2,Jorgensen/ Cohen,37,President,
Douglas,-,2,Hawkins/ Walker,9,President,
Douglas,-,2,All Others,0,President,
Douglas,-,2,No Preference,0,President,
Douglas,-,2,Blanks,17,President,
Douglas,-,2,Total Votes Cast,1884,President,
Douglas,-,3,Biden/ Harris,803,President,
Douglas,-,3,Trump/ Pence,923,President,
Douglas,-,3,Jorgensen/ Cohen,23,President,
Douglas,-,3,Hawkins/ Walker,9,President,
Douglas,-,3,All Others,0,President,
Douglas,-,3,No Preference,0,President,
Douglas,-,3,Blanks,21,President,
Douglas,-,3,Total Votes Cast,1779,President,
Dover,-,1,Biden/ Harris,2761,President,
Dover,-,1,Trump/ Pence,1142,President,
Dover,-,1,Jorgensen/ Cohen,67,President,
Dover,-,1,Hawkins/ Walker,14,President,
Dover,-,1,All Others,39,President,
Dover,-,1,No Preference,0,President,
Dover,-,1,Blanks,41,President,
Dover,-,1,Total Votes Cast,4064,President,
Dracut,-,1,Biden/ Harris,893,President,
Dracut,-,1,Trump/ Pence,820,President,
Dracut,-,1,Jorgensen/ Cohen,26,President,
Dracut,-,1,Hawkins/ Walker,11,President,
Dracut,-,1,All Others,0,President,
Dracut,-,1,No Preference,0,President,
Dracut,-,1,Blanks,15,President,
Dracut,-,1,Total Votes Cast,1765,President,
Dracut,-,2,Biden/ Harris,799,President,
Dracut,-,2,Trump/ Pence,743,President,
Dracut,-,2,Jorgensen/ Cohen,23,President,
Dracut,-,2,Hawkins/ Walker,7,President,
Dracut,-,2,All Others,0,President,
Dracut,-,2,No Preference,0,President,
Dracut,-,2,Blanks,19,President,
Dracut,-,2,Total Votes Cast,1591,President,
Dracut,-,3,Biden/ Harris,942,President,
Dracut,-,3,Trump/ Pence,947,President,
Dracut,-,3,Jorgensen/ Cohen,28,President,
Dracut,-,3,Hawkins/ Walker,2,President,
Dracut,-,3,All Others,0,President,
Dracut,-,3,No Preference,0,President,
Dracut,-,3,Blanks,19,President,
Dracut,-,3,Total Votes Cast,1938,President,
Dracut,-,4,Biden/ Harris,1124,President,
Dracut,-,4,Trump/ Pence,1210,President,
Dracut,-,4,Jorgensen/ Cohen,33,President,
Dracut,-,4,Hawkins/ Walker,8,President,
Dracut,-,4,All Others,0,President,
Dracut,-,4,No Preference,0,President,
Dracut,-,4,Blanks,52,President,
Dracut,-,4,Total Votes Cast,2427,President,
Dracut,-,5,Biden/ Harris,894,President,
Dracut,-,5,Trump/ Pence,1010,President,
Dracut,-,5,Jorgensen/ Cohen,34,President,
Dracut,-,5,Hawkins/ Walker,10,President,
Dracut,-,5,All Others,0,President,
Dracut,-,5,No Preference,0,President,
Dracut,-,5,Blanks,8,President,
Dracut,-,5,Total Votes Cast,1956,President,
Dracut,-,6,Biden/ Harris,923,President,
Dracut,-,6,Trump/ Pence,869,President,
Dracut,-,6,Jorgensen/ Cohen,25,President,
Dracut,-,6,Hawkins/ Walker,8,President,
Dracut,-,6,All Others,0,President,
Dracut,-,6,No Preference,0,President,
Dracut,-,6,Blanks,6,President,
Dracut,-,6,Total Votes Cast,1831,President,
Dracut,-,6A,Biden/ Harris,39,President,
Dracut,-,6A,Trump/ Pence,33,President,
Dracut,-,6A,Jorgensen/ Cohen,0,President,
Dracut,-,6A,Hawkins/ Walker,0,President,
Dracut,-,6A,All Others,0,President,
Dracut,-,6A,No Preference,0,President,
Dracut,-,6A,Blanks,0,President,
Dracut,-,6A,Total Votes Cast,72,President,
Dracut,-,7,Biden/ Harris,986,President,
Dracut,-,7,Trump/ Pence,811,President,
Dracut,-,7,Jorgensen/ Cohen,21,President,
Dracut,-,7,Hawkins/ Walker,9,President,
Dracut,-,7,All Others,0,President,
Dracut,-,7,No Preference,0,President,
Dracut,-,7,Blanks,5,President,
Dracut,-,7,Total Votes Cast,1832,President,
Dracut,-,8,Biden/ Harris,1155,President,
Dracut,-,8,Trump/ Pence,1397,President,
Dracut,-,8,Jorgensen/ Cohen,39,President,
Dracut,-,8,Hawkins/ Walker,6,President,
Dracut,-,8,All Others,0,President,
Dracut,-,8,No Preference,0,President,
Dracut,-,8,Blanks,30,President,
Dracut,-,8,Total Votes Cast,2627,President,
Dracut,-,9,Biden/ Harris,951,President,
Dracut,-,9,Trump/ Pence,972,President,
Dracut,-,9,Jorgensen/ Cohen,24,President,
Dracut,-,9,Hawkins/ Walker,13,President,
Dracut,-,9,All Others,0,President,
Dracut,-,9,No Preference,0,President,
Dracut,-,9,Blanks,28,President,
Dracut,-,9,Total Votes Cast,1988,President,
Dudley,-,1,Biden/ Harris,1071,President,
Dudley,-,1,Trump/ Pence,1203,President,
Dudley,-,1,Jorgensen/ Cohen,46,President,
Dudley,-,1,Hawkins/ Walker,10,President,
Dudley,-,1,All Others,10,President,
Dudley,-,1,No Preference,0,President,
Dudley,-,1,Blanks,12,President,
Dudley,-,1,Total Votes Cast,2352,President,
Dudley,-,2,Biden/ Harris,906,President,
Dudley,-,2,Trump/ Pence,1068,President,
Dudley,-,2,Jorgensen/ Cohen,36,President,
Dudley,-,2,Hawkins/ Walker,8,President,
Dudley,-,2,All Others,10,President,
Dudley,-,2,No Preference,0,President,
Dudley,-,2,Blanks,6,President,
Dudley,-,2,Total Votes Cast,2034,President,
Dudley,-,3,Biden/ Harris,767,President,
Dudley,-,3,Trump/ Pence,921,President,
Dudley,-,3,Jorgensen/ Cohen,21,President,
Dudley,-,3,Hawkins/ Walker,9,President,
Dudley,-,3,All Others,6,President,
Dudley,-,3,No Preference,0,President,
Dudley,-,3,Blanks,5,President,
Dudley,-,3,Total Votes Cast,1729,President,
Dunstable,-,1,Biden/ Harris,1243,President,
Dunstable,-,1,Trump/ Pence,877,President,
Dunstable,-,1,Jorgensen/ Cohen,46,President,
Dunstable,-,1,Hawkins/ Walker,7,President,
Dunstable,-,1,All Others,0,President,
Dunstable,-,1,No Preference,0,President,
Dunstable,-,1,Blanks,30,President,
Dunstable,-,1,Total Votes Cast,2203,President,
Duxbury,-,1,Biden/ Harris,1326,President,
Duxbury,-,1,Trump/ Pence,753,President,
Duxbury,-,1,Jorgensen/ Cohen,29,President,
Duxbury,-,1,Hawkins/ Walker,4,President,
Duxbury,-,1,All Others,13,President,
Duxbury,-,1,No Preference,0,President,
Duxbury,-,1,Blanks,18,President,
Duxbury,-,1,Total Votes Cast,2143,President,
Duxbury,-,2,Biden/ Harris,1217,President,
Duxbury,-,2,Trump/ Pence,680,President,
Duxbury,-,2,Jorgensen/ Cohen,27,President,
Duxbury,-,2,Hawkins/ Walker,2,President,
Duxbury,-,2,All Others,21,President,
Duxbury,-,2,No Preference,0,President,
Duxbury,-,2,Blanks,18,President,
Duxbury,-,2,Total Votes Cast,1965,President,
Duxbury,-,3,Biden/ Harris,1168,President,
Duxbury,-,3,Trump/ Pence,659,President,
Duxbury,-,3,Jorgensen/ Cohen,33,President,
Duxbury,-,3,Hawkins/ Walker,4,President,
Duxbury,-,3,All Others,9,President,
Duxbury,-,3,No Preference,0,President,
Duxbury,-,3,Blanks,9,President,
Duxbury,-,3,Total Votes Cast,1882,President,
Duxbury,-,4,Biden/ Harris,1122,President,
Duxbury,-,4,Trump/ Pence,625,President,
Duxbury,-,4,Jorgensen/ Cohen,25,President,
Duxbury,-,4,Hawkins/ Walker,7,President,
Duxbury,-,4,All Others,15,President,
Duxbury,-,4,No Preference,0,President,
Duxbury,-,4,Blanks,8,President,
Duxbury,-,4,Total Votes Cast,1802,President,
Duxbury,-,5,Biden/ Harris,1054,President,
Duxbury,-,5,Trump/ Pence,714,President,
Duxbury,-,5,Jorgensen/ Cohen,23,President,
Duxbury,-,5,Hawkins/ Walker,3,President,
Duxbury,-,5,All Others,12,President,
Duxbury,-,5,No Preference,0,President,
Duxbury,-,5,Blanks,13,President,
Duxbury,-,5,Total Votes Cast,1819,President,
Duxbury,-,6,Biden/ Harris,1023,President,
Duxbury,-,6,Trump/ Pence,601,President,
Duxbury,-,6,Jorgensen/ Cohen,29,President,
Duxbury,-,6,Hawkins/ Walker,4,President,
Duxbury,-,6,All Others,17,President,
Duxbury,-,6,No Preference,0,President,
Duxbury,-,6,Blanks,14,President,
Duxbury,-,6,Total Votes Cast,1688,President,
E. Bridgewater,-,1,Biden/ Harris,1034,President,
E. Bridgewater,-,1,Trump/ Pence,1098,President,
E. Bridgewater,-,1,Jorgensen/ Cohen,36,President,
E. Bridgewater,-,1,Hawkins/ Walker,9,President,
E. Bridgewater,-,1,All Others,11,President,
E. Bridgewater,-,1,No Preference,0,President,
E. Bridgewater,-,1,Blanks,14,President,
E. Bridgewater,-,1,Total Votes Cast,2202,President,
E. Bridgewater,-,2,Biden/ Harris,1008,President,
E. Bridgewater,-,2,Trump/ Pence,1088,President,
E. Bridgewater,-,2,Jorgensen/ Cohen,36,President,
E. Bridgewater,-,2,Hawkins/ Walker,12,President,
E. Bridgewater,-,2,All Others,11,President,
E. Bridgewater,-,2,No Preference,0,President,
E. Bridgewater,-,2,Blanks,13,President,
E. Bridgewater,-,2,Total Votes Cast,2168,President,
E. Bridgewater,-,3,Biden/ Harris,1111,President,
E. Bridgewater,-,3,Trump/ Pence,1159,President,
E. Bridgewater,-,3,Jorgensen/ Cohen,26,President,
E. Bridgewater,-,3,Hawkins/ Walker,11,President,
E. Bridgewater,-,3,All Others,6,President,
E. Bridgewater,-,3,No Preference,0,President,
E. Bridgewater,-,3,Blanks,12,President,
E. Bridgewater,-,3,Total Votes Cast,2325,President,
E. Bridgewater,-,4,Biden/ Harris,1030,President,
E. Bridgewater,-,4,Trump/ Pence,1021,President,
E. Bridgewater,-,4,Jorgensen/ Cohen,42,President,
E. Bridgewater,-,4,Hawkins/ Walker,11,President,
E. Bridgewater,-,4,All Others,7,President,
E. Bridgewater,-,4,No Preference,0,President,
E. Bridgewater,-,4,Blanks,15,President,
E. Bridgewater,-,4,Total Votes Cast,2126,President,
E. Brookfield,-,1,Biden/ Harris,593,President,
E. Brookfield,-,1,Trump/ Pence,741,President,
E. Brookfield,-,1,Jorgensen/ Cohen,18,President,
E. Brookfield,-,1,Hawkins/ Walker,7,President,
E. Brookfield,-,1,All Others,6,President,
E. Brookfield,-,1,No Preference,0,President,
E. Brookfield,-,1,Blanks,5,President,
E. Brookfield,-,1,Total Votes Cast,1370,President,
E. Longmeadow,-,1,Biden/ Harris,1420,President,
E. Longmeadow,-,1,Trump/ Pence,1122,President,
E. Longmeadow,-,1,Jorgensen/ Cohen,26,President,
E. Longmeadow,-,1,Hawkins/ Walker,9,President,
E. Longmeadow,-,1,All Others,15,President,
E. Longmeadow,-,1,No Preference,0,President,
E. Longmeadow,-,1,Blanks,8,President,
E. Longmeadow,-,1,Total Votes Cast,2600,President,
E. Longmeadow,-,2,Biden/ Harris,1274,President,
E. Longmeadow,-,2,Trump/ Pence,1025,President,
E. Longmeadow,-,2,Jorgensen/ Cohen,26,President,
E. Longmeadow,-,2,Hawkins/ Walker,13,President,
E. Longmeadow,-,2,All Others,6,President,
E. Longmeadow,-,2,No Preference,0,President,
E. Longmeadow,-,2,Blanks,10,President,
E. Longmeadow,-,2,Total Votes Cast,2354,President,
E. Longmeadow,-,3,Biden/ Harris,1330,President,
E. Longmeadow,-,3,Trump/ Pence,1180,President,
E. Longmeadow,-,3,Jorgensen/ Cohen,30,President,
E. Longmeadow,-,3,Hawkins/ Walker,11,President,
E. Longmeadow,-,3,All Others,10,President,
E. Longmeadow,-,3,No Preference,0,President,
E. Longmeadow,-,3,Blanks,15,President,
E. Longmeadow,-,3,Total Votes Cast,2576,President,
E. Longmeadow,-,4,Biden/ Harris,1271,President,
E. Longmeadow,-,4,Trump/ Pence,1296,President,
E. Longmeadow,-,4,Jorgensen/ Cohen,37,President,
E. Longmeadow,-,4,Hawkins/ Walker,9,President,
E. Longmeadow,-,4,All Others,12,President,
E. Longmeadow,-,4,No Preference,0,President,
E. Longmeadow,-,4,Blanks,16,President,
E. Longmeadow,-,4,Total Votes Cast,2641,President,
Eastham,-,1,Biden/ Harris,2864,President,
Eastham,-,1,Trump/ Pence,1151,President,
Eastham,-,1,Jorgensen/ Cohen,48,President,
Eastham,-,1,Hawkins/ Walker,16,President,
Eastham,-,1,All Others,21,President,
Eastham,-,1,No Preference,0,President,
Eastham,-,1,Blanks,17,President,
Eastham,-,1,Total Votes Cast,4117,President,
Easthampton,-,1,Biden/ Harris,1430,President,
Easthampton,-,1,Trump/ Pence,485,President,
Easthampton,-,1,Jorgensen/ Cohen,20,President,
Easthampton,-,1,Hawkins/ Walker,15,President,
Easthampton,-,1,All Others,5,President,
Easthampton,-,1,No Preference,0,President,
Easthampton,-,1,Blanks,11,President,
Easthampton,-,1,Total Votes Cast,1966,President,
Easthampton,-,2,Biden/ Harris,1685,President,
Easthampton,-,2,Trump/ Pence,412,President,
Easthampton,-,2,Jorgensen/ Cohen,31,President,
Easthampton,-,2,Hawkins/ Walker,24,President,
Easthampton,-,2,All Others,12,President,
Easthampton,-,2,No Preference,0,President,
Easthampton,-,2,Blanks,11,President,
Easthampton,-,2,Total Votes Cast,2175,President,
Easthampton,-,3,Biden/ Harris,1517,President,
Easthampton,-,3,Trump/ Pence,432,President,
Easthampton,-,3,Jorgensen/ Cohen,24,President,
Easthampton,-,3,Hawkins/ Walker,19,President,
Easthampton,-,3,All Others,3,President,
Easthampton,-,3,No Preference,0,President,
Easthampton,-,3,Blanks,14,President,
Easthampton,-,3,Total Votes Cast,2009,President,
Easthampton,-,4,Biden/ Harris,1810,President,
Easthampton,-,4,Trump/ Pence,400,President,
Easthampton,-,4,Jorgensen/ Cohen,24,President,
Easthampton,-,4,Hawkins/ Walker,29,President,
Easthampton,-,4,All Others,8,President,
Easthampton,-,4,No Preference,0,President,
Easthampton,-,4,Blanks,12,President,
Easthampton,-,4,Total Votes Cast,2283,President,
Easthampton,-,5,Biden/ Harris,1354,President,
Easthampton,-,5,Trump/ Pence,796,President,
Easthampton,-,5,Jorgensen/ Cohen,33,President,
Easthampton,-,5,Hawkins/ Walker,21,President,
Easthampton,-,5,All Others,3,President,
Easthampton,-,5,No Preference,0,President,
Easthampton,-,5,Blanks,8,President,
Easthampton,-,5,Total Votes Cast,2215,President,
Easton,-,1,Biden/ Harris,836,President,
Easton,-,1,Trump/ Pence,512,President,
Easton,-,1,Jorgensen/ Cohen,16,President,
Easton,-,1,Hawkins/ Walker,7,President,
Easton,-,1,All Others,4,President,
Easton,-,1,No Preference,0,President,
Easton,-,1,Blanks,6,President,
Easton,-,1,Total Votes Cast,1381,President,
Easton,-,2,Biden/ Harris,1651,President,
Easton,-,2,Trump/ Pence,996,President,
Easton,-,2,Jorgensen/ Cohen,49,President,
Easton,-,2,Hawkins/ Walker,16,President,
Easton,-,2,All Others,9,President,
Easton,-,2,No Preference,0,President,
Easton,-,2,Blanks,16,President,
Easton,-,2,Total Votes Cast,2737,President,
Easton,-,3,Biden/ Harris,1400,President,
Easton,-,3,Trump/ Pence,925,President,
Easton,-,3,Jorgensen/ Cohen,31,President,
Easton,-,3,Hawkins/ Walker,16,President,
Easton,-,3,All Others,11,President,
Easton,-,3,No Preference,0,President,
Easton,-,3,Blanks,13,President,
Easton,-,3,Total Votes Cast,2396,President,
Easton,-,4,Biden/ Harris,1578,President,
Easton,-,4,Trump/ Pence,925,President,
Easton,-,4,Jorgensen/ Cohen,37,President,
Easton,-,4,Hawkins/ Walker,18,President,
Easton,-,4,All Others,15,President,
Easton,-,4,No Preference,0,President,
Easton,-,4,Blanks,18,President,
Easton,-,4,Total Votes Cast,2591,President,
Easton,-,5,Biden/ Harris,1810,President,
Easton,-,5,Trump/ Pence,1052,President,
Easton,-,5,Jorgensen/ Cohen,38,President,
Easton,-,5,Hawkins/ Walker,6,President,
Easton,-,5,All Others,9,President,
Easton,-,5,No Preference,0,President,
Easton,-,5,Blanks,16,President,
Easton,-,5,Total Votes Cast,2931,President,
Easton,-,6,Biden/ Harris,1440,President,
Easton,-,6,Trump/ Pence,1057,President,
Easton,-,6,Jorgensen/ Cohen,27,President,
Easton,-,6,Hawkins/ Walker,14,President,
Easton,-,6,All Others,14,President,
Easton,-,6,No Preference,0,President,
Easton,-,6,Blanks,17,President,
Easton,-,6,Total Votes Cast,2569,President,
Edgartown,-,1,Biden/ Harris,2185,President,
Edgartown,-,1,Trump/ Pence,854,President,
Edgartown,-,1,Jorgensen/ Cohen,39,President,
Edgartown,-,1,Hawkins/ Walker,15,President,
Edgartown,-,1,All Others,8,President,
Edgartown,-,1,No Preference,0,President,
Edgartown,-,1,Blanks,25,President,
Edgartown,-,1,Total Votes Cast,3126,President,
Egremont,-,1,Biden/ Harris,783,President,
Egremont,-,1,Trump/ Pence,174,President,
Egremont,-,1,Jorgensen/ Cohen,8,President,
Egremont,-,1,Hawkins/ Walker,7,President,
Egremont,-,1,All Others,1,President,
Egremont,-,1,No Preference,0,President,
Egremont,-,1,Blanks,3,President,
Egremont,-,1,Total Votes Cast,976,President,
Erving,-,1,Biden/ Harris,550,President,
Erving,-,1,Trump/ Pence,355,President,
Erving,-,1,Jorgensen/ Cohen,15,President,
Erving,-,1,Hawkins/ Walker,4,President,
Erving,-,1,All Others,5,President,
Erving,-,1,No Preference,0,President,
Erving,-,1,Blanks,7,President,
Erving,-,1,Total Votes Cast,936,President,
Essex,-,1,Biden/ Harris,1650,President,
Essex,-,1,Trump/ Pence,796,President,
Essex,-,1,Jorgensen/ Cohen,45,President,
Essex,-,1,Hawkins/ Walker,8,President,
Essex,-,1,All Others,13,President,
Essex,-,1,No Preference,0,President,
Essex,-,1,Blanks,16,President,
Essex,-,1,Total Votes Cast,2528,President,
Everett,1,1,Biden/ Harris,808,President,
Everett,1,1,Trump/ Pence,318,President,
Everett,1,1,Jorgensen/ Cohen,2,President,
Everett,1,1,Hawkins/ Walker,3,President,
Everett,1,1,All Others,3,President,
Everett,1,1,No Preference,0,President,
Everett,1,1,Blanks,2,President,
Everett,1,1,Total Votes Cast,1136,President,
Everett,1,2,Biden/ Harris,714,President,
Everett,1,2,Trump/ Pence,332,President,
Everett,1,2,Jorgensen/ Cohen,6,President,
Everett,1,2,Hawkins/ Walker,8,President,
Everett,1,2,All Others,5,President,
Everett,1,2,No Preference,0,President,
Everett,1,2,Blanks,5,President,
Everett,1,2,Total Votes Cast,1070,President,
Everett,2,1,Biden/ Harris,886,President,
Everett,2,1,Trump/ Pence,360,President,
Everett,2,1,Jorgensen/ Cohen,13,President,
Everett,2,1,Hawkins/ Walker,8,President,
Everett,2,1,All Others,2,President,
Everett,2,1,No Preference,0,President,
Everett,2,1,Blanks,2,President,
Everett,2,1,Total Votes Cast,1271,President,
Everett,2,2,Biden/ Harris,745,President,
Everett,2,2,Trump/ Pence,272,President,
Everett,2,2,Jorgensen/ Cohen,3,President,
Everett,2,2,Hawkins/ Walker,7,President,
Everett,2,2,All Others,6,President,
Everett,2,2,No Preference,0,President,
Everett,2,2,Blanks,4,President,
Everett,2,2,Total Votes Cast,1037,President,
Everett,3,1,Biden/ Harris,1008,President,
Everett,3,1,Trump/ Pence,391,President,
Everett,3,1,Jorgensen/ Cohen,12,President,
Everett,3,1,Hawkins/ Walker,7,President,
Everett,3,1,All Others,9,President,
Everett,3,1,No Preference,0,President,
Everett,3,1,Blanks,1,President,
Everett,3,1,Total Votes Cast,1428,President,
Everett,3,2,Biden/ Harris,872,President,
Everett,3,2,Trump/ Pence,345,President,
Everett,3,2,Jorgensen/ Cohen,7,President,
Everett,3,2,Hawkins/ Walker,6,President,
Everett,3,2,All Others,2,President,
Everett,3,2,No Preference,0,President,
Everett,3,2,Blanks,6,President,
Everett,3,2,Total Votes Cast,1238,President,
Everett,4,1,Biden/ Harris,916,President,
Everett,4,1,Trump/ Pence,415,President,
Everett,4,1,Jorgensen/ Cohen,7,President,
Everett,4,1,Hawkins/ Walker,7,President,
Everett,4,1,All Others,7,President,
Everett,4,1,No Preference,0,President,
Everett,4,1,Blanks,6,President,
Everett,4,1,Total Votes Cast,1358,President,
Everett,4,2,Biden/ Harris,797,President,
Everett,4,2,Trump/ Pence,298,President,
Everett,4,2,Jorgensen/ Cohen,11,President,
Everett,4,2,Hawkins/ Walker,4,President,
Everett,4,2,All Others,3,President,
Everett,4,2,No Preference,0,President,
Everett,4,2,Blanks,10,President,
Everett,4,2,Total Votes Cast,1123,President,
Everett,5,1,Biden/ Harris,905,President,
Everett,5,1,Trump/ Pence,338,President,
Everett,5,1,Jorgensen/ Cohen,6,President,
Everett,5,1,Hawkins/ Walker,3,President,
Everett,5,1,All Others,7,President,
Everett,5,1,No Preference,0,President,
Everett,5,1,Blanks,11,President,
Everett,5,1,Total Votes Cast,1270,President,
Everett,5,2,Biden/ Harris,851,President,
Everett,5,2,Trump/ Pence,277,President,
Everett,5,2,Jorgensen/ Cohen,3,President,
Everett,5,2,Hawkins/ Walker,6,President,
Everett,5,2,All Others,2,President,
Everett,5,2,No Preference,0,President,
Everett,5,2,Blanks,10,President,
Everett,5,2,Total Votes Cast,1149,President,
Everett,6,1,Biden/ Harris,969,President,
Everett,6,1,Trump/ Pence,382,President,
Everett,6,1,Jorgensen/ Cohen,27,President,
Everett,6,1,Hawkins/ Walker,7,President,
Everett,6,1,All Others,1,President,
Everett,6,1,No Preference,0,President,
Everett,6,1,Blanks,8,President,
Everett,6,1,Total Votes Cast,1394,President,
Everett,6,2,Biden/ Harris,1021,President,
Everett,6,2,Trump/ Pence,365,President,
Everett,6,2,Jorgensen/ Cohen,11,President,
Everett,6,2,Hawkins/ Walker,6,President,
Everett,6,2,All Others,5,President,
Everett,6,2,No Preference,0,President,
Everett,6,2,Blanks,11,President,
Everett,6,2,Total Votes Cast,1419,President,
Fairhaven,-,1,Biden/ Harris,1000,President,
Fairhaven,-,1,Trump/ Pence,601,President,
Fairhaven,-,1,Jorgensen/ Cohen,19,President,
Fairhaven,-,1,Hawkins/ Walker,9,President,
Fairhaven,-,1,All Others,6,President,
Fairhaven,-,1,No Preference,0,President,
Fairhaven,-,1,Blanks,15,President,
Fairhaven,-,1,Total Votes Cast,1650,President,
Fairhaven,-,2,Biden/ Harris,913,President,
Fairhaven,-,2,Trump/ Pence,688,President,
Fairhaven,-,2,Jorgensen/ Cohen,20,President,
Fairhaven,-,2,Hawkins/ Walker,6,President,
Fairhaven,-,2,All Others,4,President,
Fairhaven,-,2,No Preference,0,President,
Fairhaven,-,2,Blanks,17,President,
Fairhaven,-,2,Total Votes Cast,1648,President,
Fairhaven,-,3,Biden/ Harris,640,President,
Fairhaven,-,3,Trump/ Pence,638,President,
Fairhaven,-,3,Jorgensen/ Cohen,14,President,
Fairhaven,-,3,Hawkins/ Walker,13,President,
Fairhaven,-,3,All Others,3,President,
Fairhaven,-,3,No Preference,0,President,
Fairhaven,-,3,Blanks,7,President,
Fairhaven,-,3,Total Votes Cast,1315,President,
Fairhaven,-,4,Biden/ Harris,875,President,
Fairhaven,-,4,Trump/ Pence,713,President,
Fairhaven,-,4,Jorgensen/ Cohen,26,President,
Fairhaven,-,4,Hawkins/ Walker,8,President,
Fairhaven,-,4,All Others,1,President,
Fairhaven,-,4,No Preference,0,President,
Fairhaven,-,4,Blanks,14,President,
Fairhaven,-,4,Total Votes Cast,1637,President,
Fairhaven,-,5,Biden/ Harris,874,President,
Fairhaven,-,5,Trump/ Pence,839,President,
Fairhaven,-,5,Jorgensen/ Cohen,13,President,
Fairhaven,-,5,Hawkins/ Walker,5,President,
Fairhaven,-,5,All Others,9,President,
Fairhaven,-,5,No Preference,0,President,
Fairhaven,-,5,Blanks,12,President,
Fairhaven,-,5,Total Votes Cast,1752,President,
Fairhaven,-,6,Biden/ Harris,791,President,
Fairhaven,-,6,Trump/ Pence,796,President,
Fairhaven,-,6,Jorgensen/ Cohen,22,President,
Fairhaven,-,6,Hawkins/ Walker,4,President,
Fairhaven,-,6,All Others,7,President,
Fairhaven,-,6,No Preference,0,President,
Fairhaven,-,6,Blanks,7,President,
Fairhaven,-,6,Total Votes Cast,1627,President,
Fall River,1,A,Biden/ Harris,765,President,
Fall River,1,A,Trump/ Pence,763,President,
Fall River,1,A,Jorgensen/ Cohen,20,President,
Fall River,1,A,Hawkins/ Walker,7,President,
Fall River,1,A,All Others,2,President,
Fall River,1,A,No Preference,0,President,
Fall River,1,A,Blanks,42,President,
Fall River,1,A,Total Votes Cast,1599,President,
Fall River,1,B,Biden/ Harris,600,President,
Fall River,1,B,Trump/ Pence,518,President,
Fall River,1,B,Jorgensen/ Cohen,21,President,
Fall River,1,B,Hawkins/ Walker,6,President,
Fall River,1,B,All Others,0,President,
Fall River,1,B,No Preference,0,President,
Fall River,1,B,Blanks,1,President,
Fall River,1,B,Total Votes Cast,1146,President,
Fall River,1,C,Biden/ Harris,637,President,
Fall River,1,C,Trump/ Pence,613,President,
Fall River,1,C,Jorgensen/ Cohen,21,President,
Fall River,1,C,Hawkins/ Walker,2,President,
Fall River,1,C,All Others,3,President,
Fall River,1,C,No Preference,0,President,
Fall River,1,C,Blanks,13,President,
Fall River,1,C,Total Votes Cast,1289,President,
Fall River,2,A,Biden/ Harris,518,President,
Fall River,2,A,Trump/ Pence,388,President,
Fall River,2,A,Jorgensen/ Cohen,16,President,
Fall River,2,A,Hawkins/ Walker,4,President,
Fall River,2,A,All Others,2,President,
Fall River,2,A,No Preference,0,President,
Fall River,2,A,Blanks,4,President,
Fall River,2,A,Total Votes Cast,932,President,
Fall River,2,B,Biden/ Harris,442,President,
Fall River,2,B,Trump/ Pence,395,President,
Fall River,2,B,Jorgensen/ Cohen,11,President,
Fall River,2,B,Hawkins/ Walker,5,President,
Fall River,2,B,All Others,2,President,
Fall River,2,B,No Preference,0,President,
Fall River,2,B,Blanks,8,President,
Fall River,2,B,Total Votes Cast,863,President,
Fall River,2,C,Biden/ Harris,522,President,
Fall River,2,C,Trump/ Pence,455,President,
Fall River,2,C,Jorgensen/ Cohen,17,President,
Fall River,2,C,Hawkins/ Walker,6,President,
Fall River,2,C,All Others,0,President,
Fall River,2,C,No Preference,0,President,
Fall River,2,C,Blanks,9,President,
Fall River,2,C,Total Votes Cast,1009,President,
Fall River,3,A,Biden/ Harris,370,President,
Fall River,3,A,Trump/ Pence,541,President,
Fall River,3,A,Jorgensen/ Cohen,16,President,
Fall River,3,A,Hawkins/ Walker,9,President,
Fall River,3,A,All Others,1,President,
Fall River,3,A,No Preference,0,President,
Fall River,3,A,Blanks,282,President,
Fall River,3,A,Total Votes Cast,1219,President,
Fall River,3,B,Biden/ Harris,656,President,
Fall River,3,B,Trump/ Pence,525,President,
Fall River,3,B,Jorgensen/ Cohen,6,President,
Fall River,3,B,Hawkins/ Walker,8,President,
Fall River,3,B,All Others,0,President,
Fall River,3,B,No Preference,0,President,
Fall River,3,B,Blanks,11,President,
Fall River,3,B,Total Votes Cast,1206,President,
Fall River,3,C,Biden/ Harris,713,President,
Fall River,3,C,Trump/ Pence,619,President,
Fall River,3,C,Jorgensen/ Cohen,16,President,
Fall River,3,C,Hawkins/ Walker,3,President,
Fall River,3,C,All Others,3,President,
Fall River,3,C,No Preference,0,President,
Fall River,3,C,Blanks,15,President,
Fall River,3,C,Total Votes Cast,1369,President,
Fall River,4,A,Biden/ Harris,535,President,
Fall River,4,A,Trump/ Pence,348,President,
Fall River,4,A,Jorgensen/ Cohen,9,President,
Fall River,4,A,Hawkins/ Walker,5,President,
Fall River,4,A,All Others,0,President,
Fall River,4,A,No Preference,0,President,
Fall River,4,A,Blanks,9,President,
Fall River,4,A,Total Votes Cast,906,President,
Fall River,4,B,Biden/ Harris,522,President,
Fall River,4,B,Trump/ Pence,319,President,
Fall River,4,B,Jorgensen/ Cohen,9,President,
Fall River,4,B,Hawkins/ Walker,2,President,
Fall River,4,B,All Others,2,President,
Fall River,4,B,No Preference,0,President,
Fall River,4,B,Blanks,9,President,
Fall River,4,B,Total Votes Cast,863,President,
Fall River,4,C,Biden/ Harris,562,President,
Fall River,4,C,Trump/ Pence,313,President,
Fall River,4,C,Jorgensen/ Cohen,13,President,
Fall River,4,C,Hawkins/ Walker,9,President,
Fall River,4,C,All Others,2,President,
Fall River,4,C,No Preference,0,President,
Fall River,4,C,Blanks,11,President,
Fall River,4,C,Total Votes Cast,910,President,
Fall River,5,A,Biden/ Harris,396,President,
Fall River,5,A,Trump/ Pence,285,President,
Fall River,5,A,Jorgensen/ Cohen,10,President,
Fall River,5,A,Hawkins/ Walker,7,President,
Fall River,5,A,All Others,1,President,
Fall River,5,A,No Preference,0,President,
Fall River,5,A,Blanks,5,President,
Fall River,5,A,Total Votes Cast,704,President,
Fall River,5,B,Biden/ Harris,345,President,
Fall River,5,B,Trump/ Pence,197,President,
Fall River,5,B,Jorgensen/ Cohen,8,President,
Fall River,5,B,Hawkins/ Walker,9,President,
Fall River,5,B,All Others,2,President,
Fall River,5,B,No Preference,0,President,
Fall River,5,B,Blanks,6,President,
Fall River,5,B,Total Votes Cast,567,President,
Fall River,5,B1,Biden/ Harris,67,President,
Fall River,5,B1,Trump/ Pence,55,President,
Fall River,5,B1,Jorgensen/ Cohen,2,President,
Fall River,5,B1,Hawkins/ Walker,0,President,
Fall River,5,B1,All Others,0,President,
Fall River,5,B1,No Preference,0,President,
Fall River,5,B1,Blanks,1,President,
Fall River,5,B1,Total Votes Cast,125,President,
Fall River,5,C,Biden/ Harris,482,President,
Fall River,5,C,Trump/ Pence,341,President,
Fall River,5,C,Jorgensen/ Cohen,8,President,
Fall River,5,C,Hawkins/ Walker,2,President,
Fall River,5,C,All Others,1,President,
Fall River,5,C,No Preference,0,President,
Fall River,5,C,Blanks,8,President,
Fall River,5,C,Total Votes Cast,842,President,
Fall River,6,A,Biden/ Harris,685,President,
Fall River,6,A,Trump/ Pence,691,President,
Fall River,6,A,Jorgensen/ Cohen,15,President,
Fall River,6,A,Hawkins/ Walker,9,President,
Fall River,6,A,All Others,1,President,
Fall River,6,A,No Preference,0,President,
Fall River,6,A,Blanks,15,President,
Fall River,6,A,Total Votes Cast,1416,President,
Fall River,6,B,Biden/ Harris,531,President,
Fall River,6,B,Trump/ Pence,394,President,
Fall River,6,B,Jorgensen/ Cohen,11,President,
Fall River,6,B,Hawkins/ Walker,3,President,
Fall River,6,B,All Others,2,President,
Fall River,6,B,No Preference,0,President,
Fall River,6,B,Blanks,3,President,
Fall River,6,B,Total Votes Cast,944,President,
Fall River,6,C,Biden/ Harris,652,President,
Fall River,6,C,Trump/ Pence,502,President,
Fall River,6,C,Jorgensen/ Cohen,9,President,
Fall River,6,C,Hawkins/ Walker,6,President,
Fall River,6,C,All Others,2,President,
Fall River,6,C,No Preference,0,President,
Fall River,6,C,Blanks,14,President,
Fall River,6,C,Total Votes Cast,1185,President,
Fall River,6,C1,Biden/ Harris,18,President,
Fall River,6,C1,Trump/ Pence,11,President,
Fall River,6,C1,Jorgensen/ Cohen,1,President,
Fall River,6,C1,Hawkins/ Walker,0,President,
Fall River,6,C1,All Others,0,President,
Fall River,6,C1,No Preference,0,President,
Fall River,6,C1,Blanks,1,President,
Fall River,6,C1,Total Votes Cast,31,President,
Fall River,7,A,Biden/ Harris,696,President,
Fall River,7,A,Trump/ Pence,515,President,
Fall River,7,A,Jorgensen/ Cohen,17,President,
Fall River,7,A,Hawkins/ Walker,4,President,
Fall River,7,A,All Others,5,President,
Fall River,7,A,No Preference,0,President,
Fall River,7,A,Blanks,8,President,
Fall River,7,A,Total Votes Cast,1245,President,
Fall River,7,B,Biden/ Harris,598,President,
Fall River,7,B,Trump/ Pence,367,President,
Fall River,7,B,Jorgensen/ Cohen,17,President,
Fall River,7,B,Hawkins/ Walker,1,President,
Fall River,7,B,All Others,6,President,
Fall River,7,B,No Preference,0,President,
Fall River,7,B,Blanks,8,President,
Fall River,7,B,Total Votes Cast,997,President,
Fall River,7,C,Biden/ Harris,748,President,
Fall River,7,C,Trump/ Pence,450,President,
Fall River,7,C,Jorgensen/ Cohen,13,President,
Fall River,7,C,Hawkins/ Walker,6,President,
Fall River,7,C,All Others,0,President,
Fall River,7,C,No Preference,0,President,
Fall River,7,C,Blanks,13,President,
Fall River,7,C,Total Votes Cast,1230,President,
Fall River,8,A,Biden/ Harris,636,President,
Fall River,8,A,Trump/ Pence,444,President,
Fall River,8,A,Jorgensen/ Cohen,9,President,
Fall River,8,A,Hawkins/ Walker,2,President,
Fall River,8,A,All Others,0,President,
Fall River,8,A,No Preference,0,President,
Fall River,8,A,Blanks,19,President,
Fall River,8,A,Total Votes Cast,1110,President,
Fall River,8,B,Biden/ Harris,914,President,
Fall River,8,B,Trump/ Pence,645,President,
Fall River,8,B,Jorgensen/ Cohen,13,President,
Fall River,8,B,Hawkins/ Walker,7,President,
Fall River,8,B,All Others,1,President,
Fall River,8,B,No Preference,0,President,
Fall River,8,B,Blanks,15,President,
Fall River,8,B,Total Votes Cast,1595,President,
Fall River,8,C,Biden/ Harris,948,President,
Fall River,8,C,Trump/ Pence,779,President,
Fall River,8,C,Jorgensen/ Cohen,20,President,
Fall River,8,C,Hawkins/ Walker,12,President,
Fall River,8,C,All Others,5,President,
Fall River,8,C,No Preference,0,President,
Fall River,8,C,Blanks,14,President,
Fall River,8,C,Total Votes Cast,1778,President,
Fall River,9,A,Biden/ Harris,1158,President,
Fall River,9,A,Trump/ Pence,918,President,
Fall River,9,A,Jorgensen/ Cohen,18,President,
Fall River,9,A,Hawkins/ Walker,4,President,
Fall River,9,A,All Others,4,President,
Fall River,9,A,No Preference,0,President,
Fall River,9,A,Blanks,6,President,
Fall River,9,A,Total Votes Cast,2108,President,
Fall River,9,B,Biden/ Harris,757,President,
Fall River,9,B,Trump/ Pence,567,President,
Fall River,9,B,Jorgensen/ Cohen,16,President,
Fall River,9,B,Hawkins/ Walker,9,President,
Fall River,9,B,All Others,4,President,
Fall River,9,B,No Preference,0,President,
Fall River,9,B,Blanks,11,President,
Fall River,9,B,Total Votes Cast,1364,President,
Fall River,9,C,Biden/ Harris,986,President,
Fall River,9,C,Trump/ Pence,613,President,
Fall River,9,C,Jorgensen/ Cohen,17,President,
Fall River,9,C,Hawkins/ Walker,9,President,
Fall River,9,C,All Others,0,President,
Fall River,9,C,No Preference,0,President,
Fall River,9,C,Blanks,23,President,
Fall River,9,C,Total Votes Cast,1648,President,
Falmouth,-,1,Biden/ Harris,2096,President,
Falmouth,-,1,Trump/ Pence,522,President,
Falmouth,-,1,Jorgensen/ Cohen,23,President,
Falmouth,-,1,Hawkins/ Walker,10,President,
Falmouth,-,1,All Others,17,President,
Falmouth,-,1,No Preference,0,President,
Falmouth,-,1,Blanks,21,President,
Falmouth,-,1,Total Votes Cast,2689,President,
Falmouth,-,2,Biden/ Harris,1648,President,
Falmouth,-,2,Trump/ Pence,684,President,
Falmouth,-,2,Jorgensen/ Cohen,24,President,
Falmouth,-,2,Hawkins/ Walker,8,President,
Falmouth,-,2,All Others,11,President,
Falmouth,-,2,No Preference,0,President,
Falmouth,-,2,Blanks,17,President,
Falmouth,-,2,Total Votes Cast,2392,President,
Falmouth,-,3,Biden/ Harris,1460,President,
Falmouth,-,3,Trump/ Pence,824,President,
Falmouth,-,3,Jorgensen/ Cohen,22,President,
Falmouth,-,3,Hawkins/ Walker,10,President,
Falmouth,-,3,All Others,7,President,
Falmouth,-,3,No Preference,0,President,
Falmouth,-,3,Blanks,18,President,
Falmouth,-,3,Total Votes Cast,2341,President,
Falmouth,-,4,Biden/ Harris,1483,President,
Falmouth,-,4,Trump/ Pence,961,President,
Falmouth,-,4,Jorgensen/ Cohen,31,President,
Falmouth,-,4,Hawkins/ Walker,13,President,
Falmouth,-,4,All Others,16,President,
Falmouth,-,4,No Preference,0,President,
Falmouth,-,4,Blanks,19,President,
Falmouth,-,4,Total Votes Cast,2523,President,
Falmouth,-,5,Biden/ Harris,1752,President,
Falmouth,-,5,Trump/ Pence,852,President,
Falmouth,-,5,Jorgensen/ Cohen,40,President,
Falmouth,-,5,Hawkins/ Walker,13,President,
Falmouth,-,5,All Others,8,President,
Falmouth,-,5,No Preference,0,President,
Falmouth,-,5,Blanks,20,President,
Falmouth,-,5,Total Votes Cast,2685,President,
Falmouth,-,6,Biden/ Harris,1653,President,
Falmouth,-,6,Trump/ Pence,808,President,
Falmouth,-,6,Jorgensen/ Cohen,24,President,
Falmouth,-,6,Hawkins/ Walker,6,President,
Falmouth,-,6,All Others,14,President,
Falmouth,-,6,No Preference,0,President,
Falmouth,-,6,Blanks,20,President,
Falmouth,-,6,Total Votes Cast,2525,President,
Falmouth,-,7,Biden/ Harris,1368,President,
Falmouth,-,7,Trump/ Pence,922,President,
Falmouth,-,7,Jorgensen/ Cohen,21,President,
Falmouth,-,7,Hawkins/ Walker,11,President,
Falmouth,-,7,All Others,8,President,
Falmouth,-,7,No Preference,0,President,
Falmouth,-,7,Blanks,19,President,
Falmouth,-,7,Total Votes Cast,2349,President,
Falmouth,-,8,Biden/ Harris,1346,President,
Falmouth,-,8,Trump/ Pence,930,President,
Falmouth,-,8,Jorgensen/ Cohen,38,President,
Falmouth,-,8,Hawkins/ Walker,13,President,
Falmouth,-,8,All Others,14,President,
Falmouth,-,8,No Preference,0,President,
Falmouth,-,8,Blanks,16,President,
Falmouth,-,8,Total Votes Cast,2357,President,
Falmouth,-,9,Biden/ Harris,1328,President,
Falmouth,-,9,Trump/ Pence,816,President,
Falmouth,-,9,Jorgensen/ Cohen,22,President,
Falmouth,-,9,Hawkins/ Walker,12,President,
Falmouth,-,9,All Others,1,President,
Falmouth,-,9,No Preference,0,President,
Falmouth,-,9,Blanks,14,President,
Falmouth,-,9,Total Votes Cast,2193,President,
Fitchburg,1,A,Biden/ Harris,703,President,
Fitchburg,1,A,Trump/ Pence,384,President,
Fitchburg,1,A,Jorgensen/ Cohen,17,President,
Fitchburg,1,A,Hawkins/ Walker,5,President,
Fitchburg,1,A,All Others,4,President,
Fitchburg,1,A,No Preference,0,President,
Fitchburg,1,A,Blanks,4,President,
Fitchburg,1,A,Total Votes Cast,1117,President,
Fitchburg,1,B,Biden/ Harris,845,President,
Fitchburg,1,B,Trump/ Pence,450,President,
Fitchburg,1,B,Jorgensen/ Cohen,22,President,
Fitchburg,1,B,Hawkins/ Walker,9,President,
Fitchburg,1,B,All Others,3,President,
Fitchburg,1,B,No Preference,0,President,
Fitchburg,1,B,Blanks,6,President,
Fitchburg,1,B,Total Votes Cast,1335,President,
Fitchburg,2,A,Biden/ Harris,693,President,
Fitchburg,2,A,Trump/ Pence,338,President,
Fitchburg,2,A,Jorgensen/ Cohen,16,President,
Fitchburg,2,A,Hawkins/ Walker,10,President,
Fitchburg,2,A,All Others,1,President,
Fitchburg,2,A,No Preference,0,President,
Fitchburg,2,A,Blanks,7,President,
Fitchburg,2,A,Total Votes Cast,1065,President,
Fitchburg,2,B,Biden/ Harris,869,President,
Fitchburg,2,B,Trump/ Pence,636,President,
Fitchburg,2,B,Jorgensen/ Cohen,25,President,
Fitchburg,2,B,Hawkins/ Walker,11,President,
Fitchburg,2,B,All Others,4,President,
Fitchburg,2,B,No Preference,0,President,
Fitchburg,2,B,Blanks,4,President,
Fitchburg,2,B,Total Votes Cast,1549,President,
Fitchburg,3,A,Biden/ Harris,1147,President,
Fitchburg,3,A,Trump/ Pence,855,President,
Fitchburg,3,A,Jorgensen/ Cohen,32,President,
Fitchburg,3,A,Hawkins/ Walker,10,President,
Fitchburg,3,A,All Others,7,President,
Fitchburg,3,A,No Preference,0,President,
Fitchburg,3,A,Blanks,16,President,
Fitchburg,3,A,Total Votes Cast,2067,President,
Fitchburg,3,B,Biden/ Harris,952,President,
Fitchburg,3,B,Trump/ Pence,629,President,
Fitchburg,3,B,Jorgensen/ Cohen,42,President,
Fitchburg,3,B,Hawkins/ Walker,14,President,
Fitchburg,3,B,All Others,2,President,
Fitchburg,3,B,No Preference,0,President,
Fitchburg,3,B,Blanks,9,President,
Fitchburg,3,B,Total Votes Cast,1648,President,
Fitchburg,4,A,Biden/ Harris,405,President,
Fitchburg,4,A,Trump/ Pence,272,President,
Fitchburg,4,A,Jorgensen/ Cohen,11,President,
Fitchburg,4,A,Hawkins/ Walker,3,President,
Fitchburg,4,A,All Others,0,President,
Fitchburg,4,A,No Preference,0,President,
Fitchburg,4,A,Blanks,3,President,
Fitchburg,4,A,Total Votes Cast,694,President,
Fitchburg,4,B,Biden/ Harris,782,President,
Fitchburg,4,B,Trump/ Pence,351,President,
Fitchburg,4,B,Jorgensen/ Cohen,20,President,
Fitchburg,4,B,Hawkins/ Walker,4,President,
Fitchburg,4,B,All Others,5,President,
Fitchburg,4,B,No Preference,0,President,
Fitchburg,4,B,Blanks,6,President,
Fitchburg,4,B,Total Votes Cast,1168,President,
Fitchburg,5,A,Biden/ Harris,1106,President,
Fitchburg,5,A,Trump/ Pence,883,President,
Fitchburg,5,A,Jorgensen/ Cohen,33,President,
Fitchburg,5,A,Hawkins/ Walker,12,President,
Fitchburg,5,A,All Others,6,President,
Fitchburg,5,A,No Preference,0,President,
Fitchburg,5,A,Blanks,30,President,
Fitchburg,5,A,Total Votes Cast,2070,President,
Fitchburg,5,B,Biden/ Harris,570,President,
Fitchburg,5,B,Trump/ Pence,285,President,
Fitchburg,5,B,Jorgensen/ Cohen,18,President,
Fitchburg,5,B,Hawkins/ Walker,9,President,
Fitchburg,5,B,All Others,2,President,
Fitchburg,5,B,No Preference,0,President,
Fitchburg,5,B,Blanks,7,President,
Fitchburg,5,B,Total Votes Cast,891,President,
Fitchburg,6,A,Biden/ Harris,1044,President,
Fitchburg,6,A,Trump/ Pence,725,President,
Fitchburg,6,A,Jorgensen/ Cohen,20,President,
Fitchburg,6,A,Hawkins/ Walker,7,President,
Fitchburg,6,A,All Others,5,President,
Fitchburg,6,A,No Preference,0,President,
Fitchburg,6,A,Blanks,8,President,
Fitchburg,6,A,Total Votes Cast,1809,President,
Fitchburg,6,B,Biden/ Harris,781,President,
Fitchburg,6,B,Trump/ Pence,378,President,
Fitchburg,6,B,Jorgensen/ Cohen,21,President,
Fitchburg,6,B,Hawkins/ Walker,10,President,
Fitchburg,6,B,All Others,6,President,
Fitchburg,6,B,No Preference,0,President,
Fitchburg,6,B,Blanks,5,President,
Fitchburg,6,B,Total Votes Cast,1201,President,
Florida,-,1,Biden/ Harris,209,President,
Florida,-,1,Trump/ Pence,203,President,
Florida,-,1,Jorgensen/ Cohen,6,President,
Florida,-,1,Hawkins/ Walker,0,President,
Florida,-,1,All Others,0,President,
Florida,-,1,No Preference,0,President,
Florida,-,1,Blanks,2,President,
Florida,-,1,Total Votes Cast,420,President,
Foxborough,-,1,Biden/ Harris,1213,President,
Foxborough,-,1,Trump/ Pence,738,President,
Foxborough,-,1,Jorgensen/ Cohen,41,President,
Foxborough,-,1,Hawkins/ Walker,10,President,
Foxborough,-,1,All Others,2,President,
Foxborough,-,1,No Preference,0,President,
Foxborough,-,1,Blanks,13,President,
Foxborough,-,1,Total Votes Cast,2017,President,
Foxborough,-,2,Biden/ Harris,1415,President,
Foxborough,-,2,Trump/ Pence,909,President,
Foxborough,-,2,Jorgensen/ Cohen,27,President,
Foxborough,-,2,Hawkins/ Walker,10,President,
Foxborough,-,2,All Others,10,President,
Foxborough,-,2,No Preference,0,President,
Foxborough,-,2,Blanks,11,President,
Foxborough,-,2,Total Votes Cast,2382,President,
Foxborough,-,3,Biden/ Harris,1350,President,
Foxborough,-,3,Trump/ Pence,936,President,
Foxborough,-,3,Jorgensen/ Cohen,38,President,
Foxborough,-,3,Hawkins/ Walker,8,President,
Foxborough,-,3,All Others,6,President,
Foxborough,-,3,No Preference,0,President,
Foxborough,-,3,Blanks,11,President,
Foxborough,-,3,Total Votes Cast,2349,President,
Foxborough,-,4,Biden/ Harris,1410,President,
Foxborough,-,4,Trump/ Pence,918,President,
Foxborough,-,4,Jorgensen/ Cohen,24,President,
Foxborough,-,4,Hawkins/ Walker,8,President,
Foxborough,-,4,All Others,13,President,
Foxborough,-,4,No Preference,0,President,
Foxborough,-,4,Blanks,21,President,
Foxborough,-,4,Total Votes Cast,2394,President,
Foxborough,-,5,Biden/ Harris,1352,President,
Foxborough,-,5,Trump/ Pence,856,President,
Foxborough,-,5,Jorgensen/ Cohen,33,President,
Foxborough,-,5,Hawkins/ Walker,7,President,
Foxborough,-,5,All Others,12,President,
Foxborough,-,5,No Preference,0,President,
Foxborough,-,5,Blanks,23,President,
Foxborough,-,5,Total Votes Cast,2283,President,
Framingham,-,1,Biden/ Harris,1793,President,
Framingham,-,1,Trump/ Pence,668,President,
Framingham,-,1,Jorgensen/ Cohen,26,President,
Framingham,-,1,Hawkins/ Walker,10,President,
Framingham,-,1,All Others,12,President,
Framingham,-,1,No Preference,0,President,
Framingham,-,1,Blanks,10,President,
Framingham,-,1,Total Votes Cast,2519,President,
Framingham,-,10,Biden/ Harris,999,President,
Framingham,-,10,Trump/ Pence,270,President,
Framingham,-,10,Jorgensen/ Cohen,16,President,
Framingham,-,10,Hawkins/ Walker,6,President,
Framingham,-,10,All Others,4,President,
Framingham,-,10,No Preference,0,President,
Framingham,-,10,Blanks,3,President,
Framingham,-,10,Total Votes Cast,1298,President,
Framingham,-,11,Biden/ Harris,1859,President,
Framingham,-,11,Trump/ Pence,608,President,
Framingham,-,11,Jorgensen/ Cohen,34,President,
Framingham,-,11,Hawkins/ Walker,14,President,
Framingham,-,11,All Others,15,President,
Framingham,-,11,No Preference,0,President,
Framingham,-,11,Blanks,22,President,
Framingham,-,11,Total Votes Cast,2552,President,
Framingham,-,12,Biden/ Harris,849,President,
Framingham,-,12,Trump/ Pence,279,President,
Framingham,-,12,Jorgensen/ Cohen,9,President,
Framingham,-,12,Hawkins/ Walker,3,President,
Framingham,-,12,All Others,13,President,
Framingham,-,12,No Preference,0,President,
Framingham,-,12,Blanks,8,President,
Framingham,-,12,Total Votes Cast,1161,President,
Framingham,-,13,Biden/ Harris,1131,President,
Framingham,-,13,Trump/ Pence,368,President,
Framingham,-,13,Jorgensen/ Cohen,17,President,
Framingham,-,13,Hawkins/ Walker,11,President,
Framingham,-,13,All Others,3,President,
Framingham,-,13,No Preference,0,President,
Framingham,-,13,Blanks,9,President,
Framingham,-,13,Total Votes Cast,1539,President,
Framingham,-,14,Biden/ Harris,857,President,
Framingham,-,14,Trump/ Pence,240,President,
Framingham,-,14,Jorgensen/ Cohen,16,President,
Framingham,-,14,Hawkins/ Walker,10,President,
Framingham,-,14,All Others,9,President,
Framingham,-,14,No Preference,0,President,
Framingham,-,14,Blanks,13,President,
Framingham,-,14,Total Votes Cast,1145,President,
Framingham,-,15,Biden/ Harris,918,President,
Framingham,-,15,Trump/ Pence,292,President,
Framingham,-,15,Jorgensen/ Cohen,9,President,
Framingham,-,15,Hawkins/ Walker,8,President,
Framingham,-,15,All Others,6,President,
Framingham,-,15,No Preference,0,President,
Framingham,-,15,Blanks,6,President,
Framingham,-,15,Total Votes Cast,1239,President,
Framingham,-,16,Biden/ Harris,517,President,
Framingham,-,16,Trump/ Pence,171,President,
Framingham,-,16,Jorgensen/ Cohen,6,President,
Framingham,-,16,Hawkins/ Walker,1,President,
Framingham,-,16,All Others,3,President,
Framingham,-,16,No Preference,0,President,
Framingham,-,16,Blanks,1,President,
Framingham,-,16,Total Votes Cast,699,President,
Framingham,-,17,Biden/ Harris,567,President,
Framingham,-,17,Trump/ Pence,131,President,
Framingham,-,17,Jorgensen/ Cohen,3,President,
Framingham,-,17,Hawkins/ Walker,3,President,
Framingham,-,17,All Others,3,President,
Framingham,-,17,No Preference,0,President,
Framingham,-,17,Blanks,5,President,
Framingham,-,17,Total Votes Cast,712,President,
Framingham,-,18,Biden/ Harris,786,President,
Framingham,-,18,Trump/ Pence,272,President,
Framingham,-,18,Jorgensen/ Cohen,15,President,
Framingham,-,18,Hawkins/ Walker,3,President,
Framingham,-,18,All Others,3,President,
Framingham,-,18,No Preference,0,President,
Framingham,-,18,Blanks,9,President,
Framingham,-,18,Total Votes Cast,1088,President,
Framingham,-,2,Biden/ Harris,2170,President,
Framingham,-,2,Trump/ Pence,720,President,
Framingham,-,2,Jorgensen/ Cohen,55,President,
Framingham,-,2,Hawkins/ Walker,12,President,
Framingham,-,2,All Others,16,President,
Framingham,-,2,No Preference,0,President,
Framingham,-,2,Blanks,11,President,
Framingham,-,2,Total Votes Cast,2984,President,
Framingham,-,3,Biden/ Harris,1588,President,
Framingham,-,3,Trump/ Pence,503,President,
Framingham,-,3,Jorgensen/ Cohen,29,President,
Framingham,-,3,Hawkins/ Walker,7,President,
Framingham,-,3,All Others,14,President,
Framingham,-,3,No Preference,0,President,
Framingham,-,3,Blanks,10,President,
Framingham,-,3,Total Votes Cast,2151,President,
Framingham,-,4,Biden/ Harris,1882,President,
Framingham,-,4,Trump/ Pence,572,President,
Framingham,-,4,Jorgensen/ Cohen,26,President,
Framingham,-,4,Hawkins/ Walker,9,President,
Framingham,-,4,All Others,11,President,
Framingham,-,4,No Preference,0,President,
Framingham,-,4,Blanks,10,President,
Framingham,-,4,Total Votes Cast,2510,President,
Framingham,-,5,Biden/ Harris,1684,President,
Framingham,-,5,Trump/ Pence,623,President,
Framingham,-,5,Jorgensen/ Cohen,28,President,
Framingham,-,5,Hawkins/ Walker,17,President,
Framingham,-,5,All Others,11,President,
Framingham,-,5,No Preference,0,President,
Framingham,-,5,Blanks,16,President,
Framingham,-,5,Total Votes Cast,2379,President,
Framingham,-,6,Biden/ Harris,1656,President,
Framingham,-,6,Trump/ Pence,614,President,
Framingham,-,6,Jorgensen/ Cohen,36,President,
Framingham,-,6,Hawkins/ Walker,8,President,
Framingham,-,6,All Others,19,President,
Framingham,-,6,No Preference,0,President,
Framingham,-,6,Blanks,19,President,
Framingham,-,6,Total Votes Cast,2352,President,
Framingham,-,7,Biden/ Harris,1619,President,
Framingham,-,7,Trump/ Pence,525,President,
Framingham,-,7,Jorgensen/ Cohen,25,President,
Framingham,-,7,Hawkins/ Walker,10,President,
Framingham,-,7,All Others,15,President,
Framingham,-,7,No Preference,0,President,
Framingham,-,7,Blanks,12,President,
Framingham,-,7,Total Votes Cast,2206,President,
Framingham,-,8,Biden/ Harris,1594,President,
Framingham,-,8,Trump/ Pence,471,President,
Framingham,-,8,Jorgensen/ Cohen,22,President,
Framingham,-,8,Hawkins/ Walker,10,President,
Framingham,-,8,All Others,6,President,
Framingham,-,8,No Preference,0,President,
Framingham,-,8,Blanks,13,President,
Framingham,-,8,Total Votes Cast,2116,President,
Framingham,-,9,Biden/ Harris,1153,President,
Framingham,-,9,Trump/ Pence,385,President,
Framingham,-,9,Jorgensen/ Cohen,19,President,
Framingham,-,9,Hawkins/ Walker,8,President,
Framingham,-,9,All Others,10,President,
Framingham,-,9,No Preference,0,President,
Framingham,-,9,Blanks,10,President,
Framingham,-,9,Total Votes Cast,1585,President,
Franklin,-,1,Biden/ Harris,1372,President,
Franklin,-,1,Trump/ Pence,824,President,
Franklin,-,1,Jorgensen/ Cohen,31,President,
Franklin,-,1,Hawkins/ Walker,10,President,
Franklin,-,1,All Others,17,President,
Franklin,-,1,No Preference,0,President,
Franklin,-,1,Blanks,17,President,
Franklin,-,1,Total Votes Cast,2271,President,
Franklin,-,2,Biden/ Harris,1571,President,
Franklin,-,2,Trump/ Pence,919,President,
Franklin,-,2,Jorgensen/ Cohen,42,President,
Franklin,-,2,Hawkins/ Walker,17,President,
Franklin,-,2,All Others,20,President,
Franklin,-,2,No Preference,0,President,
Franklin,-,2,Blanks,20,President,
Franklin,-,2,Total Votes Cast,2589,President,
Franklin,-,3,Biden/ Harris,1451,President,
Franklin,-,3,Trump/ Pence,926,President,
Franklin,-,3,Jorgensen/ Cohen,46,President,
Franklin,-,3,Hawkins/ Walker,15,President,
Franklin,-,3,All Others,11,President,
Franklin,-,3,No Preference,0,President,
Franklin,-,3,Blanks,14,President,
Franklin,-,3,Total Votes Cast,2463,President,
Franklin,-,4,Biden/ Harris,1660,President,
Franklin,-,4,Trump/ Pence,1062,President,
Franklin,-,4,Jorgensen/ Cohen,56,President,
Franklin,-,4,Hawkins/ Walker,9,President,
Franklin,-,4,All Others,2,President,
Franklin,-,4,No Preference,0,President,
Franklin,-,4,Blanks,42,President,
Franklin,-,4,Total Votes Cast,2831,President,
Franklin,-,5,Biden/ Harris,1792,President,
Franklin,-,5,Trump/ Pence,960,President,
Franklin,-,5,Jorgensen/ Cohen,39,President,
Franklin,-,5,Hawkins/ Walker,16,President,
Franklin,-,5,All Others,16,President,
Franklin,-,5,No Preference,0,President,
Franklin,-,5,Blanks,20,President,
Franklin,-,5,Total Votes Cast,2843,President,
Franklin,-,6,Biden/ Harris,1416,President,
Franklin,-,6,Trump/ Pence,717,President,
Franklin,-,6,Jorgensen/ Cohen,38,President,
Franklin,-,6,Hawkins/ Walker,15,President,
Franklin,-,6,All Others,4,President,
Franklin,-,6,No Preference,0,President,
Franklin,-,6,Blanks,25,President,
Franklin,-,6,Total Votes Cast,2215,President,
Franklin,-,7,Biden/ Harris,1727,President,
Franklin,-,7,Trump/ Pence,881,President,
Franklin,-,7,Jorgensen/ Cohen,48,President,
Franklin,-,7,Hawkins/ Walker,7,President,
Franklin,-,7,All Others,9,President,
Franklin,-,7,No Preference,0,President,
Franklin,-,7,Blanks,23,President,
Franklin,-,7,Total Votes Cast,2695,President,
Franklin,-,8,Biden/ Harris,1486,President,
Franklin,-,8,Trump/ Pence,1056,President,
Franklin,-,8,Jorgensen/ Cohen,38,President,
Franklin,-,8,Hawkins/ Walker,12,President,
Franklin,-,8,All Others,8,President,
Franklin,-,8,No Preference,0,President,
Franklin,-,8,Blanks,45,President,
Franklin,-,8,Total Votes Cast,2645,President,
Freetown,-,1,Biden/ Harris,841,President,
Freetown,-,1,Trump/ Pence,943,President,
Freetown,-,1,Jorgensen/ Cohen,25,President,
Freetown,-,1,Hawkins/ Walker,9,President,
Freetown,-,1,All Others,11,President,
Freetown,-,1,No Preference,0,President,
Freetown,-,1,Blanks,5,President,
Freetown,-,1,Total Votes Cast,1834,President,
Freetown,-,2,Biden/ Harris,825,President,
Freetown,-,2,Trump/ Pence,992,President,
Freetown,-,2,Jorgensen/ Cohen,16,President,
Freetown,-,2,Hawkins/ Walker,8,President,
Freetown,-,2,All Others,3,President,
Freetown,-,2,No Preference,0,President,
Freetown,-,2,Blanks,12,President,
Freetown,-,2,Total Votes Cast,1856,President,
Freetown,-,3,Biden/ Harris,817,President,
Freetown,-,3,Trump/ Pence,971,President,
Freetown,-,3,Jorgensen/ Cohen,29,President,
Freetown,-,3,Hawkins/ Walker,9,President,
Freetown,-,3,All Others,7,President,
Freetown,-,3,No Preference,0,President,
Freetown,-,3,Blanks,10,President,
Freetown,-,3,Total Votes Cast,1843,President,
Gardner,1,A,Biden/ Harris,679,President,
Gardner,1,A,Trump/ Pence,454,President,
Gardner,1,A,Jorgensen/ Cohen,22,President,
Gardner,1,A,Hawkins/ Walker,5,President,
Gardner,1,A,All Others,4,President,
Gardner,1,A,No Preference,0,President,
Gardner,1,A,Blanks,14,President,
Gardner,1,A,Total Votes Cast,1178,President,
Gardner,1,B,Biden/ Harris,233,President,
Gardner,1,B,Trump/ Pence,249,President,
Gardner,1,B,Jorgensen/ Cohen,7,President,
Gardner,1,B,Hawkins/ Walker,0,President,
Gardner,1,B,All Others,1,President,
Gardner,1,B,No Preference,0,President,
Gardner,1,B,Blanks,5,President,
Gardner,1,B,Total Votes Cast,495,President,
Gardner,2,A,Biden/ Harris,572,President,
Gardner,2,A,Trump/ Pence,426,President,
Gardner,2,A,Jorgensen/ Cohen,22,President,
Gardner,2,A,Hawkins/ Walker,7,President,
Gardner,2,A,All Others,1,President,
Gardner,2,A,No Preference,0,President,
Gardner,2,A,Blanks,11,President,
Gardner,2,A,Total Votes Cast,1039,President,
Gardner,2,B,Biden/ Harris,610,President,
Gardner,2,B,Trump/ Pence,549,President,
Gardner,2,B,Jorgensen/ Cohen,29,President,
Gardner,2,B,Hawkins/ Walker,9,President,
Gardner,2,B,All Others,2,President,
Gardner,2,B,No Preference,0,President,
Gardner,2,B,Blanks,6,President,
Gardner,2,B,Total Votes Cast,1205,President,
Gardner,3,A,Biden/ Harris,476,President,
Gardner,3,A,Trump/ Pence,363,President,
Gardner,3,A,Jorgensen/ Cohen,20,President,
Gardner,3,A,Hawkins/ Walker,9,President,
Gardner,3,A,All Others,1,President,
Gardner,3,A,No Preference,0,President,
Gardner,3,A,Blanks,3,President,
Gardner,3,A,Total Votes Cast,872,President,
Gardner,3,B,Biden/ Harris,606,President,
Gardner,3,B,Trump/ Pence,416,President,
Gardner,3,B,Jorgensen/ Cohen,23,President,
Gardner,3,B,Hawkins/ Walker,2,President,
Gardner,3,B,All Others,2,President,
Gardner,3,B,No Preference,0,President,
Gardner,3,B,Blanks,8,President,
Gardner,3,B,Total Votes Cast,1057,President,
Gardner,4,A,Biden/ Harris,581,President,
Gardner,4,A,Trump/ Pence,341,President,
Gardner,4,A,Jorgensen/ Cohen,23,President,
Gardner,4,A,Hawkins/ Walker,9,President,
Gardner,4,A,All Others,3,President,
Gardner,4,A,No Preference,0,President,
Gardner,4,A,Blanks,8,President,
Gardner,4,A,Total Votes Cast,965,President,
Gardner,4,B,Biden/ Harris,369,President,
Gardner,4,B,Trump/ Pence,298,President,
Gardner,4,B,Jorgensen/ Cohen,24,President,
Gardner,4,B,Hawkins/ Walker,7,President,
Gardner,4,B,All Others,1,President,
Gardner,4,B,No Preference,0,President,
Gardner,4,B,Blanks,4,President,
Gardner,4,B,Total Votes Cast,703,President,
Gardner,5,A,Biden/ Harris,480,President,
Gardner,5,A,Trump/ Pence,350,President,
Gardner,5,A,Jorgensen/ Cohen,20,President,
Gardner,5,A,Hawkins/ Walker,6,President,
Gardner,5,A,All Others,0,President,
Gardner,5,A,No Preference,0,President,
Gardner,5,A,Blanks,2,President,
Gardner,5,A,Total Votes Cast,858,President,
Gardner,5,B,Biden/ Harris,607,President,
Gardner,5,B,Trump/ Pence,493,President,
Gardner,5,B,Jorgensen/ Cohen,21,President,
Gardner,5,B,Hawkins/ Walker,6,President,
Gardner,5,B,All Others,6,President,
Gardner,5,B,No Preference,0,President,
Gardner,5,B,Blanks,12,President,
Gardner,5,B,Total Votes Cast,1145,President,
Georgetown,-,1,Biden/ Harris,1100,President,
Georgetown,-,1,Trump/ Pence,948,President,
Georgetown,-,1,Jorgensen/ Cohen,26,President,
Georgetown,-,1,Hawkins/ Walker,10,President,
Georgetown,-,1,All Others,12,President,
Georgetown,-,1,No Preference,0,President,
Georgetown,-,1,Blanks,12,President,
Georgetown,-,1,Total Votes Cast,2108,President,
Georgetown,-,2,Biden/ Harris,983,President,
Georgetown,-,2,Trump/ Pence,760,President,
Georgetown,-,2,Jorgensen/ Cohen,30,President,
Georgetown,-,2,Hawkins/ Walker,5,President,
Georgetown,-,2,All Others,13,President,
Georgetown,-,2,No Preference,0,President,
Georgetown,-,2,Blanks,7,President,
Georgetown,-,2,Total Votes Cast,1798,President,
Georgetown,-,3,Biden/ Harris,968,President,
Georgetown,-,3,Trump/ Pence,680,President,
Georgetown,-,3,Jorgensen/ Cohen,28,President,
Georgetown,-,3,Hawkins/ Walker,7,President,
Georgetown,-,3,All Others,15,President,
Georgetown,-,3,No Preference,0,President,
Georgetown,-,3,Blanks,11,President,
Georgetown,-,3,Total Votes Cast,1709,President,
Gill,-,1,Biden/ Harris,679,President,
Gill,-,1,Trump/ Pence,279,President,
Gill,-,1,Jorgensen/ Cohen,18,President,
Gill,-,1,Hawkins/ Walker,5,President,
Gill,-,1,All Others,6,President,
Gill,-,1,No Preference,0,President,
Gill,-,1,Blanks,2,President,
Gill,-,1,Total Votes Cast,989,President,
Gloucester,1,1,Biden/ Harris,1453,President,
Gloucester,1,1,Trump/ Pence,556,President,
Gloucester,1,1,Jorgensen/ Cohen,18,President,
Gloucester,1,1,Hawkins/ Walker,5,President,
Gloucester,1,1,All Others,21,President,
Gloucester,1,1,No Preference,0,President,
Gloucester,1,1,Blanks,18,President,
Gloucester,1,1,Total Votes Cast,2071,President,
Gloucester,1,2,Biden/ Harris,1187,President,
Gloucester,1,2,Trump/ Pence,536,President,
Gloucester,1,2,Jorgensen/ Cohen,24,President,
Gloucester,1,2,Hawkins/ Walker,10,President,
Gloucester,1,2,All Others,6,President,
Gloucester,1,2,No Preference,0,President,
Gloucester,1,2,Blanks,6,President,
Gloucester,1,2,Total Votes Cast,1769,President,
Gloucester,2,1,Biden/ Harris,939,President,
Gloucester,2,1,Trump/ Pence,456,President,
Gloucester,2,1,Jorgensen/ Cohen,30,President,
Gloucester,2,1,Hawkins/ Walker,11,President,
Gloucester,2,1,All Others,8,President,
Gloucester,2,1,No Preference,0,President,
Gloucester,2,1,Blanks,12,President,
Gloucester,2,1,Total Votes Cast,1456,President,
Gloucester,2,2,Biden/ Harris,903,President,
Gloucester,2,2,Trump/ Pence,410,President,
Gloucester,2,2,Jorgensen/ Cohen,12,President,
Gloucester,2,2,Hawkins/ Walker,9,President,
Gloucester,2,2,All Others,7,President,
Gloucester,2,2,No Preference,0,President,
Gloucester,2,2,Blanks,9,President,
Gloucester,2,2,Total Votes Cast,1350,President,
Gloucester,3,1,Biden/ Harris,1007,President,
Gloucester,3,1,Trump/ Pence,500,President,
Gloucester,3,1,Jorgensen/ Cohen,12,President,
Gloucester,3,1,Hawkins/ Walker,7,President,
Gloucester,3,1,All Others,10,President,
Gloucester,3,1,No Preference,0,President,
Gloucester,3,1,Blanks,19,President,
Gloucester,3,1,Total Votes Cast,1555,President,
Gloucester,3,2,Biden/ Harris,1021,President,
Gloucester,3,2,Trump/ Pence,526,President,
Gloucester,3,2,Jorgensen/ Cohen,14,President,
Gloucester,3,2,Hawkins/ Walker,6,President,
Gloucester,3,2,All Others,11,President,
Gloucester,3,2,No Preference,0,President,
Gloucester,3,2,Blanks,13,President,
Gloucester,3,2,Total Votes Cast,1591,President,
Gloucester,4,1,Biden/ Harris,1156,President,
Gloucester,4,1,Trump/ Pence,649,President,
Gloucester,4,1,Jorgensen/ Cohen,20,President,
Gloucester,4,1,Hawkins/ Walker,13,President,
Gloucester,4,1,All Others,9,President,
Gloucester,4,1,No Preference,0,President,
Gloucester,4,1,Blanks,23,President,
Gloucester,4,1,Total Votes Cast,1870,President,
Gloucester,4,2,Biden/ Harris,1645,President,
Gloucester,4,2,Trump/ Pence,513,President,
Gloucester,4,2,Jorgensen/ Cohen,32,President,
Gloucester,4,2,Hawkins/ Walker,12,President,
Gloucester,4,2,All Others,11,President,
Gloucester,4,2,No Preference,0,President,
Gloucester,4,2,Blanks,14,President,
Gloucester,4,2,Total Votes Cast,2227,President,
Gloucester,5,1,Biden/ Harris,1456,President,
Gloucester,5,1,Trump/ Pence,688,President,
Gloucester,5,1,Jorgensen/ Cohen,21,President,
Gloucester,5,1,Hawkins/ Walker,7,President,
Gloucester,5,1,All Others,21,President,
Gloucester,5,1,No Preference,0,President,
Gloucester,5,1,Blanks,22,President,
Gloucester,5,1,Total Votes Cast,2215,President,
Gloucester,5,2,Biden/ Harris,1371,President,
Gloucester,5,2,Trump/ Pence,761,President,
Gloucester,5,2,Jorgensen/ Cohen,34,President,
Gloucester,5,2,Hawkins/ Walker,8,President,
Gloucester,5,2,All Others,17,President,
Gloucester,5,2,No Preference,0,President,
Gloucester,5,2,Blanks,18,President,
Gloucester,5,2,Total Votes Cast,2209,President,
Goshen,-,1,Biden/ Harris,418,President,
Goshen,-,1,Trump/ Pence,231,President,
Goshen,-,1,Jorgensen/ Cohen,15,President,
Goshen,-,1,Hawkins/ Walker,5,President,
Goshen,-,1,All Others,3,President,
Goshen,-,1,No Preference,0,President,
Goshen,-,1,Blanks,1,President,
Goshen,-,1,Total Votes Cast,673,President,
Gosnold,-,1,Biden/ Harris,56,President,
Gosnold,-,1,Trump/ Pence,22,President,
Gosnold,-,1,Jorgensen/ Cohen,2,President,
Gosnold,-,1,Hawkins/ Walker,1,President,
Gosnold,-,1,All Others,1,President,
Gosnold,-,1,No Preference,0,President,
Gosnold,-,1,Blanks,0,President,
Gosnold,-,1,Total Votes Cast,82,President,
Grafton,-,1,Biden/ Harris,1340,President,
Grafton,-,1,Trump/ Pence,791,President,
Grafton,-,1,Jorgensen/ Cohen,50,President,
Grafton,-,1,Hawkins/ Walker,21,President,
Grafton,-,1,All Others,14,President,
Grafton,-,1,No Preference,0,President,
Grafton,-,1,Blanks,10,President,
Grafton,-,1,Total Votes Cast,2226,President,
Grafton,-,2,Biden/ Harris,1463,President,
Grafton,-,2,Trump/ Pence,809,President,
Grafton,-,2,Jorgensen/ Cohen,26,President,
Grafton,-,2,Hawkins/ Walker,15,President,
Grafton,-,2,All Others,11,President,
Grafton,-,2,No Preference,0,President,
Grafton,-,2,Blanks,17,President,
Grafton,-,2,Total Votes Cast,2341,President,
Grafton,-,3,Biden/ Harris,1509,President,
Grafton,-,3,Trump/ Pence,819,President,
Grafton,-,3,Jorgensen/ Cohen,37,President,
Grafton,-,3,Hawkins/ Walker,12,President,
Grafton,-,3,All Others,8,President,
Grafton,-,3,No Preference,0,President,
Grafton,-,3,Blanks,16,President,
Grafton,-,3,Total Votes Cast,2401,President,
Grafton,-,4,Biden/ Harris,1269,President,
Grafton,-,4,Trump/ Pence,797,President,
Grafton,-,4,Jorgensen/ Cohen,25,President,
Grafton,-,4,Hawkins/ Walker,13,President,
Grafton,-,4,All Others,6,President,
Grafton,-,4,No Preference,0,President,
Grafton,-,4,Blanks,22,President,
Grafton,-,4,Total Votes Cast,2132,President,
Grafton,-,5,Biden/ Harris,1558,President,
Grafton,-,5,Trump/ Pence,795,President,
Grafton,-,5,Jorgensen/ Cohen,37,President,
Grafton,-,5,Hawkins/ Walker,10,President,
Grafton,-,5,All Others,18,President,
Grafton,-,5,No Preference,0,President,
Grafton,-,5,Blanks,13,President,
Grafton,-,5,Total Votes Cast,2431,President,
Granby,-,1,Biden/ Harris,1149,President,
Granby,-,1,Trump/ Pence,859,President,
Granby,-,1,Jorgensen/ Cohen,32,President,
Granby,-,1,Hawkins/ Walker,12,President,
Granby,-,1,All Others,5,President,
Granby,-,1,No Preference,0,President,
Granby,-,1,Blanks,10,President,
Granby,-,1,Total Votes Cast,2067,President,
Granby,-,2,Biden/ Harris,906,President,
Granby,-,2,Trump/ Pence,956,President,
Granby,-,2,Jorgensen/ Cohen,24,President,
Granby,-,2,Hawkins/ Walker,10,President,
Granby,-,2,All Others,3,President,
Granby,-,2,No Preference,0,President,
Granby,-,2,Blanks,11,President,
Granby,-,2,Total Votes Cast,1910,President,
Granville,-,1,Biden/ Harris,402,President,
Granville,-,1,Trump/ Pence,565,President,
Granville,-,1,Jorgensen/ Cohen,20,President,
Granville,-,1,Hawkins/ Walker,3,President,
Granville,-,1,All Others,0,President,
Granville,-,1,No Preference,0,President,
Granville,-,1,Blanks,12,President,
Granville,-,1,Total Votes Cast,1002,President,
Great Barrington,-,A,Biden/ Harris,900,President,
Great Barrington,-,A,Trump/ Pence,172,President,
Great Barrington,-,A,Jorgensen/ Cohen,14,President,
Great Barrington,-,A,Hawkins/ Walker,7,President,
Great Barrington,-,A,All Others,1,President,
Great Barrington,-,A,No Preference,0,President,
Great Barrington,-,A,Blanks,2,President,
Great Barrington,-,A,Total Votes Cast,1096,President,
Great Barrington,-,B,Biden/ Harris,861,President,
Great Barrington,-,B,Trump/ Pence,203,President,
Great Barrington,-,B,Jorgensen/ Cohen,14,President,
Great Barrington,-,B,Hawkins/ Walker,9,President,
Great Barrington,-,B,All Others,5,President,
Great Barrington,-,B,No Preference,0,President,
Great Barrington,-,B,Blanks,3,President,
Great Barrington,-,B,Total Votes Cast,1095,President,
Great Barrington,-,C,Biden/ Harris,702,President,
Great Barrington,-,C,Trump/ Pence,91,President,
Great Barrington,-,C,Jorgensen/ Cohen,7,President,
Great Barrington,-,C,Hawkins/ Walker,6,President,
Great Barrington,-,C,All Others,6,President,
Great Barrington,-,C,No Preference,0,President,
Great Barrington,-,C,Blanks,1,President,
Great Barrington,-,C,Total Votes Cast,813,President,
Great Barrington,-,D,Biden/ Harris,905,President,
Great Barrington,-,D,Trump/ Pence,188,President,
Great Barrington,-,D,Jorgensen/ Cohen,9,President,
Great Barrington,-,D,Hawkins/ Walker,6,President,
Great Barrington,-,D,All Others,6,President,
Great Barrington,-,D,No Preference,0,President,
Great Barrington,-,D,Blanks,9,President,
Great Barrington,-,D,Total Votes Cast,1123,President,
Greenfield,-,1,Biden/ Harris,728,President,
Greenfield,-,1,Trump/ Pence,322,President,
Greenfield,-,1,Jorgensen/ Cohen,23,President,
Greenfield,-,1,Hawkins/ Walker,4,President,
Greenfield,-,1,All Others,7,President,
Greenfield,-,1,No Preference,0,President,
Greenfield,-,1,Blanks,6,President,
Greenfield,-,1,Total Votes Cast,1090,President,
Greenfield,-,2,Biden/ Harris,896,President,
Greenfield,-,2,Trump/ Pence,327,President,
Greenfield,-,2,Jorgensen/ Cohen,18,President,
Greenfield,-,2,Hawkins/ Walker,10,President,
Greenfield,-,2,All Others,3,President,
Greenfield,-,2,No Preference,0,President,
Greenfield,-,2,Blanks,41,President,
Greenfield,-,2,Total Votes Cast,1295,President,
Greenfield,-,3,Biden/ Harris,801,President,
Greenfield,-,3,Trump/ Pence,293,President,
Greenfield,-,3,Jorgensen/ Cohen,8,President,
Greenfield,-,3,Hawkins/ Walker,10,President,
Greenfield,-,3,All Others,2,President,
Greenfield,-,3,No Preference,0,President,
Greenfield,-,3,Blanks,21,President,
Greenfield,-,3,Total Votes Cast,1135,President,
Greenfield,-,4,Biden/ Harris,870,President,
Greenfield,-,4,Trump/ Pence,296,President,
Greenfield,-,4,Jorgensen/ Cohen,16,President,
Greenfield,-,4,Hawkins/ Walker,7,President,
Greenfield,-,4,All Others,2,President,
Greenfield,-,4,No Preference,0,President,
Greenfield,-,4,Blanks,18,President,
Greenfield,-,4,Total Votes Cast,1209,President,
Greenfield,-,5,Biden/ Harris,841,President,
Greenfield,-,5,Trump/ Pence,195,President,
Greenfield,-,5,Jorgensen/ Cohen,13,President,
Greenfield,-,5,Hawkins/ Walker,9,President,
Greenfield,-,5,All Others,7,President,
Greenfield,-,5,No Preference,0,President,
Greenfield,-,5,Blanks,33,President,
Greenfield,-,5,Total Votes Cast,1098,President,
Greenfield,-,6,Biden/ Harris,879,President,
Greenfield,-,6,Trump/ Pence,186,President,
Greenfield,-,6,Jorgensen/ Cohen,20,President,
Greenfield,-,6,Hawkins/ Walker,15,President,
Greenfield,-,6,All Others,8,President,
Greenfield,-,6,No Preference,0,President,
Greenfield,-,6,Blanks,95,President,
Greenfield,-,6,Total Votes Cast,1203,President,
Greenfield,-,7,Biden/ Harris,615,President,
Greenfield,-,7,Trump/ Pence,236,President,
Greenfield,-,7,Jorgensen/ Cohen,8,President,
Greenfield,-,7,Hawkins/ Walker,12,President,
Greenfield,-,7,All Others,5,President,
Greenfield,-,7,No Preference,0,President,
Greenfield,-,7,Blanks,30,President,
Greenfield,-,7,Total Votes Cast,906,President,
Greenfield,-,8,Biden/ Harris,701,President,
Greenfield,-,8,Trump/ Pence,185,President,
Greenfield,-,8,Jorgensen/ Cohen,14,President,
Greenfield,-,8,Hawkins/ Walker,11,President,
Greenfield,-,8,All Others,5,President,
Greenfield,-,8,No Preference,0,President,
Greenfield,-,8,Blanks,35,President,
Greenfield,-,8,Total Votes Cast,951,President,
Greenfield,-,9,Biden/ Harris,552,President,
Greenfield,-,9,Trump/ Pence,225,President,
Greenfield,-,9,Jorgensen/ Cohen,16,President,
Greenfield,-,9,Hawkins/ Walker,5,President,
Greenfield,-,9,All Others,3,President,
Greenfield,-,9,No Preference,0,President,
Greenfield,-,9,Blanks,19,President,
Greenfield,-,9,Total Votes Cast,820,President,
Groton,-,1,Biden/ Harris,1735,President,
Groton,-,1,Trump/ Pence,709,President,
Groton,-,1,Jorgensen/ Cohen,44,President,
Groton,-,1,Hawkins/ Walker,8,President,
Groton,-,1,All Others,14,President,
Groton,-,1,No Preference,0,President,
Groton,-,1,Blanks,24,President,
Groton,-,1,Total Votes Cast,2534,President,
Groton,-,2,Biden/ Harris,1561,President,
Groton,-,2,Trump/ Pence,788,President,
Groton,-,2,Jorgensen/ Cohen,44,President,
Groton,-,2,Hawkins/ Walker,17,President,
Groton,-,2,All Others,12,President,
Groton,-,2,No Preference,0,President,
Groton,-,2,Blanks,26,President,
Groton,-,2,Total Votes Cast,2448,President,
Groton,-,3,Biden/ Harris,1645,President,
Groton,-,3,Trump/ Pence,652,President,
Groton,-,3,Jorgensen/ Cohen,37,President,
Groton,-,3,Hawkins/ Walker,4,President,
Groton,-,3,All Others,15,President,
Groton,-,3,No Preference,0,President,
Groton,-,3,Blanks,21,President,
Groton,-,3,Total Votes Cast,2374,President,
Groveland,-,1,Biden/ Harris,1230,President,
Groveland,-,1,Trump/ Pence,954,President,
Groveland,-,1,Jorgensen/ Cohen,48,President,
Groveland,-,1,Hawkins/ Walker,11,President,
Groveland,-,1,All Others,8,President,
Groveland,-,1,No Preference,0,President,
Groveland,-,1,Blanks,12,President,
Groveland,-,1,Total Votes Cast,2263,President,
Groveland,-,2,Biden/ Harris,1191,President,
Groveland,-,2,Trump/ Pence,1022,President,
Groveland,-,2,Jorgensen/ Cohen,44,President,
Groveland,-,2,Hawkins/ Walker,11,President,
Groveland,-,2,All Others,17,President,
Groveland,-,2,No Preference,0,President,
Groveland,-,2,Blanks,18,President,
Groveland,-,2,Total Votes Cast,2303,President,
Hadley,-,1,Biden/ Harris,2476,President,
Hadley,-,1,Trump/ Pence,925,President,
Hadley,-,1,Jorgensen/ Cohen,49,President,
Hadley,-,1,Hawkins/ Walker,27,President,
Hadley,-,1,All Others,16,President,
Hadley,-,1,No Preference,0,President,
Hadley,-,1,Blanks,22,President,
Hadley,-,1,Total Votes Cast,3515,President,
Halifax,-,1,Biden/ Harris,1166,President,
Halifax,-,1,Trump/ Pence,1305,President,
Halifax,-,1,Jorgensen/ Cohen,41,President,
Halifax,-,1,Hawkins/ Walker,14,President,
Halifax,-,1,All Others,9,President,
Halifax,-,1,No Preference,0,President,
Halifax,-,1,Blanks,11,President,
Halifax,-,1,Total Votes Cast,2546,President,
Halifax,-,2,Biden/ Harris,1188,President,
Halifax,-,2,Trump/ Pence,1093,President,
Halifax,-,2,Jorgensen/ Cohen,34,President,
Halifax,-,2,Hawkins/ Walker,16,President,
Halifax,-,2,All Others,8,President,
Halifax,-,2,No Preference,0,President,
Halifax,-,2,Blanks,8,President,
Halifax,-,2,Total Votes Cast,2347,President,
Hamilton,-,1,Biden/ Harris,1228,President,
Hamilton,-,1,Trump/ Pence,578,President,
Hamilton,-,1,Jorgensen/ Cohen,33,President,
Hamilton,-,1,Hawkins/ Walker,6,President,
Hamilton,-,1,All Others,14,President,
Hamilton,-,1,No Preference,0,President,
Hamilton,-,1,Blanks,18,President,
Hamilton,-,1,Total Votes Cast,1877,President,
Hamilton,-,2,Biden/ Harris,1198,President,
Hamilton,-,2,Trump/ Pence,544,President,
Hamilton,-,2,Jorgensen/ Cohen,40,President,
Hamilton,-,2,Hawkins/ Walker,7,President,
Hamilton,-,2,All Others,13,President,
Hamilton,-,2,No Preference,0,President,
Hamilton,-,2,Blanks,10,President,
Hamilton,-,2,Total Votes Cast,1812,President,
Hamilton,-,3,Biden/ Harris,938,President,
Hamilton,-,3,Trump/ Pence,336,President,
Hamilton,-,3,Jorgensen/ Cohen,32,President,
Hamilton,-,3,Hawkins/ Walker,5,President,
Hamilton,-,3,All Others,16,President,
Hamilton,-,3,No Preference,0,President,
Hamilton,-,3,Blanks,12,President,
Hamilton,-,3,Total Votes Cast,1339,President,
Hampden,-,1,Biden/ Harris,1539,President,
Hampden,-,1,Trump/ Pence,1713,President,
Hampden,-,1,Jorgensen/ Cohen,58,President,
Hampden,-,1,Hawkins/ Walker,16,President,
Hampden,-,1,All Others,13,President,
Hampden,-,1,No Preference,0,President,
Hampden,-,1,Blanks,36,President,
Hampden,-,1,Total Votes Cast,3375,President,
Hancock,-,1,Biden/ Harris,257,President,
Hancock,-,1,Trump/ Pence,207,President,
Hancock,-,1,Jorgensen/ Cohen,9,President,
Hancock,-,1,Hawkins/ Walker,3,President,
Hancock,-,1,All Others,2,President,
Hancock,-,1,No Preference,0,President,
Hancock,-,1,Blanks,4,President,
Hancock,-,1,Total Votes Cast,482,President,
Hanover,-,1,Biden/ Harris,1220,President,
Hanover,-,1,Trump/ Pence,1185,President,
Hanover,-,1,Jorgensen/ Cohen,54,President,
Hanover,-,1,Hawkins/ Walker,13,President,
Hanover,-,1,All Others,18,President,
Hanover,-,1,No Preference,0,President,
Hanover,-,1,Blanks,18,President,
Hanover,-,1,Total Votes Cast,2508,President,
Hanover,-,2,Biden/ Harris,1267,President,
Hanover,-,2,Trump/ Pence,1154,President,
Hanover,-,2,Jorgensen/ Cohen,33,President,
Hanover,-,2,Hawkins/ Walker,6,President,
Hanover,-,2,All Others,15,President,
Hanover,-,2,No Preference,0,President,
Hanover,-,2,Blanks,15,President,
Hanover,-,2,Total Votes Cast,2490,President,
Hanover,-,3,Biden/ Harris,1203,President,
Hanover,-,3,Trump/ Pence,1038,President,
Hanover,-,3,Jorgensen/ Cohen,28,President,
Hanover,-,3,Hawkins/ Walker,4,President,
Hanover,-,3,All Others,10,President,
Hanover,-,3,No Preference,0,President,
Hanover,-,3,Blanks,16,President,
Hanover,-,3,Total Votes Cast,2299,President,
Hanover,-,4,Biden/ Harris,1220,President,
Hanover,-,4,Trump/ Pence,1130,President,
Hanover,-,4,Jorgensen/ Cohen,38,President,
Hanover,-,4,Hawkins/ Walker,5,President,
Hanover,-,4,All Others,11,President,
Hanover,-,4,No Preference,0,President,
Hanover,-,4,Blanks,18,President,
Hanover,-,4,Total Votes Cast,2422,President,
Hanson,-,1,Biden/ Harris,1098,President,
Hanson,-,1,Trump/ Pence,1123,President,
Hanson,-,1,Jorgensen/ Cohen,42,President,
Hanson,-,1,Hawkins/ Walker,11,President,
Hanson,-,1,All Others,7,President,
Hanson,-,1,No Preference,0,President,
Hanson,-,1,Blanks,19,President,
Hanson,-,1,Total Votes Cast,2300,President,
Hanson,-,2,Biden/ Harris,1125,President,
Hanson,-,2,Trump/ Pence,1095,President,
Hanson,-,2,Jorgensen/ Cohen,43,President,
Hanson,-,2,Hawkins/ Walker,16,President,
Hanson,-,2,All Others,12,President,
Hanson,-,2,No Preference,0,President,
Hanson,-,2,Blanks,21,President,
Hanson,-,2,Total Votes Cast,2312,President,
Hanson,-,3,Biden/ Harris,1021,President,
Hanson,-,3,Trump/ Pence,1096,President,
Hanson,-,3,Jorgensen/ Cohen,40,President,
Hanson,-,3,Hawkins/ Walker,7,President,
Hanson,-,3,All Others,5,President,
Hanson,-,3,No Preference,0,President,
Hanson,-,3,Blanks,18,President,
Hanson,-,3,Total Votes Cast,2187,President,
Hardwick,-,1,Biden/ Harris,749,President,
Hardwick,-,1,Trump/ Pence,733,President,
Hardwick,-,1,Jorgensen/ Cohen,32,President,
Hardwick,-,1,Hawkins/ Walker,7,President,
Hardwick,-,1,All Others,8,President,
Hardwick,-,1,No Preference,0,President,
Hardwick,-,1,Blanks,5,President,
Hardwick,-,1,Total Votes Cast,1534,President,
Harvard,-,1,Biden/ Harris,3074,President,
Harvard,-,1,Trump/ Pence,954,President,
Harvard,-,1,Jorgensen/ Cohen,71,President,
Harvard,-,1,Hawkins/ Walker,18,President,
Harvard,-,1,All Others,12,President,
Harvard,-,1,No Preference,0,President,
Harvard,-,1,Blanks,28,President,
Harvard,-,1,Total Votes Cast,4157,President,
Harwich,-,1,Biden/ Harris,1540,President,
Harwich,-,1,Trump/ Pence,866,President,
Harwich,-,1,Jorgensen/ Cohen,28,President,
Harwich,-,1,Hawkins/ Walker,13,President,
Harwich,-,1,All Others,18,President,
Harwich,-,1,No Preference,0,President,
Harwich,-,1,Blanks,17,President,
Harwich,-,1,Total Votes Cast,2482,President,
Harwich,-,2,Biden/ Harris,1461,President,
Harwich,-,2,Trump/ Pence,860,President,
Harwich,-,2,Jorgensen/ Cohen,34,President,
Harwich,-,2,Hawkins/ Walker,8,President,
Harwich,-,2,All Others,11,President,
Harwich,-,2,No Preference,0,President,
Harwich,-,2,Blanks,29,President,
Harwich,-,2,Total Votes Cast,2403,President,
Harwich,-,3,Biden/ Harris,1476,President,
Harwich,-,3,Trump/ Pence,864,President,
Harwich,-,3,Jorgensen/ Cohen,40,President,
Harwich,-,3,Hawkins/ Walker,17,President,
Harwich,-,3,All Others,10,President,
Harwich,-,3,No Preference,0,President,
Harwich,-,3,Blanks,16,President,
Harwich,-,3,Total Votes Cast,2423,President,
Harwich,-,4,Biden/ Harris,1356,President,
Harwich,-,4,Trump/ Pence,775,President,
Harwich,-,4,Jorgensen/ Cohen,47,President,
Harwich,-,4,Hawkins/ Walker,9,President,
Harwich,-,4,All Others,15,President,
Harwich,-,4,No Preference,0,President,
Harwich,-,4,Blanks,7,President,
Harwich,-,4,Total Votes Cast,2209,President,
Hatfield,-,1,Biden/ Harris,1578,President,
Hatfield,-,1,Trump/ Pence,686,President,
Hatfield,-,1,Jorgensen/ Cohen,23,President,
Hatfield,-,1,Hawkins/ Walker,15,President,
Hatfield,-,1,All Others,11,President,
Hatfield,-,1,No Preference,0,President,
Hatfield,-,1,Blanks,10,President,
Hatfield,-,1,Total Votes Cast,2323,President,
Haverhill,1,1,Biden/ Harris,619,President,
Haverhill,1,1,Trump/ Pence,343,President,
Haverhill,1,1,Jorgensen/ Cohen,12,President,
Haverhill,1,1,Hawkins/ Walker,7,President,
Haverhill,1,1,All Others,3,President,
Haverhill,1,1,No Preference,0,President,
Haverhill,1,1,Blanks,5,President,
Haverhill,1,1,Total Votes Cast,989,President,
Haverhill,1,2,Biden/ Harris,1043,President,
Haverhill,1,2,Trump/ Pence,446,President,
Haverhill,1,2,Jorgensen/ Cohen,16,President,
Haverhill,1,2,Hawkins/ Walker,10,President,
Haverhill,1,2,All Others,4,President,
Haverhill,1,2,No Preference,0,President,
Haverhill,1,2,Blanks,15,President,
Haverhill,1,2,Total Votes Cast,1534,President,
Haverhill,1,3,Biden/ Harris,828,President,
Haverhill,1,3,Trump/ Pence,472,President,
Haverhill,1,3,Jorgensen/ Cohen,20,President,
Haverhill,1,3,Hawkins/ Walker,8,President,
Haverhill,1,3,All Others,4,President,
Haverhill,1,3,No Preference,0,President,
Haverhill,1,3,Blanks,8,President,
Haverhill,1,3,Total Votes Cast,1340,President,
Haverhill,2,1,Biden/ Harris,834,President,
Haverhill,2,1,Trump/ Pence,479,President,
Haverhill,2,1,Jorgensen/ Cohen,25,President,
Haverhill,2,1,Hawkins/ Walker,9,President,
Haverhill,2,1,All Others,13,President,
Haverhill,2,1,No Preference,0,President,
Haverhill,2,1,Blanks,8,President,
Haverhill,2,1,Total Votes Cast,1368,President,
Haverhill,2,2,Biden/ Harris,877,President,
Haverhill,2,2,Trump/ Pence,662,President,
Haverhill,2,2,Jorgensen/ Cohen,18,President,
Haverhill,2,2,Hawkins/ Walker,11,President,
Haverhill,2,2,All Others,7,President,
Haverhill,2,2,No Preference,0,President,
Haverhill,2,2,Blanks,11,President,
Haverhill,2,2,Total Votes Cast,1586,President,
Haverhill,2,3,Biden/ Harris,611,President,
Haverhill,2,3,Trump/ Pence,291,President,
Haverhill,2,3,Jorgensen/ Cohen,16,President,
Haverhill,2,3,Hawkins/ Walker,7,President,
Haverhill,2,3,All Others,5,President,
Haverhill,2,3,No Preference,0,President,
Haverhill,2,3,Blanks,2,President,
Haverhill,2,3,Total Votes Cast,932,President,
Haverhill,3,1,Biden/ Harris,626,President,
Haverhill,3,1,Trump/ Pence,225,President,
Haverhill,3,1,Jorgensen/ Cohen,16,President,
Haverhill,3,1,Hawkins/ Walker,10,President,
Haverhill,3,1,All Others,5,President,
Haverhill,3,1,No Preference,0,President,
Haverhill,3,1,Blanks,6,President,
Haverhill,3,1,Total Votes Cast,888,President,
Haverhill,3,2,Biden/ Harris,795,President,
Haverhill,3,2,Trump/ Pence,354,President,
Haverhill,3,2,Jorgensen/ Cohen,15,President,
Haverhill,3,2,Hawkins/ Walker,11,President,
Haverhill,3,2,All Others,4,President,
Haverhill,3,2,No Preference,0,President,
Haverhill,3,2,Blanks,10,President,
Haverhill,3,2,Total Votes Cast,1189,President,
Haverhill,3,3,Biden/ Harris,798,President,
Haverhill,3,3,Trump/ Pence,411,President,
Haverhill,3,3,Jorgensen/ Cohen,9,President,
Haverhill,3,3,Hawkins/ Walker,10,President,
Haverhill,3,3,All Others,6,President,
Haverhill,3,3,No Preference,0,President,
Haverhill,3,3,Blanks,6,President,
Haverhill,3,3,Total Votes Cast,1240,President,
Haverhill,4,1,Biden/ Harris,956,President,
Haverhill,4,1,Trump/ Pence,696,President,
Haverhill,4,1,Jorgensen/ Cohen,30,President,
Haverhill,4,1,Hawkins/ Walker,6,President,
Haverhill,4,1,All Others,14,President,
Haverhill,4,1,No Preference,0,President,
Haverhill,4,1,Blanks,9,President,
Haverhill,4,1,Total Votes Cast,1711,President,
Haverhill,4,2,Biden/ Harris,1016,President,
Haverhill,4,2,Trump/ Pence,877,President,
Haverhill,4,2,Jorgensen/ Cohen,19,President,
Haverhill,4,2,Hawkins/ Walker,9,President,
Haverhill,4,2,All Others,11,President,
Haverhill,4,2,No Preference,0,President,
Haverhill,4,2,Blanks,12,President,
Haverhill,4,2,Total Votes Cast,1944,President,
Haverhill,4,3,Biden/ Harris,1016,President,
Haverhill,4,3,Trump/ Pence,728,President,
Haverhill,4,3,Jorgensen/ Cohen,32,President,
Haverhill,4,3,Hawkins/ Walker,9,President,
Haverhill,4,3,All Others,8,President,
Haverhill,4,3,No Preference,0,President,
Haverhill,4,3,Blanks,13,President,
Haverhill,4,3,Total Votes Cast,1806,President,
Haverhill,5,1,Biden/ Harris,1009,President,
Haverhill,5,1,Trump/ Pence,676,President,
Haverhill,5,1,Jorgensen/ Cohen,21,President,
Haverhill,5,1,Hawkins/ Walker,8,President,
Haverhill,5,1,All Others,4,President,
Haverhill,5,1,No Preference,0,President,
Haverhill,5,1,Blanks,6,President,
Haverhill,5,1,Total Votes Cast,1724,President,
Haverhill,5,2,Biden/ Harris,994,President,
Haverhill,5,2,Trump/ Pence,823,President,
Haverhill,5,2,Jorgensen/ Cohen,20,President,
Haverhill,5,2,Hawkins/ Walker,10,President,
Haverhill,5,2,All Others,11,President,
Haverhill,5,2,No Preference,0,President,
Haverhill,5,2,Blanks,5,President,
Haverhill,5,2,Total Votes Cast,1863,President,
Haverhill,5,3,Biden/ Harris,987,President,
Haverhill,5,3,Trump/ Pence,1024,President,
Haverhill,5,3,Jorgensen/ Cohen,21,President,
Haverhill,5,3,Hawkins/ Walker,11,President,
Haverhill,5,3,All Others,10,President,
Haverhill,5,3,No Preference,0,President,
Haverhill,5,3,Blanks,7,President,
Haverhill,5,3,Total Votes Cast,2060,President,
Haverhill,6,1,Biden/ Harris,908,President,
Haverhill,6,1,Trump/ Pence,633,President,
Haverhill,6,1,Jorgensen/ Cohen,28,President,
Haverhill,6,1,Hawkins/ Walker,7,President,
Haverhill,6,1,All Others,7,President,
Haverhill,6,1,No Preference,0,President,
Haverhill,6,1,Blanks,5,President,
Haverhill,6,1,Total Votes Cast,1588,President,
Haverhill,6,2,Biden/ Harris,915,President,
Haverhill,6,2,Trump/ Pence,646,President,
Haverhill,6,2,Jorgensen/ Cohen,24,President,
Haverhill,6,2,Hawkins/ Walker,13,President,
Haverhill,6,2,All Others,6,President,
Haverhill,6,2,No Preference,0,President,
Haverhill,6,2,Blanks,9,President,
Haverhill,6,2,Total Votes Cast,1613,President,
Haverhill,6,3,Biden/ Harris,1067,President,
Haverhill,6,3,Trump/ Pence,715,President,
Haverhill,6,3,Jorgensen/ Cohen,17,President,
Haverhill,6,3,Hawkins/ Walker,9,President,
Haverhill,6,3,All Others,14,President,
Haverhill,6,3,No Preference,0,President,
Haverhill,6,3,Blanks,14,President,
Haverhill,6,3,Total Votes Cast,1836,President,
Haverhill,7,1,Biden/ Harris,1116,President,
Haverhill,7,1,Trump/ Pence,628,President,
Haverhill,7,1,Jorgensen/ Cohen,34,President,
Haverhill,7,1,Hawkins/ Walker,9,President,
Haverhill,7,1,All Others,7,President,
Haverhill,7,1,No Preference,0,President,
Haverhill,7,1,Blanks,8,President,
Haverhill,7,1,Total Votes Cast,1802,President,
Haverhill,7,2,Biden/ Harris,906,President,
Haverhill,7,2,Trump/ Pence,608,President,
Haverhill,7,2,Jorgensen/ Cohen,15,President,
Haverhill,7,2,Hawkins/ Walker,9,President,
Haverhill,7,2,All Others,8,President,
Haverhill,7,2,No Preference,0,President,
Haverhill,7,2,Blanks,6,President,
Haverhill,7,2,Total Votes Cast,1552,President,
Haverhill,7,3,Biden/ Harris,1099,President,
Haverhill,7,3,Trump/ Pence,834,President,
Haverhill,7,3,Jorgensen/ Cohen,36,President,
Haverhill,7,3,Hawkins/ Walker,14,President,
Haverhill,7,3,All Others,18,President,
Haverhill,7,3,No Preference,0,President,
Haverhill,7,3,Blanks,6,President,
Haverhill,7,3,Total Votes Cast,2007,President,
Hawley,-,1,Biden/ Harris,155,President,
Hawley,-,1,Trump/ Pence,70,President,
Hawley,-,1,Jorgensen/ Cohen,3,President,
Hawley,-,1,Hawkins/ Walker,3,President,
Hawley,-,1,All Others,0,President,
Hawley,-,1,No Preference,0,President,
Hawley,-,1,Blanks,0,President,
Hawley,-,1,Total Votes Cast,231,President,
Heath,-,1,Biden/ Harris,294,President,
Heath,-,1,Trump/ Pence,158,President,
Heath,-,1,Jorgensen/ Cohen,8,President,
Heath,-,1,Hawkins/ Walker,6,President,
Heath,-,1,All Others,2,President,
Heath,-,1,No Preference,0,President,
Heath,-,1,Blanks,2,President,
Heath,-,1,Total Votes Cast,470,President,
Hingham,-,1,Biden/ Harris,1875,President,
Hingham,-,1,Trump/ Pence,794,President,
Hingham,-,1,Jorgensen/ Cohen,32,President,
Hingham,-,1,Hawkins/ Walker,6,President,
Hingham,-,1,All Others,26,President,
Hingham,-,1,No Preference,0,President,
Hingham,-,1,Blanks,23,President,
Hingham,-,1,Total Votes Cast,2756,President,
Hingham,-,2,Biden/ Harris,1900,President,
Hingham,-,2,Trump/ Pence,845,President,
Hingham,-,2,Jorgensen/ Cohen,40,President,
Hingham,-,2,Hawkins/ Walker,10,President,
Hingham,-,2,All Others,17,President,
Hingham,-,2,No Preference,0,President,
Hingham,-,2,Blanks,30,President,
Hingham,-,2,Total Votes Cast,2842,President,
Hingham,-,3,Biden/ Harris,1873,President,
Hingham,-,3,Trump/ Pence,811,President,
Hingham,-,3,Jorgensen/ Cohen,35,President,
Hingham,-,3,Hawkins/ Walker,8,President,
Hingham,-,3,All Others,28,President,
Hingham,-,3,No Preference,0,President,
Hingham,-,3,Blanks,27,President,
Hingham,-,3,Total Votes Cast,2782,President,
Hingham,-,4,Biden/ Harris,1683,President,
Hingham,-,4,Trump/ Pence,734,President,
Hingham,-,4,Jorgensen/ Cohen,36,President,
Hingham,-,4,Hawkins/ Walker,4,President,
Hingham,-,4,All Others,30,President,
Hingham,-,4,No Preference,0,President,
Hingham,-,4,Blanks,24,President,
Hingham,-,4,Total Votes Cast,2511,President,
Hingham,-,5,Biden/ Harris,1090,President,
Hingham,-,5,Trump/ Pence,716,President,
Hingham,-,5,Jorgensen/ Cohen,28,President,
Hingham,-,5,Hawkins/ Walker,4,President,
Hingham,-,5,All Others,17,President,
Hingham,-,5,No Preference,0,President,
Hingham,-,5,Blanks,21,President,
Hingham,-,5,Total Votes Cast,1876,President,
Hingham,-,5A,Biden/ Harris,861,President,
Hingham,-,5A,Trump/ Pence,256,President,
Hingham,-,5A,Jorgensen/ Cohen,4,President,
Hingham,-,5A,Hawkins/ Walker,4,President,
Hingham,-,5A,All Others,1,President,
Hingham,-,5A,No Preference,0,President,
Hingham,-,5A,Blanks,13,President,
Hingham,-,5A,Total Votes Cast,1139,President,
Hingham,-,6,Biden/ Harris,1573,President,
Hingham,-,6,Trump/ Pence,830,President,
Hingham,-,6,Jorgensen/ Cohen,33,President,
Hingham,-,6,Hawkins/ Walker,7,President,
Hingham,-,6,All Others,18,President,
Hingham,-,6,No Preference,0,President,
Hingham,-,6,Blanks,19,President,
Hingham,-,6,Total Votes Cast,2480,President,
Hinsdale,-,1,Biden/ Harris,771,President,
Hinsdale,-,1,Trump/ Pence,402,President,
Hinsdale,-,1,Jorgensen/ Cohen,18,President,
Hinsdale,-,1,Hawkins/ Walker,15,President,
Hinsdale,-,1,All Others,4,President,
Hinsdale,-,1,No Preference,0,President,
Hinsdale,-,1,Blanks,6,President,
Hinsdale,-,1,Total Votes Cast,1216,President,
Holbrook,-,1,Biden/ Harris,989,President,
Holbrook,-,1,Trump/ Pence,531,President,
Holbrook,-,1,Jorgensen/ Cohen,9,President,
Holbrook,-,1,Hawkins/ Walker,8,President,
Holbrook,-,1,All Others,7,President,
Holbrook,-,1,No Preference,0,President,
Holbrook,-,1,Blanks,15,President,
Holbrook,-,1,Total Votes Cast,1559,President,
Holbrook,-,2,Biden/ Harris,894,President,
Holbrook,-,2,Trump/ Pence,686,President,
Holbrook,-,2,Jorgensen/ Cohen,30,President,
Holbrook,-,2,Hawkins/ Walker,6,President,
Holbrook,-,2,All Others,8,President,
Holbrook,-,2,No Preference,0,President,
Holbrook,-,2,Blanks,7,President,
Holbrook,-,2,Total Votes Cast,1631,President,
Holbrook,-,3,Biden/ Harris,928,President,
Holbrook,-,3,Trump/ Pence,592,President,
Holbrook,-,3,Jorgensen/ Cohen,17,President,
Holbrook,-,3,Hawkins/ Walker,11,President,
Holbrook,-,3,All Others,2,President,
Holbrook,-,3,No Preference,0,President,
Holbrook,-,3,Blanks,10,President,
Holbrook,-,3,Total Votes Cast,1560,President,
Holbrook,-,4,Biden/ Harris,899,President,
Holbrook,-,4,Trump/ Pence,572,President,
Holbrook,-,4,Jorgensen/ Cohen,15,President,
Holbrook,-,4,Hawkins/ Walker,6,President,
Holbrook,-,4,All Others,3,President,
Holbrook,-,4,No Preference,0,President,
Holbrook,-,4,Blanks,13,President,
Holbrook,-,4,Total Votes Cast,1508,President,
Holden,-,1,Biden/ Harris,1362,President,
Holden,-,1,Trump/ Pence,1004,President,
Holden,-,1,Jorgensen/ Cohen,46,President,
Holden,-,1,Hawkins/ Walker,14,President,
Holden,-,1,All Others,20,President,
Holden,-,1,No Preference,0,President,
Holden,-,1,Blanks,19,President,
Holden,-,1,Total Votes Cast,2465,President,
Holden,-,2,Biden/ Harris,1473,President,
Holden,-,2,Trump/ Pence,1017,President,
Holden,-,2,Jorgensen/ Cohen,32,President,
Holden,-,2,Hawkins/ Walker,18,President,
Holden,-,2,All Others,12,President,
Holden,-,2,No Preference,0,President,
Holden,-,2,Blanks,15,President,
Holden,-,2,Total Votes Cast,2567,President,
Holden,-,3,Biden/ Harris,1351,President,
Holden,-,3,Trump/ Pence,835,President,
Holden,-,3,Jorgensen/ Cohen,40,President,
Holden,-,3,Hawkins/ Walker,18,President,
Holden,-,3,All Others,11,President,
Holden,-,3,No Preference,0,President,
Holden,-,3,Blanks,16,President,
Holden,-,3,Total Votes Cast,2271,President,
Holden,-,4,Biden/ Harris,1665,President,
Holden,-,4,Trump/ Pence,1095,President,
Holden,-,4,Jorgensen/ Cohen,41,President,
Holden,-,4,Hawkins/ Walker,9,President,
Holden,-,4,All Others,16,President,
Holden,-,4,No Preference,0,President,
Holden,-,4,Blanks,17,President,
Holden,-,4,Total Votes Cast,2843,President,
Holden,-,5,Biden/ Harris,1474,President,
Holden,-,5,Trump/ Pence,1045,President,
Holden,-,5,Jorgensen/ Cohen,41,President,
Holden,-,5,Hawkins/ Walker,6,President,
Holden,-,5,All Others,9,President,
Holden,-,5,No Preference,0,President,
Holden,-,5,Blanks,15,President,
Holden,-,5,Total Votes Cast,2590,President,
Holland,-,1,Biden/ Harris,698,President,
Holland,-,1,Trump/ Pence,793,President,
Holland,-,1,Jorgensen/ Cohen,38,President,
Holland,-,1,Hawkins/ Walker,7,President,
Holland,-,1,All Others,9,President,
Holland,-,1,No Preference,0,President,
Holland,-,1,Blanks,13,President,
Holland,-,1,Total Votes Cast,1558,President,
Holliston,-,1,Biden/ Harris,1765,President,
Holliston,-,1,Trump/ Pence,740,President,
Holliston,-,1,Jorgensen/ Cohen,44,President,
Holliston,-,1,Hawkins/ Walker,11,President,
Holliston,-,1,All Others,20,President,
Holliston,-,1,No Preference,0,President,
Holliston,-,1,Blanks,14,President,
Holliston,-,1,Total Votes Cast,2594,President,
Holliston,-,2,Biden/ Harris,1739,President,
Holliston,-,2,Trump/ Pence,608,President,
Holliston,-,2,Jorgensen/ Cohen,39,President,
Holliston,-,2,Hawkins/ Walker,12,President,
Holliston,-,2,All Others,16,President,
Holliston,-,2,No Preference,0,President,
Holliston,-,2,Blanks,19,President,
Holliston,-,2,Total Votes Cast,2433,President,
Holliston,-,3,Biden/ Harris,1761,President,
Holliston,-,3,Trump/ Pence,612,President,
Holliston,-,3,Jorgensen/ Cohen,42,President,
Holliston,-,3,Hawkins/ Walker,9,President,
Holliston,-,3,All Others,10,President,
Holliston,-,3,No Preference,0,President,
Holliston,-,3,Blanks,12,President,
Holliston,-,3,Total Votes Cast,2446,President,
Holliston,-,4,Biden/ Harris,1506,President,
Holliston,-,4,Trump/ Pence,619,President,
Holliston,-,4,Jorgensen/ Cohen,36,President,
Holliston,-,4,Hawkins/ Walker,13,President,
Holliston,-,4,All Others,15,President,
Holliston,-,4,No Preference,0,President,
Holliston,-,4,Blanks,5,President,
Holliston,-,4,Total Votes Cast,2194,President,
Holyoke,1,A,Biden/ Harris,448,President,
Holyoke,1,A,Trump/ Pence,190,President,
Holyoke,1,A,Jorgensen/ Cohen,2,President,
Holyoke,1,A,Hawkins/ Walker,2,President,
Holyoke,1,A,All Others,0,President,
Holyoke,1,A,No Preference,0,President,
Holyoke,1,A,Blanks,9,President,
Holyoke,1,A,Total Votes Cast,651,President,
Holyoke,1,B,Biden/ Harris,583,President,
Holyoke,1,B,Trump/ Pence,193,President,
Holyoke,1,B,Jorgensen/ Cohen,8,President,
Holyoke,1,B,Hawkins/ Walker,8,President,
Holyoke,1,B,All Others,0,President,
Holyoke,1,B,No Preference,0,President,
Holyoke,1,B,Blanks,11,President,
Holyoke,1,B,Total Votes Cast,803,President,
Holyoke,2,A,Biden/ Harris,547,President,
Holyoke,2,A,Trump/ Pence,211,President,
Holyoke,2,A,Jorgensen/ Cohen,4,President,
Holyoke,2,A,Hawkins/ Walker,6,President,
Holyoke,2,A,All Others,0,President,
Holyoke,2,A,No Preference,0,President,
Holyoke,2,A,Blanks,7,President,
Holyoke,2,A,Total Votes Cast,775,President,
Holyoke,2,B,Biden/ Harris,493,President,
Holyoke,2,B,Trump/ Pence,188,President,
Holyoke,2,B,Jorgensen/ Cohen,5,President,
Holyoke,2,B,Hawkins/ Walker,7,President,
Holyoke,2,B,All Others,0,President,
Holyoke,2,B,No Preference,0,President,
Holyoke,2,B,Blanks,6,President,
Holyoke,2,B,Total Votes Cast,699,President,
Holyoke,3,A,Biden/ Harris,857,President,
Holyoke,3,A,Trump/ Pence,334,President,
Holyoke,3,A,Jorgensen/ Cohen,17,President,
Holyoke,3,A,Hawkins/ Walker,15,President,
Holyoke,3,A,All Others,1,President,
Holyoke,3,A,No Preference,0,President,
Holyoke,3,A,Blanks,16,President,
Holyoke,3,A,Total Votes Cast,1240,President,
Holyoke,3,B,Biden/ Harris,948,President,
Holyoke,3,B,Trump/ Pence,489,President,
Holyoke,3,B,Jorgensen/ Cohen,15,President,
Holyoke,3,B,Hawkins/ Walker,15,President,
Holyoke,3,B,All Others,2,President,
Holyoke,3,B,No Preference,0,President,
Holyoke,3,B,Blanks,14,President,
Holyoke,3,B,Total Votes Cast,1483,President,
Holyoke,4,A,Biden/ Harris,481,President,
Holyoke,4,A,Trump/ Pence,159,President,
Holyoke,4,A,Jorgensen/ Cohen,7,President,
Holyoke,4,A,Hawkins/ Walker,6,President,
Holyoke,4,A,All Others,1,President,
Holyoke,4,A,No Preference,0,President,
Holyoke,4,A,Blanks,6,President,
Holyoke,4,A,Total Votes Cast,660,President,
Holyoke,4,B,Biden/ Harris,754,President,
Holyoke,4,B,Trump/ Pence,247,President,
Holyoke,4,B,Jorgensen/ Cohen,11,President,
Holyoke,4,B,Hawkins/ Walker,11,President,
Holyoke,4,B,All Others,1,President,
Holyoke,4,B,No Preference,0,President,
Holyoke,4,B,Blanks,18,President,
Holyoke,4,B,Total Votes Cast,1042,President,
Holyoke,5,A,Biden/ Harris,1120,President,
Holyoke,5,A,Trump/ Pence,783,President,
Holyoke,5,A,Jorgensen/ Cohen,26,President,
Holyoke,5,A,Hawkins/ Walker,10,President,
Holyoke,5,A,All Others,4,President,
Holyoke,5,A,No Preference,0,President,
Holyoke,5,A,Blanks,8,President,
Holyoke,5,A,Total Votes Cast,1951,President,
Holyoke,5,B,Biden/ Harris,807,President,
Holyoke,5,B,Trump/ Pence,485,President,
Holyoke,5,B,Jorgensen/ Cohen,10,President,
Holyoke,5,B,Hawkins/ Walker,8,President,
Holyoke,5,B,All Others,4,President,
Holyoke,5,B,No Preference,0,President,
Holyoke,5,B,Blanks,12,President,
Holyoke,5,B,Total Votes Cast,1326,President,
Holyoke,6,A,Biden/ Harris,786,President,
Holyoke,6,A,Trump/ Pence,268,President,
Holyoke,6,A,Jorgensen/ Cohen,17,President,
Holyoke,6,A,Hawkins/ Walker,9,President,
Holyoke,6,A,All Others,3,President,
Holyoke,6,A,No Preference,0,President,
Holyoke,6,A,Blanks,11,President,
Holyoke,6,A,Total Votes Cast,1094,President,
Holyoke,6,B,Biden/ Harris,949,President,
Holyoke,6,B,Trump/ Pence,373,President,
Holyoke,6,B,Jorgensen/ Cohen,14,President,
Holyoke,6,B,Hawkins/ Walker,10,President,
Holyoke,6,B,All Others,2,President,
Holyoke,6,B,No Preference,0,President,
Holyoke,6,B,Blanks,23,President,
Holyoke,6,B,Total Votes Cast,1371,President,
Holyoke,7,A,Biden/ Harris,1235,President,
Holyoke,7,A,Trump/ Pence,559,President,
Holyoke,7,A,Jorgensen/ Cohen,15,President,
Holyoke,7,A,Hawkins/ Walker,8,President,
Holyoke,7,A,All Others,2,President,
Holyoke,7,A,No Preference,0,President,
Holyoke,7,A,Blanks,16,President,
Holyoke,7,A,Total Votes Cast,1835,President,
Holyoke,7,B,Biden/ Harris,1144,President,
Holyoke,7,B,Trump/ Pence,364,President,
Holyoke,7,B,Jorgensen/ Cohen,18,President,
Holyoke,7,B,Hawkins/ Walker,13,President,
Holyoke,7,B,All Others,1,President,
Holyoke,7,B,No Preference,0,President,
Holyoke,7,B,Blanks,13,President,
Holyoke,7,B,Total Votes Cast,1553,President,
Hopedale,-,1,Biden/ Harris,2285,President,
Hopedale,-,1,Trump/ Pence,1385,President,
Hopedale,-,1,Jorgensen/ Cohen,62,President,
Hopedale,-,1,Hawkins/ Walker,22,President,
Hopedale,-,1,All Others,21,President,
Hopedale,-,1,No Preference,0,President,
Hopedale,-,1,Blanks,26,President,
Hopedale,-,1,Total Votes Cast,3801,President,
Hopkinton,-,1,Biden/ Harris,2032,President,
Hopkinton,-,1,Trump/ Pence,774,President,
Hopkinton,-,1,Jorgensen/ Cohen,35,President,
Hopkinton,-,1,Hawkins/ Walker,18,President,
Hopkinton,-,1,All Others,24,President,
Hopkinton,-,1,No Preference,0,President,
Hopkinton,-,1,Blanks,17,President,
Hopkinton,-,1,Total Votes Cast,2900,President,
Hopkinton,-,2,Biden/ Harris,1729,President,
Hopkinton,-,2,Trump/ Pence,775,President,
Hopkinton,-,2,Jorgensen/ Cohen,32,President,
Hopkinton,-,2,Hawkins/ Walker,8,President,
Hopkinton,-,2,All Others,18,President,
Hopkinton,-,2,No Preference,0,President,
Hopkinton,-,2,Blanks,14,President,
Hopkinton,-,2,Total Votes Cast,2576,President,
Hopkinton,-,3,Biden/ Harris,1586,President,
Hopkinton,-,3,Trump/ Pence,745,President,
Hopkinton,-,3,Jorgensen/ Cohen,32,President,
Hopkinton,-,3,Hawkins/ Walker,9,President,
Hopkinton,-,3,All Others,16,President,
Hopkinton,-,3,No Preference,0,President,
Hopkinton,-,3,Blanks,13,President,
Hopkinton,-,3,Total Votes Cast,2401,President,
Hopkinton,-,4,Biden/ Harris,1700,President,
Hopkinton,-,4,Trump/ Pence,687,President,
Hopkinton,-,4,Jorgensen/ Cohen,44,President,
Hopkinton,-,4,Hawkins/ Walker,8,President,
Hopkinton,-,4,All Others,24,President,
Hopkinton,-,4,No Preference,0,President,
Hopkinton,-,4,Blanks,14,President,
Hopkinton,-,4,Total Votes Cast,2477,President,
Hubbardston,-,1,Biden/ Harris,1390,President,
Hubbardston,-,1,Trump/ Pence,1442,President,
Hubbardston,-,1,Jorgensen/ Cohen,63,President,
Hubbardston,-,1,Hawkins/ Walker,21,President,
Hubbardston,-,1,All Others,11,President,
Hubbardston,-,1,No Preference,0,President,
Hubbardston,-,1,Blanks,16,President,
Hubbardston,-,1,Total Votes Cast,2943,President,
Hudson,-,1,Biden/ Harris,1130,President,
Hudson,-,1,Trump/ Pence,570,President,
Hudson,-,1,Jorgensen/ Cohen,26,President,
Hudson,-,1,Hawkins/ Walker,10,President,
Hudson,-,1,All Others,10,President,
Hudson,-,1,No Preference,0,President,
Hudson,-,1,Blanks,11,President,
Hudson,-,1,Total Votes Cast,1757,President,
Hudson,-,2,Biden/ Harris,931,President,
Hudson,-,2,Trump/ Pence,447,President,
Hudson,-,2,Jorgensen/ Cohen,31,President,
Hudson,-,2,Hawkins/ Walker,11,President,
Hudson,-,2,All Others,8,President,
Hudson,-,2,No Preference,0,President,
Hudson,-,2,Blanks,8,President,
Hudson,-,2,Total Votes Cast,1436,President,
Hudson,-,3,Biden/ Harris,1021,President,
Hudson,-,3,Trump/ Pence,707,President,
Hudson,-,3,Jorgensen/ Cohen,32,President,
Hudson,-,3,Hawkins/ Walker,8,President,
Hudson,-,3,All Others,6,President,
Hudson,-,3,No Preference,0,President,
Hudson,-,3,Blanks,13,President,
Hudson,-,3,Total Votes Cast,1787,President,
Hudson,-,4,Biden/ Harris,1144,President,
Hudson,-,4,Trump/ Pence,612,President,
Hudson,-,4,Jorgensen/ Cohen,40,President,
Hudson,-,4,Hawkins/ Walker,12,President,
Hudson,-,4,All Others,5,President,
Hudson,-,4,No Preference,0,President,
Hudson,-,4,Blanks,9,President,
Hudson,-,4,Total Votes Cast,1822,President,
Hudson,-,5,Biden/ Harris,1429,President,
Hudson,-,5,Trump/ Pence,637,President,
Hudson,-,5,Jorgensen/ Cohen,32,President,
Hudson,-,5,Hawkins/ Walker,12,President,
Hudson,-,5,All Others,5,President,
Hudson,-,5,No Preference,0,President,
Hudson,-,5,Blanks,16,President,
Hudson,-,5,Total Votes Cast,2131,President,
Hudson,-,6,Biden/ Harris,848,President,
Hudson,-,6,Trump/ Pence,454,President,
Hudson,-,6,Jorgensen/ Cohen,12,President,
Hudson,-,6,Hawkins/ Walker,12,President,
Hudson,-,6,All Others,7,President,
Hudson,-,6,No Preference,0,President,
Hudson,-,6,Blanks,8,President,
Hudson,-,6,Total Votes Cast,1341,President,
Hudson,-,7,Biden/ Harris,911,President,
Hudson,-,7,Trump/ Pence,425,President,
Hudson,-,7,Jorgensen/ Cohen,23,President,
Hudson,-,7,Hawkins/ Walker,6,President,
Hudson,-,7,All Others,9,President,
Hudson,-,7,No Preference,0,President,
Hudson,-,7,Blanks,5,President,
Hudson,-,7,Total Votes Cast,1379,President,
Hull,-,1,Biden/ Harris,1617,President,
Hull,-,1,Trump/ Pence,713,President,
Hull,-,1,Jorgensen/ Cohen,26,President,
Hull,-,1,Hawkins/ Walker,8,President,
Hull,-,1,All Others,9,President,
Hull,-,1,No Preference,0,President,
Hull,-,1,Blanks,16,President,
Hull,-,1,Total Votes Cast,2389,President,
Hull,-,2,Biden/ Harris,1306,President,
Hull,-,2,Trump/ Pence,811,President,
Hull,-,2,Jorgensen/ Cohen,24,President,
Hull,-,2,Hawkins/ Walker,12,President,
Hull,-,2,All Others,8,President,
Hull,-,2,No Preference,0,President,
Hull,-,2,Blanks,19,President,
Hull,-,2,Total Votes Cast,2180,President,
Hull,-,3,Biden/ Harris,1584,President,
Hull,-,3,Trump/ Pence,909,President,
Hull,-,3,Jorgensen/ Cohen,27,President,
Hull,-,3,Hawkins/ Walker,13,President,
Hull,-,3,All Others,13,President,
Hull,-,3,No Preference,0,President,
Hull,-,3,Blanks,20,President,
Hull,-,3,Total Votes Cast,2566,President,
Huntington,-,1,Biden/ Harris,585,President,
Huntington,-,1,Trump/ Pence,593,President,
Huntington,-,1,Jorgensen/ Cohen,24,President,
Huntington,-,1,Hawkins/ Walker,13,President,
Huntington,-,1,All Others,2,President,
Huntington,-,1,No Preference,0,President,
Huntington,-,1,Blanks,6,President,
Huntington,-,1,Total Votes Cast,1223,President,
Ipswich,-,1,Biden/ Harris,1645,President,
Ipswich,-,1,Trump/ Pence,607,President,
Ipswich,-,1,Jorgensen/ Cohen,27,President,
Ipswich,-,1,Hawkins/ Walker,13,President,
Ipswich,-,1,All Others,8,President,
Ipswich,-,1,No Preference,0,President,
Ipswich,-,1,Blanks,21,President,
Ipswich,-,1,Total Votes Cast,2321,President,
Ipswich,-,2,Biden/ Harris,1690,President,
Ipswich,-,2,Trump/ Pence,790,President,
Ipswich,-,2,Jorgensen/ Cohen,39,President,
Ipswich,-,2,Hawkins/ Walker,11,President,
Ipswich,-,2,All Others,6,President,
Ipswich,-,2,No Preference,0,President,
Ipswich,-,2,Blanks,42,President,
Ipswich,-,2,Total Votes Cast,2578,President,
Ipswich,-,3,Biden/ Harris,1369,President,
Ipswich,-,3,Trump/ Pence,891,President,
Ipswich,-,3,Jorgensen/ Cohen,43,President,
Ipswich,-,3,Hawkins/ Walker,11,President,
Ipswich,-,3,All Others,13,President,
Ipswich,-,3,No Preference,0,President,
Ipswich,-,3,Blanks,25,President,
Ipswich,-,3,Total Votes Cast,2352,President,
Ipswich,-,4,Biden/ Harris,1569,President,
Ipswich,-,4,Trump/ Pence,821,President,
Ipswich,-,4,Jorgensen/ Cohen,40,President,
Ipswich,-,4,Hawkins/ Walker,8,President,
Ipswich,-,4,All Others,13,President,
Ipswich,-,4,No Preference,0,President,
Ipswich,-,4,Blanks,26,President,
Ipswich,-,4,Total Votes Cast,2477,President,
Kingston,-,1,Biden/ Harris,1142,President,
Kingston,-,1,Trump/ Pence,809,President,
Kingston,-,1,Jorgensen/ Cohen,29,President,
Kingston,-,1,Hawkins/ Walker,9,President,
Kingston,-,1,All Others,5,President,
Kingston,-,1,No Preference,0,President,
Kingston,-,1,Blanks,16,President,
Kingston,-,1,Total Votes Cast,2010,President,
Kingston,-,2,Biden/ Harris,1174,President,
Kingston,-,2,Trump/ Pence,1083,President,
Kingston,-,2,Jorgensen/ Cohen,39,President,
Kingston,-,2,Hawkins/ Walker,5,President,
Kingston,-,2,All Others,8,President,
Kingston,-,2,No Preference,0,President,
Kingston,-,2,Blanks,11,President,
Kingston,-,2,Total Votes Cast,2320,President,
Kingston,-,3,Biden/ Harris,1193,President,
Kingston,-,3,Trump/ Pence,1063,President,
Kingston,-,3,Jorgensen/ Cohen,58,President,
Kingston,-,3,Hawkins/ Walker,8,President,
Kingston,-,3,All Others,9,President,
Kingston,-,3,No Preference,0,President,
Kingston,-,3,Blanks,11,President,
Kingston,-,3,Total Votes Cast,2342,President,
Kingston,-,4,Biden/ Harris,1013,President,
Kingston,-,4,Trump/ Pence,820,President,
Kingston,-,4,Jorgensen/ Cohen,38,President,
Kingston,-,4,Hawkins/ Walker,9,President,
Kingston,-,4,All Others,6,President,
Kingston,-,4,No Preference,0,President,
Kingston,-,4,Blanks,11,President,
Kingston,-,4,Total Votes Cast,1897,President,
Lakeville,-,1,Biden/ Harris,1019,President,
Lakeville,-,1,Trump/ Pence,1204,President,
Lakeville,-,1,Jorgensen/ Cohen,36,President,
Lakeville,-,1,Hawkins/ Walker,10,President,
Lakeville,-,1,All Others,6,President,
Lakeville,-,1,No Preference,0,President,
Lakeville,-,1,Blanks,18,President,
Lakeville,-,1,Total Votes Cast,2293,President,
Lakeville,-,2,Biden/ Harris,1018,President,
Lakeville,-,2,Trump/ Pence,1255,President,
Lakeville,-,2,Jorgensen/ Cohen,58,President,
Lakeville,-,2,Hawkins/ Walker,14,President,
Lakeville,-,2,All Others,10,President,
Lakeville,-,2,No Preference,0,President,
Lakeville,-,2,Blanks,14,President,
Lakeville,-,2,Total Votes Cast,2369,President,
Lakeville,-,3,Biden/ Harris,1299,President,
Lakeville,-,3,Trump/ Pence,1319,President,
Lakeville,-,3,Jorgensen/ Cohen,46,President,
Lakeville,-,3,Hawkins/ Walker,14,President,
Lakeville,-,3,All Others,15,President,
Lakeville,-,3,No Preference,0,President,
Lakeville,-,3,Blanks,22,President,
Lakeville,-,3,Total Votes Cast,2715,President,
Lancaster,-,1,Biden/ Harris,1154,President,
Lancaster,-,1,Trump/ Pence,865,President,
Lancaster,-,1,Jorgensen/ Cohen,46,President,
Lancaster,-,1,Hawkins/ Walker,13,President,
Lancaster,-,1,All Others,12,President,
Lancaster,-,1,No Preference,0,President,
Lancaster,-,1,Blanks,12,President,
Lancaster,-,1,Total Votes Cast,2102,President,
Lancaster,-,2,Biden/ Harris,1304,President,
Lancaster,-,2,Trump/ Pence,897,President,
Lancaster,-,2,Jorgensen/ Cohen,42,President,
Lancaster,-,2,Hawkins/ Walker,8,President,
Lancaster,-,2,All Others,13,President,
Lancaster,-,2,No Preference,0,President,
Lancaster,-,2,Blanks,18,President,
Lancaster,-,2,Total Votes Cast,2282,President,
Lanesborough,-,1,Biden/ Harris,1237,President,
Lanesborough,-,1,Trump/ Pence,604,President,
Lanesborough,-,1,Jorgensen/ Cohen,31,President,
Lanesborough,-,1,Hawkins/ Walker,9,President,
Lanesborough,-,1,All Others,10,President,
Lanesborough,-,1,No Preference,0,President,
Lanesborough,-,1,Blanks,5,President,
Lanesborough,-,1,Total Votes Cast,1896,President,
Lawrence,A,1,Biden/ Harris,746,President,
Lawrence,A,1,Trump/ Pence,261,President,
Lawrence,A,1,Jorgensen/ Cohen,12,President,
Lawrence,A,1,Hawkins/ Walker,1,President,
Lawrence,A,1,All Others,1,President,
Lawrence,A,1,No Preference,0,President,
Lawrence,A,1,Blanks,8,President,
Lawrence,A,1,Total Votes Cast,1029,President,
Lawrence,A,2,Biden/ Harris,571,President,
Lawrence,A,2,Trump/ Pence,163,President,
Lawrence,A,2,Jorgensen/ Cohen,5,President,
Lawrence,A,2,Hawkins/ Walker,6,President,
Lawrence,A,2,All Others,1,President,
Lawrence,A,2,No Preference,0,President,
Lawrence,A,2,Blanks,5,President,
Lawrence,A,2,Total Votes Cast,751,President,
Lawrence,A,3,Biden/ Harris,667,President,
Lawrence,A,3,Trump/ Pence,297,President,
Lawrence,A,3,Jorgensen/ Cohen,12,President,
Lawrence,A,3,Hawkins/ Walker,6,President,
Lawrence,A,3,All Others,0,President,
Lawrence,A,3,No Preference,0,President,
Lawrence,A,3,Blanks,8,President,
Lawrence,A,3,Total Votes Cast,990,President,
Lawrence,A,4,Biden/ Harris,804,President,
Lawrence,A,4,Trump/ Pence,253,President,
Lawrence,A,4,Jorgensen/ Cohen,8,President,
Lawrence,A,4,Hawkins/ Walker,2,President,
Lawrence,A,4,All Others,6,President,
Lawrence,A,4,No Preference,0,President,
Lawrence,A,4,Blanks,2,President,
Lawrence,A,4,Total Votes Cast,1075,President,
Lawrence,B,1,Biden/ Harris,748,President,
Lawrence,B,1,Trump/ Pence,176,President,
Lawrence,B,1,Jorgensen/ Cohen,9,President,
Lawrence,B,1,Hawkins/ Walker,4,President,
Lawrence,B,1,All Others,6,President,
Lawrence,B,1,No Preference,0,President,
Lawrence,B,1,Blanks,1,President,
Lawrence,B,1,Total Votes Cast,944,President,
Lawrence,B,2,Biden/ Harris,543,President,
Lawrence,B,2,Trump/ Pence,126,President,
Lawrence,B,2,Jorgensen/ Cohen,14,President,
Lawrence,B,2,Hawkins/ Walker,2,President,
Lawrence,B,2,All Others,0,President,
Lawrence,B,2,No Preference,0,President,
Lawrence,B,2,Blanks,3,President,
Lawrence,B,2,Total Votes Cast,688,President,
Lawrence,B,3,Biden/ Harris,647,President,
Lawrence,B,3,Trump/ Pence,177,President,
Lawrence,B,3,Jorgensen/ Cohen,8,President,
Lawrence,B,3,Hawkins/ Walker,2,President,
Lawrence,B,3,All Others,2,President,
Lawrence,B,3,No Preference,0,President,
Lawrence,B,3,Blanks,6,President,
Lawrence,B,3,Total Votes Cast,842,President,
Lawrence,B,4,Biden/ Harris,683,President,
Lawrence,B,4,Trump/ Pence,195,President,
Lawrence,B,4,Jorgensen/ Cohen,10,President,
Lawrence,B,4,Hawkins/ Walker,6,President,
Lawrence,B,4,All Others,1,President,
Lawrence,B,4,No Preference,0,President,
Lawrence,B,4,Blanks,9,President,
Lawrence,B,4,Total Votes Cast,904,President,
Lawrence,C,1,Biden/ Harris,586,President,
Lawrence,C,1,Trump/ Pence,183,President,
Lawrence,C,1,Jorgensen/ Cohen,8,President,
Lawrence,C,1,Hawkins/ Walker,1,President,
Lawrence,C,1,All Others,2,President,
Lawrence,C,1,No Preference,0,President,
Lawrence,C,1,Blanks,4,President,
Lawrence,C,1,Total Votes Cast,784,President,
Lawrence,C,2,Biden/ Harris,863,President,
Lawrence,C,2,Trump/ Pence,307,President,
Lawrence,C,2,Jorgensen/ Cohen,15,President,
Lawrence,C,2,Hawkins/ Walker,4,President,
Lawrence,C,2,All Others,6,President,
Lawrence,C,2,No Preference,0,President,
Lawrence,C,2,Blanks,9,President,
Lawrence,C,2,Total Votes Cast,1204,President,
Lawrence,C,3,Biden/ Harris,603,President,
Lawrence,C,3,Trump/ Pence,158,President,
Lawrence,C,3,Jorgensen/ Cohen,6,President,
Lawrence,C,3,Hawkins/ Walker,3,President,
Lawrence,C,3,All Others,3,President,
Lawrence,C,3,No Preference,0,President,
Lawrence,C,3,Blanks,3,President,
Lawrence,C,3,Total Votes Cast,776,President,
Lawrence,C,4,Biden/ Harris,689,President,
Lawrence,C,4,Trump/ Pence,187,President,
Lawrence,C,4,Jorgensen/ Cohen,8,President,
Lawrence,C,4,Hawkins/ Walker,3,President,
Lawrence,C,4,All Others,2,President,
Lawrence,C,4,No Preference,0,President,
Lawrence,C,4,Blanks,10,President,
Lawrence,C,4,Total Votes Cast,899,President,
Lawrence,D,1,Biden/ Harris,755,President,
Lawrence,D,1,Trump/ Pence,258,President,
Lawrence,D,1,Jorgensen/ Cohen,6,President,
Lawrence,D,1,Hawkins/ Walker,4,President,
Lawrence,D,1,All Others,1,President,
Lawrence,D,1,No Preference,0,President,
Lawrence,D,1,Blanks,7,President,
Lawrence,D,1,Total Votes Cast,1031,President,
Lawrence,D,2,Biden/ Harris,593,President,
Lawrence,D,2,Trump/ Pence,161,President,
Lawrence,D,2,Jorgensen/ Cohen,6,President,
Lawrence,D,2,Hawkins/ Walker,2,President,
Lawrence,D,2,All Others,0,President,
Lawrence,D,2,No Preference,0,President,
Lawrence,D,2,Blanks,7,President,
Lawrence,D,2,Total Votes Cast,769,President,
Lawrence,D,3,Biden/ Harris,492,President,
Lawrence,D,3,Trump/ Pence,151,President,
Lawrence,D,3,Jorgensen/ Cohen,1,President,
Lawrence,D,3,Hawkins/ Walker,2,President,
Lawrence,D,3,All Others,0,President,
Lawrence,D,3,No Preference,0,President,
Lawrence,D,3,Blanks,13,President,
Lawrence,D,3,Total Votes Cast,659,President,
Lawrence,D,4,Biden/ Harris,627,President,
Lawrence,D,4,Trump/ Pence,180,President,
Lawrence,D,4,Jorgensen/ Cohen,7,President,
Lawrence,D,4,Hawkins/ Walker,2,President,
Lawrence,D,4,All Others,1,President,
Lawrence,D,4,No Preference,0,President,
Lawrence,D,4,Blanks,4,President,
Lawrence,D,4,Total Votes Cast,821,President,
Lawrence,E,1,Biden/ Harris,937,President,
Lawrence,E,1,Trump/ Pence,523,President,
Lawrence,E,1,Jorgensen/ Cohen,10,President,
Lawrence,E,1,Hawkins/ Walker,5,President,
Lawrence,E,1,All Others,6,President,
Lawrence,E,1,No Preference,0,President,
Lawrence,E,1,Blanks,12,President,
Lawrence,E,1,Total Votes Cast,1493,President,
Lawrence,E,2,Biden/ Harris,958,President,
Lawrence,E,2,Trump/ Pence,479,President,
Lawrence,E,2,Jorgensen/ Cohen,17,President,
Lawrence,E,2,Hawkins/ Walker,6,President,
Lawrence,E,2,All Others,7,President,
Lawrence,E,2,No Preference,0,President,
Lawrence,E,2,Blanks,14,President,
Lawrence,E,2,Total Votes Cast,1481,President,
Lawrence,E,3,Biden/ Harris,629,President,
Lawrence,E,3,Trump/ Pence,287,President,
Lawrence,E,3,Jorgensen/ Cohen,8,President,
Lawrence,E,3,Hawkins/ Walker,4,President,
Lawrence,E,3,All Others,4,President,
Lawrence,E,3,No Preference,0,President,
Lawrence,E,3,Blanks,3,President,
Lawrence,E,3,Total Votes Cast,935,President,
Lawrence,E,4,Biden/ Harris,742,President,
Lawrence,E,4,Trump/ Pence,275,President,
Lawrence,E,4,Jorgensen/ Cohen,6,President,
Lawrence,E,4,Hawkins/ Walker,5,President,
Lawrence,E,4,All Others,2,President,
Lawrence,E,4,No Preference,0,President,
Lawrence,E,4,Blanks,4,President,
Lawrence,E,4,Total Votes Cast,1034,President,
Lawrence,F,1,Biden/ Harris,939,President,
Lawrence,F,1,Trump/ Pence,390,President,
Lawrence,F,1,Jorgensen/ Cohen,23,President,
Lawrence,F,1,Hawkins/ Walker,11,President,
Lawrence,F,1,All Others,8,President,
Lawrence,F,1,No Preference,0,President,
Lawrence,F,1,Blanks,6,President,
Lawrence,F,1,Total Votes Cast,1377,President,
Lawrence,F,2,Biden/ Harris,651,President,
Lawrence,F,2,Trump/ Pence,144,President,
Lawrence,F,2,Jorgensen/ Cohen,4,President,
Lawrence,F,2,Hawkins/ Walker,6,President,
Lawrence,F,2,All Others,0,President,
Lawrence,F,2,No Preference,0,President,
Lawrence,F,2,Blanks,7,President,
Lawrence,F,2,Total Votes Cast,812,President,
Lawrence,F,3,Biden/ Harris,825,President,
Lawrence,F,3,Trump/ Pence,232,President,
Lawrence,F,3,Jorgensen/ Cohen,7,President,
Lawrence,F,3,Hawkins/ Walker,8,President,
Lawrence,F,3,All Others,2,President,
Lawrence,F,3,No Preference,0,President,
Lawrence,F,3,Blanks,10,President,
Lawrence,F,3,Total Votes Cast,1084,President,
Lawrence,F,4,Biden/ Harris,725,President,
Lawrence,F,4,Trump/ Pence,240,President,
Lawrence,F,4,Jorgensen/ Cohen,11,President,
Lawrence,F,4,Hawkins/ Walker,3,President,
Lawrence,F,4,All Others,2,President,
Lawrence,F,4,No Preference,0,President,
Lawrence,F,4,Blanks,4,President,
Lawrence,F,4,Total Votes Cast,985,President,
Lee,-,1,Biden/ Harris,2415,President,
Lee,-,1,Trump/ Pence,985,President,
Lee,-,1,Jorgensen/ Cohen,51,President,
Lee,-,1,Hawkins/ Walker,23,President,
Lee,-,1,All Others,15,President,
Lee,-,1,No Preference,0,President,
Lee,-,1,Blanks,17,President,
Lee,-,1,Total Votes Cast,3506,President,
Leicester,-,1,Biden/ Harris,767,President,
Leicester,-,1,Trump/ Pence,856,President,
Leicester,-,1,Jorgensen/ Cohen,36,President,
Leicester,-,1,Hawkins/ Walker,5,President,
Leicester,-,1,All Others,9,President,
Leicester,-,1,No Preference,0,President,
Leicester,-,1,Blanks,11,President,
Leicester,-,1,Total Votes Cast,1684,President,
Leicester,-,2,Biden/ Harris,794,President,
Leicester,-,2,Trump/ Pence,752,President,
Leicester,-,2,Jorgensen/ Cohen,18,President,
Leicester,-,2,Hawkins/ Walker,13,President,
Leicester,-,2,All Others,8,President,
Leicester,-,2,No Preference,0,President,
Leicester,-,2,Blanks,8,President,
Leicester,-,2,Total Votes Cast,1593,President,
Leicester,-,3,Biden/ Harris,750,President,
Leicester,-,3,Trump/ Pence,795,President,
Leicester,-,3,Jorgensen/ Cohen,21,President,
Leicester,-,3,Hawkins/ Walker,11,President,
Leicester,-,3,All Others,5,President,
Leicester,-,3,No Preference,0,President,
Leicester,-,3,Blanks,12,President,
Leicester,-,3,Total Votes Cast,1594,President,
Leicester,-,4,Biden/ Harris,790,President,
Leicester,-,4,Trump/ Pence,743,President,
Leicester,-,4,Jorgensen/ Cohen,28,President,
Leicester,-,4,Hawkins/ Walker,10,President,
Leicester,-,4,All Others,4,President,
Leicester,-,4,No Preference,0,President,
Leicester,-,4,Blanks,7,President,
Leicester,-,4,Total Votes Cast,1582,President,
Lenox,-,1,Biden/ Harris,2701,President,
Lenox,-,1,Trump/ Pence,602,President,
Lenox,-,1,Jorgensen/ Cohen,30,President,
Lenox,-,1,Hawkins/ Walker,17,President,
Lenox,-,1,All Others,18,President,
Lenox,-,1,No Preference,0,President,
Lenox,-,1,Blanks,14,President,
Lenox,-,1,Total Votes Cast,3382,President,
Leominster,1,A,Biden/ Harris,982,President,
Leominster,1,A,Trump/ Pence,712,President,
Leominster,1,A,Jorgensen/ Cohen,33,President,
Leominster,1,A,Hawkins/ Walker,10,President,
Leominster,1,A,All Others,2,President,
Leominster,1,A,No Preference,0,President,
Leominster,1,A,Blanks,14,President,
Leominster,1,A,Total Votes Cast,1753,President,
Leominster,1,B,Biden/ Harris,980,President,
Leominster,1,B,Trump/ Pence,613,President,
Leominster,1,B,Jorgensen/ Cohen,36,President,
Leominster,1,B,Hawkins/ Walker,11,President,
Leominster,1,B,All Others,5,President,
Leominster,1,B,No Preference,0,President,
Leominster,1,B,Blanks,14,President,
Leominster,1,B,Total Votes Cast,1659,President,
Leominster,1,C,Biden/ Harris,801,President,
Leominster,1,C,Trump/ Pence,493,President,
Leominster,1,C,Jorgensen/ Cohen,23,President,
Leominster,1,C,Hawkins/ Walker,12,President,
Leominster,1,C,All Others,5,President,
Leominster,1,C,No Preference,0,President,
Leominster,1,C,Blanks,9,President,
Leominster,1,C,Total Votes Cast,1343,President,
Leominster,2,A,Biden/ Harris,680,President,
Leominster,2,A,Trump/ Pence,376,President,
Leominster,2,A,Jorgensen/ Cohen,23,President,
Leominster,2,A,Hawkins/ Walker,11,President,
Leominster,2,A,All Others,3,President,
Leominster,2,A,No Preference,0,President,
Leominster,2,A,Blanks,6,President,
Leominster,2,A,Total Votes Cast,1099,President,
Leominster,2,B,Biden/ Harris,742,President,
Leominster,2,B,Trump/ Pence,559,President,
Leominster,2,B,Jorgensen/ Cohen,23,President,
Leominster,2,B,Hawkins/ Walker,16,President,
Leominster,2,B,All Others,4,President,
Leominster,2,B,No Preference,0,President,
Leominster,2,B,Blanks,12,President,
Leominster,2,B,Total Votes Cast,1356,President,
Leominster,2,C,Biden/ Harris,458,President,
Leominster,2,C,Trump/ Pence,355,President,
Leominster,2,C,Jorgensen/ Cohen,12,President,
Leominster,2,C,Hawkins/ Walker,7,President,
Leominster,2,C,All Others,1,President,
Leominster,2,C,No Preference,0,President,
Leominster,2,C,Blanks,2,President,
Leominster,2,C,Total Votes Cast,835,President,
Leominster,3,A,Biden/ Harris,653,President,
Leominster,3,A,Trump/ Pence,444,President,
Leominster,3,A,Jorgensen/ Cohen,21,President,
Leominster,3,A,Hawkins/ Walker,3,President,
Leominster,3,A,All Others,1,President,
Leominster,3,A,No Preference,0,President,
Leominster,3,A,Blanks,8,President,
Leominster,3,A,Total Votes Cast,1130,President,
Leominster,3,B,Biden/ Harris,1064,President,
Leominster,3,B,Trump/ Pence,672,President,
Leominster,3,B,Jorgensen/ Cohen,20,President,
Leominster,3,B,Hawkins/ Walker,8,President,
Leominster,3,B,All Others,9,President,
Leominster,3,B,No Preference,0,President,
Leominster,3,B,Blanks,12,President,
Leominster,3,B,Total Votes Cast,1785,President,
Leominster,3,C,Biden/ Harris,1034,President,
Leominster,3,C,Trump/ Pence,836,President,
Leominster,3,C,Jorgensen/ Cohen,31,President,
Leominster,3,C,Hawkins/ Walker,5,President,
Leominster,3,C,All Others,8,President,
Leominster,3,C,No Preference,0,President,
Leominster,3,C,Blanks,11,President,
Leominster,3,C,Total Votes Cast,1925,President,
Leominster,4,A,Biden/ Harris,931,President,
Leominster,4,A,Trump/ Pence,775,President,
Leominster,4,A,Jorgensen/ Cohen,27,President,
Leominster,4,A,Hawkins/ Walker,4,President,
Leominster,4,A,All Others,8,President,
Leominster,4,A,No Preference,0,President,
Leominster,4,A,Blanks,10,President,
Leominster,4,A,Total Votes Cast,1755,President,
Leominster,4,B,Biden/ Harris,896,President,
Leominster,4,B,Trump/ Pence,742,President,
Leominster,4,B,Jorgensen/ Cohen,39,President,
Leominster,4,B,Hawkins/ Walker,15,President,
Leominster,4,B,All Others,8,President,
Leominster,4,B,No Preference,0,President,
Leominster,4,B,Blanks,16,President,
Leominster,4,B,Total Votes Cast,1716,President,
Leominster,4,C,Biden/ Harris,746,President,
Leominster,4,C,Trump/ Pence,493,President,
Leominster,4,C,Jorgensen/ Cohen,25,President,
Leominster,4,C,Hawkins/ Walker,7,President,
Leominster,4,C,All Others,5,President,
Leominster,4,C,No Preference,0,President,
Leominster,4,C,Blanks,8,President,
Leominster,4,C,Total Votes Cast,1284,President,
Leominster,5,A,Biden/ Harris,772,President,
Leominster,5,A,Trump/ Pence,515,President,
Leominster,5,A,Jorgensen/ Cohen,21,President,
Leominster,5,A,Hawkins/ Walker,14,President,
Leominster,5,A,All Others,2,President,
Leominster,5,A,No Preference,0,President,
Leominster,5,A,Blanks,8,President,
Leominster,5,A,Total Votes Cast,1332,President,
Leominster,5,B,Biden/ Harris,927,President,
Leominster,5,B,Trump/ Pence,597,President,
Leominster,5,B,Jorgensen/ Cohen,22,President,
Leominster,5,B,Hawkins/ Walker,11,President,
Leominster,5,B,All Others,9,President,
Leominster,5,B,No Preference,0,President,
Leominster,5,B,Blanks,9,President,
Leominster,5,B,Total Votes Cast,1575,President,
Leominster,5,C,Biden/ Harris,678,President,
Leominster,5,C,Trump/ Pence,410,President,
Leominster,5,C,Jorgensen/ Cohen,14,President,
Leominster,5,C,Hawkins/ Walker,11,President,
Leominster,5,C,All Others,4,President,
Leominster,5,C,No Preference,0,President,
Leominster,5,C,Blanks,10,President,
Leominster,5,C,Total Votes Cast,1127,President,
Leverett,-,1,Biden/ Harris,1193,President,
Leverett,-,1,Trump/ Pence,163,President,
Leverett,-,1,Jorgensen/ Cohen,12,President,
Leverett,-,1,Hawkins/ Walker,12,President,
Leverett,-,1,All Others,6,President,
Leverett,-,1,No Preference,0,President,
Leverett,-,1,Blanks,4,President,
Leverett,-,1,Total Votes Cast,1390,President,
Lexington,-,1,Biden/ Harris,1568,President,
Lexington,-,1,Trump/ Pence,340,President,
Lexington,-,1,Jorgensen/ Cohen,20,President,
Lexington,-,1,Hawkins/ Walker,7,President,
Lexington,-,1,All Others,3,President,
Lexington,-,1,No Preference,0,President,
Lexington,-,1,Blanks,19,President,
Lexington,-,1,Total Votes Cast,1957,President,
Lexington,-,2,Biden/ Harris,2021,President,
Lexington,-,2,Trump/ Pence,307,President,
Lexington,-,2,Jorgensen/ Cohen,24,President,
Lexington,-,2,Hawkins/ Walker,18,President,
Lexington,-,2,All Others,12,President,
Lexington,-,2,No Preference,0,President,
Lexington,-,2,Blanks,15,President,
Lexington,-,2,Total Votes Cast,2397,President,
Lexington,-,3,Biden/ Harris,1666,President,
Lexington,-,3,Trump/ Pence,304,President,
Lexington,-,3,Jorgensen/ Cohen,18,President,
Lexington,-,3,Hawkins/ Walker,3,President,
Lexington,-,3,All Others,13,President,
Lexington,-,3,No Preference,0,President,
Lexington,-,3,Blanks,10,President,
Lexington,-,3,Total Votes Cast,2014,President,
Lexington,-,4,Biden/ Harris,1895,President,
Lexington,-,4,Trump/ Pence,355,President,
Lexington,-,4,Jorgensen/ Cohen,26,President,
Lexington,-,4,Hawkins/ Walker,7,President,
Lexington,-,4,All Others,12,President,
Lexington,-,4,No Preference,0,President,
Lexington,-,4,Blanks,10,President,
Lexington,-,4,Total Votes Cast,2305,President,
Lexington,-,5,Biden/ Harris,1911,President,
Lexington,-,5,Trump/ Pence,471,President,
Lexington,-,5,Jorgensen/ Cohen,17,President,
Lexington,-,5,Hawkins/ Walker,9,President,
Lexington,-,5,All Others,21,President,
Lexington,-,5,No Preference,0,President,
Lexington,-,5,Blanks,12,President,
Lexington,-,5,Total Votes Cast,2441,President,
Lexington,-,6,Biden/ Harris,1852,President,
Lexington,-,6,Trump/ Pence,376,President,
Lexington,-,6,Jorgensen/ Cohen,22,President,
Lexington,-,6,Hawkins/ Walker,6,President,
Lexington,-,6,All Others,15,President,
Lexington,-,6,No Preference,0,President,
Lexington,-,6,Blanks,12,President,
Lexington,-,6,Total Votes Cast,2283,President,
Lexington,-,7,Biden/ Harris,1792,President,
Lexington,-,7,Trump/ Pence,440,President,
Lexington,-,7,Jorgensen/ Cohen,21,President,
Lexington,-,7,Hawkins/ Walker,11,President,
Lexington,-,7,All Others,12,President,
Lexington,-,7,No Preference,0,President,
Lexington,-,7,Blanks,14,President,
Lexington,-,7,Total Votes Cast,2290,President,
Lexington,-,8,Biden/ Harris,1754,President,
Lexington,-,8,Trump/ Pence,365,President,
Lexington,-,8,Jorgensen/ Cohen,22,President,
Lexington,-,8,Hawkins/ Walker,15,President,
Lexington,-,8,All Others,8,President,
Lexington,-,8,No Preference,0,President,
Lexington,-,8,Blanks,11,President,
Lexington,-,8,Total Votes Cast,2175,President,
Lexington,-,9,Biden/ Harris,1849,President,
Lexington,-,9,Trump/ Pence,379,President,
Lexington,-,9,Jorgensen/ Cohen,23,President,
Lexington,-,9,Hawkins/ Walker,21,President,
Lexington,-,9,All Others,17,President,
Lexington,-,9,No Preference,0,President,
Lexington,-,9,Blanks,17,President,
Lexington,-,9,Total Votes Cast,2306,President,
Leyden,-,1,Biden/ Harris,330,President,
Leyden,-,1,Trump/ Pence,155,President,
Leyden,-,1,Jorgensen/ Cohen,11,President,
Leyden,-,1,Hawkins/ Walker,4,President,
Leyden,-,1,All Others,2,President,
Leyden,-,1,No Preference,0,President,
Leyden,-,1,Blanks,1,President,
Leyden,-,1,Total Votes Cast,503,President,
Lincoln,-,1,Biden/ Harris,2139,President,
Lincoln,-,1,Trump/ Pence,354,President,
Lincoln,-,1,Jorgensen/ Cohen,32,President,
Lincoln,-,1,Hawkins/ Walker,15,President,
Lincoln,-,1,All Others,19,President,
Lincoln,-,1,No Preference,0,President,
Lincoln,-,1,Blanks,17,President,
Lincoln,-,1,Total Votes Cast,2576,President,
Lincoln,-,2,Biden/ Harris,1354,President,
Lincoln,-,2,Trump/ Pence,329,President,
Lincoln,-,2,Jorgensen/ Cohen,19,President,
Lincoln,-,2,Hawkins/ Walker,6,President,
Lincoln,-,2,All Others,4,President,
Lincoln,-,2,No Preference,0,President,
Lincoln,-,2,Blanks,12,President,
Lincoln,-,2,Total Votes Cast,1724,President,
Littleton,-,1,Biden/ Harris,1588,President,
Littleton,-,1,Trump/ Pence,752,President,
Littleton,-,1,Jorgensen/ Cohen,59,President,
Littleton,-,1,Hawkins/ Walker,7,President,
Littleton,-,1,All Others,22,President,
Littleton,-,1,No Preference,0,President,
Littleton,-,1,Blanks,7,President,
Littleton,-,1,Total Votes Cast,2435,President,
Littleton,-,2,Biden/ Harris,1453,President,
Littleton,-,2,Trump/ Pence,673,President,
Littleton,-,2,Jorgensen/ Cohen,39,President,
Littleton,-,2,Hawkins/ Walker,6,President,
Littleton,-,2,All Others,10,President,
Littleton,-,2,No Preference,0,President,
Littleton,-,2,Blanks,18,President,
Littleton,-,2,Total Votes Cast,2199,President,
Littleton,-,3,Biden/ Harris,1438,President,
Littleton,-,3,Trump/ Pence,555,President,
Littleton,-,3,Jorgensen/ Cohen,53,President,
Littleton,-,3,Hawkins/ Walker,11,President,
Littleton,-,3,All Others,25,President,
Littleton,-,3,No Preference,0,President,
Littleton,-,3,Blanks,6,President,
Littleton,-,3,Total Votes Cast,2088,President,
Longmeadow,-,A,Biden/ Harris,1425,President,
Longmeadow,-,A,Trump/ Pence,649,President,
Longmeadow,-,A,Jorgensen/ Cohen,27,President,
Longmeadow,-,A,Hawkins/ Walker,4,President,
Longmeadow,-,A,All Others,12,President,
Longmeadow,-,A,No Preference,0,President,
Longmeadow,-,A,Blanks,9,President,
Longmeadow,-,A,Total Votes Cast,2126,President,
Longmeadow,-,B,Biden/ Harris,1263,President,
Longmeadow,-,B,Trump/ Pence,604,President,
Longmeadow,-,B,Jorgensen/ Cohen,29,President,
Longmeadow,-,B,Hawkins/ Walker,6,President,
Longmeadow,-,B,All Others,8,President,
Longmeadow,-,B,No Preference,0,President,
Longmeadow,-,B,Blanks,18,President,
Longmeadow,-,B,Total Votes Cast,1928,President,
Longmeadow,-,C,Biden/ Harris,1378,President,
Longmeadow,-,C,Trump/ Pence,794,President,
Longmeadow,-,C,Jorgensen/ Cohen,34,President,
Longmeadow,-,C,Hawkins/ Walker,14,President,
Longmeadow,-,C,All Others,11,President,
Longmeadow,-,C,No Preference,0,President,
Longmeadow,-,C,Blanks,17,President,
Longmeadow,-,C,Total Votes Cast,2248,President,
Longmeadow,-,D,Biden/ Harris,1241,President,
Longmeadow,-,D,Trump/ Pence,730,President,
Longmeadow,-,D,Jorgensen/ Cohen,30,President,
Longmeadow,-,D,Hawkins/ Walker,2,President,
Longmeadow,-,D,All Others,11,President,
Longmeadow,-,D,No Preference,0,President,
Longmeadow,-,D,Blanks,12,President,
Longmeadow,-,D,Total Votes Cast,2026,President,
Longmeadow,-,E,Biden/ Harris,1372,President,
Longmeadow,-,E,Trump/ Pence,716,President,
Longmeadow,-,E,Jorgensen/ Cohen,23,President,
Longmeadow,-,E,Hawkins/ Walker,6,President,
Longmeadow,-,E,All Others,6,President,
Longmeadow,-,E,No Preference,0,President,
Longmeadow,-,E,Blanks,5,President,
Longmeadow,-,E,Total Votes Cast,2128,President,
Lowell,1,1,Biden/ Harris,718,President,
Lowell,1,1,Trump/ Pence,253,President,
Lowell,1,1,Jorgensen/ Cohen,9,President,
Lowell,1,1,Hawkins/ Walker,8,President,
Lowell,1,1,All Others,2,President,
Lowell,1,1,No Preference,0,President,
Lowell,1,1,Blanks,10,President,
Lowell,1,1,Total Votes Cast,1000,President,
Lowell,1,2,Biden/ Harris,1264,President,
Lowell,1,2,Trump/ Pence,827,President,
Lowell,1,2,Jorgensen/ Cohen,20,President,
Lowell,1,2,Hawkins/ Walker,7,President,
Lowell,1,2,All Others,6,President,
Lowell,1,2,No Preference,0,President,
Lowell,1,2,Blanks,21,President,
Lowell,1,2,Total Votes Cast,2145,President,
Lowell,1,3,Biden/ Harris,1161,President,
Lowell,1,3,Trump/ Pence,630,President,
Lowell,1,3,Jorgensen/ Cohen,24,President,
Lowell,1,3,Hawkins/ Walker,12,President,
Lowell,1,3,All Others,17,President,
Lowell,1,3,No Preference,0,President,
Lowell,1,3,Blanks,8,President,
Lowell,1,3,Total Votes Cast,1852,President,
Lowell,10,1,Biden/ Harris,708,President,
Lowell,10,1,Trump/ Pence,349,President,
Lowell,10,1,Jorgensen/ Cohen,9,President,
Lowell,10,1,Hawkins/ Walker,5,President,
Lowell,10,1,All Others,4,President,
Lowell,10,1,No Preference,0,President,
Lowell,10,1,Blanks,9,President,
Lowell,10,1,Total Votes Cast,1084,President,
Lowell,10,2,Biden/ Harris,570,President,
Lowell,10,2,Trump/ Pence,201,President,
Lowell,10,2,Jorgensen/ Cohen,11,President,
Lowell,10,2,Hawkins/ Walker,4,President,
Lowell,10,2,All Others,0,President,
Lowell,10,2,No Preference,0,President,
Lowell,10,2,Blanks,6,President,
Lowell,10,2,Total Votes Cast,792,President,
Lowell,10,3,Biden/ Harris,442,President,
Lowell,10,3,Trump/ Pence,183,President,
Lowell,10,3,Jorgensen/ Cohen,9,President,
Lowell,10,3,Hawkins/ Walker,1,President,
Lowell,10,3,All Others,2,President,
Lowell,10,3,No Preference,0,President,
Lowell,10,3,Blanks,2,President,
Lowell,10,3,Total Votes Cast,639,President,
Lowell,11,1,Biden/ Harris,819,President,
Lowell,11,1,Trump/ Pence,425,President,
Lowell,11,1,Jorgensen/ Cohen,14,President,
Lowell,11,1,Hawkins/ Walker,8,President,
Lowell,11,1,All Others,5,President,
Lowell,11,1,No Preference,0,President,
Lowell,11,1,Blanks,5,President,
Lowell,11,1,Total Votes Cast,1276,President,
Lowell,11,2,Biden/ Harris,823,President,
Lowell,11,2,Trump/ Pence,547,President,
Lowell,11,2,Jorgensen/ Cohen,25,President,
Lowell,11,2,Hawkins/ Walker,6,President,
Lowell,11,2,All Others,2,President,
Lowell,11,2,No Preference,0,President,
Lowell,11,2,Blanks,4,President,
Lowell,11,2,Total Votes Cast,1407,President,
Lowell,11,3,Biden/ Harris,848,President,
Lowell,11,3,Trump/ Pence,404,President,
Lowell,11,3,Jorgensen/ Cohen,16,President,
Lowell,11,3,Hawkins/ Walker,10,President,
Lowell,11,3,All Others,6,President,
Lowell,11,3,No Preference,0,President,
Lowell,11,3,Blanks,16,President,
Lowell,11,3,Total Votes Cast,1300,President,
Lowell,2,1,Biden/ Harris,385,President,
Lowell,2,1,Trump/ Pence,85,President,
Lowell,2,1,Jorgensen/ Cohen,9,President,
Lowell,2,1,Hawkins/ Walker,2,President,
Lowell,2,1,All Others,1,President,
Lowell,2,1,No Preference,0,President,
Lowell,2,1,Blanks,3,President,
Lowell,2,1,Total Votes Cast,485,President,
Lowell,2,2,Biden/ Harris,697,President,
Lowell,2,2,Trump/ Pence,210,President,
Lowell,2,2,Jorgensen/ Cohen,11,President,
Lowell,2,2,Hawkins/ Walker,5,President,
Lowell,2,2,All Others,3,President,
Lowell,2,2,No Preference,0,President,
Lowell,2,2,Blanks,17,President,
Lowell,2,2,Total Votes Cast,943,President,
Lowell,2,3,Biden/ Harris,1336,President,
Lowell,2,3,Trump/ Pence,221,President,
Lowell,2,3,Jorgensen/ Cohen,24,President,
Lowell,2,3,Hawkins/ Walker,24,President,
Lowell,2,3,All Others,3,President,
Lowell,2,3,No Preference,0,President,
Lowell,2,3,Blanks,17,President,
Lowell,2,3,Total Votes Cast,1625,President,
Lowell,3,1,Biden/ Harris,748,President,
Lowell,3,1,Trump/ Pence,338,President,
Lowell,3,1,Jorgensen/ Cohen,13,President,
Lowell,3,1,Hawkins/ Walker,3,President,
Lowell,3,1,All Others,2,President,
Lowell,3,1,No Preference,0,President,
Lowell,3,1,Blanks,11,President,
Lowell,3,1,Total Votes Cast,1115,President,
Lowell,3,2,Biden/ Harris,626,President,
Lowell,3,2,Trump/ Pence,274,President,
Lowell,3,2,Jorgensen/ Cohen,15,President,
Lowell,3,2,Hawkins/ Walker,9,President,
Lowell,3,2,All Others,1,President,
Lowell,3,2,No Preference,0,President,
Lowell,3,2,Blanks,9,President,
Lowell,3,2,Total Votes Cast,934,President,
Lowell,3,3,Biden/ Harris,634,President,
Lowell,3,3,Trump/ Pence,283,President,
Lowell,3,3,Jorgensen/ Cohen,12,President,
Lowell,3,3,Hawkins/ Walker,12,President,
Lowell,3,3,All Others,2,President,
Lowell,3,3,No Preference,0,President,
Lowell,3,3,Blanks,4,President,
Lowell,3,3,Total Votes Cast,947,President,
Lowell,4,1,Biden/ Harris,803,President,
Lowell,4,1,Trump/ Pence,394,President,
Lowell,4,1,Jorgensen/ Cohen,11,President,
Lowell,4,1,Hawkins/ Walker,5,President,
Lowell,4,1,All Others,3,President,
Lowell,4,1,No Preference,0,President,
Lowell,4,1,Blanks,0,President,
Lowell,4,1,Total Votes Cast,1216,President,
Lowell,4,2,Biden/ Harris,525,President,
Lowell,4,2,Trump/ Pence,214,President,
Lowell,4,2,Jorgensen/ Cohen,1,President,
Lowell,4,2,Hawkins/ Walker,5,President,
Lowell,4,2,All Others,2,President,
Lowell,4,2,No Preference,0,President,
Lowell,4,2,Blanks,6,President,
Lowell,4,2,Total Votes Cast,753,President,
Lowell,4,3,Biden/ Harris,661,President,
Lowell,4,3,Trump/ Pence,259,President,
Lowell,4,3,Jorgensen/ Cohen,9,President,
Lowell,4,3,Hawkins/ Walker,5,President,
Lowell,4,3,All Others,1,President,
Lowell,4,3,No Preference,0,President,
Lowell,4,3,Blanks,6,President,
Lowell,4,3,Total Votes Cast,941,President,
Lowell,5,1,Biden/ Harris,706,President,
Lowell,5,1,Trump/ Pence,350,President,
Lowell,5,1,Jorgensen/ Cohen,24,President,
Lowell,5,1,Hawkins/ Walker,11,President,
Lowell,5,1,All Others,0,President,
Lowell,5,1,No Preference,0,President,
Lowell,5,1,Blanks,6,President,
Lowell,5,1,Total Votes Cast,1097,President,
Lowell,5,2,Biden/ Harris,596,President,
Lowell,5,2,Trump/ Pence,288,President,
Lowell,5,2,Jorgensen/ Cohen,5,President,
Lowell,5,2,Hawkins/ Walker,4,President,
Lowell,5,2,All Others,2,President,
Lowell,5,2,No Preference,0,President,
Lowell,5,2,Blanks,7,President,
Lowell,5,2,Total Votes Cast,902,President,
Lowell,5,3,Biden/ Harris,719,President,
Lowell,5,3,Trump/ Pence,502,President,
Lowell,5,3,Jorgensen/ Cohen,18,President,
Lowell,5,3,Hawkins/ Walker,10,President,
Lowell,5,3,All Others,5,President,
Lowell,5,3,No Preference,0,President,
Lowell,5,3,Blanks,7,President,
Lowell,5,3,Total Votes Cast,1261,President,
Lowell,6,1,Biden/ Harris,952,President,
Lowell,6,1,Trump/ Pence,596,President,
Lowell,6,1,Jorgensen/ Cohen,17,President,
Lowell,6,1,Hawkins/ Walker,8,President,
Lowell,6,1,All Others,3,President,
Lowell,6,1,No Preference,0,President,
Lowell,6,1,Blanks,20,President,
Lowell,6,1,Total Votes Cast,1596,President,
Lowell,6,2,Biden/ Harris,1029,President,
Lowell,6,2,Trump/ Pence,581,President,
Lowell,6,2,Jorgensen/ Cohen,29,President,
Lowell,6,2,Hawkins/ Walker,7,President,
Lowell,6,2,All Others,1,President,
Lowell,6,2,No Preference,0,President,
Lowell,6,2,Blanks,9,President,
Lowell,6,2,Total Votes Cast,1656,President,
Lowell,6,3,Biden/ Harris,888,President,
Lowell,6,3,Trump/ Pence,582,President,
Lowell,6,3,Jorgensen/ Cohen,10,President,
Lowell,6,3,Hawkins/ Walker,7,President,
Lowell,6,3,All Others,5,President,
Lowell,6,3,No Preference,0,President,
Lowell,6,3,Blanks,15,President,
Lowell,6,3,Total Votes Cast,1507,President,
Lowell,7,1,Biden/ Harris,573,President,
Lowell,7,1,Trump/ Pence,221,President,
Lowell,7,1,Jorgensen/ Cohen,7,President,
Lowell,7,1,Hawkins/ Walker,5,President,
Lowell,7,1,All Others,1,President,
Lowell,7,1,No Preference,0,President,
Lowell,7,1,Blanks,6,President,
Lowell,7,1,Total Votes Cast,813,President,
Lowell,7,2,Biden/ Harris,717,President,
Lowell,7,2,Trump/ Pence,230,President,
Lowell,7,2,Jorgensen/ Cohen,12,President,
Lowell,7,2,Hawkins/ Walker,4,President,
Lowell,7,2,All Others,1,President,
Lowell,7,2,No Preference,0,President,
Lowell,7,2,Blanks,10,President,
Lowell,7,2,Total Votes Cast,974,President,
Lowell,7,3,Biden/ Harris,413,President,
Lowell,7,3,Trump/ Pence,242,President,
Lowell,7,3,Jorgensen/ Cohen,5,President,
Lowell,7,3,Hawkins/ Walker,2,President,
Lowell,7,3,All Others,1,President,
Lowell,7,3,No Preference,0,President,
Lowell,7,3,Blanks,8,President,
Lowell,7,3,Total Votes Cast,671,President,
Lowell,8,1,Biden/ Harris,792,President,
Lowell,8,1,Trump/ Pence,313,President,
Lowell,8,1,Jorgensen/ Cohen,17,President,
Lowell,8,1,Hawkins/ Walker,4,President,
Lowell,8,1,All Others,1,President,
Lowell,8,1,No Preference,0,President,
Lowell,8,1,Blanks,11,President,
Lowell,8,1,Total Votes Cast,1138,President,
Lowell,8,2,Biden/ Harris,847,President,
Lowell,8,2,Trump/ Pence,484,President,
Lowell,8,2,Jorgensen/ Cohen,7,President,
Lowell,8,2,Hawkins/ Walker,8,President,
Lowell,8,2,All Others,3,President,
Lowell,8,2,No Preference,0,President,
Lowell,8,2,Blanks,6,President,
Lowell,8,2,Total Votes Cast,1355,President,
Lowell,8,3,Biden/ Harris,1113,President,
Lowell,8,3,Trump/ Pence,621,President,
Lowell,8,3,Jorgensen/ Cohen,18,President,
Lowell,8,3,Hawkins/ Walker,5,President,
Lowell,8,3,All Others,5,President,
Lowell,8,3,No Preference,0,President,
Lowell,8,3,Blanks,14,President,
Lowell,8,3,Total Votes Cast,1776,President,
Lowell,9,1,Biden/ Harris,734,President,
Lowell,9,1,Trump/ Pence,370,President,
Lowell,9,1,Jorgensen/ Cohen,11,President,
Lowell,9,1,Hawkins/ Walker,5,President,
Lowell,9,1,All Others,4,President,
Lowell,9,1,No Preference,0,President,
Lowell,9,1,Blanks,7,President,
Lowell,9,1,Total Votes Cast,1131,President,
Lowell,9,2,Biden/ Harris,900,President,
Lowell,9,2,Trump/ Pence,464,President,
Lowell,9,2,Jorgensen/ Cohen,23,President,
Lowell,9,2,Hawkins/ Walker,8,President,
Lowell,9,2,All Others,2,President,
Lowell,9,2,No Preference,0,President,
Lowell,9,2,Blanks,8,President,
Lowell,9,2,Total Votes Cast,1405,President,
Lowell,9,3,Biden/ Harris,797,President,
Lowell,9,3,Trump/ Pence,405,President,
Lowell,9,3,Jorgensen/ Cohen,21,President,
Lowell,9,3,Hawkins/ Walker,10,President,
Lowell,9,3,All Others,0,President,
Lowell,9,3,No Preference,0,President,
Lowell,9,3,Blanks,13,President,
Lowell,9,3,Total Votes Cast,1246,President,
Ludlow,-,1,Biden/ Harris,968,President,
Ludlow,-,1,Trump/ Pence,996,President,
Ludlow,-,1,Jorgensen/ Cohen,25,President,
Ludlow,-,1,Hawkins/ Walker,14,President,
Ludlow,-,1,All Others,5,President,
Ludlow,-,1,No Preference,0,President,
Ludlow,-,1,Blanks,12,President,
Ludlow,-,1,Total Votes Cast,2020,President,
Ludlow,-,2,Biden/ Harris,776,President,
Ludlow,-,2,Trump/ Pence,648,President,
Ludlow,-,2,Jorgensen/ Cohen,12,President,
Ludlow,-,2,Hawkins/ Walker,8,President,
Ludlow,-,2,All Others,12,President,
Ludlow,-,2,No Preference,0,President,
Ludlow,-,2,Blanks,14,President,
Ludlow,-,2,Total Votes Cast,1470,President,
Ludlow,-,3,Biden/ Harris,942,President,
Ludlow,-,3,Trump/ Pence,1276,President,
Ludlow,-,3,Jorgensen/ Cohen,22,President,
Ludlow,-,3,Hawkins/ Walker,9,President,
Ludlow,-,3,All Others,10,President,
Ludlow,-,3,No Preference,0,President,
Ludlow,-,3,Blanks,12,President,
Ludlow,-,3,Total Votes Cast,2271,President,
Ludlow,-,4,Biden/ Harris,945,President,
Ludlow,-,4,Trump/ Pence,908,President,
Ludlow,-,4,Jorgensen/ Cohen,25,President,
Ludlow,-,4,Hawkins/ Walker,10,President,
Ludlow,-,4,All Others,0,President,
Ludlow,-,4,No Preference,0,President,
Ludlow,-,4,Blanks,10,President,
Ludlow,-,4,Total Votes Cast,1898,President,
Ludlow,-,5,Biden/ Harris,717,President,
Ludlow,-,5,Trump/ Pence,746,President,
Ludlow,-,5,Jorgensen/ Cohen,22,President,
Ludlow,-,5,Hawkins/ Walker,8,President,
Ludlow,-,5,All Others,4,President,
Ludlow,-,5,No Preference,0,President,
Ludlow,-,5,Blanks,6,President,
Ludlow,-,5,Total Votes Cast,1503,President,
Ludlow,-,6,Biden/ Harris,1119,President,
Ludlow,-,6,Trump/ Pence,1121,President,
Ludlow,-,6,Jorgensen/ Cohen,21,President,
Ludlow,-,6,Hawkins/ Walker,8,President,
Ludlow,-,6,All Others,7,President,
Ludlow,-,6,No Preference,0,President,
Ludlow,-,6,Blanks,15,President,
Ludlow,-,6,Total Votes Cast,2291,President,
Lunenburg,-,A,Biden/ Harris,1014,President,
Lunenburg,-,A,Trump/ Pence,735,President,
Lunenburg,-,A,Jorgensen/ Cohen,39,President,
Lunenburg,-,A,Hawkins/ Walker,12,President,
Lunenburg,-,A,All Others,13,President,
Lunenburg,-,A,No Preference,0,President,
Lunenburg,-,A,Blanks,10,President,
Lunenburg,-,A,Total Votes Cast,1823,President,
Lunenburg,-,B,Biden/ Harris,955,President,
Lunenburg,-,B,Trump/ Pence,670,President,
Lunenburg,-,B,Jorgensen/ Cohen,32,President,
Lunenburg,-,B,Hawkins/ Walker,9,President,
Lunenburg,-,B,All Others,10,President,
Lunenburg,-,B,No Preference,0,President,
Lunenburg,-,B,Blanks,6,President,
Lunenburg,-,B,Total Votes Cast,1682,President,
Lunenburg,-,C,Biden/ Harris,1078,President,
Lunenburg,-,C,Trump/ Pence,857,President,
Lunenburg,-,C,Jorgensen/ Cohen,29,President,
Lunenburg,-,C,Hawkins/ Walker,10,President,
Lunenburg,-,C,All Others,10,President,
Lunenburg,-,C,No Preference,0,President,
Lunenburg,-,C,Blanks,6,President,
Lunenburg,-,C,Total Votes Cast,1990,President,
Lunenburg,-,D,Biden/ Harris,980,President,
Lunenburg,-,D,Trump/ Pence,674,President,
Lunenburg,-,D,Jorgensen/ Cohen,42,President,
Lunenburg,-,D,Hawkins/ Walker,12,President,
Lunenburg,-,D,All Others,11,President,
Lunenburg,-,D,No Preference,0,President,
Lunenburg,-,D,Blanks,10,President,
Lunenburg,-,D,Total Votes Cast,1729,President,
Lynn,1,1,Biden/ Harris,1060,President,
Lynn,1,1,Trump/ Pence,853,President,
Lynn,1,1,Jorgensen/ Cohen,14,President,
Lynn,1,1,Hawkins/ Walker,7,President,
Lynn,1,1,All Others,13,President,
Lynn,1,1,No Preference,0,President,
Lynn,1,1,Blanks,13,President,
Lynn,1,1,Total Votes Cast,1960,President,
Lynn,1,2,Biden/ Harris,1238,President,
Lynn,1,2,Trump/ Pence,807,President,
Lynn,1,2,Jorgensen/ Cohen,35,President,
Lynn,1,2,Hawkins/ Walker,14,President,
Lynn,1,2,All Others,11,President,
Lynn,1,2,No Preference,0,President,
Lynn,1,2,Blanks,18,President,
Lynn,1,2,Total Votes Cast,2123,President,
Lynn,1,3,Biden/ Harris,1116,President,
Lynn,1,3,Trump/ Pence,612,President,
Lynn,1,3,Jorgensen/ Cohen,12,President,
Lynn,1,3,Hawkins/ Walker,9,President,
Lynn,1,3,All Others,7,President,
Lynn,1,3,No Preference,0,President,
Lynn,1,3,Blanks,11,President,
Lynn,1,3,Total Votes Cast,1767,President,
Lynn,1,4,Biden/ Harris,1150,President,
Lynn,1,4,Trump/ Pence,494,President,
Lynn,1,4,Jorgensen/ Cohen,18,President,
Lynn,1,4,Hawkins/ Walker,17,President,
Lynn,1,4,All Others,9,President,
Lynn,1,4,No Preference,0,President,
Lynn,1,4,Blanks,14,President,
Lynn,1,4,Total Votes Cast,1702,President,
Lynn,2,1,Biden/ Harris,1225,President,
Lynn,2,1,Trump/ Pence,725,President,
Lynn,2,1,Jorgensen/ Cohen,20,President,
Lynn,2,1,Hawkins/ Walker,8,President,
Lynn,2,1,All Others,10,President,
Lynn,2,1,No Preference,0,President,
Lynn,2,1,Blanks,14,President,
Lynn,2,1,Total Votes Cast,2002,President,
Lynn,2,2,Biden/ Harris,902,President,
Lynn,2,2,Trump/ Pence,300,President,
Lynn,2,2,Jorgensen/ Cohen,10,President,
Lynn,2,2,Hawkins/ Walker,5,President,
Lynn,2,2,All Others,3,President,
Lynn,2,2,No Preference,0,President,
Lynn,2,2,Blanks,9,President,
Lynn,2,2,Total Votes Cast,1229,President,
Lynn,2,3,Biden/ Harris,726,President,
Lynn,2,3,Trump/ Pence,184,President,
Lynn,2,3,Jorgensen/ Cohen,2,President,
Lynn,2,3,Hawkins/ Walker,7,President,
Lynn,2,3,All Others,1,President,
Lynn,2,3,No Preference,0,President,
Lynn,2,3,Blanks,5,President,
Lynn,2,3,Total Votes Cast,925,President,
Lynn,2,4,Biden/ Harris,648,President,
Lynn,2,4,Trump/ Pence,193,President,
Lynn,2,4,Jorgensen/ Cohen,11,President,
Lynn,2,4,Hawkins/ Walker,4,President,
Lynn,2,4,All Others,1,President,
Lynn,2,4,No Preference,0,President,
Lynn,2,4,Blanks,1,President,
Lynn,2,4,Total Votes Cast,858,President,
Lynn,3,1,Biden/ Harris,1001,President,
Lynn,3,1,Trump/ Pence,479,President,
Lynn,3,1,Jorgensen/ Cohen,16,President,
Lynn,3,1,Hawkins/ Walker,11,President,
Lynn,3,1,All Others,3,President,
Lynn,3,1,No Preference,0,President,
Lynn,3,1,Blanks,3,President,
Lynn,3,1,Total Votes Cast,1513,President,
Lynn,3,2,Biden/ Harris,910,President,
Lynn,3,2,Trump/ Pence,316,President,
Lynn,3,2,Jorgensen/ Cohen,10,President,
Lynn,3,2,Hawkins/ Walker,6,President,
Lynn,3,2,All Others,6,President,
Lynn,3,2,No Preference,0,President,
Lynn,3,2,Blanks,4,President,
Lynn,3,2,Total Votes Cast,1252,President,
Lynn,3,3,Biden/ Harris,910,President,
Lynn,3,3,Trump/ Pence,354,President,
Lynn,3,3,Jorgensen/ Cohen,19,President,
Lynn,3,3,Hawkins/ Walker,10,President,
Lynn,3,3,All Others,5,President,
Lynn,3,3,No Preference,0,President,
Lynn,3,3,Blanks,10,President,
Lynn,3,3,Total Votes Cast,1308,President,
Lynn,3,4,Biden/ Harris,1107,President,
Lynn,3,4,Trump/ Pence,333,President,
Lynn,3,4,Jorgensen/ Cohen,16,President,
Lynn,3,4,Hawkins/ Walker,8,President,
Lynn,3,4,All Others,7,President,
Lynn,3,4,No Preference,0,President,
Lynn,3,4,Blanks,27,President,
Lynn,3,4,Total Votes Cast,1498,President,
Lynn,4,1,Biden/ Harris,532,President,
Lynn,4,1,Trump/ Pence,132,President,
Lynn,4,1,Jorgensen/ Cohen,7,President,
Lynn,4,1,Hawkins/ Walker,5,President,
Lynn,4,1,All Others,3,President,
Lynn,4,1,No Preference,0,President,
Lynn,4,1,Blanks,7,President,
Lynn,4,1,Total Votes Cast,686,President,
Lynn,4,2,Biden/ Harris,602,President,
Lynn,4,2,Trump/ Pence,177,President,
Lynn,4,2,Jorgensen/ Cohen,6,President,
Lynn,4,2,Hawkins/ Walker,5,President,
Lynn,4,2,All Others,6,President,
Lynn,4,2,No Preference,0,President,
Lynn,4,2,Blanks,4,President,
Lynn,4,2,Total Votes Cast,800,President,
Lynn,4,3,Biden/ Harris,777,President,
Lynn,4,3,Trump/ Pence,288,President,
Lynn,4,3,Jorgensen/ Cohen,12,President,
Lynn,4,3,Hawkins/ Walker,8,President,
Lynn,4,3,All Others,5,President,
Lynn,4,3,No Preference,0,President,
Lynn,4,3,Blanks,6,President,
Lynn,4,3,Total Votes Cast,1096,President,
Lynn,4,4,Biden/ Harris,1058,President,
Lynn,4,4,Trump/ Pence,349,President,
Lynn,4,4,Jorgensen/ Cohen,16,President,
Lynn,4,4,Hawkins/ Walker,9,President,
Lynn,4,4,All Others,4,President,
Lynn,4,4,No Preference,0,President,
Lynn,4,4,Blanks,13,President,
Lynn,4,4,Total Votes Cast,1449,President,
Lynn,5,1,Biden/ Harris,958,President,
Lynn,5,1,Trump/ Pence,368,President,
Lynn,5,1,Jorgensen/ Cohen,18,President,
Lynn,5,1,Hawkins/ Walker,7,President,
Lynn,5,1,All Others,2,President,
Lynn,5,1,No Preference,0,President,
Lynn,5,1,Blanks,10,President,
Lynn,5,1,Total Votes Cast,1363,President,
Lynn,5,2,Biden/ Harris,541,President,
Lynn,5,2,Trump/ Pence,152,President,
Lynn,5,2,Jorgensen/ Cohen,7,President,
Lynn,5,2,Hawkins/ Walker,3,President,
Lynn,5,2,All Others,3,President,
Lynn,5,2,No Preference,0,President,
Lynn,5,2,Blanks,8,President,
Lynn,5,2,Total Votes Cast,714,President,
Lynn,5,3,Biden/ Harris,581,President,
Lynn,5,3,Trump/ Pence,169,President,
Lynn,5,3,Jorgensen/ Cohen,1,President,
Lynn,5,3,Hawkins/ Walker,0,President,
Lynn,5,3,All Others,1,President,
Lynn,5,3,No Preference,0,President,
Lynn,5,3,Blanks,6,President,
Lynn,5,3,Total Votes Cast,758,President,
Lynn,5,4,Biden/ Harris,1028,President,
Lynn,5,4,Trump/ Pence,416,President,
Lynn,5,4,Jorgensen/ Cohen,9,President,
Lynn,5,4,Hawkins/ Walker,7,President,
Lynn,5,4,All Others,4,President,
Lynn,5,4,No Preference,0,President,
Lynn,5,4,Blanks,16,President,
Lynn,5,4,Total Votes Cast,1480,President,
Lynn,6,1,Biden/ Harris,707,President,
Lynn,6,1,Trump/ Pence,225,President,
Lynn,6,1,Jorgensen/ Cohen,13,President,
Lynn,6,1,Hawkins/ Walker,7,President,
Lynn,6,1,All Others,10,President,
Lynn,6,1,No Preference,0,President,
Lynn,6,1,Blanks,7,President,
Lynn,6,1,Total Votes Cast,969,President,
Lynn,6,2,Biden/ Harris,503,President,
Lynn,6,2,Trump/ Pence,190,President,
Lynn,6,2,Jorgensen/ Cohen,6,President,
Lynn,6,2,Hawkins/ Walker,8,President,
Lynn,6,2,All Others,1,President,
Lynn,6,2,No Preference,0,President,
Lynn,6,2,Blanks,3,President,
Lynn,6,2,Total Votes Cast,711,President,
Lynn,6,3,Biden/ Harris,710,President,
Lynn,6,3,Trump/ Pence,293,President,
Lynn,6,3,Jorgensen/ Cohen,6,President,
Lynn,6,3,Hawkins/ Walker,4,President,
Lynn,6,3,All Others,4,President,
Lynn,6,3,No Preference,0,President,
Lynn,6,3,Blanks,8,President,
Lynn,6,3,Total Votes Cast,1025,President,
Lynn,6,4,Biden/ Harris,671,President,
Lynn,6,4,Trump/ Pence,251,President,
Lynn,6,4,Jorgensen/ Cohen,6,President,
Lynn,6,4,Hawkins/ Walker,4,President,
Lynn,6,4,All Others,1,President,
Lynn,6,4,No Preference,0,President,
Lynn,6,4,Blanks,5,President,
Lynn,6,4,Total Votes Cast,938,President,
Lynn,7,1,Biden/ Harris,1268,President,
Lynn,7,1,Trump/ Pence,582,President,
Lynn,7,1,Jorgensen/ Cohen,21,President,
Lynn,7,1,Hawkins/ Walker,16,President,
Lynn,7,1,All Others,4,President,
Lynn,7,1,No Preference,0,President,
Lynn,7,1,Blanks,13,President,
Lynn,7,1,Total Votes Cast,1904,President,
Lynn,7,2,Biden/ Harris,1071,President,
Lynn,7,2,Trump/ Pence,461,President,
Lynn,7,2,Jorgensen/ Cohen,11,President,
Lynn,7,2,Hawkins/ Walker,12,President,
Lynn,7,2,All Others,5,President,
Lynn,7,2,No Preference,0,President,
Lynn,7,2,Blanks,3,President,
Lynn,7,2,Total Votes Cast,1563,President,
Lynn,7,3,Biden/ Harris,758,President,
Lynn,7,3,Trump/ Pence,335,President,
Lynn,7,3,Jorgensen/ Cohen,5,President,
Lynn,7,3,Hawkins/ Walker,5,President,
Lynn,7,3,All Others,2,President,
Lynn,7,3,No Preference,0,President,
Lynn,7,3,Blanks,9,President,
Lynn,7,3,Total Votes Cast,1114,President,
Lynn,7,4,Biden/ Harris,904,President,
Lynn,7,4,Trump/ Pence,387,President,
Lynn,7,4,Jorgensen/ Cohen,16,President,
Lynn,7,4,Hawkins/ Walker,3,President,
Lynn,7,4,All Others,7,President,
Lynn,7,4,No Preference,0,President,
Lynn,7,4,Blanks,2,President,
Lynn,7,4,Total Votes Cast,1319,President,
Lynnfield,-,1,Biden/ Harris,1106,President,
Lynnfield,-,1,Trump/ Pence,953,President,
Lynnfield,-,1,Jorgensen/ Cohen,21,President,
Lynnfield,-,1,Hawkins/ Walker,9,President,
Lynnfield,-,1,All Others,12,President,
Lynnfield,-,1,No Preference,0,President,
Lynnfield,-,1,Blanks,11,President,
Lynnfield,-,1,Total Votes Cast,2112,President,
Lynnfield,-,2,Biden/ Harris,1157,President,
Lynnfield,-,2,Trump/ Pence,966,President,
Lynnfield,-,2,Jorgensen/ Cohen,15,President,
Lynnfield,-,2,Hawkins/ Walker,6,President,
Lynnfield,-,2,All Others,12,President,
Lynnfield,-,2,No Preference,0,President,
Lynnfield,-,2,Blanks,22,President,
Lynnfield,-,2,Total Votes Cast,2178,President,
Lynnfield,-,3,Biden/ Harris,939,President,
Lynnfield,-,3,Trump/ Pence,937,President,
Lynnfield,-,3,Jorgensen/ Cohen,20,President,
Lynnfield,-,3,Hawkins/ Walker,14,President,
Lynnfield,-,3,All Others,10,President,
Lynnfield,-,3,No Preference,0,President,
Lynnfield,-,3,Blanks,6,President,
Lynnfield,-,3,Total Votes Cast,1926,President,
Lynnfield,-,4,Biden/ Harris,1011,President,
Lynnfield,-,4,Trump/ Pence,1113,President,
Lynnfield,-,4,Jorgensen/ Cohen,33,President,
Lynnfield,-,4,Hawkins/ Walker,3,President,
Lynnfield,-,4,All Others,8,President,
Lynnfield,-,4,No Preference,0,President,
Lynnfield,-,4,Blanks,16,President,
Lynnfield,-,4,Total Votes Cast,2184,President,
Malden,1,1,Biden/ Harris,1086,President,
Malden,1,1,Trump/ Pence,223,President,
Malden,1,1,Jorgensen/ Cohen,11,President,
Malden,1,1,Hawkins/ Walker,9,President,
Malden,1,1,All Others,3,President,
Malden,1,1,No Preference,0,President,
Malden,1,1,Blanks,11,President,
Malden,1,1,Total Votes Cast,1343,President,
Malden,1,2,Biden/ Harris,1186,President,
Malden,1,2,Trump/ Pence,412,President,
Malden,1,2,Jorgensen/ Cohen,16,President,
Malden,1,2,Hawkins/ Walker,12,President,
Malden,1,2,All Others,8,President,
Malden,1,2,No Preference,0,President,
Malden,1,2,Blanks,7,President,
Malden,1,2,Total Votes Cast,1641,President,
Malden,2,1,Biden/ Harris,997,President,
Malden,2,1,Trump/ Pence,317,President,
Malden,2,1,Jorgensen/ Cohen,9,President,
Malden,2,1,Hawkins/ Walker,3,President,
Malden,2,1,All Others,3,President,
Malden,2,1,No Preference,0,President,
Malden,2,1,Blanks,13,President,
Malden,2,1,Total Votes Cast,1342,President,
Malden,2,2,Biden/ Harris,1041,President,
Malden,2,2,Trump/ Pence,475,President,
Malden,2,2,Jorgensen/ Cohen,12,President,
Malden,2,2,Hawkins/ Walker,8,President,
Malden,2,2,All Others,4,President,
Malden,2,2,No Preference,0,President,
Malden,2,2,Blanks,10,President,
Malden,2,2,Total Votes Cast,1550,President,
Malden,3,1,Biden/ Harris,1392,President,
Malden,3,1,Trump/ Pence,358,President,
Malden,3,1,Jorgensen/ Cohen,22,President,
Malden,3,1,Hawkins/ Walker,9,President,
Malden,3,1,All Others,10,President,
Malden,3,1,No Preference,0,President,
Malden,3,1,Blanks,11,President,
Malden,3,1,Total Votes Cast,1802,President,
Malden,3,2,Biden/ Harris,1470,President,
Malden,3,2,Trump/ Pence,469,President,
Malden,3,2,Jorgensen/ Cohen,30,President,
Malden,3,2,Hawkins/ Walker,14,President,
Malden,3,2,All Others,8,President,
Malden,3,2,No Preference,0,President,
Malden,3,2,Blanks,15,President,
Malden,3,2,Total Votes Cast,2006,President,
Malden,4,1,Biden/ Harris,1060,President,
Malden,4,1,Trump/ Pence,241,President,
Malden,4,1,Jorgensen/ Cohen,16,President,
Malden,4,1,Hawkins/ Walker,10,President,
Malden,4,1,All Others,4,President,
Malden,4,1,No Preference,0,President,
Malden,4,1,Blanks,8,President,
Malden,4,1,Total Votes Cast,1339,President,
Malden,4,2,Biden/ Harris,961,President,
Malden,4,2,Trump/ Pence,214,President,
Malden,4,2,Jorgensen/ Cohen,18,President,
Malden,4,2,Hawkins/ Walker,10,President,
Malden,4,2,All Others,4,President,
Malden,4,2,No Preference,0,President,
Malden,4,2,Blanks,5,President,
Malden,4,2,Total Votes Cast,1212,President,
Malden,5,1,Biden/ Harris,1246,President,
Malden,5,1,Trump/ Pence,318,President,
Malden,5,1,Jorgensen/ Cohen,19,President,
Malden,5,1,Hawkins/ Walker,11,President,
Malden,5,1,All Others,8,President,
Malden,5,1,No Preference,0,President,
Malden,5,1,Blanks,6,President,
Malden,5,1,Total Votes Cast,1608,President,
Malden,5,2,Biden/ Harris,1559,President,
Malden,5,2,Trump/ Pence,545,President,
Malden,5,2,Jorgensen/ Cohen,25,President,
Malden,5,2,Hawkins/ Walker,9,President,
Malden,5,2,All Others,10,President,
Malden,5,2,No Preference,0,President,
Malden,5,2,Blanks,7,President,
Malden,5,2,Total Votes Cast,2155,President,
Malden,6,1,Biden/ Harris,1322,President,
Malden,6,1,Trump/ Pence,475,President,
Malden,6,1,Jorgensen/ Cohen,8,President,
Malden,6,1,Hawkins/ Walker,4,President,
Malden,6,1,All Others,4,President,
Malden,6,1,No Preference,0,President,
Malden,6,1,Blanks,6,President,
Malden,6,1,Total Votes Cast,1819,President,
Malden,6,2,Biden/ Harris,1183,President,
Malden,6,2,Trump/ Pence,411,President,
Malden,6,2,Jorgensen/ Cohen,20,President,
Malden,6,2,Hawkins/ Walker,10,President,
Malden,6,2,All Others,6,President,
Malden,6,2,No Preference,0,President,
Malden,6,2,Blanks,9,President,
Malden,6,2,Total Votes Cast,1639,President,
Malden,7,1,Biden/ Harris,1047,President,
Malden,7,1,Trump/ Pence,238,President,
Malden,7,1,Jorgensen/ Cohen,9,President,
Malden,7,1,Hawkins/ Walker,4,President,
Malden,7,1,All Others,1,President,
Malden,7,1,No Preference,0,President,
Malden,7,1,Blanks,10,President,
Malden,7,1,Total Votes Cast,1309,President,
Malden,7,2,Biden/ Harris,1045,President,
Malden,7,2,Trump/ Pence,385,President,
Malden,7,2,Jorgensen/ Cohen,9,President,
Malden,7,2,Hawkins/ Walker,11,President,
Malden,7,2,All Others,5,President,
Malden,7,2,No Preference,0,President,
Malden,7,2,Blanks,2,President,
Malden,7,2,Total Votes Cast,1457,President,
Malden,8,1,Biden/ Harris,1237,President,
Malden,8,1,Trump/ Pence,521,President,
Malden,8,1,Jorgensen/ Cohen,19,President,
Malden,8,1,Hawkins/ Walker,10,President,
Malden,8,1,All Others,6,President,
Malden,8,1,No Preference,0,President,
Malden,8,1,Blanks,10,President,
Malden,8,1,Total Votes Cast,1803,President,
Malden,8,2,Biden/ Harris,1279,President,
Malden,8,2,Trump/ Pence,424,President,
Malden,8,2,Jorgensen/ Cohen,11,President,
Malden,8,2,Hawkins/ Walker,7,President,
Malden,8,2,All Others,7,President,
Malden,8,2,No Preference,0,President,
Malden,8,2,Blanks,4,President,
Malden,8,2,Total Votes Cast,1732,President,
Manchester-by-the-Sea,-,1,Biden/ Harris,2712,President,
Manchester-by-the-Sea,-,1,Trump/ Pence,1014,President,
Manchester-by-the-Sea,-,1,Jorgensen/ Cohen,53,President,
Manchester-by-the-Sea,-,1,Hawkins/ Walker,14,President,
Manchester-by-the-Sea,-,1,All Others,26,President,
Manchester-by-the-Sea,-,1,No Preference,0,President,
Manchester-by-the-Sea,-,1,Blanks,22,President,
Manchester-by-the-Sea,-,1,Total Votes Cast,3841,President,
Mansfield,-,1,Biden/ Harris,1429,President,
Mansfield,-,1,Trump/ Pence,996,President,
Mansfield,-,1,Jorgensen/ Cohen,33,President,
Mansfield,-,1,Hawkins/ Walker,11,President,
Mansfield,-,1,All Others,11,President,
Mansfield,-,1,No Preference,0,President,
Mansfield,-,1,Blanks,22,President,
Mansfield,-,1,Total Votes Cast,2502,President,
Mansfield,-,2,Biden/ Harris,1538,President,
Mansfield,-,2,Trump/ Pence,941,President,
Mansfield,-,2,Jorgensen/ Cohen,37,President,
Mansfield,-,2,Hawkins/ Walker,14,President,
Mansfield,-,2,All Others,13,President,
Mansfield,-,2,No Preference,0,President,
Mansfield,-,2,Blanks,11,President,
Mansfield,-,2,Total Votes Cast,2554,President,
Mansfield,-,3,Biden/ Harris,1557,President,
Mansfield,-,3,Trump/ Pence,951,President,
Mansfield,-,3,Jorgensen/ Cohen,41,President,
Mansfield,-,3,Hawkins/ Walker,6,President,
Mansfield,-,3,All Others,17,President,
Mansfield,-,3,No Preference,0,President,
Mansfield,-,3,Blanks,22,President,
Mansfield,-,3,Total Votes Cast,2594,President,
Mansfield,-,4,Biden/ Harris,1514,President,
Mansfield,-,4,Trump/ Pence,845,President,
Mansfield,-,4,Jorgensen/ Cohen,33,President,
Mansfield,-,4,Hawkins/ Walker,10,President,
Mansfield,-,4,All Others,12,President,
Mansfield,-,4,No Preference,0,President,
Mansfield,-,4,Blanks,18,President,
Mansfield,-,4,Total Votes Cast,2432,President,
Mansfield,-,5,Biden/ Harris,1439,President,
Mansfield,-,5,Trump/ Pence,728,President,
Mansfield,-,5,Jorgensen/ Cohen,42,President,
Mansfield,-,5,Hawkins/ Walker,14,President,
Mansfield,-,5,All Others,12,President,
Mansfield,-,5,No Preference,0,President,
Mansfield,-,5,Blanks,14,President,
Mansfield,-,5,Total Votes Cast,2249,President,
Mansfield,-,6,Biden/ Harris,1547,President,
Mansfield,-,6,Trump/ Pence,688,President,
Mansfield,-,6,Jorgensen/ Cohen,36,President,
Mansfield,-,6,Hawkins/ Walker,11,President,
Mansfield,-,6,All Others,11,President,
Mansfield,-,6,No Preference,0,President,
Mansfield,-,6,Blanks,13,President,
Mansfield,-,6,Total Votes Cast,2306,President,
Marblehead,-,1,Biden/ Harris,1800,President,
Marblehead,-,1,Trump/ Pence,620,President,
Marblehead,-,1,Jorgensen/ Cohen,33,President,
Marblehead,-,1,Hawkins/ Walker,6,President,
Marblehead,-,1,All Others,16,President,
Marblehead,-,1,No Preference,0,President,
Marblehead,-,1,Blanks,13,President,
Marblehead,-,1,Total Votes Cast,2488,President,
Marblehead,-,2,Biden/ Harris,1777,President,
Marblehead,-,2,Trump/ Pence,597,President,
Marblehead,-,2,Jorgensen/ Cohen,30,President,
Marblehead,-,2,Hawkins/ Walker,10,President,
Marblehead,-,2,All Others,16,President,
Marblehead,-,2,No Preference,0,President,
Marblehead,-,2,Blanks,26,President,
Marblehead,-,2,Total Votes Cast,2456,President,
Marblehead,-,3,Biden/ Harris,1554,President,
Marblehead,-,3,Trump/ Pence,589,President,
Marblehead,-,3,Jorgensen/ Cohen,24,President,
Marblehead,-,3,Hawkins/ Walker,9,President,
Marblehead,-,3,All Others,16,President,
Marblehead,-,3,No Preference,0,President,
Marblehead,-,3,Blanks,20,President,
Marblehead,-,3,Total Votes Cast,2212,President,
Marblehead,-,4,Biden/ Harris,1702,President,
Marblehead,-,4,Trump/ Pence,668,President,
Marblehead,-,4,Jorgensen/ Cohen,29,President,
Marblehead,-,4,Hawkins/ Walker,10,President,
Marblehead,-,4,All Others,25,President,
Marblehead,-,4,No Preference,0,President,
Marblehead,-,4,Blanks,17,President,
Marblehead,-,4,Total Votes Cast,2451,President,
Marblehead,-,5,Biden/ Harris,1615,President,
Marblehead,-,5,Trump/ Pence,667,President,
Marblehead,-,5,Jorgensen/ Cohen,28,President,
Marblehead,-,5,Hawkins/ Walker,4,President,
Marblehead,-,5,All Others,13,President,
Marblehead,-,5,No Preference,0,President,
Marblehead,-,5,Blanks,16,President,
Marblehead,-,5,Total Votes Cast,2343,President,
Marblehead,-,6,Biden/ Harris,1680,President,
Marblehead,-,6,Trump/ Pence,649,President,
Marblehead,-,6,Jorgensen/ Cohen,32,President,
Marblehead,-,6,Hawkins/ Walker,8,President,
Marblehead,-,6,All Others,7,President,
Marblehead,-,6,No Preference,0,President,
Marblehead,-,6,Blanks,17,President,
Marblehead,-,6,Total Votes Cast,2393,President,
Marion,-,1,Biden/ Harris,2369,President,
Marion,-,1,Trump/ Pence,1244,President,
Marion,-,1,Jorgensen/ Cohen,52,President,
Marion,-,1,Hawkins/ Walker,11,President,
Marion,-,1,All Others,20,President,
Marion,-,1,No Preference,0,President,
Marion,-,1,Blanks,21,President,
Marion,-,1,Total Votes Cast,3717,President,
Marlborough,1,1,Biden/ Harris,866,President,
Marlborough,1,1,Trump/ Pence,380,President,
Marlborough,1,1,Jorgensen/ Cohen,14,President,
Marlborough,1,1,Hawkins/ Walker,5,President,
Marlborough,1,1,All Others,6,President,
Marlborough,1,1,No Preference,0,President,
Marlborough,1,1,Blanks,5,President,
Marlborough,1,1,Total Votes Cast,1276,President,
Marlborough,1,2,Biden/ Harris,1229,President,
Marlborough,1,2,Trump/ Pence,573,President,
Marlborough,1,2,Jorgensen/ Cohen,20,President,
Marlborough,1,2,Hawkins/ Walker,5,President,
Marlborough,1,2,All Others,14,President,
Marlborough,1,2,No Preference,0,President,
Marlborough,1,2,Blanks,20,President,
Marlborough,1,2,Total Votes Cast,1861,President,
Marlborough,2,1,Biden/ Harris,962,President,
Marlborough,2,1,Trump/ Pence,508,President,
Marlborough,2,1,Jorgensen/ Cohen,23,President,
Marlborough,2,1,Hawkins/ Walker,7,President,
Marlborough,2,1,All Others,6,President,
Marlborough,2,1,No Preference,0,President,
Marlborough,2,1,Blanks,8,President,
Marlborough,2,1,Total Votes Cast,1514,President,
Marlborough,2,2,Biden/ Harris,878,President,
Marlborough,2,2,Trump/ Pence,374,President,
Marlborough,2,2,Jorgensen/ Cohen,21,President,
Marlborough,2,2,Hawkins/ Walker,5,President,
Marlborough,2,2,All Others,1,President,
Marlborough,2,2,No Preference,0,President,
Marlborough,2,2,Blanks,13,President,
Marlborough,2,2,Total Votes Cast,1292,President,
Marlborough,3,1,Biden/ Harris,679,President,
Marlborough,3,1,Trump/ Pence,339,President,
Marlborough,3,1,Jorgensen/ Cohen,19,President,
Marlborough,3,1,Hawkins/ Walker,10,President,
Marlborough,3,1,All Others,2,President,
Marlborough,3,1,No Preference,0,President,
Marlborough,3,1,Blanks,10,President,
Marlborough,3,1,Total Votes Cast,1059,President,
Marlborough,3,2,Biden/ Harris,1305,President,
Marlborough,3,2,Trump/ Pence,568,President,
Marlborough,3,2,Jorgensen/ Cohen,18,President,
Marlborough,3,2,Hawkins/ Walker,13,President,
Marlborough,3,2,All Others,8,President,
Marlborough,3,2,No Preference,0,President,
Marlborough,3,2,Blanks,19,President,
Marlborough,3,2,Total Votes Cast,1931,President,
Marlborough,4,1,Biden/ Harris,565,President,
Marlborough,4,1,Trump/ Pence,306,President,
Marlborough,4,1,Jorgensen/ Cohen,11,President,
Marlborough,4,1,Hawkins/ Walker,3,President,
Marlborough,4,1,All Others,7,President,
Marlborough,4,1,No Preference,0,President,
Marlborough,4,1,Blanks,3,President,
Marlborough,4,1,Total Votes Cast,895,President,
Marlborough,4,2,Biden/ Harris,1062,President,
Marlborough,4,2,Trump/ Pence,535,President,
Marlborough,4,2,Jorgensen/ Cohen,19,President,
Marlborough,4,2,Hawkins/ Walker,7,President,
Marlborough,4,2,All Others,11,President,
Marlborough,4,2,No Preference,0,President,
Marlborough,4,2,Blanks,23,President,
Marlborough,4,2,Total Votes Cast,1657,President,
Marlborough,5,1,Biden/ Harris,640,President,
Marlborough,5,1,Trump/ Pence,292,President,
Marlborough,5,1,Jorgensen/ Cohen,11,President,
Marlborough,5,1,Hawkins/ Walker,3,President,
Marlborough,5,1,All Others,3,President,
Marlborough,5,1,No Preference,0,President,
Marlborough,5,1,Blanks,4,President,
Marlborough,5,1,Total Votes Cast,953,President,
Marlborough,5,2,Biden/ Harris,1018,President,
Marlborough,5,2,Trump/ Pence,466,President,
Marlborough,5,2,Jorgensen/ Cohen,22,President,
Marlborough,5,2,Hawkins/ Walker,12,President,
Marlborough,5,2,All Others,12,President,
Marlborough,5,2,No Preference,0,President,
Marlborough,5,2,Blanks,10,President,
Marlborough,5,2,Total Votes Cast,1540,President,
Marlborough,6,1,Biden/ Harris,703,President,
Marlborough,6,1,Trump/ Pence,347,President,
Marlborough,6,1,Jorgensen/ Cohen,14,President,
Marlborough,6,1,Hawkins/ Walker,5,President,
Marlborough,6,1,All Others,3,President,
Marlborough,6,1,No Preference,0,President,
Marlborough,6,1,Blanks,4,President,
Marlborough,6,1,Total Votes Cast,1076,President,
Marlborough,6,2,Biden/ Harris,1060,President,
Marlborough,6,2,Trump/ Pence,601,President,
Marlborough,6,2,Jorgensen/ Cohen,34,President,
Marlborough,6,2,Hawkins/ Walker,8,President,
Marlborough,6,2,All Others,9,President,
Marlborough,6,2,No Preference,0,President,
Marlborough,6,2,Blanks,13,President,
Marlborough,6,2,Total Votes Cast,1725,President,
Marlborough,7,1,Biden/ Harris,845,President,
Marlborough,7,1,Trump/ Pence,430,President,
Marlborough,7,1,Jorgensen/ Cohen,10,President,
Marlborough,7,1,Hawkins/ Walker,4,President,
Marlborough,7,1,All Others,6,President,
Marlborough,7,1,No Preference,0,President,
Marlborough,7,1,Blanks,7,President,
Marlborough,7,1,Total Votes Cast,1302,President,
Marlborough,7,2,Biden/ Harris,798,President,
Marlborough,7,2,Trump/ Pence,381,President,
Marlborough,7,2,Jorgensen/ Cohen,14,President,
Marlborough,7,2,Hawkins/ Walker,3,President,
Marlborough,7,2,All Others,5,President,
Marlborough,7,2,No Preference,0,President,
Marlborough,7,2,Blanks,11,President,
Marlborough,7,2,Total Votes Cast,1212,President,
Marshfield,-,1,Biden/ Harris,1402,President,
Marshfield,-,1,Trump/ Pence,1082,President,
Marshfield,-,1,Jorgensen/ Cohen,26,President,
Marshfield,-,1,Hawkins/ Walker,12,President,
Marshfield,-,1,All Others,0,President,
Marshfield,-,1,No Preference,0,President,
Marshfield,-,1,Blanks,20,President,
Marshfield,-,1,Total Votes Cast,2542,President,
Marshfield,-,2,Biden/ Harris,1345,President,
Marshfield,-,2,Trump/ Pence,1067,President,
Marshfield,-,2,Jorgensen/ Cohen,44,President,
Marshfield,-,2,Hawkins/ Walker,12,President,
Marshfield,-,2,All Others,0,President,
Marshfield,-,2,No Preference,0,President,
Marshfield,-,2,Blanks,27,President,
Marshfield,-,2,Total Votes Cast,2495,President,
Marshfield,-,3,Biden/ Harris,1315,President,
Marshfield,-,3,Trump/ Pence,1046,President,
Marshfield,-,3,Jorgensen/ Cohen,31,President,
Marshfield,-,3,Hawkins/ Walker,11,President,
Marshfield,-,3,All Others,0,President,
Marshfield,-,3,No Preference,0,President,
Marshfield,-,3,Blanks,23,President,
Marshfield,-,3,Total Votes Cast,2426,President,
Marshfield,-,4,Biden/ Harris,1359,President,
Marshfield,-,4,Trump/ Pence,1044,President,
Marshfield,-,4,Jorgensen/ Cohen,34,President,
Marshfield,-,4,Hawkins/ Walker,11,President,
Marshfield,-,4,All Others,0,President,
Marshfield,-,4,No Preference,0,President,
Marshfield,-,4,Blanks,25,President,
Marshfield,-,4,Total Votes Cast,2473,President,
Marshfield,-,5,Biden/ Harris,1252,President,
Marshfield,-,5,Trump/ Pence,945,President,
Marshfield,-,5,Jorgensen/ Cohen,39,President,
Marshfield,-,5,Hawkins/ Walker,9,President,
Marshfield,-,5,All Others,0,President,
Marshfield,-,5,No Preference,0,President,
Marshfield,-,5,Blanks,27,President,
Marshfield,-,5,Total Votes Cast,2272,President,
Marshfield,-,6,Biden/ Harris,1540,President,
Marshfield,-,6,Trump/ Pence,1197,President,
Marshfield,-,6,Jorgensen/ Cohen,30,President,
Marshfield,-,6,Hawkins/ Walker,17,President,
Marshfield,-,6,All Others,1,President,
Marshfield,-,6,No Preference,0,President,
Marshfield,-,6,Blanks,30,President,
Marshfield,-,6,Total Votes Cast,2815,President,
Marshfield,-,7,Biden/ Harris,1458,President,
Marshfield,-,7,Trump/ Pence,1117,President,
Marshfield,-,7,Jorgensen/ Cohen,29,President,
Marshfield,-,7,Hawkins/ Walker,7,President,
Marshfield,-,7,All Others,0,President,
Marshfield,-,7,No Preference,0,President,
Marshfield,-,7,Blanks,26,President,
Marshfield,-,7,Total Votes Cast,2637,President,
Mashpee,-,1,Biden/ Harris,1436,President,
Mashpee,-,1,Trump/ Pence,847,President,
Mashpee,-,1,Jorgensen/ Cohen,18,President,
Mashpee,-,1,Hawkins/ Walker,6,President,
Mashpee,-,1,All Others,5,President,
Mashpee,-,1,No Preference,0,President,
Mashpee,-,1,Blanks,25,President,
Mashpee,-,1,Total Votes Cast,2337,President,
Mashpee,-,2,Biden/ Harris,1121,President,
Mashpee,-,2,Trump/ Pence,792,President,
Mashpee,-,2,Jorgensen/ Cohen,34,President,
Mashpee,-,2,Hawkins/ Walker,6,President,
Mashpee,-,2,All Others,10,President,
Mashpee,-,2,No Preference,0,President,
Mashpee,-,2,Blanks,15,President,
Mashpee,-,2,Total Votes Cast,1978,President,
Mashpee,-,3,Biden/ Harris,942,President,
Mashpee,-,3,Trump/ Pence,683,President,
Mashpee,-,3,Jorgensen/ Cohen,25,President,
Mashpee,-,3,Hawkins/ Walker,7,President,
Mashpee,-,3,All Others,5,President,
Mashpee,-,3,No Preference,0,President,
Mashpee,-,3,Blanks,12,President,
Mashpee,-,3,Total Votes Cast,1674,President,
Mashpee,-,4,Biden/ Harris,1155,President,
Mashpee,-,4,Trump/ Pence,700,President,
Mashpee,-,4,Jorgensen/ Cohen,26,President,
Mashpee,-,4,Hawkins/ Walker,15,President,
Mashpee,-,4,All Others,3,President,
Mashpee,-,4,No Preference,0,President,
Mashpee,-,4,Blanks,19,President,
Mashpee,-,4,Total Votes Cast,1918,President,
Mashpee,-,5,Biden/ Harris,1328,President,
Mashpee,-,5,Trump/ Pence,1064,President,
Mashpee,-,5,Jorgensen/ Cohen,19,President,
Mashpee,-,5,Hawkins/ Walker,7,President,
Mashpee,-,5,All Others,9,President,
Mashpee,-,5,No Preference,0,President,
Mashpee,-,5,Blanks,23,President,
Mashpee,-,5,Total Votes Cast,2450,President,
Mattapoisett,-,1,Biden/ Harris,2730,President,
Mattapoisett,-,1,Trump/ Pence,1888,President,
Mattapoisett,-,1,Jorgensen/ Cohen,53,President,
Mattapoisett,-,1,Hawkins/ Walker,18,President,
Mattapoisett,-,1,All Others,8,President,
Mattapoisett,-,1,No Preference,0,President,
Mattapoisett,-,1,Blanks,44,President,
Mattapoisett,-,1,Total Votes Cast,4741,President,
Maynard,-,1,Biden/ Harris,1247,President,
Maynard,-,1,Trump/ Pence,435,President,
Maynard,-,1,Jorgensen/ Cohen,31,President,
Maynard,-,1,Hawkins/ Walker,15,President,
Maynard,-,1,All Others,9,President,
Maynard,-,1,No Preference,0,President,
Maynard,-,1,Blanks,4,President,
Maynard,-,1,Total Votes Cast,1741,President,
Maynard,-,2,Biden/ Harris,1221,President,
Maynard,-,2,Trump/ Pence,379,President,
Maynard,-,2,Jorgensen/ Cohen,18,President,
Maynard,-,2,Hawkins/ Walker,7,President,
Maynard,-,2,All Others,6,President,
Maynard,-,2,No Preference,0,President,
Maynard,-,2,Blanks,5,President,
Maynard,-,2,Total Votes Cast,1636,President,
Maynard,-,3,Biden/ Harris,1346,President,
Maynard,-,3,Trump/ Pence,452,President,
Maynard,-,3,Jorgensen/ Cohen,19,President,
Maynard,-,3,Hawkins/ Walker,13,President,
Maynard,-,3,All Others,11,President,
Maynard,-,3,No Preference,0,President,
Maynard,-,3,Blanks,5,President,
Maynard,-,3,Total Votes Cast,1846,President,
Maynard,-,4,Biden/ Harris,1128,President,
Maynard,-,4,Trump/ Pence,406,President,
Maynard,-,4,Jorgensen/ Cohen,21,President,
Maynard,-,4,Hawkins/ Walker,9,President,
Maynard,-,4,All Others,13,President,
Maynard,-,4,No Preference,0,President,
Maynard,-,4,Blanks,3,President,
Maynard,-,4,Total Votes Cast,1580,President,
Medfield,-,1,Biden/ Harris,1486,President,
Medfield,-,1,Trump/ Pence,625,President,
Medfield,-,1,Jorgensen/ Cohen,35,President,
Medfield,-,1,Hawkins/ Walker,7,President,
Medfield,-,1,All Others,0,President,
Medfield,-,1,No Preference,0,President,
Medfield,-,1,Blanks,36,President,
Medfield,-,1,Total Votes Cast,2189,President,
Medfield,-,2,Biden/ Harris,1471,President,
Medfield,-,2,Trump/ Pence,541,President,
Medfield,-,2,Jorgensen/ Cohen,39,President,
Medfield,-,2,Hawkins/ Walker,4,President,
Medfield,-,2,All Others,0,President,
Medfield,-,2,No Preference,0,President,
Medfield,-,2,Blanks,52,President,
Medfield,-,2,Total Votes Cast,2107,President,
Medfield,-,3,Biden/ Harris,1405,President,
Medfield,-,3,Trump/ Pence,625,President,
Medfield,-,3,Jorgensen/ Cohen,41,President,
Medfield,-,3,Hawkins/ Walker,3,President,
Medfield,-,3,All Others,0,President,
Medfield,-,3,No Preference,0,President,
Medfield,-,3,Blanks,76,President,
Medfield,-,3,Total Votes Cast,2150,President,
Medfield,-,4,Biden/ Harris,1306,President,
Medfield,-,4,Trump/ Pence,583,President,
Medfield,-,4,Jorgensen/ Cohen,33,President,
Medfield,-,4,Hawkins/ Walker,7,President,
Medfield,-,4,All Others,0,President,
Medfield,-,4,No Preference,0,President,
Medfield,-,4,Blanks,111,President,
Medfield,-,4,Total Votes Cast,2040,President,
Medford,1,1,Biden/ Harris,1342,President,
Medford,1,1,Trump/ Pence,506,President,
Medford,1,1,Jorgensen/ Cohen,14,President,
Medford,1,1,Hawkins/ Walker,15,President,
Medford,1,1,All Others,12,President,
Medford,1,1,No Preference,0,President,
Medford,1,1,Blanks,24,President,
Medford,1,1,Total Votes Cast,1913,President,
Medford,1,2,Biden/ Harris,1431,President,
Medford,1,2,Trump/ Pence,528,President,
Medford,1,2,Jorgensen/ Cohen,17,President,
Medford,1,2,Hawkins/ Walker,13,President,
Medford,1,2,All Others,10,President,
Medford,1,2,No Preference,0,President,
Medford,1,2,Blanks,26,President,
Medford,1,2,Total Votes Cast,2025,President,
Medford,2,1,Biden/ Harris,1345,President,
Medford,2,1,Trump/ Pence,630,President,
Medford,2,1,Jorgensen/ Cohen,24,President,
Medford,2,1,Hawkins/ Walker,14,President,
Medford,2,1,All Others,6,President,
Medford,2,1,No Preference,0,President,
Medford,2,1,Blanks,35,President,
Medford,2,1,Total Votes Cast,2054,President,
Medford,2,2,Biden/ Harris,1479,President,
Medford,2,2,Trump/ Pence,729,President,
Medford,2,2,Jorgensen/ Cohen,17,President,
Medford,2,2,Hawkins/ Walker,9,President,
Medford,2,2,All Others,13,President,
Medford,2,2,No Preference,0,President,
Medford,2,2,Blanks,20,President,
Medford,2,2,Total Votes Cast,2267,President,
Medford,3,1,Biden/ Harris,1416,President,
Medford,3,1,Trump/ Pence,655,President,
Medford,3,1,Jorgensen/ Cohen,15,President,
Medford,3,1,Hawkins/ Walker,15,President,
Medford,3,1,All Others,10,President,
Medford,3,1,No Preference,0,President,
Medford,3,1,Blanks,28,President,
Medford,3,1,Total Votes Cast,2139,President,
Medford,3,2,Biden/ Harris,1608,President,
Medford,3,2,Trump/ Pence,682,President,
Medford,3,2,Jorgensen/ Cohen,26,President,
Medford,3,2,Hawkins/ Walker,11,President,
Medford,3,2,All Others,16,President,
Medford,3,2,No Preference,0,President,
Medford,3,2,Blanks,26,President,
Medford,3,2,Total Votes Cast,2369,President,
Medford,4,1,Biden/ Harris,866,President,
Medford,4,1,Trump/ Pence,156,President,
Medford,4,1,Jorgensen/ Cohen,3,President,
Medford,4,1,Hawkins/ Walker,12,President,
Medford,4,1,All Others,8,President,
Medford,4,1,No Preference,0,President,
Medford,4,1,Blanks,14,President,
Medford,4,1,Total Votes Cast,1059,President,
Medford,4,2,Biden/ Harris,1678,President,
Medford,4,2,Trump/ Pence,423,President,
Medford,4,2,Jorgensen/ Cohen,21,President,
Medford,4,2,Hawkins/ Walker,23,President,
Medford,4,2,All Others,3,President,
Medford,4,2,No Preference,0,President,
Medford,4,2,Blanks,30,President,
Medford,4,2,Total Votes Cast,2178,President,
Medford,5,1,Biden/ Harris,1652,President,
Medford,5,1,Trump/ Pence,352,President,
Medford,5,1,Jorgensen/ Cohen,29,President,
Medford,5,1,Hawkins/ Walker,26,President,
Medford,5,1,All Others,7,President,
Medford,5,1,No Preference,0,President,
Medford,5,1,Blanks,23,President,
Medford,5,1,Total Votes Cast,2089,President,
Medford,5,2,Biden/ Harris,1359,President,
Medford,5,2,Trump/ Pence,277,President,
Medford,5,2,Jorgensen/ Cohen,15,President,
Medford,5,2,Hawkins/ Walker,15,President,
Medford,5,2,All Others,2,President,
Medford,5,2,No Preference,0,President,
Medford,5,2,Blanks,17,President,
Medford,5,2,Total Votes Cast,1685,President,
Medford,6,1,Biden/ Harris,2001,President,
Medford,6,1,Trump/ Pence,368,President,
Medford,6,1,Jorgensen/ Cohen,21,President,
Medford,6,1,Hawkins/ Walker,8,President,
Medford,6,1,All Others,25,President,
Medford,6,1,No Preference,0,President,
Medford,6,1,Blanks,20,President,
Medford,6,1,Total Votes Cast,2443,President,
Medford,6,2,Biden/ Harris,1605,President,
Medford,6,2,Trump/ Pence,488,President,
Medford,6,2,Jorgensen/ Cohen,19,President,
Medford,6,2,Hawkins/ Walker,7,President,
Medford,6,2,All Others,13,President,
Medford,6,2,No Preference,0,President,
Medford,6,2,Blanks,23,President,
Medford,6,2,Total Votes Cast,2155,President,
Medford,7,1,Biden/ Harris,1007,President,
Medford,7,1,Trump/ Pence,264,President,
Medford,7,1,Jorgensen/ Cohen,11,President,
Medford,7,1,Hawkins/ Walker,3,President,
Medford,7,1,All Others,0,President,
Medford,7,1,No Preference,0,President,
Medford,7,1,Blanks,15,President,
Medford,7,1,Total Votes Cast,1300,President,
Medford,7,2,Biden/ Harris,1652,President,
Medford,7,2,Trump/ Pence,480,President,
Medford,7,2,Jorgensen/ Cohen,27,President,
Medford,7,2,Hawkins/ Walker,8,President,
Medford,7,2,All Others,11,President,
Medford,7,2,No Preference,0,President,
Medford,7,2,Blanks,21,President,
Medford,7,2,Total Votes Cast,2199,President,
Medford,8,1,Biden/ Harris,1676,President,
Medford,8,1,Trump/ Pence,540,President,
Medford,8,1,Jorgensen/ Cohen,18,President,
Medford,8,1,Hawkins/ Walker,15,President,
Medford,8,1,All Others,9,President,
Medford,8,1,No Preference,0,President,
Medford,8,1,Blanks,23,President,
Medford,8,1,Total Votes Cast,2281,President,
Medford,8,2,Biden/ Harris,1378,President,
Medford,8,2,Trump/ Pence,488,President,
Medford,8,2,Jorgensen/ Cohen,17,President,
Medford,8,2,Hawkins/ Walker,14,President,
Medford,8,2,All Others,5,President,
Medford,8,2,No Preference,0,President,
Medford,8,2,Blanks,19,President,
Medford,8,2,Total Votes Cast,1921,President,
Medway,-,1,Biden/ Harris,1194,President,
Medway,-,1,Trump/ Pence,732,President,
Medway,-,1,Jorgensen/ Cohen,30,President,
Medway,-,1,Hawkins/ Walker,10,President,
Medway,-,1,All Others,21,President,
Medway,-,1,No Preference,0,President,
Medway,-,1,Blanks,17,President,
Medway,-,1,Total Votes Cast,2004,President,
Medway,-,2,Biden/ Harris,1289,President,
Medway,-,2,Trump/ Pence,755,President,
Medway,-,2,Jorgensen/ Cohen,33,President,
Medway,-,2,Hawkins/ Walker,13,President,
Medway,-,2,All Others,16,President,
Medway,-,2,No Preference,0,President,
Medway,-,2,Blanks,13,President,
Medway,-,2,Total Votes Cast,2119,President,
Medway,-,3,Biden/ Harris,1333,President,
Medway,-,3,Trump/ Pence,724,President,
Medway,-,3,Jorgensen/ Cohen,53,President,
Medway,-,3,Hawkins/ Walker,13,President,
Medway,-,3,All Others,12,President,
Medway,-,3,No Preference,0,President,
Medway,-,3,Blanks,13,President,
Medway,-,3,Total Votes Cast,2148,President,
Medway,-,4,Biden/ Harris,1340,President,
Medway,-,4,Trump/ Pence,793,President,
Medway,-,4,Jorgensen/ Cohen,39,President,
Medway,-,4,Hawkins/ Walker,7,President,
Medway,-,4,All Others,9,President,
Medway,-,4,No Preference,0,President,
Medway,-,4,Blanks,16,President,
Medway,-,4,Total Votes Cast,2204,President,
Melrose,1,1,Biden/ Harris,1010,President,
Melrose,1,1,Trump/ Pence,273,President,
Melrose,1,1,Jorgensen/ Cohen,16,President,
Melrose,1,1,Hawkins/ Walker,5,President,
Melrose,1,1,All Others,6,President,
Melrose,1,1,No Preference,0,President,
Melrose,1,1,Blanks,2,President,
Melrose,1,1,Total Votes Cast,1312,President,
Melrose,1,2,Biden/ Harris,940,President,
Melrose,1,2,Trump/ Pence,282,President,
Melrose,1,2,Jorgensen/ Cohen,14,President,
Melrose,1,2,Hawkins/ Walker,7,President,
Melrose,1,2,All Others,12,President,
Melrose,1,2,No Preference,0,President,
Melrose,1,2,Blanks,11,President,
Melrose,1,2,Total Votes Cast,1266,President,
Melrose,2,1,Biden/ Harris,957,President,
Melrose,2,1,Trump/ Pence,407,President,
Melrose,2,1,Jorgensen/ Cohen,10,President,
Melrose,2,1,Hawkins/ Walker,5,President,
Melrose,2,1,All Others,11,President,
Melrose,2,1,No Preference,0,President,
Melrose,2,1,Blanks,13,President,
Melrose,2,1,Total Votes Cast,1403,President,
Melrose,2,2,Biden/ Harris,854,President,
Melrose,2,2,Trump/ Pence,360,President,
Melrose,2,2,Jorgensen/ Cohen,15,President,
Melrose,2,2,Hawkins/ Walker,3,President,
Melrose,2,2,All Others,2,President,
Melrose,2,2,No Preference,0,President,
Melrose,2,2,Blanks,3,President,
Melrose,2,2,Total Votes Cast,1237,President,
Melrose,3,1,Biden/ Harris,953,President,
Melrose,3,1,Trump/ Pence,283,President,
Melrose,3,1,Jorgensen/ Cohen,9,President,
Melrose,3,1,Hawkins/ Walker,3,President,
Melrose,3,1,All Others,10,President,
Melrose,3,1,No Preference,0,President,
Melrose,3,1,Blanks,6,President,
Melrose,3,1,Total Votes Cast,1264,President,
Melrose,3,2,Biden/ Harris,859,President,
Melrose,3,2,Trump/ Pence,315,President,
Melrose,3,2,Jorgensen/ Cohen,15,President,
Melrose,3,2,Hawkins/ Walker,1,President,
Melrose,3,2,All Others,3,President,
Melrose,3,2,No Preference,0,President,
Melrose,3,2,Blanks,7,President,
Melrose,3,2,Total Votes Cast,1200,President,
Melrose,4,1,Biden/ Harris,932,President,
Melrose,4,1,Trump/ Pence,270,President,
Melrose,4,1,Jorgensen/ Cohen,15,President,
Melrose,4,1,Hawkins/ Walker,4,President,
Melrose,4,1,All Others,7,President,
Melrose,4,1,No Preference,0,President,
Melrose,4,1,Blanks,2,President,
Melrose,4,1,Total Votes Cast,1230,President,
Melrose,4,2,Biden/ Harris,951,President,
Melrose,4,2,Trump/ Pence,478,President,
Melrose,4,2,Jorgensen/ Cohen,14,President,
Melrose,4,2,Hawkins/ Walker,7,President,
Melrose,4,2,All Others,11,President,
Melrose,4,2,No Preference,0,President,
Melrose,4,2,Blanks,15,President,
Melrose,4,2,Total Votes Cast,1476,President,
Melrose,5,1,Biden/ Harris,1120,President,
Melrose,5,1,Trump/ Pence,290,President,
Melrose,5,1,Jorgensen/ Cohen,10,President,
Melrose,5,1,Hawkins/ Walker,8,President,
Melrose,5,1,All Others,13,President,
Melrose,5,1,No Preference,0,President,
Melrose,5,1,Blanks,6,President,
Melrose,5,1,Total Votes Cast,1447,President,
Melrose,5,2,Biden/ Harris,959,President,
Melrose,5,2,Trump/ Pence,254,President,
Melrose,5,2,Jorgensen/ Cohen,16,President,
Melrose,5,2,Hawkins/ Walker,6,President,
Melrose,5,2,All Others,4,President,
Melrose,5,2,No Preference,0,President,
Melrose,5,2,Blanks,6,President,
Melrose,5,2,Total Votes Cast,1245,President,
Melrose,6,1,Biden/ Harris,959,President,
Melrose,6,1,Trump/ Pence,328,President,
Melrose,6,1,Jorgensen/ Cohen,15,President,
Melrose,6,1,Hawkins/ Walker,3,President,
Melrose,6,1,All Others,9,President,
Melrose,6,1,No Preference,0,President,
Melrose,6,1,Blanks,10,President,
Melrose,6,1,Total Votes Cast,1324,President,
Melrose,6,2,Biden/ Harris,872,President,
Melrose,6,2,Trump/ Pence,428,President,
Melrose,6,2,Jorgensen/ Cohen,15,President,
Melrose,6,2,Hawkins/ Walker,5,President,
Melrose,6,2,All Others,13,President,
Melrose,6,2,No Preference,0,President,
Melrose,6,2,Blanks,4,President,
Melrose,6,2,Total Votes Cast,1337,President,
Melrose,7,1,Biden/ Harris,908,President,
Melrose,7,1,Trump/ Pence,311,President,
Melrose,7,1,Jorgensen/ Cohen,17,President,
Melrose,7,1,Hawkins/ Walker,10,President,
Melrose,7,1,All Others,7,President,
Melrose,7,1,No Preference,0,President,
Melrose,7,1,Blanks,5,President,
Melrose,7,1,Total Votes Cast,1258,President,
Melrose,7,2,Biden/ Harris,939,President,
Melrose,7,2,Trump/ Pence,367,President,
Melrose,7,2,Jorgensen/ Cohen,16,President,
Melrose,7,2,Hawkins/ Walker,4,President,
Melrose,7,2,All Others,6,President,
Melrose,7,2,No Preference,0,President,
Melrose,7,2,Blanks,7,President,
Melrose,7,2,Total Votes Cast,1339,President,
Mendon,-,1,Biden/ Harris,2067,President,
Mendon,-,1,Trump/ Pence,1774,President,
Mendon,-,1,Jorgensen/ Cohen,73,President,
Mendon,-,1,Hawkins/ Walker,25,President,
Mendon,-,1,All Others,5,President,
Mendon,-,1,No Preference,0,President,
Mendon,-,1,Blanks,50,President,
Mendon,-,1,Total Votes Cast,3994,President,
Merrimac,-,1,Biden/ Harris,1304,President,
Merrimac,-,1,Trump/ Pence,810,President,
Merrimac,-,1,Jorgensen/ Cohen,41,President,
Merrimac,-,1,Hawkins/ Walker,7,President,
Merrimac,-,1,All Others,12,President,
Merrimac,-,1,No Preference,0,President,
Merrimac,-,1,Blanks,20,President,
Merrimac,-,1,Total Votes Cast,2194,President,
Merrimac,-,2,Biden/ Harris,1245,President,
Merrimac,-,2,Trump/ Pence,915,President,
Merrimac,-,2,Jorgensen/ Cohen,30,President,
Merrimac,-,2,Hawkins/ Walker,10,President,
Merrimac,-,2,All Others,17,President,
Merrimac,-,2,No Preference,0,President,
Merrimac,-,2,Blanks,10,President,
Merrimac,-,2,Total Votes Cast,2227,President,
Methuen,-,1,Biden/ Harris,1132,President,
Methuen,-,1,Trump/ Pence,834,President,
Methuen,-,1,Jorgensen/ Cohen,22,President,
Methuen,-,1,Hawkins/ Walker,7,President,
Methuen,-,1,All Others,8,President,
Methuen,-,1,No Preference,0,President,
Methuen,-,1,Blanks,12,President,
Methuen,-,1,Total Votes Cast,2015,President,
Methuen,-,10,Biden/ Harris,1270,President,
Methuen,-,10,Trump/ Pence,790,President,
Methuen,-,10,Jorgensen/ Cohen,24,President,
Methuen,-,10,Hawkins/ Walker,7,President,
Methuen,-,10,All Others,7,President,
Methuen,-,10,No Preference,0,President,
Methuen,-,10,Blanks,8,President,
Methuen,-,10,Total Votes Cast,2106,President,
Methuen,-,11,Biden/ Harris,1339,President,
Methuen,-,11,Trump/ Pence,1230,President,
Methuen,-,11,Jorgensen/ Cohen,32,President,
Methuen,-,11,Hawkins/ Walker,8,President,
Methuen,-,11,All Others,13,President,
Methuen,-,11,No Preference,0,President,
Methuen,-,11,Blanks,9,President,
Methuen,-,11,Total Votes Cast,2631,President,
Methuen,-,12,Biden/ Harris,1310,President,
Methuen,-,12,Trump/ Pence,1198,President,
Methuen,-,12,Jorgensen/ Cohen,28,President,
Methuen,-,12,Hawkins/ Walker,9,President,
Methuen,-,12,All Others,13,President,
Methuen,-,12,No Preference,0,President,
Methuen,-,12,Blanks,19,President,
Methuen,-,12,Total Votes Cast,2577,President,
Methuen,-,2,Biden/ Harris,886,President,
Methuen,-,2,Trump/ Pence,333,President,
Methuen,-,2,Jorgensen/ Cohen,7,President,
Methuen,-,2,Hawkins/ Walker,6,President,
Methuen,-,2,All Others,4,President,
Methuen,-,2,No Preference,0,President,
Methuen,-,2,Blanks,17,President,
Methuen,-,2,Total Votes Cast,1253,President,
Methuen,-,3,Biden/ Harris,1178,President,
Methuen,-,3,Trump/ Pence,875,President,
Methuen,-,3,Jorgensen/ Cohen,13,President,
Methuen,-,3,Hawkins/ Walker,12,President,
Methuen,-,3,All Others,4,President,
Methuen,-,3,No Preference,0,President,
Methuen,-,3,Blanks,22,President,
Methuen,-,3,Total Votes Cast,2104,President,
Methuen,-,4,Biden/ Harris,1166,President,
Methuen,-,4,Trump/ Pence,762,President,
Methuen,-,4,Jorgensen/ Cohen,21,President,
Methuen,-,4,Hawkins/ Walker,17,President,
Methuen,-,4,All Others,10,President,
Methuen,-,4,No Preference,0,President,
Methuen,-,4,Blanks,14,President,
Methuen,-,4,Total Votes Cast,1990,President,
Methuen,-,5,Biden/ Harris,1104,President,
Methuen,-,5,Trump/ Pence,700,President,
Methuen,-,5,Jorgensen/ Cohen,23,President,
Methuen,-,5,Hawkins/ Walker,10,President,
Methuen,-,5,All Others,7,President,
Methuen,-,5,No Preference,0,President,
Methuen,-,5,Blanks,11,President,
Methuen,-,5,Total Votes Cast,1855,President,
Methuen,-,6,Biden/ Harris,1196,President,
Methuen,-,6,Trump/ Pence,780,President,
Methuen,-,6,Jorgensen/ Cohen,9,President,
Methuen,-,6,Hawkins/ Walker,12,President,
Methuen,-,6,All Others,5,President,
Methuen,-,6,No Preference,0,President,
Methuen,-,6,Blanks,15,President,
Methuen,-,6,Total Votes Cast,2017,President,
Methuen,-,7,Biden/ Harris,1292,President,
Methuen,-,7,Trump/ Pence,1058,President,
Methuen,-,7,Jorgensen/ Cohen,23,President,
Methuen,-,7,Hawkins/ Walker,3,President,
Methuen,-,7,All Others,6,President,
Methuen,-,7,No Preference,0,President,
Methuen,-,7,Blanks,13,President,
Methuen,-,7,Total Votes Cast,2395,President,
Methuen,-,8,Biden/ Harris,1263,President,
Methuen,-,8,Trump/ Pence,1372,President,
Methuen,-,8,Jorgensen/ Cohen,30,President,
Methuen,-,8,Hawkins/ Walker,7,President,
Methuen,-,8,All Others,11,President,
Methuen,-,8,No Preference,0,President,
Methuen,-,8,Blanks,18,President,
Methuen,-,8,Total Votes Cast,2701,President,
Methuen,-,9,Biden/ Harris,1192,President,
Methuen,-,9,Trump/ Pence,1195,President,
Methuen,-,9,Jorgensen/ Cohen,24,President,
Methuen,-,9,Hawkins/ Walker,13,President,
Methuen,-,9,All Others,9,President,
Methuen,-,9,No Preference,0,President,
Methuen,-,9,Blanks,19,President,
Methuen,-,9,Total Votes Cast,2452,President,
Middleborough,-,1,Biden/ Harris,1348,President,
Middleborough,-,1,Trump/ Pence,1444,President,
Middleborough,-,1,Jorgensen/ Cohen,37,President,
Middleborough,-,1,Hawkins/ Walker,8,President,
Middleborough,-,1,All Others,9,President,
Middleborough,-,1,No Preference,0,President,
Middleborough,-,1,Blanks,19,President,
Middleborough,-,1,Total Votes Cast,2865,President,
Middleborough,-,2,Biden/ Harris,1104,President,
Middleborough,-,2,Trump/ Pence,984,President,
Middleborough,-,2,Jorgensen/ Cohen,49,President,
Middleborough,-,2,Hawkins/ Walker,10,President,
Middleborough,-,2,All Others,9,President,
Middleborough,-,2,No Preference,0,President,
Middleborough,-,2,Blanks,8,President,
Middleborough,-,2,Total Votes Cast,2164,President,
Middleborough,-,3,Biden/ Harris,1016,President,
Middleborough,-,3,Trump/ Pence,1259,President,
Middleborough,-,3,Jorgensen/ Cohen,30,President,
Middleborough,-,3,Hawkins/ Walker,11,President,
Middleborough,-,3,All Others,9,President,
Middleborough,-,3,No Preference,0,President,
Middleborough,-,3,Blanks,9,President,
Middleborough,-,3,Total Votes Cast,2334,President,
Middleborough,-,4,Biden/ Harris,907,President,
Middleborough,-,4,Trump/ Pence,931,President,
Middleborough,-,4,Jorgensen/ Cohen,40,President,
Middleborough,-,4,Hawkins/ Walker,12,President,
Middleborough,-,4,All Others,10,President,
Middleborough,-,4,No Preference,0,President,
Middleborough,-,4,Blanks,11,President,
Middleborough,-,4,Total Votes Cast,1911,President,
Middleborough,-,5,Biden/ Harris,1048,President,
Middleborough,-,5,Trump/ Pence,1392,President,
Middleborough,-,5,Jorgensen/ Cohen,51,President,
Middleborough,-,5,Hawkins/ Walker,14,President,
Middleborough,-,5,All Others,12,President,
Middleborough,-,5,No Preference,0,President,
Middleborough,-,5,Blanks,9,President,
Middleborough,-,5,Total Votes Cast,2526,President,
Middleborough,-,6,Biden/ Harris,901,President,
Middleborough,-,6,Trump/ Pence,1154,President,
Middleborough,-,6,Jorgensen/ Cohen,35,President,
Middleborough,-,6,Hawkins/ Walker,16,President,
Middleborough,-,6,All Others,7,President,
Middleborough,-,6,No Preference,0,President,
Middleborough,-,6,Blanks,10,President,
Middleborough,-,6,Total Votes Cast,2123,President,
Middlefield,-,1,Biden/ Harris,199,President,
Middlefield,-,1,Trump/ Pence,124,President,
Middlefield,-,1,Jorgensen/ Cohen,9,President,
Middlefield,-,1,Hawkins/ Walker,1,President,
Middlefield,-,1,All Others,1,President,
Middlefield,-,1,No Preference,0,President,
Middlefield,-,1,Blanks,1,President,
Middlefield,-,1,Total Votes Cast,335,President,
Middleton,-,1,Biden/ Harris,1405,President,
Middleton,-,1,Trump/ Pence,1399,President,
Middleton,-,1,Jorgensen/ Cohen,39,President,
Middleton,-,1,Hawkins/ Walker,9,President,
Middleton,-,1,All Others,12,President,
Middleton,-,1,No Preference,0,President,
Middleton,-,1,Blanks,27,President,
Middleton,-,1,Total Votes Cast,2891,President,
Middleton,-,2,Biden/ Harris,1359,President,
Middleton,-,2,Trump/ Pence,1567,President,
Middleton,-,2,Jorgensen/ Cohen,38,President,
Middleton,-,2,Hawkins/ Walker,12,President,
Middleton,-,2,All Others,18,President,
Middleton,-,2,No Preference,0,President,
Middleton,-,2,Blanks,20,President,
Middleton,-,2,Total Votes Cast,3014,President,
Milford,-,1,Biden/ Harris,692,President,
Milford,-,1,Trump/ Pence,427,President,
Milford,-,1,Jorgensen/ Cohen,18,President,
Milford,-,1,Hawkins/ Walker,7,President,
Milford,-,1,All Others,2,President,
Milford,-,1,No Preference,0,President,
Milford,-,1,Blanks,3,President,
Milford,-,1,Total Votes Cast,1149,President,
Milford,-,2,Biden/ Harris,1016,President,
Milford,-,2,Trump/ Pence,655,President,
Milford,-,2,Jorgensen/ Cohen,23,President,
Milford,-,2,Hawkins/ Walker,8,President,
Milford,-,2,All Others,8,President,
Milford,-,2,No Preference,0,President,
Milford,-,2,Blanks,10,President,
Milford,-,2,Total Votes Cast,1720,President,
Milford,-,3,Biden/ Harris,1030,President,
Milford,-,3,Trump/ Pence,746,President,
Milford,-,3,Jorgensen/ Cohen,21,President,
Milford,-,3,Hawkins/ Walker,12,President,
Milford,-,3,All Others,15,President,
Milford,-,3,No Preference,0,President,
Milford,-,3,Blanks,10,President,
Milford,-,3,Total Votes Cast,1834,President,
Milford,-,4,Biden/ Harris,774,President,
Milford,-,4,Trump/ Pence,520,President,
Milford,-,4,Jorgensen/ Cohen,11,President,
Milford,-,4,Hawkins/ Walker,8,President,
Milford,-,4,All Others,4,President,
Milford,-,4,No Preference,0,President,
Milford,-,4,Blanks,6,President,
Milford,-,4,Total Votes Cast,1323,President,
Milford,-,5,Biden/ Harris,1479,President,
Milford,-,5,Trump/ Pence,955,President,
Milford,-,5,Jorgensen/ Cohen,26,President,
Milford,-,5,Hawkins/ Walker,13,President,
Milford,-,5,All Others,17,President,
Milford,-,5,No Preference,0,President,
Milford,-,5,Blanks,22,President,
Milford,-,5,Total Votes Cast,2512,President,
Milford,-,6,Biden/ Harris,1132,President,
Milford,-,6,Trump/ Pence,674,President,
Milford,-,6,Jorgensen/ Cohen,25,President,
Milford,-,6,Hawkins/ Walker,8,President,
Milford,-,6,All Others,9,President,
Milford,-,6,No Preference,0,President,
Milford,-,6,Blanks,8,President,
Milford,-,6,Total Votes Cast,1856,President,
Milford,-,7,Biden/ Harris,1294,President,
Milford,-,7,Trump/ Pence,869,President,
Milford,-,7,Jorgensen/ Cohen,31,President,
Milford,-,7,Hawkins/ Walker,9,President,
Milford,-,7,All Others,11,President,
Milford,-,7,No Preference,0,President,
Milford,-,7,Blanks,23,President,
Milford,-,7,Total Votes Cast,2237,President,
Milford,-,8,Biden/ Harris,1283,President,
Milford,-,8,Trump/ Pence,698,President,
Milford,-,8,Jorgensen/ Cohen,29,President,
Milford,-,8,Hawkins/ Walker,13,President,
Milford,-,8,All Others,8,President,
Milford,-,8,No Preference,0,President,
Milford,-,8,Blanks,14,President,
Milford,-,8,Total Votes Cast,2045,President,
Millbury,-,1,Biden/ Harris,1010,President,
Millbury,-,1,Trump/ Pence,944,President,
Millbury,-,1,Jorgensen/ Cohen,32,President,
Millbury,-,1,Hawkins/ Walker,7,President,
Millbury,-,1,All Others,5,President,
Millbury,-,1,No Preference,0,President,
Millbury,-,1,Blanks,17,President,
Millbury,-,1,Total Votes Cast,2015,President,
Millbury,-,2,Biden/ Harris,1114,President,
Millbury,-,2,Trump/ Pence,1073,President,
Millbury,-,2,Jorgensen/ Cohen,36,President,
Millbury,-,2,Hawkins/ Walker,14,President,
Millbury,-,2,All Others,7,President,
Millbury,-,2,No Preference,0,President,
Millbury,-,2,Blanks,15,President,
Millbury,-,2,Total Votes Cast,2259,President,
Millbury,-,3,Biden/ Harris,1007,President,
Millbury,-,3,Trump/ Pence,898,President,
Millbury,-,3,Jorgensen/ Cohen,46,President,
Millbury,-,3,Hawkins/ Walker,15,President,
Millbury,-,3,All Others,7,President,
Millbury,-,3,No Preference,0,President,
Millbury,-,3,Blanks,12,President,
Millbury,-,3,Total Votes Cast,1985,President,
Millbury,-,4,Biden/ Harris,1065,President,
Millbury,-,4,Trump/ Pence,824,President,
Millbury,-,4,Jorgensen/ Cohen,35,President,
Millbury,-,4,Hawkins/ Walker,17,President,
Millbury,-,4,All Others,6,President,
Millbury,-,4,No Preference,0,President,
Millbury,-,4,Blanks,7,President,
Millbury,-,4,Total Votes Cast,1954,President,
Millis,-,1,Biden/ Harris,1161,President,
Millis,-,1,Trump/ Pence,631,President,
Millis,-,1,Jorgensen/ Cohen,20,President,
Millis,-,1,Hawkins/ Walker,9,President,
Millis,-,1,All Others,9,President,
Millis,-,1,No Preference,0,President,
Millis,-,1,Blanks,4,President,
Millis,-,1,Total Votes Cast,1834,President,
Millis,-,2,Biden/ Harris,1109,President,
Millis,-,2,Trump/ Pence,661,President,
Millis,-,2,Jorgensen/ Cohen,42,President,
Millis,-,2,Hawkins/ Walker,11,President,
Millis,-,2,All Others,9,President,
Millis,-,2,No Preference,0,President,
Millis,-,2,Blanks,19,President,
Millis,-,2,Total Votes Cast,1851,President,
Millis,-,3,Biden/ Harris,1232,President,
Millis,-,3,Trump/ Pence,709,President,
Millis,-,3,Jorgensen/ Cohen,19,President,
Millis,-,3,Hawkins/ Walker,13,President,
Millis,-,3,All Others,4,President,
Millis,-,3,No Preference,0,President,
Millis,-,3,Blanks,15,President,
Millis,-,3,Total Votes Cast,1992,President,
Millville,-,1,Biden/ Harris,821,President,
Millville,-,1,Trump/ Pence,976,President,
Millville,-,1,Jorgensen/ Cohen,37,President,
Millville,-,1,Hawkins/ Walker,7,President,
Millville,-,1,All Others,7,President,
Millville,-,1,No Preference,0,President,
Millville,-,1,Blanks,8,President,
Millville,-,1,Total Votes Cast,1856,President,
Milton,-,1,Biden/ Harris,1516,President,
Milton,-,1,Trump/ Pence,254,President,
Milton,-,1,Jorgensen/ Cohen,19,President,
Milton,-,1,Hawkins/ Walker,3,President,
Milton,-,1,All Others,8,President,
Milton,-,1,No Preference,0,President,
Milton,-,1,Blanks,5,President,
Milton,-,1,Total Votes Cast,1805,President,
Milton,-,10,Biden/ Harris,1054,President,
Milton,-,10,Trump/ Pence,181,President,
Milton,-,10,Jorgensen/ Cohen,14,President,
Milton,-,10,Hawkins/ Walker,5,President,
Milton,-,10,All Others,10,President,
Milton,-,10,No Preference,0,President,
Milton,-,10,Blanks,8,President,
Milton,-,10,Total Votes Cast,1272,President,
Milton,-,2,Biden/ Harris,1551,President,
Milton,-,2,Trump/ Pence,261,President,
Milton,-,2,Jorgensen/ Cohen,14,President,
Milton,-,2,Hawkins/ Walker,2,President,
Milton,-,2,All Others,11,President,
Milton,-,2,No Preference,0,President,
Milton,-,2,Blanks,12,President,
Milton,-,2,Total Votes Cast,1851,President,
Milton,-,3,Biden/ Harris,1444,President,
Milton,-,3,Trump/ Pence,444,President,
Milton,-,3,Jorgensen/ Cohen,26,President,
Milton,-,3,Hawkins/ Walker,0,President,
Milton,-,3,All Others,12,President,
Milton,-,3,No Preference,0,President,
Milton,-,3,Blanks,14,President,
Milton,-,3,Total Votes Cast,1940,President,
Milton,-,4,Biden/ Harris,1460,President,
Milton,-,4,Trump/ Pence,354,President,
Milton,-,4,Jorgensen/ Cohen,19,President,
Milton,-,4,Hawkins/ Walker,4,President,
Milton,-,4,All Others,5,President,
Milton,-,4,No Preference,0,President,
Milton,-,4,Blanks,10,President,
Milton,-,4,Total Votes Cast,1852,President,
Milton,-,5,Biden/ Harris,1132,President,
Milton,-,5,Trump/ Pence,353,President,
Milton,-,5,Jorgensen/ Cohen,16,President,
Milton,-,5,Hawkins/ Walker,3,President,
Milton,-,5,All Others,9,President,
Milton,-,5,No Preference,0,President,
Milton,-,5,Blanks,19,President,
Milton,-,5,Total Votes Cast,1532,President,
Milton,-,6,Biden/ Harris,1213,President,
Milton,-,6,Trump/ Pence,643,President,
Milton,-,6,Jorgensen/ Cohen,25,President,
Milton,-,6,Hawkins/ Walker,7,President,
Milton,-,6,All Others,15,President,
Milton,-,6,No Preference,0,President,
Milton,-,6,Blanks,13,President,
Milton,-,6,Total Votes Cast,1916,President,
Milton,-,7,Biden/ Harris,1083,President,
Milton,-,7,Trump/ Pence,562,President,
Milton,-,7,Jorgensen/ Cohen,13,President,
Milton,-,7,Hawkins/ Walker,4,President,
Milton,-,7,All Others,14,President,
Milton,-,7,No Preference,0,President,
Milton,-,7,Blanks,13,President,
Milton,-,7,Total Votes Cast,1689,President,
Milton,-,8,Biden/ Harris,1197,President,
Milton,-,8,Trump/ Pence,654,President,
Milton,-,8,Jorgensen/ Cohen,19,President,
Milton,-,8,Hawkins/ Walker,8,President,
Milton,-,8,All Others,22,President,
Milton,-,8,No Preference,0,President,
Milton,-,8,Blanks,21,President,
Milton,-,8,Total Votes Cast,1921,President,
Milton,-,9,Biden/ Harris,1212,President,
Milton,-,9,Trump/ Pence,735,President,
Milton,-,9,Jorgensen/ Cohen,13,President,
Milton,-,9,Hawkins/ Walker,9,President,
Milton,-,9,All Others,22,President,
Milton,-,9,No Preference,0,President,
Milton,-,9,Blanks,15,President,
Milton,-,9,Total Votes Cast,2006,President,
Monroe,-,1,Biden/ Harris,28,President,
Monroe,-,1,Trump/ Pence,31,President,
Monroe,-,1,Jorgensen/ Cohen,1,President,
Monroe,-,1,Hawkins/ Walker,0,President,
Monroe,-,1,All Others,0,President,
Monroe,-,1,No Preference,0,President,
Monroe,-,1,Blanks,0,President,
Monroe,-,1,Total Votes Cast,60,President,
Monson,-,A,Biden/ Harris,791,President,
Monson,-,A,Trump/ Pence,871,President,
Monson,-,A,Jorgensen/ Cohen,22,President,
Monson,-,A,Hawkins/ Walker,12,President,
Monson,-,A,All Others,7,President,
Monson,-,A,No Preference,0,President,
Monson,-,A,Blanks,10,President,
Monson,-,A,Total Votes Cast,1713,President,
Monson,-,B,Biden/ Harris,815,President,
Monson,-,B,Trump/ Pence,851,President,
Monson,-,B,Jorgensen/ Cohen,38,President,
Monson,-,B,Hawkins/ Walker,7,President,
Monson,-,B,All Others,2,President,
Monson,-,B,No Preference,0,President,
Monson,-,B,Blanks,9,President,
Monson,-,B,Total Votes Cast,1722,President,
Monson,-,C,Biden/ Harris,840,President,
Monson,-,C,Trump/ Pence,866,President,
Monson,-,C,Jorgensen/ Cohen,37,President,
Monson,-,C,Hawkins/ Walker,12,President,
Monson,-,C,All Others,4,President,
Monson,-,C,No Preference,0,President,
Monson,-,C,Blanks,11,President,
Monson,-,C,Total Votes Cast,1770,President,
Montague,-,1,Biden/ Harris,846,President,
Montague,-,1,Trump/ Pence,178,President,
Montague,-,1,Jorgensen/ Cohen,11,President,
Montague,-,1,Hawkins/ Walker,13,President,
Montague,-,1,All Others,5,President,
Montague,-,1,No Preference,0,President,
Montague,-,1,Blanks,3,President,
Montague,-,1,Total Votes Cast,1056,President,
Montague,-,2,Biden/ Harris,521,President,
Montague,-,2,Trump/ Pence,272,President,
Montague,-,2,Jorgensen/ Cohen,24,President,
Montague,-,2,Hawkins/ Walker,12,President,
Montague,-,2,All Others,8,President,
Montague,-,2,No Preference,0,President,
Montague,-,2,Blanks,3,President,
Montague,-,2,Total Votes Cast,840,President,
Montague,-,3,Biden/ Harris,554,President,
Montague,-,3,Trump/ Pence,211,President,
Montague,-,3,Jorgensen/ Cohen,14,President,
Montague,-,3,Hawkins/ Walker,3,President,
Montague,-,3,All Others,2,President,
Montague,-,3,No Preference,0,President,
Montague,-,3,Blanks,6,President,
Montague,-,3,Total Votes Cast,790,President,
Montague,-,4,Biden/ Harris,590,President,
Montague,-,4,Trump/ Pence,231,President,
Montague,-,4,Jorgensen/ Cohen,14,President,
Montague,-,4,Hawkins/ Walker,7,President,
Montague,-,4,All Others,3,President,
Montague,-,4,No Preference,0,President,
Montague,-,4,Blanks,7,President,
Montague,-,4,Total Votes Cast,852,President,
Montague,-,5,Biden/ Harris,480,President,
Montague,-,5,Trump/ Pence,128,President,
Montague,-,5,Jorgensen/ Cohen,8,President,
Montague,-,5,Hawkins/ Walker,12,President,
Montague,-,5,All Others,3,President,
Montague,-,5,No Preference,0,President,
Montague,-,5,Blanks,3,President,
Montague,-,5,Total Votes Cast,634,President,
Montague,-,6,Biden/ Harris,529,President,
Montague,-,6,Trump/ Pence,191,President,
Montague,-,6,Jorgensen/ Cohen,15,President,
Montague,-,6,Hawkins/ Walker,9,President,
Montague,-,6,All Others,4,President,
Montague,-,6,No Preference,0,President,
Montague,-,6,Blanks,5,President,
Montague,-,6,Total Votes Cast,753,President,
Monterey,-,1,Biden/ Harris,481,President,
Monterey,-,1,Trump/ Pence,102,President,
Monterey,-,1,Jorgensen/ Cohen,6,President,
Monterey,-,1,Hawkins/ Walker,2,President,
Monterey,-,1,All Others,1,President,
Monterey,-,1,No Preference,0,President,
Monterey,-,1,Blanks,4,President,
Monterey,-,1,Total Votes Cast,596,President,
Montgomery,-,1,Biden/ Harris,246,President,
Montgomery,-,1,Trump/ Pence,312,President,
Montgomery,-,1,Jorgensen/ Cohen,4,President,
Montgomery,-,1,Hawkins/ Walker,1,President,
Montgomery,-,1,All Others,1,President,
Montgomery,-,1,No Preference,0,President,
Montgomery,-,1,Blanks,1,President,
Montgomery,-,1,Total Votes Cast,565,President,
Mount Washington,-,1,Biden/ Harris,102,President,
Mount Washington,-,1,Trump/ Pence,16,President,
Mount Washington,-,1,Jorgensen/ Cohen,1,President,
Mount Washington,-,1,Hawkins/ Walker,4,President,
Mount Washington,-,1,All Others,2,President,
Mount Washington,-,1,No Preference,0,President,
Mount Washington,-,1,Blanks,3,President,
Mount Washington,-,1,Total Votes Cast,128,President,
N. Adams,1,1,Biden/ Harris,932,President,
N. Adams,1,1,Trump/ Pence,388,President,
N. Adams,1,1,Jorgensen/ Cohen,11,President,
N. Adams,1,1,Hawkins/ Walker,6,President,
N. Adams,1,1,All Others,0,President,
N. Adams,1,1,No Preference,0,President,
N. Adams,1,1,Blanks,12,President,
N. Adams,1,1,Total Votes Cast,1349,President,
N. Adams,2,2,Biden/ Harris,848,President,
N. Adams,2,2,Trump/ Pence,288,President,
N. Adams,2,2,Jorgensen/ Cohen,14,President,
N. Adams,2,2,Hawkins/ Walker,6,President,
N. Adams,2,2,All Others,0,President,
N. Adams,2,2,No Preference,0,President,
N. Adams,2,2,Blanks,10,President,
N. Adams,2,2,Total Votes Cast,1166,President,
N. Adams,3,3,Biden/ Harris,678,President,
N. Adams,3,3,Trump/ Pence,216,President,
N. Adams,3,3,Jorgensen/ Cohen,10,President,
N. Adams,3,3,Hawkins/ Walker,15,President,
N. Adams,3,3,All Others,0,President,
N. Adams,3,3,No Preference,0,President,
N. Adams,3,3,Blanks,9,President,
N. Adams,3,3,Total Votes Cast,928,President,
N. Adams,4,4,Biden/ Harris,957,President,
N. Adams,4,4,Trump/ Pence,390,President,
N. Adams,4,4,Jorgensen/ Cohen,16,President,
N. Adams,4,4,Hawkins/ Walker,7,President,
N. Adams,4,4,All Others,0,President,
N. Adams,4,4,No Preference,0,President,
N. Adams,4,4,Blanks,14,President,
N. Adams,4,4,Total Votes Cast,1384,President,
N. Adams,5,5,Biden/ Harris,801,President,
N. Adams,5,5,Trump/ Pence,318,President,
N. Adams,5,5,Jorgensen/ Cohen,21,President,
N. Adams,5,5,Hawkins/ Walker,10,President,
N. Adams,5,5,All Others,0,President,
N. Adams,5,5,No Preference,0,President,
N. Adams,5,5,Blanks,9,President,
N. Adams,5,5,Total Votes Cast,1159,President,
N. Andover,-,1,Biden/ Harris,1248,President,
N. Andover,-,1,Trump/ Pence,759,President,
N. Andover,-,1,Jorgensen/ Cohen,29,President,
N. Andover,-,1,Hawkins/ Walker,9,President,
N. Andover,-,1,All Others,9,President,
N. Andover,-,1,No Preference,0,President,
N. Andover,-,1,Blanks,15,President,
N. Andover,-,1,Total Votes Cast,2069,President,
N. Andover,-,2,Biden/ Harris,1373,President,
N. Andover,-,2,Trump/ Pence,838,President,
N. Andover,-,2,Jorgensen/ Cohen,39,President,
N. Andover,-,2,Hawkins/ Walker,12,President,
N. Andover,-,2,All Others,20,President,
N. Andover,-,2,No Preference,0,President,
N. Andover,-,2,Blanks,16,President,
N. Andover,-,2,Total Votes Cast,2298,President,
N. Andover,-,3,Biden/ Harris,1331,President,
N. Andover,-,3,Trump/ Pence,766,President,
N. Andover,-,3,Jorgensen/ Cohen,22,President,
N. Andover,-,3,Hawkins/ Walker,10,President,
N. Andover,-,3,All Others,13,President,
N. Andover,-,3,No Preference,0,President,
N. Andover,-,3,Blanks,9,President,
N. Andover,-,3,Total Votes Cast,2151,President,
N. Andover,-,4,Biden/ Harris,1691,President,
N. Andover,-,4,Trump/ Pence,915,President,
N. Andover,-,4,Jorgensen/ Cohen,25,President,
N. Andover,-,4,Hawkins/ Walker,5,President,
N. Andover,-,4,All Others,14,President,
N. Andover,-,4,No Preference,0,President,
N. Andover,-,4,Blanks,15,President,
N. Andover,-,4,Total Votes Cast,2665,President,
N. Andover,-,5,Biden/ Harris,988,President,
N. Andover,-,5,Trump/ Pence,537,President,
N. Andover,-,5,Jorgensen/ Cohen,16,President,
N. Andover,-,5,Hawkins/ Walker,3,President,
N. Andover,-,5,All Others,9,President,
N. Andover,-,5,No Preference,0,President,
N. Andover,-,5,Blanks,10,President,
N. Andover,-,5,Total Votes Cast,1563,President,
N. Andover,-,6,Biden/ Harris,1459,President,
N. Andover,-,6,Trump/ Pence,942,President,
N. Andover,-,6,Jorgensen/ Cohen,30,President,
N. Andover,-,6,Hawkins/ Walker,7,President,
N. Andover,-,6,All Others,23,President,
N. Andover,-,6,No Preference,0,President,
N. Andover,-,6,Blanks,20,President,
N. Andover,-,6,Total Votes Cast,2481,President,
N. Andover,-,7,Biden/ Harris,1516,President,
N. Andover,-,7,Trump/ Pence,817,President,
N. Andover,-,7,Jorgensen/ Cohen,31,President,
N. Andover,-,7,Hawkins/ Walker,14,President,
N. Andover,-,7,All Others,25,President,
N. Andover,-,7,No Preference,0,President,
N. Andover,-,7,Blanks,14,President,
N. Andover,-,7,Total Votes Cast,2417,President,
N. Andover,-,8,Biden/ Harris,1416,President,
N. Andover,-,8,Trump/ Pence,974,President,
N. Andover,-,8,Jorgensen/ Cohen,52,President,
N. Andover,-,8,Hawkins/ Walker,5,President,
N. Andover,-,8,All Others,20,President,
N. Andover,-,8,No Preference,0,President,
N. Andover,-,8,Blanks,11,President,
N. Andover,-,8,Total Votes Cast,2478,President,
N. Attleborough,-,1,Biden/ Harris,958,President,
N. Attleborough,-,1,Trump/ Pence,600,President,
N. Attleborough,-,1,Jorgensen/ Cohen,16,President,
N. Attleborough,-,1,Hawkins/ Walker,14,President,
N. Attleborough,-,1,All Others,4,President,
N. Attleborough,-,1,No Preference,0,President,
N. Attleborough,-,1,Blanks,8,President,
N. Attleborough,-,1,Total Votes Cast,1600,President,
N. Attleborough,-,2,Biden/ Harris,1113,President,
N. Attleborough,-,2,Trump/ Pence,797,President,
N. Attleborough,-,2,Jorgensen/ Cohen,34,President,
N. Attleborough,-,2,Hawkins/ Walker,8,President,
N. Attleborough,-,2,All Others,4,President,
N. Attleborough,-,2,No Preference,0,President,
N. Attleborough,-,2,Blanks,10,President,
N. Attleborough,-,2,Total Votes Cast,1966,President,
N. Attleborough,-,3,Biden/ Harris,1070,President,
N. Attleborough,-,3,Trump/ Pence,874,President,
N. Attleborough,-,3,Jorgensen/ Cohen,38,President,
N. Attleborough,-,3,Hawkins/ Walker,16,President,
N. Attleborough,-,3,All Others,4,President,
N. Attleborough,-,3,No Preference,0,President,
N. Attleborough,-,3,Blanks,20,President,
N. Attleborough,-,3,Total Votes Cast,2022,President,
N. Attleborough,-,4,Biden/ Harris,978,President,
N. Attleborough,-,4,Trump/ Pence,602,President,
N. Attleborough,-,4,Jorgensen/ Cohen,21,President,
N. Attleborough,-,4,Hawkins/ Walker,6,President,
N. Attleborough,-,4,All Others,4,President,
N. Attleborough,-,4,No Preference,0,President,
N. Attleborough,-,4,Blanks,5,President,
N. Attleborough,-,4,Total Votes Cast,1616,President,
N. Attleborough,-,5,Biden/ Harris,1003,President,
N. Attleborough,-,5,Trump/ Pence,760,President,
N. Attleborough,-,5,Jorgensen/ Cohen,21,President,
N. Attleborough,-,5,Hawkins/ Walker,15,President,
N. Attleborough,-,5,All Others,7,President,
N. Attleborough,-,5,No Preference,0,President,
N. Attleborough,-,5,Blanks,13,President,
N. Attleborough,-,5,Total Votes Cast,1819,President,
N. Attleborough,-,6,Biden/ Harris,1232,President,
N. Attleborough,-,6,Trump/ Pence,800,President,
N. Attleborough,-,6,Jorgensen/ Cohen,46,President,
N. Attleborough,-,6,Hawkins/ Walker,13,President,
N. Attleborough,-,6,All Others,9,President,
N. Attleborough,-,6,No Preference,0,President,
N. Attleborough,-,6,Blanks,15,President,
N. Attleborough,-,6,Total Votes Cast,2115,President,
N. Attleborough,-,7,Biden/ Harris,1188,President,
N. Attleborough,-,7,Trump/ Pence,900,President,
N. Attleborough,-,7,Jorgensen/ Cohen,24,President,
N. Attleborough,-,7,Hawkins/ Walker,6,President,
N. Attleborough,-,7,All Others,16,President,
N. Attleborough,-,7,No Preference,0,President,
N. Attleborough,-,7,Blanks,12,President,
N. Attleborough,-,7,Total Votes Cast,2146,President,
N. Attleborough,-,8,Biden/ Harris,1126,President,
N. Attleborough,-,8,Trump/ Pence,851,President,
N. Attleborough,-,8,Jorgensen/ Cohen,33,President,
N. Attleborough,-,8,Hawkins/ Walker,8,President,
N. Attleborough,-,8,All Others,7,President,
N. Attleborough,-,8,No Preference,0,President,
N. Attleborough,-,8,Blanks,12,President,
N. Attleborough,-,8,Total Votes Cast,2037,President,
N. Attleborough,-,9,Biden/ Harris,1056,President,
N. Attleborough,-,9,Trump/ Pence,866,President,
N. Attleborough,-,9,Jorgensen/ Cohen,29,President,
N. Attleborough,-,9,Hawkins/ Walker,10,President,
N. Attleborough,-,9,All Others,4,President,
N. Attleborough,-,9,No Preference,0,President,
N. Attleborough,-,9,Blanks,14,President,
N. Attleborough,-,9,Total Votes Cast,1979,President,
N. Brookfield,-,1,Biden/ Harris,1181,President,
N. Brookfield,-,1,Trump/ Pence,1459,President,
N. Brookfield,-,1,Jorgensen/ Cohen,54,President,
N. Brookfield,-,1,Hawkins/ Walker,10,President,
N. Brookfield,-,1,All Others,11,President,
N. Brookfield,-,1,No Preference,0,President,
N. Brookfield,-,1,Blanks,16,President,
N. Brookfield,-,1,Total Votes Cast,2731,President,
N. Reading,-,1,Biden/ Harris,1412,President,
N. Reading,-,1,Trump/ Pence,1124,President,
N. Reading,-,1,Jorgensen/ Cohen,36,President,
N. Reading,-,1,Hawkins/ Walker,9,President,
N. Reading,-,1,All Others,17,President,
N. Reading,-,1,No Preference,0,President,
N. Reading,-,1,Blanks,14,President,
N. Reading,-,1,Total Votes Cast,2612,President,
N. Reading,-,2,Biden/ Harris,1398,President,
N. Reading,-,2,Trump/ Pence,937,President,
N. Reading,-,2,Jorgensen/ Cohen,34,President,
N. Reading,-,2,Hawkins/ Walker,5,President,
N. Reading,-,2,All Others,16,President,
N. Reading,-,2,No Preference,0,President,
N. Reading,-,2,Blanks,21,President,
N. Reading,-,2,Total Votes Cast,2411,President,
N. Reading,-,3,Biden/ Harris,1371,President,
N. Reading,-,3,Trump/ Pence,1012,President,
N. Reading,-,3,Jorgensen/ Cohen,35,President,
N. Reading,-,3,Hawkins/ Walker,6,President,
N. Reading,-,3,All Others,11,President,
N. Reading,-,3,No Preference,0,President,
N. Reading,-,3,Blanks,20,President,
N. Reading,-,3,Total Votes Cast,2455,President,
N. Reading,-,4,Biden/ Harris,1404,President,
N. Reading,-,4,Trump/ Pence,1043,President,
N. Reading,-,4,Jorgensen/ Cohen,35,President,
N. Reading,-,4,Hawkins/ Walker,15,President,
N. Reading,-,4,All Others,10,President,
N. Reading,-,4,No Preference,0,President,
N. Reading,-,4,Blanks,22,President,
N. Reading,-,4,Total Votes Cast,2529,President,
Nahant,-,1,Biden/ Harris,1629,President,
Nahant,-,1,Trump/ Pence,842,President,
Nahant,-,1,Jorgensen/ Cohen,30,President,
Nahant,-,1,Hawkins/ Walker,7,President,
Nahant,-,1,All Others,16,President,
Nahant,-,1,No Preference,0,President,
Nahant,-,1,Blanks,9,President,
Nahant,-,1,Total Votes Cast,2533,President,
Nantucket,-,1,Biden/ Harris,5241,President,
Nantucket,-,1,Trump/ Pence,1914,President,
Nantucket,-,1,Jorgensen/ Cohen,81,President,
Nantucket,-,1,Hawkins/ Walker,41,President,
Nantucket,-,1,All Others,29,President,
Nantucket,-,1,No Preference,0,President,
Nantucket,-,1,Blanks,32,President,
Nantucket,-,1,Total Votes Cast,7338,President,
Natick,-,1,Biden/ Harris,1106,President,
Natick,-,1,Trump/ Pence,299,President,
Natick,-,1,Jorgensen/ Cohen,13,President,
Natick,-,1,Hawkins/ Walker,7,President,
Natick,-,1,All Others,2,President,
Natick,-,1,No Preference,0,President,
Natick,-,1,Blanks,11,President,
Natick,-,1,Total Votes Cast,1438,President,
Natick,-,10,Biden/ Harris,1982,President,
Natick,-,10,Trump/ Pence,591,President,
Natick,-,10,Jorgensen/ Cohen,31,President,
Natick,-,10,Hawkins/ Walker,12,President,
Natick,-,10,All Others,19,President,
Natick,-,10,No Preference,0,President,
Natick,-,10,Blanks,14,President,
Natick,-,10,Total Votes Cast,2649,President,
Natick,-,2,Biden/ Harris,1744,President,
Natick,-,2,Trump/ Pence,534,President,
Natick,-,2,Jorgensen/ Cohen,28,President,
Natick,-,2,Hawkins/ Walker,18,President,
Natick,-,2,All Others,12,President,
Natick,-,2,No Preference,0,President,
Natick,-,2,Blanks,26,President,
Natick,-,2,Total Votes Cast,2362,President,
Natick,-,3,Biden/ Harris,1615,President,
Natick,-,3,Trump/ Pence,552,President,
Natick,-,3,Jorgensen/ Cohen,28,President,
Natick,-,3,Hawkins/ Walker,8,President,
Natick,-,3,All Others,20,President,
Natick,-,3,No Preference,0,President,
Natick,-,3,Blanks,11,President,
Natick,-,3,Total Votes Cast,2234,President,
Natick,-,4,Biden/ Harris,1580,President,
Natick,-,4,Trump/ Pence,476,President,
Natick,-,4,Jorgensen/ Cohen,40,President,
Natick,-,4,Hawkins/ Walker,5,President,
Natick,-,4,All Others,8,President,
Natick,-,4,No Preference,0,President,
Natick,-,4,Blanks,23,President,
Natick,-,4,Total Votes Cast,2132,President,
Natick,-,5,Biden/ Harris,1569,President,
Natick,-,5,Trump/ Pence,564,President,
Natick,-,5,Jorgensen/ Cohen,25,President,
Natick,-,5,Hawkins/ Walker,11,President,
Natick,-,5,All Others,9,President,
Natick,-,5,No Preference,0,President,
Natick,-,5,Blanks,14,President,
Natick,-,5,Total Votes Cast,2192,President,
Natick,-,6,Biden/ Harris,1566,President,
Natick,-,6,Trump/ Pence,542,President,
Natick,-,6,Jorgensen/ Cohen,22,President,
Natick,-,6,Hawkins/ Walker,7,President,
Natick,-,6,All Others,10,President,
Natick,-,6,No Preference,0,President,
Natick,-,6,Blanks,19,President,
Natick,-,6,Total Votes Cast,2166,President,
Natick,-,7,Biden/ Harris,1763,President,
Natick,-,7,Trump/ Pence,444,President,
Natick,-,7,Jorgensen/ Cohen,15,President,
Natick,-,7,Hawkins/ Walker,5,President,
Natick,-,7,All Others,27,President,
Natick,-,7,No Preference,0,President,
Natick,-,7,Blanks,17,President,
Natick,-,7,Total Votes Cast,2271,President,
Natick,-,8,Biden/ Harris,1744,President,
Natick,-,8,Trump/ Pence,535,President,
Natick,-,8,Jorgensen/ Cohen,28,President,
Natick,-,8,Hawkins/ Walker,7,President,
Natick,-,8,All Others,9,President,
Natick,-,8,No Preference,0,President,
Natick,-,8,Blanks,21,President,
Natick,-,8,Total Votes Cast,2344,President,
Natick,-,9,Biden/ Harris,1661,President,
Natick,-,9,Trump/ Pence,434,President,
Natick,-,9,Jorgensen/ Cohen,24,President,
Natick,-,9,Hawkins/ Walker,7,President,
Natick,-,9,All Others,18,President,
Natick,-,9,No Preference,0,President,
Natick,-,9,Blanks,10,President,
Natick,-,9,Total Votes Cast,2154,President,
Needham,-,A,Biden/ Harris,1309,President,
Needham,-,A,Trump/ Pence,440,President,
Needham,-,A,Jorgensen/ Cohen,28,President,
Needham,-,A,Hawkins/ Walker,11,President,
Needham,-,A,All Others,12,President,
Needham,-,A,No Preference,0,President,
Needham,-,A,Blanks,16,President,
Needham,-,A,Total Votes Cast,1816,President,
Needham,-,B,Biden/ Harris,1524,President,
Needham,-,B,Trump/ Pence,449,President,
Needham,-,B,Jorgensen/ Cohen,30,President,
Needham,-,B,Hawkins/ Walker,5,President,
Needham,-,B,All Others,20,President,
Needham,-,B,No Preference,0,President,
Needham,-,B,Blanks,18,President,
Needham,-,B,Total Votes Cast,2046,President,
Needham,-,C,Biden/ Harris,1491,President,
Needham,-,C,Trump/ Pence,383,President,
Needham,-,C,Jorgensen/ Cohen,17,President,
Needham,-,C,Hawkins/ Walker,1,President,
Needham,-,C,All Others,17,President,
Needham,-,C,No Preference,0,President,
Needham,-,C,Blanks,11,President,
Needham,-,C,Total Votes Cast,1920,President,
Needham,-,D,Biden/ Harris,1542,President,
Needham,-,D,Trump/ Pence,409,President,
Needham,-,D,Jorgensen/ Cohen,21,President,
Needham,-,D,Hawkins/ Walker,8,President,
Needham,-,D,All Others,19,President,
Needham,-,D,No Preference,0,President,
Needham,-,D,Blanks,14,President,
Needham,-,D,Total Votes Cast,2013,President,
Needham,-,E,Biden/ Harris,1609,President,
Needham,-,E,Trump/ Pence,432,President,
Needham,-,E,Jorgensen/ Cohen,32,President,
Needham,-,E,Hawkins/ Walker,5,President,
Needham,-,E,All Others,21,President,
Needham,-,E,No Preference,0,President,
Needham,-,E,Blanks,13,President,
Needham,-,E,Total Votes Cast,2112,President,
Needham,-,F,Biden/ Harris,1528,President,
Needham,-,F,Trump/ Pence,379,President,
Needham,-,F,Jorgensen/ Cohen,13,President,
Needham,-,F,Hawkins/ Walker,8,President,
Needham,-,F,All Others,9,President,
Needham,-,F,No Preference,0,President,
Needham,-,F,Blanks,14,President,
Needham,-,F,Total Votes Cast,1951,President,
Needham,-,G,Biden/ Harris,1521,President,
Needham,-,G,Trump/ Pence,370,President,
Needham,-,G,Jorgensen/ Cohen,28,President,
Needham,-,G,Hawkins/ Walker,10,President,
Needham,-,G,All Others,16,President,
Needham,-,G,No Preference,0,President,
Needham,-,G,Blanks,19,President,
Needham,-,G,Total Votes Cast,1964,President,
Needham,-,H,Biden/ Harris,1638,President,
Needham,-,H,Trump/ Pence,465,President,
Needham,-,H,Jorgensen/ Cohen,28,President,
Needham,-,H,Hawkins/ Walker,4,President,
Needham,-,H,All Others,20,President,
Needham,-,H,No Preference,0,President,
Needham,-,H,Blanks,14,President,
Needham,-,H,Total Votes Cast,2169,President,
Needham,-,I,Biden/ Harris,1693,President,
Needham,-,I,Trump/ Pence,314,President,
Needham,-,I,Jorgensen/ Cohen,19,President,
Needham,-,I,Hawkins/ Walker,4,President,
Needham,-,I,All Others,19,President,
Needham,-,I,No Preference,0,President,
Needham,-,I,Blanks,14,President,
Needham,-,I,Total Votes Cast,2063,President,
Needham,-,J,Biden/ Harris,1718,President,
Needham,-,J,Trump/ Pence,437,President,
Needham,-,J,Jorgensen/ Cohen,19,President,
Needham,-,J,Hawkins/ Walker,6,President,
Needham,-,J,All Others,12,President,
Needham,-,J,No Preference,0,President,
Needham,-,J,Blanks,17,President,
Needham,-,J,Total Votes Cast,2209,President,
New Ashford,-,1,Biden/ Harris,98,President,
New Ashford,-,1,Trump/ Pence,48,President,
New Ashford,-,1,Jorgensen/ Cohen,4,President,
New Ashford,-,1,Hawkins/ Walker,1,President,
New Ashford,-,1,All Others,0,President,
New Ashford,-,1,No Preference,0,President,
New Ashford,-,1,Blanks,4,President,
New Ashford,-,1,Total Votes Cast,155,President,
New Bedford,1,A,Biden/ Harris,818,President,
New Bedford,1,A,Trump/ Pence,658,President,
New Bedford,1,A,Jorgensen/ Cohen,11,President,
New Bedford,1,A,Hawkins/ Walker,10,President,
New Bedford,1,A,All Others,6,President,
New Bedford,1,A,No Preference,0,President,
New Bedford,1,A,Blanks,13,President,
New Bedford,1,A,Total Votes Cast,1516,President,
New Bedford,1,B,Biden/ Harris,682,President,
New Bedford,1,B,Trump/ Pence,586,President,
New Bedford,1,B,Jorgensen/ Cohen,16,President,
New Bedford,1,B,Hawkins/ Walker,7,President,
New Bedford,1,B,All Others,0,President,
New Bedford,1,B,No Preference,0,President,
New Bedford,1,B,Blanks,9,President,
New Bedford,1,B,Total Votes Cast,1300,President,
New Bedford,1,C,Biden/ Harris,639,President,
New Bedford,1,C,Trump/ Pence,555,President,
New Bedford,1,C,Jorgensen/ Cohen,10,President,
New Bedford,1,C,Hawkins/ Walker,4,President,
New Bedford,1,C,All Others,2,President,
New Bedford,1,C,No Preference,0,President,
New Bedford,1,C,Blanks,4,President,
New Bedford,1,C,Total Votes Cast,1214,President,
New Bedford,1,D,Biden/ Harris,706,President,
New Bedford,1,D,Trump/ Pence,662,President,
New Bedford,1,D,Jorgensen/ Cohen,13,President,
New Bedford,1,D,Hawkins/ Walker,8,President,
New Bedford,1,D,All Others,1,President,
New Bedford,1,D,No Preference,0,President,
New Bedford,1,D,Blanks,5,President,
New Bedford,1,D,Total Votes Cast,1395,President,
New Bedford,1,E,Biden/ Harris,701,President,
New Bedford,1,E,Trump/ Pence,517,President,
New Bedford,1,E,Jorgensen/ Cohen,13,President,
New Bedford,1,E,Hawkins/ Walker,4,President,
New Bedford,1,E,All Others,2,President,
New Bedford,1,E,No Preference,0,President,
New Bedford,1,E,Blanks,8,President,
New Bedford,1,E,Total Votes Cast,1245,President,
New Bedford,1,F,Biden/ Harris,433,President,
New Bedford,1,F,Trump/ Pence,584,President,
New Bedford,1,F,Jorgensen/ Cohen,10,President,
New Bedford,1,F,Hawkins/ Walker,1,President,
New Bedford,1,F,All Others,3,President,
New Bedford,1,F,No Preference,0,President,
New Bedford,1,F,Blanks,6,President,
New Bedford,1,F,Total Votes Cast,1037,President,
New Bedford,2,A,Biden/ Harris,213,President,
New Bedford,2,A,Trump/ Pence,118,President,
New Bedford,2,A,Jorgensen/ Cohen,5,President,
New Bedford,2,A,Hawkins/ Walker,4,President,
New Bedford,2,A,All Others,4,President,
New Bedford,2,A,No Preference,0,President,
New Bedford,2,A,Blanks,0,President,
New Bedford,2,A,Total Votes Cast,344,President,
New Bedford,2,B,Biden/ Harris,494,President,
New Bedford,2,B,Trump/ Pence,303,President,
New Bedford,2,B,Jorgensen/ Cohen,9,President,
New Bedford,2,B,Hawkins/ Walker,5,President,
New Bedford,2,B,All Others,2,President,
New Bedford,2,B,No Preference,0,President,
New Bedford,2,B,Blanks,2,President,
New Bedford,2,B,Total Votes Cast,815,President,
New Bedford,2,C,Biden/ Harris,395,President,
New Bedford,2,C,Trump/ Pence,270,President,
New Bedford,2,C,Jorgensen/ Cohen,10,President,
New Bedford,2,C,Hawkins/ Walker,7,President,
New Bedford,2,C,All Others,3,President,
New Bedford,2,C,No Preference,0,President,
New Bedford,2,C,Blanks,0,President,
New Bedford,2,C,Total Votes Cast,685,President,
New Bedford,2,D,Biden/ Harris,424,President,
New Bedford,2,D,Trump/ Pence,353,President,
New Bedford,2,D,Jorgensen/ Cohen,12,President,
New Bedford,2,D,Hawkins/ Walker,5,President,
New Bedford,2,D,All Others,3,President,
New Bedford,2,D,No Preference,0,President,
New Bedford,2,D,Blanks,6,President,
New Bedford,2,D,Total Votes Cast,803,President,
New Bedford,2,E,Biden/ Harris,574,President,
New Bedford,2,E,Trump/ Pence,473,President,
New Bedford,2,E,Jorgensen/ Cohen,11,President,
New Bedford,2,E,Hawkins/ Walker,4,President,
New Bedford,2,E,All Others,3,President,
New Bedford,2,E,No Preference,0,President,
New Bedford,2,E,Blanks,5,President,
New Bedford,2,E,Total Votes Cast,1070,President,
New Bedford,2,F,Biden/ Harris,583,President,
New Bedford,2,F,Trump/ Pence,432,President,
New Bedford,2,F,Jorgensen/ Cohen,15,President,
New Bedford,2,F,Hawkins/ Walker,6,President,
New Bedford,2,F,All Others,1,President,
New Bedford,2,F,No Preference,0,President,
New Bedford,2,F,Blanks,5,President,
New Bedford,2,F,Total Votes Cast,1042,President,
New Bedford,3,A,Biden/ Harris,400,President,
New Bedford,3,A,Trump/ Pence,174,President,
New Bedford,3,A,Jorgensen/ Cohen,8,President,
New Bedford,3,A,Hawkins/ Walker,6,President,
New Bedford,3,A,All Others,5,President,
New Bedford,3,A,No Preference,0,President,
New Bedford,3,A,Blanks,5,President,
New Bedford,3,A,Total Votes Cast,598,President,
New Bedford,3,B,Biden/ Harris,457,President,
New Bedford,3,B,Trump/ Pence,207,President,
New Bedford,3,B,Jorgensen/ Cohen,6,President,
New Bedford,3,B,Hawkins/ Walker,3,President,
New Bedford,3,B,All Others,1,President,
New Bedford,3,B,No Preference,0,President,
New Bedford,3,B,Blanks,5,President,
New Bedford,3,B,Total Votes Cast,679,President,
New Bedford,3,C,Biden/ Harris,401,President,
New Bedford,3,C,Trump/ Pence,237,President,
New Bedford,3,C,Jorgensen/ Cohen,6,President,
New Bedford,3,C,Hawkins/ Walker,2,President,
New Bedford,3,C,All Others,2,President,
New Bedford,3,C,No Preference,0,President,
New Bedford,3,C,Blanks,10,President,
New Bedford,3,C,Total Votes Cast,658,President,
New Bedford,3,D,Biden/ Harris,510,President,
New Bedford,3,D,Trump/ Pence,320,President,
New Bedford,3,D,Jorgensen/ Cohen,5,President,
New Bedford,3,D,Hawkins/ Walker,6,President,
New Bedford,3,D,All Others,1,President,
New Bedford,3,D,No Preference,0,President,
New Bedford,3,D,Blanks,9,President,
New Bedford,3,D,Total Votes Cast,851,President,
New Bedford,3,E,Biden/ Harris,768,President,
New Bedford,3,E,Trump/ Pence,494,President,
New Bedford,3,E,Jorgensen/ Cohen,16,President,
New Bedford,3,E,Hawkins/ Walker,5,President,
New Bedford,3,E,All Others,3,President,
New Bedford,3,E,No Preference,0,President,
New Bedford,3,E,Blanks,5,President,
New Bedford,3,E,Total Votes Cast,1291,President,
New Bedford,3,F,Biden/ Harris,766,President,
New Bedford,3,F,Trump/ Pence,424,President,
New Bedford,3,F,Jorgensen/ Cohen,8,President,
New Bedford,3,F,Hawkins/ Walker,4,President,
New Bedford,3,F,All Others,1,President,
New Bedford,3,F,No Preference,0,President,
New Bedford,3,F,Blanks,11,President,
New Bedford,3,F,Total Votes Cast,1214,President,
New Bedford,4,A,Biden/ Harris,476,President,
New Bedford,4,A,Trump/ Pence,164,President,
New Bedford,4,A,Jorgensen/ Cohen,6,President,
New Bedford,4,A,Hawkins/ Walker,3,President,
New Bedford,4,A,All Others,0,President,
New Bedford,4,A,No Preference,0,President,
New Bedford,4,A,Blanks,4,President,
New Bedford,4,A,Total Votes Cast,653,President,
New Bedford,4,B,Biden/ Harris,865,President,
New Bedford,4,B,Trump/ Pence,294,President,
New Bedford,4,B,Jorgensen/ Cohen,7,President,
New Bedford,4,B,Hawkins/ Walker,4,President,
New Bedford,4,B,All Others,6,President,
New Bedford,4,B,No Preference,0,President,
New Bedford,4,B,Blanks,5,President,
New Bedford,4,B,Total Votes Cast,1181,President,
New Bedford,4,C,Biden/ Harris,814,President,
New Bedford,4,C,Trump/ Pence,255,President,
New Bedford,4,C,Jorgensen/ Cohen,15,President,
New Bedford,4,C,Hawkins/ Walker,9,President,
New Bedford,4,C,All Others,1,President,
New Bedford,4,C,No Preference,0,President,
New Bedford,4,C,Blanks,9,President,
New Bedford,4,C,Total Votes Cast,1103,President,
New Bedford,4,D,Biden/ Harris,648,President,
New Bedford,4,D,Trump/ Pence,248,President,
New Bedford,4,D,Jorgensen/ Cohen,5,President,
New Bedford,4,D,Hawkins/ Walker,9,President,
New Bedford,4,D,All Others,5,President,
New Bedford,4,D,No Preference,0,President,
New Bedford,4,D,Blanks,5,President,
New Bedford,4,D,Total Votes Cast,920,President,
New Bedford,4,E,Biden/ Harris,597,President,
New Bedford,4,E,Trump/ Pence,313,President,
New Bedford,4,E,Jorgensen/ Cohen,17,President,
New Bedford,4,E,Hawkins/ Walker,4,President,
New Bedford,4,E,All Others,3,President,
New Bedford,4,E,No Preference,0,President,
New Bedford,4,E,Blanks,7,President,
New Bedford,4,E,Total Votes Cast,941,President,
New Bedford,4,F,Biden/ Harris,652,President,
New Bedford,4,F,Trump/ Pence,259,President,
New Bedford,4,F,Jorgensen/ Cohen,9,President,
New Bedford,4,F,Hawkins/ Walker,5,President,
New Bedford,4,F,All Others,3,President,
New Bedford,4,F,No Preference,0,President,
New Bedford,4,F,Blanks,3,President,
New Bedford,4,F,Total Votes Cast,931,President,
New Bedford,5,A,Biden/ Harris,490,President,
New Bedford,5,A,Trump/ Pence,255,President,
New Bedford,5,A,Jorgensen/ Cohen,5,President,
New Bedford,5,A,Hawkins/ Walker,5,President,
New Bedford,5,A,All Others,2,President,
New Bedford,5,A,No Preference,0,President,
New Bedford,5,A,Blanks,3,President,
New Bedford,5,A,Total Votes Cast,760,President,
New Bedford,5,B,Biden/ Harris,776,President,
New Bedford,5,B,Trump/ Pence,301,President,
New Bedford,5,B,Jorgensen/ Cohen,8,President,
New Bedford,5,B,Hawkins/ Walker,8,President,
New Bedford,5,B,All Others,5,President,
New Bedford,5,B,No Preference,0,President,
New Bedford,5,B,Blanks,5,President,
New Bedford,5,B,Total Votes Cast,1103,President,
New Bedford,5,C,Biden/ Harris,552,President,
New Bedford,5,C,Trump/ Pence,375,President,
New Bedford,5,C,Jorgensen/ Cohen,3,President,
New Bedford,5,C,Hawkins/ Walker,4,President,
New Bedford,5,C,All Others,7,President,
New Bedford,5,C,No Preference,0,President,
New Bedford,5,C,Blanks,5,President,
New Bedford,5,C,Total Votes Cast,946,President,
New Bedford,5,D,Biden/ Harris,893,President,
New Bedford,5,D,Trump/ Pence,345,President,
New Bedford,5,D,Jorgensen/ Cohen,17,President,
New Bedford,5,D,Hawkins/ Walker,12,President,
New Bedford,5,D,All Others,5,President,
New Bedford,5,D,No Preference,0,President,
New Bedford,5,D,Blanks,5,President,
New Bedford,5,D,Total Votes Cast,1277,President,
New Bedford,5,E,Biden/ Harris,943,President,
New Bedford,5,E,Trump/ Pence,528,President,
New Bedford,5,E,Jorgensen/ Cohen,16,President,
New Bedford,5,E,Hawkins/ Walker,9,President,
New Bedford,5,E,All Others,7,President,
New Bedford,5,E,No Preference,0,President,
New Bedford,5,E,Blanks,8,President,
New Bedford,5,E,Total Votes Cast,1511,President,
New Bedford,5,F,Biden/ Harris,904,President,
New Bedford,5,F,Trump/ Pence,510,President,
New Bedford,5,F,Jorgensen/ Cohen,13,President,
New Bedford,5,F,Hawkins/ Walker,6,President,
New Bedford,5,F,All Others,3,President,
New Bedford,5,F,No Preference,0,President,
New Bedford,5,F,Blanks,9,President,
New Bedford,5,F,Total Votes Cast,1445,President,
New Bedford,6,A,Biden/ Harris,662,President,
New Bedford,6,A,Trump/ Pence,455,President,
New Bedford,6,A,Jorgensen/ Cohen,10,President,
New Bedford,6,A,Hawkins/ Walker,4,President,
New Bedford,6,A,All Others,1,President,
New Bedford,6,A,No Preference,0,President,
New Bedford,6,A,Blanks,9,President,
New Bedford,6,A,Total Votes Cast,1141,President,
New Bedford,6,B,Biden/ Harris,586,President,
New Bedford,6,B,Trump/ Pence,455,President,
New Bedford,6,B,Jorgensen/ Cohen,7,President,
New Bedford,6,B,Hawkins/ Walker,5,President,
New Bedford,6,B,All Others,3,President,
New Bedford,6,B,No Preference,0,President,
New Bedford,6,B,Blanks,3,President,
New Bedford,6,B,Total Votes Cast,1059,President,
New Bedford,6,C,Biden/ Harris,300,President,
New Bedford,6,C,Trump/ Pence,144,President,
New Bedford,6,C,Jorgensen/ Cohen,5,President,
New Bedford,6,C,Hawkins/ Walker,3,President,
New Bedford,6,C,All Others,0,President,
New Bedford,6,C,No Preference,0,President,
New Bedford,6,C,Blanks,3,President,
New Bedford,6,C,Total Votes Cast,455,President,
New Bedford,6,D,Biden/ Harris,268,President,
New Bedford,6,D,Trump/ Pence,181,President,
New Bedford,6,D,Jorgensen/ Cohen,8,President,
New Bedford,6,D,Hawkins/ Walker,2,President,
New Bedford,6,D,All Others,1,President,
New Bedford,6,D,No Preference,0,President,
New Bedford,6,D,Blanks,5,President,
New Bedford,6,D,Total Votes Cast,465,President,
New Bedford,6,E,Biden/ Harris,381,President,
New Bedford,6,E,Trump/ Pence,238,President,
New Bedford,6,E,Jorgensen/ Cohen,11,President,
New Bedford,6,E,Hawkins/ Walker,7,President,
New Bedford,6,E,All Others,3,President,
New Bedford,6,E,No Preference,0,President,
New Bedford,6,E,Blanks,4,President,
New Bedford,6,E,Total Votes Cast,644,President,
New Bedford,6,F,Biden/ Harris,496,President,
New Bedford,6,F,Trump/ Pence,277,President,
New Bedford,6,F,Jorgensen/ Cohen,8,President,
New Bedford,6,F,Hawkins/ Walker,4,President,
New Bedford,6,F,All Others,0,President,
New Bedford,6,F,No Preference,0,President,
New Bedford,6,F,Blanks,8,President,
New Bedford,6,F,Total Votes Cast,793,President,
New Braintree,-,1,Biden/ Harris,319,President,
New Braintree,-,1,Trump/ Pence,337,President,
New Braintree,-,1,Jorgensen/ Cohen,9,President,
New Braintree,-,1,Hawkins/ Walker,4,President,
New Braintree,-,1,All Others,2,President,
New Braintree,-,1,No Preference,0,President,
New Braintree,-,1,Blanks,5,President,
New Braintree,-,1,Total Votes Cast,676,President,
New Marlborough,-,1,Biden/ Harris,678,President,
New Marlborough,-,1,Trump/ Pence,264,President,
New Marlborough,-,1,Jorgensen/ Cohen,13,President,
New Marlborough,-,1,Hawkins/ Walker,4,President,
New Marlborough,-,1,All Others,0,President,
New Marlborough,-,1,No Preference,0,President,
New Marlborough,-,1,Blanks,7,President,
New Marlborough,-,1,Total Votes Cast,966,President,
New Salem,-,1,Biden/ Harris,419,President,
New Salem,-,1,Trump/ Pence,237,President,
New Salem,-,1,Jorgensen/ Cohen,8,President,
New Salem,-,1,Hawkins/ Walker,12,President,
New Salem,-,1,All Others,5,President,
New Salem,-,1,No Preference,0,President,
New Salem,-,1,Blanks,0,President,
New Salem,-,1,Total Votes Cast,681,President,
Newbury,-,1,Biden/ Harris,1631,President,
Newbury,-,1,Trump/ Pence,817,President,
Newbury,-,1,Jorgensen/ Cohen,44,President,
Newbury,-,1,Hawkins/ Walker,11,President,
Newbury,-,1,All Others,8,President,
Newbury,-,1,No Preference,0,President,
Newbury,-,1,Blanks,9,President,
Newbury,-,1,Total Votes Cast,2520,President,
Newbury,-,2,Biden/ Harris,1507,President,
Newbury,-,2,Trump/ Pence,937,President,
Newbury,-,2,Jorgensen/ Cohen,46,President,
Newbury,-,2,Hawkins/ Walker,12,President,
Newbury,-,2,All Others,12,President,
Newbury,-,2,No Preference,0,President,
Newbury,-,2,Blanks,7,President,
Newbury,-,2,Total Votes Cast,2521,President,
Newburyport,1,1,Biden/ Harris,1246,President,
Newburyport,1,1,Trump/ Pence,329,President,
Newburyport,1,1,Jorgensen/ Cohen,24,President,
Newburyport,1,1,Hawkins/ Walker,6,President,
Newburyport,1,1,All Others,0,President,
Newburyport,1,1,No Preference,0,President,
Newburyport,1,1,Blanks,30,President,
Newburyport,1,1,Total Votes Cast,1635,President,
Newburyport,1,P,Biden/ Harris,315,President,
Newburyport,1,P,Trump/ Pence,191,President,
Newburyport,1,P,Jorgensen/ Cohen,8,President,
Newburyport,1,P,Hawkins/ Walker,1,President,
Newburyport,1,P,All Others,0,President,
Newburyport,1,P,No Preference,0,President,
Newburyport,1,P,Blanks,8,President,
Newburyport,1,P,Total Votes Cast,523,President,
Newburyport,2,1,Biden/ Harris,1666,President,
Newburyport,2,1,Trump/ Pence,395,President,
Newburyport,2,1,Jorgensen/ Cohen,31,President,
Newburyport,2,1,Hawkins/ Walker,8,President,
Newburyport,2,1,All Others,0,President,
Newburyport,2,1,No Preference,0,President,
Newburyport,2,1,Blanks,26,President,
Newburyport,2,1,Total Votes Cast,2126,President,
Newburyport,3,1,Biden/ Harris,1640,President,
Newburyport,3,1,Trump/ Pence,487,President,
Newburyport,3,1,Jorgensen/ Cohen,24,President,
Newburyport,3,1,Hawkins/ Walker,9,President,
Newburyport,3,1,All Others,0,President,
Newburyport,3,1,No Preference,0,President,
Newburyport,3,1,Blanks,26,President,
Newburyport,3,1,Total Votes Cast,2186,President,
Newburyport,4,1,Biden/ Harris,1758,President,
Newburyport,4,1,Trump/ Pence,560,President,
Newburyport,4,1,Jorgensen/ Cohen,29,President,
Newburyport,4,1,Hawkins/ Walker,6,President,
Newburyport,4,1,All Others,0,President,
Newburyport,4,1,No Preference,0,President,
Newburyport,4,1,Blanks,28,President,
Newburyport,4,1,Total Votes Cast,2381,President,
Newburyport,5,1,Biden/ Harris,1246,President,
Newburyport,5,1,Trump/ Pence,630,President,
Newburyport,5,1,Jorgensen/ Cohen,34,President,
Newburyport,5,1,Hawkins/ Walker,11,President,
Newburyport,5,1,All Others,0,President,
Newburyport,5,1,No Preference,0,President,
Newburyport,5,1,Blanks,31,President,
Newburyport,5,1,Total Votes Cast,1952,President,
Newburyport,6,1,Biden/ Harris,1353,President,
Newburyport,6,1,Trump/ Pence,661,President,
Newburyport,6,1,Jorgensen/ Cohen,28,President,
Newburyport,6,1,Hawkins/ Walker,12,President,
Newburyport,6,1,All Others,0,President,
Newburyport,6,1,No Preference,0,President,
Newburyport,6,1,Blanks,40,President,
Newburyport,6,1,Total Votes Cast,2094,President,
Newton,1,1,Biden/ Harris,1079,President,
Newton,1,1,Trump/ Pence,390,President,
Newton,1,1,Jorgensen/ Cohen,15,President,
Newton,1,1,Hawkins/ Walker,7,President,
Newton,1,1,All Others,10,President,
Newton,1,1,No Preference,0,President,
Newton,1,1,Blanks,10,President,
Newton,1,1,Total Votes Cast,1511,President,
Newton,1,2,Biden/ Harris,1298,President,
Newton,1,2,Trump/ Pence,198,President,
Newton,1,2,Jorgensen/ Cohen,13,President,
Newton,1,2,Hawkins/ Walker,9,President,
Newton,1,2,All Others,6,President,
Newton,1,2,No Preference,0,President,
Newton,1,2,Blanks,4,President,
Newton,1,2,Total Votes Cast,1528,President,
Newton,1,3,Biden/ Harris,1408,President,
Newton,1,3,Trump/ Pence,177,President,
Newton,1,3,Jorgensen/ Cohen,20,President,
Newton,1,3,Hawkins/ Walker,7,President,
Newton,1,3,All Others,16,President,
Newton,1,3,No Preference,0,President,
Newton,1,3,Blanks,6,President,
Newton,1,3,Total Votes Cast,1634,President,
Newton,1,4,Biden/ Harris,1117,President,
Newton,1,4,Trump/ Pence,435,President,
Newton,1,4,Jorgensen/ Cohen,14,President,
Newton,1,4,Hawkins/ Walker,9,President,
Newton,1,4,All Others,17,President,
Newton,1,4,No Preference,0,President,
Newton,1,4,Blanks,17,President,
Newton,1,4,Total Votes Cast,1609,President,
Newton,2,1,Biden/ Harris,1324,President,
Newton,2,1,Trump/ Pence,294,President,
Newton,2,1,Jorgensen/ Cohen,18,President,
Newton,2,1,Hawkins/ Walker,12,President,
Newton,2,1,All Others,7,President,
Newton,2,1,No Preference,0,President,
Newton,2,1,Blanks,6,President,
Newton,2,1,Total Votes Cast,1661,President,
Newton,2,2,Biden/ Harris,925,President,
Newton,2,2,Trump/ Pence,180,President,
Newton,2,2,Jorgensen/ Cohen,12,President,
Newton,2,2,Hawkins/ Walker,7,President,
Newton,2,2,All Others,11,President,
Newton,2,2,No Preference,0,President,
Newton,2,2,Blanks,8,President,
Newton,2,2,Total Votes Cast,1143,President,
Newton,2,3,Biden/ Harris,1566,President,
Newton,2,3,Trump/ Pence,232,President,
Newton,2,3,Jorgensen/ Cohen,14,President,
Newton,2,3,Hawkins/ Walker,5,President,
Newton,2,3,All Others,12,President,
Newton,2,3,No Preference,0,President,
Newton,2,3,Blanks,9,President,
Newton,2,3,Total Votes Cast,1838,President,
Newton,2,4,Biden/ Harris,1550,President,
Newton,2,4,Trump/ Pence,209,President,
Newton,2,4,Jorgensen/ Cohen,18,President,
Newton,2,4,Hawkins/ Walker,6,President,
Newton,2,4,All Others,13,President,
Newton,2,4,No Preference,0,President,
Newton,2,4,Blanks,10,President,
Newton,2,4,Total Votes Cast,1806,President,
Newton,3,1,Biden/ Harris,1399,President,
Newton,3,1,Trump/ Pence,295,President,
Newton,3,1,Jorgensen/ Cohen,19,President,
Newton,3,1,Hawkins/ Walker,4,President,
Newton,3,1,All Others,14,President,
Newton,3,1,No Preference,0,President,
Newton,3,1,Blanks,12,President,
Newton,3,1,Total Votes Cast,1743,President,
Newton,3,2,Biden/ Harris,1510,President,
Newton,3,2,Trump/ Pence,193,President,
Newton,3,2,Jorgensen/ Cohen,15,President,
Newton,3,2,Hawkins/ Walker,4,President,
Newton,3,2,All Others,8,President,
Newton,3,2,No Preference,0,President,
Newton,3,2,Blanks,9,President,
Newton,3,2,Total Votes Cast,1739,President,
Newton,3,3,Biden/ Harris,1299,President,
Newton,3,3,Trump/ Pence,390,President,
Newton,3,3,Jorgensen/ Cohen,14,President,
Newton,3,3,Hawkins/ Walker,2,President,
Newton,3,3,All Others,6,President,
Newton,3,3,No Preference,0,President,
Newton,3,3,Blanks,6,President,
Newton,3,3,Total Votes Cast,1717,President,
Newton,3,4,Biden/ Harris,1268,President,
Newton,3,4,Trump/ Pence,391,President,
Newton,3,4,Jorgensen/ Cohen,15,President,
Newton,3,4,Hawkins/ Walker,10,President,
Newton,3,4,All Others,9,President,
Newton,3,4,No Preference,0,President,
Newton,3,4,Blanks,12,President,
Newton,3,4,Total Votes Cast,1705,President,
Newton,4,1,Biden/ Harris,1290,President,
Newton,4,1,Trump/ Pence,283,President,
Newton,4,1,Jorgensen/ Cohen,21,President,
Newton,4,1,Hawkins/ Walker,10,President,
Newton,4,1,All Others,7,President,
Newton,4,1,No Preference,0,President,
Newton,4,1,Blanks,8,President,
Newton,4,1,Total Votes Cast,1619,President,
Newton,4,2,Biden/ Harris,1232,President,
Newton,4,2,Trump/ Pence,175,President,
Newton,4,2,Jorgensen/ Cohen,11,President,
Newton,4,2,Hawkins/ Walker,7,President,
Newton,4,2,All Others,2,President,
Newton,4,2,No Preference,0,President,
Newton,4,2,Blanks,7,President,
Newton,4,2,Total Votes Cast,1434,President,
Newton,4,3,Biden/ Harris,882,President,
Newton,4,3,Trump/ Pence,181,President,
Newton,4,3,Jorgensen/ Cohen,11,President,
Newton,4,3,Hawkins/ Walker,5,President,
Newton,4,3,All Others,7,President,
Newton,4,3,No Preference,0,President,
Newton,4,3,Blanks,7,President,
Newton,4,3,Total Votes Cast,1093,President,
Newton,4,4,Biden/ Harris,1193,President,
Newton,4,4,Trump/ Pence,334,President,
Newton,4,4,Jorgensen/ Cohen,15,President,
Newton,4,4,Hawkins/ Walker,9,President,
Newton,4,4,All Others,9,President,
Newton,4,4,No Preference,0,President,
Newton,4,4,Blanks,8,President,
Newton,4,4,Total Votes Cast,1568,President,
Newton,5,1,Biden/ Harris,1234,President,
Newton,5,1,Trump/ Pence,268,President,
Newton,5,1,Jorgensen/ Cohen,18,President,
Newton,5,1,Hawkins/ Walker,6,President,
Newton,5,1,All Others,9,President,
Newton,5,1,No Preference,0,President,
Newton,5,1,Blanks,8,President,
Newton,5,1,Total Votes Cast,1543,President,
Newton,5,2,Biden/ Harris,1386,President,
Newton,5,2,Trump/ Pence,197,President,
Newton,5,2,Jorgensen/ Cohen,14,President,
Newton,5,2,Hawkins/ Walker,9,President,
Newton,5,2,All Others,4,President,
Newton,5,2,No Preference,0,President,
Newton,5,2,Blanks,8,President,
Newton,5,2,Total Votes Cast,1618,President,
Newton,5,3,Biden/ Harris,1686,President,
Newton,5,3,Trump/ Pence,224,President,
Newton,5,3,Jorgensen/ Cohen,13,President,
Newton,5,3,Hawkins/ Walker,7,President,
Newton,5,3,All Others,11,President,
Newton,5,3,No Preference,0,President,
Newton,5,3,Blanks,10,President,
Newton,5,3,Total Votes Cast,1951,President,
Newton,5,4,Biden/ Harris,1612,President,
Newton,5,4,Trump/ Pence,203,President,
Newton,5,4,Jorgensen/ Cohen,20,President,
Newton,5,4,Hawkins/ Walker,6,President,
Newton,5,4,All Others,11,President,
Newton,5,4,No Preference,0,President,
Newton,5,4,Blanks,5,President,
Newton,5,4,Total Votes Cast,1857,President,
Newton,6,1,Biden/ Harris,1194,President,
Newton,6,1,Trump/ Pence,305,President,
Newton,6,1,Jorgensen/ Cohen,20,President,
Newton,6,1,Hawkins/ Walker,4,President,
Newton,6,1,All Others,7,President,
Newton,6,1,No Preference,0,President,
Newton,6,1,Blanks,14,President,
Newton,6,1,Total Votes Cast,1544,President,
Newton,6,2,Biden/ Harris,1430,President,
Newton,6,2,Trump/ Pence,179,President,
Newton,6,2,Jorgensen/ Cohen,11,President,
Newton,6,2,Hawkins/ Walker,9,President,
Newton,6,2,All Others,3,President,
Newton,6,2,No Preference,0,President,
Newton,6,2,Blanks,7,President,
Newton,6,2,Total Votes Cast,1639,President,
Newton,6,3,Biden/ Harris,1565,President,
Newton,6,3,Trump/ Pence,169,President,
Newton,6,3,Jorgensen/ Cohen,9,President,
Newton,6,3,Hawkins/ Walker,11,President,
Newton,6,3,All Others,10,President,
Newton,6,3,No Preference,0,President,
Newton,6,3,Blanks,2,President,
Newton,6,3,Total Votes Cast,1766,President,
Newton,6,4,Biden/ Harris,1661,President,
Newton,6,4,Trump/ Pence,204,President,
Newton,6,4,Jorgensen/ Cohen,18,President,
Newton,6,4,Hawkins/ Walker,10,President,
Newton,6,4,All Others,11,President,
Newton,6,4,No Preference,0,President,
Newton,6,4,Blanks,8,President,
Newton,6,4,Total Votes Cast,1912,President,
Newton,7,1,Biden/ Harris,1191,President,
Newton,7,1,Trump/ Pence,234,President,
Newton,7,1,Jorgensen/ Cohen,31,President,
Newton,7,1,Hawkins/ Walker,9,President,
Newton,7,1,All Others,10,President,
Newton,7,1,No Preference,0,President,
Newton,7,1,Blanks,9,President,
Newton,7,1,Total Votes Cast,1484,President,
Newton,7,2,Biden/ Harris,1595,President,
Newton,7,2,Trump/ Pence,256,President,
Newton,7,2,Jorgensen/ Cohen,18,President,
Newton,7,2,Hawkins/ Walker,6,President,
Newton,7,2,All Others,16,President,
Newton,7,2,No Preference,0,President,
Newton,7,2,Blanks,9,President,
Newton,7,2,Total Votes Cast,1900,President,
Newton,7,3,Biden/ Harris,439,President,
Newton,7,3,Trump/ Pence,80,President,
Newton,7,3,Jorgensen/ Cohen,8,President,
Newton,7,3,Hawkins/ Walker,1,President,
Newton,7,3,All Others,5,President,
Newton,7,3,No Preference,0,President,
Newton,7,3,Blanks,2,President,
Newton,7,3,Total Votes Cast,535,President,
Newton,7,4,Biden/ Harris,685,President,
Newton,7,4,Trump/ Pence,134,President,
Newton,7,4,Jorgensen/ Cohen,7,President,
Newton,7,4,Hawkins/ Walker,3,President,
Newton,7,4,All Others,8,President,
Newton,7,4,No Preference,0,President,
Newton,7,4,Blanks,5,President,
Newton,7,4,Total Votes Cast,842,President,
Newton,8,1,Biden/ Harris,1388,President,
Newton,8,1,Trump/ Pence,478,President,
Newton,8,1,Jorgensen/ Cohen,26,President,
Newton,8,1,Hawkins/ Walker,5,President,
Newton,8,1,All Others,12,President,
Newton,8,1,No Preference,0,President,
Newton,8,1,Blanks,17,President,
Newton,8,1,Total Votes Cast,1926,President,
Newton,8,2,Biden/ Harris,1325,President,
Newton,8,2,Trump/ Pence,412,President,
Newton,8,2,Jorgensen/ Cohen,17,President,
Newton,8,2,Hawkins/ Walker,1,President,
Newton,8,2,All Others,19,President,
Newton,8,2,No Preference,0,President,
Newton,8,2,Blanks,17,President,
Newton,8,2,Total Votes Cast,1791,President,
Newton,8,3,Biden/ Harris,1354,President,
Newton,8,3,Trump/ Pence,370,President,
Newton,8,3,Jorgensen/ Cohen,17,President,
Newton,8,3,Hawkins/ Walker,8,President,
Newton,8,3,All Others,9,President,
Newton,8,3,No Preference,0,President,
Newton,8,3,Blanks,12,President,
Newton,8,3,Total Votes Cast,1770,President,
Newton,8,4,Biden/ Harris,822,President,
Newton,8,4,Trump/ Pence,287,President,
Newton,8,4,Jorgensen/ Cohen,17,President,
Newton,8,4,Hawkins/ Walker,6,President,
Newton,8,4,All Others,9,President,
Newton,8,4,No Preference,0,President,
Newton,8,4,Blanks,4,President,
Newton,8,4,Total Votes Cast,1145,President,
Norfolk,-,1,Biden/ Harris,874,President,
Norfolk,-,1,Trump/ Pence,584,President,
Norfolk,-,1,Jorgensen/ Cohen,28,President,
Norfolk,-,1,Hawkins/ Walker,2,President,
Norfolk,-,1,All Others,12,President,
Norfolk,-,1,No Preference,0,President,
Norfolk,-,1,Blanks,15,President,
Norfolk,-,1,Total Votes Cast,1515,President,
Norfolk,-,2,Biden/ Harris,1751,President,
Norfolk,-,2,Trump/ Pence,1080,President,
Norfolk,-,2,Jorgensen/ Cohen,43,President,
Norfolk,-,2,Hawkins/ Walker,16,President,
Norfolk,-,2,All Others,17,President,
Norfolk,-,2,No Preference,0,President,
Norfolk,-,2,Blanks,21,President,
Norfolk,-,2,Total Votes Cast,2928,President,
Norfolk,-,3,Biden/ Harris,1475,President,
Norfolk,-,3,Trump/ Pence,906,President,
Norfolk,-,3,Jorgensen/ Cohen,35,President,
Norfolk,-,3,Hawkins/ Walker,5,President,
Norfolk,-,3,All Others,25,President,
Norfolk,-,3,No Preference,0,President,
Norfolk,-,3,Blanks,15,President,
Norfolk,-,3,Total Votes Cast,2461,President,
Northampton,1,A,Biden/ Harris,955,President,
Northampton,1,A,Trump/ Pence,102,President,
Northampton,1,A,Jorgensen/ Cohen,15,President,
Northampton,1,A,Hawkins/ Walker,17,President,
Northampton,1,A,All Others,4,President,
Northampton,1,A,No Preference,0,President,
Northampton,1,A,Blanks,8,President,
Northampton,1,A,Total Votes Cast,1101,President,
Northampton,1,B,Biden/ Harris,1339,President,
Northampton,1,B,Trump/ Pence,137,President,
Northampton,1,B,Jorgensen/ Cohen,11,President,
Northampton,1,B,Hawkins/ Walker,21,President,
Northampton,1,B,All Others,6,President,
Northampton,1,B,No Preference,0,President,
Northampton,1,B,Blanks,8,President,
Northampton,1,B,Total Votes Cast,1522,President,
Northampton,2,A,Biden/ Harris,1209,President,
Northampton,2,A,Trump/ Pence,57,President,
Northampton,2,A,Jorgensen/ Cohen,8,President,
Northampton,2,A,Hawkins/ Walker,10,President,
Northampton,2,A,All Others,4,President,
Northampton,2,A,No Preference,0,President,
Northampton,2,A,Blanks,2,President,
Northampton,2,A,Total Votes Cast,1290,President,
Northampton,2,B,Biden/ Harris,825,President,
Northampton,2,B,Trump/ Pence,47,President,
Northampton,2,B,Jorgensen/ Cohen,9,President,
Northampton,2,B,Hawkins/ Walker,2,President,
Northampton,2,B,All Others,3,President,
Northampton,2,B,No Preference,0,President,
Northampton,2,B,Blanks,2,President,
Northampton,2,B,Total Votes Cast,888,President,
Northampton,3,A,Biden/ Harris,1247,President,
Northampton,3,A,Trump/ Pence,107,President,
Northampton,3,A,Jorgensen/ Cohen,10,President,
Northampton,3,A,Hawkins/ Walker,27,President,
Northampton,3,A,All Others,8,President,
Northampton,3,A,No Preference,0,President,
Northampton,3,A,Blanks,4,President,
Northampton,3,A,Total Votes Cast,1403,President,
Northampton,3,B,Biden/ Harris,1166,President,
Northampton,3,B,Trump/ Pence,109,President,
Northampton,3,B,Jorgensen/ Cohen,16,President,
Northampton,3,B,Hawkins/ Walker,28,President,
Northampton,3,B,All Others,7,President,
Northampton,3,B,No Preference,0,President,
Northampton,3,B,Blanks,9,President,
Northampton,3,B,Total Votes Cast,1335,President,
Northampton,4,A,Biden/ Harris,908,President,
Northampton,4,A,Trump/ Pence,62,President,
Northampton,4,A,Jorgensen/ Cohen,5,President,
Northampton,4,A,Hawkins/ Walker,18,President,
Northampton,4,A,All Others,8,President,
Northampton,4,A,No Preference,0,President,
Northampton,4,A,Blanks,6,President,
Northampton,4,A,Total Votes Cast,1007,President,
Northampton,4,B,Biden/ Harris,1116,President,
Northampton,4,B,Trump/ Pence,93,President,
Northampton,4,B,Jorgensen/ Cohen,7,President,
Northampton,4,B,Hawkins/ Walker,10,President,
Northampton,4,B,All Others,10,President,
Northampton,4,B,No Preference,0,President,
Northampton,4,B,Blanks,3,President,
Northampton,4,B,Total Votes Cast,1239,President,
Northampton,5,A,Biden/ Harris,1035,President,
Northampton,5,A,Trump/ Pence,142,President,
Northampton,5,A,Jorgensen/ Cohen,6,President,
Northampton,5,A,Hawkins/ Walker,9,President,
Northampton,5,A,All Others,6,President,
Northampton,5,A,No Preference,0,President,
Northampton,5,A,Blanks,3,President,
Northampton,5,A,Total Votes Cast,1201,President,
Northampton,5,B,Biden/ Harris,1125,President,
Northampton,5,B,Trump/ Pence,116,President,
Northampton,5,B,Jorgensen/ Cohen,6,President,
Northampton,5,B,Hawkins/ Walker,12,President,
Northampton,5,B,All Others,2,President,
Northampton,5,B,No Preference,0,President,
Northampton,5,B,Blanks,4,President,
Northampton,5,B,Total Votes Cast,1265,President,
Northampton,6,A,Biden/ Harris,1049,President,
Northampton,6,A,Trump/ Pence,270,President,
Northampton,6,A,Jorgensen/ Cohen,12,President,
Northampton,6,A,Hawkins/ Walker,10,President,
Northampton,6,A,All Others,4,President,
Northampton,6,A,No Preference,0,President,
Northampton,6,A,Blanks,8,President,
Northampton,6,A,Total Votes Cast,1353,President,
Northampton,6,B,Biden/ Harris,1259,President,
Northampton,6,B,Trump/ Pence,230,President,
Northampton,6,B,Jorgensen/ Cohen,18,President,
Northampton,6,B,Hawkins/ Walker,11,President,
Northampton,6,B,All Others,6,President,
Northampton,6,B,No Preference,0,President,
Northampton,6,B,Blanks,15,President,
Northampton,6,B,Total Votes Cast,1539,President,
Northampton,7,A,Biden/ Harris,1241,President,
Northampton,7,A,Trump/ Pence,168,President,
Northampton,7,A,Jorgensen/ Cohen,10,President,
Northampton,7,A,Hawkins/ Walker,16,President,
Northampton,7,A,All Others,4,President,
Northampton,7,A,No Preference,0,President,
Northampton,7,A,Blanks,10,President,
Northampton,7,A,Total Votes Cast,1449,President,
Northampton,7,B,Biden/ Harris,1175,President,
Northampton,7,B,Trump/ Pence,215,President,
Northampton,7,B,Jorgensen/ Cohen,13,President,
Northampton,7,B,Hawkins/ Walker,8,President,
Northampton,7,B,All Others,4,President,
Northampton,7,B,No Preference,0,President,
Northampton,7,B,Blanks,9,President,
Northampton,7,B,Total Votes Cast,1424,President,
Northborough,-,1,Biden/ Harris,1643,President,
Northborough,-,1,Trump/ Pence,728,President,
Northborough,-,1,Jorgensen/ Cohen,30,President,
Northborough,-,1,Hawkins/ Walker,15,President,
Northborough,-,1,All Others,22,President,
Northborough,-,1,No Preference,0,President,
Northborough,-,1,Blanks,11,President,
Northborough,-,1,Total Votes Cast,2449,President,
Northborough,-,2,Biden/ Harris,1577,President,
Northborough,-,2,Trump/ Pence,701,President,
Northborough,-,2,Jorgensen/ Cohen,46,President,
Northborough,-,2,Hawkins/ Walker,18,President,
Northborough,-,2,All Others,11,President,
Northborough,-,2,No Preference,0,President,
Northborough,-,2,Blanks,11,President,
Northborough,-,2,Total Votes Cast,2364,President,
Northborough,-,3,Biden/ Harris,1638,President,
Northborough,-,3,Trump/ Pence,702,President,
Northborough,-,3,Jorgensen/ Cohen,41,President,
Northborough,-,3,Hawkins/ Walker,8,President,
Northborough,-,3,All Others,20,President,
Northborough,-,3,No Preference,0,President,
Northborough,-,3,Blanks,19,President,
Northborough,-,3,Total Votes Cast,2428,President,
Northborough,-,4,Biden/ Harris,1618,President,
Northborough,-,4,Trump/ Pence,782,President,
Northborough,-,4,Jorgensen/ Cohen,49,President,
Northborough,-,4,Hawkins/ Walker,10,President,
Northborough,-,4,All Others,28,President,
Northborough,-,4,No Preference,0,President,
Northborough,-,4,Blanks,18,President,
Northborough,-,4,Total Votes Cast,2505,President,
Northbridge,-,1,Biden/ Harris,1178,President,
Northbridge,-,1,Trump/ Pence,1040,President,
Northbridge,-,1,Jorgensen/ Cohen,44,President,
Northbridge,-,1,Hawkins/ Walker,14,President,
Northbridge,-,1,All Others,9,President,
Northbridge,-,1,No Preference,0,President,
Northbridge,-,1,Blanks,10,President,
Northbridge,-,1,Total Votes Cast,2295,President,
Northbridge,-,2,Biden/ Harris,1209,President,
Northbridge,-,2,Trump/ Pence,1041,President,
Northbridge,-,2,Jorgensen/ Cohen,54,President,
Northbridge,-,2,Hawkins/ Walker,7,President,
Northbridge,-,2,All Others,7,President,
Northbridge,-,2,No Preference,0,President,
Northbridge,-,2,Blanks,26,President,
Northbridge,-,2,Total Votes Cast,2344,President,
Northbridge,-,3,Biden/ Harris,1006,President,
Northbridge,-,3,Trump/ Pence,898,President,
Northbridge,-,3,Jorgensen/ Cohen,39,President,
Northbridge,-,3,Hawkins/ Walker,15,President,
Northbridge,-,3,All Others,7,President,
Northbridge,-,3,No Preference,0,President,
Northbridge,-,3,Blanks,13,President,
Northbridge,-,3,Total Votes Cast,1978,President,
Northbridge,-,4,Biden/ Harris,1327,President,
Northbridge,-,4,Trump/ Pence,1265,President,
Northbridge,-,4,Jorgensen/ Cohen,43,President,
Northbridge,-,4,Hawkins/ Walker,12,President,
Northbridge,-,4,All Others,13,President,
Northbridge,-,4,No Preference,0,President,
Northbridge,-,4,Blanks,27,President,
Northbridge,-,4,Total Votes Cast,2687,President,
Northfield,-,1,Biden/ Harris,1211,President,
Northfield,-,1,Trump/ Pence,592,President,
Northfield,-,1,Jorgensen/ Cohen,37,President,
Northfield,-,1,Hawkins/ Walker,8,President,
Northfield,-,1,All Others,7,President,
Northfield,-,1,No Preference,0,President,
Northfield,-,1,Blanks,14,President,
Northfield,-,1,Total Votes Cast,1869,President,
Norton,-,1,Biden/ Harris,1290,President,
Norton,-,1,Trump/ Pence,1077,President,
Norton,-,1,Jorgensen/ Cohen,44,President,
Norton,-,1,Hawkins/ Walker,13,President,
Norton,-,1,All Others,15,President,
Norton,-,1,No Preference,0,President,
Norton,-,1,Blanks,16,President,
Norton,-,1,Total Votes Cast,2455,President,
Norton,-,2,Biden/ Harris,1273,President,
Norton,-,2,Trump/ Pence,1038,President,
Norton,-,2,Jorgensen/ Cohen,30,President,
Norton,-,2,Hawkins/ Walker,16,President,
Norton,-,2,All Others,16,President,
Norton,-,2,No Preference,0,President,
Norton,-,2,Blanks,9,President,
Norton,-,2,Total Votes Cast,2382,President,
Norton,-,3,Biden/ Harris,1232,President,
Norton,-,3,Trump/ Pence,933,President,
Norton,-,3,Jorgensen/ Cohen,45,President,
Norton,-,3,Hawkins/ Walker,12,President,
Norton,-,3,All Others,8,President,
Norton,-,3,No Preference,0,President,
Norton,-,3,Blanks,7,President,
Norton,-,3,Total Votes Cast,2237,President,
Norton,-,4,Biden/ Harris,1400,President,
Norton,-,4,Trump/ Pence,1070,President,
Norton,-,4,Jorgensen/ Cohen,49,President,
Norton,-,4,Hawkins/ Walker,15,President,
Norton,-,4,All Others,15,President,
Norton,-,4,No Preference,0,President,
Norton,-,4,Blanks,16,President,
Norton,-,4,Total Votes Cast,2565,President,
Norton,-,5,Biden/ Harris,723,President,
Norton,-,5,Trump/ Pence,617,President,
Norton,-,5,Jorgensen/ Cohen,25,President,
Norton,-,5,Hawkins/ Walker,9,President,
Norton,-,5,All Others,9,President,
Norton,-,5,No Preference,0,President,
Norton,-,5,Blanks,5,President,
Norton,-,5,Total Votes Cast,1388,President,
Norwell,-,1,Biden/ Harris,1357,President,
Norwell,-,1,Trump/ Pence,966,President,
Norwell,-,1,Jorgensen/ Cohen,36,President,
Norwell,-,1,Hawkins/ Walker,7,President,
Norwell,-,1,All Others,20,President,
Norwell,-,1,No Preference,0,President,
Norwell,-,1,Blanks,26,President,
Norwell,-,1,Total Votes Cast,2412,President,
Norwell,-,2,Biden/ Harris,1479,President,
Norwell,-,2,Trump/ Pence,1039,President,
Norwell,-,2,Jorgensen/ Cohen,31,President,
Norwell,-,2,Hawkins/ Walker,7,President,
Norwell,-,2,All Others,16,President,
Norwell,-,2,No Preference,0,President,
Norwell,-,2,Blanks,15,President,
Norwell,-,2,Total Votes Cast,2587,President,
Norwell,-,3,Biden/ Harris,1455,President,
Norwell,-,3,Trump/ Pence,915,President,
Norwell,-,3,Jorgensen/ Cohen,26,President,
Norwell,-,3,Hawkins/ Walker,4,President,
Norwell,-,3,All Others,28,President,
Norwell,-,3,No Preference,0,President,
Norwell,-,3,Blanks,19,President,
Norwell,-,3,Total Votes Cast,2447,President,
Norwood,-,1,Biden/ Harris,1446,President,
Norwood,-,1,Trump/ Pence,728,President,
Norwood,-,1,Jorgensen/ Cohen,28,President,
Norwood,-,1,Hawkins/ Walker,9,President,
Norwood,-,1,All Others,12,President,
Norwood,-,1,No Preference,0,President,
Norwood,-,1,Blanks,10,President,
Norwood,-,1,Total Votes Cast,2233,President,
Norwood,-,2,Biden/ Harris,1267,President,
Norwood,-,2,Trump/ Pence,592,President,
Norwood,-,2,Jorgensen/ Cohen,31,President,
Norwood,-,2,Hawkins/ Walker,12,President,
Norwood,-,2,All Others,15,President,
Norwood,-,2,No Preference,0,President,
Norwood,-,2,Blanks,7,President,
Norwood,-,2,Total Votes Cast,1924,President,
Norwood,-,3,Biden/ Harris,1318,President,
Norwood,-,3,Trump/ Pence,627,President,
Norwood,-,3,Jorgensen/ Cohen,32,President,
Norwood,-,3,Hawkins/ Walker,12,President,
Norwood,-,3,All Others,9,President,
Norwood,-,3,No Preference,0,President,
Norwood,-,3,Blanks,6,President,
Norwood,-,3,Total Votes Cast,2004,President,
Norwood,-,4,Biden/ Harris,1349,President,
Norwood,-,4,Trump/ Pence,728,President,
Norwood,-,4,Jorgensen/ Cohen,26,President,
Norwood,-,4,Hawkins/ Walker,9,President,
Norwood,-,4,All Others,16,President,
Norwood,-,4,No Preference,0,President,
Norwood,-,4,Blanks,14,President,
Norwood,-,4,Total Votes Cast,2142,President,
Norwood,-,5,Biden/ Harris,1105,President,
Norwood,-,5,Trump/ Pence,407,President,
Norwood,-,5,Jorgensen/ Cohen,27,President,
Norwood,-,5,Hawkins/ Walker,5,President,
Norwood,-,5,All Others,4,President,
Norwood,-,5,No Preference,0,President,
Norwood,-,5,Blanks,7,President,
Norwood,-,5,Total Votes Cast,1555,President,
Norwood,-,6,Biden/ Harris,953,President,
Norwood,-,6,Trump/ Pence,525,President,
Norwood,-,6,Jorgensen/ Cohen,16,President,
Norwood,-,6,Hawkins/ Walker,9,President,
Norwood,-,6,All Others,7,President,
Norwood,-,6,No Preference,0,President,
Norwood,-,6,Blanks,10,President,
Norwood,-,6,Total Votes Cast,1520,President,
Norwood,-,7,Biden/ Harris,1268,President,
Norwood,-,7,Trump/ Pence,701,President,
Norwood,-,7,Jorgensen/ Cohen,23,President,
Norwood,-,7,Hawkins/ Walker,11,President,
Norwood,-,7,All Others,15,President,
Norwood,-,7,No Preference,0,President,
Norwood,-,7,Blanks,16,President,
Norwood,-,7,Total Votes Cast,2034,President,
Norwood,-,8,Biden/ Harris,1301,President,
Norwood,-,8,Trump/ Pence,697,President,
Norwood,-,8,Jorgensen/ Cohen,24,President,
Norwood,-,8,Hawkins/ Walker,8,President,
Norwood,-,8,All Others,14,President,
Norwood,-,8,No Preference,0,President,
Norwood,-,8,Blanks,7,President,
Norwood,-,8,Total Votes Cast,2051,President,
Norwood,-,9,Biden/ Harris,1205,President,
Norwood,-,9,Trump/ Pence,819,President,
Norwood,-,9,Jorgensen/ Cohen,21,President,
Norwood,-,9,Hawkins/ Walker,8,President,
Norwood,-,9,All Others,14,President,
Norwood,-,9,No Preference,0,President,
Norwood,-,9,Blanks,12,President,
Norwood,-,9,Total Votes Cast,2079,President,
Oak Bluffs,-,1,Biden/ Harris,2420,President,
Oak Bluffs,-,1,Trump/ Pence,730,President,
Oak Bluffs,-,1,Jorgensen/ Cohen,32,President,
Oak Bluffs,-,1,Hawkins/ Walker,20,President,
Oak Bluffs,-,1,All Others,7,President,
Oak Bluffs,-,1,No Preference,0,President,
Oak Bluffs,-,1,Blanks,16,President,
Oak Bluffs,-,1,Total Votes Cast,3225,President,
Oakham,-,1,Biden/ Harris,554,President,
Oakham,-,1,Trump/ Pence,664,President,
Oakham,-,1,Jorgensen/ Cohen,29,President,
Oakham,-,1,Hawkins/ Walker,7,President,
Oakham,-,1,All Others,3,President,
Oakham,-,1,No Preference,0,President,
Oakham,-,1,Blanks,5,President,
Oakham,-,1,Total Votes Cast,1262,President,
Orange,-,1,Biden/ Harris,902,President,
Orange,-,1,Trump/ Pence,907,President,
Orange,-,1,Jorgensen/ Cohen,28,President,
Orange,-,1,Hawkins/ Walker,24,President,
Orange,-,1,All Others,4,President,
Orange,-,1,No Preference,0,President,
Orange,-,1,Blanks,7,President,
Orange,-,1,Total Votes Cast,1872,President,
Orange,-,2,Biden/ Harris,1082,President,
Orange,-,2,Trump/ Pence,792,President,
Orange,-,2,Jorgensen/ Cohen,41,President,
Orange,-,2,Hawkins/ Walker,11,President,
Orange,-,2,All Others,9,President,
Orange,-,2,No Preference,0,President,
Orange,-,2,Blanks,9,President,
Orange,-,2,Total Votes Cast,1944,President,
Orleans,-,1,Biden/ Harris,3288,President,
Orleans,-,1,Trump/ Pence,1458,President,
Orleans,-,1,Jorgensen/ Cohen,56,President,
Orleans,-,1,Hawkins/ Walker,15,President,
Orleans,-,1,All Others,25,President,
Orleans,-,1,No Preference,0,President,
Orleans,-,1,Blanks,43,President,
Orleans,-,1,Total Votes Cast,4885,President,
Otis,-,1,Biden/ Harris,550,President,
Otis,-,1,Trump/ Pence,441,President,
Otis,-,1,Jorgensen/ Cohen,14,President,
Otis,-,1,Hawkins/ Walker,6,President,
Otis,-,1,All Others,3,President,
Otis,-,1,No Preference,0,President,
Otis,-,1,Blanks,3,President,
Otis,-,1,Total Votes Cast,1017,President,
Oxford,-,1,Biden/ Harris,945,President,
Oxford,-,1,Trump/ Pence,955,President,
Oxford,-,1,Jorgensen/ Cohen,34,President,
Oxford,-,1,Hawkins/ Walker,17,President,
Oxford,-,1,All Others,11,President,
Oxford,-,1,No Preference,0,President,
Oxford,-,1,Blanks,9,President,
Oxford,-,1,Total Votes Cast,1971,President,
Oxford,-,2,Biden/ Harris,876,President,
Oxford,-,2,Trump/ Pence,928,President,
Oxford,-,2,Jorgensen/ Cohen,31,President,
Oxford,-,2,Hawkins/ Walker,9,President,
Oxford,-,2,All Others,8,President,
Oxford,-,2,No Preference,0,President,
Oxford,-,2,Blanks,4,President,
Oxford,-,2,Total Votes Cast,1856,President,
Oxford,-,3,Biden/ Harris,964,President,
Oxford,-,3,Trump/ Pence,978,President,
Oxford,-,3,Jorgensen/ Cohen,38,President,
Oxford,-,3,Hawkins/ Walker,8,President,
Oxford,-,3,All Others,7,President,
Oxford,-,3,No Preference,0,President,
Oxford,-,3,Blanks,9,President,
Oxford,-,3,Total Votes Cast,2004,President,
Oxford,-,4,Biden/ Harris,808,President,
Oxford,-,4,Trump/ Pence,904,President,
Oxford,-,4,Jorgensen/ Cohen,39,President,
Oxford,-,4,Hawkins/ Walker,10,President,
Oxford,-,4,All Others,4,President,
Oxford,-,4,No Preference,0,President,
Oxford,-,4,Blanks,11,President,
Oxford,-,4,Total Votes Cast,1776,President,
Palmer,-,1,Biden/ Harris,768,President,
Palmer,-,1,Trump/ Pence,797,President,
Palmer,-,1,Jorgensen/ Cohen,19,President,
Palmer,-,1,Hawkins/ Walker,7,President,
Palmer,-,1,All Others,8,President,
Palmer,-,1,No Preference,0,President,
Palmer,-,1,Blanks,2,President,
Palmer,-,1,Total Votes Cast,1601,President,
Palmer,-,1A,Biden/ Harris,109,President,
Palmer,-,1A,Trump/ Pence,107,President,
Palmer,-,1A,Jorgensen/ Cohen,4,President,
Palmer,-,1A,Hawkins/ Walker,0,President,
Palmer,-,1A,All Others,0,President,
Palmer,-,1A,No Preference,0,President,
Palmer,-,1A,Blanks,0,President,
Palmer,-,1A,Total Votes Cast,220,President,
Palmer,-,2,Biden/ Harris,802,President,
Palmer,-,2,Trump/ Pence,923,President,
Palmer,-,2,Jorgensen/ Cohen,24,President,
Palmer,-,2,Hawkins/ Walker,6,President,
Palmer,-,2,All Others,8,President,
Palmer,-,2,No Preference,0,President,
Palmer,-,2,Blanks,6,President,
Palmer,-,2,Total Votes Cast,1769,President,
Palmer,-,3,Biden/ Harris,750,President,
Palmer,-,3,Trump/ Pence,594,President,
Palmer,-,3,Jorgensen/ Cohen,26,President,
Palmer,-,3,Hawkins/ Walker,14,President,
Palmer,-,3,All Others,1,President,
Palmer,-,3,No Preference,0,President,
Palmer,-,3,Blanks,6,President,
Palmer,-,3,Total Votes Cast,1391,President,
Palmer,-,4,Biden/ Harris,679,President,
Palmer,-,4,Trump/ Pence,819,President,
Palmer,-,4,Jorgensen/ Cohen,29,President,
Palmer,-,4,Hawkins/ Walker,5,President,
Palmer,-,4,All Others,4,President,
Palmer,-,4,No Preference,0,President,
Palmer,-,4,Blanks,6,President,
Palmer,-,4,Total Votes Cast,1542,President,
Paxton,-,1,Biden/ Harris,1625,President,
Paxton,-,1,Trump/ Pence,1268,President,
Paxton,-,1,Jorgensen/ Cohen,41,President,
Paxton,-,1,Hawkins/ Walker,12,President,
Paxton,-,1,All Others,16,President,
Paxton,-,1,No Preference,0,President,
Paxton,-,1,Blanks,13,President,
Paxton,-,1,Total Votes Cast,2975,President,
Peabody,1,1,Biden/ Harris,1020,President,
Peabody,1,1,Trump/ Pence,672,President,
Peabody,1,1,Jorgensen/ Cohen,17,President,
Peabody,1,1,Hawkins/ Walker,7,President,
Peabody,1,1,All Others,9,President,
Peabody,1,1,No Preference,0,President,
Peabody,1,1,Blanks,9,President,
Peabody,1,1,Total Votes Cast,1734,President,
Peabody,1,2,Biden/ Harris,994,President,
Peabody,1,2,Trump/ Pence,834,President,
Peabody,1,2,Jorgensen/ Cohen,22,President,
Peabody,1,2,Hawkins/ Walker,5,President,
Peabody,1,2,All Others,7,President,
Peabody,1,2,No Preference,0,President,
Peabody,1,2,Blanks,14,President,
Peabody,1,2,Total Votes Cast,1876,President,
Peabody,1,3,Biden/ Harris,1108,President,
Peabody,1,3,Trump/ Pence,954,President,
Peabody,1,3,Jorgensen/ Cohen,23,President,
Peabody,1,3,Hawkins/ Walker,2,President,
Peabody,1,3,All Others,8,President,
Peabody,1,3,No Preference,0,President,
Peabody,1,3,Blanks,11,President,
Peabody,1,3,Total Votes Cast,2106,President,
Peabody,2,1,Biden/ Harris,893,President,
Peabody,2,1,Trump/ Pence,380,President,
Peabody,2,1,Jorgensen/ Cohen,9,President,
Peabody,2,1,Hawkins/ Walker,1,President,
Peabody,2,1,All Others,9,President,
Peabody,2,1,No Preference,0,President,
Peabody,2,1,Blanks,3,President,
Peabody,2,1,Total Votes Cast,1295,President,
Peabody,2,2,Biden/ Harris,799,President,
Peabody,2,2,Trump/ Pence,408,President,
Peabody,2,2,Jorgensen/ Cohen,13,President,
Peabody,2,2,Hawkins/ Walker,6,President,
Peabody,2,2,All Others,4,President,
Peabody,2,2,No Preference,0,President,
Peabody,2,2,Blanks,3,President,
Peabody,2,2,Total Votes Cast,1233,President,
Peabody,2,3,Biden/ Harris,859,President,
Peabody,2,3,Trump/ Pence,611,President,
Peabody,2,3,Jorgensen/ Cohen,29,President,
Peabody,2,3,Hawkins/ Walker,10,President,
Peabody,2,3,All Others,5,President,
Peabody,2,3,No Preference,0,President,
Peabody,2,3,Blanks,6,President,
Peabody,2,3,Total Votes Cast,1520,President,
Peabody,3,1,Biden/ Harris,679,President,
Peabody,3,1,Trump/ Pence,352,President,
Peabody,3,1,Jorgensen/ Cohen,18,President,
Peabody,3,1,Hawkins/ Walker,6,President,
Peabody,3,1,All Others,2,President,
Peabody,3,1,No Preference,0,President,
Peabody,3,1,Blanks,4,President,
Peabody,3,1,Total Votes Cast,1061,President,
Peabody,3,2,Biden/ Harris,799,President,
Peabody,3,2,Trump/ Pence,521,President,
Peabody,3,2,Jorgensen/ Cohen,11,President,
Peabody,3,2,Hawkins/ Walker,4,President,
Peabody,3,2,All Others,4,President,
Peabody,3,2,No Preference,0,President,
Peabody,3,2,Blanks,16,President,
Peabody,3,2,Total Votes Cast,1355,President,
Peabody,3,3,Biden/ Harris,881,President,
Peabody,3,3,Trump/ Pence,636,President,
Peabody,3,3,Jorgensen/ Cohen,19,President,
Peabody,3,3,Hawkins/ Walker,8,President,
Peabody,3,3,All Others,3,President,
Peabody,3,3,No Preference,0,President,
Peabody,3,3,Blanks,10,President,
Peabody,3,3,Total Votes Cast,1557,President,
Peabody,4,1,Biden/ Harris,963,President,
Peabody,4,1,Trump/ Pence,654,President,
Peabody,4,1,Jorgensen/ Cohen,24,President,
Peabody,4,1,Hawkins/ Walker,7,President,
Peabody,4,1,All Others,5,President,
Peabody,4,1,No Preference,0,President,
Peabody,4,1,Blanks,8,President,
Peabody,4,1,Total Votes Cast,1661,President,
Peabody,4,2,Biden/ Harris,913,President,
Peabody,4,2,Trump/ Pence,643,President,
Peabody,4,2,Jorgensen/ Cohen,17,President,
Peabody,4,2,Hawkins/ Walker,5,President,
Peabody,4,2,All Others,5,President,
Peabody,4,2,No Preference,0,President,
Peabody,4,2,Blanks,14,President,
Peabody,4,2,Total Votes Cast,1597,President,
Peabody,4,3,Biden/ Harris,516,President,
Peabody,4,3,Trump/ Pence,396,President,
Peabody,4,3,Jorgensen/ Cohen,4,President,
Peabody,4,3,Hawkins/ Walker,3,President,
Peabody,4,3,All Others,2,President,
Peabody,4,3,No Preference,0,President,
Peabody,4,3,Blanks,6,President,
Peabody,4,3,Total Votes Cast,927,President,
Peabody,4,3A,Biden/ Harris,1069,President,
Peabody,4,3A,Trump/ Pence,344,President,
Peabody,4,3A,Jorgensen/ Cohen,3,President,
Peabody,4,3A,Hawkins/ Walker,1,President,
Peabody,4,3A,All Others,8,President,
Peabody,4,3A,No Preference,0,President,
Peabody,4,3A,Blanks,10,President,
Peabody,4,3A,Total Votes Cast,1435,President,
Peabody,5,1,Biden/ Harris,994,President,
Peabody,5,1,Trump/ Pence,867,President,
Peabody,5,1,Jorgensen/ Cohen,18,President,
Peabody,5,1,Hawkins/ Walker,6,President,
Peabody,5,1,All Others,6,President,
Peabody,5,1,No Preference,0,President,
Peabody,5,1,Blanks,9,President,
Peabody,5,1,Total Votes Cast,1900,President,
Peabody,5,2,Biden/ Harris,733,President,
Peabody,5,2,Trump/ Pence,748,President,
Peabody,5,2,Jorgensen/ Cohen,14,President,
Peabody,5,2,Hawkins/ Walker,5,President,
Peabody,5,2,All Others,7,President,
Peabody,5,2,No Preference,0,President,
Peabody,5,2,Blanks,8,President,
Peabody,5,2,Total Votes Cast,1515,President,
Peabody,5,3,Biden/ Harris,948,President,
Peabody,5,3,Trump/ Pence,764,President,
Peabody,5,3,Jorgensen/ Cohen,21,President,
Peabody,5,3,Hawkins/ Walker,9,President,
Peabody,5,3,All Others,6,President,
Peabody,5,3,No Preference,0,President,
Peabody,5,3,Blanks,10,President,
Peabody,5,3,Total Votes Cast,1758,President,
Peabody,6,1,Biden/ Harris,893,President,
Peabody,6,1,Trump/ Pence,1002,President,
Peabody,6,1,Jorgensen/ Cohen,20,President,
Peabody,6,1,Hawkins/ Walker,5,President,
Peabody,6,1,All Others,9,President,
Peabody,6,1,No Preference,0,President,
Peabody,6,1,Blanks,5,President,
Peabody,6,1,Total Votes Cast,1934,President,
Peabody,6,2,Biden/ Harris,908,President,
Peabody,6,2,Trump/ Pence,969,President,
Peabody,6,2,Jorgensen/ Cohen,18,President,
Peabody,6,2,Hawkins/ Walker,3,President,
Peabody,6,2,All Others,9,President,
Peabody,6,2,No Preference,0,President,
Peabody,6,2,Blanks,9,President,
Peabody,6,2,Total Votes Cast,1916,President,
Peabody,6,3,Biden/ Harris,891,President,
Peabody,6,3,Trump/ Pence,949,President,
Peabody,6,3,Jorgensen/ Cohen,13,President,
Peabody,6,3,Hawkins/ Walker,3,President,
Peabody,6,3,All Others,9,President,
Peabody,6,3,No Preference,0,President,
Peabody,6,3,Blanks,16,President,
Peabody,6,3,Total Votes Cast,1881,President,
Pelham,-,1,Biden/ Harris,819,President,
Pelham,-,1,Trump/ Pence,89,President,
Pelham,-,1,Jorgensen/ Cohen,8,President,
Pelham,-,1,Hawkins/ Walker,7,President,
Pelham,-,1,All Others,2,President,
Pelham,-,1,No Preference,0,President,
Pelham,-,1,Blanks,5,President,
Pelham,-,1,Total Votes Cast,930,President,
Pembroke,-,1,Biden/ Harris,1329,President,
Pembroke,-,1,Trump/ Pence,1135,President,
Pembroke,-,1,Jorgensen/ Cohen,38,President,
Pembroke,-,1,Hawkins/ Walker,16,President,
Pembroke,-,1,All Others,16,President,
Pembroke,-,1,No Preference,0,President,
Pembroke,-,1,Blanks,13,President,
Pembroke,-,1,Total Votes Cast,2547,President,
Pembroke,-,2,Biden/ Harris,1145,President,
Pembroke,-,2,Trump/ Pence,1021,President,
Pembroke,-,2,Jorgensen/ Cohen,27,President,
Pembroke,-,2,Hawkins/ Walker,11,President,
Pembroke,-,2,All Others,11,President,
Pembroke,-,2,No Preference,0,President,
Pembroke,-,2,Blanks,14,President,
Pembroke,-,2,Total Votes Cast,2229,President,
Pembroke,-,3,Biden/ Harris,1244,President,
Pembroke,-,3,Trump/ Pence,1029,President,
Pembroke,-,3,Jorgensen/ Cohen,42,President,
Pembroke,-,3,Hawkins/ Walker,20,President,
Pembroke,-,3,All Others,17,President,
Pembroke,-,3,No Preference,0,President,
Pembroke,-,3,Blanks,16,President,
Pembroke,-,3,Total Votes Cast,2368,President,
Pembroke,-,4,Biden/ Harris,1238,President,
Pembroke,-,4,Trump/ Pence,1083,President,
Pembroke,-,4,Jorgensen/ Cohen,36,President,
Pembroke,-,4,Hawkins/ Walker,16,President,
Pembroke,-,4,All Others,17,President,
Pembroke,-,4,No Preference,0,President,
Pembroke,-,4,Blanks,9,President,
Pembroke,-,4,Total Votes Cast,2399,President,
Pembroke,-,5,Biden/ Harris,1218,President,
Pembroke,-,5,Trump/ Pence,995,President,
Pembroke,-,5,Jorgensen/ Cohen,24,President,
Pembroke,-,5,Hawkins/ Walker,10,President,
Pembroke,-,5,All Others,15,President,
Pembroke,-,5,No Preference,0,President,
Pembroke,-,5,Blanks,13,President,
Pembroke,-,5,Total Votes Cast,2275,President,
Pepperell,-,1,Biden/ Harris,1298,President,
Pepperell,-,1,Trump/ Pence,1099,President,
Pepperell,-,1,Jorgensen/ Cohen,50,President,
Pepperell,-,1,Hawkins/ Walker,12,President,
Pepperell,-,1,All Others,13,President,
Pepperell,-,1,No Preference,0,President,
Pepperell,-,1,Blanks,19,President,
Pepperell,-,1,Total Votes Cast,2491,President,
Pepperell,-,2,Biden/ Harris,1361,President,
Pepperell,-,2,Trump/ Pence,1083,President,
Pepperell,-,2,Jorgensen/ Cohen,51,President,
Pepperell,-,2,Hawkins/ Walker,15,President,
Pepperell,-,2,All Others,20,President,
Pepperell,-,2,No Preference,0,President,
Pepperell,-,2,Blanks,13,President,
Pepperell,-,2,Total Votes Cast,2543,President,
Pepperell,-,3,Biden/ Harris,1210,President,
Pepperell,-,3,Trump/ Pence,1023,President,
Pepperell,-,3,Jorgensen/ Cohen,45,President,
Pepperell,-,3,Hawkins/ Walker,11,President,
Pepperell,-,3,All Others,16,President,
Pepperell,-,3,No Preference,0,President,
Pepperell,-,3,Blanks,13,President,
Pepperell,-,3,Total Votes Cast,2318,President,
Peru,-,1,Biden/ Harris,299,President,
Peru,-,1,Trump/ Pence,216,President,
Peru,-,1,Jorgensen/ Cohen,14,President,
Peru,-,1,Hawkins/ Walker,2,President,
Peru,-,1,All Others,2,President,
Peru,-,1,No Preference,0,President,
Peru,-,1,Blanks,2,President,
Peru,-,1,Total Votes Cast,535,President,
Petersham,-,1,Biden/ Harris,528,President,
Petersham,-,1,Trump/ Pence,321,President,
Petersham,-,1,Jorgensen/ Cohen,17,President,
Petersham,-,1,Hawkins/ Walker,4,President,
Petersham,-,1,All Others,2,President,
Petersham,-,1,No Preference,0,President,
Petersham,-,1,Blanks,8,President,
Petersham,-,1,Total Votes Cast,880,President,
Phillipston,-,1,Biden/ Harris,465,President,
Phillipston,-,1,Trump/ Pence,607,President,
Phillipston,-,1,Jorgensen/ Cohen,20,President,
Phillipston,-,1,Hawkins/ Walker,2,President,
Phillipston,-,1,All Others,0,President,
Phillipston,-,1,No Preference,0,President,
Phillipston,-,1,Blanks,9,President,
Phillipston,-,1,Total Votes Cast,1103,President,
Pittsfield,1,A,Biden/ Harris,944,President,
Pittsfield,1,A,Trump/ Pence,312,President,
Pittsfield,1,A,Jorgensen/ Cohen,18,President,
Pittsfield,1,A,Hawkins/ Walker,7,President,
Pittsfield,1,A,All Others,1,President,
Pittsfield,1,A,No Preference,0,President,
Pittsfield,1,A,Blanks,3,President,
Pittsfield,1,A,Total Votes Cast,1285,President,
Pittsfield,1,B,Biden/ Harris,1161,President,
Pittsfield,1,B,Trump/ Pence,397,President,
Pittsfield,1,B,Jorgensen/ Cohen,15,President,
Pittsfield,1,B,Hawkins/ Walker,19,President,
Pittsfield,1,B,All Others,5,President,
Pittsfield,1,B,No Preference,0,President,
Pittsfield,1,B,Blanks,2,President,
Pittsfield,1,B,Total Votes Cast,1599,President,
Pittsfield,2,A,Biden/ Harris,706,President,
Pittsfield,2,A,Trump/ Pence,184,President,
Pittsfield,2,A,Jorgensen/ Cohen,12,President,
Pittsfield,2,A,Hawkins/ Walker,10,President,
Pittsfield,2,A,All Others,2,President,
Pittsfield,2,A,No Preference,0,President,
Pittsfield,2,A,Blanks,6,President,
Pittsfield,2,A,Total Votes Cast,920,President,
Pittsfield,2,B,Biden/ Harris,1269,President,
Pittsfield,2,B,Trump/ Pence,377,President,
Pittsfield,2,B,Jorgensen/ Cohen,20,President,
Pittsfield,2,B,Hawkins/ Walker,7,President,
Pittsfield,2,B,All Others,4,President,
Pittsfield,2,B,No Preference,0,President,
Pittsfield,2,B,Blanks,6,President,
Pittsfield,2,B,Total Votes Cast,1683,President,
Pittsfield,3,A,Biden/ Harris,1412,President,
Pittsfield,3,A,Trump/ Pence,376,President,
Pittsfield,3,A,Jorgensen/ Cohen,18,President,
Pittsfield,3,A,Hawkins/ Walker,11,President,
Pittsfield,3,A,All Others,11,President,
Pittsfield,3,A,No Preference,0,President,
Pittsfield,3,A,Blanks,2,President,
Pittsfield,3,A,Total Votes Cast,1830,President,
Pittsfield,3,B,Biden/ Harris,1448,President,
Pittsfield,3,B,Trump/ Pence,420,President,
Pittsfield,3,B,Jorgensen/ Cohen,32,President,
Pittsfield,3,B,Hawkins/ Walker,10,President,
Pittsfield,3,B,All Others,5,President,
Pittsfield,3,B,No Preference,0,President,
Pittsfield,3,B,Blanks,2,President,
Pittsfield,3,B,Total Votes Cast,1917,President,
Pittsfield,4,A,Biden/ Harris,1411,President,
Pittsfield,4,A,Trump/ Pence,394,President,
Pittsfield,4,A,Jorgensen/ Cohen,25,President,
Pittsfield,4,A,Hawkins/ Walker,13,President,
Pittsfield,4,A,All Others,4,President,
Pittsfield,4,A,No Preference,0,President,
Pittsfield,4,A,Blanks,9,President,
Pittsfield,4,A,Total Votes Cast,1856,President,
Pittsfield,4,B,Biden/ Harris,1534,President,
Pittsfield,4,B,Trump/ Pence,557,President,
Pittsfield,4,B,Jorgensen/ Cohen,19,President,
Pittsfield,4,B,Hawkins/ Walker,11,President,
Pittsfield,4,B,All Others,8,President,
Pittsfield,4,B,No Preference,0,President,
Pittsfield,4,B,Blanks,10,President,
Pittsfield,4,B,Total Votes Cast,2139,President,
Pittsfield,5,A,Biden/ Harris,1198,President,
Pittsfield,5,A,Trump/ Pence,301,President,
Pittsfield,5,A,Jorgensen/ Cohen,22,President,
Pittsfield,5,A,Hawkins/ Walker,10,President,
Pittsfield,5,A,All Others,7,President,
Pittsfield,5,A,No Preference,0,President,
Pittsfield,5,A,Blanks,8,President,
Pittsfield,5,A,Total Votes Cast,1546,President,
Pittsfield,5,B,Biden/ Harris,1207,President,
Pittsfield,5,B,Trump/ Pence,454,President,
Pittsfield,5,B,Jorgensen/ Cohen,31,President,
Pittsfield,5,B,Hawkins/ Walker,12,President,
Pittsfield,5,B,All Others,6,President,
Pittsfield,5,B,No Preference,0,President,
Pittsfield,5,B,Blanks,8,President,
Pittsfield,5,B,Total Votes Cast,1718,President,
Pittsfield,6,A,Biden/ Harris,1261,President,
Pittsfield,6,A,Trump/ Pence,333,President,
Pittsfield,6,A,Jorgensen/ Cohen,19,President,
Pittsfield,6,A,Hawkins/ Walker,18,President,
Pittsfield,6,A,All Others,5,President,
Pittsfield,6,A,No Preference,0,President,
Pittsfield,6,A,Blanks,8,President,
Pittsfield,6,A,Total Votes Cast,1644,President,
Pittsfield,6,B,Biden/ Harris,889,President,
Pittsfield,6,B,Trump/ Pence,235,President,
Pittsfield,6,B,Jorgensen/ Cohen,12,President,
Pittsfield,6,B,Hawkins/ Walker,12,President,
Pittsfield,6,B,All Others,2,President,
Pittsfield,6,B,No Preference,0,President,
Pittsfield,6,B,Blanks,6,President,
Pittsfield,6,B,Total Votes Cast,1156,President,
Pittsfield,7,A,Biden/ Harris,750,President,
Pittsfield,7,A,Trump/ Pence,274,President,
Pittsfield,7,A,Jorgensen/ Cohen,12,President,
Pittsfield,7,A,Hawkins/ Walker,14,President,
Pittsfield,7,A,All Others,3,President,
Pittsfield,7,A,No Preference,0,President,
Pittsfield,7,A,Blanks,2,President,
Pittsfield,7,A,Total Votes Cast,1055,President,
Pittsfield,7,B,Biden/ Harris,1214,President,
Pittsfield,7,B,Trump/ Pence,403,President,
Pittsfield,7,B,Jorgensen/ Cohen,35,President,
Pittsfield,7,B,Hawkins/ Walker,12,President,
Pittsfield,7,B,All Others,2,President,
Pittsfield,7,B,No Preference,0,President,
Pittsfield,7,B,Blanks,12,President,
Pittsfield,7,B,Total Votes Cast,1678,President,
Plainfield,-,1,Biden/ Harris,316,President,
Plainfield,-,1,Trump/ Pence,116,President,
Plainfield,-,1,Jorgensen/ Cohen,6,President,
Plainfield,-,1,Hawkins/ Walker,4,President,
Plainfield,-,1,All Others,1,President,
Plainfield,-,1,No Preference,0,President,
Plainfield,-,1,Blanks,3,President,
Plainfield,-,1,Total Votes Cast,446,President,
Plainville,-,1,Biden/ Harris,1108,President,
Plainville,-,1,Trump/ Pence,827,President,
Plainville,-,1,Jorgensen/ Cohen,41,President,
Plainville,-,1,Hawkins/ Walker,5,President,
Plainville,-,1,All Others,3,President,
Plainville,-,1,No Preference,0,President,
Plainville,-,1,Blanks,15,President,
Plainville,-,1,Total Votes Cast,1999,President,
Plainville,-,2,Biden/ Harris,1097,President,
Plainville,-,2,Trump/ Pence,803,President,
Plainville,-,2,Jorgensen/ Cohen,35,President,
Plainville,-,2,Hawkins/ Walker,18,President,
Plainville,-,2,All Others,0,President,
Plainville,-,2,No Preference,0,President,
Plainville,-,2,Blanks,21,President,
Plainville,-,2,Total Votes Cast,1974,President,
Plainville,-,3,Biden/ Harris,991,President,
Plainville,-,3,Trump/ Pence,844,President,
Plainville,-,3,Jorgensen/ Cohen,36,President,
Plainville,-,3,Hawkins/ Walker,15,President,
Plainville,-,3,All Others,0,President,
Plainville,-,3,No Preference,0,President,
Plainville,-,3,Blanks,18,President,
Plainville,-,3,Total Votes Cast,1904,President,
Plymouth,-,1,Biden/ Harris,1162,President,
Plymouth,-,1,Trump/ Pence,674,President,
Plymouth,-,1,Jorgensen/ Cohen,28,President,
Plymouth,-,1,Hawkins/ Walker,12,President,
Plymouth,-,1,All Others,10,President,
Plymouth,-,1,No Preference,0,President,
Plymouth,-,1,Blanks,9,President,
Plymouth,-,1,Total Votes Cast,1895,President,
Plymouth,-,10,Biden/ Harris,888,President,
Plymouth,-,10,Trump/ Pence,700,President,
Plymouth,-,10,Jorgensen/ Cohen,14,President,
Plymouth,-,10,Hawkins/ Walker,5,President,
Plymouth,-,10,All Others,6,President,
Plymouth,-,10,No Preference,0,President,
Plymouth,-,10,Blanks,8,President,
Plymouth,-,10,Total Votes Cast,1621,President,
Plymouth,-,11,Biden/ Harris,1329,President,
Plymouth,-,11,Trump/ Pence,1086,President,
Plymouth,-,11,Jorgensen/ Cohen,29,President,
Plymouth,-,11,Hawkins/ Walker,10,President,
Plymouth,-,11,All Others,9,President,
Plymouth,-,11,No Preference,0,President,
Plymouth,-,11,Blanks,17,President,
Plymouth,-,11,Total Votes Cast,2480,President,
Plymouth,-,12,Biden/ Harris,1562,President,
Plymouth,-,12,Trump/ Pence,1185,President,
Plymouth,-,12,Jorgensen/ Cohen,47,President,
Plymouth,-,12,Hawkins/ Walker,14,President,
Plymouth,-,12,All Others,21,President,
Plymouth,-,12,No Preference,0,President,
Plymouth,-,12,Blanks,15,President,
Plymouth,-,12,Total Votes Cast,2844,President,
Plymouth,-,13,Biden/ Harris,1436,President,
Plymouth,-,13,Trump/ Pence,1099,President,
Plymouth,-,13,Jorgensen/ Cohen,26,President,
Plymouth,-,13,Hawkins/ Walker,9,President,
Plymouth,-,13,All Others,11,President,
Plymouth,-,13,No Preference,0,President,
Plymouth,-,13,Blanks,11,President,
Plymouth,-,13,Total Votes Cast,2592,President,
Plymouth,-,14,Biden/ Harris,1236,President,
Plymouth,-,14,Trump/ Pence,1177,President,
Plymouth,-,14,Jorgensen/ Cohen,44,President,
Plymouth,-,14,Hawkins/ Walker,19,President,
Plymouth,-,14,All Others,16,President,
Plymouth,-,14,No Preference,0,President,
Plymouth,-,14,Blanks,24,President,
Plymouth,-,14,Total Votes Cast,2516,President,
Plymouth,-,15,Biden/ Harris,3032,President,
Plymouth,-,15,Trump/ Pence,1769,President,
Plymouth,-,15,Jorgensen/ Cohen,59,President,
Plymouth,-,15,Hawkins/ Walker,11,President,
Plymouth,-,15,All Others,30,President,
Plymouth,-,15,No Preference,0,President,
Plymouth,-,15,Blanks,42,President,
Plymouth,-,15,Total Votes Cast,4943,President,
Plymouth,-,2,Biden/ Harris,1530,President,
Plymouth,-,2,Trump/ Pence,935,President,
Plymouth,-,2,Jorgensen/ Cohen,50,President,
Plymouth,-,2,Hawkins/ Walker,15,President,
Plymouth,-,2,All Others,10,President,
Plymouth,-,2,No Preference,0,President,
Plymouth,-,2,Blanks,11,President,
Plymouth,-,2,Total Votes Cast,2551,President,
Plymouth,-,3,Biden/ Harris,1278,President,
Plymouth,-,3,Trump/ Pence,692,President,
Plymouth,-,3,Jorgensen/ Cohen,36,President,
Plymouth,-,3,Hawkins/ Walker,7,President,
Plymouth,-,3,All Others,7,President,
Plymouth,-,3,No Preference,0,President,
Plymouth,-,3,Blanks,11,President,
Plymouth,-,3,Total Votes Cast,2031,President,
Plymouth,-,4,Biden/ Harris,1308,President,
Plymouth,-,4,Trump/ Pence,814,President,
Plymouth,-,4,Jorgensen/ Cohen,23,President,
Plymouth,-,4,Hawkins/ Walker,4,President,
Plymouth,-,4,All Others,12,President,
Plymouth,-,4,No Preference,0,President,
Plymouth,-,4,Blanks,10,President,
Plymouth,-,4,Total Votes Cast,2171,President,
Plymouth,-,5,Biden/ Harris,1323,President,
Plymouth,-,5,Trump/ Pence,1059,President,
Plymouth,-,5,Jorgensen/ Cohen,41,President,
Plymouth,-,5,Hawkins/ Walker,16,President,
Plymouth,-,5,All Others,10,President,
Plymouth,-,5,No Preference,0,President,
Plymouth,-,5,Blanks,13,President,
Plymouth,-,5,Total Votes Cast,2462,President,
Plymouth,-,6,Biden/ Harris,1431,President,
Plymouth,-,6,Trump/ Pence,874,President,
Plymouth,-,6,Jorgensen/ Cohen,40,President,
Plymouth,-,6,Hawkins/ Walker,13,President,
Plymouth,-,6,All Others,10,President,
Plymouth,-,6,No Preference,0,President,
Plymouth,-,6,Blanks,10,President,
Plymouth,-,6,Total Votes Cast,2378,President,
Plymouth,-,7,Biden/ Harris,1312,President,
Plymouth,-,7,Trump/ Pence,1008,President,
Plymouth,-,7,Jorgensen/ Cohen,33,President,
Plymouth,-,7,Hawkins/ Walker,8,President,
Plymouth,-,7,All Others,13,President,
Plymouth,-,7,No Preference,0,President,
Plymouth,-,7,Blanks,9,President,
Plymouth,-,7,Total Votes Cast,2383,President,
Plymouth,-,8,Biden/ Harris,1378,President,
Plymouth,-,8,Trump/ Pence,1118,President,
Plymouth,-,8,Jorgensen/ Cohen,40,President,
Plymouth,-,8,Hawkins/ Walker,17,President,
Plymouth,-,8,All Others,16,President,
Plymouth,-,8,No Preference,0,President,
Plymouth,-,8,Blanks,9,President,
Plymouth,-,8,Total Votes Cast,2578,President,
Plymouth,-,9,Biden/ Harris,1061,President,
Plymouth,-,9,Trump/ Pence,962,President,
Plymouth,-,9,Jorgensen/ Cohen,50,President,
Plymouth,-,9,Hawkins/ Walker,6,President,
Plymouth,-,9,All Others,11,President,
Plymouth,-,9,No Preference,0,President,
Plymouth,-,9,Blanks,9,President,
Plymouth,-,9,Total Votes Cast,2099,President,
Plympton,-,1,Biden/ Harris,962,President,
Plympton,-,1,Trump/ Pence,912,President,
Plympton,-,1,Jorgensen/ Cohen,31,President,
Plympton,-,1,Hawkins/ Walker,12,President,
Plympton,-,1,All Others,1,President,
Plympton,-,1,No Preference,0,President,
Plympton,-,1,Blanks,16,President,
Plympton,-,1,Total Votes Cast,1934,President,
Princeton,-,1,Biden/ Harris,1530,President,
Princeton,-,1,Trump/ Pence,977,President,
Princeton,-,1,Jorgensen/ Cohen,45,President,
Princeton,-,1,Hawkins/ Walker,3,President,
Princeton,-,1,All Others,20,President,
Princeton,-,1,No Preference,0,President,
Princeton,-,1,Blanks,16,President,
Princeton,-,1,Total Votes Cast,2591,President,
Provincetown,-,1,Biden/ Harris,2402,President,
Provincetown,-,1,Trump/ Pence,182,President,
Provincetown,-,1,Jorgensen/ Cohen,10,President,
Provincetown,-,1,Hawkins/ Walker,6,President,
Provincetown,-,1,All Others,13,President,
Provincetown,-,1,No Preference,0,President,
Provincetown,-,1,Blanks,7,President,
Provincetown,-,1,Total Votes Cast,2620,President,
Quincy,1,1,Biden/ Harris,999,President,
Quincy,1,1,Trump/ Pence,466,President,
Quincy,1,1,Jorgensen/ Cohen,18,President,
Quincy,1,1,Hawkins/ Walker,11,President,
Quincy,1,1,All Others,6,President,
Quincy,1,1,No Preference,0,President,
Quincy,1,1,Blanks,23,President,
Quincy,1,1,Total Votes Cast,1523,President,
Quincy,1,2,Biden/ Harris,807,President,
Quincy,1,2,Trump/ Pence,405,President,
Quincy,1,2,Jorgensen/ Cohen,14,President,
Quincy,1,2,Hawkins/ Walker,8,President,
Quincy,1,2,All Others,4,President,
Quincy,1,2,No Preference,0,President,
Quincy,1,2,Blanks,13,President,
Quincy,1,2,Total Votes Cast,1251,President,
Quincy,1,3,Biden/ Harris,1119,President,
Quincy,1,3,Trump/ Pence,446,President,
Quincy,1,3,Jorgensen/ Cohen,14,President,
Quincy,1,3,Hawkins/ Walker,16,President,
Quincy,1,3,All Others,11,President,
Quincy,1,3,No Preference,0,President,
Quincy,1,3,Blanks,8,President,
Quincy,1,3,Total Votes Cast,1614,President,
Quincy,1,4,Biden/ Harris,1091,President,
Quincy,1,4,Trump/ Pence,799,President,
Quincy,1,4,Jorgensen/ Cohen,24,President,
Quincy,1,4,Hawkins/ Walker,5,President,
Quincy,1,4,All Others,11,President,
Quincy,1,4,No Preference,0,President,
Quincy,1,4,Blanks,12,President,
Quincy,1,4,Total Votes Cast,1942,President,
Quincy,1,5,Biden/ Harris,1114,President,
Quincy,1,5,Trump/ Pence,833,President,
Quincy,1,5,Jorgensen/ Cohen,26,President,
Quincy,1,5,Hawkins/ Walker,8,President,
Quincy,1,5,All Others,13,President,
Quincy,1,5,No Preference,0,President,
Quincy,1,5,Blanks,25,President,
Quincy,1,5,Total Votes Cast,2019,President,
Quincy,2,1,Biden/ Harris,1025,President,
Quincy,2,1,Trump/ Pence,525,President,
Quincy,2,1,Jorgensen/ Cohen,18,President,
Quincy,2,1,Hawkins/ Walker,4,President,
Quincy,2,1,All Others,7,President,
Quincy,2,1,No Preference,0,President,
Quincy,2,1,Blanks,9,President,
Quincy,2,1,Total Votes Cast,1588,President,
Quincy,2,2,Biden/ Harris,1016,President,
Quincy,2,2,Trump/ Pence,365,President,
Quincy,2,2,Jorgensen/ Cohen,9,President,
Quincy,2,2,Hawkins/ Walker,12,President,
Quincy,2,2,All Others,10,President,
Quincy,2,2,No Preference,0,President,
Quincy,2,2,Blanks,9,President,
Quincy,2,2,Total Votes Cast,1421,President,
Quincy,2,3,Biden/ Harris,484,President,
Quincy,2,3,Trump/ Pence,189,President,
Quincy,2,3,Jorgensen/ Cohen,11,President,
Quincy,2,3,Hawkins/ Walker,3,President,
Quincy,2,3,All Others,1,President,
Quincy,2,3,No Preference,0,President,
Quincy,2,3,Blanks,6,President,
Quincy,2,3,Total Votes Cast,694,President,
Quincy,2,3A,Biden/ Harris,159,President,
Quincy,2,3A,Trump/ Pence,83,President,
Quincy,2,3A,Jorgensen/ Cohen,1,President,
Quincy,2,3A,Hawkins/ Walker,0,President,
Quincy,2,3A,All Others,0,President,
Quincy,2,3A,No Preference,0,President,
Quincy,2,3A,Blanks,1,President,
Quincy,2,3A,Total Votes Cast,244,President,
Quincy,2,4,Biden/ Harris,880,President,
Quincy,2,4,Trump/ Pence,388,President,
Quincy,2,4,Jorgensen/ Cohen,16,President,
Quincy,2,4,Hawkins/ Walker,8,President,
Quincy,2,4,All Others,6,President,
Quincy,2,4,No Preference,0,President,
Quincy,2,4,Blanks,14,President,
Quincy,2,4,Total Votes Cast,1312,President,
Quincy,2,5,Biden/ Harris,1089,President,
Quincy,2,5,Trump/ Pence,496,President,
Quincy,2,5,Jorgensen/ Cohen,26,President,
Quincy,2,5,Hawkins/ Walker,7,President,
Quincy,2,5,All Others,4,President,
Quincy,2,5,No Preference,0,President,
Quincy,2,5,Blanks,11,President,
Quincy,2,5,Total Votes Cast,1633,President,
Quincy,3,1,Biden/ Harris,1338,President,
Quincy,3,1,Trump/ Pence,532,President,
Quincy,3,1,Jorgensen/ Cohen,27,President,
Quincy,3,1,Hawkins/ Walker,8,President,
Quincy,3,1,All Others,11,President,
Quincy,3,1,No Preference,0,President,
Quincy,3,1,Blanks,19,President,
Quincy,3,1,Total Votes Cast,1935,President,
Quincy,3,2,Biden/ Harris,1056,President,
Quincy,3,2,Trump/ Pence,371,President,
Quincy,3,2,Jorgensen/ Cohen,19,President,
Quincy,3,2,Hawkins/ Walker,7,President,
Quincy,3,2,All Others,10,President,
Quincy,3,2,No Preference,0,President,
Quincy,3,2,Blanks,13,President,
Quincy,3,2,Total Votes Cast,1476,President,
Quincy,3,3,Biden/ Harris,756,President,
Quincy,3,3,Trump/ Pence,293,President,
Quincy,3,3,Jorgensen/ Cohen,7,President,
Quincy,3,3,Hawkins/ Walker,4,President,
Quincy,3,3,All Others,2,President,
Quincy,3,3,No Preference,0,President,
Quincy,3,3,Blanks,15,President,
Quincy,3,3,Total Votes Cast,1077,President,
Quincy,3,4,Biden/ Harris,973,President,
Quincy,3,4,Trump/ Pence,564,President,
Quincy,3,4,Jorgensen/ Cohen,21,President,
Quincy,3,4,Hawkins/ Walker,9,President,
Quincy,3,4,All Others,10,President,
Quincy,3,4,No Preference,0,President,
Quincy,3,4,Blanks,12,President,
Quincy,3,4,Total Votes Cast,1589,President,
Quincy,3,5,Biden/ Harris,558,President,
Quincy,3,5,Trump/ Pence,119,President,
Quincy,3,5,Jorgensen/ Cohen,7,President,
Quincy,3,5,Hawkins/ Walker,1,President,
Quincy,3,5,All Others,2,President,
Quincy,3,5,No Preference,0,President,
Quincy,3,5,Blanks,6,President,
Quincy,3,5,Total Votes Cast,693,President,
Quincy,4,1,Biden/ Harris,1276,President,
Quincy,4,1,Trump/ Pence,515,President,
Quincy,4,1,Jorgensen/ Cohen,18,President,
Quincy,4,1,Hawkins/ Walker,8,President,
Quincy,4,1,All Others,7,President,
Quincy,4,1,No Preference,0,President,
Quincy,4,1,Blanks,18,President,
Quincy,4,1,Total Votes Cast,1842,President,
Quincy,4,2,Biden/ Harris,1138,President,
Quincy,4,2,Trump/ Pence,613,President,
Quincy,4,2,Jorgensen/ Cohen,24,President,
Quincy,4,2,Hawkins/ Walker,4,President,
Quincy,4,2,All Others,9,President,
Quincy,4,2,No Preference,0,President,
Quincy,4,2,Blanks,9,President,
Quincy,4,2,Total Votes Cast,1797,President,
Quincy,4,3,Biden/ Harris,1266,President,
Quincy,4,3,Trump/ Pence,773,President,
Quincy,4,3,Jorgensen/ Cohen,20,President,
Quincy,4,3,Hawkins/ Walker,9,President,
Quincy,4,3,All Others,10,President,
Quincy,4,3,No Preference,0,President,
Quincy,4,3,Blanks,11,President,
Quincy,4,3,Total Votes Cast,2089,President,
Quincy,4,4,Biden/ Harris,926,President,
Quincy,4,4,Trump/ Pence,329,President,
Quincy,4,4,Jorgensen/ Cohen,21,President,
Quincy,4,4,Hawkins/ Walker,9,President,
Quincy,4,4,All Others,7,President,
Quincy,4,4,No Preference,0,President,
Quincy,4,4,Blanks,9,President,
Quincy,4,4,Total Votes Cast,1301,President,
Quincy,4,5,Biden/ Harris,1011,President,
Quincy,4,5,Trump/ Pence,464,President,
Quincy,4,5,Jorgensen/ Cohen,20,President,
Quincy,4,5,Hawkins/ Walker,9,President,
Quincy,4,5,All Others,7,President,
Quincy,4,5,No Preference,0,President,
Quincy,4,5,Blanks,15,President,
Quincy,4,5,Total Votes Cast,1526,President,
Quincy,5,1,Biden/ Harris,1245,President,
Quincy,5,1,Trump/ Pence,394,President,
Quincy,5,1,Jorgensen/ Cohen,30,President,
Quincy,5,1,Hawkins/ Walker,10,President,
Quincy,5,1,All Others,9,President,
Quincy,5,1,No Preference,0,President,
Quincy,5,1,Blanks,16,President,
Quincy,5,1,Total Votes Cast,1704,President,
Quincy,5,2,Biden/ Harris,995,President,
Quincy,5,2,Trump/ Pence,358,President,
Quincy,5,2,Jorgensen/ Cohen,15,President,
Quincy,5,2,Hawkins/ Walker,11,President,
Quincy,5,2,All Others,4,President,
Quincy,5,2,No Preference,0,President,
Quincy,5,2,Blanks,17,President,
Quincy,5,2,Total Votes Cast,1400,President,
Quincy,5,3,Biden/ Harris,1168,President,
Quincy,5,3,Trump/ Pence,462,President,
Quincy,5,3,Jorgensen/ Cohen,22,President,
Quincy,5,3,Hawkins/ Walker,8,President,
Quincy,5,3,All Others,8,President,
Quincy,5,3,No Preference,0,President,
Quincy,5,3,Blanks,8,President,
Quincy,5,3,Total Votes Cast,1676,President,
Quincy,5,4,Biden/ Harris,855,President,
Quincy,5,4,Trump/ Pence,426,President,
Quincy,5,4,Jorgensen/ Cohen,7,President,
Quincy,5,4,Hawkins/ Walker,7,President,
Quincy,5,4,All Others,7,President,
Quincy,5,4,No Preference,0,President,
Quincy,5,4,Blanks,7,President,
Quincy,5,4,Total Votes Cast,1309,President,
Quincy,5,5,Biden/ Harris,1009,President,
Quincy,5,5,Trump/ Pence,481,President,
Quincy,5,5,Jorgensen/ Cohen,24,President,
Quincy,5,5,Hawkins/ Walker,9,President,
Quincy,5,5,All Others,10,President,
Quincy,5,5,No Preference,0,President,
Quincy,5,5,Blanks,10,President,
Quincy,5,5,Total Votes Cast,1543,President,
Quincy,6,1,Biden/ Harris,922,President,
Quincy,6,1,Trump/ Pence,430,President,
Quincy,6,1,Jorgensen/ Cohen,19,President,
Quincy,6,1,Hawkins/ Walker,7,President,
Quincy,6,1,All Others,10,President,
Quincy,6,1,No Preference,0,President,
Quincy,6,1,Blanks,14,President,
Quincy,6,1,Total Votes Cast,1402,President,
Quincy,6,2,Biden/ Harris,741,President,
Quincy,6,2,Trump/ Pence,317,President,
Quincy,6,2,Jorgensen/ Cohen,4,President,
Quincy,6,2,Hawkins/ Walker,7,President,
Quincy,6,2,All Others,5,President,
Quincy,6,2,No Preference,0,President,
Quincy,6,2,Blanks,8,President,
Quincy,6,2,Total Votes Cast,1082,President,
Quincy,6,3,Biden/ Harris,1327,President,
Quincy,6,3,Trump/ Pence,674,President,
Quincy,6,3,Jorgensen/ Cohen,25,President,
Quincy,6,3,Hawkins/ Walker,7,President,
Quincy,6,3,All Others,11,President,
Quincy,6,3,No Preference,0,President,
Quincy,6,3,Blanks,25,President,
Quincy,6,3,Total Votes Cast,2069,President,
Quincy,6,4,Biden/ Harris,896,President,
Quincy,6,4,Trump/ Pence,360,President,
Quincy,6,4,Jorgensen/ Cohen,12,President,
Quincy,6,4,Hawkins/ Walker,6,President,
Quincy,6,4,All Others,10,President,
Quincy,6,4,No Preference,0,President,
Quincy,6,4,Blanks,12,President,
Quincy,6,4,Total Votes Cast,1296,President,
Quincy,6,5,Biden/ Harris,1207,President,
Quincy,6,5,Trump/ Pence,870,President,
Quincy,6,5,Jorgensen/ Cohen,19,President,
Quincy,6,5,Hawkins/ Walker,13,President,
Quincy,6,5,All Others,12,President,
Quincy,6,5,No Preference,0,President,
Quincy,6,5,Blanks,21,President,
Quincy,6,5,Total Votes Cast,2142,President,
Randolph,-,1,Biden/ Harris,1137,President,
Randolph,-,1,Trump/ Pence,261,President,
Randolph,-,1,Jorgensen/ Cohen,7,President,
Randolph,-,1,Hawkins/ Walker,9,President,
Randolph,-,1,All Others,8,President,
Randolph,-,1,No Preference,0,President,
Randolph,-,1,Blanks,5,President,
Randolph,-,1,Total Votes Cast,1427,President,
Randolph,-,10,Biden/ Harris,1149,President,
Randolph,-,10,Trump/ Pence,328,President,
Randolph,-,10,Jorgensen/ Cohen,13,President,
Randolph,-,10,Hawkins/ Walker,5,President,
Randolph,-,10,All Others,1,President,
Randolph,-,10,No Preference,0,President,
Randolph,-,10,Blanks,6,President,
Randolph,-,10,Total Votes Cast,1502,President,
Randolph,-,11,Biden/ Harris,1178,President,
Randolph,-,11,Trump/ Pence,427,President,
Randolph,-,11,Jorgensen/ Cohen,13,President,
Randolph,-,11,Hawkins/ Walker,8,President,
Randolph,-,11,All Others,4,President,
Randolph,-,11,No Preference,0,President,
Randolph,-,11,Blanks,4,President,
Randolph,-,11,Total Votes Cast,1634,President,
Randolph,-,12,Biden/ Harris,1254,President,
Randolph,-,12,Trump/ Pence,423,President,
Randolph,-,12,Jorgensen/ Cohen,15,President,
Randolph,-,12,Hawkins/ Walker,2,President,
Randolph,-,12,All Others,10,President,
Randolph,-,12,No Preference,0,President,
Randolph,-,12,Blanks,10,President,
Randolph,-,12,Total Votes Cast,1714,President,
Randolph,-,2,Biden/ Harris,1026,President,
Randolph,-,2,Trump/ Pence,198,President,
Randolph,-,2,Jorgensen/ Cohen,6,President,
Randolph,-,2,Hawkins/ Walker,11,President,
Randolph,-,2,All Others,3,President,
Randolph,-,2,No Preference,0,President,
Randolph,-,2,Blanks,14,President,
Randolph,-,2,Total Votes Cast,1258,President,
Randolph,-,3,Biden/ Harris,1193,President,
Randolph,-,3,Trump/ Pence,249,President,
Randolph,-,3,Jorgensen/ Cohen,4,President,
Randolph,-,3,Hawkins/ Walker,8,President,
Randolph,-,3,All Others,4,President,
Randolph,-,3,No Preference,0,President,
Randolph,-,3,Blanks,10,President,
Randolph,-,3,Total Votes Cast,1468,President,
Randolph,-,4,Biden/ Harris,1214,President,
Randolph,-,4,Trump/ Pence,281,President,
Randolph,-,4,Jorgensen/ Cohen,8,President,
Randolph,-,4,Hawkins/ Walker,1,President,
Randolph,-,4,All Others,7,President,
Randolph,-,4,No Preference,0,President,
Randolph,-,4,Blanks,10,President,
Randolph,-,4,Total Votes Cast,1521,President,
Randolph,-,5,Biden/ Harris,1064,President,
Randolph,-,5,Trump/ Pence,352,President,
Randolph,-,5,Jorgensen/ Cohen,11,President,
Randolph,-,5,Hawkins/ Walker,4,President,
Randolph,-,5,All Others,5,President,
Randolph,-,5,No Preference,0,President,
Randolph,-,5,Blanks,13,President,
Randolph,-,5,Total Votes Cast,1449,President,
Randolph,-,6,Biden/ Harris,972,President,
Randolph,-,6,Trump/ Pence,260,President,
Randolph,-,6,Jorgensen/ Cohen,6,President,
Randolph,-,6,Hawkins/ Walker,6,President,
Randolph,-,6,All Others,6,President,
Randolph,-,6,No Preference,0,President,
Randolph,-,6,Blanks,12,President,
Randolph,-,6,Total Votes Cast,1262,President,
Randolph,-,7,Biden/ Harris,1134,President,
Randolph,-,7,Trump/ Pence,285,President,
Randolph,-,7,Jorgensen/ Cohen,9,President,
Randolph,-,7,Hawkins/ Walker,6,President,
Randolph,-,7,All Others,6,President,
Randolph,-,7,No Preference,0,President,
Randolph,-,7,Blanks,12,President,
Randolph,-,7,Total Votes Cast,1452,President,
Randolph,-,8,Biden/ Harris,1178,President,
Randolph,-,8,Trump/ Pence,230,President,
Randolph,-,8,Jorgensen/ Cohen,12,President,
Randolph,-,8,Hawkins/ Walker,6,President,
Randolph,-,8,All Others,8,President,
Randolph,-,8,No Preference,0,President,
Randolph,-,8,Blanks,9,President,
Randolph,-,8,Total Votes Cast,1443,President,
Randolph,-,9,Biden/ Harris,1177,President,
Randolph,-,9,Trump/ Pence,229,President,
Randolph,-,9,Jorgensen/ Cohen,9,President,
Randolph,-,9,Hawkins/ Walker,9,President,
Randolph,-,9,All Others,6,President,
Randolph,-,9,No Preference,0,President,
Randolph,-,9,Blanks,5,President,
Randolph,-,9,Total Votes Cast,1435,President,
Raynham,-,1,Biden/ Harris,1112,President,
Raynham,-,1,Trump/ Pence,913,President,
Raynham,-,1,Jorgensen/ Cohen,31,President,
Raynham,-,1,Hawkins/ Walker,12,President,
Raynham,-,1,All Others,10,President,
Raynham,-,1,No Preference,0,President,
Raynham,-,1,Blanks,8,President,
Raynham,-,1,Total Votes Cast,2086,President,
Raynham,-,1A,Biden/ Harris,106,President,
Raynham,-,1A,Trump/ Pence,128,President,
Raynham,-,1A,Jorgensen/ Cohen,2,President,
Raynham,-,1A,Hawkins/ Walker,2,President,
Raynham,-,1A,All Others,0,President,
Raynham,-,1A,No Preference,0,President,
Raynham,-,1A,Blanks,3,President,
Raynham,-,1A,Total Votes Cast,241,President,
Raynham,-,2,Biden/ Harris,837,President,
Raynham,-,2,Trump/ Pence,854,President,
Raynham,-,2,Jorgensen/ Cohen,25,President,
Raynham,-,2,Hawkins/ Walker,6,President,
Raynham,-,2,All Others,8,President,
Raynham,-,2,No Preference,0,President,
Raynham,-,2,Blanks,12,President,
Raynham,-,2,Total Votes Cast,1742,President,
Raynham,-,2A,Biden/ Harris,152,President,
Raynham,-,2A,Trump/ Pence,194,President,
Raynham,-,2A,Jorgensen/ Cohen,12,President,
Raynham,-,2A,Hawkins/ Walker,1,President,
Raynham,-,2A,All Others,0,President,
Raynham,-,2A,No Preference,0,President,
Raynham,-,2A,Blanks,2,President,
Raynham,-,2A,Total Votes Cast,361,President,
Raynham,-,3,Biden/ Harris,1145,President,
Raynham,-,3,Trump/ Pence,1213,President,
Raynham,-,3,Jorgensen/ Cohen,26,President,
Raynham,-,3,Hawkins/ Walker,10,President,
Raynham,-,3,All Others,9,President,
Raynham,-,3,No Preference,0,President,
Raynham,-,3,Blanks,8,President,
Raynham,-,3,Total Votes Cast,2411,President,
Raynham,-,4,Biden/ Harris,1020,President,
Raynham,-,4,Trump/ Pence,941,President,
Raynham,-,4,Jorgensen/ Cohen,34,President,
Raynham,-,4,Hawkins/ Walker,8,President,
Raynham,-,4,All Others,0,President,
Raynham,-,4,No Preference,0,President,
Raynham,-,4,Blanks,15,President,
Raynham,-,4,Total Votes Cast,2018,President,
Reading,-,1,Biden/ Harris,1466,President,
Reading,-,1,Trump/ Pence,783,President,
Reading,-,1,Jorgensen/ Cohen,28,President,
Reading,-,1,Hawkins/ Walker,10,President,
Reading,-,1,All Others,14,President,
Reading,-,1,No Preference,0,President,
Reading,-,1,Blanks,18,President,
Reading,-,1,Total Votes Cast,2319,President,
Reading,-,2,Biden/ Harris,1317,President,
Reading,-,2,Trump/ Pence,635,President,
Reading,-,2,Jorgensen/ Cohen,18,President,
Reading,-,2,Hawkins/ Walker,29,President,
Reading,-,2,All Others,1,President,
Reading,-,2,No Preference,0,President,
Reading,-,2,Blanks,52,President,
Reading,-,2,Total Votes Cast,2052,President,
Reading,-,3,Biden/ Harris,1604,President,
Reading,-,3,Trump/ Pence,869,President,
Reading,-,3,Jorgensen/ Cohen,29,President,
Reading,-,3,Hawkins/ Walker,6,President,
Reading,-,3,All Others,18,President,
Reading,-,3,No Preference,0,President,
Reading,-,3,Blanks,19,President,
Reading,-,3,Total Votes Cast,2545,President,
Reading,-,4,Biden/ Harris,1432,President,
Reading,-,4,Trump/ Pence,626,President,
Reading,-,4,Jorgensen/ Cohen,29,President,
Reading,-,4,Hawkins/ Walker,5,President,
Reading,-,4,All Others,7,President,
Reading,-,4,No Preference,0,President,
Reading,-,4,Blanks,15,President,
Reading,-,4,Total Votes Cast,2114,President,
Reading,-,5,Biden/ Harris,1450,President,
Reading,-,5,Trump/ Pence,604,President,
Reading,-,5,Jorgensen/ Cohen,29,President,
Reading,-,5,Hawkins/ Walker,4,President,
Reading,-,5,All Others,8,President,
Reading,-,5,No Preference,0,President,
Reading,-,5,Blanks,21,President,
Reading,-,5,Total Votes Cast,2116,President,
Reading,-,6,Biden/ Harris,1120,President,
Reading,-,6,Trump/ Pence,557,President,
Reading,-,6,Jorgensen/ Cohen,25,President,
Reading,-,6,Hawkins/ Walker,5,President,
Reading,-,6,All Others,11,President,
Reading,-,6,No Preference,0,President,
Reading,-,6,Blanks,11,President,
Reading,-,6,Total Votes Cast,1729,President,
Reading,-,7,Biden/ Harris,1424,President,
Reading,-,7,Trump/ Pence,655,President,
Reading,-,7,Jorgensen/ Cohen,27,President,
Reading,-,7,Hawkins/ Walker,7,President,
Reading,-,7,All Others,11,President,
Reading,-,7,No Preference,0,President,
Reading,-,7,Blanks,24,President,
Reading,-,7,Total Votes Cast,2148,President,
Reading,-,8,Biden/ Harris,1321,President,
Reading,-,8,Trump/ Pence,715,President,
Reading,-,8,Jorgensen/ Cohen,31,President,
Reading,-,8,Hawkins/ Walker,9,President,
Reading,-,8,All Others,13,President,
Reading,-,8,No Preference,0,President,
Reading,-,8,Blanks,17,President,
Reading,-,8,Total Votes Cast,2106,President,
Rehoboth,-,1,Biden/ Harris,1134,President,
Rehoboth,-,1,Trump/ Pence,1345,President,
Rehoboth,-,1,Jorgensen/ Cohen,41,President,
Rehoboth,-,1,Hawkins/ Walker,13,President,
Rehoboth,-,1,All Others,12,President,
Rehoboth,-,1,No Preference,0,President,
Rehoboth,-,1,Blanks,7,President,
Rehoboth,-,1,Total Votes Cast,2552,President,
Rehoboth,-,2,Biden/ Harris,1214,President,
Rehoboth,-,2,Trump/ Pence,1304,President,
Rehoboth,-,2,Jorgensen/ Cohen,29,President,
Rehoboth,-,2,Hawkins/ Walker,7,President,
Rehoboth,-,2,All Others,12,President,
Rehoboth,-,2,No Preference,0,President,
Rehoboth,-,2,Blanks,7,President,
Rehoboth,-,2,Total Votes Cast,2573,President,
Rehoboth,-,3,Biden/ Harris,1302,President,
Rehoboth,-,3,Trump/ Pence,1427,President,
Rehoboth,-,3,Jorgensen/ Cohen,48,President,
Rehoboth,-,3,Hawkins/ Walker,18,President,
Rehoboth,-,3,All Others,11,President,
Rehoboth,-,3,No Preference,0,President,
Rehoboth,-,3,Blanks,13,President,
Rehoboth,-,3,Total Votes Cast,2819,President,
Revere,1,1,Biden/ Harris,856,President,
Revere,1,1,Trump/ Pence,367,President,
Revere,1,1,Jorgensen/ Cohen,7,President,
Revere,1,1,Hawkins/ Walker,8,President,
Revere,1,1,All Others,6,President,
Revere,1,1,No Preference,0,President,
Revere,1,1,Blanks,9,President,
Revere,1,1,Total Votes Cast,1253,President,
Revere,1,2,Biden/ Harris,716,President,
Revere,1,2,Trump/ Pence,327,President,
Revere,1,2,Jorgensen/ Cohen,7,President,
Revere,1,2,Hawkins/ Walker,9,President,
Revere,1,2,All Others,4,President,
Revere,1,2,No Preference,0,President,
Revere,1,2,Blanks,9,President,
Revere,1,2,Total Votes Cast,1072,President,
Revere,1,3,Biden/ Harris,733,President,
Revere,1,3,Trump/ Pence,310,President,
Revere,1,3,Jorgensen/ Cohen,4,President,
Revere,1,3,Hawkins/ Walker,7,President,
Revere,1,3,All Others,4,President,
Revere,1,3,No Preference,0,President,
Revere,1,3,Blanks,6,President,
Revere,1,3,Total Votes Cast,1064,President,
Revere,2,1,Biden/ Harris,697,President,
Revere,2,1,Trump/ Pence,191,President,
Revere,2,1,Jorgensen/ Cohen,7,President,
Revere,2,1,Hawkins/ Walker,9,President,
Revere,2,1,All Others,0,President,
Revere,2,1,No Preference,0,President,
Revere,2,1,Blanks,0,President,
Revere,2,1,Total Votes Cast,904,President,
Revere,2,2,Biden/ Harris,921,President,
Revere,2,2,Trump/ Pence,263,President,
Revere,2,2,Jorgensen/ Cohen,18,President,
Revere,2,2,Hawkins/ Walker,6,President,
Revere,2,2,All Others,3,President,
Revere,2,2,No Preference,0,President,
Revere,2,2,Blanks,3,President,
Revere,2,2,Total Votes Cast,1214,President,
Revere,2,3,Biden/ Harris,301,President,
Revere,2,3,Trump/ Pence,84,President,
Revere,2,3,Jorgensen/ Cohen,4,President,
Revere,2,3,Hawkins/ Walker,2,President,
Revere,2,3,All Others,0,President,
Revere,2,3,No Preference,0,President,
Revere,2,3,Blanks,1,President,
Revere,2,3,Total Votes Cast,392,President,
Revere,2,3A,Biden/ Harris,107,President,
Revere,2,3A,Trump/ Pence,50,President,
Revere,2,3A,Jorgensen/ Cohen,2,President,
Revere,2,3A,Hawkins/ Walker,1,President,
Revere,2,3A,All Others,0,President,
Revere,2,3A,No Preference,0,President,
Revere,2,3A,Blanks,1,President,
Revere,2,3A,Total Votes Cast,161,President,
Revere,3,1,Biden/ Harris,757,President,
Revere,3,1,Trump/ Pence,451,President,
Revere,3,1,Jorgensen/ Cohen,5,President,
Revere,3,1,Hawkins/ Walker,2,President,
Revere,3,1,All Others,2,President,
Revere,3,1,No Preference,0,President,
Revere,3,1,Blanks,12,President,
Revere,3,1,Total Votes Cast,1229,President,
Revere,3,2,Biden/ Harris,709,President,
Revere,3,2,Trump/ Pence,350,President,
Revere,3,2,Jorgensen/ Cohen,9,President,
Revere,3,2,Hawkins/ Walker,6,President,
Revere,3,2,All Others,10,President,
Revere,3,2,No Preference,0,President,
Revere,3,2,Blanks,2,President,
Revere,3,2,Total Votes Cast,1086,President,
Revere,3,3,Biden/ Harris,731,President,
Revere,3,3,Trump/ Pence,397,President,
Revere,3,3,Jorgensen/ Cohen,5,President,
Revere,3,3,Hawkins/ Walker,4,President,
Revere,3,3,All Others,2,President,
Revere,3,3,No Preference,0,President,
Revere,3,3,Blanks,5,President,
Revere,3,3,Total Votes Cast,1144,President,
Revere,4,1,Biden/ Harris,744,President,
Revere,4,1,Trump/ Pence,467,President,
Revere,4,1,Jorgensen/ Cohen,5,President,
Revere,4,1,Hawkins/ Walker,5,President,
Revere,4,1,All Others,4,President,
Revere,4,1,No Preference,0,President,
Revere,4,1,Blanks,6,President,
Revere,4,1,Total Votes Cast,1231,President,
Revere,4,2,Biden/ Harris,642,President,
Revere,4,2,Trump/ Pence,378,President,
Revere,4,2,Jorgensen/ Cohen,8,President,
Revere,4,2,Hawkins/ Walker,2,President,
Revere,4,2,All Others,5,President,
Revere,4,2,No Preference,0,President,
Revere,4,2,Blanks,2,President,
Revere,4,2,Total Votes Cast,1037,President,
Revere,4,3,Biden/ Harris,769,President,
Revere,4,3,Trump/ Pence,488,President,
Revere,4,3,Jorgensen/ Cohen,8,President,
Revere,4,3,Hawkins/ Walker,1,President,
Revere,4,3,All Others,7,President,
Revere,4,3,No Preference,0,President,
Revere,4,3,Blanks,1,President,
Revere,4,3,Total Votes Cast,1274,President,
Revere,5,1,Biden/ Harris,576,President,
Revere,5,1,Trump/ Pence,380,President,
Revere,5,1,Jorgensen/ Cohen,4,President,
Revere,5,1,Hawkins/ Walker,5,President,
Revere,5,1,All Others,4,President,
Revere,5,1,No Preference,0,President,
Revere,5,1,Blanks,9,President,
Revere,5,1,Total Votes Cast,978,President,
Revere,5,1A,Biden/ Harris,463,President,
Revere,5,1A,Trump/ Pence,244,President,
Revere,5,1A,Jorgensen/ Cohen,5,President,
Revere,5,1A,Hawkins/ Walker,3,President,
Revere,5,1A,All Others,0,President,
Revere,5,1A,No Preference,0,President,
Revere,5,1A,Blanks,7,President,
Revere,5,1A,Total Votes Cast,722,President,
Revere,5,2,Biden/ Harris,345,President,
Revere,5,2,Trump/ Pence,227,President,
Revere,5,2,Jorgensen/ Cohen,5,President,
Revere,5,2,Hawkins/ Walker,5,President,
Revere,5,2,All Others,3,President,
Revere,5,2,No Preference,0,President,
Revere,5,2,Blanks,6,President,
Revere,5,2,Total Votes Cast,591,President,
Revere,5,2A,Biden/ Harris,416,President,
Revere,5,2A,Trump/ Pence,130,President,
Revere,5,2A,Jorgensen/ Cohen,9,President,
Revere,5,2A,Hawkins/ Walker,2,President,
Revere,5,2A,All Others,2,President,
Revere,5,2A,No Preference,0,President,
Revere,5,2A,Blanks,2,President,
Revere,5,2A,Total Votes Cast,561,President,
Revere,5,3,Biden/ Harris,699,President,
Revere,5,3,Trump/ Pence,380,President,
Revere,5,3,Jorgensen/ Cohen,6,President,
Revere,5,3,Hawkins/ Walker,5,President,
Revere,5,3,All Others,6,President,
Revere,5,3,No Preference,0,President,
Revere,5,3,Blanks,4,President,
Revere,5,3,Total Votes Cast,1100,President,
Revere,6,1,Biden/ Harris,725,President,
Revere,6,1,Trump/ Pence,691,President,
Revere,6,1,Jorgensen/ Cohen,11,President,
Revere,6,1,Hawkins/ Walker,4,President,
Revere,6,1,All Others,4,President,
Revere,6,1,No Preference,0,President,
Revere,6,1,Blanks,8,President,
Revere,6,1,Total Votes Cast,1443,President,
Revere,6,2,Biden/ Harris,778,President,
Revere,6,2,Trump/ Pence,729,President,
Revere,6,2,Jorgensen/ Cohen,7,President,
Revere,6,2,Hawkins/ Walker,9,President,
Revere,6,2,All Others,3,President,
Revere,6,2,No Preference,0,President,
Revere,6,2,Blanks,8,President,
Revere,6,2,Total Votes Cast,1534,President,
Revere,6,3,Biden/ Harris,675,President,
Revere,6,3,Trump/ Pence,299,President,
Revere,6,3,Jorgensen/ Cohen,19,President,
Revere,6,3,Hawkins/ Walker,5,President,
Revere,6,3,All Others,3,President,
Revere,6,3,No Preference,0,President,
Revere,6,3,Blanks,4,President,
Revere,6,3,Total Votes Cast,1005,President,
Richmond,-,1,Biden/ Harris,828,President,
Richmond,-,1,Trump/ Pence,215,President,
Richmond,-,1,Jorgensen/ Cohen,8,President,
Richmond,-,1,Hawkins/ Walker,4,President,
Richmond,-,1,All Others,2,President,
Richmond,-,1,No Preference,0,President,
Richmond,-,1,Blanks,7,President,
Richmond,-,1,Total Votes Cast,1064,President,
Rochester,-,1,Biden/ Harris,1762,President,
Rochester,-,1,Trump/ Pence,1991,President,
Rochester,-,1,Jorgensen/ Cohen,51,President,
Rochester,-,1,Hawkins/ Walker,15,President,
Rochester,-,1,All Others,14,President,
Rochester,-,1,No Preference,0,President,
Rochester,-,1,Blanks,25,President,
Rochester,-,1,Total Votes Cast,3858,President,
Rockland,-,1,Biden/ Harris,1021,President,
Rockland,-,1,Trump/ Pence,779,President,
Rockland,-,1,Jorgensen/ Cohen,22,President,
Rockland,-,1,Hawkins/ Walker,9,President,
Rockland,-,1,All Others,14,President,
Rockland,-,1,No Preference,0,President,
Rockland,-,1,Blanks,11,President,
Rockland,-,1,Total Votes Cast,1856,President,
Rockland,-,2,Biden/ Harris,1027,President,
Rockland,-,2,Trump/ Pence,787,President,
Rockland,-,2,Jorgensen/ Cohen,24,President,
Rockland,-,2,Hawkins/ Walker,10,President,
Rockland,-,2,All Others,9,President,
Rockland,-,2,No Preference,0,President,
Rockland,-,2,Blanks,8,President,
Rockland,-,2,Total Votes Cast,1865,President,
Rockland,-,3,Biden/ Harris,756,President,
Rockland,-,3,Trump/ Pence,540,President,
Rockland,-,3,Jorgensen/ Cohen,27,President,
Rockland,-,3,Hawkins/ Walker,8,President,
Rockland,-,3,All Others,14,President,
Rockland,-,3,No Preference,0,President,
Rockland,-,3,Blanks,7,President,
Rockland,-,3,Total Votes Cast,1352,President,
Rockland,-,4,Biden/ Harris,841,President,
Rockland,-,4,Trump/ Pence,640,President,
Rockland,-,4,Jorgensen/ Cohen,24,President,
Rockland,-,4,Hawkins/ Walker,14,President,
Rockland,-,4,All Others,4,President,
Rockland,-,4,No Preference,0,President,
Rockland,-,4,Blanks,8,President,
Rockland,-,4,Total Votes Cast,1531,President,
Rockland,-,5,Biden/ Harris,805,President,
Rockland,-,5,Trump/ Pence,786,President,
Rockland,-,5,Jorgensen/ Cohen,25,President,
Rockland,-,5,Hawkins/ Walker,11,President,
Rockland,-,5,All Others,14,President,
Rockland,-,5,No Preference,0,President,
Rockland,-,5,Blanks,4,President,
Rockland,-,5,Total Votes Cast,1645,President,
Rockland,-,6,Biden/ Harris,950,President,
Rockland,-,6,Trump/ Pence,787,President,
Rockland,-,6,Jorgensen/ Cohen,31,President,
Rockland,-,6,Hawkins/ Walker,8,President,
Rockland,-,6,All Others,7,President,
Rockland,-,6,No Preference,0,President,
Rockland,-,6,Blanks,10,President,
Rockland,-,6,Total Votes Cast,1793,President,
Rockport,-,1,Biden/ Harris,946,President,
Rockport,-,1,Trump/ Pence,325,President,
Rockport,-,1,Jorgensen/ Cohen,19,President,
Rockport,-,1,Hawkins/ Walker,3,President,
Rockport,-,1,All Others,3,President,
Rockport,-,1,No Preference,0,President,
Rockport,-,1,Blanks,8,President,
Rockport,-,1,Total Votes Cast,1304,President,
Rockport,-,2,Biden/ Harris,1342,President,
Rockport,-,2,Trump/ Pence,455,President,
Rockport,-,2,Jorgensen/ Cohen,19,President,
Rockport,-,2,Hawkins/ Walker,8,President,
Rockport,-,2,All Others,8,President,
Rockport,-,2,No Preference,0,President,
Rockport,-,2,Blanks,10,President,
Rockport,-,2,Total Votes Cast,1842,President,
Rockport,-,3,Biden/ Harris,1573,President,
Rockport,-,3,Trump/ Pence,526,President,
Rockport,-,3,Jorgensen/ Cohen,27,President,
Rockport,-,3,Hawkins/ Walker,12,President,
Rockport,-,3,All Others,9,President,
Rockport,-,3,No Preference,0,President,
Rockport,-,3,Blanks,16,President,
Rockport,-,3,Total Votes Cast,2163,President,
Rowe,-,1,Biden/ Harris,152,President,
Rowe,-,1,Trump/ Pence,113,President,
Rowe,-,1,Jorgensen/ Cohen,2,President,
Rowe,-,1,Hawkins/ Walker,0,President,
Rowe,-,1,All Others,0,President,
Rowe,-,1,No Preference,0,President,
Rowe,-,1,Blanks,2,President,
Rowe,-,1,Total Votes Cast,269,President,
Rowley,-,1,Biden/ Harris,2180,President,
Rowley,-,1,Trump/ Pence,1942,President,
Rowley,-,1,Jorgensen/ Cohen,58,President,
Rowley,-,1,Hawkins/ Walker,21,President,
Rowley,-,1,All Others,26,President,
Rowley,-,1,No Preference,0,President,
Rowley,-,1,Blanks,10,President,
Rowley,-,1,Total Votes Cast,4237,President,
Royalston,-,1,Biden/ Harris,256,President,
Royalston,-,1,Trump/ Pence,206,President,
Royalston,-,1,Jorgensen/ Cohen,6,President,
Royalston,-,1,Hawkins/ Walker,3,President,
Royalston,-,1,All Others,0,President,
Royalston,-,1,No Preference,0,President,
Royalston,-,1,Blanks,0,President,
Royalston,-,1,Total Votes Cast,471,President,
Royalston,-,2,Biden/ Harris,152,President,
Royalston,-,2,Trump/ Pence,151,President,
Royalston,-,2,Jorgensen/ Cohen,12,President,
Royalston,-,2,Hawkins/ Walker,0,President,
Royalston,-,2,All Others,1,President,
Royalston,-,2,No Preference,0,President,
Royalston,-,2,Blanks,0,President,
Royalston,-,2,Total Votes Cast,316,President,
Russell,-,1,Biden/ Harris,366,President,
Russell,-,1,Trump/ Pence,512,President,
Russell,-,1,Jorgensen/ Cohen,28,President,
Russell,-,1,Hawkins/ Walker,6,President,
Russell,-,1,All Others,7,President,
Russell,-,1,No Preference,0,President,
Russell,-,1,Blanks,10,President,
Russell,-,1,Total Votes Cast,929,President,
Rutland,-,1,Biden/ Harris,942,President,
Rutland,-,1,Trump/ Pence,960,President,
Rutland,-,1,Jorgensen/ Cohen,41,President,
Rutland,-,1,Hawkins/ Walker,12,President,
Rutland,-,1,All Others,13,President,
Rutland,-,1,No Preference,0,President,
Rutland,-,1,Blanks,12,President,
Rutland,-,1,Total Votes Cast,1980,President,
Rutland,-,2,Biden/ Harris,984,President,
Rutland,-,2,Trump/ Pence,949,President,
Rutland,-,2,Jorgensen/ Cohen,47,President,
Rutland,-,2,Hawkins/ Walker,6,President,
Rutland,-,2,All Others,16,President,
Rutland,-,2,No Preference,0,President,
Rutland,-,2,Blanks,5,President,
Rutland,-,2,Total Votes Cast,2007,President,
Rutland,-,3,Biden/ Harris,892,President,
Rutland,-,3,Trump/ Pence,758,President,
Rutland,-,3,Jorgensen/ Cohen,33,President,
Rutland,-,3,Hawkins/ Walker,11,President,
Rutland,-,3,All Others,11,President,
Rutland,-,3,No Preference,0,President,
Rutland,-,3,Blanks,10,President,
Rutland,-,3,Total Votes Cast,1715,President,
S. Hadley,-,A,Biden/ Harris,1364,President,
S. Hadley,-,A,Trump/ Pence,657,President,
S. Hadley,-,A,Jorgensen/ Cohen,34,President,
S. Hadley,-,A,Hawkins/ Walker,17,President,
S. Hadley,-,A,All Others,6,President,
S. Hadley,-,A,No Preference,0,President,
S. Hadley,-,A,Blanks,7,President,
S. Hadley,-,A,Total Votes Cast,2085,President,
S. Hadley,-,B,Biden/ Harris,1470,President,
S. Hadley,-,B,Trump/ Pence,678,President,
S. Hadley,-,B,Jorgensen/ Cohen,31,President,
S. Hadley,-,B,Hawkins/ Walker,14,President,
S. Hadley,-,B,All Others,6,President,
S. Hadley,-,B,No Preference,0,President,
S. Hadley,-,B,Blanks,16,President,
S. Hadley,-,B,Total Votes Cast,2215,President,
S. Hadley,-,C,Biden/ Harris,1359,President,
S. Hadley,-,C,Trump/ Pence,816,President,
S. Hadley,-,C,Jorgensen/ Cohen,29,President,
S. Hadley,-,C,Hawkins/ Walker,14,President,
S. Hadley,-,C,All Others,9,President,
S. Hadley,-,C,No Preference,0,President,
S. Hadley,-,C,Blanks,6,President,
S. Hadley,-,C,Total Votes Cast,2233,President,
S. Hadley,-,D,Biden/ Harris,951,President,
S. Hadley,-,D,Trump/ Pence,317,President,
S. Hadley,-,D,Jorgensen/ Cohen,20,President,
S. Hadley,-,D,Hawkins/ Walker,8,President,
S. Hadley,-,D,All Others,6,President,
S. Hadley,-,D,No Preference,0,President,
S. Hadley,-,D,Blanks,5,President,
S. Hadley,-,D,Total Votes Cast,1307,President,
S. Hadley,-,E,Biden/ Harris,1446,President,
S. Hadley,-,E,Trump/ Pence,762,President,
S. Hadley,-,E,Jorgensen/ Cohen,30,President,
S. Hadley,-,E,Hawkins/ Walker,6,President,
S. Hadley,-,E,All Others,9,President,
S. Hadley,-,E,No Preference,0,President,
S. Hadley,-,E,Blanks,9,President,
S. Hadley,-,E,Total Votes Cast,2262,President,
Salem,1,1,Biden/ Harris,1514,President,
Salem,1,1,Trump/ Pence,418,President,
Salem,1,1,Jorgensen/ Cohen,25,President,
Salem,1,1,Hawkins/ Walker,20,President,
Salem,1,1,All Others,12,President,
Salem,1,1,No Preference,0,President,
Salem,1,1,Blanks,13,President,
Salem,1,1,Total Votes Cast,2002,President,
Salem,1,2,Biden/ Harris,751,President,
Salem,1,2,Trump/ Pence,125,President,
Salem,1,2,Jorgensen/ Cohen,5,President,
Salem,1,2,Hawkins/ Walker,3,President,
Salem,1,2,All Others,1,President,
Salem,1,2,No Preference,0,President,
Salem,1,2,Blanks,9,President,
Salem,1,2,Total Votes Cast,894,President,
Salem,2,1,Biden/ Harris,1617,President,
Salem,2,1,Trump/ Pence,325,President,
Salem,2,1,Jorgensen/ Cohen,25,President,
Salem,2,1,Hawkins/ Walker,19,President,
Salem,2,1,All Others,5,President,
Salem,2,1,No Preference,0,President,
Salem,2,1,Blanks,9,President,
Salem,2,1,Total Votes Cast,2000,President,
Salem,2,2,Biden/ Harris,1784,President,
Salem,2,2,Trump/ Pence,287,President,
Salem,2,2,Jorgensen/ Cohen,33,President,
Salem,2,2,Hawkins/ Walker,15,President,
Salem,2,2,All Others,15,President,
Salem,2,2,No Preference,0,President,
Salem,2,2,Blanks,6,President,
Salem,2,2,Total Votes Cast,2140,President,
Salem,3,1,Biden/ Harris,1152,President,
Salem,3,1,Trump/ Pence,362,President,
Salem,3,1,Jorgensen/ Cohen,20,President,
Salem,3,1,Hawkins/ Walker,9,President,
Salem,3,1,All Others,11,President,
Salem,3,1,No Preference,0,President,
Salem,3,1,Blanks,16,President,
Salem,3,1,Total Votes Cast,1570,President,
Salem,3,2,Biden/ Harris,1084,President,
Salem,3,2,Trump/ Pence,488,President,
Salem,3,2,Jorgensen/ Cohen,10,President,
Salem,3,2,Hawkins/ Walker,6,President,
Salem,3,2,All Others,13,President,
Salem,3,2,No Preference,0,President,
Salem,3,2,Blanks,7,President,
Salem,3,2,Total Votes Cast,1608,President,
Salem,4,1,Biden/ Harris,1232,President,
Salem,4,1,Trump/ Pence,506,President,
Salem,4,1,Jorgensen/ Cohen,23,President,
Salem,4,1,Hawkins/ Walker,11,President,
Salem,4,1,All Others,9,President,
Salem,4,1,No Preference,0,President,
Salem,4,1,Blanks,6,President,
Salem,4,1,Total Votes Cast,1787,President,
Salem,4,2,Biden/ Harris,1174,President,
Salem,4,2,Trump/ Pence,651,President,
Salem,4,2,Jorgensen/ Cohen,19,President,
Salem,4,2,Hawkins/ Walker,11,President,
Salem,4,2,All Others,5,President,
Salem,4,2,No Preference,0,President,
Salem,4,2,Blanks,10,President,
Salem,4,2,Total Votes Cast,1870,President,
Salem,5,1,Biden/ Harris,1436,President,
Salem,5,1,Trump/ Pence,382,President,
Salem,5,1,Jorgensen/ Cohen,22,President,
Salem,5,1,Hawkins/ Walker,13,President,
Salem,5,1,All Others,7,President,
Salem,5,1,No Preference,0,President,
Salem,5,1,Blanks,5,President,
Salem,5,1,Total Votes Cast,1865,President,
Salem,5,2,Biden/ Harris,1259,President,
Salem,5,2,Trump/ Pence,294,President,
Salem,5,2,Jorgensen/ Cohen,18,President,
Salem,5,2,Hawkins/ Walker,12,President,
Salem,5,2,All Others,13,President,
Salem,5,2,No Preference,0,President,
Salem,5,2,Blanks,5,President,
Salem,5,2,Total Votes Cast,1601,President,
Salem,6,1,Biden/ Harris,1405,President,
Salem,6,1,Trump/ Pence,426,President,
Salem,6,1,Jorgensen/ Cohen,33,President,
Salem,6,1,Hawkins/ Walker,10,President,
Salem,6,1,All Others,11,President,
Salem,6,1,No Preference,0,President,
Salem,6,1,Blanks,9,President,
Salem,6,1,Total Votes Cast,1894,President,
Salem,6,2,Biden/ Harris,1350,President,
Salem,6,2,Trump/ Pence,383,President,
Salem,6,2,Jorgensen/ Cohen,22,President,
Salem,6,2,Hawkins/ Walker,15,President,
Salem,6,2,All Others,4,President,
Salem,6,2,No Preference,0,President,
Salem,6,2,Blanks,12,President,
Salem,6,2,Total Votes Cast,1786,President,
Salem,7,1,Biden/ Harris,1026,President,
Salem,7,1,Trump/ Pence,309,President,
Salem,7,1,Jorgensen/ Cohen,15,President,
Salem,7,1,Hawkins/ Walker,8,President,
Salem,7,1,All Others,5,President,
Salem,7,1,No Preference,0,President,
Salem,7,1,Blanks,9,President,
Salem,7,1,Total Votes Cast,1372,President,
Salem,7,2,Biden/ Harris,1239,President,
Salem,7,2,Trump/ Pence,477,President,
Salem,7,2,Jorgensen/ Cohen,16,President,
Salem,7,2,Hawkins/ Walker,5,President,
Salem,7,2,All Others,8,President,
Salem,7,2,No Preference,0,President,
Salem,7,2,Blanks,5,President,
Salem,7,2,Total Votes Cast,1750,President,
Salisbury,-,1,Biden/ Harris,1125,President,
Salisbury,-,1,Trump/ Pence,841,President,
Salisbury,-,1,Jorgensen/ Cohen,25,President,
Salisbury,-,1,Hawkins/ Walker,3,President,
Salisbury,-,1,All Others,5,President,
Salisbury,-,1,No Preference,0,President,
Salisbury,-,1,Blanks,17,President,
Salisbury,-,1,Total Votes Cast,2016,President,
Salisbury,-,2,Biden/ Harris,961,President,
Salisbury,-,2,Trump/ Pence,892,President,
Salisbury,-,2,Jorgensen/ Cohen,23,President,
Salisbury,-,2,Hawkins/ Walker,7,President,
Salisbury,-,2,All Others,5,President,
Salisbury,-,2,No Preference,0,President,
Salisbury,-,2,Blanks,9,President,
Salisbury,-,2,Total Votes Cast,1897,President,
Salisbury,-,3,Biden/ Harris,759,President,
Salisbury,-,3,Trump/ Pence,864,President,
Salisbury,-,3,Jorgensen/ Cohen,36,President,
Salisbury,-,3,Hawkins/ Walker,8,President,
Salisbury,-,3,All Others,2,President,
Salisbury,-,3,No Preference,0,President,
Salisbury,-,3,Blanks,14,President,
Salisbury,-,3,Total Votes Cast,1683,President,
Sandisfield,-,1,Biden/ Harris,306,President,
Sandisfield,-,1,Trump/ Pence,200,President,
Sandisfield,-,1,Jorgensen/ Cohen,5,President,
Sandisfield,-,1,Hawkins/ Walker,2,President,
Sandisfield,-,1,All Others,2,President,
Sandisfield,-,1,No Preference,0,President,
Sandisfield,-,1,Blanks,8,President,
Sandisfield,-,1,Total Votes Cast,523,President,
Sandwich,-,1,Biden/ Harris,1531,President,
Sandwich,-,1,Trump/ Pence,1013,President,
Sandwich,-,1,Jorgensen/ Cohen,41,President,
Sandwich,-,1,Hawkins/ Walker,13,President,
Sandwich,-,1,All Others,9,President,
Sandwich,-,1,No Preference,0,President,
Sandwich,-,1,Blanks,28,President,
Sandwich,-,1,Total Votes Cast,2635,President,
Sandwich,-,2,Biden/ Harris,1443,President,
Sandwich,-,2,Trump/ Pence,980,President,
Sandwich,-,2,Jorgensen/ Cohen,23,President,
Sandwich,-,2,Hawkins/ Walker,8,President,
Sandwich,-,2,All Others,2,President,
Sandwich,-,2,No Preference,0,President,
Sandwich,-,2,Blanks,21,President,
Sandwich,-,2,Total Votes Cast,2477,President,
Sandwich,-,3,Biden/ Harris,1231,President,
Sandwich,-,3,Trump/ Pence,966,President,
Sandwich,-,3,Jorgensen/ Cohen,30,President,
Sandwich,-,3,Hawkins/ Walker,14,President,
Sandwich,-,3,All Others,5,President,
Sandwich,-,3,No Preference,0,President,
Sandwich,-,3,Blanks,14,President,
Sandwich,-,3,Total Votes Cast,2260,President,
Sandwich,-,4,Biden/ Harris,1279,President,
Sandwich,-,4,Trump/ Pence,1048,President,
Sandwich,-,4,Jorgensen/ Cohen,35,President,
Sandwich,-,4,Hawkins/ Walker,11,President,
Sandwich,-,4,All Others,6,President,
Sandwich,-,4,No Preference,0,President,
Sandwich,-,4,Blanks,15,President,
Sandwich,-,4,Total Votes Cast,2394,President,
Sandwich,-,5,Biden/ Harris,1166,President,
Sandwich,-,5,Trump/ Pence,982,President,
Sandwich,-,5,Jorgensen/ Cohen,33,President,
Sandwich,-,5,Hawkins/ Walker,7,President,
Sandwich,-,5,All Others,5,President,
Sandwich,-,5,No Preference,0,President,
Sandwich,-,5,Blanks,17,President,
Sandwich,-,5,Total Votes Cast,2210,President,
Sandwich,-,6,Biden/ Harris,1089,President,
Sandwich,-,6,Trump/ Pence,1055,President,
Sandwich,-,6,Jorgensen/ Cohen,27,President,
Sandwich,-,6,Hawkins/ Walker,4,President,
Sandwich,-,6,All Others,5,President,
Sandwich,-,6,No Preference,0,President,
Sandwich,-,6,Blanks,24,President,
Sandwich,-,6,Total Votes Cast,2204,President,
Saugus,-,1,Biden/ Harris,804,President,
Saugus,-,1,Trump/ Pence,673,President,
Saugus,-,1,Jorgensen/ Cohen,15,President,
Saugus,-,1,Hawkins/ Walker,5,President,
Saugus,-,1,All Others,3,President,
Saugus,-,1,No Preference,0,President,
Saugus,-,1,Blanks,12,President,
Saugus,-,1,Total Votes Cast,1512,President,
Saugus,-,10,Biden/ Harris,760,President,
Saugus,-,10,Trump/ Pence,656,President,
Saugus,-,10,Jorgensen/ Cohen,15,President,
Saugus,-,10,Hawkins/ Walker,3,President,
Saugus,-,10,All Others,4,President,
Saugus,-,10,No Preference,0,President,
Saugus,-,10,Blanks,7,President,
Saugus,-,10,Total Votes Cast,1445,President,
Saugus,-,2,Biden/ Harris,796,President,
Saugus,-,2,Trump/ Pence,642,President,
Saugus,-,2,Jorgensen/ Cohen,14,President,
Saugus,-,2,Hawkins/ Walker,7,President,
Saugus,-,2,All Others,11,President,
Saugus,-,2,No Preference,0,President,
Saugus,-,2,Blanks,8,President,
Saugus,-,2,Total Votes Cast,1478,President,
Saugus,-,3,Biden/ Harris,799,President,
Saugus,-,3,Trump/ Pence,680,President,
Saugus,-,3,Jorgensen/ Cohen,15,President,
Saugus,-,3,Hawkins/ Walker,7,President,
Saugus,-,3,All Others,5,President,
Saugus,-,3,No Preference,0,President,
Saugus,-,3,Blanks,7,President,
Saugus,-,3,Total Votes Cast,1513,President,
Saugus,-,4,Biden/ Harris,685,President,
Saugus,-,4,Trump/ Pence,655,President,
Saugus,-,4,Jorgensen/ Cohen,11,President,
Saugus,-,4,Hawkins/ Walker,2,President,
Saugus,-,4,All Others,2,President,
Saugus,-,4,No Preference,0,President,
Saugus,-,4,Blanks,15,President,
Saugus,-,4,Total Votes Cast,1370,President,
Saugus,-,5,Biden/ Harris,857,President,
Saugus,-,5,Trump/ Pence,956,President,
Saugus,-,5,Jorgensen/ Cohen,16,President,
Saugus,-,5,Hawkins/ Walker,6,President,
Saugus,-,5,All Others,8,President,
Saugus,-,5,No Preference,0,President,
Saugus,-,5,Blanks,14,President,
Saugus,-,5,Total Votes Cast,1857,President,
Saugus,-,6,Biden/ Harris,824,President,
Saugus,-,6,Trump/ Pence,688,President,
Saugus,-,6,Jorgensen/ Cohen,26,President,
Saugus,-,6,Hawkins/ Walker,8,President,
Saugus,-,6,All Others,11,President,
Saugus,-,6,No Preference,0,President,
Saugus,-,6,Blanks,7,President,
Saugus,-,6,Total Votes Cast,1564,President,
Saugus,-,7,Biden/ Harris,819,President,
Saugus,-,7,Trump/ Pence,955,President,
Saugus,-,7,Jorgensen/ Cohen,15,President,
Saugus,-,7,Hawkins/ Walker,2,President,
Saugus,-,7,All Others,3,President,
Saugus,-,7,No Preference,0,President,
Saugus,-,7,Blanks,14,President,
Saugus,-,7,Total Votes Cast,1808,President,
Saugus,-,8,Biden/ Harris,787,President,
Saugus,-,8,Trump/ Pence,715,President,
Saugus,-,8,Jorgensen/ Cohen,7,President,
Saugus,-,8,Hawkins/ Walker,4,President,
Saugus,-,8,All Others,2,President,
Saugus,-,8,No Preference,0,President,
Saugus,-,8,Blanks,17,President,
Saugus,-,8,Total Votes Cast,1532,President,
Saugus,-,9,Biden/ Harris,870,President,
Saugus,-,9,Trump/ Pence,923,President,
Saugus,-,9,Jorgensen/ Cohen,16,President,
Saugus,-,9,Hawkins/ Walker,6,President,
Saugus,-,9,All Others,4,President,
Saugus,-,9,No Preference,0,President,
Saugus,-,9,Blanks,4,President,
Saugus,-,9,Total Votes Cast,1823,President,
Savoy,-,1,Biden/ Harris,226,President,
Savoy,-,1,Trump/ Pence,161,President,
Savoy,-,1,Jorgensen/ Cohen,7,President,
Savoy,-,1,Hawkins/ Walker,4,President,
Savoy,-,1,All Others,1,President,
Savoy,-,1,No Preference,0,President,
Savoy,-,1,Blanks,28,President,
Savoy,-,1,Total Votes Cast,427,President,
Scituate,-,1,Biden/ Harris,1427,President,
Scituate,-,1,Trump/ Pence,852,President,
Scituate,-,1,Jorgensen/ Cohen,31,President,
Scituate,-,1,Hawkins/ Walker,12,President,
Scituate,-,1,All Others,17,President,
Scituate,-,1,No Preference,0,President,
Scituate,-,1,Blanks,27,President,
Scituate,-,1,Total Votes Cast,2366,President,
Scituate,-,2,Biden/ Harris,1407,President,
Scituate,-,2,Trump/ Pence,775,President,
Scituate,-,2,Jorgensen/ Cohen,34,President,
Scituate,-,2,Hawkins/ Walker,7,President,
Scituate,-,2,All Others,12,President,
Scituate,-,2,No Preference,0,President,
Scituate,-,2,Blanks,20,President,
Scituate,-,2,Total Votes Cast,2255,President,
Scituate,-,3,Biden/ Harris,1523,President,
Scituate,-,3,Trump/ Pence,697,President,
Scituate,-,3,Jorgensen/ Cohen,34,President,
Scituate,-,3,Hawkins/ Walker,5,President,
Scituate,-,3,All Others,11,President,
Scituate,-,3,No Preference,0,President,
Scituate,-,3,Blanks,21,President,
Scituate,-,3,Total Votes Cast,2291,President,
Scituate,-,4,Biden/ Harris,1409,President,
Scituate,-,4,Trump/ Pence,825,President,
Scituate,-,4,Jorgensen/ Cohen,34,President,
Scituate,-,4,Hawkins/ Walker,7,President,
Scituate,-,4,All Others,9,President,
Scituate,-,4,No Preference,0,President,
Scituate,-,4,Blanks,22,President,
Scituate,-,4,Total Votes Cast,2306,President,
Scituate,-,5,Biden/ Harris,1441,President,
Scituate,-,5,Trump/ Pence,687,President,
Scituate,-,5,Jorgensen/ Cohen,26,President,
Scituate,-,5,Hawkins/ Walker,11,President,
Scituate,-,5,All Others,7,President,
Scituate,-,5,No Preference,0,President,
Scituate,-,5,Blanks,22,President,
Scituate,-,5,Total Votes Cast,2194,President,
Scituate,-,6,Biden/ Harris,1401,President,
Scituate,-,6,Trump/ Pence,778,President,
Scituate,-,6,Jorgensen/ Cohen,26,President,
Scituate,-,6,Hawkins/ Walker,12,President,
Scituate,-,6,All Others,13,President,
Scituate,-,6,No Preference,0,President,
Scituate,-,6,Blanks,23,President,
Scituate,-,6,Total Votes Cast,2253,President,
Seekonk,-,1,Biden/ Harris,1076,President,
Seekonk,-,1,Trump/ Pence,986,President,
Seekonk,-,1,Jorgensen/ Cohen,27,President,
Seekonk,-,1,Hawkins/ Walker,10,President,
Seekonk,-,1,All Others,8,President,
Seekonk,-,1,No Preference,0,President,
Seekonk,-,1,Blanks,10,President,
Seekonk,-,1,Total Votes Cast,2117,President,
Seekonk,-,2,Biden/ Harris,1340,President,
Seekonk,-,2,Trump/ Pence,984,President,
Seekonk,-,2,Jorgensen/ Cohen,28,President,
Seekonk,-,2,Hawkins/ Walker,13,President,
Seekonk,-,2,All Others,13,President,
Seekonk,-,2,No Preference,0,President,
Seekonk,-,2,Blanks,13,President,
Seekonk,-,2,Total Votes Cast,2391,President,
Seekonk,-,3,Biden/ Harris,1204,President,
Seekonk,-,3,Trump/ Pence,1014,President,
Seekonk,-,3,Jorgensen/ Cohen,31,President,
Seekonk,-,3,Hawkins/ Walker,4,President,
Seekonk,-,3,All Others,10,President,
Seekonk,-,3,No Preference,0,President,
Seekonk,-,3,Blanks,11,President,
Seekonk,-,3,Total Votes Cast,2274,President,
Seekonk,-,4,Biden/ Harris,1166,President,
Seekonk,-,4,Trump/ Pence,986,President,
Seekonk,-,4,Jorgensen/ Cohen,35,President,
Seekonk,-,4,Hawkins/ Walker,7,President,
Seekonk,-,4,All Others,13,President,
Seekonk,-,4,No Preference,0,President,
Seekonk,-,4,Blanks,14,President,
Seekonk,-,4,Total Votes Cast,2221,President,
Sharon,-,1,Biden/ Harris,1812,President,
Sharon,-,1,Trump/ Pence,560,President,
Sharon,-,1,Jorgensen/ Cohen,43,President,
Sharon,-,1,Hawkins/ Walker,11,President,
Sharon,-,1,All Others,12,President,
Sharon,-,1,No Preference,0,President,
Sharon,-,1,Blanks,15,President,
Sharon,-,1,Total Votes Cast,2453,President,
Sharon,-,2,Biden/ Harris,1667,President,
Sharon,-,2,Trump/ Pence,529,President,
Sharon,-,2,Jorgensen/ Cohen,23,President,
Sharon,-,2,Hawkins/ Walker,6,President,
Sharon,-,2,All Others,15,President,
Sharon,-,2,No Preference,0,President,
Sharon,-,2,Blanks,11,President,
Sharon,-,2,Total Votes Cast,2251,President,
Sharon,-,3,Biden/ Harris,1829,President,
Sharon,-,3,Trump/ Pence,502,President,
Sharon,-,3,Jorgensen/ Cohen,25,President,
Sharon,-,3,Hawkins/ Walker,12,President,
Sharon,-,3,All Others,10,President,
Sharon,-,3,No Preference,0,President,
Sharon,-,3,Blanks,14,President,
Sharon,-,3,Total Votes Cast,2392,President,
Sharon,-,4,Biden/ Harris,1873,President,
Sharon,-,4,Trump/ Pence,463,President,
Sharon,-,4,Jorgensen/ Cohen,36,President,
Sharon,-,4,Hawkins/ Walker,9,President,
Sharon,-,4,All Others,8,President,
Sharon,-,4,No Preference,0,President,
Sharon,-,4,Blanks,18,President,
Sharon,-,4,Total Votes Cast,2407,President,
Sharon,-,5,Biden/ Harris,1597,President,
Sharon,-,5,Trump/ Pence,549,President,
Sharon,-,5,Jorgensen/ Cohen,12,President,
Sharon,-,5,Hawkins/ Walker,11,President,
Sharon,-,5,All Others,3,President,
Sharon,-,5,No Preference,0,President,
Sharon,-,5,Blanks,20,President,
Sharon,-,5,Total Votes Cast,2192,President,
Sheffield,-,1,Biden/ Harris,1542,President,
Sheffield,-,1,Trump/ Pence,578,President,
Sheffield,-,1,Jorgensen/ Cohen,21,President,
Sheffield,-,1,Hawkins/ Walker,15,President,
Sheffield,-,1,All Others,6,President,
Sheffield,-,1,No Preference,0,President,
Sheffield,-,1,Blanks,12,President,
Sheffield,-,1,Total Votes Cast,2174,President,
Shelburne,-,1,Biden/ Harris,927,President,
Shelburne,-,1,Trump/ Pence,209,President,
Shelburne,-,1,Jorgensen/ Cohen,24,President,
Shelburne,-,1,Hawkins/ Walker,8,President,
Shelburne,-,1,All Others,6,President,
Shelburne,-,1,No Preference,0,President,
Shelburne,-,1,Blanks,68,President,
Shelburne,-,1,Total Votes Cast,1242,President,
Sherborn,-,1,Biden/ Harris,2267,President,
Sherborn,-,1,Trump/ Pence,579,President,
Sherborn,-,1,Jorgensen/ Cohen,72,President,
Sherborn,-,1,Hawkins/ Walker,15,President,
Sherborn,-,1,All Others,30,President,
Sherborn,-,1,No Preference,0,President,
Sherborn,-,1,Blanks,28,President,
Sherborn,-,1,Total Votes Cast,2991,President,
Shirley,-,1,Biden/ Harris,2100,President,
Shirley,-,1,Trump/ Pence,1493,President,
Shirley,-,1,Jorgensen/ Cohen,67,President,
Shirley,-,1,Hawkins/ Walker,22,President,
Shirley,-,1,All Others,18,President,
Shirley,-,1,No Preference,0,President,
Shirley,-,1,Blanks,17,President,
Shirley,-,1,Total Votes Cast,3717,President,
Shrewsbury,-,1,Biden/ Harris,1528,President,
Shrewsbury,-,1,Trump/ Pence,902,President,
Shrewsbury,-,1,Jorgensen/ Cohen,25,President,
Shrewsbury,-,1,Hawkins/ Walker,7,President,
Shrewsbury,-,1,All Others,11,President,
Shrewsbury,-,1,No Preference,0,President,
Shrewsbury,-,1,Blanks,16,President,
Shrewsbury,-,1,Total Votes Cast,2489,President,
Shrewsbury,-,10,Biden/ Harris,1401,President,
Shrewsbury,-,10,Trump/ Pence,666,President,
Shrewsbury,-,10,Jorgensen/ Cohen,35,President,
Shrewsbury,-,10,Hawkins/ Walker,5,President,
Shrewsbury,-,10,All Others,11,President,
Shrewsbury,-,10,No Preference,0,President,
Shrewsbury,-,10,Blanks,19,President,
Shrewsbury,-,10,Total Votes Cast,2137,President,
Shrewsbury,-,2,Biden/ Harris,1348,President,
Shrewsbury,-,2,Trump/ Pence,732,President,
Shrewsbury,-,2,Jorgensen/ Cohen,34,President,
Shrewsbury,-,2,Hawkins/ Walker,12,President,
Shrewsbury,-,2,All Others,8,President,
Shrewsbury,-,2,No Preference,0,President,
Shrewsbury,-,2,Blanks,16,President,
Shrewsbury,-,2,Total Votes Cast,2150,President,
Shrewsbury,-,3,Biden/ Harris,1021,President,
Shrewsbury,-,3,Trump/ Pence,640,President,
Shrewsbury,-,3,Jorgensen/ Cohen,16,President,
Shrewsbury,-,3,Hawkins/ Walker,14,President,
Shrewsbury,-,3,All Others,9,President,
Shrewsbury,-,3,No Preference,0,President,
Shrewsbury,-,3,Blanks,21,President,
Shrewsbury,-,3,Total Votes Cast,1721,President,
Shrewsbury,-,4,Biden/ Harris,1315,President,
Shrewsbury,-,4,Trump/ Pence,783,President,
Shrewsbury,-,4,Jorgensen/ Cohen,27,President,
Shrewsbury,-,4,Hawkins/ Walker,12,President,
Shrewsbury,-,4,All Others,3,President,
Shrewsbury,-,4,No Preference,0,President,
Shrewsbury,-,4,Blanks,21,President,
Shrewsbury,-,4,Total Votes Cast,2161,President,
Shrewsbury,-,5,Biden/ Harris,1243,President,
Shrewsbury,-,5,Trump/ Pence,505,President,
Shrewsbury,-,5,Jorgensen/ Cohen,25,President,
Shrewsbury,-,5,Hawkins/ Walker,17,President,
Shrewsbury,-,5,All Others,4,President,
Shrewsbury,-,5,No Preference,0,President,
Shrewsbury,-,5,Blanks,18,President,
Shrewsbury,-,5,Total Votes Cast,1812,President,
Shrewsbury,-,6,Biden/ Harris,1413,President,
Shrewsbury,-,6,Trump/ Pence,711,President,
Shrewsbury,-,6,Jorgensen/ Cohen,38,President,
Shrewsbury,-,6,Hawkins/ Walker,9,President,
Shrewsbury,-,6,All Others,5,President,
Shrewsbury,-,6,No Preference,0,President,
Shrewsbury,-,6,Blanks,17,President,
Shrewsbury,-,6,Total Votes Cast,2193,President,
Shrewsbury,-,7,Biden/ Harris,1660,President,
Shrewsbury,-,7,Trump/ Pence,873,President,
Shrewsbury,-,7,Jorgensen/ Cohen,36,President,
Shrewsbury,-,7,Hawkins/ Walker,20,President,
Shrewsbury,-,7,All Others,17,President,
Shrewsbury,-,7,No Preference,0,President,
Shrewsbury,-,7,Blanks,25,President,
Shrewsbury,-,7,Total Votes Cast,2631,President,
Shrewsbury,-,8,Biden/ Harris,1617,President,
Shrewsbury,-,8,Trump/ Pence,797,President,
Shrewsbury,-,8,Jorgensen/ Cohen,27,President,
Shrewsbury,-,8,Hawkins/ Walker,8,President,
Shrewsbury,-,8,All Others,18,President,
Shrewsbury,-,8,No Preference,0,President,
Shrewsbury,-,8,Blanks,22,President,
Shrewsbury,-,8,Total Votes Cast,2489,President,
Shrewsbury,-,9,Biden/ Harris,1044,President,
Shrewsbury,-,9,Trump/ Pence,449,President,
Shrewsbury,-,9,Jorgensen/ Cohen,17,President,
Shrewsbury,-,9,Hawkins/ Walker,3,President,
Shrewsbury,-,9,All Others,10,President,
Shrewsbury,-,9,No Preference,0,President,
Shrewsbury,-,9,Blanks,14,President,
Shrewsbury,-,9,Total Votes Cast,1537,President,
Shutesbury,-,1,Biden/ Harris,1154,President,
Shutesbury,-,1,Trump/ Pence,144,President,
Shutesbury,-,1,Jorgensen/ Cohen,13,President,
Shutesbury,-,1,Hawkins/ Walker,13,President,
Shutesbury,-,1,All Others,6,President,
Shutesbury,-,1,No Preference,0,President,
Shutesbury,-,1,Blanks,9,President,
Shutesbury,-,1,Total Votes Cast,1339,President,
Somerset,-,1,Biden/ Harris,1225,President,
Somerset,-,1,Trump/ Pence,1083,President,
Somerset,-,1,Jorgensen/ Cohen,31,President,
Somerset,-,1,Hawkins/ Walker,5,President,
Somerset,-,1,All Others,7,President,
Somerset,-,1,No Preference,0,President,
Somerset,-,1,Blanks,15,President,
Somerset,-,1,Total Votes Cast,2366,President,
Somerset,-,2,Biden/ Harris,1228,President,
Somerset,-,2,Trump/ Pence,1045,President,
Somerset,-,2,Jorgensen/ Cohen,21,President,
Somerset,-,2,Hawkins/ Walker,9,President,
Somerset,-,2,All Others,3,President,
Somerset,-,2,No Preference,0,President,
Somerset,-,2,Blanks,23,President,
Somerset,-,2,Total Votes Cast,2329,President,
Somerset,-,3,Biden/ Harris,1264,President,
Somerset,-,3,Trump/ Pence,1028,President,
Somerset,-,3,Jorgensen/ Cohen,29,President,
Somerset,-,3,Hawkins/ Walker,14,President,
Somerset,-,3,All Others,1,President,
Somerset,-,3,No Preference,0,President,
Somerset,-,3,Blanks,18,President,
Somerset,-,3,Total Votes Cast,2354,President,
Somerset,-,4,Biden/ Harris,1085,President,
Somerset,-,4,Trump/ Pence,937,President,
Somerset,-,4,Jorgensen/ Cohen,21,President,
Somerset,-,4,Hawkins/ Walker,10,President,
Somerset,-,4,All Others,2,President,
Somerset,-,4,No Preference,0,President,
Somerset,-,4,Blanks,11,President,
Somerset,-,4,Total Votes Cast,2066,President,
Somerset,-,5,Biden/ Harris,1013,President,
Somerset,-,5,Trump/ Pence,1020,President,
Somerset,-,5,Jorgensen/ Cohen,33,President,
Somerset,-,5,Hawkins/ Walker,7,President,
Somerset,-,5,All Others,1,President,
Somerset,-,5,No Preference,0,President,
Somerset,-,5,Blanks,23,President,
Somerset,-,5,Total Votes Cast,2097,President,
Somerville,1,1,Biden/ Harris,1093,President,
Somerville,1,1,Trump/ Pence,237,President,
Somerville,1,1,Jorgensen/ Cohen,17,President,
Somerville,1,1,Hawkins/ Walker,12,President,
Somerville,1,1,All Others,5,President,
Somerville,1,1,No Preference,0,President,
Somerville,1,1,Blanks,11,President,
Somerville,1,1,Total Votes Cast,1375,President,
Somerville,1,2,Biden/ Harris,1854,President,
Somerville,1,2,Trump/ Pence,358,President,
Somerville,1,2,Jorgensen/ Cohen,18,President,
Somerville,1,2,Hawkins/ Walker,13,President,
Somerville,1,2,All Others,8,President,
Somerville,1,2,No Preference,0,President,
Somerville,1,2,Blanks,13,President,
Somerville,1,2,Total Votes Cast,2264,President,
Somerville,1,3,Biden/ Harris,1203,President,
Somerville,1,3,Trump/ Pence,223,President,
Somerville,1,3,Jorgensen/ Cohen,6,President,
Somerville,1,3,Hawkins/ Walker,10,President,
Somerville,1,3,All Others,5,President,
Somerville,1,3,No Preference,0,President,
Somerville,1,3,Blanks,7,President,
Somerville,1,3,Total Votes Cast,1454,President,
Somerville,2,1,Biden/ Harris,1766,President,
Somerville,2,1,Trump/ Pence,140,President,
Somerville,2,1,Jorgensen/ Cohen,18,President,
Somerville,2,1,Hawkins/ Walker,18,President,
Somerville,2,1,All Others,13,President,
Somerville,2,1,No Preference,0,President,
Somerville,2,1,Blanks,5,President,
Somerville,2,1,Total Votes Cast,1960,President,
Somerville,2,2,Biden/ Harris,2072,President,
Somerville,2,2,Trump/ Pence,163,President,
Somerville,2,2,Jorgensen/ Cohen,17,President,
Somerville,2,2,Hawkins/ Walker,19,President,
Somerville,2,2,All Others,16,President,
Somerville,2,2,No Preference,0,President,
Somerville,2,2,Blanks,9,President,
Somerville,2,2,Total Votes Cast,2296,President,
Somerville,2,3,Biden/ Harris,2042,President,
Somerville,2,3,Trump/ Pence,193,President,
Somerville,2,3,Jorgensen/ Cohen,17,President,
Somerville,2,3,Hawkins/ Walker,18,President,
Somerville,2,3,All Others,10,President,
Somerville,2,3,No Preference,0,President,
Somerville,2,3,Blanks,2,President,
Somerville,2,3,Total Votes Cast,2282,President,
Somerville,3,1,Biden/ Harris,1755,President,
Somerville,3,1,Trump/ Pence,183,President,
Somerville,3,1,Jorgensen/ Cohen,17,President,
Somerville,3,1,Hawkins/ Walker,18,President,
Somerville,3,1,All Others,12,President,
Somerville,3,1,No Preference,0,President,
Somerville,3,1,Blanks,8,President,
Somerville,3,1,Total Votes Cast,1993,President,
Somerville,3,2,Biden/ Harris,1785,President,
Somerville,3,2,Trump/ Pence,195,President,
Somerville,3,2,Jorgensen/ Cohen,21,President,
Somerville,3,2,Hawkins/ Walker,16,President,
Somerville,3,2,All Others,12,President,
Somerville,3,2,No Preference,0,President,
Somerville,3,2,Blanks,8,President,
Somerville,3,2,Total Votes Cast,2037,President,
Somerville,3,3,Biden/ Harris,2099,President,
Somerville,3,3,Trump/ Pence,184,President,
Somerville,3,3,Jorgensen/ Cohen,19,President,
Somerville,3,3,Hawkins/ Walker,22,President,
Somerville,3,3,All Others,15,President,
Somerville,3,3,No Preference,0,President,
Somerville,3,3,Blanks,11,President,
Somerville,3,3,Total Votes Cast,2350,President,
Somerville,4,1,Biden/ Harris,1124,President,
Somerville,4,1,Trump/ Pence,265,President,
Somerville,4,1,Jorgensen/ Cohen,6,President,
Somerville,4,1,Hawkins/ Walker,11,President,
Somerville,4,1,All Others,6,President,
Somerville,4,1,No Preference,0,President,
Somerville,4,1,Blanks,6,President,
Somerville,4,1,Total Votes Cast,1418,President,
Somerville,4,2,Biden/ Harris,1435,President,
Somerville,4,2,Trump/ Pence,214,President,
Somerville,4,2,Jorgensen/ Cohen,13,President,
Somerville,4,2,Hawkins/ Walker,15,President,
Somerville,4,2,All Others,9,President,
Somerville,4,2,No Preference,0,President,
Somerville,4,2,Blanks,12,President,
Somerville,4,2,Total Votes Cast,1698,President,
Somerville,4,3,Biden/ Harris,1698,President,
Somerville,4,3,Trump/ Pence,246,President,
Somerville,4,3,Jorgensen/ Cohen,13,President,
Somerville,4,3,Hawkins/ Walker,9,President,
Somerville,4,3,All Others,12,President,
Somerville,4,3,No Preference,0,President,
Somerville,4,3,Blanks,5,President,
Somerville,4,3,Total Votes Cast,1983,President,
Somerville,5,1,Biden/ Harris,1876,President,
Somerville,5,1,Trump/ Pence,275,President,
Somerville,5,1,Jorgensen/ Cohen,14,President,
Somerville,5,1,Hawkins/ Walker,22,President,
Somerville,5,1,All Others,15,President,
Somerville,5,1,No Preference,0,President,
Somerville,5,1,Blanks,9,President,
Somerville,5,1,Total Votes Cast,2211,President,
Somerville,5,2,Biden/ Harris,2213,President,
Somerville,5,2,Trump/ Pence,192,President,
Somerville,5,2,Jorgensen/ Cohen,19,President,
Somerville,5,2,Hawkins/ Walker,19,President,
Somerville,5,2,All Others,12,President,
Somerville,5,2,No Preference,0,President,
Somerville,5,2,Blanks,7,President,
Somerville,5,2,Total Votes Cast,2462,President,
Somerville,5,3,Biden/ Harris,2086,President,
Somerville,5,3,Trump/ Pence,191,President,
Somerville,5,3,Jorgensen/ Cohen,22,President,
Somerville,5,3,Hawkins/ Walker,21,President,
Somerville,5,3,All Others,10,President,
Somerville,5,3,No Preference,0,President,
Somerville,5,3,Blanks,8,President,
Somerville,5,3,Total Votes Cast,2338,President,
Somerville,6,1,Biden/ Harris,2350,President,
Somerville,6,1,Trump/ Pence,156,President,
Somerville,6,1,Jorgensen/ Cohen,21,President,
Somerville,6,1,Hawkins/ Walker,15,President,
Somerville,6,1,All Others,13,President,
Somerville,6,1,No Preference,0,President,
Somerville,6,1,Blanks,10,President,
Somerville,6,1,Total Votes Cast,2565,President,
Somerville,6,2,Biden/ Harris,2136,President,
Somerville,6,2,Trump/ Pence,140,President,
Somerville,6,2,Jorgensen/ Cohen,21,President,
Somerville,6,2,Hawkins/ Walker,22,President,
Somerville,6,2,All Others,6,President,
Somerville,6,2,No Preference,0,President,
Somerville,6,2,Blanks,11,President,
Somerville,6,2,Total Votes Cast,2336,President,
Somerville,6,3,Biden/ Harris,1094,President,
Somerville,6,3,Trump/ Pence,107,President,
Somerville,6,3,Jorgensen/ Cohen,5,President,
Somerville,6,3,Hawkins/ Walker,8,President,
Somerville,6,3,All Others,6,President,
Somerville,6,3,No Preference,0,President,
Somerville,6,3,Blanks,3,President,
Somerville,6,3,Total Votes Cast,1223,President,
Somerville,7,1,Biden/ Harris,2042,President,
Somerville,7,1,Trump/ Pence,172,President,
Somerville,7,1,Jorgensen/ Cohen,19,President,
Somerville,7,1,Hawkins/ Walker,17,President,
Somerville,7,1,All Others,14,President,
Somerville,7,1,No Preference,0,President,
Somerville,7,1,Blanks,8,President,
Somerville,7,1,Total Votes Cast,2272,President,
Somerville,7,2,Biden/ Harris,1691,President,
Somerville,7,2,Trump/ Pence,176,President,
Somerville,7,2,Jorgensen/ Cohen,17,President,
Somerville,7,2,Hawkins/ Walker,13,President,
Somerville,7,2,All Others,2,President,
Somerville,7,2,No Preference,0,President,
Somerville,7,2,Blanks,15,President,
Somerville,7,2,Total Votes Cast,1914,President,
Somerville,7,3,Biden/ Harris,1613,President,
Somerville,7,3,Trump/ Pence,273,President,
Somerville,7,3,Jorgensen/ Cohen,26,President,
Somerville,7,3,Hawkins/ Walker,14,President,
Somerville,7,3,All Others,11,President,
Somerville,7,3,No Preference,0,President,
Somerville,7,3,Blanks,11,President,
Somerville,7,3,Total Votes Cast,1948,President,
Southampton,-,1,Biden/ Harris,2231,President,
Southampton,-,1,Trump/ Pence,1811,President,
Southampton,-,1,Jorgensen/ Cohen,76,President,
Southampton,-,1,Hawkins/ Walker,20,President,
Southampton,-,1,All Others,56,President,
Southampton,-,1,No Preference,0,President,
Southampton,-,1,Blanks,27,President,
Southampton,-,1,Total Votes Cast,4221,President,
Southborough,-,1,Biden/ Harris,1617,President,
Southborough,-,1,Trump/ Pence,600,President,
Southborough,-,1,Jorgensen/ Cohen,38,President,
Southborough,-,1,Hawkins/ Walker,6,President,
Southborough,-,1,All Others,9,President,
Southborough,-,1,No Preference,0,President,
Southborough,-,1,Blanks,24,President,
Southborough,-,1,Total Votes Cast,2294,President,
Southborough,-,2,Biden/ Harris,1454,President,
Southborough,-,2,Trump/ Pence,614,President,
Southborough,-,2,Jorgensen/ Cohen,44,President,
Southborough,-,2,Hawkins/ Walker,10,President,
Southborough,-,2,All Others,22,President,
Southborough,-,2,No Preference,0,President,
Southborough,-,2,Blanks,11,President,
Southborough,-,2,Total Votes Cast,2155,President,
Southborough,-,3,Biden/ Harris,1547,President,
Southborough,-,3,Trump/ Pence,637,President,
Southborough,-,3,Jorgensen/ Cohen,31,President,
Southborough,-,3,Hawkins/ Walker,11,President,
Southborough,-,3,All Others,25,President,
Southborough,-,3,No Preference,0,President,
Southborough,-,3,Blanks,17,President,
Southborough,-,3,Total Votes Cast,2268,President,
Southbridge,-,1,Biden/ Harris,849,President,
Southbridge,-,1,Trump/ Pence,559,President,
Southbridge,-,1,Jorgensen/ Cohen,22,President,
Southbridge,-,1,Hawkins/ Walker,6,President,
Southbridge,-,1,All Others,8,President,
Southbridge,-,1,No Preference,0,President,
Southbridge,-,1,Blanks,8,President,
Southbridge,-,1,Total Votes Cast,1452,President,
Southbridge,-,2,Biden/ Harris,714,President,
Southbridge,-,2,Trump/ Pence,527,President,
Southbridge,-,2,Jorgensen/ Cohen,14,President,
Southbridge,-,2,Hawkins/ Walker,8,President,
Southbridge,-,2,All Others,5,President,
Southbridge,-,2,No Preference,0,President,
Southbridge,-,2,Blanks,12,President,
Southbridge,-,2,Total Votes Cast,1280,President,
Southbridge,-,3,Biden/ Harris,755,President,
Southbridge,-,3,Trump/ Pence,683,President,
Southbridge,-,3,Jorgensen/ Cohen,15,President,
Southbridge,-,3,Hawkins/ Walker,18,President,
Southbridge,-,3,All Others,5,President,
Southbridge,-,3,No Preference,0,President,
Southbridge,-,3,Blanks,7,President,
Southbridge,-,3,Total Votes Cast,1483,President,
Southbridge,-,4,Biden/ Harris,1024,President,
Southbridge,-,4,Trump/ Pence,815,President,
Southbridge,-,4,Jorgensen/ Cohen,21,President,
Southbridge,-,4,Hawkins/ Walker,13,President,
Southbridge,-,4,All Others,6,President,
Southbridge,-,4,No Preference,0,President,
Southbridge,-,4,Blanks,12,President,
Southbridge,-,4,Total Votes Cast,1891,President,
Southbridge,-,5,Biden/ Harris,737,President,
Southbridge,-,5,Trump/ Pence,438,President,
Southbridge,-,5,Jorgensen/ Cohen,7,President,
Southbridge,-,5,Hawkins/ Walker,6,President,
Southbridge,-,5,All Others,6,President,
Southbridge,-,5,No Preference,0,President,
Southbridge,-,5,Blanks,9,President,
Southbridge,-,5,Total Votes Cast,1203,President,
Southwick,-,1,Biden/ Harris,811,President,
Southwick,-,1,Trump/ Pence,1265,President,
Southwick,-,1,Jorgensen/ Cohen,35,President,
Southwick,-,1,Hawkins/ Walker,13,President,
Southwick,-,1,All Others,5,President,
Southwick,-,1,No Preference,0,President,
Southwick,-,1,Blanks,17,President,
Southwick,-,1,Total Votes Cast,2146,President,
Southwick,-,2,Biden/ Harris,713,President,
Southwick,-,2,Trump/ Pence,939,President,
Southwick,-,2,Jorgensen/ Cohen,41,President,
Southwick,-,2,Hawkins/ Walker,9,President,
Southwick,-,2,All Others,11,President,
Southwick,-,2,No Preference,0,President,
Southwick,-,2,Blanks,8,President,
Southwick,-,2,Total Votes Cast,1721,President,
Southwick,-,3,Biden/ Harris,836,President,
Southwick,-,3,Trump/ Pence,1017,President,
Southwick,-,3,Jorgensen/ Cohen,23,President,
Southwick,-,3,Hawkins/ Walker,8,President,
Southwick,-,3,All Others,6,President,
Southwick,-,3,No Preference,0,President,
Southwick,-,3,Blanks,11,President,
Southwick,-,3,Total Votes Cast,1901,President,
Spencer,-,1,Biden/ Harris,697,President,
Spencer,-,1,Trump/ Pence,812,President,
Spencer,-,1,Jorgensen/ Cohen,23,President,
Spencer,-,1,Hawkins/ Walker,4,President,
Spencer,-,1,All Others,0,President,
Spencer,-,1,No Preference,0,President,
Spencer,-,1,Blanks,12,President,
Spencer,-,1,Total Votes Cast,1548,President,
Spencer,-,2,Biden/ Harris,735,President,
Spencer,-,2,Trump/ Pence,752,President,
Spencer,-,2,Jorgensen/ Cohen,24,President,
Spencer,-,2,Hawkins/ Walker,11,President,
Spencer,-,2,All Others,0,President,
Spencer,-,2,No Preference,0,President,
Spencer,-,2,Blanks,15,President,
Spencer,-,2,Total Votes Cast,1537,President,
Spencer,-,3,Biden/ Harris,679,President,
Spencer,-,3,Trump/ Pence,913,President,
Spencer,-,3,Jorgensen/ Cohen,27,President,
Spencer,-,3,Hawkins/ Walker,11,President,
Spencer,-,3,All Others,0,President,
Spencer,-,3,No Preference,0,President,
Spencer,-,3,Blanks,15,President,
Spencer,-,3,Total Votes Cast,1645,President,
Spencer,-,4,Biden/ Harris,878,President,
Spencer,-,4,Trump/ Pence,810,President,
Spencer,-,4,Jorgensen/ Cohen,26,President,
Spencer,-,4,Hawkins/ Walker,10,President,
Spencer,-,4,All Others,0,President,
Spencer,-,4,No Preference,0,President,
Spencer,-,4,Blanks,13,President,
Spencer,-,4,Total Votes Cast,1737,President,
Springfield,1,A,Biden/ Harris,371,President,
Springfield,1,A,Trump/ Pence,148,President,
Springfield,1,A,Jorgensen/ Cohen,3,President,
Springfield,1,A,Hawkins/ Walker,0,President,
Springfield,1,A,All Others,1,President,
Springfield,1,A,No Preference,0,President,
Springfield,1,A,Blanks,17,President,
Springfield,1,A,Total Votes Cast,540,President,
Springfield,1,B,Biden/ Harris,542,President,
Springfield,1,B,Trump/ Pence,145,President,
Springfield,1,B,Jorgensen/ Cohen,6,President,
Springfield,1,B,Hawkins/ Walker,3,President,
Springfield,1,B,All Others,2,President,
Springfield,1,B,No Preference,0,President,
Springfield,1,B,Blanks,32,President,
Springfield,1,B,Total Votes Cast,730,President,
Springfield,1,C,Biden/ Harris,368,President,
Springfield,1,C,Trump/ Pence,115,President,
Springfield,1,C,Jorgensen/ Cohen,7,President,
Springfield,1,C,Hawkins/ Walker,3,President,
Springfield,1,C,All Others,2,President,
Springfield,1,C,No Preference,0,President,
Springfield,1,C,Blanks,23,President,
Springfield,1,C,Total Votes Cast,518,President,
Springfield,1,D,Biden/ Harris,483,President,
Springfield,1,D,Trump/ Pence,115,President,
Springfield,1,D,Jorgensen/ Cohen,6,President,
Springfield,1,D,Hawkins/ Walker,1,President,
Springfield,1,D,All Others,2,President,
Springfield,1,D,No Preference,0,President,
Springfield,1,D,Blanks,12,President,
Springfield,1,D,Total Votes Cast,619,President,
Springfield,1,E,Biden/ Harris,533,President,
Springfield,1,E,Trump/ Pence,172,President,
Springfield,1,E,Jorgensen/ Cohen,8,President,
Springfield,1,E,Hawkins/ Walker,2,President,
Springfield,1,E,All Others,1,President,
Springfield,1,E,No Preference,0,President,
Springfield,1,E,Blanks,9,President,
Springfield,1,E,Total Votes Cast,725,President,
Springfield,1,F,Biden/ Harris,463,President,
Springfield,1,F,Trump/ Pence,115,President,
Springfield,1,F,Jorgensen/ Cohen,3,President,
Springfield,1,F,Hawkins/ Walker,3,President,
Springfield,1,F,All Others,1,President,
Springfield,1,F,No Preference,0,President,
Springfield,1,F,Blanks,44,President,
Springfield,1,F,Total Votes Cast,629,President,
Springfield,1,G,Biden/ Harris,542,President,
Springfield,1,G,Trump/ Pence,120,President,
Springfield,1,G,Jorgensen/ Cohen,7,President,
Springfield,1,G,Hawkins/ Walker,7,President,
Springfield,1,G,All Others,3,President,
Springfield,1,G,No Preference,0,President,
Springfield,1,G,Blanks,14,President,
Springfield,1,G,Total Votes Cast,693,President,
Springfield,1,H,Biden/ Harris,557,President,
Springfield,1,H,Trump/ Pence,115,President,
Springfield,1,H,Jorgensen/ Cohen,6,President,
Springfield,1,H,Hawkins/ Walker,4,President,
Springfield,1,H,All Others,1,President,
Springfield,1,H,No Preference,0,President,
Springfield,1,H,Blanks,17,President,
Springfield,1,H,Total Votes Cast,700,President,
Springfield,2,A,Biden/ Harris,526,President,
Springfield,2,A,Trump/ Pence,150,President,
Springfield,2,A,Jorgensen/ Cohen,3,President,
Springfield,2,A,Hawkins/ Walker,1,President,
Springfield,2,A,All Others,2,President,
Springfield,2,A,No Preference,0,President,
Springfield,2,A,Blanks,25,President,
Springfield,2,A,Total Votes Cast,707,President,
Springfield,2,B,Biden/ Harris,718,President,
Springfield,2,B,Trump/ Pence,269,President,
Springfield,2,B,Jorgensen/ Cohen,9,President,
Springfield,2,B,Hawkins/ Walker,0,President,
Springfield,2,B,All Others,3,President,
Springfield,2,B,No Preference,0,President,
Springfield,2,B,Blanks,56,President,
Springfield,2,B,Total Votes Cast,1055,President,
Springfield,2,C,Biden/ Harris,518,President,
Springfield,2,C,Trump/ Pence,190,President,
Springfield,2,C,Jorgensen/ Cohen,10,President,
Springfield,2,C,Hawkins/ Walker,2,President,
Springfield,2,C,All Others,5,President,
Springfield,2,C,No Preference,0,President,
Springfield,2,C,Blanks,39,President,
Springfield,2,C,Total Votes Cast,764,President,
Springfield,2,D,Biden/ Harris,712,President,
Springfield,2,D,Trump/ Pence,271,President,
Springfield,2,D,Jorgensen/ Cohen,14,President,
Springfield,2,D,Hawkins/ Walker,7,President,
Springfield,2,D,All Others,4,President,
Springfield,2,D,No Preference,0,President,
Springfield,2,D,Blanks,16,President,
Springfield,2,D,Total Votes Cast,1024,President,
Springfield,2,E,Biden/ Harris,642,President,
Springfield,2,E,Trump/ Pence,303,President,
Springfield,2,E,Jorgensen/ Cohen,13,President,
Springfield,2,E,Hawkins/ Walker,3,President,
Springfield,2,E,All Others,3,President,
Springfield,2,E,No Preference,0,President,
Springfield,2,E,Blanks,52,President,
Springfield,2,E,Total Votes Cast,1016,President,
Springfield,2,F,Biden/ Harris,796,President,
Springfield,2,F,Trump/ Pence,279,President,
Springfield,2,F,Jorgensen/ Cohen,3,President,
Springfield,2,F,Hawkins/ Walker,11,President,
Springfield,2,F,All Others,2,President,
Springfield,2,F,No Preference,0,President,
Springfield,2,F,Blanks,25,President,
Springfield,2,F,Total Votes Cast,1116,President,
Springfield,2,G,Biden/ Harris,792,President,
Springfield,2,G,Trump/ Pence,368,President,
Springfield,2,G,Jorgensen/ Cohen,11,President,
Springfield,2,G,Hawkins/ Walker,9,President,
Springfield,2,G,All Others,11,President,
Springfield,2,G,No Preference,0,President,
Springfield,2,G,Blanks,22,President,
Springfield,2,G,Total Votes Cast,1213,President,
Springfield,2,H,Biden/ Harris,691,President,
Springfield,2,H,Trump/ Pence,283,President,
Springfield,2,H,Jorgensen/ Cohen,6,President,
Springfield,2,H,Hawkins/ Walker,5,President,
Springfield,2,H,All Others,5,President,
Springfield,2,H,No Preference,0,President,
Springfield,2,H,Blanks,49,President,
Springfield,2,H,Total Votes Cast,1039,President,
Springfield,3,A,Biden/ Harris,433,President,
Springfield,3,A,Trump/ Pence,93,President,
Springfield,3,A,Jorgensen/ Cohen,3,President,
Springfield,3,A,Hawkins/ Walker,3,President,
Springfield,3,A,All Others,1,President,
Springfield,3,A,No Preference,0,President,
Springfield,3,A,Blanks,22,President,
Springfield,3,A,Total Votes Cast,555,President,
Springfield,3,B,Biden/ Harris,401,President,
Springfield,3,B,Trump/ Pence,94,President,
Springfield,3,B,Jorgensen/ Cohen,7,President,
Springfield,3,B,Hawkins/ Walker,3,President,
Springfield,3,B,All Others,2,President,
Springfield,3,B,No Preference,0,President,
Springfield,3,B,Blanks,18,President,
Springfield,3,B,Total Votes Cast,525,President,
Springfield,3,C,Biden/ Harris,325,President,
Springfield,3,C,Trump/ Pence,89,President,
Springfield,3,C,Jorgensen/ Cohen,5,President,
Springfield,3,C,Hawkins/ Walker,2,President,
Springfield,3,C,All Others,1,President,
Springfield,3,C,No Preference,0,President,
Springfield,3,C,Blanks,9,President,
Springfield,3,C,Total Votes Cast,431,President,
Springfield,3,D,Biden/ Harris,460,President,
Springfield,3,D,Trump/ Pence,106,President,
Springfield,3,D,Jorgensen/ Cohen,4,President,
Springfield,3,D,Hawkins/ Walker,4,President,
Springfield,3,D,All Others,5,President,
Springfield,3,D,No Preference,0,President,
Springfield,3,D,Blanks,33,President,
Springfield,3,D,Total Votes Cast,612,President,
Springfield,3,E,Biden/ Harris,366,President,
Springfield,3,E,Trump/ Pence,101,President,
Springfield,3,E,Jorgensen/ Cohen,3,President,
Springfield,3,E,Hawkins/ Walker,2,President,
Springfield,3,E,All Others,5,President,
Springfield,3,E,No Preference,0,President,
Springfield,3,E,Blanks,17,President,
Springfield,3,E,Total Votes Cast,494,President,
Springfield,3,F,Biden/ Harris,405,President,
Springfield,3,F,Trump/ Pence,124,President,
Springfield,3,F,Jorgensen/ Cohen,7,President,
Springfield,3,F,Hawkins/ Walker,3,President,
Springfield,3,F,All Others,1,President,
Springfield,3,F,No Preference,0,President,
Springfield,3,F,Blanks,36,President,
Springfield,3,F,Total Votes Cast,576,President,
Springfield,3,G,Biden/ Harris,356,President,
Springfield,3,G,Trump/ Pence,101,President,
Springfield,3,G,Jorgensen/ Cohen,7,President,
Springfield,3,G,Hawkins/ Walker,4,President,
Springfield,3,G,All Others,1,President,
Springfield,3,G,No Preference,0,President,
Springfield,3,G,Blanks,16,President,
Springfield,3,G,Total Votes Cast,485,President,
Springfield,3,H,Biden/ Harris,476,President,
Springfield,3,H,Trump/ Pence,154,President,
Springfield,3,H,Jorgensen/ Cohen,0,President,
Springfield,3,H,Hawkins/ Walker,5,President,
Springfield,3,H,All Others,3,President,
Springfield,3,H,No Preference,0,President,
Springfield,3,H,Blanks,34,President,
Springfield,3,H,Total Votes Cast,672,President,
Springfield,4,A,Biden/ Harris,718,President,
Springfield,4,A,Trump/ Pence,88,President,
Springfield,4,A,Jorgensen/ Cohen,6,President,
Springfield,4,A,Hawkins/ Walker,3,President,
Springfield,4,A,All Others,4,President,
Springfield,4,A,No Preference,0,President,
Springfield,4,A,Blanks,15,President,
Springfield,4,A,Total Votes Cast,834,President,
Springfield,4,B,Biden/ Harris,673,President,
Springfield,4,B,Trump/ Pence,115,President,
Springfield,4,B,Jorgensen/ Cohen,2,President,
Springfield,4,B,Hawkins/ Walker,3,President,
Springfield,4,B,All Others,3,President,
Springfield,4,B,No Preference,0,President,
Springfield,4,B,Blanks,10,President,
Springfield,4,B,Total Votes Cast,806,President,
Springfield,4,C,Biden/ Harris,504,President,
Springfield,4,C,Trump/ Pence,75,President,
Springfield,4,C,Jorgensen/ Cohen,3,President,
Springfield,4,C,Hawkins/ Walker,5,President,
Springfield,4,C,All Others,2,President,
Springfield,4,C,No Preference,0,President,
Springfield,4,C,Blanks,14,President,
Springfield,4,C,Total Votes Cast,603,President,
Springfield,4,D,Biden/ Harris,582,President,
Springfield,4,D,Trump/ Pence,69,President,
Springfield,4,D,Jorgensen/ Cohen,5,President,
Springfield,4,D,Hawkins/ Walker,8,President,
Springfield,4,D,All Others,0,President,
Springfield,4,D,No Preference,0,President,
Springfield,4,D,Blanks,10,President,
Springfield,4,D,Total Votes Cast,674,President,
Springfield,4,E,Biden/ Harris,525,President,
Springfield,4,E,Trump/ Pence,60,President,
Springfield,4,E,Jorgensen/ Cohen,1,President,
Springfield,4,E,Hawkins/ Walker,4,President,
Springfield,4,E,All Others,3,President,
Springfield,4,E,No Preference,0,President,
Springfield,4,E,Blanks,31,President,
Springfield,4,E,Total Votes Cast,624,President,
Springfield,4,F,Biden/ Harris,196,President,
Springfield,4,F,Trump/ Pence,25,President,
Springfield,4,F,Jorgensen/ Cohen,2,President,
Springfield,4,F,Hawkins/ Walker,1,President,
Springfield,4,F,All Others,0,President,
Springfield,4,F,No Preference,0,President,
Springfield,4,F,Blanks,5,President,
Springfield,4,F,Total Votes Cast,229,President,
Springfield,4,G,Biden/ Harris,646,President,
Springfield,4,G,Trump/ Pence,99,President,
Springfield,4,G,Jorgensen/ Cohen,7,President,
Springfield,4,G,Hawkins/ Walker,2,President,
Springfield,4,G,All Others,1,President,
Springfield,4,G,No Preference,0,President,
Springfield,4,G,Blanks,23,President,
Springfield,4,G,Total Votes Cast,778,President,
Springfield,4,H,Biden/ Harris,616,President,
Springfield,4,H,Trump/ Pence,55,President,
Springfield,4,H,Jorgensen/ Cohen,5,President,
Springfield,4,H,Hawkins/ Walker,0,President,
Springfield,4,H,All Others,1,President,
Springfield,4,H,No Preference,0,President,
Springfield,4,H,Blanks,23,President,
Springfield,4,H,Total Votes Cast,700,President,
Springfield,5,A,Biden/ Harris,640,President,
Springfield,5,A,Trump/ Pence,98,President,
Springfield,5,A,Jorgensen/ Cohen,8,President,
Springfield,5,A,Hawkins/ Walker,2,President,
Springfield,5,A,All Others,2,President,
Springfield,5,A,No Preference,0,President,
Springfield,5,A,Blanks,15,President,
Springfield,5,A,Total Votes Cast,765,President,
Springfield,5,B,Biden/ Harris,804,President,
Springfield,5,B,Trump/ Pence,210,President,
Springfield,5,B,Jorgensen/ Cohen,5,President,
Springfield,5,B,Hawkins/ Walker,3,President,
Springfield,5,B,All Others,4,President,
Springfield,5,B,No Preference,0,President,
Springfield,5,B,Blanks,20,President,
Springfield,5,B,Total Votes Cast,1046,President,
Springfield,5,C,Biden/ Harris,615,President,
Springfield,5,C,Trump/ Pence,233,President,
Springfield,5,C,Jorgensen/ Cohen,7,President,
Springfield,5,C,Hawkins/ Walker,6,President,
Springfield,5,C,All Others,6,President,
Springfield,5,C,No Preference,0,President,
Springfield,5,C,Blanks,40,President,
Springfield,5,C,Total Votes Cast,907,President,
Springfield,5,D,Biden/ Harris,794,President,
Springfield,5,D,Trump/ Pence,446,President,
Springfield,5,D,Jorgensen/ Cohen,15,President,
Springfield,5,D,Hawkins/ Walker,6,President,
Springfield,5,D,All Others,4,President,
Springfield,5,D,No Preference,0,President,
Springfield,5,D,Blanks,30,President,
Springfield,5,D,Total Votes Cast,1295,President,
Springfield,5,E,Biden/ Harris,972,President,
Springfield,5,E,Trump/ Pence,225,President,
Springfield,5,E,Jorgensen/ Cohen,8,President,
Springfield,5,E,Hawkins/ Walker,1,President,
Springfield,5,E,All Others,10,President,
Springfield,5,E,No Preference,0,President,
Springfield,5,E,Blanks,32,President,
Springfield,5,E,Total Votes Cast,1248,President,
Springfield,5,F,Biden/ Harris,845,President,
Springfield,5,F,Trump/ Pence,256,President,
Springfield,5,F,Jorgensen/ Cohen,12,President,
Springfield,5,F,Hawkins/ Walker,6,President,
Springfield,5,F,All Others,5,President,
Springfield,5,F,No Preference,0,President,
Springfield,5,F,Blanks,29,President,
Springfield,5,F,Total Votes Cast,1153,President,
Springfield,5,G,Biden/ Harris,864,President,
Springfield,5,G,Trump/ Pence,504,President,
Springfield,5,G,Jorgensen/ Cohen,13,President,
Springfield,5,G,Hawkins/ Walker,5,President,
Springfield,5,G,All Others,9,President,
Springfield,5,G,No Preference,0,President,
Springfield,5,G,Blanks,19,President,
Springfield,5,G,Total Votes Cast,1414,President,
Springfield,5,H,Biden/ Harris,600,President,
Springfield,5,H,Trump/ Pence,317,President,
Springfield,5,H,Jorgensen/ Cohen,7,President,
Springfield,5,H,Hawkins/ Walker,6,President,
Springfield,5,H,All Others,4,President,
Springfield,5,H,No Preference,0,President,
Springfield,5,H,Blanks,24,President,
Springfield,5,H,Total Votes Cast,958,President,
Springfield,6,A,Biden/ Harris,550,President,
Springfield,6,A,Trump/ Pence,145,President,
Springfield,6,A,Jorgensen/ Cohen,5,President,
Springfield,6,A,Hawkins/ Walker,5,President,
Springfield,6,A,All Others,4,President,
Springfield,6,A,No Preference,0,President,
Springfield,6,A,Blanks,10,President,
Springfield,6,A,Total Votes Cast,719,President,
Springfield,6,B,Biden/ Harris,792,President,
Springfield,6,B,Trump/ Pence,263,President,
Springfield,6,B,Jorgensen/ Cohen,11,President,
Springfield,6,B,Hawkins/ Walker,3,President,
Springfield,6,B,All Others,9,President,
Springfield,6,B,No Preference,0,President,
Springfield,6,B,Blanks,26,President,
Springfield,6,B,Total Votes Cast,1104,President,
Springfield,6,C,Biden/ Harris,638,President,
Springfield,6,C,Trump/ Pence,249,President,
Springfield,6,C,Jorgensen/ Cohen,51,President,
Springfield,6,C,Hawkins/ Walker,8,President,
Springfield,6,C,All Others,6,President,
Springfield,6,C,No Preference,0,President,
Springfield,6,C,Blanks,19,President,
Springfield,6,C,Total Votes Cast,971,President,
Springfield,6,D,Biden/ Harris,783,President,
Springfield,6,D,Trump/ Pence,459,President,
Springfield,6,D,Jorgensen/ Cohen,11,President,
Springfield,6,D,Hawkins/ Walker,9,President,
Springfield,6,D,All Others,5,President,
Springfield,6,D,No Preference,0,President,
Springfield,6,D,Blanks,31,President,
Springfield,6,D,Total Votes Cast,1298,President,
Springfield,6,E,Biden/ Harris,511,President,
Springfield,6,E,Trump/ Pence,178,President,
Springfield,6,E,Jorgensen/ Cohen,5,President,
Springfield,6,E,Hawkins/ Walker,3,President,
Springfield,6,E,All Others,2,President,
Springfield,6,E,No Preference,0,President,
Springfield,6,E,Blanks,36,President,
Springfield,6,E,Total Votes Cast,735,President,
Springfield,6,F,Biden/ Harris,601,President,
Springfield,6,F,Trump/ Pence,169,President,
Springfield,6,F,Jorgensen/ Cohen,7,President,
Springfield,6,F,Hawkins/ Walker,5,President,
Springfield,6,F,All Others,3,President,
Springfield,6,F,No Preference,0,President,
Springfield,6,F,Blanks,17,President,
Springfield,6,F,Total Votes Cast,802,President,
Springfield,6,G,Biden/ Harris,669,President,
Springfield,6,G,Trump/ Pence,236,President,
Springfield,6,G,Jorgensen/ Cohen,7,President,
Springfield,6,G,Hawkins/ Walker,4,President,
Springfield,6,G,All Others,2,President,
Springfield,6,G,No Preference,0,President,
Springfield,6,G,Blanks,22,President,
Springfield,6,G,Total Votes Cast,940,President,
Springfield,6,H,Biden/ Harris,711,President,
Springfield,6,H,Trump/ Pence,338,President,
Springfield,6,H,Jorgensen/ Cohen,8,President,
Springfield,6,H,Hawkins/ Walker,6,President,
Springfield,6,H,All Others,6,President,
Springfield,6,H,No Preference,0,President,
Springfield,6,H,Blanks,10,President,
Springfield,6,H,Total Votes Cast,1079,President,
Springfield,7,A,Biden/ Harris,772,President,
Springfield,7,A,Trump/ Pence,367,President,
Springfield,7,A,Jorgensen/ Cohen,11,President,
Springfield,7,A,Hawkins/ Walker,2,President,
Springfield,7,A,All Others,3,President,
Springfield,7,A,No Preference,0,President,
Springfield,7,A,Blanks,25,President,
Springfield,7,A,Total Votes Cast,1180,President,
Springfield,7,B,Biden/ Harris,876,President,
Springfield,7,B,Trump/ Pence,459,President,
Springfield,7,B,Jorgensen/ Cohen,16,President,
Springfield,7,B,Hawkins/ Walker,6,President,
Springfield,7,B,All Others,14,President,
Springfield,7,B,No Preference,0,President,
Springfield,7,B,Blanks,58,President,
Springfield,7,B,Total Votes Cast,1429,President,
Springfield,7,C,Biden/ Harris,866,President,
Springfield,7,C,Trump/ Pence,435,President,
Springfield,7,C,Jorgensen/ Cohen,10,President,
Springfield,7,C,Hawkins/ Walker,4,President,
Springfield,7,C,All Others,5,President,
Springfield,7,C,No Preference,0,President,
Springfield,7,C,Blanks,50,President,
Springfield,7,C,Total Votes Cast,1370,President,
Springfield,7,D,Biden/ Harris,740,President,
Springfield,7,D,Trump/ Pence,455,President,
Springfield,7,D,Jorgensen/ Cohen,19,President,
Springfield,7,D,Hawkins/ Walker,9,President,
Springfield,7,D,All Others,5,President,
Springfield,7,D,No Preference,0,President,
Springfield,7,D,Blanks,13,President,
Springfield,7,D,Total Votes Cast,1241,President,
Springfield,7,E,Biden/ Harris,618,President,
Springfield,7,E,Trump/ Pence,207,President,
Springfield,7,E,Jorgensen/ Cohen,10,President,
Springfield,7,E,Hawkins/ Walker,4,President,
Springfield,7,E,All Others,2,President,
Springfield,7,E,No Preference,0,President,
Springfield,7,E,Blanks,21,President,
Springfield,7,E,Total Votes Cast,862,President,
Springfield,7,F,Biden/ Harris,831,President,
Springfield,7,F,Trump/ Pence,432,President,
Springfield,7,F,Jorgensen/ Cohen,17,President,
Springfield,7,F,Hawkins/ Walker,7,President,
Springfield,7,F,All Others,5,President,
Springfield,7,F,No Preference,0,President,
Springfield,7,F,Blanks,44,President,
Springfield,7,F,Total Votes Cast,1336,President,
Springfield,7,G,Biden/ Harris,820,President,
Springfield,7,G,Trump/ Pence,551,President,
Springfield,7,G,Jorgensen/ Cohen,13,President,
Springfield,7,G,Hawkins/ Walker,11,President,
Springfield,7,G,All Others,11,President,
Springfield,7,G,No Preference,0,President,
Springfield,7,G,Blanks,41,President,
Springfield,7,G,Total Votes Cast,1447,President,
Springfield,7,H,Biden/ Harris,396,President,
Springfield,7,H,Trump/ Pence,176,President,
Springfield,7,H,Jorgensen/ Cohen,12,President,
Springfield,7,H,Hawkins/ Walker,4,President,
Springfield,7,H,All Others,5,President,
Springfield,7,H,No Preference,0,President,
Springfield,7,H,Blanks,20,President,
Springfield,7,H,Total Votes Cast,613,President,
Springfield,8,A,Biden/ Harris,669,President,
Springfield,8,A,Trump/ Pence,332,President,
Springfield,8,A,Jorgensen/ Cohen,10,President,
Springfield,8,A,Hawkins/ Walker,5,President,
Springfield,8,A,All Others,0,President,
Springfield,8,A,No Preference,0,President,
Springfield,8,A,Blanks,26,President,
Springfield,8,A,Total Votes Cast,1042,President,
Springfield,8,B,Biden/ Harris,741,President,
Springfield,8,B,Trump/ Pence,256,President,
Springfield,8,B,Jorgensen/ Cohen,9,President,
Springfield,8,B,Hawkins/ Walker,9,President,
Springfield,8,B,All Others,4,President,
Springfield,8,B,No Preference,0,President,
Springfield,8,B,Blanks,28,President,
Springfield,8,B,Total Votes Cast,1047,President,
Springfield,8,C,Biden/ Harris,711,President,
Springfield,8,C,Trump/ Pence,193,President,
Springfield,8,C,Jorgensen/ Cohen,11,President,
Springfield,8,C,Hawkins/ Walker,3,President,
Springfield,8,C,All Others,0,President,
Springfield,8,C,No Preference,0,President,
Springfield,8,C,Blanks,39,President,
Springfield,8,C,Total Votes Cast,957,President,
Springfield,8,D,Biden/ Harris,412,President,
Springfield,8,D,Trump/ Pence,151,President,
Springfield,8,D,Jorgensen/ Cohen,10,President,
Springfield,8,D,Hawkins/ Walker,5,President,
Springfield,8,D,All Others,0,President,
Springfield,8,D,No Preference,0,President,
Springfield,8,D,Blanks,16,President,
Springfield,8,D,Total Votes Cast,594,President,
Springfield,8,E,Biden/ Harris,490,President,
Springfield,8,E,Trump/ Pence,192,President,
Springfield,8,E,Jorgensen/ Cohen,6,President,
Springfield,8,E,Hawkins/ Walker,6,President,
Springfield,8,E,All Others,4,President,
Springfield,8,E,No Preference,0,President,
Springfield,8,E,Blanks,12,President,
Springfield,8,E,Total Votes Cast,710,President,
Springfield,8,F,Biden/ Harris,691,President,
Springfield,8,F,Trump/ Pence,310,President,
Springfield,8,F,Jorgensen/ Cohen,8,President,
Springfield,8,F,Hawkins/ Walker,6,President,
Springfield,8,F,All Others,2,President,
Springfield,8,F,No Preference,0,President,
Springfield,8,F,Blanks,22,President,
Springfield,8,F,Total Votes Cast,1039,President,
Springfield,8,G,Biden/ Harris,692,President,
Springfield,8,G,Trump/ Pence,300,President,
Springfield,8,G,Jorgensen/ Cohen,16,President,
Springfield,8,G,Hawkins/ Walker,0,President,
Springfield,8,G,All Others,7,President,
Springfield,8,G,No Preference,0,President,
Springfield,8,G,Blanks,19,President,
Springfield,8,G,Total Votes Cast,1034,President,
Springfield,8,H,Biden/ Harris,711,President,
Springfield,8,H,Trump/ Pence,209,President,
Springfield,8,H,Jorgensen/ Cohen,6,President,
Springfield,8,H,Hawkins/ Walker,6,President,
Springfield,8,H,All Others,2,President,
Springfield,8,H,No Preference,0,President,
Springfield,8,H,Blanks,26,President,
Springfield,8,H,Total Votes Cast,960,President,
Sterling,-,1,Biden/ Harris,1378,President,
Sterling,-,1,Trump/ Pence,1174,President,
Sterling,-,1,Jorgensen/ Cohen,53,President,
Sterling,-,1,Hawkins/ Walker,8,President,
Sterling,-,1,All Others,15,President,
Sterling,-,1,No Preference,0,President,
Sterling,-,1,Blanks,17,President,
Sterling,-,1,Total Votes Cast,2645,President,
Sterling,-,2,Biden/ Harris,1463,President,
Sterling,-,2,Trump/ Pence,1270,President,
Sterling,-,2,Jorgensen/ Cohen,47,President,
Sterling,-,2,Hawkins/ Walker,22,President,
Sterling,-,2,All Others,21,President,
Sterling,-,2,No Preference,0,President,
Sterling,-,2,Blanks,22,President,
Sterling,-,2,Total Votes Cast,2845,President,
Stockbridge,-,1,Biden/ Harris,1099,President,
Stockbridge,-,1,Trump/ Pence,237,President,
Stockbridge,-,1,Jorgensen/ Cohen,12,President,
Stockbridge,-,1,Hawkins/ Walker,11,President,
Stockbridge,-,1,All Others,4,President,
Stockbridge,-,1,No Preference,0,President,
Stockbridge,-,1,Blanks,7,President,
Stockbridge,-,1,Total Votes Cast,1370,President,
Stoneham,-,1,Biden/ Harris,1225,President,
Stoneham,-,1,Trump/ Pence,687,President,
Stoneham,-,1,Jorgensen/ Cohen,19,President,
Stoneham,-,1,Hawkins/ Walker,5,President,
Stoneham,-,1,All Others,5,President,
Stoneham,-,1,No Preference,0,President,
Stoneham,-,1,Blanks,10,President,
Stoneham,-,1,Total Votes Cast,1951,President,
Stoneham,-,2,Biden/ Harris,1418,President,
Stoneham,-,2,Trump/ Pence,783,President,
Stoneham,-,2,Jorgensen/ Cohen,25,President,
Stoneham,-,2,Hawkins/ Walker,4,President,
Stoneham,-,2,All Others,11,President,
Stoneham,-,2,No Preference,0,President,
Stoneham,-,2,Blanks,23,President,
Stoneham,-,2,Total Votes Cast,2264,President,
Stoneham,-,3,Biden/ Harris,1328,President,
Stoneham,-,3,Trump/ Pence,876,President,
Stoneham,-,3,Jorgensen/ Cohen,19,President,
Stoneham,-,3,Hawkins/ Walker,19,President,
Stoneham,-,3,All Others,8,President,
Stoneham,-,3,No Preference,0,President,
Stoneham,-,3,Blanks,20,President,
Stoneham,-,3,Total Votes Cast,2270,President,
Stoneham,-,4,Biden/ Harris,1077,President,
Stoneham,-,4,Trump/ Pence,726,President,
Stoneham,-,4,Jorgensen/ Cohen,21,President,
Stoneham,-,4,Hawkins/ Walker,8,President,
Stoneham,-,4,All Others,5,President,
Stoneham,-,4,No Preference,0,President,
Stoneham,-,4,Blanks,10,President,
Stoneham,-,4,Total Votes Cast,1847,President,
Stoneham,-,5,Biden/ Harris,1157,President,
Stoneham,-,5,Trump/ Pence,863,President,
Stoneham,-,5,Jorgensen/ Cohen,18,President,
Stoneham,-,5,Hawkins/ Walker,6,President,
Stoneham,-,5,All Others,10,President,
Stoneham,-,5,No Preference,0,President,
Stoneham,-,5,Blanks,20,President,
Stoneham,-,5,Total Votes Cast,2074,President,
Stoneham,-,6,Biden/ Harris,1295,President,
Stoneham,-,6,Trump/ Pence,726,President,
Stoneham,-,6,Jorgensen/ Cohen,25,President,
Stoneham,-,6,Hawkins/ Walker,10,President,
Stoneham,-,6,All Others,16,President,
Stoneham,-,6,No Preference,0,President,
Stoneham,-,6,Blanks,12,President,
Stoneham,-,6,Total Votes Cast,2084,President,
Stoneham,-,7,Biden/ Harris,1176,President,
Stoneham,-,7,Trump/ Pence,711,President,
Stoneham,-,7,Jorgensen/ Cohen,24,President,
Stoneham,-,7,Hawkins/ Walker,7,President,
Stoneham,-,7,All Others,9,President,
Stoneham,-,7,No Preference,0,President,
Stoneham,-,7,Blanks,19,President,
Stoneham,-,7,Total Votes Cast,1946,President,
Stoughton,-,1,Biden/ Harris,1444,President,
Stoughton,-,1,Trump/ Pence,662,President,
Stoughton,-,1,Jorgensen/ Cohen,15,President,
Stoughton,-,1,Hawkins/ Walker,5,President,
Stoughton,-,1,All Others,2,President,
Stoughton,-,1,No Preference,0,President,
Stoughton,-,1,Blanks,21,President,
Stoughton,-,1,Total Votes Cast,2149,President,
Stoughton,-,2,Biden/ Harris,1263,President,
Stoughton,-,2,Trump/ Pence,601,President,
Stoughton,-,2,Jorgensen/ Cohen,17,President,
Stoughton,-,2,Hawkins/ Walker,9,President,
Stoughton,-,2,All Others,1,President,
Stoughton,-,2,No Preference,0,President,
Stoughton,-,2,Blanks,16,President,
Stoughton,-,2,Total Votes Cast,1907,President,
Stoughton,-,3,Biden/ Harris,1326,President,
Stoughton,-,3,Trump/ Pence,640,President,
Stoughton,-,3,Jorgensen/ Cohen,25,President,
Stoughton,-,3,Hawkins/ Walker,8,President,
Stoughton,-,3,All Others,7,President,
Stoughton,-,3,No Preference,0,President,
Stoughton,-,3,Blanks,17,President,
Stoughton,-,3,Total Votes Cast,2023,President,
Stoughton,-,4,Biden/ Harris,1386,President,
Stoughton,-,4,Trump/ Pence,843,President,
Stoughton,-,4,Jorgensen/ Cohen,33,President,
Stoughton,-,4,Hawkins/ Walker,9,President,
Stoughton,-,4,All Others,3,President,
Stoughton,-,4,No Preference,0,President,
Stoughton,-,4,Blanks,20,President,
Stoughton,-,4,Total Votes Cast,2294,President,
Stoughton,-,5,Biden/ Harris,1082,President,
Stoughton,-,5,Trump/ Pence,594,President,
Stoughton,-,5,Jorgensen/ Cohen,25,President,
Stoughton,-,5,Hawkins/ Walker,9,President,
Stoughton,-,5,All Others,8,President,
Stoughton,-,5,No Preference,0,President,
Stoughton,-,5,Blanks,10,President,
Stoughton,-,5,Total Votes Cast,1728,President,
Stoughton,-,6,Biden/ Harris,1554,President,
Stoughton,-,6,Trump/ Pence,765,President,
Stoughton,-,6,Jorgensen/ Cohen,30,President,
Stoughton,-,6,Hawkins/ Walker,18,President,
Stoughton,-,6,All Others,4,President,
Stoughton,-,6,No Preference,0,President,
Stoughton,-,6,Blanks,19,President,
Stoughton,-,6,Total Votes Cast,2390,President,
Stoughton,-,7,Biden/ Harris,1174,President,
Stoughton,-,7,Trump/ Pence,517,President,
Stoughton,-,7,Jorgensen/ Cohen,24,President,
Stoughton,-,7,Hawkins/ Walker,6,President,
Stoughton,-,7,All Others,5,President,
Stoughton,-,7,No Preference,0,President,
Stoughton,-,7,Blanks,17,President,
Stoughton,-,7,Total Votes Cast,1743,President,
Stoughton,-,8,Biden/ Harris,1025,President,
Stoughton,-,8,Trump/ Pence,459,President,
Stoughton,-,8,Jorgensen/ Cohen,20,President,
Stoughton,-,8,Hawkins/ Walker,5,President,
Stoughton,-,8,All Others,0,President,
Stoughton,-,8,No Preference,0,President,
Stoughton,-,8,Blanks,20,President,
Stoughton,-,8,Total Votes Cast,1529,President,
Stow,-,1,Biden/ Harris,1794,President,
Stow,-,1,Trump/ Pence,659,President,
Stow,-,1,Jorgensen/ Cohen,63,President,
Stow,-,1,Hawkins/ Walker,12,President,
Stow,-,1,All Others,14,President,
Stow,-,1,No Preference,0,President,
Stow,-,1,Blanks,15,President,
Stow,-,1,Total Votes Cast,2557,President,
Stow,-,2,Biden/ Harris,1757,President,
Stow,-,2,Trump/ Pence,599,President,
Stow,-,2,Jorgensen/ Cohen,46,President,
Stow,-,2,Hawkins/ Walker,11,President,
Stow,-,2,All Others,9,President,
Stow,-,2,No Preference,0,President,
Stow,-,2,Blanks,18,President,
Stow,-,2,Total Votes Cast,2440,President,
Sturbridge,-,1,Biden/ Harris,1173,President,
Sturbridge,-,1,Trump/ Pence,803,President,
Sturbridge,-,1,Jorgensen/ Cohen,44,President,
Sturbridge,-,1,Hawkins/ Walker,10,President,
Sturbridge,-,1,All Others,1,President,
Sturbridge,-,1,No Preference,0,President,
Sturbridge,-,1,Blanks,0,President,
Sturbridge,-,1,Total Votes Cast,2031,President,
Sturbridge,-,2,Biden/ Harris,1212,President,
Sturbridge,-,2,Trump/ Pence,887,President,
Sturbridge,-,2,Jorgensen/ Cohen,40,President,
Sturbridge,-,2,Hawkins/ Walker,12,President,
Sturbridge,-,2,All Others,2,President,
Sturbridge,-,2,No Preference,0,President,
Sturbridge,-,2,Blanks,0,President,
Sturbridge,-,2,Total Votes Cast,2153,President,
Sturbridge,-,3,Biden/ Harris,1032,President,
Sturbridge,-,3,Trump/ Pence,825,President,
Sturbridge,-,3,Jorgensen/ Cohen,45,President,
Sturbridge,-,3,Hawkins/ Walker,7,President,
Sturbridge,-,3,All Others,0,President,
Sturbridge,-,3,No Preference,0,President,
Sturbridge,-,3,Blanks,0,President,
Sturbridge,-,3,Total Votes Cast,1909,President,
Sudbury,-,1,Biden/ Harris,1405,President,
Sudbury,-,1,Trump/ Pence,373,President,
Sudbury,-,1,Jorgensen/ Cohen,23,President,
Sudbury,-,1,Hawkins/ Walker,7,President,
Sudbury,-,1,All Others,14,President,
Sudbury,-,1,No Preference,0,President,
Sudbury,-,1,Blanks,18,President,
Sudbury,-,1,Total Votes Cast,1840,President,
Sudbury,-,1A,Biden/ Harris,507,President,
Sudbury,-,1A,Trump/ Pence,134,President,
Sudbury,-,1A,Jorgensen/ Cohen,17,President,
Sudbury,-,1A,Hawkins/ Walker,3,President,
Sudbury,-,1A,All Others,3,President,
Sudbury,-,1A,No Preference,0,President,
Sudbury,-,1A,Blanks,8,President,
Sudbury,-,1A,Total Votes Cast,672,President,
Sudbury,-,2,Biden/ Harris,1726,President,
Sudbury,-,2,Trump/ Pence,498,President,
Sudbury,-,2,Jorgensen/ Cohen,33,President,
Sudbury,-,2,Hawkins/ Walker,11,President,
Sudbury,-,2,All Others,18,President,
Sudbury,-,2,No Preference,0,President,
Sudbury,-,2,Blanks,23,President,
Sudbury,-,2,Total Votes Cast,2309,President,
Sudbury,-,3,Biden/ Harris,2034,President,
Sudbury,-,3,Trump/ Pence,659,President,
Sudbury,-,3,Jorgensen/ Cohen,35,President,
Sudbury,-,3,Hawkins/ Walker,13,President,
Sudbury,-,3,All Others,14,President,
Sudbury,-,3,No Preference,0,President,
Sudbury,-,3,Blanks,27,President,
Sudbury,-,3,Total Votes Cast,2782,President,
Sudbury,-,4,Biden/ Harris,1958,President,
Sudbury,-,4,Trump/ Pence,515,President,
Sudbury,-,4,Jorgensen/ Cohen,47,President,
Sudbury,-,4,Hawkins/ Walker,5,President,
Sudbury,-,4,All Others,13,President,
Sudbury,-,4,No Preference,0,President,
Sudbury,-,4,Blanks,33,President,
Sudbury,-,4,Total Votes Cast,2571,President,
Sudbury,-,5,Biden/ Harris,1715,President,
Sudbury,-,5,Trump/ Pence,512,President,
Sudbury,-,5,Jorgensen/ Cohen,32,President,
Sudbury,-,5,Hawkins/ Walker,6,President,
Sudbury,-,5,All Others,24,President,
Sudbury,-,5,No Preference,0,President,
Sudbury,-,5,Blanks,24,President,
Sudbury,-,5,Total Votes Cast,2313,President,
Sunderland,-,1,Biden/ Harris,1605,President,
Sunderland,-,1,Trump/ Pence,394,President,
Sunderland,-,1,Jorgensen/ Cohen,21,President,
Sunderland,-,1,Hawkins/ Walker,25,President,
Sunderland,-,1,All Others,5,President,
Sunderland,-,1,No Preference,0,President,
Sunderland,-,1,Blanks,11,President,
Sunderland,-,1,Total Votes Cast,2061,President,
Sutton,-,1,Biden/ Harris,1115,President,
Sutton,-,1,Trump/ Pence,1117,President,
Sutton,-,1,Jorgensen/ Cohen,36,President,
Sutton,-,1,Hawkins/ Walker,9,President,
Sutton,-,1,All Others,8,President,
Sutton,-,1,No Preference,0,President,
Sutton,-,1,Blanks,5,President,
Sutton,-,1,Total Votes Cast,2290,President,
Sutton,-,2,Biden/ Harris,891,President,
Sutton,-,2,Trump/ Pence,1041,President,
Sutton,-,2,Jorgensen/ Cohen,34,President,
Sutton,-,2,Hawkins/ Walker,6,President,
Sutton,-,2,All Others,12,President,
Sutton,-,2,No Preference,0,President,
Sutton,-,2,Blanks,9,President,
Sutton,-,2,Total Votes Cast,1993,President,
Sutton,-,3,Biden/ Harris,1085,President,
Sutton,-,3,Trump/ Pence,923,President,
Sutton,-,3,Jorgensen/ Cohen,26,President,
Sutton,-,3,Hawkins/ Walker,6,President,
Sutton,-,3,All Others,9,President,
Sutton,-,3,No Preference,0,President,
Sutton,-,3,Blanks,20,President,
Sutton,-,3,Total Votes Cast,2069,President,
Swampscott,-,1,Biden/ Harris,982,President,
Swampscott,-,1,Trump/ Pence,523,President,
Swampscott,-,1,Jorgensen/ Cohen,12,President,
Swampscott,-,1,Hawkins/ Walker,9,President,
Swampscott,-,1,All Others,6,President,
Swampscott,-,1,No Preference,0,President,
Swampscott,-,1,Blanks,13,President,
Swampscott,-,1,Total Votes Cast,1545,President,
Swampscott,-,2,Biden/ Harris,1255,President,
Swampscott,-,2,Trump/ Pence,431,President,
Swampscott,-,2,Jorgensen/ Cohen,19,President,
Swampscott,-,2,Hawkins/ Walker,5,President,
Swampscott,-,2,All Others,8,President,
Swampscott,-,2,No Preference,0,President,
Swampscott,-,2,Blanks,19,President,
Swampscott,-,2,Total Votes Cast,1737,President,
Swampscott,-,3,Biden/ Harris,977,President,
Swampscott,-,3,Trump/ Pence,375,President,
Swampscott,-,3,Jorgensen/ Cohen,15,President,
Swampscott,-,3,Hawkins/ Walker,8,President,
Swampscott,-,3,All Others,6,President,
Swampscott,-,3,No Preference,0,President,
Swampscott,-,3,Blanks,16,President,
Swampscott,-,3,Total Votes Cast,1397,President,
Swampscott,-,4,Biden/ Harris,1292,President,
Swampscott,-,4,Trump/ Pence,375,President,
Swampscott,-,4,Jorgensen/ Cohen,16,President,
Swampscott,-,4,Hawkins/ Walker,5,President,
Swampscott,-,4,All Others,10,President,
Swampscott,-,4,No Preference,0,President,
Swampscott,-,4,Blanks,18,President,
Swampscott,-,4,Total Votes Cast,1716,President,
Swampscott,-,5,Biden/ Harris,1075,President,
Swampscott,-,5,Trump/ Pence,442,President,
Swampscott,-,5,Jorgensen/ Cohen,13,President,
Swampscott,-,5,Hawkins/ Walker,4,President,
Swampscott,-,5,All Others,5,President,
Swampscott,-,5,No Preference,0,President,
Swampscott,-,5,Blanks,14,President,
Swampscott,-,5,Total Votes Cast,1553,President,
Swampscott,-,6,Biden/ Harris,1264,President,
Swampscott,-,6,Trump/ Pence,409,President,
Swampscott,-,6,Jorgensen/ Cohen,17,President,
Swampscott,-,6,Hawkins/ Walker,2,President,
Swampscott,-,6,All Others,12,President,
Swampscott,-,6,No Preference,0,President,
Swampscott,-,6,Blanks,18,President,
Swampscott,-,6,Total Votes Cast,1722,President,
Swansea,-,1,Biden/ Harris,918,President,
Swansea,-,1,Trump/ Pence,1181,President,
Swansea,-,1,Jorgensen/ Cohen,20,President,
Swansea,-,1,Hawkins/ Walker,6,President,
Swansea,-,1,All Others,3,President,
Swansea,-,1,No Preference,0,President,
Swansea,-,1,Blanks,8,President,
Swansea,-,1,Total Votes Cast,2136,President,
Swansea,-,2,Biden/ Harris,1012,President,
Swansea,-,2,Trump/ Pence,892,President,
Swansea,-,2,Jorgensen/ Cohen,30,President,
Swansea,-,2,Hawkins/ Walker,7,President,
Swansea,-,2,All Others,6,President,
Swansea,-,2,No Preference,0,President,
Swansea,-,2,Blanks,8,President,
Swansea,-,2,Total Votes Cast,1955,President,
Swansea,-,3,Biden/ Harris,965,President,
Swansea,-,3,Trump/ Pence,896,President,
Swansea,-,3,Jorgensen/ Cohen,27,President,
Swansea,-,3,Hawkins/ Walker,8,President,
Swansea,-,3,All Others,6,President,
Swansea,-,3,No Preference,0,President,
Swansea,-,3,Blanks,4,President,
Swansea,-,3,Total Votes Cast,1906,President,
Swansea,-,4,Biden/ Harris,949,President,
Swansea,-,4,Trump/ Pence,1054,President,
Swansea,-,4,Jorgensen/ Cohen,21,President,
Swansea,-,4,Hawkins/ Walker,5,President,
Swansea,-,4,All Others,2,President,
Swansea,-,4,No Preference,0,President,
Swansea,-,4,Blanks,10,President,
Swansea,-,4,Total Votes Cast,2041,President,
Swansea,-,5,Biden/ Harris,892,President,
Swansea,-,5,Trump/ Pence,1100,President,
Swansea,-,5,Jorgensen/ Cohen,21,President,
Swansea,-,5,Hawkins/ Walker,10,President,
Swansea,-,5,All Others,3,President,
Swansea,-,5,No Preference,0,President,
Swansea,-,5,Blanks,6,President,
Swansea,-,5,Total Votes Cast,2032,President,
Taunton,1,A,Biden/ Harris,874,President,
Taunton,1,A,Trump/ Pence,521,President,
Taunton,1,A,Jorgensen/ Cohen,27,President,
Taunton,1,A,Hawkins/ Walker,9,President,
Taunton,1,A,All Others,3,President,
Taunton,1,A,No Preference,0,President,
Taunton,1,A,Blanks,8,President,
Taunton,1,A,Total Votes Cast,1442,President,
Taunton,1,B,Biden/ Harris,999,President,
Taunton,1,B,Trump/ Pence,893,President,
Taunton,1,B,Jorgensen/ Cohen,29,President,
Taunton,1,B,Hawkins/ Walker,11,President,
Taunton,1,B,All Others,9,President,
Taunton,1,B,No Preference,0,President,
Taunton,1,B,Blanks,14,President,
Taunton,1,B,Total Votes Cast,1955,President,
Taunton,2,A,Biden/ Harris,765,President,
Taunton,2,A,Trump/ Pence,328,President,
Taunton,2,A,Jorgensen/ Cohen,12,President,
Taunton,2,A,Hawkins/ Walker,10,President,
Taunton,2,A,All Others,0,President,
Taunton,2,A,No Preference,0,President,
Taunton,2,A,Blanks,7,President,
Taunton,2,A,Total Votes Cast,1122,President,
Taunton,2,B,Biden/ Harris,823,President,
Taunton,2,B,Trump/ Pence,450,President,
Taunton,2,B,Jorgensen/ Cohen,13,President,
Taunton,2,B,Hawkins/ Walker,8,President,
Taunton,2,B,All Others,3,President,
Taunton,2,B,No Preference,0,President,
Taunton,2,B,Blanks,10,President,
Taunton,2,B,Total Votes Cast,1307,President,
Taunton,3,A,Biden/ Harris,919,President,
Taunton,3,A,Trump/ Pence,596,President,
Taunton,3,A,Jorgensen/ Cohen,19,President,
Taunton,3,A,Hawkins/ Walker,5,President,
Taunton,3,A,All Others,6,President,
Taunton,3,A,No Preference,0,President,
Taunton,3,A,Blanks,8,President,
Taunton,3,A,Total Votes Cast,1553,President,
Taunton,3,B,Biden/ Harris,1080,President,
Taunton,3,B,Trump/ Pence,839,President,
Taunton,3,B,Jorgensen/ Cohen,34,President,
Taunton,3,B,Hawkins/ Walker,12,President,
Taunton,3,B,All Others,7,President,
Taunton,3,B,No Preference,0,President,
Taunton,3,B,Blanks,8,President,
Taunton,3,B,Total Votes Cast,1980,President,
Taunton,4,A,Biden/ Harris,966,President,
Taunton,4,A,Trump/ Pence,917,President,
Taunton,4,A,Jorgensen/ Cohen,28,President,
Taunton,4,A,Hawkins/ Walker,7,President,
Taunton,4,A,All Others,8,President,
Taunton,4,A,No Preference,0,President,
Taunton,4,A,Blanks,15,President,
Taunton,4,A,Total Votes Cast,1941,President,
Taunton,4,B,Biden/ Harris,921,President,
Taunton,4,B,Trump/ Pence,713,President,
Taunton,4,B,Jorgensen/ Cohen,33,President,
Taunton,4,B,Hawkins/ Walker,8,President,
Taunton,4,B,All Others,6,President,
Taunton,4,B,No Preference,0,President,
Taunton,4,B,Blanks,7,President,
Taunton,4,B,Total Votes Cast,1688,President,
Taunton,5,A,Biden/ Harris,877,President,
Taunton,5,A,Trump/ Pence,520,President,
Taunton,5,A,Jorgensen/ Cohen,21,President,
Taunton,5,A,Hawkins/ Walker,8,President,
Taunton,5,A,All Others,5,President,
Taunton,5,A,No Preference,0,President,
Taunton,5,A,Blanks,7,President,
Taunton,5,A,Total Votes Cast,1438,President,
Taunton,5,B,Biden/ Harris,835,President,
Taunton,5,B,Trump/ Pence,502,President,
Taunton,5,B,Jorgensen/ Cohen,13,President,
Taunton,5,B,Hawkins/ Walker,3,President,
Taunton,5,B,All Others,7,President,
Taunton,5,B,No Preference,0,President,
Taunton,5,B,Blanks,7,President,
Taunton,5,B,Total Votes Cast,1367,President,
Taunton,6,A,Biden/ Harris,695,President,
Taunton,6,A,Trump/ Pence,488,President,
Taunton,6,A,Jorgensen/ Cohen,13,President,
Taunton,6,A,Hawkins/ Walker,7,President,
Taunton,6,A,All Others,4,President,
Taunton,6,A,No Preference,0,President,
Taunton,6,A,Blanks,6,President,
Taunton,6,A,Total Votes Cast,1213,President,
Taunton,6,B,Biden/ Harris,974,President,
Taunton,6,B,Trump/ Pence,696,President,
Taunton,6,B,Jorgensen/ Cohen,21,President,
Taunton,6,B,Hawkins/ Walker,17,President,
Taunton,6,B,All Others,7,President,
Taunton,6,B,No Preference,0,President,
Taunton,6,B,Blanks,17,President,
Taunton,6,B,Total Votes Cast,1732,President,
Taunton,7,A,Biden/ Harris,1013,President,
Taunton,7,A,Trump/ Pence,808,President,
Taunton,7,A,Jorgensen/ Cohen,32,President,
Taunton,7,A,Hawkins/ Walker,12,President,
Taunton,7,A,All Others,6,President,
Taunton,7,A,No Preference,0,President,
Taunton,7,A,Blanks,16,President,
Taunton,7,A,Total Votes Cast,1887,President,
Taunton,7,B,Biden/ Harris,1043,President,
Taunton,7,B,Trump/ Pence,1048,President,
Taunton,7,B,Jorgensen/ Cohen,38,President,
Taunton,7,B,Hawkins/ Walker,12,President,
Taunton,7,B,All Others,8,President,
Taunton,7,B,No Preference,0,President,
Taunton,7,B,Blanks,20,President,
Taunton,7,B,Total Votes Cast,2169,President,
Taunton,8,A,Biden/ Harris,1073,President,
Taunton,8,A,Trump/ Pence,880,President,
Taunton,8,A,Jorgensen/ Cohen,26,President,
Taunton,8,A,Hawkins/ Walker,12,President,
Taunton,8,A,All Others,8,President,
Taunton,8,A,No Preference,0,President,
Taunton,8,A,Blanks,13,President,
Taunton,8,A,Total Votes Cast,2012,President,
Taunton,8,B,Biden/ Harris,1139,President,
Taunton,8,B,Trump/ Pence,949,President,
Taunton,8,B,Jorgensen/ Cohen,20,President,
Taunton,8,B,Hawkins/ Walker,13,President,
Taunton,8,B,All Others,9,President,
Taunton,8,B,No Preference,0,President,
Taunton,8,B,Blanks,16,President,
Taunton,8,B,Total Votes Cast,2146,President,
Templeton,-,A,Biden/ Harris,765,President,
Templeton,-,A,Trump/ Pence,888,President,
Templeton,-,A,Jorgensen/ Cohen,30,President,
Templeton,-,A,Hawkins/ Walker,10,President,
Templeton,-,A,All Others,10,President,
Templeton,-,A,No Preference,0,President,
Templeton,-,A,Blanks,3,President,
Templeton,-,A,Total Votes Cast,1706,President,
Templeton,-,B,Biden/ Harris,661,President,
Templeton,-,B,Trump/ Pence,740,President,
Templeton,-,B,Jorgensen/ Cohen,30,President,
Templeton,-,B,Hawkins/ Walker,12,President,
Templeton,-,B,All Others,6,President,
Templeton,-,B,No Preference,0,President,
Templeton,-,B,Blanks,11,President,
Templeton,-,B,Total Votes Cast,1460,President,
Templeton,-,C,Biden/ Harris,635,President,
Templeton,-,C,Trump/ Pence,661,President,
Templeton,-,C,Jorgensen/ Cohen,35,President,
Templeton,-,C,Hawkins/ Walker,9,President,
Templeton,-,C,All Others,3,President,
Templeton,-,C,No Preference,0,President,
Templeton,-,C,Blanks,4,President,
Templeton,-,C,Total Votes Cast,1347,President,
Tewksbury,-,1,Biden/ Harris,1144,President,
Tewksbury,-,1,Trump/ Pence,960,President,
Tewksbury,-,1,Jorgensen/ Cohen,30,President,
Tewksbury,-,1,Hawkins/ Walker,7,President,
Tewksbury,-,1,All Others,12,President,
Tewksbury,-,1,No Preference,0,President,
Tewksbury,-,1,Blanks,15,President,
Tewksbury,-,1,Total Votes Cast,2168,President,
Tewksbury,-,1A,Biden/ Harris,1223,President,
Tewksbury,-,1A,Trump/ Pence,1145,President,
Tewksbury,-,1A,Jorgensen/ Cohen,39,President,
Tewksbury,-,1A,Hawkins/ Walker,16,President,
Tewksbury,-,1A,All Others,9,President,
Tewksbury,-,1A,No Preference,0,President,
Tewksbury,-,1A,Blanks,11,President,
Tewksbury,-,1A,Total Votes Cast,2443,President,
Tewksbury,-,2,Biden/ Harris,1134,President,
Tewksbury,-,2,Trump/ Pence,1013,President,
Tewksbury,-,2,Jorgensen/ Cohen,39,President,
Tewksbury,-,2,Hawkins/ Walker,12,President,
Tewksbury,-,2,All Others,10,President,
Tewksbury,-,2,No Preference,0,President,
Tewksbury,-,2,Blanks,14,President,
Tewksbury,-,2,Total Votes Cast,2222,President,
Tewksbury,-,2A,Biden/ Harris,1022,President,
Tewksbury,-,2A,Trump/ Pence,1047,President,
Tewksbury,-,2A,Jorgensen/ Cohen,25,President,
Tewksbury,-,2A,Hawkins/ Walker,6,President,
Tewksbury,-,2A,All Others,8,President,
Tewksbury,-,2A,No Preference,0,President,
Tewksbury,-,2A,Blanks,7,President,
Tewksbury,-,2A,Total Votes Cast,2115,President,
Tewksbury,-,3,Biden/ Harris,1395,President,
Tewksbury,-,3,Trump/ Pence,1166,President,
Tewksbury,-,3,Jorgensen/ Cohen,26,President,
Tewksbury,-,3,Hawkins/ Walker,9,President,
Tewksbury,-,3,All Others,10,President,
Tewksbury,-,3,No Preference,0,President,
Tewksbury,-,3,Blanks,14,President,
Tewksbury,-,3,Total Votes Cast,2620,President,
Tewksbury,-,3A,Biden/ Harris,1458,President,
Tewksbury,-,3A,Trump/ Pence,1225,President,
Tewksbury,-,3A,Jorgensen/ Cohen,25,President,
Tewksbury,-,3A,Hawkins/ Walker,6,President,
Tewksbury,-,3A,All Others,14,President,
Tewksbury,-,3A,No Preference,0,President,
Tewksbury,-,3A,Blanks,16,President,
Tewksbury,-,3A,Total Votes Cast,2744,President,
Tewksbury,-,4,Biden/ Harris,1311,President,
Tewksbury,-,4,Trump/ Pence,1149,President,
Tewksbury,-,4,Jorgensen/ Cohen,28,President,
Tewksbury,-,4,Hawkins/ Walker,9,President,
Tewksbury,-,4,All Others,5,President,
Tewksbury,-,4,No Preference,0,President,
Tewksbury,-,4,Blanks,19,President,
Tewksbury,-,4,Total Votes Cast,2521,President,
Tewksbury,-,4A,Biden/ Harris,1267,President,
Tewksbury,-,4A,Trump/ Pence,1078,President,
Tewksbury,-,4A,Jorgensen/ Cohen,38,President,
Tewksbury,-,4A,Hawkins/ Walker,13,President,
Tewksbury,-,4A,All Others,4,President,
Tewksbury,-,4A,No Preference,0,President,
Tewksbury,-,4A,Blanks,10,President,
Tewksbury,-,4A,Total Votes Cast,2410,President,
Tisbury,-,1,Biden/ Harris,2225,President,
Tisbury,-,1,Trump/ Pence,542,President,
Tisbury,-,1,Jorgensen/ Cohen,35,President,
Tisbury,-,1,Hawkins/ Walker,25,President,
Tisbury,-,1,All Others,8,President,
Tisbury,-,1,No Preference,0,President,
Tisbury,-,1,Blanks,23,President,
Tisbury,-,1,Total Votes Cast,2858,President,
Tolland,-,1,Biden/ Harris,136,President,
Tolland,-,1,Trump/ Pence,186,President,
Tolland,-,1,Jorgensen/ Cohen,5,President,
Tolland,-,1,Hawkins/ Walker,0,President,
Tolland,-,1,All Others,1,President,
Tolland,-,1,No Preference,0,President,
Tolland,-,1,Blanks,0,President,
Tolland,-,1,Total Votes Cast,328,President,
Topsfield,-,1,Biden/ Harris,2460,President,
Topsfield,-,1,Trump/ Pence,1602,President,
Topsfield,-,1,Jorgensen/ Cohen,72,President,
Topsfield,-,1,Hawkins/ Walker,10,President,
Topsfield,-,1,All Others,0,President,
Topsfield,-,1,No Preference,0,President,
Topsfield,-,1,Blanks,343,President,
Topsfield,-,1,Total Votes Cast,4487,President,
Townsend,-,1,Biden/ Harris,854,President,
Townsend,-,1,Trump/ Pence,894,President,
Townsend,-,1,Jorgensen/ Cohen,32,President,
Townsend,-,1,Hawkins/ Walker,12,President,
Townsend,-,1,All Others,12,President,
Townsend,-,1,No Preference,0,President,
Townsend,-,1,Blanks,9,President,
Townsend,-,1,Total Votes Cast,1813,President,
Townsend,-,2,Biden/ Harris,890,President,
Townsend,-,2,Trump/ Pence,851,President,
Townsend,-,2,Jorgensen/ Cohen,35,President,
Townsend,-,2,Hawkins/ Walker,8,President,
Townsend,-,2,All Others,16,President,
Townsend,-,2,No Preference,0,President,
Townsend,-,2,Blanks,1,President,
Townsend,-,2,Total Votes Cast,1801,President,
Townsend,-,3,Biden/ Harris,943,President,
Townsend,-,3,Trump/ Pence,875,President,
Townsend,-,3,Jorgensen/ Cohen,41,President,
Townsend,-,3,Hawkins/ Walker,6,President,
Townsend,-,3,All Others,7,President,
Townsend,-,3,No Preference,0,President,
Townsend,-,3,Blanks,9,President,
Townsend,-,3,Total Votes Cast,1881,President,
Truro,-,1,Biden/ Harris,1386,President,
Truro,-,1,Trump/ Pence,340,President,
Truro,-,1,Jorgensen/ Cohen,19,President,
Truro,-,1,Hawkins/ Walker,8,President,
Truro,-,1,All Others,9,President,
Truro,-,1,No Preference,0,President,
Truro,-,1,Blanks,6,President,
Truro,-,1,Total Votes Cast,1768,President,
Tyngsborough,-,1,Biden/ Harris,909,President,
Tyngsborough,-,1,Trump/ Pence,810,President,
Tyngsborough,-,1,Jorgensen/ Cohen,23,President,
Tyngsborough,-,1,Hawkins/ Walker,11,President,
Tyngsborough,-,1,All Others,0,President,
Tyngsborough,-,1,No Preference,0,President,
Tyngsborough,-,1,Blanks,13,President,
Tyngsborough,-,1,Total Votes Cast,1766,President,
Tyngsborough,-,2,Biden/ Harris,960,President,
Tyngsborough,-,2,Trump/ Pence,881,President,
Tyngsborough,-,2,Jorgensen/ Cohen,24,President,
Tyngsborough,-,2,Hawkins/ Walker,6,President,
Tyngsborough,-,2,All Others,0,President,
Tyngsborough,-,2,No Preference,0,President,
Tyngsborough,-,2,Blanks,12,President,
Tyngsborough,-,2,Total Votes Cast,1883,President,
Tyngsborough,-,3,Biden/ Harris,1080,President,
Tyngsborough,-,3,Trump/ Pence,837,President,
Tyngsborough,-,3,Jorgensen/ Cohen,31,President,
Tyngsborough,-,3,Hawkins/ Walker,7,President,
Tyngsborough,-,3,All Others,0,President,
Tyngsborough,-,3,No Preference,0,President,
Tyngsborough,-,3,Blanks,20,President,
Tyngsborough,-,3,Total Votes Cast,1975,President,
Tyngsborough,-,4,Biden/ Harris,1085,President,
Tyngsborough,-,4,Trump/ Pence,847,President,
Tyngsborough,-,4,Jorgensen/ Cohen,28,President,
Tyngsborough,-,4,Hawkins/ Walker,6,President,
Tyngsborough,-,4,All Others,0,President,
Tyngsborough,-,4,No Preference,0,President,
Tyngsborough,-,4,Blanks,14,President,
Tyngsborough,-,4,Total Votes Cast,1980,President,
Tyringham,-,1,Biden/ Harris,234,President,
Tyringham,-,1,Trump/ Pence,72,President,
Tyringham,-,1,Jorgensen/ Cohen,3,President,
Tyringham,-,1,Hawkins/ Walker,2,President,
Tyringham,-,1,All Others,3,President,
Tyringham,-,1,No Preference,0,President,
Tyringham,-,1,Blanks,3,President,
Tyringham,-,1,Total Votes Cast,317,President,
Upton,-,1,Biden/ Harris,1666,President,
Upton,-,1,Trump/ Pence,1001,President,
Upton,-,1,Jorgensen/ Cohen,45,President,
Upton,-,1,Hawkins/ Walker,10,President,
Upton,-,1,All Others,19,President,
Upton,-,1,No Preference,0,President,
Upton,-,1,Blanks,10,President,
Upton,-,1,Total Votes Cast,2751,President,
Upton,-,2,Biden/ Harris,1507,President,
Upton,-,2,Trump/ Pence,987,President,
Upton,-,2,Jorgensen/ Cohen,37,President,
Upton,-,2,Hawkins/ Walker,13,President,
Upton,-,2,All Others,15,President,
Upton,-,2,No Preference,0,President,
Upton,-,2,Blanks,18,President,
Upton,-,2,Total Votes Cast,2577,President,
Uxbridge,-,1,Biden/ Harris,1010,President,
Uxbridge,-,1,Trump/ Pence,1078,President,
Uxbridge,-,1,Jorgensen/ Cohen,41,President,
Uxbridge,-,1,Hawkins/ Walker,18,President,
Uxbridge,-,1,All Others,13,President,
Uxbridge,-,1,No Preference,0,President,
Uxbridge,-,1,Blanks,12,President,
Uxbridge,-,1,Total Votes Cast,2172,President,
Uxbridge,-,2,Biden/ Harris,1143,President,
Uxbridge,-,2,Trump/ Pence,912,President,
Uxbridge,-,2,Jorgensen/ Cohen,34,President,
Uxbridge,-,2,Hawkins/ Walker,25,President,
Uxbridge,-,2,All Others,11,President,
Uxbridge,-,2,No Preference,0,President,
Uxbridge,-,2,Blanks,8,President,
Uxbridge,-,2,Total Votes Cast,2133,President,
Uxbridge,-,3,Biden/ Harris,1044,President,
Uxbridge,-,3,Trump/ Pence,1055,President,
Uxbridge,-,3,Jorgensen/ Cohen,44,President,
Uxbridge,-,3,Hawkins/ Walker,18,President,
Uxbridge,-,3,All Others,10,President,
Uxbridge,-,3,No Preference,0,President,
Uxbridge,-,3,Blanks,11,President,
Uxbridge,-,3,Total Votes Cast,2182,President,
Uxbridge,-,4,Biden/ Harris,1154,President,
Uxbridge,-,4,Trump/ Pence,1048,President,
Uxbridge,-,4,Jorgensen/ Cohen,47,President,
Uxbridge,-,4,Hawkins/ Walker,9,President,
Uxbridge,-,4,All Others,13,President,
Uxbridge,-,4,No Preference,0,President,
Uxbridge,-,4,Blanks,14,President,
Uxbridge,-,4,Total Votes Cast,2285,President,
W. Boylston,-,1,Biden/ Harris,1173,President,
W. Boylston,-,1,Trump/ Pence,769,President,
W. Boylston,-,1,Jorgensen/ Cohen,25,President,
W. Boylston,-,1,Hawkins/ Walker,8,President,
W. Boylston,-,1,All Others,24,President,
W. Boylston,-,1,No Preference,0,President,
W. Boylston,-,1,Blanks,23,President,
W. Boylston,-,1,Total Votes Cast,2022,President,
W. Boylston,-,2,Biden/ Harris,1615,President,
W. Boylston,-,2,Trump/ Pence,1103,President,
W. Boylston,-,2,Jorgensen/ Cohen,58,President,
W. Boylston,-,2,Hawkins/ Walker,21,President,
W. Boylston,-,2,All Others,6,President,
W. Boylston,-,2,No Preference,0,President,
W. Boylston,-,2,Blanks,21,President,
W. Boylston,-,2,Total Votes Cast,2824,President,
W. Bridgewater,-,1,Biden/ Harris,1156,President,
W. Bridgewater,-,1,Trump/ Pence,1160,President,
W. Bridgewater,-,1,Jorgensen/ Cohen,43,President,
W. Bridgewater,-,1,Hawkins/ Walker,16,President,
W. Bridgewater,-,1,All Others,15,President,
W. Bridgewater,-,1,No Preference,0,President,
W. Bridgewater,-,1,Blanks,19,President,
W. Bridgewater,-,1,Total Votes Cast,2409,President,
W. Bridgewater,-,2,Biden/ Harris,1068,President,
W. Bridgewater,-,2,Trump/ Pence,1112,President,
W. Bridgewater,-,2,Jorgensen/ Cohen,34,President,
W. Bridgewater,-,2,Hawkins/ Walker,11,President,
W. Bridgewater,-,2,All Others,10,President,
W. Bridgewater,-,2,No Preference,0,President,
W. Bridgewater,-,2,Blanks,21,President,
W. Bridgewater,-,2,Total Votes Cast,2256,President,
W. Brookfield,-,1,Biden/ Harris,1137,President,
W. Brookfield,-,1,Trump/ Pence,1127,President,
W. Brookfield,-,1,Jorgensen/ Cohen,38,President,
W. Brookfield,-,1,Hawkins/ Walker,12,President,
W. Brookfield,-,1,All Others,13,President,
W. Brookfield,-,1,No Preference,0,President,
W. Brookfield,-,1,Blanks,6,President,
W. Brookfield,-,1,Total Votes Cast,2333,President,
W. Newbury,-,1,Biden/ Harris,2111,President,
W. Newbury,-,1,Trump/ Pence,1061,President,
W. Newbury,-,1,Jorgensen/ Cohen,72,President,
W. Newbury,-,1,Hawkins/ Walker,5,President,
W. Newbury,-,1,All Others,21,President,
W. Newbury,-,1,No Preference,0,President,
W. Newbury,-,1,Blanks,28,President,
W. Newbury,-,1,Total Votes Cast,3298,President,
W. Springfield,-,1,Biden/ Harris,519,President,
W. Springfield,-,1,Trump/ Pence,386,President,
W. Springfield,-,1,Jorgensen/ Cohen,12,President,
W. Springfield,-,1,Hawkins/ Walker,2,President,
W. Springfield,-,1,All Others,2,President,
W. Springfield,-,1,No Preference,0,President,
W. Springfield,-,1,Blanks,5,President,
W. Springfield,-,1,Total Votes Cast,926,President,
W. Springfield,-,2,Biden/ Harris,705,President,
W. Springfield,-,2,Trump/ Pence,474,President,
W. Springfield,-,2,Jorgensen/ Cohen,14,President,
W. Springfield,-,2,Hawkins/ Walker,7,President,
W. Springfield,-,2,All Others,1,President,
W. Springfield,-,2,No Preference,0,President,
W. Springfield,-,2,Blanks,9,President,
W. Springfield,-,2,Total Votes Cast,1210,President,
W. Springfield,-,3,Biden/ Harris,850,President,
W. Springfield,-,3,Trump/ Pence,636,President,
W. Springfield,-,3,Jorgensen/ Cohen,25,President,
W. Springfield,-,3,Hawkins/ Walker,9,President,
W. Springfield,-,3,All Others,7,President,
W. Springfield,-,3,No Preference,0,President,
W. Springfield,-,3,Blanks,12,President,
W. Springfield,-,3,Total Votes Cast,1539,President,
W. Springfield,-,4,Biden/ Harris,966,President,
W. Springfield,-,4,Trump/ Pence,718,President,
W. Springfield,-,4,Jorgensen/ Cohen,26,President,
W. Springfield,-,4,Hawkins/ Walker,14,President,
W. Springfield,-,4,All Others,8,President,
W. Springfield,-,4,No Preference,0,President,
W. Springfield,-,4,Blanks,3,President,
W. Springfield,-,4,Total Votes Cast,1735,President,
W. Springfield,-,5,Biden/ Harris,1162,President,
W. Springfield,-,5,Trump/ Pence,1076,President,
W. Springfield,-,5,Jorgensen/ Cohen,35,President,
W. Springfield,-,5,Hawkins/ Walker,6,President,
W. Springfield,-,5,All Others,4,President,
W. Springfield,-,5,No Preference,0,President,
W. Springfield,-,5,Blanks,20,President,
W. Springfield,-,5,Total Votes Cast,2303,President,
W. Springfield,-,6,Biden/ Harris,1033,President,
W. Springfield,-,6,Trump/ Pence,1024,President,
W. Springfield,-,6,Jorgensen/ Cohen,18,President,
W. Springfield,-,6,Hawkins/ Walker,8,President,
W. Springfield,-,6,All Others,3,President,
W. Springfield,-,6,No Preference,0,President,
W. Springfield,-,6,Blanks,21,President,
W. Springfield,-,6,Total Votes Cast,2107,President,
W. Springfield,-,7,Biden/ Harris,1053,President,
W. Springfield,-,7,Trump/ Pence,1130,President,
W. Springfield,-,7,Jorgensen/ Cohen,34,President,
W. Springfield,-,7,Hawkins/ Walker,12,President,
W. Springfield,-,7,All Others,8,President,
W. Springfield,-,7,No Preference,0,President,
W. Springfield,-,7,Blanks,11,President,
W. Springfield,-,7,Total Votes Cast,2248,President,
W. Springfield,-,8,Biden/ Harris,869,President,
W. Springfield,-,8,Trump/ Pence,623,President,
W. Springfield,-,8,Jorgensen/ Cohen,19,President,
W. Springfield,-,8,Hawkins/ Walker,8,President,
W. Springfield,-,8,All Others,7,President,
W. Springfield,-,8,No Preference,0,President,
W. Springfield,-,8,Blanks,7,President,
W. Springfield,-,8,Total Votes Cast,1533,President,
W. Stockbridge,-,1,Biden/ Harris,784,President,
W. Stockbridge,-,1,Trump/ Pence,164,President,
W. Stockbridge,-,1,Jorgensen/ Cohen,15,President,
W. Stockbridge,-,1,Hawkins/ Walker,4,President,
W. Stockbridge,-,1,All Others,4,President,
W. Stockbridge,-,1,No Preference,0,President,
W. Stockbridge,-,1,Blanks,4,President,
W. Stockbridge,-,1,Total Votes Cast,975,President,
W. Tisbury,-,1,Biden/ Harris,1921,President,
W. Tisbury,-,1,Trump/ Pence,338,President,
W. Tisbury,-,1,Jorgensen/ Cohen,17,President,
W. Tisbury,-,1,Hawkins/ Walker,17,President,
W. Tisbury,-,1,All Others,2,President,
W. Tisbury,-,1,No Preference,0,President,
W. Tisbury,-,1,Blanks,8,President,
W. Tisbury,-,1,Total Votes Cast,2303,President,
Wakefield,-,1,Biden/ Harris,1450,President,
Wakefield,-,1,Trump/ Pence,1069,President,
Wakefield,-,1,Jorgensen/ Cohen,21,President,
Wakefield,-,1,Hawkins/ Walker,13,President,
Wakefield,-,1,All Others,15,President,
Wakefield,-,1,No Preference,0,President,
Wakefield,-,1,Blanks,10,President,
Wakefield,-,1,Total Votes Cast,2578,President,
Wakefield,-,2,Biden/ Harris,1334,President,
Wakefield,-,2,Trump/ Pence,814,President,
Wakefield,-,2,Jorgensen/ Cohen,29,President,
Wakefield,-,2,Hawkins/ Walker,5,President,
Wakefield,-,2,All Others,6,President,
Wakefield,-,2,No Preference,0,President,
Wakefield,-,2,Blanks,15,President,
Wakefield,-,2,Total Votes Cast,2203,President,
Wakefield,-,3,Biden/ Harris,1441,President,
Wakefield,-,3,Trump/ Pence,876,President,
Wakefield,-,3,Jorgensen/ Cohen,26,President,
Wakefield,-,3,Hawkins/ Walker,12,President,
Wakefield,-,3,All Others,20,President,
Wakefield,-,3,No Preference,0,President,
Wakefield,-,3,Blanks,4,President,
Wakefield,-,3,Total Votes Cast,2379,President,
Wakefield,-,4,Biden/ Harris,1380,President,
Wakefield,-,4,Trump/ Pence,778,President,
Wakefield,-,4,Jorgensen/ Cohen,25,President,
Wakefield,-,4,Hawkins/ Walker,12,President,
Wakefield,-,4,All Others,22,President,
Wakefield,-,4,No Preference,0,President,
Wakefield,-,4,Blanks,17,President,
Wakefield,-,4,Total Votes Cast,2234,President,
Wakefield,-,5,Biden/ Harris,1571,President,
Wakefield,-,5,Trump/ Pence,825,President,
Wakefield,-,5,Jorgensen/ Cohen,21,President,
Wakefield,-,5,Hawkins/ Walker,13,President,
Wakefield,-,5,All Others,19,President,
Wakefield,-,5,No Preference,0,President,
Wakefield,-,5,Blanks,9,President,
Wakefield,-,5,Total Votes Cast,2458,President,
Wakefield,-,6,Biden/ Harris,1609,President,
Wakefield,-,6,Trump/ Pence,827,President,
Wakefield,-,6,Jorgensen/ Cohen,46,President,
Wakefield,-,6,Hawkins/ Walker,10,President,
Wakefield,-,6,All Others,17,President,
Wakefield,-,6,No Preference,0,President,
Wakefield,-,6,Blanks,12,President,
Wakefield,-,6,Total Votes Cast,2521,President,
Wakefield,-,7,Biden/ Harris,1430,President,
Wakefield,-,7,Trump/ Pence,843,President,
Wakefield,-,7,Jorgensen/ Cohen,25,President,
Wakefield,-,7,Hawkins/ Walker,8,President,
Wakefield,-,7,All Others,11,President,
Wakefield,-,7,No Preference,0,President,
Wakefield,-,7,Blanks,19,President,
Wakefield,-,7,Total Votes Cast,2336,President,
Wales,-,1,Biden/ Harris,429,President,
Wales,-,1,Trump/ Pence,619,President,
Wales,-,1,Jorgensen/ Cohen,26,President,
Wales,-,1,Hawkins/ Walker,8,President,
Wales,-,1,All Others,5,President,
Wales,-,1,No Preference,0,President,
Wales,-,1,Blanks,5,President,
Wales,-,1,Total Votes Cast,1092,President,
Walpole,-,1,Biden/ Harris,1219,President,
Walpole,-,1,Trump/ Pence,690,President,
Walpole,-,1,Jorgensen/ Cohen,20,President,
Walpole,-,1,Hawkins/ Walker,9,President,
Walpole,-,1,All Others,11,President,
Walpole,-,1,No Preference,0,President,
Walpole,-,1,Blanks,12,President,
Walpole,-,1,Total Votes Cast,1961,President,
Walpole,-,2,Biden/ Harris,1231,President,
Walpole,-,2,Trump/ Pence,909,President,
Walpole,-,2,Jorgensen/ Cohen,42,President,
Walpole,-,2,Hawkins/ Walker,15,President,
Walpole,-,2,All Others,17,President,
Walpole,-,2,No Preference,0,President,
Walpole,-,2,Blanks,18,President,
Walpole,-,2,Total Votes Cast,2232,President,
Walpole,-,3,Biden/ Harris,1249,President,
Walpole,-,3,Trump/ Pence,824,President,
Walpole,-,3,Jorgensen/ Cohen,25,President,
Walpole,-,3,Hawkins/ Walker,9,President,
Walpole,-,3,All Others,17,President,
Walpole,-,3,No Preference,0,President,
Walpole,-,3,Blanks,17,President,
Walpole,-,3,Total Votes Cast,2141,President,
Walpole,-,4,Biden/ Harris,1228,President,
Walpole,-,4,Trump/ Pence,653,President,
Walpole,-,4,Jorgensen/ Cohen,35,President,
Walpole,-,4,Hawkins/ Walker,7,President,
Walpole,-,4,All Others,11,President,
Walpole,-,4,No Preference,0,President,
Walpole,-,4,Blanks,15,President,
Walpole,-,4,Total Votes Cast,1949,President,
Walpole,-,5,Biden/ Harris,983,President,
Walpole,-,5,Trump/ Pence,707,President,
Walpole,-,5,Jorgensen/ Cohen,32,President,
Walpole,-,5,Hawkins/ Walker,7,President,
Walpole,-,5,All Others,13,President,
Walpole,-,5,No Preference,0,President,
Walpole,-,5,Blanks,16,President,
Walpole,-,5,Total Votes Cast,1758,President,
Walpole,-,6,Biden/ Harris,1236,President,
Walpole,-,6,Trump/ Pence,794,President,
Walpole,-,6,Jorgensen/ Cohen,34,President,
Walpole,-,6,Hawkins/ Walker,7,President,
Walpole,-,6,All Others,10,President,
Walpole,-,6,No Preference,0,President,
Walpole,-,6,Blanks,19,President,
Walpole,-,6,Total Votes Cast,2100,President,
Walpole,-,7,Biden/ Harris,1173,President,
Walpole,-,7,Trump/ Pence,838,President,
Walpole,-,7,Jorgensen/ Cohen,46,President,
Walpole,-,7,Hawkins/ Walker,10,President,
Walpole,-,7,All Others,11,President,
Walpole,-,7,No Preference,0,President,
Walpole,-,7,Blanks,16,President,
Walpole,-,7,Total Votes Cast,2094,President,
Walpole,-,8,Biden/ Harris,1155,President,
Walpole,-,8,Trump/ Pence,828,President,
Walpole,-,8,Jorgensen/ Cohen,35,President,
Walpole,-,8,Hawkins/ Walker,7,President,
Walpole,-,8,All Others,19,President,
Walpole,-,8,No Preference,0,President,
Walpole,-,8,Blanks,16,President,
Walpole,-,8,Total Votes Cast,2060,President,
Waltham,1,1,Biden/ Harris,1409,President,
Waltham,1,1,Trump/ Pence,620,President,
Waltham,1,1,Jorgensen/ Cohen,21,President,
Waltham,1,1,Hawkins/ Walker,10,President,
Waltham,1,1,All Others,15,President,
Waltham,1,1,No Preference,0,President,
Waltham,1,1,Blanks,8,President,
Waltham,1,1,Total Votes Cast,2083,President,
Waltham,1,2,Biden/ Harris,1421,President,
Waltham,1,2,Trump/ Pence,739,President,
Waltham,1,2,Jorgensen/ Cohen,18,President,
Waltham,1,2,Hawkins/ Walker,9,President,
Waltham,1,2,All Others,9,President,
Waltham,1,2,No Preference,0,President,
Waltham,1,2,Blanks,14,President,
Waltham,1,2,Total Votes Cast,2210,President,
Waltham,2,1,Biden/ Harris,1386,President,
Waltham,2,1,Trump/ Pence,640,President,
Waltham,2,1,Jorgensen/ Cohen,35,President,
Waltham,2,1,Hawkins/ Walker,11,President,
Waltham,2,1,All Others,6,President,
Waltham,2,1,No Preference,0,President,
Waltham,2,1,Blanks,10,President,
Waltham,2,1,Total Votes Cast,2088,President,
Waltham,2,2,Biden/ Harris,1174,President,
Waltham,2,2,Trump/ Pence,342,President,
Waltham,2,2,Jorgensen/ Cohen,22,President,
Waltham,2,2,Hawkins/ Walker,14,President,
Waltham,2,2,All Others,9,President,
Waltham,2,2,No Preference,0,President,
Waltham,2,2,Blanks,13,President,
Waltham,2,2,Total Votes Cast,1574,President,
Waltham,3,1,Biden/ Harris,1266,President,
Waltham,3,1,Trump/ Pence,863,President,
Waltham,3,1,Jorgensen/ Cohen,22,President,
Waltham,3,1,Hawkins/ Walker,9,President,
Waltham,3,1,All Others,12,President,
Waltham,3,1,No Preference,0,President,
Waltham,3,1,Blanks,15,President,
Waltham,3,1,Total Votes Cast,2187,President,
Waltham,3,2,Biden/ Harris,1327,President,
Waltham,3,2,Trump/ Pence,651,President,
Waltham,3,2,Jorgensen/ Cohen,16,President,
Waltham,3,2,Hawkins/ Walker,11,President,
Waltham,3,2,All Others,12,President,
Waltham,3,2,No Preference,0,President,
Waltham,3,2,Blanks,13,President,
Waltham,3,2,Total Votes Cast,2030,President,
Waltham,4,1,Biden/ Harris,1363,President,
Waltham,4,1,Trump/ Pence,688,President,
Waltham,4,1,Jorgensen/ Cohen,25,President,
Waltham,4,1,Hawkins/ Walker,9,President,
Waltham,4,1,All Others,10,President,
Waltham,4,1,No Preference,0,President,
Waltham,4,1,Blanks,17,President,
Waltham,4,1,Total Votes Cast,2112,President,
Waltham,4,2,Biden/ Harris,318,President,
Waltham,4,2,Trump/ Pence,159,President,
Waltham,4,2,Jorgensen/ Cohen,6,President,
Waltham,4,2,Hawkins/ Walker,5,President,
Waltham,4,2,All Others,2,President,
Waltham,4,2,No Preference,0,President,
Waltham,4,2,Blanks,1,President,
Waltham,4,2,Total Votes Cast,491,President,
Waltham,5,1,Biden/ Harris,1266,President,
Waltham,5,1,Trump/ Pence,499,President,
Waltham,5,1,Jorgensen/ Cohen,15,President,
Waltham,5,1,Hawkins/ Walker,14,President,
Waltham,5,1,All Others,13,President,
Waltham,5,1,No Preference,0,President,
Waltham,5,1,Blanks,13,President,
Waltham,5,1,Total Votes Cast,1820,President,
Waltham,5,2,Biden/ Harris,1282,President,
Waltham,5,2,Trump/ Pence,328,President,
Waltham,5,2,Jorgensen/ Cohen,13,President,
Waltham,5,2,Hawkins/ Walker,16,President,
Waltham,5,2,All Others,8,President,
Waltham,5,2,No Preference,0,President,
Waltham,5,2,Blanks,12,President,
Waltham,5,2,Total Votes Cast,1659,President,
Waltham,6,1,Biden/ Harris,1219,President,
Waltham,6,1,Trump/ Pence,337,President,
Waltham,6,1,Jorgensen/ Cohen,26,President,
Waltham,6,1,Hawkins/ Walker,11,President,
Waltham,6,1,All Others,11,President,
Waltham,6,1,No Preference,0,President,
Waltham,6,1,Blanks,12,President,
Waltham,6,1,Total Votes Cast,1616,President,
Waltham,6,2,Biden/ Harris,754,President,
Waltham,6,2,Trump/ Pence,230,President,
Waltham,6,2,Jorgensen/ Cohen,10,President,
Waltham,6,2,Hawkins/ Walker,6,President,
Waltham,6,2,All Others,4,President,
Waltham,6,2,No Preference,0,President,
Waltham,6,2,Blanks,5,President,
Waltham,6,2,Total Votes Cast,1009,President,
Waltham,7,1,Biden/ Harris,1258,President,
Waltham,7,1,Trump/ Pence,506,President,
Waltham,7,1,Jorgensen/ Cohen,19,President,
Waltham,7,1,Hawkins/ Walker,7,President,
Waltham,7,1,All Others,4,President,
Waltham,7,1,No Preference,0,President,
Waltham,7,1,Blanks,18,President,
Waltham,7,1,Total Votes Cast,1812,President,
Waltham,7,2,Biden/ Harris,493,President,
Waltham,7,2,Trump/ Pence,108,President,
Waltham,7,2,Jorgensen/ Cohen,6,President,
Waltham,7,2,Hawkins/ Walker,7,President,
Waltham,7,2,All Others,9,President,
Waltham,7,2,No Preference,0,President,
Waltham,7,2,Blanks,1,President,
Waltham,7,2,Total Votes Cast,624,President,
Waltham,8,1,Biden/ Harris,1228,President,
Waltham,8,1,Trump/ Pence,279,President,
Waltham,8,1,Jorgensen/ Cohen,22,President,
Waltham,8,1,Hawkins/ Walker,17,President,
Waltham,8,1,All Others,9,President,
Waltham,8,1,No Preference,0,President,
Waltham,8,1,Blanks,10,President,
Waltham,8,1,Total Votes Cast,1565,President,
Waltham,8,2,Biden/ Harris,1238,President,
Waltham,8,2,Trump/ Pence,342,President,
Waltham,8,2,Jorgensen/ Cohen,30,President,
Waltham,8,2,Hawkins/ Walker,12,President,
Waltham,8,2,All Others,6,President,
Waltham,8,2,No Preference,0,President,
Waltham,8,2,Blanks,8,President,
Waltham,8,2,Total Votes Cast,1636,President,
Waltham,9,1,Biden/ Harris,1094,President,
Waltham,9,1,Trump/ Pence,215,President,
Waltham,9,1,Jorgensen/ Cohen,20,President,
Waltham,9,1,Hawkins/ Walker,6,President,
Waltham,9,1,All Others,5,President,
Waltham,9,1,No Preference,0,President,
Waltham,9,1,Blanks,4,President,
Waltham,9,1,Total Votes Cast,1344,President,
Waltham,9,2,Biden/ Harris,928,President,
Waltham,9,2,Trump/ Pence,241,President,
Waltham,9,2,Jorgensen/ Cohen,19,President,
Waltham,9,2,Hawkins/ Walker,12,President,
Waltham,9,2,All Others,10,President,
Waltham,9,2,No Preference,0,President,
Waltham,9,2,Blanks,5,President,
Waltham,9,2,Total Votes Cast,1215,President,
Ware,-,A,Biden/ Harris,729,President,
Ware,-,A,Trump/ Pence,554,President,
Ware,-,A,Jorgensen/ Cohen,28,President,
Ware,-,A,Hawkins/ Walker,13,President,
Ware,-,A,All Others,4,President,
Ware,-,A,No Preference,0,President,
Ware,-,A,Blanks,5,President,
Ware,-,A,Total Votes Cast,1333,President,
Ware,-,B,Biden/ Harris,697,President,
Ware,-,B,Trump/ Pence,845,President,
Ware,-,B,Jorgensen/ Cohen,33,President,
Ware,-,B,Hawkins/ Walker,15,President,
Ware,-,B,All Others,9,President,
Ware,-,B,No Preference,0,President,
Ware,-,B,Blanks,8,President,
Ware,-,B,Total Votes Cast,1607,President,
Ware,-,C,Biden/ Harris,927,President,
Ware,-,C,Trump/ Pence,1045,President,
Ware,-,C,Jorgensen/ Cohen,31,President,
Ware,-,C,Hawkins/ Walker,17,President,
Ware,-,C,All Others,4,President,
Ware,-,C,No Preference,0,President,
Ware,-,C,Blanks,16,President,
Ware,-,C,Total Votes Cast,2040,President,
Wareham,-,1,Biden/ Harris,1026,President,
Wareham,-,1,Trump/ Pence,831,President,
Wareham,-,1,Jorgensen/ Cohen,33,President,
Wareham,-,1,Hawkins/ Walker,8,President,
Wareham,-,1,All Others,9,President,
Wareham,-,1,No Preference,0,President,
Wareham,-,1,Blanks,11,President,
Wareham,-,1,Total Votes Cast,1918,President,
Wareham,-,2,Biden/ Harris,1297,President,
Wareham,-,2,Trump/ Pence,911,President,
Wareham,-,2,Jorgensen/ Cohen,34,President,
Wareham,-,2,Hawkins/ Walker,7,President,
Wareham,-,2,All Others,5,President,
Wareham,-,2,No Preference,0,President,
Wareham,-,2,Blanks,11,President,
Wareham,-,2,Total Votes Cast,2265,President,
Wareham,-,3,Biden/ Harris,1279,President,
Wareham,-,3,Trump/ Pence,936,President,
Wareham,-,3,Jorgensen/ Cohen,26,President,
Wareham,-,3,Hawkins/ Walker,12,President,
Wareham,-,3,All Others,11,President,
Wareham,-,3,No Preference,0,President,
Wareham,-,3,Blanks,12,President,
Wareham,-,3,Total Votes Cast,2276,President,
Wareham,-,4,Biden/ Harris,1126,President,
Wareham,-,4,Trump/ Pence,936,President,
Wareham,-,4,Jorgensen/ Cohen,30,President,
Wareham,-,4,Hawkins/ Walker,16,President,
Wareham,-,4,All Others,9,President,
Wareham,-,4,No Preference,0,President,
Wareham,-,4,Blanks,14,President,
Wareham,-,4,Total Votes Cast,2131,President,
Wareham,-,5,Biden/ Harris,1126,President,
Wareham,-,5,Trump/ Pence,974,President,
Wareham,-,5,Jorgensen/ Cohen,40,President,
Wareham,-,5,Hawkins/ Walker,18,President,
Wareham,-,5,All Others,11,President,
Wareham,-,5,No Preference,0,President,
Wareham,-,5,Blanks,8,President,
Wareham,-,5,Total Votes Cast,2177,President,
Wareham,-,6,Biden/ Harris,1029,President,
Wareham,-,6,Trump/ Pence,930,President,
Wareham,-,6,Jorgensen/ Cohen,39,President,
Wareham,-,6,Hawkins/ Walker,12,President,
Wareham,-,6,All Others,5,President,
Wareham,-,6,No Preference,0,President,
Wareham,-,6,Blanks,5,President,
Wareham,-,6,Total Votes Cast,2020,President,
Warren,-,A,Biden/ Harris,844,President,
Warren,-,A,Trump/ Pence,1021,President,
Warren,-,A,Jorgensen/ Cohen,40,President,
Warren,-,A,Hawkins/ Walker,13,President,
Warren,-,A,All Others,5,President,
Warren,-,A,No Preference,0,President,
Warren,-,A,Blanks,19,President,
Warren,-,A,Total Votes Cast,1942,President,
Warren,-,B,Biden/ Harris,305,President,
Warren,-,B,Trump/ Pence,354,President,
Warren,-,B,Jorgensen/ Cohen,12,President,
Warren,-,B,Hawkins/ Walker,2,President,
Warren,-,B,All Others,3,President,
Warren,-,B,No Preference,0,President,
Warren,-,B,Blanks,10,President,
Warren,-,B,Total Votes Cast,686,President,
Warwick,-,1,Biden/ Harris,343,President,
Warwick,-,1,Trump/ Pence,160,President,
Warwick,-,1,Jorgensen/ Cohen,12,President,
Warwick,-,1,Hawkins/ Walker,7,President,
Warwick,-,1,All Others,1,President,
Warwick,-,1,No Preference,0,President,
Warwick,-,1,Blanks,3,President,
Warwick,-,1,Total Votes Cast,526,President,
Washington,-,1,Biden/ Harris,240,President,
Washington,-,1,Trump/ Pence,107,President,
Washington,-,1,Jorgensen/ Cohen,5,President,
Washington,-,1,Hawkins/ Walker,1,President,
Washington,-,1,All Others,0,President,
Washington,-,1,No Preference,0,President,
Washington,-,1,Blanks,0,President,
Washington,-,1,Total Votes Cast,353,President,
Watertown,-,1,Biden/ Harris,969,President,
Watertown,-,1,Trump/ Pence,296,President,
Watertown,-,1,Jorgensen/ Cohen,11,President,
Watertown,-,1,Hawkins/ Walker,10,President,
Watertown,-,1,All Others,16,President,
Watertown,-,1,No Preference,0,President,
Watertown,-,1,Blanks,8,President,
Watertown,-,1,Total Votes Cast,1310,President,
Watertown,-,10,Biden/ Harris,1561,President,
Watertown,-,10,Trump/ Pence,508,President,
Watertown,-,10,Jorgensen/ Cohen,30,President,
Watertown,-,10,Hawkins/ Walker,14,President,
Watertown,-,10,All Others,8,President,
Watertown,-,10,No Preference,0,President,
Watertown,-,10,Blanks,8,President,
Watertown,-,10,Total Votes Cast,2129,President,
Watertown,-,11,Biden/ Harris,1039,President,
Watertown,-,11,Trump/ Pence,394,President,
Watertown,-,11,Jorgensen/ Cohen,26,President,
Watertown,-,11,Hawkins/ Walker,10,President,
Watertown,-,11,All Others,8,President,
Watertown,-,11,No Preference,0,President,
Watertown,-,11,Blanks,11,President,
Watertown,-,11,Total Votes Cast,1488,President,
Watertown,-,12,Biden/ Harris,1055,President,
Watertown,-,12,Trump/ Pence,335,President,
Watertown,-,12,Jorgensen/ Cohen,18,President,
Watertown,-,12,Hawkins/ Walker,8,President,
Watertown,-,12,All Others,10,President,
Watertown,-,12,No Preference,0,President,
Watertown,-,12,Blanks,7,President,
Watertown,-,12,Total Votes Cast,1433,President,
Watertown,-,2,Biden/ Harris,1155,President,
Watertown,-,2,Trump/ Pence,270,President,
Watertown,-,2,Jorgensen/ Cohen,14,President,
Watertown,-,2,Hawkins/ Walker,8,President,
Watertown,-,2,All Others,9,President,
Watertown,-,2,No Preference,0,President,
Watertown,-,2,Blanks,2,President,
Watertown,-,2,Total Votes Cast,1458,President,
Watertown,-,3,Biden/ Harris,1311,President,
Watertown,-,3,Trump/ Pence,260,President,
Watertown,-,3,Jorgensen/ Cohen,9,President,
Watertown,-,3,Hawkins/ Walker,12,President,
Watertown,-,3,All Others,12,President,
Watertown,-,3,No Preference,0,President,
Watertown,-,3,Blanks,7,President,
Watertown,-,3,Total Votes Cast,1611,President,
Watertown,-,4,Biden/ Harris,1456,President,
Watertown,-,4,Trump/ Pence,245,President,
Watertown,-,4,Jorgensen/ Cohen,16,President,
Watertown,-,4,Hawkins/ Walker,9,President,
Watertown,-,4,All Others,12,President,
Watertown,-,4,No Preference,0,President,
Watertown,-,4,Blanks,7,President,
Watertown,-,4,Total Votes Cast,1745,President,
Watertown,-,5,Biden/ Harris,1483,President,
Watertown,-,5,Trump/ Pence,298,President,
Watertown,-,5,Jorgensen/ Cohen,19,President,
Watertown,-,5,Hawkins/ Walker,12,President,
Watertown,-,5,All Others,7,President,
Watertown,-,5,No Preference,0,President,
Watertown,-,5,Blanks,10,President,
Watertown,-,5,Total Votes Cast,1829,President,
Watertown,-,6,Biden/ Harris,1212,President,
Watertown,-,6,Trump/ Pence,248,President,
Watertown,-,6,Jorgensen/ Cohen,23,President,
Watertown,-,6,Hawkins/ Walker,11,President,
Watertown,-,6,All Others,5,President,
Watertown,-,6,No Preference,0,President,
Watertown,-,6,Blanks,7,President,
Watertown,-,6,Total Votes Cast,1506,President,
Watertown,-,7,Biden/ Harris,1363,President,
Watertown,-,7,Trump/ Pence,361,President,
Watertown,-,7,Jorgensen/ Cohen,14,President,
Watertown,-,7,Hawkins/ Walker,9,President,
Watertown,-,7,All Others,10,President,
Watertown,-,7,No Preference,0,President,
Watertown,-,7,Blanks,13,President,
Watertown,-,7,Total Votes Cast,1770,President,
Watertown,-,8,Biden/ Harris,1346,President,
Watertown,-,8,Trump/ Pence,308,President,
Watertown,-,8,Jorgensen/ Cohen,14,President,
Watertown,-,8,Hawkins/ Walker,16,President,
Watertown,-,8,All Others,12,President,
Watertown,-,8,No Preference,0,President,
Watertown,-,8,Blanks,9,President,
Watertown,-,8,Total Votes Cast,1705,President,
Watertown,-,9,Biden/ Harris,1020,President,
Watertown,-,9,Trump/ Pence,278,President,
Watertown,-,9,Jorgensen/ Cohen,13,President,
Watertown,-,9,Hawkins/ Walker,12,President,
Watertown,-,9,All Others,9,President,
Watertown,-,9,No Preference,0,President,
Watertown,-,9,Blanks,2,President,
Watertown,-,9,Total Votes Cast,1334,President,
Wayland,-,1,Biden/ Harris,1865,President,
Wayland,-,1,Trump/ Pence,410,President,
Wayland,-,1,Jorgensen/ Cohen,33,President,
Wayland,-,1,Hawkins/ Walker,21,President,
Wayland,-,1,All Others,15,President,
Wayland,-,1,No Preference,0,President,
Wayland,-,1,Blanks,20,President,
Wayland,-,1,Total Votes Cast,2364,President,
Wayland,-,2,Biden/ Harris,1777,President,
Wayland,-,2,Trump/ Pence,432,President,
Wayland,-,2,Jorgensen/ Cohen,40,President,
Wayland,-,2,Hawkins/ Walker,16,President,
Wayland,-,2,All Others,8,President,
Wayland,-,2,No Preference,0,President,
Wayland,-,2,Blanks,23,President,
Wayland,-,2,Total Votes Cast,2296,President,
Wayland,-,3,Biden/ Harris,1678,President,
Wayland,-,3,Trump/ Pence,390,President,
Wayland,-,3,Jorgensen/ Cohen,35,President,
Wayland,-,3,Hawkins/ Walker,13,President,
Wayland,-,3,All Others,9,President,
Wayland,-,3,No Preference,0,President,
Wayland,-,3,Blanks,17,President,
Wayland,-,3,Total Votes Cast,2142,President,
Wayland,-,4,Biden/ Harris,2024,President,
Wayland,-,4,Trump/ Pence,473,President,
Wayland,-,4,Jorgensen/ Cohen,35,President,
Wayland,-,4,Hawkins/ Walker,10,President,
Wayland,-,4,All Others,18,President,
Wayland,-,4,No Preference,0,President,
Wayland,-,4,Blanks,28,President,
Wayland,-,4,Total Votes Cast,2588,President,
Webster,-,1,Biden/ Harris,766,President,
Webster,-,1,Trump/ Pence,703,President,
Webster,-,1,Jorgensen/ Cohen,21,President,
Webster,-,1,Hawkins/ Walker,16,President,
Webster,-,1,All Others,5,President,
Webster,-,1,No Preference,0,President,
Webster,-,1,Blanks,7,President,
Webster,-,1,Total Votes Cast,1518,President,
Webster,-,2,Biden/ Harris,610,President,
Webster,-,2,Trump/ Pence,463,President,
Webster,-,2,Jorgensen/ Cohen,22,President,
Webster,-,2,Hawkins/ Walker,9,President,
Webster,-,2,All Others,5,President,
Webster,-,2,No Preference,0,President,
Webster,-,2,Blanks,5,President,
Webster,-,2,Total Votes Cast,1114,President,
Webster,-,3,Biden/ Harris,719,President,
Webster,-,3,Trump/ Pence,756,President,
Webster,-,3,Jorgensen/ Cohen,16,President,
Webster,-,3,Hawkins/ Walker,6,President,
Webster,-,3,All Others,7,President,
Webster,-,3,No Preference,0,President,
Webster,-,3,Blanks,9,President,
Webster,-,3,Total Votes Cast,1513,President,
Webster,-,4,Biden/ Harris,1060,President,
Webster,-,4,Trump/ Pence,1224,President,
Webster,-,4,Jorgensen/ Cohen,34,President,
Webster,-,4,Hawkins/ Walker,11,President,
Webster,-,4,All Others,11,President,
Webster,-,4,No Preference,0,President,
Webster,-,4,Blanks,15,President,
Webster,-,4,Total Votes Cast,2355,President,
Webster,-,5,Biden/ Harris,891,President,
Webster,-,5,Trump/ Pence,893,President,
Webster,-,5,Jorgensen/ Cohen,30,President,
Webster,-,5,Hawkins/ Walker,9,President,
Webster,-,5,All Others,11,President,
Webster,-,5,No Preference,0,President,
Webster,-,5,Blanks,12,President,
Webster,-,5,Total Votes Cast,1846,President,
Wellesley,-,A,Biden/ Harris,1760,President,
Wellesley,-,A,Trump/ Pence,421,President,
Wellesley,-,A,Jorgensen/ Cohen,28,President,
Wellesley,-,A,Hawkins/ Walker,5,President,
Wellesley,-,A,All Others,25,President,
Wellesley,-,A,No Preference,0,President,
Wellesley,-,A,Blanks,19,President,
Wellesley,-,A,Total Votes Cast,2258,President,
Wellesley,-,B,Biden/ Harris,1935,President,
Wellesley,-,B,Trump/ Pence,492,President,
Wellesley,-,B,Jorgensen/ Cohen,25,President,
Wellesley,-,B,Hawkins/ Walker,10,President,
Wellesley,-,B,All Others,21,President,
Wellesley,-,B,No Preference,0,President,
Wellesley,-,B,Blanks,16,President,
Wellesley,-,B,Total Votes Cast,2499,President,
Wellesley,-,C,Biden/ Harris,1605,President,
Wellesley,-,C,Trump/ Pence,624,President,
Wellesley,-,C,Jorgensen/ Cohen,33,President,
Wellesley,-,C,Hawkins/ Walker,3,President,
Wellesley,-,C,All Others,41,President,
Wellesley,-,C,No Preference,0,President,
Wellesley,-,C,Blanks,24,President,
Wellesley,-,C,Total Votes Cast,2330,President,
Wellesley,-,D,Biden/ Harris,1956,President,
Wellesley,-,D,Trump/ Pence,431,President,
Wellesley,-,D,Jorgensen/ Cohen,27,President,
Wellesley,-,D,Hawkins/ Walker,5,President,
Wellesley,-,D,All Others,19,President,
Wellesley,-,D,No Preference,0,President,
Wellesley,-,D,Blanks,30,President,
Wellesley,-,D,Total Votes Cast,2468,President,
Wellesley,-,E,Biden/ Harris,1671,President,
Wellesley,-,E,Trump/ Pence,404,President,
Wellesley,-,E,Jorgensen/ Cohen,17,President,
Wellesley,-,E,Hawkins/ Walker,8,President,
Wellesley,-,E,All Others,22,President,
Wellesley,-,E,No Preference,0,President,
Wellesley,-,E,Blanks,16,President,
Wellesley,-,E,Total Votes Cast,2138,President,
Wellesley,-,F,Biden/ Harris,1072,President,
Wellesley,-,F,Trump/ Pence,276,President,
Wellesley,-,F,Jorgensen/ Cohen,23,President,
Wellesley,-,F,Hawkins/ Walker,4,President,
Wellesley,-,F,All Others,17,President,
Wellesley,-,F,No Preference,0,President,
Wellesley,-,F,Blanks,17,President,
Wellesley,-,F,Total Votes Cast,1409,President,
Wellesley,-,G,Biden/ Harris,930,President,
Wellesley,-,G,Trump/ Pence,167,President,
Wellesley,-,G,Jorgensen/ Cohen,15,President,
Wellesley,-,G,Hawkins/ Walker,3,President,
Wellesley,-,G,All Others,7,President,
Wellesley,-,G,No Preference,0,President,
Wellesley,-,G,Blanks,10,President,
Wellesley,-,G,Total Votes Cast,1132,President,
Wellesley,-,H,Biden/ Harris,1701,President,
Wellesley,-,H,Trump/ Pence,480,President,
Wellesley,-,H,Jorgensen/ Cohen,30,President,
Wellesley,-,H,Hawkins/ Walker,9,President,
Wellesley,-,H,All Others,20,President,
Wellesley,-,H,No Preference,0,President,
Wellesley,-,H,Blanks,20,President,
Wellesley,-,H,Total Votes Cast,2260,President,
Wellfleet,-,1,Biden/ Harris,1971,President,
Wellfleet,-,1,Trump/ Pence,496,President,
Wellfleet,-,1,Jorgensen/ Cohen,24,President,
Wellfleet,-,1,Hawkins/ Walker,17,President,
Wellfleet,-,1,All Others,8,President,
Wellfleet,-,1,No Preference,0,President,
Wellfleet,-,1,Blanks,16,President,
Wellfleet,-,1,Total Votes Cast,2532,President,
Wendell,-,1,Biden/ Harris,487,President,
Wendell,-,1,Trump/ Pence,105,President,
Wendell,-,1,Jorgensen/ Cohen,13,President,
Wendell,-,1,Hawkins/ Walker,9,President,
Wendell,-,1,All Others,0,President,
Wendell,-,1,No Preference,0,President,
Wendell,-,1,Blanks,2,President,
Wendell,-,1,Total Votes Cast,616,President,
Wenham,-,1,Biden/ Harris,1761,President,
Wenham,-,1,Trump/ Pence,765,President,
Wenham,-,1,Jorgensen/ Cohen,56,President,
Wenham,-,1,Hawkins/ Walker,9,President,
Wenham,-,1,All Others,17,President,
Wenham,-,1,No Preference,0,President,
Wenham,-,1,Blanks,39,President,
Wenham,-,1,Total Votes Cast,2647,President,
Westborough,-,1,Biden/ Harris,1142,President,
Westborough,-,1,Trump/ Pence,388,President,
Westborough,-,1,Jorgensen/ Cohen,22,President,
Westborough,-,1,Hawkins/ Walker,7,President,
Westborough,-,1,All Others,5,President,
Westborough,-,1,No Preference,0,President,
Westborough,-,1,Blanks,10,President,
Westborough,-,1,Total Votes Cast,1574,President,
Westborough,-,2,Biden/ Harris,1211,President,
Westborough,-,2,Trump/ Pence,419,President,
Westborough,-,2,Jorgensen/ Cohen,34,President,
Westborough,-,2,Hawkins/ Walker,5,President,
Westborough,-,2,All Others,8,President,
Westborough,-,2,No Preference,0,President,
Westborough,-,2,Blanks,11,President,
Westborough,-,2,Total Votes Cast,1688,President,
Westborough,-,3,Biden/ Harris,1472,President,
Westborough,-,3,Trump/ Pence,549,President,
Westborough,-,3,Jorgensen/ Cohen,26,President,
Westborough,-,3,Hawkins/ Walker,19,President,
Westborough,-,3,All Others,17,President,
Westborough,-,3,No Preference,0,President,
Westborough,-,3,Blanks,12,President,
Westborough,-,3,Total Votes Cast,2095,President,
Westborough,-,4,Biden/ Harris,1946,President,
Westborough,-,4,Trump/ Pence,726,President,
Westborough,-,4,Jorgensen/ Cohen,40,President,
Westborough,-,4,Hawkins/ Walker,13,President,
Westborough,-,4,All Others,15,President,
Westborough,-,4,No Preference,0,President,
Westborough,-,4,Blanks,15,President,
Westborough,-,4,Total Votes Cast,2755,President,
Westborough,-,5,Biden/ Harris,1798,President,
Westborough,-,5,Trump/ Pence,694,President,
Westborough,-,5,Jorgensen/ Cohen,38,President,
Westborough,-,5,Hawkins/ Walker,11,President,
Westborough,-,5,All Others,31,President,
Westborough,-,5,No Preference,0,President,
Westborough,-,5,Blanks,14,President,
Westborough,-,5,Total Votes Cast,2586,President,
Westfield,1,A,Biden/ Harris,1030,President,
Westfield,1,A,Trump/ Pence,1055,President,
Westfield,1,A,Jorgensen/ Cohen,31,President,
Westfield,1,A,Hawkins/ Walker,14,President,
Westfield,1,A,All Others,3,President,
Westfield,1,A,No Preference,0,President,
Westfield,1,A,Blanks,2,President,
Westfield,1,A,Total Votes Cast,2135,President,
Westfield,1,B,Biden/ Harris,868,President,
Westfield,1,B,Trump/ Pence,968,President,
Westfield,1,B,Jorgensen/ Cohen,51,President,
Westfield,1,B,Hawkins/ Walker,10,President,
Westfield,1,B,All Others,7,President,
Westfield,1,B,No Preference,0,President,
Westfield,1,B,Blanks,9,President,
Westfield,1,B,Total Votes Cast,1913,President,
Westfield,2,A,Biden/ Harris,655,President,
Westfield,2,A,Trump/ Pence,445,President,
Westfield,2,A,Jorgensen/ Cohen,15,President,
Westfield,2,A,Hawkins/ Walker,6,President,
Westfield,2,A,All Others,4,President,
Westfield,2,A,No Preference,0,President,
Westfield,2,A,Blanks,2,President,
Westfield,2,A,Total Votes Cast,1127,President,
Westfield,2,B,Biden/ Harris,808,President,
Westfield,2,B,Trump/ Pence,660,President,
Westfield,2,B,Jorgensen/ Cohen,36,President,
Westfield,2,B,Hawkins/ Walker,13,President,
Westfield,2,B,All Others,7,President,
Westfield,2,B,No Preference,0,President,
Westfield,2,B,Blanks,6,President,
Westfield,2,B,Total Votes Cast,1530,President,
Westfield,3,A,Biden/ Harris,587,President,
Westfield,3,A,Trump/ Pence,448,President,
Westfield,3,A,Jorgensen/ Cohen,34,President,
Westfield,3,A,Hawkins/ Walker,12,President,
Westfield,3,A,All Others,11,President,
Westfield,3,A,No Preference,0,President,
Westfield,3,A,Blanks,10,President,
Westfield,3,A,Total Votes Cast,1102,President,
Westfield,3,B,Biden/ Harris,934,President,
Westfield,3,B,Trump/ Pence,722,President,
Westfield,3,B,Jorgensen/ Cohen,44,President,
Westfield,3,B,Hawkins/ Walker,12,President,
Westfield,3,B,All Others,8,President,
Westfield,3,B,No Preference,0,President,
Westfield,3,B,Blanks,10,President,
Westfield,3,B,Total Votes Cast,1730,President,
Westfield,4,A,Biden/ Harris,322,President,
Westfield,4,A,Trump/ Pence,338,President,
Westfield,4,A,Jorgensen/ Cohen,13,President,
Westfield,4,A,Hawkins/ Walker,5,President,
Westfield,4,A,All Others,2,President,
Westfield,4,A,No Preference,0,President,
Westfield,4,A,Blanks,7,President,
Westfield,4,A,Total Votes Cast,687,President,
Westfield,4,B,Biden/ Harris,1129,President,
Westfield,4,B,Trump/ Pence,1119,President,
Westfield,4,B,Jorgensen/ Cohen,37,President,
Westfield,4,B,Hawkins/ Walker,9,President,
Westfield,4,B,All Others,9,President,
Westfield,4,B,No Preference,0,President,
Westfield,4,B,Blanks,9,President,
Westfield,4,B,Total Votes Cast,2312,President,
Westfield,5,A,Biden/ Harris,1122,President,
Westfield,5,A,Trump/ Pence,1128,President,
Westfield,5,A,Jorgensen/ Cohen,55,President,
Westfield,5,A,Hawkins/ Walker,20,President,
Westfield,5,A,All Others,9,President,
Westfield,5,A,No Preference,0,President,
Westfield,5,A,Blanks,5,President,
Westfield,5,A,Total Votes Cast,2339,President,
Westfield,5,B,Biden/ Harris,1019,President,
Westfield,5,B,Trump/ Pence,1163,President,
Westfield,5,B,Jorgensen/ Cohen,41,President,
Westfield,5,B,Hawkins/ Walker,12,President,
Westfield,5,B,All Others,10,President,
Westfield,5,B,No Preference,0,President,
Westfield,5,B,Blanks,3,President,
Westfield,5,B,Total Votes Cast,2248,President,
Westfield,6,A,Biden/ Harris,911,President,
Westfield,6,A,Trump/ Pence,1022,President,
Westfield,6,A,Jorgensen/ Cohen,43,President,
Westfield,6,A,Hawkins/ Walker,11,President,
Westfield,6,A,All Others,8,President,
Westfield,6,A,No Preference,0,President,
Westfield,6,A,Blanks,20,President,
Westfield,6,A,Total Votes Cast,2015,President,
Westfield,6,B,Biden/ Harris,815,President,
Westfield,6,B,Trump/ Pence,790,President,
Westfield,6,B,Jorgensen/ Cohen,18,President,
Westfield,6,B,Hawkins/ Walker,2,President,
Westfield,6,B,All Others,5,President,
Westfield,6,B,No Preference,0,President,
Westfield,6,B,Blanks,16,President,
Westfield,6,B,Total Votes Cast,1646,President,
Westford,-,1,Biden/ Harris,1769,President,
Westford,-,1,Trump/ Pence,792,President,
Westford,-,1,Jorgensen/ Cohen,36,President,
Westford,-,1,Hawkins/ Walker,13,President,
Westford,-,1,All Others,13,President,
Westford,-,1,No Preference,0,President,
Westford,-,1,Blanks,24,President,
Westford,-,1,Total Votes Cast,2647,President,
Westford,-,2,Biden/ Harris,1773,President,
Westford,-,2,Trump/ Pence,815,President,
Westford,-,2,Jorgensen/ Cohen,47,President,
Westford,-,2,Hawkins/ Walker,11,President,
Westford,-,2,All Others,18,President,
Westford,-,2,No Preference,0,President,
Westford,-,2,Blanks,11,President,
Westford,-,2,Total Votes Cast,2675,President,
Westford,-,3,Biden/ Harris,1619,President,
Westford,-,3,Trump/ Pence,811,President,
Westford,-,3,Jorgensen/ Cohen,44,President,
Westford,-,3,Hawkins/ Walker,11,President,
Westford,-,3,All Others,18,President,
Westford,-,3,No Preference,0,President,
Westford,-,3,Blanks,16,President,
Westford,-,3,Total Votes Cast,2519,President,
Westford,-,4,Biden/ Harris,1891,President,
Westford,-,4,Trump/ Pence,706,President,
Westford,-,4,Jorgensen/ Cohen,43,President,
Westford,-,4,Hawkins/ Walker,10,President,
Westford,-,4,All Others,15,President,
Westford,-,4,No Preference,0,President,
Westford,-,4,Blanks,14,President,
Westford,-,4,Total Votes Cast,2679,President,
Westford,-,5,Biden/ Harris,1652,President,
Westford,-,5,Trump/ Pence,758,President,
Westford,-,5,Jorgensen/ Cohen,41,President,
Westford,-,5,Hawkins/ Walker,8,President,
Westford,-,5,All Others,11,President,
Westford,-,5,No Preference,0,President,
Westford,-,5,Blanks,8,President,
Westford,-,5,Total Votes Cast,2478,President,
Westford,-,6,Biden/ Harris,1525,President,
Westford,-,6,Trump/ Pence,774,President,
Westford,-,6,Jorgensen/ Cohen,47,President,
Westford,-,6,Hawkins/ Walker,12,President,
Westford,-,6,All Others,15,President,
Westford,-,6,No Preference,0,President,
Westford,-,6,Blanks,12,President,
Westford,-,6,Total Votes Cast,2385,President,
Westhampton,-,1,Biden/ Harris,746,President,
Westhampton,-,1,Trump/ Pence,426,President,
Westhampton,-,1,Jorgensen/ Cohen,11,President,
Westhampton,-,1,Hawkins/ Walker,11,President,
Westhampton,-,1,All Others,1,President,
Westhampton,-,1,No Preference,0,President,
Westhampton,-,1,Blanks,4,President,
Westhampton,-,1,Total Votes Cast,1199,President,
Westminster,-,1,Biden/ Harris,1363,President,
Westminster,-,1,Trump/ Pence,1248,President,
Westminster,-,1,Jorgensen/ Cohen,51,President,
Westminster,-,1,Hawkins/ Walker,18,President,
Westminster,-,1,All Others,5,President,
Westminster,-,1,No Preference,0,President,
Westminster,-,1,Blanks,16,President,
Westminster,-,1,Total Votes Cast,2701,President,
Westminster,-,2,Biden/ Harris,1302,President,
Westminster,-,2,Trump/ Pence,1229,President,
Westminster,-,2,Jorgensen/ Cohen,57,President,
Westminster,-,2,Hawkins/ Walker,10,President,
Westminster,-,2,All Others,11,President,
Westminster,-,2,No Preference,0,President,
Westminster,-,2,Blanks,23,President,
Westminster,-,2,Total Votes Cast,2632,President,
Weston,-,1,Biden/ Harris,1409,President,
Weston,-,1,Trump/ Pence,412,President,
Weston,-,1,Jorgensen/ Cohen,42,President,
Weston,-,1,Hawkins/ Walker,3,President,
Weston,-,1,All Others,17,President,
Weston,-,1,No Preference,0,President,
Weston,-,1,Blanks,18,President,
Weston,-,1,Total Votes Cast,1901,President,
Weston,-,2,Biden/ Harris,1218,President,
Weston,-,2,Trump/ Pence,430,President,
Weston,-,2,Jorgensen/ Cohen,38,President,
Weston,-,2,Hawkins/ Walker,5,President,
Weston,-,2,All Others,13,President,
Weston,-,2,No Preference,0,President,
Weston,-,2,Blanks,13,President,
Weston,-,2,Total Votes Cast,1717,President,
Weston,-,3,Biden/ Harris,1211,President,
Weston,-,3,Trump/ Pence,401,President,
Weston,-,3,Jorgensen/ Cohen,38,President,
Weston,-,3,Hawkins/ Walker,7,President,
Weston,-,3,All Others,24,President,
Weston,-,3,No Preference,0,President,
Weston,-,3,Blanks,13,President,
Weston,-,3,Total Votes Cast,1694,President,
Weston,-,4,Biden/ Harris,1291,President,
Weston,-,4,Trump/ Pence,469,President,
Weston,-,4,Jorgensen/ Cohen,34,President,
Weston,-,4,Hawkins/ Walker,4,President,
Weston,-,4,All Others,19,President,
Weston,-,4,No Preference,0,President,
Weston,-,4,Blanks,11,President,
Weston,-,4,Total Votes Cast,1828,President,
Westport,-,A,Biden/ Harris,969,President,
Westport,-,A,Trump/ Pence,1006,President,
Westport,-,A,Jorgensen/ Cohen,29,President,
Westport,-,A,Hawkins/ Walker,13,President,
Westport,-,A,All Others,5,President,
Westport,-,A,No Preference,0,President,
Westport,-,A,Blanks,8,President,
Westport,-,A,Total Votes Cast,2030,President,
Westport,-,B,Biden/ Harris,1295,President,
Westport,-,B,Trump/ Pence,1029,President,
Westport,-,B,Jorgensen/ Cohen,31,President,
Westport,-,B,Hawkins/ Walker,10,President,
Westport,-,B,All Others,8,President,
Westport,-,B,No Preference,0,President,
Westport,-,B,Blanks,20,President,
Westport,-,B,Total Votes Cast,2393,President,
Westport,-,C,Biden/ Harris,847,President,
Westport,-,C,Trump/ Pence,1015,President,
Westport,-,C,Jorgensen/ Cohen,18,President,
Westport,-,C,Hawkins/ Walker,22,President,
Westport,-,C,All Others,6,President,
Westport,-,C,No Preference,0,President,
Westport,-,C,Blanks,9,President,
Westport,-,C,Total Votes Cast,1917,President,
Westport,-,D,Biden/ Harris,916,President,
Westport,-,D,Trump/ Pence,865,President,
Westport,-,D,Jorgensen/ Cohen,14,President,
Westport,-,D,Hawkins/ Walker,7,President,
Westport,-,D,All Others,2,President,
Westport,-,D,No Preference,0,President,
Westport,-,D,Blanks,23,President,
Westport,-,D,Total Votes Cast,1827,President,
Westport,-,E,Biden/ Harris,1292,President,
Westport,-,E,Trump/ Pence,1103,President,
Westport,-,E,Jorgensen/ Cohen,30,President,
Westport,-,E,Hawkins/ Walker,10,President,
Westport,-,E,All Others,4,President,
Westport,-,E,No Preference,0,President,
Westport,-,E,Blanks,20,President,
Westport,-,E,Total Votes Cast,2459,President,
Westwood,-,1,Biden/ Harris,1734,President,
Westwood,-,1,Trump/ Pence,798,President,
Westwood,-,1,Jorgensen/ Cohen,40,President,
Westwood,-,1,Hawkins/ Walker,12,President,
Westwood,-,1,All Others,28,President,
Westwood,-,1,No Preference,0,President,
Westwood,-,1,Blanks,32,President,
Westwood,-,1,Total Votes Cast,2644,President,
Westwood,-,2,Biden/ Harris,1802,President,
Westwood,-,2,Trump/ Pence,846,President,
Westwood,-,2,Jorgensen/ Cohen,43,President,
Westwood,-,2,Hawkins/ Walker,12,President,
Westwood,-,2,All Others,21,President,
Westwood,-,2,No Preference,0,President,
Westwood,-,2,Blanks,22,President,
Westwood,-,2,Total Votes Cast,2746,President,
Westwood,-,3,Biden/ Harris,1750,President,
Westwood,-,3,Trump/ Pence,780,President,
Westwood,-,3,Jorgensen/ Cohen,32,President,
Westwood,-,3,Hawkins/ Walker,7,President,
Westwood,-,3,All Others,17,President,
Westwood,-,3,No Preference,0,President,
Westwood,-,3,Blanks,18,President,
Westwood,-,3,Total Votes Cast,2604,President,
Westwood,-,4,Biden/ Harris,1546,President,
Westwood,-,4,Trump/ Pence,1020,President,
Westwood,-,4,Jorgensen/ Cohen,34,President,
Westwood,-,4,Hawkins/ Walker,9,President,
Westwood,-,4,All Others,14,President,
Westwood,-,4,No Preference,0,President,
Westwood,-,4,Blanks,22,President,
Westwood,-,4,Total Votes Cast,2645,President,
Weymouth,-,1,Biden/ Harris,1057,President,
Weymouth,-,1,Trump/ Pence,657,President,
Weymouth,-,1,Jorgensen/ Cohen,16,President,
Weymouth,-,1,Hawkins/ Walker,8,President,
Weymouth,-,1,All Others,8,President,
Weymouth,-,1,No Preference,0,President,
Weymouth,-,1,Blanks,9,President,
Weymouth,-,1,Total Votes Cast,1755,President,
Weymouth,-,10,Biden/ Harris,848,President,
Weymouth,-,10,Trump/ Pence,509,President,
Weymouth,-,10,Jorgensen/ Cohen,17,President,
Weymouth,-,10,Hawkins/ Walker,5,President,
Weymouth,-,10,All Others,5,President,
Weymouth,-,10,No Preference,0,President,
Weymouth,-,10,Blanks,11,President,
Weymouth,-,10,Total Votes Cast,1395,President,
Weymouth,-,11,Biden/ Harris,1042,President,
Weymouth,-,11,Trump/ Pence,703,President,
Weymouth,-,11,Jorgensen/ Cohen,29,President,
Weymouth,-,11,Hawkins/ Walker,6,President,
Weymouth,-,11,All Others,11,President,
Weymouth,-,11,No Preference,0,President,
Weymouth,-,11,Blanks,11,President,
Weymouth,-,11,Total Votes Cast,1802,President,
Weymouth,-,12,Biden/ Harris,1096,President,
Weymouth,-,12,Trump/ Pence,737,President,
Weymouth,-,12,Jorgensen/ Cohen,29,President,
Weymouth,-,12,Hawkins/ Walker,16,President,
Weymouth,-,12,All Others,13,President,
Weymouth,-,12,No Preference,0,President,
Weymouth,-,12,Blanks,9,President,
Weymouth,-,12,Total Votes Cast,1900,President,
Weymouth,-,13,Biden/ Harris,939,President,
Weymouth,-,13,Trump/ Pence,504,President,
Weymouth,-,13,Jorgensen/ Cohen,17,President,
Weymouth,-,13,Hawkins/ Walker,12,President,
Weymouth,-,13,All Others,3,President,
Weymouth,-,13,No Preference,0,President,
Weymouth,-,13,Blanks,6,President,
Weymouth,-,13,Total Votes Cast,1481,President,
Weymouth,-,14,Biden/ Harris,1025,President,
Weymouth,-,14,Trump/ Pence,557,President,
Weymouth,-,14,Jorgensen/ Cohen,22,President,
Weymouth,-,14,Hawkins/ Walker,6,President,
Weymouth,-,14,All Others,12,President,
Weymouth,-,14,No Preference,0,President,
Weymouth,-,14,Blanks,7,President,
Weymouth,-,14,Total Votes Cast,1629,President,
Weymouth,-,15,Biden/ Harris,1174,President,
Weymouth,-,15,Trump/ Pence,803,President,
Weymouth,-,15,Jorgensen/ Cohen,30,President,
Weymouth,-,15,Hawkins/ Walker,8,President,
Weymouth,-,15,All Others,8,President,
Weymouth,-,15,No Preference,0,President,
Weymouth,-,15,Blanks,14,President,
Weymouth,-,15,Total Votes Cast,2037,President,
Weymouth,-,16,Biden/ Harris,1158,President,
Weymouth,-,16,Trump/ Pence,799,President,
Weymouth,-,16,Jorgensen/ Cohen,25,President,
Weymouth,-,16,Hawkins/ Walker,5,President,
Weymouth,-,16,All Others,12,President,
Weymouth,-,16,No Preference,0,President,
Weymouth,-,16,Blanks,16,President,
Weymouth,-,16,Total Votes Cast,2015,President,
Weymouth,-,17,Biden/ Harris,955,President,
Weymouth,-,17,Trump/ Pence,548,President,
Weymouth,-,17,Jorgensen/ Cohen,15,President,
Weymouth,-,17,Hawkins/ Walker,5,President,
Weymouth,-,17,All Others,8,President,
Weymouth,-,17,No Preference,0,President,
Weymouth,-,17,Blanks,7,President,
Weymouth,-,17,Total Votes Cast,1538,President,
Weymouth,-,18,Biden/ Harris,1844,President,
Weymouth,-,18,Trump/ Pence,1048,President,
Weymouth,-,18,Jorgensen/ Cohen,36,President,
Weymouth,-,18,Hawkins/ Walker,12,President,
Weymouth,-,18,All Others,11,President,
Weymouth,-,18,No Preference,0,President,
Weymouth,-,18,Blanks,21,President,
Weymouth,-,18,Total Votes Cast,2972,President,
Weymouth,-,2,Biden/ Harris,1109,President,
Weymouth,-,2,Trump/ Pence,794,President,
Weymouth,-,2,Jorgensen/ Cohen,29,President,
Weymouth,-,2,Hawkins/ Walker,13,President,
Weymouth,-,2,All Others,15,President,
Weymouth,-,2,No Preference,0,President,
Weymouth,-,2,Blanks,12,President,
Weymouth,-,2,Total Votes Cast,1972,President,
Weymouth,-,3,Biden/ Harris,1046,President,
Weymouth,-,3,Trump/ Pence,834,President,
Weymouth,-,3,Jorgensen/ Cohen,30,President,
Weymouth,-,3,Hawkins/ Walker,6,President,
Weymouth,-,3,All Others,16,President,
Weymouth,-,3,No Preference,0,President,
Weymouth,-,3,Blanks,20,President,
Weymouth,-,3,Total Votes Cast,1952,President,
Weymouth,-,4,Biden/ Harris,1011,President,
Weymouth,-,4,Trump/ Pence,686,President,
Weymouth,-,4,Jorgensen/ Cohen,22,President,
Weymouth,-,4,Hawkins/ Walker,7,President,
Weymouth,-,4,All Others,9,President,
Weymouth,-,4,No Preference,0,President,
Weymouth,-,4,Blanks,21,President,
Weymouth,-,4,Total Votes Cast,1756,President,
Weymouth,-,5,Biden/ Harris,925,President,
Weymouth,-,5,Trump/ Pence,486,President,
Weymouth,-,5,Jorgensen/ Cohen,18,President,
Weymouth,-,5,Hawkins/ Walker,8,President,
Weymouth,-,5,All Others,13,President,
Weymouth,-,5,No Preference,0,President,
Weymouth,-,5,Blanks,6,President,
Weymouth,-,5,Total Votes Cast,1456,President,
Weymouth,-,6,Biden/ Harris,1150,President,
Weymouth,-,6,Trump/ Pence,727,President,
Weymouth,-,6,Jorgensen/ Cohen,22,President,
Weymouth,-,6,Hawkins/ Walker,5,President,
Weymouth,-,6,All Others,6,President,
Weymouth,-,6,No Preference,0,President,
Weymouth,-,6,Blanks,13,President,
Weymouth,-,6,Total Votes Cast,1923,President,
Weymouth,-,7,Biden/ Harris,1035,President,
Weymouth,-,7,Trump/ Pence,636,President,
Weymouth,-,7,Jorgensen/ Cohen,33,President,
Weymouth,-,7,Hawkins/ Walker,6,President,
Weymouth,-,7,All Others,12,President,
Weymouth,-,7,No Preference,0,President,
Weymouth,-,7,Blanks,14,President,
Weymouth,-,7,Total Votes Cast,1736,President,
Weymouth,-,8,Biden/ Harris,1079,President,
Weymouth,-,8,Trump/ Pence,635,President,
Weymouth,-,8,Jorgensen/ Cohen,18,President,
Weymouth,-,8,Hawkins/ Walker,5,President,
Weymouth,-,8,All Others,10,President,
Weymouth,-,8,No Preference,0,President,
Weymouth,-,8,Blanks,12,President,
Weymouth,-,8,Total Votes Cast,1759,President,
Weymouth,-,9,Biden/ Harris,1122,President,
Weymouth,-,9,Trump/ Pence,797,President,
Weymouth,-,9,Jorgensen/ Cohen,28,President,
Weymouth,-,9,Hawkins/ Walker,5,President,
Weymouth,-,9,All Others,6,President,
Weymouth,-,9,No Preference,0,President,
Weymouth,-,9,Blanks,9,President,
Weymouth,-,9,Total Votes Cast,1967,President,
Whately,-,1,Biden/ Harris,745,President,
Whately,-,1,Trump/ Pence,332,President,
Whately,-,1,Jorgensen/ Cohen,16,President,
Whately,-,1,Hawkins/ Walker,10,President,
Whately,-,1,All Others,4,President,
Whately,-,1,No Preference,0,President,
Whately,-,1,Blanks,9,President,
Whately,-,1,Total Votes Cast,1116,President,
Whitman,-,1,Biden/ Harris,1307,President,
Whitman,-,1,Trump/ Pence,1055,President,
Whitman,-,1,Jorgensen/ Cohen,40,President,
Whitman,-,1,Hawkins/ Walker,11,President,
Whitman,-,1,All Others,13,President,
Whitman,-,1,No Preference,0,President,
Whitman,-,1,Blanks,13,President,
Whitman,-,1,Total Votes Cast,2439,President,
Whitman,-,2,Biden/ Harris,1070,President,
Whitman,-,2,Trump/ Pence,992,President,
Whitman,-,2,Jorgensen/ Cohen,39,President,
Whitman,-,2,Hawkins/ Walker,11,President,
Whitman,-,2,All Others,14,President,
Whitman,-,2,No Preference,0,President,
Whitman,-,2,Blanks,5,President,
Whitman,-,2,Total Votes Cast,2131,President,
Whitman,-,3,Biden/ Harris,1029,President,
Whitman,-,3,Trump/ Pence,974,President,
Whitman,-,3,Jorgensen/ Cohen,39,President,
Whitman,-,3,Hawkins/ Walker,7,President,
Whitman,-,3,All Others,14,President,
Whitman,-,3,No Preference,0,President,
Whitman,-,3,Blanks,13,President,
Whitman,-,3,Total Votes Cast,2076,President,
Whitman,-,4,Biden/ Harris,1090,President,
Whitman,-,4,Trump/ Pence,861,President,
Whitman,-,4,Jorgensen/ Cohen,35,President,
Whitman,-,4,Hawkins/ Walker,16,President,
Whitman,-,4,All Others,12,President,
Whitman,-,4,No Preference,0,President,
Whitman,-,4,Blanks,19,President,
Whitman,-,4,Total Votes Cast,2033,President,
Wilbraham,-,A,Biden/ Harris,1300,President,
Wilbraham,-,A,Trump/ Pence,1056,President,
Wilbraham,-,A,Jorgensen/ Cohen,35,President,
Wilbraham,-,A,Hawkins/ Walker,13,President,
Wilbraham,-,A,All Others,4,President,
Wilbraham,-,A,No Preference,0,President,
Wilbraham,-,A,Blanks,14,President,
Wilbraham,-,A,Total Votes Cast,2422,President,
Wilbraham,-,B,Biden/ Harris,1247,President,
Wilbraham,-,B,Trump/ Pence,998,President,
Wilbraham,-,B,Jorgensen/ Cohen,30,President,
Wilbraham,-,B,Hawkins/ Walker,8,President,
Wilbraham,-,B,All Others,11,President,
Wilbraham,-,B,No Preference,0,President,
Wilbraham,-,B,Blanks,17,President,
Wilbraham,-,B,Total Votes Cast,2311,President,
Wilbraham,-,C,Biden/ Harris,1139,President,
Wilbraham,-,C,Trump/ Pence,1119,President,
Wilbraham,-,C,Jorgensen/ Cohen,29,President,
Wilbraham,-,C,Hawkins/ Walker,11,President,
Wilbraham,-,C,All Others,10,President,
Wilbraham,-,C,No Preference,0,President,
Wilbraham,-,C,Blanks,12,President,
Wilbraham,-,C,Total Votes Cast,2320,President,
Wilbraham,-,D,Biden/ Harris,1242,President,
Wilbraham,-,D,Trump/ Pence,1089,President,
Wilbraham,-,D,Jorgensen/ Cohen,41,President,
Wilbraham,-,D,Hawkins/ Walker,9,President,
Wilbraham,-,D,All Others,6,President,
Wilbraham,-,D,No Preference,0,President,
Wilbraham,-,D,Blanks,12,President,
Wilbraham,-,D,Total Votes Cast,2399,President,
Williamsburg,-,1,Biden/ Harris,1446,President,
Williamsburg,-,1,Trump/ Pence,337,President,
Williamsburg,-,1,Jorgensen/ Cohen,21,President,
Williamsburg,-,1,Hawkins/ Walker,13,President,
Williamsburg,-,1,All Others,5,President,
Williamsburg,-,1,No Preference,0,President,
Williamsburg,-,1,Blanks,13,President,
Williamsburg,-,1,Total Votes Cast,1835,President,
Williamstown,-,1,Biden/ Harris,1294,President,
Williamstown,-,1,Trump/ Pence,225,President,
Williamstown,-,1,Jorgensen/ Cohen,13,President,
Williamstown,-,1,Hawkins/ Walker,5,President,
Williamstown,-,1,All Others,5,President,
Williamstown,-,1,No Preference,0,President,
Williamstown,-,1,Blanks,9,President,
Williamstown,-,1,Total Votes Cast,1551,President,
Williamstown,-,2,Biden/ Harris,575,President,
Williamstown,-,2,Trump/ Pence,49,President,
Williamstown,-,2,Jorgensen/ Cohen,4,President,
Williamstown,-,2,Hawkins/ Walker,6,President,
Williamstown,-,2,All Others,3,President,
Williamstown,-,2,No Preference,0,President,
Williamstown,-,2,Blanks,5,President,
Williamstown,-,2,Total Votes Cast,642,President,
Williamstown,-,3,Biden/ Harris,1327,President,
Williamstown,-,3,Trump/ Pence,225,President,
Williamstown,-,3,Jorgensen/ Cohen,12,President,
Williamstown,-,3,Hawkins/ Walker,6,President,
Williamstown,-,3,All Others,8,President,
Williamstown,-,3,No Preference,0,President,
Williamstown,-,3,Blanks,6,President,
Williamstown,-,3,Total Votes Cast,1584,President,
Wilmington,-,1,Biden/ Harris,1320,President,
Wilmington,-,1,Trump/ Pence,1029,President,
Wilmington,-,1,Jorgensen/ Cohen,29,President,
Wilmington,-,1,Hawkins/ Walker,9,President,
Wilmington,-,1,All Others,14,President,
Wilmington,-,1,No Preference,0,President,
Wilmington,-,1,Blanks,26,President,
Wilmington,-,1,Total Votes Cast,2427,President,
Wilmington,-,2,Biden/ Harris,1255,President,
Wilmington,-,2,Trump/ Pence,1020,President,
Wilmington,-,2,Jorgensen/ Cohen,33,President,
Wilmington,-,2,Hawkins/ Walker,13,President,
Wilmington,-,2,All Others,12,President,
Wilmington,-,2,No Preference,0,President,
Wilmington,-,2,Blanks,17,President,
Wilmington,-,2,Total Votes Cast,2350,President,
Wilmington,-,3,Biden/ Harris,1288,President,
Wilmington,-,3,Trump/ Pence,1067,President,
Wilmington,-,3,Jorgensen/ Cohen,39,President,
Wilmington,-,3,Hawkins/ Walker,14,President,
Wilmington,-,3,All Others,16,President,
Wilmington,-,3,No Preference,0,President,
Wilmington,-,3,Blanks,18,President,
Wilmington,-,3,Total Votes Cast,2442,President,
Wilmington,-,4,Biden/ Harris,1359,President,
Wilmington,-,4,Trump/ Pence,1127,President,
Wilmington,-,4,Jorgensen/ Cohen,34,President,
Wilmington,-,4,Hawkins/ Walker,9,President,
Wilmington,-,4,All Others,6,President,
Wilmington,-,4,No Preference,0,President,
Wilmington,-,4,Blanks,15,President,
Wilmington,-,4,Total Votes Cast,2550,President,
Wilmington,-,5,Biden/ Harris,1391,President,
Wilmington,-,5,Trump/ Pence,1124,President,
Wilmington,-,5,Jorgensen/ Cohen,26,President,
Wilmington,-,5,Hawkins/ Walker,15,President,
Wilmington,-,5,All Others,5,President,
Wilmington,-,5,No Preference,0,President,
Wilmington,-,5,Blanks,16,President,
Wilmington,-,5,Total Votes Cast,2577,President,
Wilmington,-,6,Biden/ Harris,1414,President,
Wilmington,-,6,Trump/ Pence,1081,President,
Wilmington,-,6,Jorgensen/ Cohen,37,President,
Wilmington,-,6,Hawkins/ Walker,9,President,
Wilmington,-,6,All Others,11,President,
Wilmington,-,6,No Preference,0,President,
Wilmington,-,6,Blanks,18,President,
Wilmington,-,6,Total Votes Cast,2570,President,
Winchendon,-,1,Biden/ Harris,494,President,
Winchendon,-,1,Trump/ Pence,689,President,
Winchendon,-,1,Jorgensen/ Cohen,43,President,
Winchendon,-,1,Hawkins/ Walker,10,President,
Winchendon,-,1,All Others,7,President,
Winchendon,-,1,No Preference,0,President,
Winchendon,-,1,Blanks,6,President,
Winchendon,-,1,Total Votes Cast,1249,President,
Winchendon,-,1A,Biden/ Harris,184,President,
Winchendon,-,1A,Trump/ Pence,168,President,
Winchendon,-,1A,Jorgensen/ Cohen,9,President,
Winchendon,-,1A,Hawkins/ Walker,4,President,
Winchendon,-,1A,All Others,0,President,
Winchendon,-,1A,No Preference,0,President,
Winchendon,-,1A,Blanks,6,President,
Winchendon,-,1A,Total Votes Cast,371,President,
Winchendon,-,2,Biden/ Harris,835,President,
Winchendon,-,2,Trump/ Pence,901,President,
Winchendon,-,2,Jorgensen/ Cohen,31,President,
Winchendon,-,2,Hawkins/ Walker,18,President,
Winchendon,-,2,All Others,0,President,
Winchendon,-,2,No Preference,0,President,
Winchendon,-,2,Blanks,8,President,
Winchendon,-,2,Total Votes Cast,1793,President,
Winchendon,-,3,Biden/ Harris,800,President,
Winchendon,-,3,Trump/ Pence,903,President,
Winchendon,-,3,Jorgensen/ Cohen,41,President,
Winchendon,-,3,Hawkins/ Walker,15,President,
Winchendon,-,3,All Others,0,President,
Winchendon,-,3,No Preference,0,President,
Winchendon,-,3,Blanks,16,President,
Winchendon,-,3,Total Votes Cast,1775,President,
Winchester,-,1,Biden/ Harris,1315,President,
Winchester,-,1,Trump/ Pence,409,President,
Winchester,-,1,Jorgensen/ Cohen,23,President,
Winchester,-,1,Hawkins/ Walker,15,President,
Winchester,-,1,All Others,12,President,
Winchester,-,1,No Preference,0,President,
Winchester,-,1,Blanks,14,President,
Winchester,-,1,Total Votes Cast,1788,President,
Winchester,-,2,Biden/ Harris,1114,President,
Winchester,-,2,Trump/ Pence,408,President,
Winchester,-,2,Jorgensen/ Cohen,24,President,
Winchester,-,2,Hawkins/ Walker,6,President,
Winchester,-,2,All Others,11,President,
Winchester,-,2,No Preference,0,President,
Winchester,-,2,Blanks,8,President,
Winchester,-,2,Total Votes Cast,1571,President,
Winchester,-,3,Biden/ Harris,1482,President,
Winchester,-,3,Trump/ Pence,361,President,
Winchester,-,3,Jorgensen/ Cohen,23,President,
Winchester,-,3,Hawkins/ Walker,5,President,
Winchester,-,3,All Others,17,President,
Winchester,-,3,No Preference,0,President,
Winchester,-,3,Blanks,13,President,
Winchester,-,3,Total Votes Cast,1901,President,
Winchester,-,4,Biden/ Harris,1314,President,
Winchester,-,4,Trump/ Pence,515,President,
Winchester,-,4,Jorgensen/ Cohen,28,President,
Winchester,-,4,Hawkins/ Walker,5,President,
Winchester,-,4,All Others,14,President,
Winchester,-,4,No Preference,0,President,
Winchester,-,4,Blanks,15,President,
Winchester,-,4,Total Votes Cast,1891,President,
Winchester,-,5,Biden/ Harris,1169,President,
Winchester,-,5,Trump/ Pence,599,President,
Winchester,-,5,Jorgensen/ Cohen,22,President,
Winchester,-,5,Hawkins/ Walker,9,President,
Winchester,-,5,All Others,11,President,
Winchester,-,5,No Preference,0,President,
Winchester,-,5,Blanks,11,President,
Winchester,-,5,Total Votes Cast,1821,President,
Winchester,-,6,Biden/ Harris,1170,President,
Winchester,-,6,Trump/ Pence,570,President,
Winchester,-,6,Jorgensen/ Cohen,18,President,
Winchester,-,6,Hawkins/ Walker,4,President,
Winchester,-,6,All Others,12,President,
Winchester,-,6,No Preference,0,President,
Winchester,-,6,Blanks,17,President,
Winchester,-,6,Total Votes Cast,1791,President,
Winchester,-,7,Biden/ Harris,1301,President,
Winchester,-,7,Trump/ Pence,454,President,
Winchester,-,7,Jorgensen/ Cohen,41,President,
Winchester,-,7,Hawkins/ Walker,8,President,
Winchester,-,7,All Others,17,President,
Winchester,-,7,No Preference,0,President,
Winchester,-,7,Blanks,13,President,
Winchester,-,7,Total Votes Cast,1834,President,
Winchester,-,8,Biden/ Harris,912,President,
Winchester,-,8,Trump/ Pence,420,President,
Winchester,-,8,Jorgensen/ Cohen,21,President,
Winchester,-,8,Hawkins/ Walker,5,President,
Winchester,-,8,All Others,6,President,
Winchester,-,8,No Preference,0,President,
Winchester,-,8,Blanks,11,President,
Winchester,-,8,Total Votes Cast,1375,President,
Windsor,-,1,Biden/ Harris,370,President,
Windsor,-,1,Trump/ Pence,201,President,
Windsor,-,1,Jorgensen/ Cohen,4,President,
Windsor,-,1,Hawkins/ Walker,3,President,
Windsor,-,1,All Others,1,President,
Windsor,-,1,No Preference,0,President,
Windsor,-,1,Blanks,2,President,
Windsor,-,1,Total Votes Cast,581,President,
Winthrop,-,1,Biden/ Harris,1013,President,
Winthrop,-,1,Trump/ Pence,760,President,
Winthrop,-,1,Jorgensen/ Cohen,16,President,
Winthrop,-,1,Hawkins/ Walker,9,President,
Winthrop,-,1,All Others,4,President,
Winthrop,-,1,No Preference,0,President,
Winthrop,-,1,Blanks,3,President,
Winthrop,-,1,Total Votes Cast,1805,President,
Winthrop,-,2,Biden/ Harris,966,President,
Winthrop,-,2,Trump/ Pence,693,President,
Winthrop,-,2,Jorgensen/ Cohen,21,President,
Winthrop,-,2,Hawkins/ Walker,9,President,
Winthrop,-,2,All Others,6,President,
Winthrop,-,2,No Preference,0,President,
Winthrop,-,2,Blanks,7,President,
Winthrop,-,2,Total Votes Cast,1702,President,
Winthrop,-,3,Biden/ Harris,1104,President,
Winthrop,-,3,Trump/ Pence,552,President,
Winthrop,-,3,Jorgensen/ Cohen,21,President,
Winthrop,-,3,Hawkins/ Walker,10,President,
Winthrop,-,3,All Others,8,President,
Winthrop,-,3,No Preference,0,President,
Winthrop,-,3,Blanks,6,President,
Winthrop,-,3,Total Votes Cast,1701,President,
Winthrop,-,4,Biden/ Harris,939,President,
Winthrop,-,4,Trump/ Pence,556,President,
Winthrop,-,4,Jorgensen/ Cohen,8,President,
Winthrop,-,4,Hawkins/ Walker,4,President,
Winthrop,-,4,All Others,2,President,
Winthrop,-,4,No Preference,0,President,
Winthrop,-,4,Blanks,10,President,
Winthrop,-,4,Total Votes Cast,1519,President,
Winthrop,-,5,Biden/ Harris,1134,President,
Winthrop,-,5,Trump/ Pence,645,President,
Winthrop,-,5,Jorgensen/ Cohen,20,President,
Winthrop,-,5,Hawkins/ Walker,6,President,
Winthrop,-,5,All Others,8,President,
Winthrop,-,5,No Preference,0,President,
Winthrop,-,5,Blanks,15,President,
Winthrop,-,5,Total Votes Cast,1828,President,
Winthrop,-,6,Biden/ Harris,1134,President,
Winthrop,-,6,Trump/ Pence,564,President,
Winthrop,-,6,Jorgensen/ Cohen,19,President,
Winthrop,-,6,Hawkins/ Walker,15,President,
Winthrop,-,6,All Others,6,President,
Winthrop,-,6,No Preference,0,President,
Winthrop,-,6,Blanks,8,President,
Winthrop,-,6,Total Votes Cast,1746,President,
Woburn,1,1,Biden/ Harris,854,President,
Woburn,1,1,Trump/ Pence,452,President,
Woburn,1,1,Jorgensen/ Cohen,11,President,
Woburn,1,1,Hawkins/ Walker,6,President,
Woburn,1,1,All Others,5,President,
Woburn,1,1,No Preference,0,President,
Woburn,1,1,Blanks,6,President,
Woburn,1,1,Total Votes Cast,1334,President,
Woburn,1,2,Biden/ Harris,1016,President,
Woburn,1,2,Trump/ Pence,556,President,
Woburn,1,2,Jorgensen/ Cohen,9,President,
Woburn,1,2,Hawkins/ Walker,8,President,
Woburn,1,2,All Others,5,President,
Woburn,1,2,No Preference,0,President,
Woburn,1,2,Blanks,15,President,
Woburn,1,2,Total Votes Cast,1609,President,
Woburn,2,1,Biden/ Harris,931,President,
Woburn,2,1,Trump/ Pence,560,President,
Woburn,2,1,Jorgensen/ Cohen,21,President,
Woburn,2,1,Hawkins/ Walker,7,President,
Woburn,2,1,All Others,4,President,
Woburn,2,1,No Preference,0,President,
Woburn,2,1,Blanks,12,President,
Woburn,2,1,Total Votes Cast,1535,President,
Woburn,2,2,Biden/ Harris,796,President,
Woburn,2,2,Trump/ Pence,372,President,
Woburn,2,2,Jorgensen/ Cohen,18,President,
Woburn,2,2,Hawkins/ Walker,8,President,
Woburn,2,2,All Others,1,President,
Woburn,2,2,No Preference,0,President,
Woburn,2,2,Blanks,11,President,
Woburn,2,2,Total Votes Cast,1206,President,
Woburn,3,1,Biden/ Harris,900,President,
Woburn,3,1,Trump/ Pence,596,President,
Woburn,3,1,Jorgensen/ Cohen,16,President,
Woburn,3,1,Hawkins/ Walker,6,President,
Woburn,3,1,All Others,7,President,
Woburn,3,1,No Preference,0,President,
Woburn,3,1,Blanks,3,President,
Woburn,3,1,Total Votes Cast,1528,President,
Woburn,3,2,Biden/ Harris,1087,President,
Woburn,3,2,Trump/ Pence,757,President,
Woburn,3,2,Jorgensen/ Cohen,26,President,
Woburn,3,2,Hawkins/ Walker,5,President,
Woburn,3,2,All Others,6,President,
Woburn,3,2,No Preference,0,President,
Woburn,3,2,Blanks,19,President,
Woburn,3,2,Total Votes Cast,1900,President,
Woburn,4,1,Biden/ Harris,1022,President,
Woburn,4,1,Trump/ Pence,743,President,
Woburn,4,1,Jorgensen/ Cohen,24,President,
Woburn,4,1,Hawkins/ Walker,6,President,
Woburn,4,1,All Others,3,President,
Woburn,4,1,No Preference,0,President,
Woburn,4,1,Blanks,20,President,
Woburn,4,1,Total Votes Cast,1818,President,
Woburn,4,2,Biden/ Harris,900,President,
Woburn,4,2,Trump/ Pence,502,President,
Woburn,4,2,Jorgensen/ Cohen,20,President,
Woburn,4,2,Hawkins/ Walker,9,President,
Woburn,4,2,All Others,2,President,
Woburn,4,2,No Preference,0,President,
Woburn,4,2,Blanks,15,President,
Woburn,4,2,Total Votes Cast,1448,President,
Woburn,5,1,Biden/ Harris,1257,President,
Woburn,5,1,Trump/ Pence,583,President,
Woburn,5,1,Jorgensen/ Cohen,23,President,
Woburn,5,1,Hawkins/ Walker,7,President,
Woburn,5,1,All Others,5,President,
Woburn,5,1,No Preference,0,President,
Woburn,5,1,Blanks,20,President,
Woburn,5,1,Total Votes Cast,1895,President,
Woburn,5,2,Biden/ Harris,1041,President,
Woburn,5,2,Trump/ Pence,721,President,
Woburn,5,2,Jorgensen/ Cohen,14,President,
Woburn,5,2,Hawkins/ Walker,3,President,
Woburn,5,2,All Others,4,President,
Woburn,5,2,No Preference,0,President,
Woburn,5,2,Blanks,19,President,
Woburn,5,2,Total Votes Cast,1802,President,
Woburn,6,1,Biden/ Harris,729,President,
Woburn,6,1,Trump/ Pence,359,President,
Woburn,6,1,Jorgensen/ Cohen,10,President,
Woburn,6,1,Hawkins/ Walker,2,President,
Woburn,6,1,All Others,3,President,
Woburn,6,1,No Preference,0,President,
Woburn,6,1,Blanks,8,President,
Woburn,6,1,Total Votes Cast,1111,President,
Woburn,6,2,Biden/ Harris,959,President,
Woburn,6,2,Trump/ Pence,703,President,
Woburn,6,2,Jorgensen/ Cohen,18,President,
Woburn,6,2,Hawkins/ Walker,11,President,
Woburn,6,2,All Others,2,President,
Woburn,6,2,No Preference,0,President,
Woburn,6,2,Blanks,12,President,
Woburn,6,2,Total Votes Cast,1705,President,
Woburn,7,1,Biden/ Harris,1025,President,
Woburn,7,1,Trump/ Pence,834,President,
Woburn,7,1,Jorgensen/ Cohen,24,President,
Woburn,7,1,Hawkins/ Walker,5,President,
Woburn,7,1,All Others,6,President,
Woburn,7,1,No Preference,0,President,
Woburn,7,1,Blanks,18,President,
Woburn,7,1,Total Votes Cast,1912,President,
Woburn,7,2,Biden/ Harris,1013,President,
Woburn,7,2,Trump/ Pence,745,President,
Woburn,7,2,Jorgensen/ Cohen,21,President,
Woburn,7,2,Hawkins/ Walker,6,President,
Woburn,7,2,All Others,8,President,
Woburn,7,2,No Preference,0,President,
Woburn,7,2,Blanks,15,President,
Woburn,7,2,Total Votes Cast,1808,President,
Worcester,1,1,Biden/ Harris,1523,President,
Worcester,1,1,Trump/ Pence,744,President,
Worcester,1,1,Jorgensen/ Cohen,31,President,
Worcester,1,1,Hawkins/ Walker,10,President,
Worcester,1,1,All Others,13,President,
Worcester,1,1,No Preference,0,President,
Worcester,1,1,Blanks,25,President,
Worcester,1,1,Total Votes Cast,2346,President,
Worcester,1,2,Biden/ Harris,1533,President,
Worcester,1,2,Trump/ Pence,836,President,
Worcester,1,2,Jorgensen/ Cohen,28,President,
Worcester,1,2,Hawkins/ Walker,8,President,
Worcester,1,2,All Others,9,President,
Worcester,1,2,No Preference,0,President,
Worcester,1,2,Blanks,17,President,
Worcester,1,2,Total Votes Cast,2431,President,
Worcester,1,3,Biden/ Harris,853,President,
Worcester,1,3,Trump/ Pence,408,President,
Worcester,1,3,Jorgensen/ Cohen,13,President,
Worcester,1,3,Hawkins/ Walker,6,President,
Worcester,1,3,All Others,10,President,
Worcester,1,3,No Preference,0,President,
Worcester,1,3,Blanks,7,President,
Worcester,1,3,Total Votes Cast,1297,President,
Worcester,1,4,Biden/ Harris,1702,President,
Worcester,1,4,Trump/ Pence,569,President,
Worcester,1,4,Jorgensen/ Cohen,21,President,
Worcester,1,4,Hawkins/ Walker,20,President,
Worcester,1,4,All Others,15,President,
Worcester,1,4,No Preference,0,President,
Worcester,1,4,Blanks,14,President,
Worcester,1,4,Total Votes Cast,2341,President,
Worcester,1,5,Biden/ Harris,1310,President,
Worcester,1,5,Trump/ Pence,709,President,
Worcester,1,5,Jorgensen/ Cohen,33,President,
Worcester,1,5,Hawkins/ Walker,9,President,
Worcester,1,5,All Others,13,President,
Worcester,1,5,No Preference,0,President,
Worcester,1,5,Blanks,10,President,
Worcester,1,5,Total Votes Cast,2084,President,
Worcester,10,1,Biden/ Harris,675,President,
Worcester,10,1,Trump/ Pence,244,President,
Worcester,10,1,Jorgensen/ Cohen,5,President,
Worcester,10,1,Hawkins/ Walker,7,President,
Worcester,10,1,All Others,4,President,
Worcester,10,1,No Preference,0,President,
Worcester,10,1,Blanks,9,President,
Worcester,10,1,Total Votes Cast,944,President,
Worcester,10,2,Biden/ Harris,777,President,
Worcester,10,2,Trump/ Pence,175,President,
Worcester,10,2,Jorgensen/ Cohen,17,President,
Worcester,10,2,Hawkins/ Walker,13,President,
Worcester,10,2,All Others,4,President,
Worcester,10,2,No Preference,0,President,
Worcester,10,2,Blanks,6,President,
Worcester,10,2,Total Votes Cast,992,President,
Worcester,10,3,Biden/ Harris,645,President,
Worcester,10,3,Trump/ Pence,194,President,
Worcester,10,3,Jorgensen/ Cohen,11,President,
Worcester,10,3,Hawkins/ Walker,13,President,
Worcester,10,3,All Others,5,President,
Worcester,10,3,No Preference,0,President,
Worcester,10,3,Blanks,9,President,
Worcester,10,3,Total Votes Cast,877,President,
Worcester,10,4,Biden/ Harris,525,President,
Worcester,10,4,Trump/ Pence,214,President,
Worcester,10,4,Jorgensen/ Cohen,3,President,
Worcester,10,4,Hawkins/ Walker,8,President,
Worcester,10,4,All Others,3,President,
Worcester,10,4,No Preference,0,President,
Worcester,10,4,Blanks,10,President,
Worcester,10,4,Total Votes Cast,763,President,
Worcester,10,5,Biden/ Harris,635,President,
Worcester,10,5,Trump/ Pence,245,President,
Worcester,10,5,Jorgensen/ Cohen,10,President,
Worcester,10,5,Hawkins/ Walker,3,President,
Worcester,10,5,All Others,2,President,
Worcester,10,5,No Preference,0,President,
Worcester,10,5,Blanks,5,President,
Worcester,10,5,Total Votes Cast,900,President,
Worcester,2,1,Biden/ Harris,1413,President,
Worcester,2,1,Trump/ Pence,663,President,
Worcester,2,1,Jorgensen/ Cohen,35,President,
Worcester,2,1,Hawkins/ Walker,5,President,
Worcester,2,1,All Others,10,President,
Worcester,2,1,No Preference,0,President,
Worcester,2,1,Blanks,24,President,
Worcester,2,1,Total Votes Cast,2150,President,
Worcester,2,2,Biden/ Harris,1398,President,
Worcester,2,2,Trump/ Pence,613,President,
Worcester,2,2,Jorgensen/ Cohen,40,President,
Worcester,2,2,Hawkins/ Walker,4,President,
Worcester,2,2,All Others,15,President,
Worcester,2,2,No Preference,0,President,
Worcester,2,2,Blanks,12,President,
Worcester,2,2,Total Votes Cast,2082,President,
Worcester,2,3,Biden/ Harris,1297,President,
Worcester,2,3,Trump/ Pence,590,President,
Worcester,2,3,Jorgensen/ Cohen,23,President,
Worcester,2,3,Hawkins/ Walker,9,President,
Worcester,2,3,All Others,9,President,
Worcester,2,3,No Preference,0,President,
Worcester,2,3,Blanks,9,President,
Worcester,2,3,Total Votes Cast,1937,President,
Worcester,2,4,Biden/ Harris,1202,President,
Worcester,2,4,Trump/ Pence,366,President,
Worcester,2,4,Jorgensen/ Cohen,9,President,
Worcester,2,4,Hawkins/ Walker,3,President,
Worcester,2,4,All Others,6,President,
Worcester,2,4,No Preference,0,President,
Worcester,2,4,Blanks,13,President,
Worcester,2,4,Total Votes Cast,1599,President,
Worcester,2,5,Biden/ Harris,580,President,
Worcester,2,5,Trump/ Pence,218,President,
Worcester,2,5,Jorgensen/ Cohen,11,President,
Worcester,2,5,Hawkins/ Walker,3,President,
Worcester,2,5,All Others,0,President,
Worcester,2,5,No Preference,0,President,
Worcester,2,5,Blanks,2,President,
Worcester,2,5,Total Votes Cast,814,President,
Worcester,3,1,Biden/ Harris,1077,President,
Worcester,3,1,Trump/ Pence,401,President,
Worcester,3,1,Jorgensen/ Cohen,15,President,
Worcester,3,1,Hawkins/ Walker,18,President,
Worcester,3,1,All Others,8,President,
Worcester,3,1,No Preference,0,President,
Worcester,3,1,Blanks,13,President,
Worcester,3,1,Total Votes Cast,1532,President,
Worcester,3,2,Biden/ Harris,369,President,
Worcester,3,2,Trump/ Pence,83,President,
Worcester,3,2,Jorgensen/ Cohen,11,President,
Worcester,3,2,Hawkins/ Walker,5,President,
Worcester,3,2,All Others,4,President,
Worcester,3,2,No Preference,0,President,
Worcester,3,2,Blanks,3,President,
Worcester,3,2,Total Votes Cast,475,President,
Worcester,3,3,Biden/ Harris,929,President,
Worcester,3,3,Trump/ Pence,380,President,
Worcester,3,3,Jorgensen/ Cohen,12,President,
Worcester,3,3,Hawkins/ Walker,13,President,
Worcester,3,3,All Others,6,President,
Worcester,3,3,No Preference,0,President,
Worcester,3,3,Blanks,14,President,
Worcester,3,3,Total Votes Cast,1354,President,
Worcester,3,4,Biden/ Harris,720,President,
Worcester,3,4,Trump/ Pence,258,President,
Worcester,3,4,Jorgensen/ Cohen,12,President,
Worcester,3,4,Hawkins/ Walker,10,President,
Worcester,3,4,All Others,9,President,
Worcester,3,4,No Preference,0,President,
Worcester,3,4,Blanks,19,President,
Worcester,3,4,Total Votes Cast,1028,President,
Worcester,3,5,Biden/ Harris,1099,President,
Worcester,3,5,Trump/ Pence,389,President,
Worcester,3,5,Jorgensen/ Cohen,14,President,
Worcester,3,5,Hawkins/ Walker,9,President,
Worcester,3,5,All Others,7,President,
Worcester,3,5,No Preference,0,President,
Worcester,3,5,Blanks,26,President,
Worcester,3,5,Total Votes Cast,1544,President,
Worcester,4,1,Biden/ Harris,703,President,
Worcester,4,1,Trump/ Pence,250,President,
Worcester,4,1,Jorgensen/ Cohen,7,President,
Worcester,4,1,Hawkins/ Walker,5,President,
Worcester,4,1,All Others,7,President,
Worcester,4,1,No Preference,0,President,
Worcester,4,1,Blanks,6,President,
Worcester,4,1,Total Votes Cast,978,President,
Worcester,4,2,Biden/ Harris,872,President,
Worcester,4,2,Trump/ Pence,404,President,
Worcester,4,2,Jorgensen/ Cohen,15,President,
Worcester,4,2,Hawkins/ Walker,6,President,
Worcester,4,2,All Others,4,President,
Worcester,4,2,No Preference,0,President,
Worcester,4,2,Blanks,15,President,
Worcester,4,2,Total Votes Cast,1316,President,
Worcester,4,3,Biden/ Harris,912,President,
Worcester,4,3,Trump/ Pence,255,President,
Worcester,4,3,Jorgensen/ Cohen,19,President,
Worcester,4,3,Hawkins/ Walker,13,President,
Worcester,4,3,All Others,4,President,
Worcester,4,3,No Preference,0,President,
Worcester,4,3,Blanks,13,President,
Worcester,4,3,Total Votes Cast,1216,President,
Worcester,4,4,Biden/ Harris,886,President,
Worcester,4,4,Trump/ Pence,470,President,
Worcester,4,4,Jorgensen/ Cohen,16,President,
Worcester,4,4,Hawkins/ Walker,5,President,
Worcester,4,4,All Others,5,President,
Worcester,4,4,No Preference,0,President,
Worcester,4,4,Blanks,12,President,
Worcester,4,4,Total Votes Cast,1394,President,
Worcester,4,5,Biden/ Harris,1144,President,
Worcester,4,5,Trump/ Pence,492,President,
Worcester,4,5,Jorgensen/ Cohen,18,President,
Worcester,4,5,Hawkins/ Walker,15,President,
Worcester,4,5,All Others,5,President,
Worcester,4,5,No Preference,0,President,
Worcester,4,5,Blanks,11,President,
Worcester,4,5,Total Votes Cast,1685,President,
Worcester,5,1,Biden/ Harris,877,President,
Worcester,5,1,Trump/ Pence,312,President,
Worcester,5,1,Jorgensen/ Cohen,13,President,
Worcester,5,1,Hawkins/ Walker,5,President,
Worcester,5,1,All Others,2,President,
Worcester,5,1,No Preference,0,President,
Worcester,5,1,Blanks,9,President,
Worcester,5,1,Total Votes Cast,1218,President,
Worcester,5,2,Biden/ Harris,1103,President,
Worcester,5,2,Trump/ Pence,577,President,
Worcester,5,2,Jorgensen/ Cohen,20,President,
Worcester,5,2,Hawkins/ Walker,7,President,
Worcester,5,2,All Others,6,President,
Worcester,5,2,No Preference,0,President,
Worcester,5,2,Blanks,21,President,
Worcester,5,2,Total Votes Cast,1734,President,
Worcester,5,3,Biden/ Harris,1268,President,
Worcester,5,3,Trump/ Pence,798,President,
Worcester,5,3,Jorgensen/ Cohen,30,President,
Worcester,5,3,Hawkins/ Walker,6,President,
Worcester,5,3,All Others,2,President,
Worcester,5,3,No Preference,0,President,
Worcester,5,3,Blanks,12,President,
Worcester,5,3,Total Votes Cast,2116,President,
Worcester,5,4,Biden/ Harris,1162,President,
Worcester,5,4,Trump/ Pence,591,President,
Worcester,5,4,Jorgensen/ Cohen,22,President,
Worcester,5,4,Hawkins/ Walker,15,President,
Worcester,5,4,All Others,7,President,
Worcester,5,4,No Preference,0,President,
Worcester,5,4,Blanks,10,President,
Worcester,5,4,Total Votes Cast,1807,President,
Worcester,5,5,Biden/ Harris,1050,President,
Worcester,5,5,Trump/ Pence,660,President,
Worcester,5,5,Jorgensen/ Cohen,26,President,
Worcester,5,5,Hawkins/ Walker,15,President,
Worcester,5,5,All Others,10,President,
Worcester,5,5,No Preference,0,President,
Worcester,5,5,Blanks,19,President,
Worcester,5,5,Total Votes Cast,1780,President,
Worcester,6,1,Biden/ Harris,625,President,
Worcester,6,1,Trump/ Pence,188,President,
Worcester,6,1,Jorgensen/ Cohen,7,President,
Worcester,6,1,Hawkins/ Walker,11,President,
Worcester,6,1,All Others,4,President,
Worcester,6,1,No Preference,0,President,
Worcester,6,1,Blanks,6,President,
Worcester,6,1,Total Votes Cast,841,President,
Worcester,6,2,Biden/ Harris,816,President,
Worcester,6,2,Trump/ Pence,331,President,
Worcester,6,2,Jorgensen/ Cohen,9,President,
Worcester,6,2,Hawkins/ Walker,8,President,
Worcester,6,2,All Others,4,President,
Worcester,6,2,No Preference,0,President,
Worcester,6,2,Blanks,12,President,
Worcester,6,2,Total Votes Cast,1180,President,
Worcester,6,3,Biden/ Harris,831,President,
Worcester,6,3,Trump/ Pence,335,President,
Worcester,6,3,Jorgensen/ Cohen,18,President,
Worcester,6,3,Hawkins/ Walker,6,President,
Worcester,6,3,All Others,4,President,
Worcester,6,3,No Preference,0,President,
Worcester,6,3,Blanks,4,President,
Worcester,6,3,Total Votes Cast,1198,President,
Worcester,6,4,Biden/ Harris,375,President,
Worcester,6,4,Trump/ Pence,182,President,
Worcester,6,4,Jorgensen/ Cohen,11,President,
Worcester,6,4,Hawkins/ Walker,3,President,
Worcester,6,4,All Others,4,President,
Worcester,6,4,No Preference,0,President,
Worcester,6,4,Blanks,3,President,
Worcester,6,4,Total Votes Cast,578,President,
Worcester,6,5,Biden/ Harris,992,President,
Worcester,6,5,Trump/ Pence,544,President,
Worcester,6,5,Jorgensen/ Cohen,16,President,
Worcester,6,5,Hawkins/ Walker,4,President,
Worcester,6,5,All Others,4,President,
Worcester,6,5,No Preference,0,President,
Worcester,6,5,Blanks,15,President,
Worcester,6,5,Total Votes Cast,1575,President,
Worcester,7,1,Biden/ Harris,1160,President,
Worcester,7,1,Trump/ Pence,482,President,
Worcester,7,1,Jorgensen/ Cohen,11,President,
Worcester,7,1,Hawkins/ Walker,14,President,
Worcester,7,1,All Others,9,President,
Worcester,7,1,No Preference,0,President,
Worcester,7,1,Blanks,18,President,
Worcester,7,1,Total Votes Cast,1694,President,
Worcester,7,2,Biden/ Harris,782,President,
Worcester,7,2,Trump/ Pence,376,President,
Worcester,7,2,Jorgensen/ Cohen,12,President,
Worcester,7,2,Hawkins/ Walker,5,President,
Worcester,7,2,All Others,6,President,
Worcester,7,2,No Preference,0,President,
Worcester,7,2,Blanks,13,President,
Worcester,7,2,Total Votes Cast,1194,President,
Worcester,7,3,Biden/ Harris,1118,President,
Worcester,7,3,Trump/ Pence,529,President,
Worcester,7,3,Jorgensen/ Cohen,18,President,
Worcester,7,3,Hawkins/ Walker,9,President,
Worcester,7,3,All Others,7,President,
Worcester,7,3,No Preference,0,President,
Worcester,7,3,Blanks,22,President,
Worcester,7,3,Total Votes Cast,1703,President,
Worcester,7,4,Biden/ Harris,996,President,
Worcester,7,4,Trump/ Pence,553,President,
Worcester,7,4,Jorgensen/ Cohen,24,President,
Worcester,7,4,Hawkins/ Walker,12,President,
Worcester,7,4,All Others,8,President,
Worcester,7,4,No Preference,0,President,
Worcester,7,4,Blanks,7,President,
Worcester,7,4,Total Votes Cast,1600,President,
Worcester,7,5,Biden/ Harris,1038,President,
Worcester,7,5,Trump/ Pence,650,President,
Worcester,7,5,Jorgensen/ Cohen,23,President,
Worcester,7,5,Hawkins/ Walker,13,President,
Worcester,7,5,All Others,11,President,
Worcester,7,5,No Preference,0,President,
Worcester,7,5,Blanks,10,President,
Worcester,7,5,Total Votes Cast,1745,President,
Worcester,8,1,Biden/ Harris,571,President,
Worcester,8,1,Trump/ Pence,255,President,
Worcester,8,1,Jorgensen/ Cohen,5,President,
Worcester,8,1,Hawkins/ Walker,9,President,
Worcester,8,1,All Others,4,President,
Worcester,8,1,No Preference,0,President,
Worcester,8,1,Blanks,10,President,
Worcester,8,1,Total Votes Cast,854,President,
Worcester,8,2,Biden/ Harris,553,President,
Worcester,8,2,Trump/ Pence,240,President,
Worcester,8,2,Jorgensen/ Cohen,5,President,
Worcester,8,2,Hawkins/ Walker,6,President,
Worcester,8,2,All Others,1,President,
Worcester,8,2,No Preference,0,President,
Worcester,8,2,Blanks,4,President,
Worcester,8,2,Total Votes Cast,809,President,
Worcester,8,3,Biden/ Harris,478,President,
Worcester,8,3,Trump/ Pence,107,President,
Worcester,8,3,Jorgensen/ Cohen,7,President,
Worcester,8,3,Hawkins/ Walker,9,President,
Worcester,8,3,All Others,2,President,
Worcester,8,3,No Preference,0,President,
Worcester,8,3,Blanks,4,President,
Worcester,8,3,Total Votes Cast,607,President,
Worcester,8,4,Biden/ Harris,715,President,
Worcester,8,4,Trump/ Pence,301,President,
Worcester,8,4,Jorgensen/ Cohen,7,President,
Worcester,8,4,Hawkins/ Walker,7,President,
Worcester,8,4,All Others,3,President,
Worcester,8,4,No Preference,0,President,
Worcester,8,4,Blanks,16,President,
Worcester,8,4,Total Votes Cast,1049,President,
Worcester,8,5,Biden/ Harris,688,President,
Worcester,8,5,Trump/ Pence,308,President,
Worcester,8,5,Jorgensen/ Cohen,15,President,
Worcester,8,5,Hawkins/ Walker,6,President,
Worcester,8,5,All Others,2,President,
Worcester,8,5,No Preference,0,President,
Worcester,8,5,Blanks,8,President,
Worcester,8,5,Total Votes Cast,1027,President,
Worcester,9,1,Biden/ Harris,1281,President,
Worcester,9,1,Trump/ Pence,427,President,
Worcester,9,1,Jorgensen/ Cohen,23,President,
Worcester,9,1,Hawkins/ Walker,17,President,
Worcester,9,1,All Others,6,President,
Worcester,9,1,No Preference,0,President,
Worcester,9,1,Blanks,17,President,
Worcester,9,1,Total Votes Cast,1771,President,
Worcester,9,2,Biden/ Harris,1512,President,
Worcester,9,2,Trump/ Pence,490,President,
Worcester,9,2,Jorgensen/ Cohen,22,President,
Worcester,9,2,Hawkins/ Walker,16,President,
Worcester,9,2,All Others,16,President,
Worcester,9,2,No Preference,0,President,
Worcester,9,2,Blanks,24,President,
Worcester,9,2,Total Votes Cast,2080,President,
Worcester,9,3,Biden/ Harris,1008,President,
Worcester,9,3,Trump/ Pence,476,President,
Worcester,9,3,Jorgensen/ Cohen,12,President,
Worcester,9,3,Hawkins/ Walker,8,President,
Worcester,9,3,All Others,5,President,
Worcester,9,3,No Preference,0,President,
Worcester,9,3,Blanks,13,President,
Worcester,9,3,Total Votes Cast,1522,President,
Worcester,9,4,Biden/ Harris,1393,President,
Worcester,9,4,Trump/ Pence,633,President,
Worcester,9,4,Jorgensen/ Cohen,18,President,
Worcester,9,4,Hawkins/ Walker,15,President,
Worcester,9,4,All Others,8,President,
Worcester,9,4,No Preference,0,President,
Worcester,9,4,Blanks,26,President,
Worcester,9,4,Total Votes Cast,2093,President,
Worcester,9,5,Biden/ Harris,1413,President,
Worcester,9,5,Trump/ Pence,654,President,
Worcester,9,5,Jorgensen/ Cohen,27,President,
Worcester,9,5,Hawkins/ Walker,13,President,
Worcester,9,5,All Others,16,President,
Worcester,9,5,No Preference,0,President,
Worcester,9,5,Blanks,19,President,
Worcester,9,5,Total Votes Cast,2142,President,
Worthington,-,1,Biden/ Harris,571,President,
Worthington,-,1,Trump/ Pence,271,President,
Worthington,-,1,Jorgensen/ Cohen,17,President,
Worthington,-,1,Hawkins/ Walker,9,President,
Worthington,-,1,All Others,2,President,
Worthington,-,1,No Preference,0,President,
Worthington,-,1,Blanks,6,President,
Worthington,-,1,Total Votes Cast,876,President,
Wrentham,-,1,Biden/ Harris,1426,President,
Wrentham,-,1,Trump/ Pence,1140,President,
Wrentham,-,1,Jorgensen/ Cohen,36,President,
Wrentham,-,1,Hawkins/ Walker,13,President,
Wrentham,-,1,All Others,21,President,
Wrentham,-,1,No Preference,0,President,
Wrentham,-,1,Blanks,13,President,
Wrentham,-,1,Total Votes Cast,2649,President,
Wrentham,-,2,Biden/ Harris,1352,President,
Wrentham,-,2,Trump/ Pence,1128,President,
Wrentham,-,2,Jorgensen/ Cohen,48,President,
Wrentham,-,2,Hawkins/ Walker,11,President,
Wrentham,-,2,All Others,34,President,
Wrentham,-,2,No Preference,0,President,
Wrentham,-,2,Blanks,16,President,
Wrentham,-,2,Total Votes Cast,2589,President,
Wrentham,-,3,Biden/ Harris,1469,President,
Wrentham,-,3,Trump/ Pence,1051,President,
Wrentham,-,3,Jorgensen/ Cohen,48,President,
Wrentham,-,3,Hawkins/ Walker,10,President,
Wrentham,-,3,All Others,20,President,
Wrentham,-,3,No Preference,0,President,
Wrentham,-,3,Blanks,21,President,
Wrentham,-,3,Total Votes Cast,2619,President,
Yarmouth,-,1,Biden/ Harris,1488,President,
Yarmouth,-,1,Trump/ Pence,884,President,
Yarmouth,-,1,Jorgensen/ Cohen,28,President,
Yarmouth,-,1,Hawkins/ Walker,6,President,
Yarmouth,-,1,All Others,8,President,
Yarmouth,-,1,No Preference,0,President,
Yarmouth,-,1,Blanks,14,President,
Yarmouth,-,1,Total Votes Cast,2428,President,
Yarmouth,-,2,Biden/ Harris,1455,President,
Yarmouth,-,2,Trump/ Pence,905,President,
Yarmouth,-,2,Jorgensen/ Cohen,32,President,
Yarmouth,-,2,Hawkins/ Walker,5,President,
Yarmouth,-,2,All Others,5,President,
Yarmouth,-,2,No Preference,0,President,
Yarmouth,-,2,Blanks,15,President,
Yarmouth,-,2,Total Votes Cast,2417,President,
Yarmouth,-,3,Biden/ Harris,1145,President,
Yarmouth,-,3,Trump/ Pence,672,President,
Yarmouth,-,3,Jorgensen/ Cohen,29,President,
Yarmouth,-,3,Hawkins/ Walker,13,President,
Yarmouth,-,3,All Others,9,President,
Yarmouth,-,3,No Preference,0,President,
Yarmouth,-,3,Blanks,8,President,
Yarmouth,-,3,Total Votes Cast,1876,President,
Yarmouth,-,4,Biden/ Harris,1220,President,
Yarmouth,-,4,Trump/ Pence,867,President,
Yarmouth,-,4,Jorgensen/ Cohen,22,President,
Yarmouth,-,4,Hawkins/ Walker,19,President,
Yarmouth,-,4,All Others,6,President,
Yarmouth,-,4,No Preference,0,President,
Yarmouth,-,4,Blanks,14,President,
Yarmouth,-,4,Total Votes Cast,2148,President,
Yarmouth,-,5,Biden/ Harris,1100,President,
Yarmouth,-,5,Trump/ Pence,848,President,
Yarmouth,-,5,Jorgensen/ Cohen,28,President,
Yarmouth,-,5,Hawkins/ Walker,8,President,
Yarmouth,-,5,All Others,1,President,
Yarmouth,-,5,No Preference,0,President,
Yarmouth,-,5,Blanks,19,President,
Yarmouth,-,5,Total Votes Cast,2004,President,
Yarmouth,-,6,Biden/ Harris,1145,President,
Yarmouth,-,6,Trump/ Pence,758,President,
Yarmouth,-,6,Jorgensen/ Cohen,16,President,
Yarmouth,-,6,Hawkins/ Walker,11,President,
Yarmouth,-,6,All Others,11,President,
Yarmouth,-,6,No Preference,0,President,
Yarmouth,-,6,Blanks,18,President,
Yarmouth,-,6,Total Votes Cast,1959,President,
Yarmouth,-,7,Biden/ Harris,1596,President,
Yarmouth,-,7,Trump/ Pence,1059,President,
Yarmouth,-,7,Jorgensen/ Cohen,35,President,
Yarmouth,-,7,Hawkins/ Walker,7,President,
Yarmouth,-,7,All Others,11,President,
Yarmouth,-,7,No Preference,0,President,
Yarmouth,-,7,Blanks,22,President,
Yarmouth,-,7,Total Votes Cast,2730,President,
