city_town,ward,precinct,receiver,votes,office,district
Abington,-,1,Alyson M. Sullivan,843,State Representative,Seventh Plymouth
Abington,-,1,Brandon J. Griffin,270,State Representative,Seventh Plymouth
Abington,-,1,All Others,2,State Representative,Seventh Plymouth
Abington,-,1,Blanks,94,State Representative,Seventh Plymouth
Abington,-,1,Total Votes Cast,1209,State Representative,Seventh Plymouth
Abington,-,2,Alyson M. Sullivan,847,State Representative,Seventh Plymouth
Abington,-,2,Brandon J. Griffin,275,State Representative,Seventh Plymouth
Abington,-,2,All Others,2,State Representative,Seventh Plymouth
Abington,-,2,Blanks,109,State Representative,Seventh Plymouth
Abington,-,2,Total Votes Cast,1233,State Representative,Seventh Plymouth
Abington,-,3,Alyson M. Sullivan,984,State Representative,Seventh Plymouth
Abington,-,3,Brandon J. Griffin,284,State Representative,Seventh Plymouth
Abington,-,3,All Others,0,State Representative,Seventh Plymouth
Abington,-,3,Blanks,104,State Representative,Seventh Plymouth
Abington,-,3,Total Votes Cast,1372,State Representative,Seventh Plymouth
Abington,-,4,Alyson M. Sullivan,1040,State Representative,Seventh Plymouth
Abington,-,4,Brandon J. Griffin,249,State Representative,Seventh Plymouth
Abington,-,4,All Others,3,State Representative,Seventh Plymouth
Abington,-,4,Blanks,112,State Representative,Seventh Plymouth
Abington,-,4,Total Votes Cast,1404,State Representative,Seventh Plymouth
Abington,-,5,Alyson M. Sullivan,1000,State Representative,Seventh Plymouth
Abington,-,5,Brandon J. Griffin,296,State Representative,Seventh Plymouth
Abington,-,5,All Others,1,State Representative,Seventh Plymouth
Abington,-,5,Blanks,121,State Representative,Seventh Plymouth
Abington,-,5,Total Votes Cast,1418,State Representative,Seventh Plymouth
Acton,-,1,Simon Cataldo,785,State Representative,Fourteenth Middlesex
Acton,-,1,Rodney E. Cleaves,256,State Representative,Fourteenth Middlesex
Acton,-,1,All Others,2,State Representative,Fourteenth Middlesex
Acton,-,1,Blanks,29,State Representative,Fourteenth Middlesex
Acton,-,1,Total Votes Cast,1072,State Representative,Fourteenth Middlesex
Acton,-,2,Simon Cataldo,1198,State Representative,Fourteenth Middlesex
Acton,-,2,Rodney E. Cleaves,329,State Representative,Fourteenth Middlesex
Acton,-,2,All Others,1,State Representative,Fourteenth Middlesex
Acton,-,2,Blanks,44,State Representative,Fourteenth Middlesex
Acton,-,2,Total Votes Cast,1572,State Representative,Fourteenth Middlesex
Acton,-,3,Danillo A. Sena,1438,State Representative,Thirty-Seventh Middlesex
Acton,-,3,All Others,10,State Representative,Thirty-Seventh Middlesex
Acton,-,3,Blanks,335,State Representative,Thirty-Seventh Middlesex
Acton,-,3,Total Votes Cast,1783,State Representative,Thirty-Seventh Middlesex
Acton,-,4,Danillo A. Sena,1286,State Representative,Thirty-Seventh Middlesex
Acton,-,4,All Others,6,State Representative,Thirty-Seventh Middlesex
Acton,-,4,Blanks,289,State Representative,Thirty-Seventh Middlesex
Acton,-,4,Total Votes Cast,1581,State Representative,Thirty-Seventh Middlesex
Acton,-,5,Danillo A. Sena,1274,State Representative,Thirty-Seventh Middlesex
Acton,-,5,All Others,7,State Representative,Thirty-Seventh Middlesex
Acton,-,5,Blanks,290,State Representative,Thirty-Seventh Middlesex
Acton,-,5,Total Votes Cast,1571,State Representative,Thirty-Seventh Middlesex
Acton,-,6,Simon Cataldo,837,State Representative,Fourteenth Middlesex
Acton,-,6,Rodney E. Cleaves,206,State Representative,Fourteenth Middlesex
Acton,-,6,All Others,7,State Representative,Fourteenth Middlesex
Acton,-,6,Blanks,40,State Representative,Fourteenth Middlesex
Acton,-,6,Total Votes Cast,1090,State Representative,Fourteenth Middlesex
Acton,-,6A,Danillo A. Sena,390,State Representative,Thirty-Seventh Middlesex
Acton,-,6A,All Others,3,State Representative,Thirty-Seventh Middlesex
Acton,-,6A,Blanks,74,State Representative,Thirty-Seventh Middlesex
Acton,-,6A,Total Votes Cast,467,State Representative,Thirty-Seventh Middlesex
Acton,-,7,Simon Cataldo,910,State Representative,Fourteenth Middlesex
Acton,-,7,Rodney E. Cleaves,265,State Representative,Fourteenth Middlesex
Acton,-,7,All Others,0,State Representative,Fourteenth Middlesex
Acton,-,7,Blanks,49,State Representative,Fourteenth Middlesex
Acton,-,7,Total Votes Cast,1224,State Representative,Fourteenth Middlesex
Acushnet,-,1,William M. Straus,594,State Representative,Tenth Bristol
Acushnet,-,1,Jeffrey Gerald Swift,625,State Representative,Tenth Bristol
Acushnet,-,1,All Others,0,State Representative,Tenth Bristol
Acushnet,-,1,Blanks,29,State Representative,Tenth Bristol
Acushnet,-,1,Total Votes Cast,1248,State Representative,Tenth Bristol
Acushnet,-,2,"Paul Schmid, III",537,State Representative,Eighth Bristol
Acushnet,-,2,Evan Gendreau,687,State Representative,Eighth Bristol
Acushnet,-,2,All Others,4,State Representative,Eighth Bristol
Acushnet,-,2,Blanks,41,State Representative,Eighth Bristol
Acushnet,-,2,Total Votes Cast,1269,State Representative,Eighth Bristol
Acushnet,-,2A,William M. Straus,66,State Representative,Tenth Bristol
Acushnet,-,2A,Jeffrey Gerald Swift,70,State Representative,Tenth Bristol
Acushnet,-,2A,All Others,0,State Representative,Tenth Bristol
Acushnet,-,2A,Blanks,1,State Representative,Tenth Bristol
Acushnet,-,2A,Total Votes Cast,137,State Representative,Tenth Bristol
Acushnet,-,3,"Paul Schmid, III",659,State Representative,Eighth Bristol
Acushnet,-,3,Evan Gendreau,800,State Representative,Eighth Bristol
Acushnet,-,3,All Others,2,State Representative,Eighth Bristol
Acushnet,-,3,Blanks,43,State Representative,Eighth Bristol
Acushnet,-,3,Total Votes Cast,1504,State Representative,Eighth Bristol
Adams,-,1,"John P. Barrett, III",410,State Representative,First Berkshire
Adams,-,1,All Others,2,State Representative,First Berkshire
Adams,-,1,Blanks,62,State Representative,First Berkshire
Adams,-,1,Total Votes Cast,474,State Representative,First Berkshire
Adams,-,2,"John P. Barrett, III",532,State Representative,First Berkshire
Adams,-,2,All Others,9,State Representative,First Berkshire
Adams,-,2,Blanks,93,State Representative,First Berkshire
Adams,-,2,Total Votes Cast,634,State Representative,First Berkshire
Adams,-,3,"John P. Barrett, III",478,State Representative,First Berkshire
Adams,-,3,All Others,1,State Representative,First Berkshire
Adams,-,3,Blanks,108,State Representative,First Berkshire
Adams,-,3,Total Votes Cast,587,State Representative,First Berkshire
Adams,-,4,"John P. Barrett, III",438,State Representative,First Berkshire
Adams,-,4,All Others,0,State Representative,First Berkshire
Adams,-,4,Blanks,80,State Representative,First Berkshire
Adams,-,4,Total Votes Cast,518,State Representative,First Berkshire
Adams,-,5,"John P. Barrett, III",600,State Representative,First Berkshire
Adams,-,5,All Others,9,State Representative,First Berkshire
Adams,-,5,Blanks,86,State Representative,First Berkshire
Adams,-,5,Total Votes Cast,695,State Representative,First Berkshire
Agawam,-,2,Nicholas A. Boldyga,900,State Representative,Third Hampden
Agawam,-,2,Anthony J. Russo,691,State Representative,Third Hampden
Agawam,-,2,All Others,0,State Representative,Third Hampden
Agawam,-,2,Blanks,41,State Representative,Third Hampden
Agawam,-,2,Total Votes Cast,1632,State Representative,Third Hampden
Agawam,-,3,Nicholas A. Boldyga,685,State Representative,Third Hampden
Agawam,-,3,Anthony J. Russo,563,State Representative,Third Hampden
Agawam,-,3,All Others,0,State Representative,Third Hampden
Agawam,-,3,Blanks,24,State Representative,Third Hampden
Agawam,-,3,Total Votes Cast,1272,State Representative,Third Hampden
Agawam,-,4,Nicholas A. Boldyga,599,State Representative,Third Hampden
Agawam,-,4,Anthony J. Russo,496,State Representative,Third Hampden
Agawam,-,4,All Others,1,State Representative,Third Hampden
Agawam,-,4,Blanks,29,State Representative,Third Hampden
Agawam,-,4,Total Votes Cast,1125,State Representative,Third Hampden
Agawam,-,5,Nicholas A. Boldyga,845,State Representative,Third Hampden
Agawam,-,5,Anthony J. Russo,743,State Representative,Third Hampden
Agawam,-,5,All Others,0,State Representative,Third Hampden
Agawam,-,5,Blanks,36,State Representative,Third Hampden
Agawam,-,5,Total Votes Cast,1624,State Representative,Third Hampden
Agawam,-,6,Nicholas A. Boldyga,788,State Representative,Third Hampden
Agawam,-,6,Anthony J. Russo,590,State Representative,Third Hampden
Agawam,-,6,All Others,0,State Representative,Third Hampden
Agawam,-,6,Blanks,34,State Representative,Third Hampden
Agawam,-,6,Total Votes Cast,1412,State Representative,Third Hampden
Agawam,-,7,Nicholas A. Boldyga,979,State Representative,Third Hampden
Agawam,-,7,Anthony J. Russo,612,State Representative,Third Hampden
Agawam,-,7,All Others,1,State Representative,Third Hampden
Agawam,-,7,Blanks,35,State Representative,Third Hampden
Agawam,-,7,Total Votes Cast,1627,State Representative,Third Hampden
Agawam,-,8,Nicholas A. Boldyga,860,State Representative,Third Hampden
Agawam,-,8,Anthony J. Russo,660,State Representative,Third Hampden
Agawam,-,8,All Others,0,State Representative,Third Hampden
Agawam,-,8,Blanks,23,State Representative,Third Hampden
Agawam,-,8,Total Votes Cast,1543,State Representative,Third Hampden
Agawam,,,Michael J. Finn,792,State Representative,Sixth Hampden
Agawam,,,All Others,29,State Representative,Sixth Hampden
Agawam,,,Blanks,345,State Representative,Sixth Hampden
Agawam,,,Total Votes Cast,1166,State Representative,Sixth Hampden
Alford,,,"William ""Smitty"" Pignatelli",230,State Representative,Third Berkshire
Alford,,,Michael Silvio Lavery,14,State Representative,Third Berkshire
Alford,,,All Others,0,State Representative,Third Berkshire
Alford,,,Blanks,28,State Representative,Third Berkshire
Alford,,,Total Votes Cast,272,State Representative,Third Berkshire
Amesbury,-,1,Adrianne Ramos,906,State Representative,Fourteenth Essex
Amesbury,-,1,Joseph G. Finn,597,State Representative,Fourteenth Essex
Amesbury,-,1,All Others,0,State Representative,Fourteenth Essex
Amesbury,-,1,Blanks,76,State Representative,Fourteenth Essex
Amesbury,-,1,Total Votes Cast,1579,State Representative,Fourteenth Essex
Amesbury,-,2,Dawne F. Shand,770,State Representative,First Essex
Amesbury,-,2,Cj Fitzwater,409,State Representative,First Essex
Amesbury,-,2,All Others,0,State Representative,First Essex
Amesbury,-,2,Blanks,48,State Representative,First Essex
Amesbury,-,2,Total Votes Cast,1227,State Representative,First Essex
Amesbury,-,3,Dawne F. Shand,890,State Representative,First Essex
Amesbury,-,3,Cj Fitzwater,473,State Representative,First Essex
Amesbury,-,3,All Others,0,State Representative,First Essex
Amesbury,-,3,Blanks,49,State Representative,First Essex
Amesbury,-,3,Total Votes Cast,1412,State Representative,First Essex
Amesbury,-,4,Dawne F. Shand,586,State Representative,First Essex
Amesbury,-,4,Cj Fitzwater,386,State Representative,First Essex
Amesbury,-,4,All Others,3,State Representative,First Essex
Amesbury,-,4,Blanks,39,State Representative,First Essex
Amesbury,-,4,Total Votes Cast,1014,State Representative,First Essex
Amesbury,-,5,Dawne F. Shand,683,State Representative,First Essex
Amesbury,-,5,Cj Fitzwater,605,State Representative,First Essex
Amesbury,-,5,All Others,1,State Representative,First Essex
Amesbury,-,5,Blanks,55,State Representative,First Essex
Amesbury,-,5,Total Votes Cast,1344,State Representative,First Essex
Amesbury,-,6,Adrianne Ramos,651,State Representative,Fourteenth Essex
Amesbury,-,6,Joseph G. Finn,378,State Representative,Fourteenth Essex
Amesbury,-,6,All Others,2,State Representative,Fourteenth Essex
Amesbury,-,6,Blanks,31,State Representative,Fourteenth Essex
Amesbury,-,6,Total Votes Cast,1062,State Representative,Fourteenth Essex
Amherst,-,1A,Mindy Domb,646,State Representative,Third Hampshire
Amherst,-,1A,All Others,6,State Representative,Third Hampshire
Amherst,-,1A,Blanks,69,State Representative,Third Hampshire
Amherst,-,1A,Total Votes Cast,721,State Representative,Third Hampshire
Amherst,-,1B,Mindy Domb,370,State Representative,Third Hampshire
Amherst,-,1B,All Others,6,State Representative,Third Hampshire
Amherst,-,1B,Blanks,28,State Representative,Third Hampshire
Amherst,-,1B,Total Votes Cast,404,State Representative,Third Hampshire
Amherst,-,2A,Mindy Domb,437,State Representative,Third Hampshire
Amherst,-,2A,All Others,0,State Representative,Third Hampshire
Amherst,-,2A,Blanks,44,State Representative,Third Hampshire
Amherst,-,2A,Total Votes Cast,481,State Representative,Third Hampshire
Amherst,-,2B,Mindy Domb,1209,State Representative,Third Hampshire
Amherst,-,2B,All Others,9,State Representative,Third Hampshire
Amherst,-,2B,Blanks,139,State Representative,Third Hampshire
Amherst,-,2B,Total Votes Cast,1357,State Representative,Third Hampshire
Amherst,-,3A,Mindy Domb,390,State Representative,Third Hampshire
Amherst,-,3A,All Others,3,State Representative,Third Hampshire
Amherst,-,3A,Blanks,61,State Representative,Third Hampshire
Amherst,-,3A,Total Votes Cast,454,State Representative,Third Hampshire
Amherst,-,3B,Mindy Domb,1093,State Representative,Third Hampshire
Amherst,-,3B,All Others,13,State Representative,Third Hampshire
Amherst,-,3B,Blanks,123,State Representative,Third Hampshire
Amherst,-,3B,Total Votes Cast,1229,State Representative,Third Hampshire
Amherst,-,4A,Mindy Domb,578,State Representative,Third Hampshire
Amherst,-,4A,All Others,5,State Representative,Third Hampshire
Amherst,-,4A,Blanks,55,State Representative,Third Hampshire
Amherst,-,4A,Total Votes Cast,638,State Representative,Third Hampshire
Amherst,-,4B,Mindy Domb,353,State Representative,Third Hampshire
Amherst,-,4B,All Others,5,State Representative,Third Hampshire
Amherst,-,4B,Blanks,30,State Representative,Third Hampshire
Amherst,-,4B,Total Votes Cast,388,State Representative,Third Hampshire
Amherst,-,5A,Mindy Domb,416,State Representative,Third Hampshire
Amherst,-,5A,All Others,5,State Representative,Third Hampshire
Amherst,-,5A,Blanks,52,State Representative,Third Hampshire
Amherst,-,5A,Total Votes Cast,473,State Representative,Third Hampshire
Amherst,-,5B,Mindy Domb,1831,State Representative,Third Hampshire
Amherst,-,5B,All Others,14,State Representative,Third Hampshire
Amherst,-,5B,Blanks,170,State Representative,Third Hampshire
Amherst,-,5B,Total Votes Cast,2015,State Representative,Third Hampshire
Andover,-,1,Tram T. Nguyen,794,State Representative,Eighteenth Essex
Andover,-,1,Jeffrey Peter Dufour,288,State Representative,Eighteenth Essex
Andover,-,1,All Others,0,State Representative,Eighteenth Essex
Andover,-,1,Blanks,21,State Representative,Eighteenth Essex
Andover,-,1,Total Votes Cast,1103,State Representative,Eighteenth Essex
Andover,-,10,Tram T. Nguyen,1075,State Representative,Eighteenth Essex
Andover,-,10,Jeffrey Peter Dufour,590,State Representative,Eighteenth Essex
Andover,-,10,All Others,2,State Representative,Eighteenth Essex
Andover,-,10,Blanks,45,State Representative,Eighteenth Essex
Andover,-,10,Total Votes Cast,1712,State Representative,Eighteenth Essex
Andover,-,2,Frank A. Moran,1127,State Representative,Seventeenth Essex
Andover,-,2,All Others,32,State Representative,Seventeenth Essex
Andover,-,2,Blanks,424,State Representative,Seventeenth Essex
Andover,-,2,Total Votes Cast,1583,State Representative,Seventeenth Essex
Andover,-,3,Frank A. Moran,1346,State Representative,Seventeenth Essex
Andover,-,3,All Others,19,State Representative,Seventeenth Essex
Andover,-,3,Blanks,438,State Representative,Seventeenth Essex
Andover,-,3,Total Votes Cast,1803,State Representative,Seventeenth Essex
Andover,-,4,Frank A. Moran,693,State Representative,Seventeenth Essex
Andover,-,4,All Others,12,State Representative,Seventeenth Essex
Andover,-,4,Blanks,290,State Representative,Seventeenth Essex
Andover,-,4,Total Votes Cast,995,State Representative,Seventeenth Essex
Andover,-,4A,Tram T. Nguyen,281,State Representative,Eighteenth Essex
Andover,-,4A,Jeffrey Peter Dufour,152,State Representative,Eighteenth Essex
Andover,-,4A,All Others,2,State Representative,Eighteenth Essex
Andover,-,4A,Blanks,21,State Representative,Eighteenth Essex
Andover,-,4A,Total Votes Cast,456,State Representative,Eighteenth Essex
Andover,-,5,Tram T. Nguyen,995,State Representative,Eighteenth Essex
Andover,-,5,Jeffrey Peter Dufour,594,State Representative,Eighteenth Essex
Andover,-,5,All Others,1,State Representative,Eighteenth Essex
Andover,-,5,Blanks,36,State Representative,Eighteenth Essex
Andover,-,5,Total Votes Cast,1626,State Representative,Eighteenth Essex
Andover,-,6,Tram T. Nguyen,915,State Representative,Eighteenth Essex
Andover,-,6,Jeffrey Peter Dufour,574,State Representative,Eighteenth Essex
Andover,-,6,All Others,1,State Representative,Eighteenth Essex
Andover,-,6,Blanks,33,State Representative,Eighteenth Essex
Andover,-,6,Total Votes Cast,1523,State Representative,Eighteenth Essex
Andover,-,7,Tram T. Nguyen,1078,State Representative,Eighteenth Essex
Andover,-,7,Jeffrey Peter Dufour,627,State Representative,Eighteenth Essex
Andover,-,7,All Others,0,State Representative,Eighteenth Essex
Andover,-,7,Blanks,30,State Representative,Eighteenth Essex
Andover,-,7,Total Votes Cast,1735,State Representative,Eighteenth Essex
Andover,-,8,Tram T. Nguyen,1155,State Representative,Eighteenth Essex
Andover,-,8,Jeffrey Peter Dufour,538,State Representative,Eighteenth Essex
Andover,-,8,All Others,3,State Representative,Eighteenth Essex
Andover,-,8,Blanks,37,State Representative,Eighteenth Essex
Andover,-,8,Total Votes Cast,1733,State Representative,Eighteenth Essex
Andover,-,9,Tram T. Nguyen,971,State Representative,Eighteenth Essex
Andover,-,9,Jeffrey Peter Dufour,528,State Representative,Eighteenth Essex
Andover,-,9,All Others,3,State Representative,Eighteenth Essex
Andover,-,9,Blanks,25,State Representative,Eighteenth Essex
Andover,-,9,Total Votes Cast,1527,State Representative,Eighteenth Essex
Aquinnah,,,Dylan A. Fernandes,221,State Representative,"Barnstable, Dukes and Nantucket"
Aquinnah,,,All Others,0,State Representative,"Barnstable, Dukes and Nantucket"
Aquinnah,,,Blanks,42,State Representative,"Barnstable, Dukes and Nantucket"
Aquinnah,,,Total Votes Cast,263,State Representative,"Barnstable, Dukes and Nantucket"
Arlington,-,1,Sean Garballey,628,State Representative,Twenty-Third Middlesex
Arlington,-,1,All Others,4,State Representative,Twenty-Third Middlesex
Arlington,-,1,Blanks,127,State Representative,Twenty-Third Middlesex
Arlington,-,1,Total Votes Cast,759,State Representative,Twenty-Third Middlesex
Arlington,-,10,David M. Rogers,982,State Representative,Twenty-Fourth Middlesex
Arlington,-,10,All Others,6,State Representative,Twenty-Fourth Middlesex
Arlington,-,10,Blanks,213,State Representative,Twenty-Fourth Middlesex
Arlington,-,10,Total Votes Cast,1201,State Representative,Twenty-Fourth Middlesex
Arlington,-,11,Sean Garballey,979,State Representative,Twenty-Third Middlesex
Arlington,-,11,All Others,16,State Representative,Twenty-Third Middlesex
Arlington,-,11,Blanks,236,State Representative,Twenty-Third Middlesex
Arlington,-,11,Total Votes Cast,1231,State Representative,Twenty-Third Middlesex
Arlington,-,12,David M. Rogers,1018,State Representative,Twenty-Fourth Middlesex
Arlington,-,12,All Others,6,State Representative,Twenty-Fourth Middlesex
Arlington,-,12,Blanks,246,State Representative,Twenty-Fourth Middlesex
Arlington,-,12,Total Votes Cast,1270,State Representative,Twenty-Fourth Middlesex
Arlington,-,13,Sean Garballey,931,State Representative,Twenty-Third Middlesex
Arlington,-,13,All Others,8,State Representative,Twenty-Third Middlesex
Arlington,-,13,Blanks,209,State Representative,Twenty-Third Middlesex
Arlington,-,13,Total Votes Cast,1148,State Representative,Twenty-Third Middlesex
Arlington,-,14,Sean Garballey,825,State Representative,Twenty-Third Middlesex
Arlington,-,14,All Others,5,State Representative,Twenty-Third Middlesex
Arlington,-,14,Blanks,179,State Representative,Twenty-Third Middlesex
Arlington,-,14,Total Votes Cast,1009,State Representative,Twenty-Third Middlesex
Arlington,-,15,Sean Garballey,860,State Representative,Twenty-Third Middlesex
Arlington,-,15,All Others,3,State Representative,Twenty-Third Middlesex
Arlington,-,15,Blanks,147,State Representative,Twenty-Third Middlesex
Arlington,-,15,Total Votes Cast,1010,State Representative,Twenty-Third Middlesex
Arlington,-,16,Sean Garballey,935,State Representative,Twenty-Third Middlesex
Arlington,-,16,All Others,1,State Representative,Twenty-Third Middlesex
Arlington,-,16,Blanks,195,State Representative,Twenty-Third Middlesex
Arlington,-,16,Total Votes Cast,1131,State Representative,Twenty-Third Middlesex
Arlington,-,17,Sean Garballey,725,State Representative,Twenty-Third Middlesex
Arlington,-,17,All Others,8,State Representative,Twenty-Third Middlesex
Arlington,-,17,Blanks,127,State Representative,Twenty-Third Middlesex
Arlington,-,17,Total Votes Cast,860,State Representative,Twenty-Third Middlesex
Arlington,-,18,Sean Garballey,874,State Representative,Twenty-Third Middlesex
Arlington,-,18,All Others,3,State Representative,Twenty-Third Middlesex
Arlington,-,18,Blanks,242,State Representative,Twenty-Third Middlesex
Arlington,-,18,Total Votes Cast,1119,State Representative,Twenty-Third Middlesex
Arlington,-,19,Sean Garballey,939,State Representative,Twenty-Third Middlesex
Arlington,-,19,All Others,6,State Representative,Twenty-Third Middlesex
Arlington,-,19,Blanks,186,State Representative,Twenty-Third Middlesex
Arlington,-,19,Total Votes Cast,1131,State Representative,Twenty-Third Middlesex
Arlington,-,2,David M. Rogers,900,State Representative,Twenty-Fourth Middlesex
Arlington,-,2,All Others,3,State Representative,Twenty-Fourth Middlesex
Arlington,-,2,Blanks,214,State Representative,Twenty-Fourth Middlesex
Arlington,-,2,Total Votes Cast,1117,State Representative,Twenty-Fourth Middlesex
Arlington,-,20,Sean Garballey,829,State Representative,Twenty-Third Middlesex
Arlington,-,20,All Others,9,State Representative,Twenty-Third Middlesex
Arlington,-,20,Blanks,169,State Representative,Twenty-Third Middlesex
Arlington,-,20,Total Votes Cast,1007,State Representative,Twenty-Third Middlesex
Arlington,-,21,Sean Garballey,944,State Representative,Twenty-Third Middlesex
Arlington,-,21,All Others,5,State Representative,Twenty-Third Middlesex
Arlington,-,21,Blanks,162,State Representative,Twenty-Third Middlesex
Arlington,-,21,Total Votes Cast,1111,State Representative,Twenty-Third Middlesex
Arlington,-,3,Sean Garballey,915,State Representative,Twenty-Third Middlesex
Arlington,-,3,All Others,3,State Representative,Twenty-Third Middlesex
Arlington,-,3,Blanks,132,State Representative,Twenty-Third Middlesex
Arlington,-,3,Total Votes Cast,1050,State Representative,Twenty-Third Middlesex
Arlington,-,4,David M. Rogers,792,State Representative,Twenty-Fourth Middlesex
Arlington,-,4,All Others,4,State Representative,Twenty-Fourth Middlesex
Arlington,-,4,Blanks,180,State Representative,Twenty-Fourth Middlesex
Arlington,-,4,Total Votes Cast,976,State Representative,Twenty-Fourth Middlesex
Arlington,-,5,Sean Garballey,959,State Representative,Twenty-Third Middlesex
Arlington,-,5,All Others,9,State Representative,Twenty-Third Middlesex
Arlington,-,5,Blanks,158,State Representative,Twenty-Third Middlesex
Arlington,-,5,Total Votes Cast,1126,State Representative,Twenty-Third Middlesex
Arlington,-,6,David M. Rogers,822,State Representative,Twenty-Fourth Middlesex
Arlington,-,6,All Others,1,State Representative,Twenty-Fourth Middlesex
Arlington,-,6,Blanks,182,State Representative,Twenty-Fourth Middlesex
Arlington,-,6,Total Votes Cast,1005,State Representative,Twenty-Fourth Middlesex
Arlington,-,7,Sean Garballey,838,State Representative,Twenty-Third Middlesex
Arlington,-,7,All Others,2,State Representative,Twenty-Third Middlesex
Arlington,-,7,Blanks,164,State Representative,Twenty-Third Middlesex
Arlington,-,7,Total Votes Cast,1004,State Representative,Twenty-Third Middlesex
Arlington,-,8,David M. Rogers,935,State Representative,Twenty-Fourth Middlesex
Arlington,-,8,All Others,4,State Representative,Twenty-Fourth Middlesex
Arlington,-,8,Blanks,254,State Representative,Twenty-Fourth Middlesex
Arlington,-,8,Total Votes Cast,1193,State Representative,Twenty-Fourth Middlesex
Arlington,-,9,Sean Garballey,754,State Representative,Twenty-Third Middlesex
Arlington,-,9,All Others,1,State Representative,Twenty-Third Middlesex
Arlington,-,9,Blanks,138,State Representative,Twenty-Third Middlesex
Arlington,-,9,Total Votes Cast,893,State Representative,Twenty-Third Middlesex
Ashburnham,-,1,Jonathan D. Zlotnik,761,State Representative,Second Worcester
Ashburnham,-,1,Bruce K. Chester,674,State Representative,Second Worcester
Ashburnham,-,1,All Others,2,State Representative,Second Worcester
Ashburnham,-,1,Blanks,29,State Representative,Second Worcester
Ashburnham,-,1,Total Votes Cast,1466,State Representative,Second Worcester
Ashburnham,-,2,Jonathan D. Zlotnik,766,State Representative,Second Worcester
Ashburnham,-,2,Bruce K. Chester,585,State Representative,Second Worcester
Ashburnham,-,2,All Others,1,State Representative,Second Worcester
Ashburnham,-,2,Blanks,29,State Representative,Second Worcester
Ashburnham,-,2,Total Votes Cast,1381,State Representative,Second Worcester
Ashby,,,Margaret R. Scarsdale,584,State Representative,First Middlesex
Ashby,,,Andrew James Shepherd,799,State Representative,First Middlesex
Ashby,,,Catherine Lundeen,61,State Representative,First Middlesex
Ashby,,,All Others,3,State Representative,First Middlesex
Ashby,,,Blanks,19,State Representative,First Middlesex
Ashby,,,Total Votes Cast,1466,State Representative,First Middlesex
Ashfield,,,Natalie M. Blais,849,State Representative,First Franklin
Ashfield,,,All Others,0,State Representative,First Franklin
Ashfield,,,Blanks,127,State Representative,First Franklin
Ashfield,,,Total Votes Cast,976,State Representative,First Franklin
Ashland,-,1,Jack Patrick Lewis,830,State Representative,Seventh Middlesex
Ashland,-,1,All Others,0,State Representative,Seventh Middlesex
Ashland,-,1,Blanks,284,State Representative,Seventh Middlesex
Ashland,-,1,Total Votes Cast,1114,State Representative,Seventh Middlesex
Ashland,-,2,Jack Patrick Lewis,1228,State Representative,Seventh Middlesex
Ashland,-,2,All Others,0,State Representative,Seventh Middlesex
Ashland,-,2,Blanks,322,State Representative,Seventh Middlesex
Ashland,-,2,Total Votes Cast,1550,State Representative,Seventh Middlesex
Ashland,-,3,Jack Patrick Lewis,838,State Representative,Seventh Middlesex
Ashland,-,3,All Others,0,State Representative,Seventh Middlesex
Ashland,-,3,Blanks,213,State Representative,Seventh Middlesex
Ashland,-,3,Total Votes Cast,1051,State Representative,Seventh Middlesex
Ashland,-,4,Jack Patrick Lewis,863,State Representative,Seventh Middlesex
Ashland,-,4,All Others,0,State Representative,Seventh Middlesex
Ashland,-,4,Blanks,271,State Representative,Seventh Middlesex
Ashland,-,4,Total Votes Cast,1134,State Representative,Seventh Middlesex
Ashland,-,5,Jack Patrick Lewis,980,State Representative,Seventh Middlesex
Ashland,-,5,All Others,0,State Representative,Seventh Middlesex
Ashland,-,5,Blanks,283,State Representative,Seventh Middlesex
Ashland,-,5,Total Votes Cast,1263,State Representative,Seventh Middlesex
Ashland,-,6,Jack Patrick Lewis,1031,State Representative,Seventh Middlesex
Ashland,-,6,All Others,0,State Representative,Seventh Middlesex
Ashland,-,6,Blanks,304,State Representative,Seventh Middlesex
Ashland,-,6,Total Votes Cast,1335,State Representative,Seventh Middlesex
Athol,-,1,Susannah M. Whipps,868,State Representative,Second Franklin
Athol,-,1,Jeffrey L. Raymond,434,State Representative,Second Franklin
Athol,-,1,Kevin Patrick McKeown,36,State Representative,Second Franklin
Athol,-,1,All Others,3,State Representative,Second Franklin
Athol,-,1,Blanks,30,State Representative,Second Franklin
Athol,-,1,Total Votes Cast,1371,State Representative,Second Franklin
Athol,-,2,Susannah M. Whipps,678,State Representative,Second Franklin
Athol,-,2,Jeffrey L. Raymond,446,State Representative,Second Franklin
Athol,-,2,Kevin Patrick McKeown,41,State Representative,Second Franklin
Athol,-,2,All Others,2,State Representative,Second Franklin
Athol,-,2,Blanks,22,State Representative,Second Franklin
Athol,-,2,Total Votes Cast,1189,State Representative,Second Franklin
Athol,-,3,Susannah M. Whipps,733,State Representative,Second Franklin
Athol,-,3,Jeffrey L. Raymond,327,State Representative,Second Franklin
Athol,-,3,Kevin Patrick McKeown,35,State Representative,Second Franklin
Athol,-,3,All Others,2,State Representative,Second Franklin
Athol,-,3,Blanks,31,State Representative,Second Franklin
Athol,-,3,Total Votes Cast,1128,State Representative,Second Franklin
Attleboro,1,A,James K. Hawkins,682,State Representative,Second Bristol
Attleboro,1,A,Steven Joseph Escobar,515,State Representative,Second Bristol
Attleboro,1,A,All Others,1,State Representative,Second Bristol
Attleboro,1,A,Blanks,34,State Representative,Second Bristol
Attleboro,1,A,Total Votes Cast,1232,State Representative,Second Bristol
Attleboro,1,B,James K. Hawkins,735,State Representative,Second Bristol
Attleboro,1,B,Steven Joseph Escobar,503,State Representative,Second Bristol
Attleboro,1,B,All Others,0,State Representative,Second Bristol
Attleboro,1,B,Blanks,34,State Representative,Second Bristol
Attleboro,1,B,Total Votes Cast,1272,State Representative,Second Bristol
Attleboro,2,A,James K. Hawkins,869,State Representative,Second Bristol
Attleboro,2,A,Steven Joseph Escobar,563,State Representative,Second Bristol
Attleboro,2,A,All Others,0,State Representative,Second Bristol
Attleboro,2,A,Blanks,36,State Representative,Second Bristol
Attleboro,2,A,Total Votes Cast,1468,State Representative,Second Bristol
Attleboro,2,B,James K. Hawkins,725,State Representative,Second Bristol
Attleboro,2,B,Steven Joseph Escobar,529,State Representative,Second Bristol
Attleboro,2,B,All Others,0,State Representative,Second Bristol
Attleboro,2,B,Blanks,37,State Representative,Second Bristol
Attleboro,2,B,Total Votes Cast,1291,State Representative,Second Bristol
Attleboro,3,A,James K. Hawkins,807,State Representative,Second Bristol
Attleboro,3,A,Steven Joseph Escobar,458,State Representative,Second Bristol
Attleboro,3,A,All Others,2,State Representative,Second Bristol
Attleboro,3,A,Blanks,44,State Representative,Second Bristol
Attleboro,3,A,Total Votes Cast,1311,State Representative,Second Bristol
Attleboro,4,A,James K. Hawkins,737,State Representative,Second Bristol
Attleboro,4,A,Steven Joseph Escobar,388,State Representative,Second Bristol
Attleboro,4,A,All Others,0,State Representative,Second Bristol
Attleboro,4,A,Blanks,33,State Representative,Second Bristol
Attleboro,4,A,Total Votes Cast,1158,State Representative,Second Bristol
Attleboro,4,B,James K. Hawkins,1007,State Representative,Second Bristol
Attleboro,4,B,Steven Joseph Escobar,749,State Representative,Second Bristol
Attleboro,4,B,All Others,0,State Representative,Second Bristol
Attleboro,4,B,Blanks,46,State Representative,Second Bristol
Attleboro,4,B,Total Votes Cast,1802,State Representative,Second Bristol
Attleboro,5,A,James K. Hawkins,527,State Representative,Second Bristol
Attleboro,5,A,Steven Joseph Escobar,236,State Representative,Second Bristol
Attleboro,5,A,All Others,0,State Representative,Second Bristol
Attleboro,5,A,Blanks,16,State Representative,Second Bristol
Attleboro,5,A,Total Votes Cast,779,State Representative,Second Bristol
Attleboro,5,B,James K. Hawkins,820,State Representative,Second Bristol
Attleboro,5,B,Steven Joseph Escobar,478,State Representative,Second Bristol
Attleboro,5,B,All Others,0,State Representative,Second Bristol
Attleboro,5,B,Blanks,28,State Representative,Second Bristol
Attleboro,5,B,Total Votes Cast,1326,State Representative,Second Bristol
Attleboro,6,A,James K. Hawkins,711,State Representative,Second Bristol
Attleboro,6,A,Steven Joseph Escobar,528,State Representative,Second Bristol
Attleboro,6,A,All Others,0,State Representative,Second Bristol
Attleboro,6,A,Blanks,32,State Representative,Second Bristol
Attleboro,6,A,Total Votes Cast,1271,State Representative,Second Bristol
Attleboro,6,B,James K. Hawkins,848,State Representative,Second Bristol
Attleboro,6,B,Steven Joseph Escobar,569,State Representative,Second Bristol
Attleboro,6,B,All Others,0,State Representative,Second Bristol
Attleboro,6,B,Blanks,28,State Representative,Second Bristol
Attleboro,6,B,Total Votes Cast,1445,State Representative,Second Bristol
Attleboro,,,Adam J. Scanlon,1022,State Representative,Fourteenth Bristol
Attleboro,,,All Others,10,State Representative,Fourteenth Bristol
Attleboro,,,Blanks,426,State Representative,Fourteenth Bristol
Attleboro,,,Total Votes Cast,1458,State Representative,Fourteenth Bristol
Auburn,-,1,Paul K. Frost,1035,State Representative,Seventh Worcester
Auburn,-,1,Terry Burke Dotson,338,State Representative,Seventh Worcester
Auburn,-,1,All Others,8,State Representative,Seventh Worcester
Auburn,-,1,Blanks,112,State Representative,Seventh Worcester
Auburn,-,1,Total Votes Cast,1493,State Representative,Seventh Worcester
Auburn,-,2,Paul K. Frost,1085,State Representative,Seventh Worcester
Auburn,-,2,Terry Burke Dotson,257,State Representative,Seventh Worcester
Auburn,-,2,All Others,7,State Representative,Seventh Worcester
Auburn,-,2,Blanks,88,State Representative,Seventh Worcester
Auburn,-,2,Total Votes Cast,1437,State Representative,Seventh Worcester
Auburn,-,3,Paul K. Frost,1132,State Representative,Seventh Worcester
Auburn,-,3,Terry Burke Dotson,337,State Representative,Seventh Worcester
Auburn,-,3,All Others,17,State Representative,Seventh Worcester
Auburn,-,3,Blanks,105,State Representative,Seventh Worcester
Auburn,-,3,Total Votes Cast,1591,State Representative,Seventh Worcester
Auburn,-,4,Paul K. Frost,938,State Representative,Seventh Worcester
Auburn,-,4,Terry Burke Dotson,307,State Representative,Seventh Worcester
Auburn,-,4,All Others,9,State Representative,Seventh Worcester
Auburn,-,4,Blanks,94,State Representative,Seventh Worcester
Auburn,-,4,Total Votes Cast,1348,State Representative,Seventh Worcester
Auburn,-,5,Paul K. Frost,986,State Representative,Seventh Worcester
Auburn,-,5,Terry Burke Dotson,234,State Representative,Seventh Worcester
Auburn,-,5,All Others,9,State Representative,Seventh Worcester
Auburn,-,5,Blanks,103,State Representative,Seventh Worcester
Auburn,-,5,Total Votes Cast,1332,State Representative,Seventh Worcester
Avon,,,William C. Galvin,1214,State Representative,Sixth Norfolk
Avon,,,All Others,9,State Representative,Sixth Norfolk
Avon,,,Blanks,442,State Representative,Sixth Norfolk
Avon,,,Total Votes Cast,1665,State Representative,Sixth Norfolk
Ayer,-,1,Danillo A. Sena,758,State Representative,Thirty-Seventh Middlesex
Ayer,-,1,All Others,8,State Representative,Thirty-Seventh Middlesex
Ayer,-,1,Blanks,292,State Representative,Thirty-Seventh Middlesex
Ayer,-,1,Total Votes Cast,1058,State Representative,Thirty-Seventh Middlesex
Ayer,-,2,Danillo A. Sena,890,State Representative,Thirty-Seventh Middlesex
Ayer,-,2,All Others,6,State Representative,Thirty-Seventh Middlesex
Ayer,-,2,Blanks,385,State Representative,Thirty-Seventh Middlesex
Ayer,-,2,Total Votes Cast,1281,State Representative,Thirty-Seventh Middlesex
Ayer,-,3,Danillo A. Sena,681,State Representative,Thirty-Seventh Middlesex
Ayer,-,3,All Others,1,State Representative,Thirty-Seventh Middlesex
Ayer,-,3,Blanks,236,State Representative,Thirty-Seventh Middlesex
Ayer,-,3,Total Votes Cast,918,State Representative,Thirty-Seventh Middlesex
Barnstable,-,1,Kip A. Diggs,1340,State Representative,Second Barnstable
Barnstable,-,1,William Buffington Peters,750,State Representative,Second Barnstable
Barnstable,-,1,All Others,2,State Representative,Second Barnstable
Barnstable,-,1,Blanks,46,State Representative,Second Barnstable
Barnstable,-,1,Total Votes Cast,2138,State Representative,Second Barnstable
Barnstable,-,10,Steven G. Xiarhos,1238,State Representative,Fifth Barnstable
Barnstable,-,10,All Others,19,State Representative,Fifth Barnstable
Barnstable,-,10,Blanks,390,State Representative,Fifth Barnstable
Barnstable,-,10,Total Votes Cast,1647,State Representative,Fifth Barnstable
Barnstable,-,11,Steven G. Xiarhos,1453,State Representative,Fifth Barnstable
Barnstable,-,11,All Others,22,State Representative,Fifth Barnstable
Barnstable,-,11,Blanks,553,State Representative,Fifth Barnstable
Barnstable,-,11,Total Votes Cast,2028,State Representative,Fifth Barnstable
Barnstable,-,12,Steven G. Xiarhos,1433,State Representative,Fifth Barnstable
Barnstable,-,12,All Others,21,State Representative,Fifth Barnstable
Barnstable,-,12,Blanks,514,State Representative,Fifth Barnstable
Barnstable,-,12,Total Votes Cast,1968,State Representative,Fifth Barnstable
Barnstable,-,13,Kip A. Diggs,672,State Representative,Second Barnstable
Barnstable,-,13,William Buffington Peters,409,State Representative,Second Barnstable
Barnstable,-,13,All Others,1,State Representative,Second Barnstable
Barnstable,-,13,Blanks,32,State Representative,Second Barnstable
Barnstable,-,13,Total Votes Cast,1114,State Representative,Second Barnstable
Barnstable,-,2,Kip A. Diggs,1160,State Representative,Second Barnstable
Barnstable,-,2,William Buffington Peters,753,State Representative,Second Barnstable
Barnstable,-,2,All Others,3,State Representative,Second Barnstable
Barnstable,-,2,Blanks,44,State Representative,Second Barnstable
Barnstable,-,2,Total Votes Cast,1960,State Representative,Second Barnstable
Barnstable,-,3,Kip A. Diggs,843,State Representative,Second Barnstable
Barnstable,-,3,William Buffington Peters,447,State Representative,Second Barnstable
Barnstable,-,3,All Others,2,State Representative,Second Barnstable
Barnstable,-,3,Blanks,22,State Representative,Second Barnstable
Barnstable,-,3,Total Votes Cast,1314,State Representative,Second Barnstable
Barnstable,-,4,Kip A. Diggs,1145,State Representative,Second Barnstable
Barnstable,-,4,William Buffington Peters,640,State Representative,Second Barnstable
Barnstable,-,4,All Others,0,State Representative,Second Barnstable
Barnstable,-,4,Blanks,34,State Representative,Second Barnstable
Barnstable,-,4,Total Votes Cast,1819,State Representative,Second Barnstable
Barnstable,-,5,Kip A. Diggs,1246,State Representative,Second Barnstable
Barnstable,-,5,William Buffington Peters,898,State Representative,Second Barnstable
Barnstable,-,5,All Others,1,State Representative,Second Barnstable
Barnstable,-,5,Blanks,39,State Representative,Second Barnstable
Barnstable,-,5,Total Votes Cast,2184,State Representative,Second Barnstable
Barnstable,-,6,Kip A. Diggs,1135,State Representative,Second Barnstable
Barnstable,-,6,William Buffington Peters,747,State Representative,Second Barnstable
Barnstable,-,6,All Others,2,State Representative,Second Barnstable
Barnstable,-,6,Blanks,23,State Representative,Second Barnstable
Barnstable,-,6,Total Votes Cast,1907,State Representative,Second Barnstable
Barnstable,-,7,Kip A. Diggs,1366,State Representative,Second Barnstable
Barnstable,-,7,William Buffington Peters,822,State Representative,Second Barnstable
Barnstable,-,7,All Others,0,State Representative,Second Barnstable
Barnstable,-,7,Blanks,47,State Representative,Second Barnstable
Barnstable,-,7,Total Votes Cast,2235,State Representative,Second Barnstable
Barnstable,-,8,Kip A. Diggs,659,State Representative,Second Barnstable
Barnstable,-,8,William Buffington Peters,370,State Representative,Second Barnstable
Barnstable,-,8,All Others,2,State Representative,Second Barnstable
Barnstable,-,8,Blanks,10,State Representative,Second Barnstable
Barnstable,-,8,Total Votes Cast,1041,State Representative,Second Barnstable
Barnstable,-,9,Kip A. Diggs,362,State Representative,Second Barnstable
Barnstable,-,9,William Buffington Peters,199,State Representative,Second Barnstable
Barnstable,-,9,All Others,0,State Representative,Second Barnstable
Barnstable,-,9,Blanks,10,State Representative,Second Barnstable
Barnstable,-,9,Total Votes Cast,571,State Representative,Second Barnstable
Barre,-,1,"Donald R. Berthiaume, Jr",828,State Representative,Fifth Worcester
Barre,-,1,All Others,24,State Representative,Fifth Worcester
Barre,-,1,Blanks,306,State Representative,Fifth Worcester
Barre,-,1,Total Votes Cast,1158,State Representative,Fifth Worcester
Barre,-,2,"Donald R. Berthiaume, Jr",814,State Representative,Fifth Worcester
Barre,-,2,All Others,17,State Representative,Fifth Worcester
Barre,-,2,Blanks,220,State Representative,Fifth Worcester
Barre,-,2,Total Votes Cast,1051,State Representative,Fifth Worcester
Becket,,,"William ""Smitty"" Pignatelli",578,State Representative,Third Berkshire
Becket,,,Michael Silvio Lavery,139,State Representative,Third Berkshire
Becket,,,All Others,8,State Representative,Third Berkshire
Becket,,,Blanks,90,State Representative,Third Berkshire
Becket,,,Total Votes Cast,815,State Representative,Third Berkshire
Bedford,-,1,Kenneth I. Gordon,1410,State Representative,Twenty-First Middlesex
Bedford,-,1,All Others,33,State Representative,Twenty-First Middlesex
Bedford,-,1,Blanks,357,State Representative,Twenty-First Middlesex
Bedford,-,1,Total Votes Cast,1800,State Representative,Twenty-First Middlesex
Bedford,-,2,Kenneth I. Gordon,799,State Representative,Twenty-First Middlesex
Bedford,-,2,All Others,23,State Representative,Twenty-First Middlesex
Bedford,-,2,Blanks,248,State Representative,Twenty-First Middlesex
Bedford,-,2,Total Votes Cast,1070,State Representative,Twenty-First Middlesex
Bedford,-,2A,Kenneth I. Gordon,244,State Representative,Twenty-First Middlesex
Bedford,-,2A,All Others,3,State Representative,Twenty-First Middlesex
Bedford,-,2A,Blanks,93,State Representative,Twenty-First Middlesex
Bedford,-,2A,Total Votes Cast,340,State Representative,Twenty-First Middlesex
Bedford,-,3,Kenneth I. Gordon,1362,State Representative,Twenty-First Middlesex
Bedford,-,3,All Others,31,State Representative,Twenty-First Middlesex
Bedford,-,3,Blanks,404,State Representative,Twenty-First Middlesex
Bedford,-,3,Total Votes Cast,1797,State Representative,Twenty-First Middlesex
Bedford,-,4,Kenneth I. Gordon,1239,State Representative,Twenty-First Middlesex
Bedford,-,4,All Others,23,State Representative,Twenty-First Middlesex
Bedford,-,4,Blanks,377,State Representative,Twenty-First Middlesex
Bedford,-,4,Total Votes Cast,1639,State Representative,Twenty-First Middlesex
Belchertown,-,A,Aaron L. Saunders,1046,State Representative,Seventh Hampden
Belchertown,-,A,James Chip Harrington,652,State Representative,Seventh Hampden
Belchertown,-,A,All Others,1,State Representative,Seventh Hampden
Belchertown,-,A,Blanks,47,State Representative,Seventh Hampden
Belchertown,-,A,Total Votes Cast,1746,State Representative,Seventh Hampden
Belchertown,-,B,Aaron L. Saunders,867,State Representative,Seventh Hampden
Belchertown,-,B,James Chip Harrington,815,State Representative,Seventh Hampden
Belchertown,-,B,All Others,0,State Representative,Seventh Hampden
Belchertown,-,B,Blanks,38,State Representative,Seventh Hampden
Belchertown,-,B,Total Votes Cast,1720,State Representative,Seventh Hampden
Belchertown,-,C,Aaron L. Saunders,929,State Representative,Seventh Hampden
Belchertown,-,C,James Chip Harrington,847,State Representative,Seventh Hampden
Belchertown,-,C,All Others,0,State Representative,Seventh Hampden
Belchertown,-,C,Blanks,44,State Representative,Seventh Hampden
Belchertown,-,C,Total Votes Cast,1820,State Representative,Seventh Hampden
Belchertown,-,D,Aaron L. Saunders,1114,State Representative,Seventh Hampden
Belchertown,-,D,James Chip Harrington,545,State Representative,Seventh Hampden
Belchertown,-,D,All Others,0,State Representative,Seventh Hampden
Belchertown,-,D,Blanks,33,State Representative,Seventh Hampden
Belchertown,-,D,Total Votes Cast,1692,State Representative,Seventh Hampden
Bellingham,-,1,Michael J. Soter,905,State Representative,Eighth Worcester
Bellingham,-,1,All Others,38,State Representative,Eighth Worcester
Bellingham,-,1,Blanks,279,State Representative,Eighth Worcester
Bellingham,-,1,Total Votes Cast,1222,State Representative,Eighth Worcester
Bellingham,-,2,Michael J. Soter,1141,State Representative,Eighth Worcester
Bellingham,-,2,All Others,19,State Representative,Eighth Worcester
Bellingham,-,2,Blanks,345,State Representative,Eighth Worcester
Bellingham,-,2,Total Votes Cast,1505,State Representative,Eighth Worcester
Bellingham,-,3,Michael J. Soter,1155,State Representative,Eighth Worcester
Bellingham,-,3,All Others,25,State Representative,Eighth Worcester
Bellingham,-,3,Blanks,338,State Representative,Eighth Worcester
Bellingham,-,3,Total Votes Cast,1518,State Representative,Eighth Worcester
Bellingham,-,4,Michael J. Soter,1028,State Representative,Eighth Worcester
Bellingham,-,4,All Others,20,State Representative,Eighth Worcester
Bellingham,-,4,Blanks,262,State Representative,Eighth Worcester
Bellingham,-,4,Total Votes Cast,1310,State Representative,Eighth Worcester
Bellingham,-,5,Michael J. Soter,916,State Representative,Eighth Worcester
Bellingham,-,5,All Others,30,State Representative,Eighth Worcester
Bellingham,-,5,Blanks,235,State Representative,Eighth Worcester
Bellingham,-,5,Total Votes Cast,1181,State Representative,Eighth Worcester
Belmont,-,1,David M. Rogers,1168,State Representative,Twenty-Fourth Middlesex
Belmont,-,1,All Others,10,State Representative,Twenty-Fourth Middlesex
Belmont,-,1,Blanks,357,State Representative,Twenty-Fourth Middlesex
Belmont,-,1,Total Votes Cast,1535,State Representative,Twenty-Fourth Middlesex
Belmont,-,2,David M. Rogers,1300,State Representative,Twenty-Fourth Middlesex
Belmont,-,2,All Others,8,State Representative,Twenty-Fourth Middlesex
Belmont,-,2,Blanks,470,State Representative,Twenty-Fourth Middlesex
Belmont,-,2,Total Votes Cast,1778,State Representative,Twenty-Fourth Middlesex
Belmont,-,3,David M. Rogers,1117,State Representative,Twenty-Fourth Middlesex
Belmont,-,3,All Others,3,State Representative,Twenty-Fourth Middlesex
Belmont,-,3,Blanks,337,State Representative,Twenty-Fourth Middlesex
Belmont,-,3,Total Votes Cast,1457,State Representative,Twenty-Fourth Middlesex
Belmont,-,4,David M. Rogers,976,State Representative,Twenty-Fourth Middlesex
Belmont,-,4,All Others,3,State Representative,Twenty-Fourth Middlesex
Belmont,-,4,Blanks,273,State Representative,Twenty-Fourth Middlesex
Belmont,-,4,Total Votes Cast,1252,State Representative,Twenty-Fourth Middlesex
Belmont,-,5,David M. Rogers,1112,State Representative,Twenty-Fourth Middlesex
Belmont,-,5,All Others,2,State Representative,Twenty-Fourth Middlesex
Belmont,-,5,Blanks,323,State Representative,Twenty-Fourth Middlesex
Belmont,-,5,Total Votes Cast,1437,State Representative,Twenty-Fourth Middlesex
Belmont,-,6,David M. Rogers,1419,State Representative,Twenty-Fourth Middlesex
Belmont,-,6,All Others,6,State Representative,Twenty-Fourth Middlesex
Belmont,-,6,Blanks,380,State Representative,Twenty-Fourth Middlesex
Belmont,-,6,Total Votes Cast,1805,State Representative,Twenty-Fourth Middlesex
Belmont,-,7,David M. Rogers,1152,State Representative,Twenty-Fourth Middlesex
Belmont,-,7,All Others,3,State Representative,Twenty-Fourth Middlesex
Belmont,-,7,Blanks,311,State Representative,Twenty-Fourth Middlesex
Belmont,-,7,Total Votes Cast,1466,State Representative,Twenty-Fourth Middlesex
Belmont,-,8,David M. Rogers,1017,State Representative,Twenty-Fourth Middlesex
Belmont,-,8,All Others,3,State Representative,Twenty-Fourth Middlesex
Belmont,-,8,Blanks,413,State Representative,Twenty-Fourth Middlesex
Belmont,-,8,Total Votes Cast,1433,State Representative,Twenty-Fourth Middlesex
Berkley,-,1,Norman J. Orrall,1113,State Representative,Twelfth Bristol
Berkley,-,1,All Others,29,State Representative,Twelfth Bristol
Berkley,-,1,Blanks,414,State Representative,Twelfth Bristol
Berkley,-,1,Total Votes Cast,1556,State Representative,Twelfth Bristol
Berkley,-,2,Norman J. Orrall,963,State Representative,Twelfth Bristol
Berkley,-,2,All Others,18,State Representative,Twelfth Bristol
Berkley,-,2,Blanks,282,State Representative,Twelfth Bristol
Berkley,-,2,Total Votes Cast,1263,State Representative,Twelfth Bristol
Berlin,,,Meghan Kilcoyne,1095,State Representative,Twelfth Worcester
Berlin,,,Michael A. Vulcano,696,State Representative,Twelfth Worcester
Berlin,,,All Others,2,State Representative,Twelfth Worcester
Berlin,,,Blanks,67,State Representative,Twelfth Worcester
Berlin,,,Total Votes Cast,1860,State Representative,Twelfth Worcester
Bernardston,,,Natalie M. Blais,729,State Representative,First Franklin
Bernardston,,,All Others,9,State Representative,First Franklin
Bernardston,,,Blanks,247,State Representative,First Franklin
Bernardston,,,Total Votes Cast,985,State Representative,First Franklin
Beverly,1,1,Jerald A. Parisella,1023,State Representative,Sixth Essex
Beverly,1,1,All Others,12,State Representative,Sixth Essex
Beverly,1,1,Blanks,283,State Representative,Sixth Essex
Beverly,1,1,Total Votes Cast,1318,State Representative,Sixth Essex
Beverly,1,2,Jerald A. Parisella,1367,State Representative,Sixth Essex
Beverly,1,2,All Others,26,State Representative,Sixth Essex
Beverly,1,2,Blanks,370,State Representative,Sixth Essex
Beverly,1,2,Total Votes Cast,1763,State Representative,Sixth Essex
Beverly,2,1,Jerald A. Parisella,1121,State Representative,Sixth Essex
Beverly,2,1,All Others,11,State Representative,Sixth Essex
Beverly,2,1,Blanks,246,State Representative,Sixth Essex
Beverly,2,1,Total Votes Cast,1378,State Representative,Sixth Essex
Beverly,2,2,Jerald A. Parisella,1226,State Representative,Sixth Essex
Beverly,2,2,All Others,20,State Representative,Sixth Essex
Beverly,2,2,Blanks,274,State Representative,Sixth Essex
Beverly,2,2,Total Votes Cast,1520,State Representative,Sixth Essex
Beverly,3,1,Jerald A. Parisella,759,State Representative,Sixth Essex
Beverly,3,1,All Others,8,State Representative,Sixth Essex
Beverly,3,1,Blanks,137,State Representative,Sixth Essex
Beverly,3,1,Total Votes Cast,904,State Representative,Sixth Essex
Beverly,3,2,Jerald A. Parisella,1081,State Representative,Sixth Essex
Beverly,3,2,All Others,15,State Representative,Sixth Essex
Beverly,3,2,Blanks,274,State Representative,Sixth Essex
Beverly,3,2,Total Votes Cast,1370,State Representative,Sixth Essex
Beverly,4,1,Jerald A. Parisella,689,State Representative,Sixth Essex
Beverly,4,1,All Others,5,State Representative,Sixth Essex
Beverly,4,1,Blanks,171,State Representative,Sixth Essex
Beverly,4,1,Total Votes Cast,865,State Representative,Sixth Essex
Beverly,4,2,Jerald A. Parisella,1619,State Representative,Sixth Essex
Beverly,4,2,All Others,20,State Representative,Sixth Essex
Beverly,4,2,Blanks,356,State Representative,Sixth Essex
Beverly,4,2,Total Votes Cast,1995,State Representative,Sixth Essex
Beverly,5,1,Jerald A. Parisella,1265,State Representative,Sixth Essex
Beverly,5,1,All Others,14,State Representative,Sixth Essex
Beverly,5,1,Blanks,324,State Representative,Sixth Essex
Beverly,5,1,Total Votes Cast,1603,State Representative,Sixth Essex
Beverly,5,2,Jerald A. Parisella,1108,State Representative,Sixth Essex
Beverly,5,2,All Others,6,State Representative,Sixth Essex
Beverly,5,2,Blanks,310,State Representative,Sixth Essex
Beverly,5,2,Total Votes Cast,1424,State Representative,Sixth Essex
Beverly,6,1,Jerald A. Parisella,1417,State Representative,Sixth Essex
Beverly,6,1,All Others,17,State Representative,Sixth Essex
Beverly,6,1,Blanks,382,State Representative,Sixth Essex
Beverly,6,1,Total Votes Cast,1816,State Representative,Sixth Essex
Beverly,6,2,Jerald A. Parisella,1467,State Representative,Sixth Essex
Beverly,6,2,All Others,14,State Representative,Sixth Essex
Beverly,6,2,Blanks,436,State Representative,Sixth Essex
Beverly,6,2,Total Votes Cast,1917,State Representative,Sixth Essex
Billerica,-,1,Marc T. Lombardo,539,State Representative,Twenty-Second Middlesex
Billerica,-,1,Teresa Nicole English,576,State Representative,Twenty-Second Middlesex
Billerica,-,1,All Others,4,State Representative,Twenty-Second Middlesex
Billerica,-,1,Blanks,22,State Representative,Twenty-Second Middlesex
Billerica,-,1,Total Votes Cast,1141,State Representative,Twenty-Second Middlesex
Billerica,-,10,Marc T. Lombardo,948,State Representative,Twenty-Second Middlesex
Billerica,-,10,Teresa Nicole English,702,State Representative,Twenty-Second Middlesex
Billerica,-,10,All Others,2,State Representative,Twenty-Second Middlesex
Billerica,-,10,Blanks,39,State Representative,Twenty-Second Middlesex
Billerica,-,10,Total Votes Cast,1691,State Representative,Twenty-Second Middlesex
Billerica,-,11,Marc T. Lombardo,706,State Representative,Twenty-Second Middlesex
Billerica,-,11,Teresa Nicole English,527,State Representative,Twenty-Second Middlesex
Billerica,-,11,All Others,2,State Representative,Twenty-Second Middlesex
Billerica,-,11,Blanks,19,State Representative,Twenty-Second Middlesex
Billerica,-,11,Total Votes Cast,1254,State Representative,Twenty-Second Middlesex
Billerica,-,12,Marc T. Lombardo,717,State Representative,Twenty-Second Middlesex
Billerica,-,12,Teresa Nicole English,673,State Representative,Twenty-Second Middlesex
Billerica,-,12,All Others,3,State Representative,Twenty-Second Middlesex
Billerica,-,12,Blanks,22,State Representative,Twenty-Second Middlesex
Billerica,-,12,Total Votes Cast,1415,State Representative,Twenty-Second Middlesex
Billerica,-,2,Marc T. Lombardo,790,State Representative,Twenty-Second Middlesex
Billerica,-,2,Teresa Nicole English,705,State Representative,Twenty-Second Middlesex
Billerica,-,2,All Others,3,State Representative,Twenty-Second Middlesex
Billerica,-,2,Blanks,34,State Representative,Twenty-Second Middlesex
Billerica,-,2,Total Votes Cast,1532,State Representative,Twenty-Second Middlesex
Billerica,-,3,Marc T. Lombardo,821,State Representative,Twenty-Second Middlesex
Billerica,-,3,Teresa Nicole English,607,State Representative,Twenty-Second Middlesex
Billerica,-,3,All Others,1,State Representative,Twenty-Second Middlesex
Billerica,-,3,Blanks,29,State Representative,Twenty-Second Middlesex
Billerica,-,3,Total Votes Cast,1458,State Representative,Twenty-Second Middlesex
Billerica,-,4,Marc T. Lombardo,714,State Representative,Twenty-Second Middlesex
Billerica,-,4,Teresa Nicole English,566,State Representative,Twenty-Second Middlesex
Billerica,-,4,All Others,0,State Representative,Twenty-Second Middlesex
Billerica,-,4,Blanks,33,State Representative,Twenty-Second Middlesex
Billerica,-,4,Total Votes Cast,1313,State Representative,Twenty-Second Middlesex
Billerica,-,5,Marc T. Lombardo,1000,State Representative,Twenty-Second Middlesex
Billerica,-,5,Teresa Nicole English,775,State Representative,Twenty-Second Middlesex
Billerica,-,5,All Others,0,State Representative,Twenty-Second Middlesex
Billerica,-,5,Blanks,41,State Representative,Twenty-Second Middlesex
Billerica,-,5,Total Votes Cast,1816,State Representative,Twenty-Second Middlesex
Billerica,-,6,Marc T. Lombardo,669,State Representative,Twenty-Second Middlesex
Billerica,-,6,Teresa Nicole English,645,State Representative,Twenty-Second Middlesex
Billerica,-,6,All Others,2,State Representative,Twenty-Second Middlesex
Billerica,-,6,Blanks,26,State Representative,Twenty-Second Middlesex
Billerica,-,6,Total Votes Cast,1342,State Representative,Twenty-Second Middlesex
Billerica,-,7,Marc T. Lombardo,632,State Representative,Twenty-Second Middlesex
Billerica,-,7,Teresa Nicole English,728,State Representative,Twenty-Second Middlesex
Billerica,-,7,All Others,1,State Representative,Twenty-Second Middlesex
Billerica,-,7,Blanks,25,State Representative,Twenty-Second Middlesex
Billerica,-,7,Total Votes Cast,1386,State Representative,Twenty-Second Middlesex
Billerica,-,8,Marc T. Lombardo,767,State Representative,Twenty-Second Middlesex
Billerica,-,8,Teresa Nicole English,624,State Representative,Twenty-Second Middlesex
Billerica,-,8,All Others,5,State Representative,Twenty-Second Middlesex
Billerica,-,8,Blanks,23,State Representative,Twenty-Second Middlesex
Billerica,-,8,Total Votes Cast,1419,State Representative,Twenty-Second Middlesex
Billerica,-,9,Marc T. Lombardo,921,State Representative,Twenty-Second Middlesex
Billerica,-,9,Teresa Nicole English,619,State Representative,Twenty-Second Middlesex
Billerica,-,9,All Others,2,State Representative,Twenty-Second Middlesex
Billerica,-,9,Blanks,34,State Representative,Twenty-Second Middlesex
Billerica,-,9,Total Votes Cast,1576,State Representative,Twenty-Second Middlesex
Blackstone,-,1,Michael J. Soter,779,State Representative,Eighth Worcester
Blackstone,-,1,All Others,6,State Representative,Eighth Worcester
Blackstone,-,1,Blanks,197,State Representative,Eighth Worcester
Blackstone,-,1,Total Votes Cast,982,State Representative,Eighth Worcester
Blackstone,-,2,Michael J. Soter,887,State Representative,Eighth Worcester
Blackstone,-,2,All Others,5,State Representative,Eighth Worcester
Blackstone,-,2,Blanks,237,State Representative,Eighth Worcester
Blackstone,-,2,Total Votes Cast,1129,State Representative,Eighth Worcester
Blackstone,-,3,Michael J. Soter,984,State Representative,Eighth Worcester
Blackstone,-,3,All Others,2,State Representative,Eighth Worcester
Blackstone,-,3,Blanks,270,State Representative,Eighth Worcester
Blackstone,-,3,Total Votes Cast,1256,State Representative,Eighth Worcester
Blandford,,,Nicholas A. Boldyga,368,State Representative,Third Hampden
Blandford,,,Anthony J. Russo,241,State Representative,Third Hampden
Blandford,,,All Others,0,State Representative,Third Hampden
Blandford,,,Blanks,9,State Representative,Third Hampden
Blandford,,,Total Votes Cast,618,State Representative,Third Hampden
Bolton,,,Kate Hogan,2213,State Representative,Third Middlesex
Bolton,,,All Others,71,State Representative,Third Middlesex
Bolton,,,Blanks,602,State Representative,Third Middlesex
Bolton,,,Total Votes Cast,2886,State Representative,Third Middlesex
Boston,1,1,Adrian C. Madaro,611,State Representative,First Suffolk
Boston,1,1,All Others,15,State Representative,First Suffolk
Boston,1,1,Blanks,113,State Representative,First Suffolk
Boston,1,1,Total Votes Cast,739,State Representative,First Suffolk
Boston,1,10,Adrian C. Madaro,239,State Representative,First Suffolk
Boston,1,10,All Others,9,State Representative,First Suffolk
Boston,1,10,Blanks,48,State Representative,First Suffolk
Boston,1,10,Total Votes Cast,296,State Representative,First Suffolk
Boston,1,11,Adrian C. Madaro,555,State Representative,First Suffolk
Boston,1,11,All Others,18,State Representative,First Suffolk
Boston,1,11,Blanks,136,State Representative,First Suffolk
Boston,1,11,Total Votes Cast,709,State Representative,First Suffolk
Boston,1,12,Adrian C. Madaro,504,State Representative,First Suffolk
Boston,1,12,All Others,22,State Representative,First Suffolk
Boston,1,12,Blanks,154,State Representative,First Suffolk
Boston,1,12,Total Votes Cast,680,State Representative,First Suffolk
Boston,1,13,Adrian C. Madaro,639,State Representative,First Suffolk
Boston,1,13,All Others,11,State Representative,First Suffolk
Boston,1,13,Blanks,188,State Representative,First Suffolk
Boston,1,13,Total Votes Cast,838,State Representative,First Suffolk
Boston,1,14,Adrian C. Madaro,288,State Representative,First Suffolk
Boston,1,14,All Others,5,State Representative,First Suffolk
Boston,1,14,Blanks,117,State Representative,First Suffolk
Boston,1,14,Total Votes Cast,410,State Representative,First Suffolk
Boston,1,15,David Biele,0,State Representative,Fourth Suffolk
Boston,1,15,All Others,0,State Representative,Fourth Suffolk
Boston,1,15,Blanks,0,State Representative,Fourth Suffolk
Boston,1,15,Total Votes Cast,0,State Representative,Fourth Suffolk
Boston,1,2,Adrian C. Madaro,397,State Representative,First Suffolk
Boston,1,2,All Others,12,State Representative,First Suffolk
Boston,1,2,Blanks,85,State Representative,First Suffolk
Boston,1,2,Total Votes Cast,494,State Representative,First Suffolk
Boston,1,3,Adrian C. Madaro,1147,State Representative,First Suffolk
Boston,1,3,All Others,14,State Representative,First Suffolk
Boston,1,3,Blanks,237,State Representative,First Suffolk
Boston,1,3,Total Votes Cast,1398,State Representative,First Suffolk
Boston,1,4,Adrian C. Madaro,404,State Representative,First Suffolk
Boston,1,4,All Others,7,State Representative,First Suffolk
Boston,1,4,Blanks,95,State Representative,First Suffolk
Boston,1,4,Total Votes Cast,506,State Representative,First Suffolk
Boston,1,5,Adrian C. Madaro,499,State Representative,First Suffolk
Boston,1,5,All Others,7,State Representative,First Suffolk
Boston,1,5,Blanks,111,State Representative,First Suffolk
Boston,1,5,Total Votes Cast,617,State Representative,First Suffolk
Boston,1,6,Adrian C. Madaro,395,State Representative,First Suffolk
Boston,1,6,All Others,5,State Representative,First Suffolk
Boston,1,6,Blanks,90,State Representative,First Suffolk
Boston,1,6,Total Votes Cast,490,State Representative,First Suffolk
Boston,1,7,Adrian C. Madaro,430,State Representative,First Suffolk
Boston,1,7,All Others,12,State Representative,First Suffolk
Boston,1,7,Blanks,88,State Representative,First Suffolk
Boston,1,7,Total Votes Cast,530,State Representative,First Suffolk
Boston,1,8,Adrian C. Madaro,517,State Representative,First Suffolk
Boston,1,8,All Others,13,State Representative,First Suffolk
Boston,1,8,Blanks,107,State Representative,First Suffolk
Boston,1,8,Total Votes Cast,637,State Representative,First Suffolk
Boston,1,9,Adrian C. Madaro,397,State Representative,First Suffolk
Boston,1,9,All Others,15,State Representative,First Suffolk
Boston,1,9,Blanks,71,State Representative,First Suffolk
Boston,1,9,Total Votes Cast,483,State Representative,First Suffolk
Boston,10,1,Chynah Tyler,301,State Representative,Seventh Suffolk
Boston,10,1,All Others,7,State Representative,Seventh Suffolk
Boston,10,1,Blanks,85,State Representative,Seventh Suffolk
Boston,10,1,Total Votes Cast,393,State Representative,Seventh Suffolk
Boston,10,2,Chynah Tyler,223,State Representative,Seventh Suffolk
Boston,10,2,All Others,3,State Representative,Seventh Suffolk
Boston,10,2,Blanks,53,State Representative,Seventh Suffolk
Boston,10,2,Total Votes Cast,279,State Representative,Seventh Suffolk
Boston,10,3,Chynah Tyler,237,State Representative,Seventh Suffolk
Boston,10,3,All Others,5,State Representative,Seventh Suffolk
Boston,10,3,Blanks,44,State Representative,Seventh Suffolk
Boston,10,3,Total Votes Cast,286,State Representative,Seventh Suffolk
Boston,10,4,Samantha Montano,417,State Representative,Fifteenth Suffolk
Boston,10,4,All Others,6,State Representative,Fifteenth Suffolk
Boston,10,4,Blanks,190,State Representative,Fifteenth Suffolk
Boston,10,4,Total Votes Cast,613,State Representative,Fifteenth Suffolk
Boston,10,5,Samantha Montano,360,State Representative,Fifteenth Suffolk
Boston,10,5,All Others,9,State Representative,Fifteenth Suffolk
Boston,10,5,Blanks,72,State Representative,Fifteenth Suffolk
Boston,10,5,Total Votes Cast,441,State Representative,Fifteenth Suffolk
Boston,10,6,Samantha Montano,388,State Representative,Fifteenth Suffolk
Boston,10,6,All Others,10,State Representative,Fifteenth Suffolk
Boston,10,6,Blanks,72,State Representative,Fifteenth Suffolk
Boston,10,6,Total Votes Cast,470,State Representative,Fifteenth Suffolk
Boston,10,7,Samantha Montano,452,State Representative,Fifteenth Suffolk
Boston,10,7,All Others,3,State Representative,Fifteenth Suffolk
Boston,10,7,Blanks,84,State Representative,Fifteenth Suffolk
Boston,10,7,Total Votes Cast,539,State Representative,Fifteenth Suffolk
Boston,10,8,Samantha Montano,754,State Representative,Fifteenth Suffolk
Boston,10,8,All Others,14,State Representative,Fifteenth Suffolk
Boston,10,8,Blanks,159,State Representative,Fifteenth Suffolk
Boston,10,8,Total Votes Cast,927,State Representative,Fifteenth Suffolk
Boston,10,9,Samantha Montano,939,State Representative,Fifteenth Suffolk
Boston,10,9,All Others,8,State Representative,Fifteenth Suffolk
Boston,10,9,Blanks,148,State Representative,Fifteenth Suffolk
Boston,10,9,Total Votes Cast,1095,State Representative,Fifteenth Suffolk
Boston,10,9A,Edward Francis Coppinger,0,State Representative,Tenth Suffolk
Boston,10,9A,All Others,0,State Representative,Tenth Suffolk
Boston,10,9A,Blanks,0,State Representative,Tenth Suffolk
Boston,10,9A,Total Votes Cast,0,State Representative,Tenth Suffolk
Boston,11,1,Chynah Tyler,343,State Representative,Seventh Suffolk
Boston,11,1,All Others,7,State Representative,Seventh Suffolk
Boston,11,1,Blanks,46,State Representative,Seventh Suffolk
Boston,11,1,Total Votes Cast,396,State Representative,Seventh Suffolk
Boston,11,10,Samantha Montano,680,State Representative,Fifteenth Suffolk
Boston,11,10,All Others,6,State Representative,Fifteenth Suffolk
Boston,11,10,Blanks,89,State Representative,Fifteenth Suffolk
Boston,11,10,Total Votes Cast,775,State Representative,Fifteenth Suffolk
Boston,11,2,Chynah Tyler,506,State Representative,Seventh Suffolk
Boston,11,2,All Others,9,State Representative,Seventh Suffolk
Boston,11,2,Blanks,71,State Representative,Seventh Suffolk
Boston,11,2,Total Votes Cast,586,State Representative,Seventh Suffolk
Boston,11,3,Chynah Tyler,337,State Representative,Seventh Suffolk
Boston,11,3,All Others,4,State Representative,Seventh Suffolk
Boston,11,3,Blanks,70,State Representative,Seventh Suffolk
Boston,11,3,Total Votes Cast,411,State Representative,Seventh Suffolk
Boston,11,4,Samantha Montano,685,State Representative,Fifteenth Suffolk
Boston,11,4,All Others,18,State Representative,Fifteenth Suffolk
Boston,11,4,Blanks,116,State Representative,Fifteenth Suffolk
Boston,11,4,Total Votes Cast,819,State Representative,Fifteenth Suffolk
Boston,11,5,Samantha Montano,556,State Representative,Fifteenth Suffolk
Boston,11,5,All Others,31,State Representative,Fifteenth Suffolk
Boston,11,5,Blanks,95,State Representative,Fifteenth Suffolk
Boston,11,5,Total Votes Cast,682,State Representative,Fifteenth Suffolk
Boston,11,6,Samantha Montano,600,State Representative,Fifteenth Suffolk
Boston,11,6,All Others,2,State Representative,Fifteenth Suffolk
Boston,11,6,Blanks,86,State Representative,Fifteenth Suffolk
Boston,11,6,Total Votes Cast,688,State Representative,Fifteenth Suffolk
Boston,11,7,Samantha Montano,791,State Representative,Fifteenth Suffolk
Boston,11,7,All Others,6,State Representative,Fifteenth Suffolk
Boston,11,7,Blanks,99,State Representative,Fifteenth Suffolk
Boston,11,7,Total Votes Cast,896,State Representative,Fifteenth Suffolk
Boston,11,8,Samantha Montano,1107,State Representative,Fifteenth Suffolk
Boston,11,8,All Others,9,State Representative,Fifteenth Suffolk
Boston,11,8,Blanks,125,State Representative,Fifteenth Suffolk
Boston,11,8,Total Votes Cast,1241,State Representative,Fifteenth Suffolk
Boston,11,9,Samantha Montano,562,State Representative,Fifteenth Suffolk
Boston,11,9,All Others,4,State Representative,Fifteenth Suffolk
Boston,11,9,Blanks,83,State Representative,Fifteenth Suffolk
Boston,11,9,Total Votes Cast,649,State Representative,Fifteenth Suffolk
Boston,12,1,Chynah Tyler,484,State Representative,Seventh Suffolk
Boston,12,1,All Others,5,State Representative,Seventh Suffolk
Boston,12,1,Blanks,75,State Representative,Seventh Suffolk
Boston,12,1,Total Votes Cast,564,State Representative,Seventh Suffolk
Boston,12,2,Chynah Tyler,555,State Representative,Seventh Suffolk
Boston,12,2,All Others,8,State Representative,Seventh Suffolk
Boston,12,2,Blanks,92,State Representative,Seventh Suffolk
Boston,12,2,Total Votes Cast,655,State Representative,Seventh Suffolk
Boston,12,3,Chynah Tyler,253,State Representative,Seventh Suffolk
Boston,12,3,All Others,4,State Representative,Seventh Suffolk
Boston,12,3,Blanks,53,State Representative,Seventh Suffolk
Boston,12,3,Total Votes Cast,310,State Representative,Seventh Suffolk
Boston,12,4,Chynah Tyler,325,State Representative,Seventh Suffolk
Boston,12,4,All Others,6,State Representative,Seventh Suffolk
Boston,12,4,Blanks,48,State Representative,Seventh Suffolk
Boston,12,4,Total Votes Cast,379,State Representative,Seventh Suffolk
Boston,12,5,Chynah Tyler,221,State Representative,Seventh Suffolk
Boston,12,5,All Others,5,State Representative,Seventh Suffolk
Boston,12,5,Blanks,41,State Representative,Seventh Suffolk
Boston,12,5,Total Votes Cast,267,State Representative,Seventh Suffolk
Boston,12,6,Christopher J. Worrell,290,State Representative,Fifth Suffolk
Boston,12,6,Roy A. Owens,41,State Representative,Fifth Suffolk
Boston,12,6,Althea Garrison,0,State Representative,Fifth Suffolk
Boston,12,6,All Others,0,State Representative,Fifth Suffolk
Boston,12,6,Blanks,19,State Representative,Fifth Suffolk
Boston,12,6,Total Votes Cast,350,State Representative,Fifth Suffolk
Boston,12,7,Christopher J. Worrell,553,State Representative,Fifth Suffolk
Boston,12,7,Roy A. Owens,52,State Representative,Fifth Suffolk
Boston,12,7,Althea Garrison,0,State Representative,Fifth Suffolk
Boston,12,7,All Others,0,State Representative,Fifth Suffolk
Boston,12,7,Blanks,54,State Representative,Fifth Suffolk
Boston,12,7,Total Votes Cast,659,State Representative,Fifth Suffolk
Boston,12,8,Chynah Tyler,209,State Representative,Seventh Suffolk
Boston,12,8,All Others,1,State Representative,Seventh Suffolk
Boston,12,8,Blanks,35,State Representative,Seventh Suffolk
Boston,12,8,Total Votes Cast,245,State Representative,Seventh Suffolk
Boston,12,9,Christopher J. Worrell,275,State Representative,Fifth Suffolk
Boston,12,9,Roy A. Owens,40,State Representative,Fifth Suffolk
Boston,12,9,Althea Garrison,0,State Representative,Fifth Suffolk
Boston,12,9,All Others,0,State Representative,Fifth Suffolk
Boston,12,9,Blanks,26,State Representative,Fifth Suffolk
Boston,12,9,Total Votes Cast,341,State Representative,Fifth Suffolk
Boston,13,1,Christopher J. Worrell,303,State Representative,Fifth Suffolk
Boston,13,1,Roy A. Owens,56,State Representative,Fifth Suffolk
Boston,13,1,Althea Garrison,5,State Representative,Fifth Suffolk
Boston,13,1,All Others,1,State Representative,Fifth Suffolk
Boston,13,1,Blanks,32,State Representative,Fifth Suffolk
Boston,13,1,Total Votes Cast,397,State Representative,Fifth Suffolk
Boston,13,10,Daniel J. Hunt,715,State Representative,Thirteenth Suffolk
Boston,13,10,All Others,21,State Representative,Thirteenth Suffolk
Boston,13,10,Blanks,254,State Representative,Thirteenth Suffolk
Boston,13,10,Total Votes Cast,990,State Representative,Thirteenth Suffolk
Boston,13,2,Christopher J. Worrell,134,State Representative,Fifth Suffolk
Boston,13,2,Roy A. Owens,36,State Representative,Fifth Suffolk
Boston,13,2,Althea Garrison,0,State Representative,Fifth Suffolk
Boston,13,2,All Others,2,State Representative,Fifth Suffolk
Boston,13,2,Blanks,12,State Representative,Fifth Suffolk
Boston,13,2,Total Votes Cast,184,State Representative,Fifth Suffolk
Boston,13,3,Daniel J. Hunt,346,State Representative,Thirteenth Suffolk
Boston,13,3,All Others,7,State Representative,Thirteenth Suffolk
Boston,13,3,Blanks,73,State Representative,Thirteenth Suffolk
Boston,13,3,Total Votes Cast,426,State Representative,Thirteenth Suffolk
Boston,13,4,Christopher J. Worrell,282,State Representative,Fifth Suffolk
Boston,13,4,Roy A. Owens,30,State Representative,Fifth Suffolk
Boston,13,4,Althea Garrison,0,State Representative,Fifth Suffolk
Boston,13,4,All Others,5,State Representative,Fifth Suffolk
Boston,13,4,Blanks,25,State Representative,Fifth Suffolk
Boston,13,4,Total Votes Cast,342,State Representative,Fifth Suffolk
Boston,13,5,Christopher J. Worrell,278,State Representative,Fifth Suffolk
Boston,13,5,Roy A. Owens,34,State Representative,Fifth Suffolk
Boston,13,5,Althea Garrison,10,State Representative,Fifth Suffolk
Boston,13,5,All Others,0,State Representative,Fifth Suffolk
Boston,13,5,Blanks,43,State Representative,Fifth Suffolk
Boston,13,5,Total Votes Cast,365,State Representative,Fifth Suffolk
Boston,13,6,Daniel J. Hunt,431,State Representative,Thirteenth Suffolk
Boston,13,6,All Others,4,State Representative,Thirteenth Suffolk
Boston,13,6,Blanks,79,State Representative,Thirteenth Suffolk
Boston,13,6,Total Votes Cast,514,State Representative,Thirteenth Suffolk
Boston,13,7,Daniel J. Hunt,456,State Representative,Thirteenth Suffolk
Boston,13,7,All Others,19,State Representative,Thirteenth Suffolk
Boston,13,7,Blanks,134,State Representative,Thirteenth Suffolk
Boston,13,7,Total Votes Cast,609,State Representative,Thirteenth Suffolk
Boston,13,8,Daniel J. Hunt,384,State Representative,Thirteenth Suffolk
Boston,13,8,All Others,9,State Representative,Thirteenth Suffolk
Boston,13,8,Blanks,125,State Representative,Thirteenth Suffolk
Boston,13,8,Total Votes Cast,518,State Representative,Thirteenth Suffolk
Boston,13,9,Daniel J. Hunt,472,State Representative,Thirteenth Suffolk
Boston,13,9,All Others,8,State Representative,Thirteenth Suffolk
Boston,13,9,Blanks,127,State Representative,Thirteenth Suffolk
Boston,13,9,Total Votes Cast,607,State Representative,Thirteenth Suffolk
Boston,14,1,Christopher J. Worrell,532,State Representative,Fifth Suffolk
Boston,14,1,Roy A. Owens,44,State Representative,Fifth Suffolk
Boston,14,1,Althea Garrison,0,State Representative,Fifth Suffolk
Boston,14,1,All Others,1,State Representative,Fifth Suffolk
Boston,14,1,Blanks,39,State Representative,Fifth Suffolk
Boston,14,1,Total Votes Cast,616,State Representative,Fifth Suffolk
Boston,14,10,Russell E. Holmes,321,State Representative,Sixth Suffolk
Boston,14,10,All Others,3,State Representative,Sixth Suffolk
Boston,14,10,Blanks,55,State Representative,Sixth Suffolk
Boston,14,10,Total Votes Cast,379,State Representative,Sixth Suffolk
Boston,14,11,Russell E. Holmes,311,State Representative,Sixth Suffolk
Boston,14,11,All Others,7,State Representative,Sixth Suffolk
Boston,14,11,Blanks,37,State Representative,Sixth Suffolk
Boston,14,11,Total Votes Cast,355,State Representative,Sixth Suffolk
Boston,14,12,Russell E. Holmes,188,State Representative,Sixth Suffolk
Boston,14,12,All Others,1,State Representative,Sixth Suffolk
Boston,14,12,Blanks,32,State Representative,Sixth Suffolk
Boston,14,12,Total Votes Cast,221,State Representative,Sixth Suffolk
Boston,14,13,Russell E. Holmes,309,State Representative,Sixth Suffolk
Boston,14,13,All Others,6,State Representative,Sixth Suffolk
Boston,14,13,Blanks,50,State Representative,Sixth Suffolk
Boston,14,13,Total Votes Cast,365,State Representative,Sixth Suffolk
Boston,14,14,Russell E. Holmes,308,State Representative,Sixth Suffolk
Boston,14,14,All Others,2,State Representative,Sixth Suffolk
Boston,14,14,Blanks,65,State Representative,Sixth Suffolk
Boston,14,14,Total Votes Cast,375,State Representative,Sixth Suffolk
Boston,14,2,Russell E. Holmes,587,State Representative,Sixth Suffolk
Boston,14,2,All Others,4,State Representative,Sixth Suffolk
Boston,14,2,Blanks,88,State Representative,Sixth Suffolk
Boston,14,2,Total Votes Cast,679,State Representative,Sixth Suffolk
Boston,14,3,Christopher J. Worrell,283,State Representative,Fifth Suffolk
Boston,14,3,Roy A. Owens,21,State Representative,Fifth Suffolk
Boston,14,3,Althea Garrison,0,State Representative,Fifth Suffolk
Boston,14,3,All Others,1,State Representative,Fifth Suffolk
Boston,14,3,Blanks,20,State Representative,Fifth Suffolk
Boston,14,3,Total Votes Cast,325,State Representative,Fifth Suffolk
Boston,14,4,Christopher J. Worrell,370,State Representative,Fifth Suffolk
Boston,14,4,Roy A. Owens,28,State Representative,Fifth Suffolk
Boston,14,4,Althea Garrison,0,State Representative,Fifth Suffolk
Boston,14,4,All Others,1,State Representative,Fifth Suffolk
Boston,14,4,Blanks,26,State Representative,Fifth Suffolk
Boston,14,4,Total Votes Cast,425,State Representative,Fifth Suffolk
Boston,14,5,Russell E. Holmes,265,State Representative,Sixth Suffolk
Boston,14,5,All Others,1,State Representative,Sixth Suffolk
Boston,14,5,Blanks,28,State Representative,Sixth Suffolk
Boston,14,5,Total Votes Cast,294,State Representative,Sixth Suffolk
Boston,14,6,Russell E. Holmes,292,State Representative,Sixth Suffolk
Boston,14,6,All Others,5,State Representative,Sixth Suffolk
Boston,14,6,Blanks,34,State Representative,Sixth Suffolk
Boston,14,6,Total Votes Cast,331,State Representative,Sixth Suffolk
Boston,14,7,Russell E. Holmes,277,State Representative,Sixth Suffolk
Boston,14,7,All Others,5,State Representative,Sixth Suffolk
Boston,14,7,Blanks,37,State Representative,Sixth Suffolk
Boston,14,7,Total Votes Cast,319,State Representative,Sixth Suffolk
Boston,14,8,Russell E. Holmes,414,State Representative,Sixth Suffolk
Boston,14,8,All Others,4,State Representative,Sixth Suffolk
Boston,14,8,Blanks,59,State Representative,Sixth Suffolk
Boston,14,8,Total Votes Cast,477,State Representative,Sixth Suffolk
Boston,14,9,Russell E. Holmes,256,State Representative,Sixth Suffolk
Boston,14,9,All Others,4,State Representative,Sixth Suffolk
Boston,14,9,Blanks,47,State Representative,Sixth Suffolk
Boston,14,9,Total Votes Cast,307,State Representative,Sixth Suffolk
Boston,15,1,Christopher J. Worrell,377,State Representative,Fifth Suffolk
Boston,15,1,Roy A. Owens,43,State Representative,Fifth Suffolk
Boston,15,1,Althea Garrison,0,State Representative,Fifth Suffolk
Boston,15,1,All Others,3,State Representative,Fifth Suffolk
Boston,15,1,Blanks,32,State Representative,Fifth Suffolk
Boston,15,1,Total Votes Cast,455,State Representative,Fifth Suffolk
Boston,15,2,Christopher J. Worrell,223,State Representative,Fifth Suffolk
Boston,15,2,Roy A. Owens,27,State Representative,Fifth Suffolk
Boston,15,2,Althea Garrison,0,State Representative,Fifth Suffolk
Boston,15,2,All Others,0,State Representative,Fifth Suffolk
Boston,15,2,Blanks,35,State Representative,Fifth Suffolk
Boston,15,2,Total Votes Cast,285,State Representative,Fifth Suffolk
Boston,15,3,Christopher J. Worrell,144,State Representative,Fifth Suffolk
Boston,15,3,Roy A. Owens,14,State Representative,Fifth Suffolk
Boston,15,3,Althea Garrison,0,State Representative,Fifth Suffolk
Boston,15,3,All Others,3,State Representative,Fifth Suffolk
Boston,15,3,Blanks,18,State Representative,Fifth Suffolk
Boston,15,3,Total Votes Cast,179,State Representative,Fifth Suffolk
Boston,15,4,Christopher J. Worrell,364,State Representative,Fifth Suffolk
Boston,15,4,Roy A. Owens,79,State Representative,Fifth Suffolk
Boston,15,4,Althea Garrison,0,State Representative,Fifth Suffolk
Boston,15,4,All Others,3,State Representative,Fifth Suffolk
Boston,15,4,Blanks,56,State Representative,Fifth Suffolk
Boston,15,4,Total Votes Cast,502,State Representative,Fifth Suffolk
Boston,15,5,Christopher J. Worrell,296,State Representative,Fifth Suffolk
Boston,15,5,Roy A. Owens,27,State Representative,Fifth Suffolk
Boston,15,5,Althea Garrison,0,State Representative,Fifth Suffolk
Boston,15,5,All Others,2,State Representative,Fifth Suffolk
Boston,15,5,Blanks,37,State Representative,Fifth Suffolk
Boston,15,5,Total Votes Cast,362,State Representative,Fifth Suffolk
Boston,15,6,Daniel J. Hunt,247,State Representative,Thirteenth Suffolk
Boston,15,6,All Others,12,State Representative,Thirteenth Suffolk
Boston,15,6,Blanks,103,State Representative,Thirteenth Suffolk
Boston,15,6,Total Votes Cast,362,State Representative,Thirteenth Suffolk
Boston,15,7,Christopher J. Worrell,275,State Representative,Fifth Suffolk
Boston,15,7,Roy A. Owens,24,State Representative,Fifth Suffolk
Boston,15,7,Althea Garrison,0,State Representative,Fifth Suffolk
Boston,15,7,All Others,0,State Representative,Fifth Suffolk
Boston,15,7,Blanks,36,State Representative,Fifth Suffolk
Boston,15,7,Total Votes Cast,335,State Representative,Fifth Suffolk
Boston,15,8,Daniel J. Hunt,242,State Representative,Thirteenth Suffolk
Boston,15,8,All Others,8,State Representative,Thirteenth Suffolk
Boston,15,8,Blanks,74,State Representative,Thirteenth Suffolk
Boston,15,8,Total Votes Cast,324,State Representative,Thirteenth Suffolk
Boston,15,9,Christopher J. Worrell,216,State Representative,Fifth Suffolk
Boston,15,9,Roy A. Owens,46,State Representative,Fifth Suffolk
Boston,15,9,Althea Garrison,0,State Representative,Fifth Suffolk
Boston,15,9,All Others,3,State Representative,Fifth Suffolk
Boston,15,9,Blanks,71,State Representative,Fifth Suffolk
Boston,15,9,Total Votes Cast,336,State Representative,Fifth Suffolk
Boston,16,1,Daniel J. Hunt,284,State Representative,Thirteenth Suffolk
Boston,16,1,All Others,12,State Representative,Thirteenth Suffolk
Boston,16,1,Blanks,79,State Representative,Thirteenth Suffolk
Boston,16,1,Total Votes Cast,375,State Representative,Thirteenth Suffolk
Boston,16,10,Daniel J. Hunt,494,State Representative,Thirteenth Suffolk
Boston,16,10,All Others,21,State Representative,Thirteenth Suffolk
Boston,16,10,Blanks,166,State Representative,Thirteenth Suffolk
Boston,16,10,Total Votes Cast,681,State Representative,Thirteenth Suffolk
Boston,16,11,Brandy Fluker Oakley,347,State Representative,Twelfth Suffolk
Boston,16,11,All Others,13,State Representative,Twelfth Suffolk
Boston,16,11,Blanks,135,State Representative,Twelfth Suffolk
Boston,16,11,Total Votes Cast,495,State Representative,Twelfth Suffolk
Boston,16,12,Daniel J. Hunt,571,State Representative,Thirteenth Suffolk
Boston,16,12,All Others,20,State Representative,Thirteenth Suffolk
Boston,16,12,Blanks,246,State Representative,Thirteenth Suffolk
Boston,16,12,Total Votes Cast,837,State Representative,Thirteenth Suffolk
Boston,16,2,Daniel J. Hunt,327,State Representative,Thirteenth Suffolk
Boston,16,2,All Others,12,State Representative,Thirteenth Suffolk
Boston,16,2,Blanks,104,State Representative,Thirteenth Suffolk
Boston,16,2,Total Votes Cast,443,State Representative,Thirteenth Suffolk
Boston,16,3,Daniel J. Hunt,403,State Representative,Thirteenth Suffolk
Boston,16,3,All Others,8,State Representative,Thirteenth Suffolk
Boston,16,3,Blanks,131,State Representative,Thirteenth Suffolk
Boston,16,3,Total Votes Cast,542,State Representative,Thirteenth Suffolk
Boston,16,4,Daniel J. Hunt,395,State Representative,Thirteenth Suffolk
Boston,16,4,All Others,8,State Representative,Thirteenth Suffolk
Boston,16,4,Blanks,113,State Representative,Thirteenth Suffolk
Boston,16,4,Total Votes Cast,516,State Representative,Thirteenth Suffolk
Boston,16,5,Daniel J. Hunt,499,State Representative,Thirteenth Suffolk
Boston,16,5,All Others,12,State Representative,Thirteenth Suffolk
Boston,16,5,Blanks,111,State Representative,Thirteenth Suffolk
Boston,16,5,Total Votes Cast,622,State Representative,Thirteenth Suffolk
Boston,16,6,Daniel J. Hunt,597,State Representative,Thirteenth Suffolk
Boston,16,6,All Others,7,State Representative,Thirteenth Suffolk
Boston,16,6,Blanks,168,State Representative,Thirteenth Suffolk
Boston,16,6,Total Votes Cast,772,State Representative,Thirteenth Suffolk
Boston,16,7,Daniel J. Hunt,498,State Representative,Thirteenth Suffolk
Boston,16,7,All Others,21,State Representative,Thirteenth Suffolk
Boston,16,7,Blanks,172,State Representative,Thirteenth Suffolk
Boston,16,7,Total Votes Cast,691,State Representative,Thirteenth Suffolk
Boston,16,8,Daniel J. Hunt,796,State Representative,Thirteenth Suffolk
Boston,16,8,All Others,24,State Representative,Thirteenth Suffolk
Boston,16,8,Blanks,272,State Representative,Thirteenth Suffolk
Boston,16,8,Total Votes Cast,1092,State Representative,Thirteenth Suffolk
Boston,16,9,Daniel J. Hunt,604,State Representative,Thirteenth Suffolk
Boston,16,9,All Others,22,State Representative,Thirteenth Suffolk
Boston,16,9,Blanks,269,State Representative,Thirteenth Suffolk
Boston,16,9,Total Votes Cast,895,State Representative,Thirteenth Suffolk
Boston,17,1,Russell E. Holmes,321,State Representative,Sixth Suffolk
Boston,17,1,All Others,5,State Representative,Sixth Suffolk
Boston,17,1,Blanks,54,State Representative,Sixth Suffolk
Boston,17,1,Total Votes Cast,380,State Representative,Sixth Suffolk
Boston,17,10,Brandy Fluker Oakley,460,State Representative,Twelfth Suffolk
Boston,17,10,All Others,5,State Representative,Twelfth Suffolk
Boston,17,10,Blanks,74,State Representative,Twelfth Suffolk
Boston,17,10,Total Votes Cast,539,State Representative,Twelfth Suffolk
Boston,17,11,Brandy Fluker Oakley,205,State Representative,Twelfth Suffolk
Boston,17,11,All Others,1,State Representative,Twelfth Suffolk
Boston,17,11,Blanks,37,State Representative,Twelfth Suffolk
Boston,17,11,Total Votes Cast,243,State Representative,Twelfth Suffolk
Boston,17,12,Brandy Fluker Oakley,356,State Representative,Twelfth Suffolk
Boston,17,12,All Others,3,State Representative,Twelfth Suffolk
Boston,17,12,Blanks,65,State Representative,Twelfth Suffolk
Boston,17,12,Total Votes Cast,424,State Representative,Twelfth Suffolk
Boston,17,13,Brandy Fluker Oakley,524,State Representative,Twelfth Suffolk
Boston,17,13,All Others,7,State Representative,Twelfth Suffolk
Boston,17,13,Blanks,144,State Representative,Twelfth Suffolk
Boston,17,13,Total Votes Cast,675,State Representative,Twelfth Suffolk
Boston,17,14,Brandy Fluker Oakley,579,State Representative,Twelfth Suffolk
Boston,17,14,All Others,9,State Representative,Twelfth Suffolk
Boston,17,14,Blanks,127,State Representative,Twelfth Suffolk
Boston,17,14,Total Votes Cast,715,State Representative,Twelfth Suffolk
Boston,17,2,Russell E. Holmes,244,State Representative,Sixth Suffolk
Boston,17,2,All Others,2,State Representative,Sixth Suffolk
Boston,17,2,Blanks,44,State Representative,Sixth Suffolk
Boston,17,2,Total Votes Cast,290,State Representative,Sixth Suffolk
Boston,17,3,Russell E. Holmes,574,State Representative,Sixth Suffolk
Boston,17,3,All Others,11,State Representative,Sixth Suffolk
Boston,17,3,Blanks,115,State Representative,Sixth Suffolk
Boston,17,3,Total Votes Cast,700,State Representative,Sixth Suffolk
Boston,17,4,Brandy Fluker Oakley,735,State Representative,Twelfth Suffolk
Boston,17,4,All Others,10,State Representative,Twelfth Suffolk
Boston,17,4,Blanks,158,State Representative,Twelfth Suffolk
Boston,17,4,Total Votes Cast,903,State Representative,Twelfth Suffolk
Boston,17,5,Russell E. Holmes,225,State Representative,Sixth Suffolk
Boston,17,5,All Others,8,State Representative,Sixth Suffolk
Boston,17,5,Blanks,28,State Representative,Sixth Suffolk
Boston,17,5,Total Votes Cast,261,State Representative,Sixth Suffolk
Boston,17,6,Russell E. Holmes,447,State Representative,Sixth Suffolk
Boston,17,6,All Others,10,State Representative,Sixth Suffolk
Boston,17,6,Blanks,85,State Representative,Sixth Suffolk
Boston,17,6,Total Votes Cast,542,State Representative,Sixth Suffolk
Boston,17,7,Russell E. Holmes,245,State Representative,Sixth Suffolk
Boston,17,7,All Others,3,State Representative,Sixth Suffolk
Boston,17,7,Blanks,33,State Representative,Sixth Suffolk
Boston,17,7,Total Votes Cast,281,State Representative,Sixth Suffolk
Boston,17,8,Brandy Fluker Oakley,357,State Representative,Twelfth Suffolk
Boston,17,8,All Others,8,State Representative,Twelfth Suffolk
Boston,17,8,Blanks,68,State Representative,Twelfth Suffolk
Boston,17,8,Total Votes Cast,433,State Representative,Twelfth Suffolk
Boston,17,9,Brandy Fluker Oakley,402,State Representative,Twelfth Suffolk
Boston,17,9,All Others,1,State Representative,Twelfth Suffolk
Boston,17,9,Blanks,87,State Representative,Twelfth Suffolk
Boston,17,9,Total Votes Cast,490,State Representative,Twelfth Suffolk
Boston,18,1,Brandy Fluker Oakley,719,State Representative,Twelfth Suffolk
Boston,18,1,All Others,8,State Representative,Twelfth Suffolk
Boston,18,1,Blanks,118,State Representative,Twelfth Suffolk
Boston,18,1,Total Votes Cast,845,State Representative,Twelfth Suffolk
Boston,18,10,Rob Consalvo,1048,State Representative,Fourteenth Suffolk
Boston,18,10,All Others,15,State Representative,Fourteenth Suffolk
Boston,18,10,Blanks,216,State Representative,Fourteenth Suffolk
Boston,18,10,Total Votes Cast,1279,State Representative,Fourteenth Suffolk
Boston,18,11,Rob Consalvo,474,State Representative,Fourteenth Suffolk
Boston,18,11,All Others,3,State Representative,Fourteenth Suffolk
Boston,18,11,Blanks,81,State Representative,Fourteenth Suffolk
Boston,18,11,Total Votes Cast,558,State Representative,Fourteenth Suffolk
Boston,18,12,Rob Consalvo,625,State Representative,Fourteenth Suffolk
Boston,18,12,All Others,5,State Representative,Fourteenth Suffolk
Boston,18,12,Blanks,130,State Representative,Fourteenth Suffolk
Boston,18,12,Total Votes Cast,760,State Representative,Fourteenth Suffolk
Boston,18,13,Rob Consalvo,371,State Representative,Fourteenth Suffolk
Boston,18,13,All Others,4,State Representative,Fourteenth Suffolk
Boston,18,13,Blanks,50,State Representative,Fourteenth Suffolk
Boston,18,13,Total Votes Cast,425,State Representative,Fourteenth Suffolk
Boston,18,14,Rob Consalvo,366,State Representative,Fourteenth Suffolk
Boston,18,14,All Others,2,State Representative,Fourteenth Suffolk
Boston,18,14,Blanks,57,State Representative,Fourteenth Suffolk
Boston,18,14,Total Votes Cast,425,State Representative,Fourteenth Suffolk
Boston,18,15,Rob Consalvo,546,State Representative,Fourteenth Suffolk
Boston,18,15,All Others,3,State Representative,Fourteenth Suffolk
Boston,18,15,Blanks,102,State Representative,Fourteenth Suffolk
Boston,18,15,Total Votes Cast,651,State Representative,Fourteenth Suffolk
Boston,18,16,Rob Consalvo,752,State Representative,Fourteenth Suffolk
Boston,18,16,All Others,13,State Representative,Fourteenth Suffolk
Boston,18,16,Blanks,172,State Representative,Fourteenth Suffolk
Boston,18,16,Total Votes Cast,937,State Representative,Fourteenth Suffolk
Boston,18,17,Rob Consalvo,576,State Representative,Fourteenth Suffolk
Boston,18,17,All Others,15,State Representative,Fourteenth Suffolk
Boston,18,17,Blanks,100,State Representative,Fourteenth Suffolk
Boston,18,17,Total Votes Cast,691,State Representative,Fourteenth Suffolk
Boston,18,18,Rob Consalvo,699,State Representative,Fourteenth Suffolk
Boston,18,18,All Others,7,State Representative,Fourteenth Suffolk
Boston,18,18,Blanks,135,State Representative,Fourteenth Suffolk
Boston,18,18,Total Votes Cast,841,State Representative,Fourteenth Suffolk
Boston,18,19,Rob Consalvo,971,State Representative,Fourteenth Suffolk
Boston,18,19,All Others,8,State Representative,Fourteenth Suffolk
Boston,18,19,Blanks,184,State Representative,Fourteenth Suffolk
Boston,18,19,Total Votes Cast,1163,State Representative,Fourteenth Suffolk
Boston,18,2,Brandy Fluker Oakley,478,State Representative,Twelfth Suffolk
Boston,18,2,All Others,6,State Representative,Twelfth Suffolk
Boston,18,2,Blanks,77,State Representative,Twelfth Suffolk
Boston,18,2,Total Votes Cast,561,State Representative,Twelfth Suffolk
Boston,18,20,Rob Consalvo,883,State Representative,Fourteenth Suffolk
Boston,18,20,All Others,19,State Representative,Fourteenth Suffolk
Boston,18,20,Blanks,175,State Representative,Fourteenth Suffolk
Boston,18,20,Total Votes Cast,1077,State Representative,Fourteenth Suffolk
Boston,18,21,Brandy Fluker Oakley,675,State Representative,Twelfth Suffolk
Boston,18,21,All Others,3,State Representative,Twelfth Suffolk
Boston,18,21,Blanks,125,State Representative,Twelfth Suffolk
Boston,18,21,Total Votes Cast,803,State Representative,Twelfth Suffolk
Boston,18,22,Rob Consalvo,817,State Representative,Fourteenth Suffolk
Boston,18,22,All Others,10,State Representative,Fourteenth Suffolk
Boston,18,22,Blanks,177,State Representative,Fourteenth Suffolk
Boston,18,22,Total Votes Cast,1004,State Representative,Fourteenth Suffolk
Boston,18,23,Rob Consalvo,345,State Representative,Fourteenth Suffolk
Boston,18,23,All Others,4,State Representative,Fourteenth Suffolk
Boston,18,23,Blanks,79,State Representative,Fourteenth Suffolk
Boston,18,23,Total Votes Cast,428,State Representative,Fourteenth Suffolk
Boston,18,3,Brandy Fluker Oakley,548,State Representative,Twelfth Suffolk
Boston,18,3,All Others,6,State Representative,Twelfth Suffolk
Boston,18,3,Blanks,77,State Representative,Twelfth Suffolk
Boston,18,3,Total Votes Cast,631,State Representative,Twelfth Suffolk
Boston,18,4,Brandy Fluker Oakley,574,State Representative,Twelfth Suffolk
Boston,18,4,All Others,6,State Representative,Twelfth Suffolk
Boston,18,4,Blanks,83,State Representative,Twelfth Suffolk
Boston,18,4,Total Votes Cast,663,State Representative,Twelfth Suffolk
Boston,18,5,Brandy Fluker Oakley,628,State Representative,Twelfth Suffolk
Boston,18,5,All Others,5,State Representative,Twelfth Suffolk
Boston,18,5,Blanks,100,State Representative,Twelfth Suffolk
Boston,18,5,Total Votes Cast,733,State Representative,Twelfth Suffolk
Boston,18,6,Brandy Fluker Oakley,781,State Representative,Twelfth Suffolk
Boston,18,6,All Others,9,State Representative,Twelfth Suffolk
Boston,18,6,Blanks,128,State Representative,Twelfth Suffolk
Boston,18,6,Total Votes Cast,918,State Representative,Twelfth Suffolk
Boston,18,7,Russell E. Holmes,560,State Representative,Sixth Suffolk
Boston,18,7,All Others,13,State Representative,Sixth Suffolk
Boston,18,7,Blanks,116,State Representative,Sixth Suffolk
Boston,18,7,Total Votes Cast,689,State Representative,Sixth Suffolk
Boston,18,8,Russell E. Holmes,922,State Representative,Sixth Suffolk
Boston,18,8,All Others,10,State Representative,Sixth Suffolk
Boston,18,8,Blanks,188,State Representative,Sixth Suffolk
Boston,18,8,Total Votes Cast,1120,State Representative,Sixth Suffolk
Boston,18,9,Rob Consalvo,678,State Representative,Fourteenth Suffolk
Boston,18,9,All Others,10,State Representative,Fourteenth Suffolk
Boston,18,9,Blanks,134,State Representative,Fourteenth Suffolk
Boston,18,9,Total Votes Cast,822,State Representative,Fourteenth Suffolk
Boston,19,1,Samantha Montano,720,State Representative,Fifteenth Suffolk
Boston,19,1,All Others,4,State Representative,Fifteenth Suffolk
Boston,19,1,Blanks,103,State Representative,Fifteenth Suffolk
Boston,19,1,Total Votes Cast,827,State Representative,Fifteenth Suffolk
Boston,19,10,Rob Consalvo,844,State Representative,Fourteenth Suffolk
Boston,19,10,All Others,13,State Representative,Fourteenth Suffolk
Boston,19,10,Blanks,134,State Representative,Fourteenth Suffolk
Boston,19,10,Total Votes Cast,991,State Representative,Fourteenth Suffolk
Boston,19,11,Rob Consalvo,499,State Representative,Fourteenth Suffolk
Boston,19,11,All Others,3,State Representative,Fourteenth Suffolk
Boston,19,11,Blanks,88,State Representative,Fourteenth Suffolk
Boston,19,11,Total Votes Cast,590,State Representative,Fourteenth Suffolk
Boston,19,12,Russell E. Holmes,609,State Representative,Sixth Suffolk
Boston,19,12,All Others,5,State Representative,Sixth Suffolk
Boston,19,12,Blanks,147,State Representative,Sixth Suffolk
Boston,19,12,Total Votes Cast,761,State Representative,Sixth Suffolk
Boston,19,13,Rob Consalvo,444,State Representative,Fourteenth Suffolk
Boston,19,13,All Others,1,State Representative,Fourteenth Suffolk
Boston,19,13,Blanks,95,State Representative,Fourteenth Suffolk
Boston,19,13,Total Votes Cast,540,State Representative,Fourteenth Suffolk
Boston,19,2,Edward Francis Coppinger,802,State Representative,Tenth Suffolk
Boston,19,2,All Others,0,State Representative,Tenth Suffolk
Boston,19,2,Blanks,293,State Representative,Tenth Suffolk
Boston,19,2,Total Votes Cast,1095,State Representative,Tenth Suffolk
Boston,19,3,Edward Francis Coppinger,451,State Representative,Tenth Suffolk
Boston,19,3,All Others,0,State Representative,Tenth Suffolk
Boston,19,3,Blanks,119,State Representative,Tenth Suffolk
Boston,19,3,Total Votes Cast,570,State Representative,Tenth Suffolk
Boston,19,4,Samantha Montano,1014,State Representative,Fifteenth Suffolk
Boston,19,4,All Others,3,State Representative,Fifteenth Suffolk
Boston,19,4,Blanks,132,State Representative,Fifteenth Suffolk
Boston,19,4,Total Votes Cast,1149,State Representative,Fifteenth Suffolk
Boston,19,5,Samantha Montano,695,State Representative,Fifteenth Suffolk
Boston,19,5,All Others,1,State Representative,Fifteenth Suffolk
Boston,19,5,Blanks,133,State Representative,Fifteenth Suffolk
Boston,19,5,Total Votes Cast,829,State Representative,Fifteenth Suffolk
Boston,19,6,Samantha Montano,1057,State Representative,Fifteenth Suffolk
Boston,19,6,All Others,9,State Representative,Fifteenth Suffolk
Boston,19,6,Blanks,159,State Representative,Fifteenth Suffolk
Boston,19,6,Total Votes Cast,1225,State Representative,Fifteenth Suffolk
Boston,19,7,Samantha Montano,795,State Representative,Fifteenth Suffolk
Boston,19,7,All Others,8,State Representative,Fifteenth Suffolk
Boston,19,7,Blanks,109,State Representative,Fifteenth Suffolk
Boston,19,7,Total Votes Cast,912,State Representative,Fifteenth Suffolk
Boston,19,8,Edward Francis Coppinger,575,State Representative,Tenth Suffolk
Boston,19,8,All Others,0,State Representative,Tenth Suffolk
Boston,19,8,Blanks,204,State Representative,Tenth Suffolk
Boston,19,8,Total Votes Cast,779,State Representative,Tenth Suffolk
Boston,19,9,Samantha Montano,458,State Representative,Fifteenth Suffolk
Boston,19,9,All Others,3,State Representative,Fifteenth Suffolk
Boston,19,9,Blanks,85,State Representative,Fifteenth Suffolk
Boston,19,9,Total Votes Cast,546,State Representative,Fifteenth Suffolk
Boston,2,1,Daniel Joseph Ryan,832,State Representative,Second Suffolk
Boston,2,1,All Others,16,State Representative,Second Suffolk
Boston,2,1,Blanks,261,State Representative,Second Suffolk
Boston,2,1,Total Votes Cast,1109,State Representative,Second Suffolk
Boston,2,2,Daniel Joseph Ryan,815,State Representative,Second Suffolk
Boston,2,2,All Others,7,State Representative,Second Suffolk
Boston,2,2,Blanks,215,State Representative,Second Suffolk
Boston,2,2,Total Votes Cast,1037,State Representative,Second Suffolk
Boston,2,3,Daniel Joseph Ryan,932,State Representative,Second Suffolk
Boston,2,3,All Others,25,State Representative,Second Suffolk
Boston,2,3,Blanks,275,State Representative,Second Suffolk
Boston,2,3,Total Votes Cast,1232,State Representative,Second Suffolk
Boston,2,4,Daniel Joseph Ryan,854,State Representative,Second Suffolk
Boston,2,4,All Others,9,State Representative,Second Suffolk
Boston,2,4,Blanks,213,State Representative,Second Suffolk
Boston,2,4,Total Votes Cast,1076,State Representative,Second Suffolk
Boston,2,5,Daniel Joseph Ryan,896,State Representative,Second Suffolk
Boston,2,5,All Others,14,State Representative,Second Suffolk
Boston,2,5,Blanks,220,State Representative,Second Suffolk
Boston,2,5,Total Votes Cast,1130,State Representative,Second Suffolk
Boston,2,6,Daniel Joseph Ryan,766,State Representative,Second Suffolk
Boston,2,6,All Others,11,State Representative,Second Suffolk
Boston,2,6,Blanks,174,State Representative,Second Suffolk
Boston,2,6,Total Votes Cast,951,State Representative,Second Suffolk
Boston,2,7,Daniel Joseph Ryan,509,State Representative,Second Suffolk
Boston,2,7,All Others,6,State Representative,Second Suffolk
Boston,2,7,Blanks,112,State Representative,Second Suffolk
Boston,2,7,Total Votes Cast,627,State Representative,Second Suffolk
Boston,2,8,Daniel Joseph Ryan,335,State Representative,Second Suffolk
Boston,2,8,All Others,7,State Representative,Second Suffolk
Boston,2,8,Blanks,122,State Representative,Second Suffolk
Boston,2,8,Total Votes Cast,464,State Representative,Second Suffolk
Boston,20,1,Edward Francis Coppinger,711,State Representative,Tenth Suffolk
Boston,20,1,All Others,0,State Representative,Tenth Suffolk
Boston,20,1,Blanks,255,State Representative,Tenth Suffolk
Boston,20,1,Total Votes Cast,966,State Representative,Tenth Suffolk
Boston,20,10,Edward Francis Coppinger,944,State Representative,Tenth Suffolk
Boston,20,10,All Others,0,State Representative,Tenth Suffolk
Boston,20,10,Blanks,289,State Representative,Tenth Suffolk
Boston,20,10,Total Votes Cast,1233,State Representative,Tenth Suffolk
Boston,20,11,Edward Francis Coppinger,449,State Representative,Tenth Suffolk
Boston,20,11,All Others,0,State Representative,Tenth Suffolk
Boston,20,11,Blanks,135,State Representative,Tenth Suffolk
Boston,20,11,Total Votes Cast,584,State Representative,Tenth Suffolk
Boston,20,12,Edward Francis Coppinger,561,State Representative,Tenth Suffolk
Boston,20,12,All Others,0,State Representative,Tenth Suffolk
Boston,20,12,Blanks,195,State Representative,Tenth Suffolk
Boston,20,12,Total Votes Cast,756,State Representative,Tenth Suffolk
Boston,20,13,Edward Francis Coppinger,487,State Representative,Tenth Suffolk
Boston,20,13,All Others,0,State Representative,Tenth Suffolk
Boston,20,13,Blanks,172,State Representative,Tenth Suffolk
Boston,20,13,Total Votes Cast,659,State Representative,Tenth Suffolk
Boston,20,14,Edward Francis Coppinger,515,State Representative,Tenth Suffolk
Boston,20,14,All Others,0,State Representative,Tenth Suffolk
Boston,20,14,Blanks,153,State Representative,Tenth Suffolk
Boston,20,14,Total Votes Cast,668,State Representative,Tenth Suffolk
Boston,20,15,Edward Francis Coppinger,783,State Representative,Tenth Suffolk
Boston,20,15,All Others,0,State Representative,Tenth Suffolk
Boston,20,15,Blanks,295,State Representative,Tenth Suffolk
Boston,20,15,Total Votes Cast,1078,State Representative,Tenth Suffolk
Boston,20,16,Edward Francis Coppinger,851,State Representative,Tenth Suffolk
Boston,20,16,All Others,0,State Representative,Tenth Suffolk
Boston,20,16,Blanks,302,State Representative,Tenth Suffolk
Boston,20,16,Total Votes Cast,1153,State Representative,Tenth Suffolk
Boston,20,17,Edward Francis Coppinger,975,State Representative,Tenth Suffolk
Boston,20,17,All Others,0,State Representative,Tenth Suffolk
Boston,20,17,Blanks,335,State Representative,Tenth Suffolk
Boston,20,17,Total Votes Cast,1310,State Representative,Tenth Suffolk
Boston,20,18,Edward Francis Coppinger,521,State Representative,Tenth Suffolk
Boston,20,18,All Others,0,State Representative,Tenth Suffolk
Boston,20,18,Blanks,157,State Representative,Tenth Suffolk
Boston,20,18,Total Votes Cast,678,State Representative,Tenth Suffolk
Boston,20,19,Edward Francis Coppinger,530,State Representative,Tenth Suffolk
Boston,20,19,All Others,0,State Representative,Tenth Suffolk
Boston,20,19,Blanks,176,State Representative,Tenth Suffolk
Boston,20,19,Total Votes Cast,706,State Representative,Tenth Suffolk
Boston,20,2,Edward Francis Coppinger,714,State Representative,Tenth Suffolk
Boston,20,2,All Others,0,State Representative,Tenth Suffolk
Boston,20,2,Blanks,220,State Representative,Tenth Suffolk
Boston,20,2,Total Votes Cast,934,State Representative,Tenth Suffolk
Boston,20,20,Edward Francis Coppinger,819,State Representative,Tenth Suffolk
Boston,20,20,All Others,0,State Representative,Tenth Suffolk
Boston,20,20,Blanks,235,State Representative,Tenth Suffolk
Boston,20,20,Total Votes Cast,1054,State Representative,Tenth Suffolk
Boston,20,21,Rob Consalvo,67,State Representative,Fourteenth Suffolk
Boston,20,21,All Others,3,State Representative,Fourteenth Suffolk
Boston,20,21,Blanks,14,State Representative,Fourteenth Suffolk
Boston,20,21,Total Votes Cast,84,State Representative,Fourteenth Suffolk
Boston,20,3,Rob Consalvo,560,State Representative,Fourteenth Suffolk
Boston,20,3,All Others,13,State Representative,Fourteenth Suffolk
Boston,20,3,Blanks,207,State Representative,Fourteenth Suffolk
Boston,20,3,Total Votes Cast,780,State Representative,Fourteenth Suffolk
Boston,20,4,Edward Francis Coppinger,681,State Representative,Tenth Suffolk
Boston,20,4,All Others,0,State Representative,Tenth Suffolk
Boston,20,4,Blanks,208,State Representative,Tenth Suffolk
Boston,20,4,Total Votes Cast,889,State Representative,Tenth Suffolk
Boston,20,5,Edward Francis Coppinger,721,State Representative,Tenth Suffolk
Boston,20,5,All Others,0,State Representative,Tenth Suffolk
Boston,20,5,Blanks,266,State Representative,Tenth Suffolk
Boston,20,5,Total Votes Cast,987,State Representative,Tenth Suffolk
Boston,20,6,Edward Francis Coppinger,879,State Representative,Tenth Suffolk
Boston,20,6,All Others,0,State Representative,Tenth Suffolk
Boston,20,6,Blanks,277,State Representative,Tenth Suffolk
Boston,20,6,Total Votes Cast,1156,State Representative,Tenth Suffolk
Boston,20,7,Edward Francis Coppinger,533,State Representative,Tenth Suffolk
Boston,20,7,All Others,0,State Representative,Tenth Suffolk
Boston,20,7,Blanks,137,State Representative,Tenth Suffolk
Boston,20,7,Total Votes Cast,670,State Representative,Tenth Suffolk
Boston,20,8,Edward Francis Coppinger,614,State Representative,Tenth Suffolk
Boston,20,8,All Others,0,State Representative,Tenth Suffolk
Boston,20,8,Blanks,164,State Representative,Tenth Suffolk
Boston,20,8,Total Votes Cast,778,State Representative,Tenth Suffolk
Boston,20,9,Edward Francis Coppinger,630,State Representative,Tenth Suffolk
Boston,20,9,All Others,0,State Representative,Tenth Suffolk
Boston,20,9,Blanks,181,State Representative,Tenth Suffolk
Boston,20,9,Total Votes Cast,811,State Representative,Tenth Suffolk
Boston,21,1,Daniel Joseph Ryan,592,State Representative,Second Suffolk
Boston,21,1,All Others,9,State Representative,Second Suffolk
Boston,21,1,Blanks,91,State Representative,Second Suffolk
Boston,21,1,Total Votes Cast,692,State Representative,Second Suffolk
Boston,21,10,Kevin G. Honan,522,State Representative,Seventeenth Suffolk
Boston,21,10,All Others,5,State Representative,Seventeenth Suffolk
Boston,21,10,Blanks,79,State Representative,Seventeenth Suffolk
Boston,21,10,Total Votes Cast,606,State Representative,Seventeenth Suffolk
Boston,21,11,Kevin G. Honan,664,State Representative,Seventeenth Suffolk
Boston,21,11,All Others,9,State Representative,Seventeenth Suffolk
Boston,21,11,Blanks,104,State Representative,Seventeenth Suffolk
Boston,21,11,Total Votes Cast,777,State Representative,Seventeenth Suffolk
Boston,21,12,Kevin G. Honan,557,State Representative,Seventeenth Suffolk
Boston,21,12,All Others,10,State Representative,Seventeenth Suffolk
Boston,21,12,Blanks,123,State Representative,Seventeenth Suffolk
Boston,21,12,Total Votes Cast,690,State Representative,Seventeenth Suffolk
Boston,21,13,Michael J. Moran,677,State Representative,Eighteenth Suffolk
Boston,21,13,All Others,15,State Representative,Eighteenth Suffolk
Boston,21,13,Blanks,231,State Representative,Eighteenth Suffolk
Boston,21,13,Total Votes Cast,923,State Representative,Eighteenth Suffolk
Boston,21,14,Michael J. Moran,395,State Representative,Eighteenth Suffolk
Boston,21,14,All Others,6,State Representative,Eighteenth Suffolk
Boston,21,14,Blanks,70,State Representative,Eighteenth Suffolk
Boston,21,14,Total Votes Cast,471,State Representative,Eighteenth Suffolk
Boston,21,15,Kevin G. Honan,480,State Representative,Seventeenth Suffolk
Boston,21,15,All Others,6,State Representative,Seventeenth Suffolk
Boston,21,15,Blanks,92,State Representative,Seventeenth Suffolk
Boston,21,15,Total Votes Cast,578,State Representative,Seventeenth Suffolk
Boston,21,16,Michael J. Moran,625,State Representative,Eighteenth Suffolk
Boston,21,16,All Others,8,State Representative,Eighteenth Suffolk
Boston,21,16,Blanks,166,State Representative,Eighteenth Suffolk
Boston,21,16,Total Votes Cast,799,State Representative,Eighteenth Suffolk
Boston,21,2,Michael J. Moran,147,State Representative,Eighteenth Suffolk
Boston,21,2,All Others,3,State Representative,Eighteenth Suffolk
Boston,21,2,Blanks,15,State Representative,Eighteenth Suffolk
Boston,21,2,Total Votes Cast,165,State Representative,Eighteenth Suffolk
Boston,21,3,Kevin G. Honan,292,State Representative,Seventeenth Suffolk
Boston,21,3,All Others,1,State Representative,Seventeenth Suffolk
Boston,21,3,Blanks,49,State Representative,Seventeenth Suffolk
Boston,21,3,Total Votes Cast,342,State Representative,Seventeenth Suffolk
Boston,21,4,Michael J. Moran,291,State Representative,Eighteenth Suffolk
Boston,21,4,All Others,5,State Representative,Eighteenth Suffolk
Boston,21,4,Blanks,46,State Representative,Eighteenth Suffolk
Boston,21,4,Total Votes Cast,342,State Representative,Eighteenth Suffolk
Boston,21,5,Kevin G. Honan,469,State Representative,Seventeenth Suffolk
Boston,21,5,All Others,11,State Representative,Seventeenth Suffolk
Boston,21,5,Blanks,93,State Representative,Seventeenth Suffolk
Boston,21,5,Total Votes Cast,573,State Representative,Seventeenth Suffolk
Boston,21,6,Kevin G. Honan,433,State Representative,Seventeenth Suffolk
Boston,21,6,All Others,5,State Representative,Seventeenth Suffolk
Boston,21,6,Blanks,63,State Representative,Seventeenth Suffolk
Boston,21,6,Total Votes Cast,501,State Representative,Seventeenth Suffolk
Boston,21,7,Kevin G. Honan,443,State Representative,Seventeenth Suffolk
Boston,21,7,All Others,8,State Representative,Seventeenth Suffolk
Boston,21,7,Blanks,74,State Representative,Seventeenth Suffolk
Boston,21,7,Total Votes Cast,525,State Representative,Seventeenth Suffolk
Boston,21,8,Kevin G. Honan,649,State Representative,Seventeenth Suffolk
Boston,21,8,All Others,10,State Representative,Seventeenth Suffolk
Boston,21,8,Blanks,100,State Representative,Seventeenth Suffolk
Boston,21,8,Total Votes Cast,759,State Representative,Seventeenth Suffolk
Boston,21,9,Kevin G. Honan,680,State Representative,Seventeenth Suffolk
Boston,21,9,All Others,11,State Representative,Seventeenth Suffolk
Boston,21,9,Blanks,90,State Representative,Seventeenth Suffolk
Boston,21,9,Total Votes Cast,781,State Representative,Seventeenth Suffolk
Boston,22,1,Michael J. Moran,666,State Representative,Eighteenth Suffolk
Boston,22,1,All Others,14,State Representative,Eighteenth Suffolk
Boston,22,1,Blanks,132,State Representative,Eighteenth Suffolk
Boston,22,1,Total Votes Cast,812,State Representative,Eighteenth Suffolk
Boston,22,10,Kevin G. Honan,645,State Representative,Seventeenth Suffolk
Boston,22,10,All Others,13,State Representative,Seventeenth Suffolk
Boston,22,10,Blanks,110,State Representative,Seventeenth Suffolk
Boston,22,10,Total Votes Cast,768,State Representative,Seventeenth Suffolk
Boston,22,11,Michael J. Moran,400,State Representative,Eighteenth Suffolk
Boston,22,11,All Others,4,State Representative,Eighteenth Suffolk
Boston,22,11,Blanks,93,State Representative,Eighteenth Suffolk
Boston,22,11,Total Votes Cast,497,State Representative,Eighteenth Suffolk
Boston,22,12,Michael J. Moran,373,State Representative,Eighteenth Suffolk
Boston,22,12,All Others,5,State Representative,Eighteenth Suffolk
Boston,22,12,Blanks,106,State Representative,Eighteenth Suffolk
Boston,22,12,Total Votes Cast,484,State Representative,Eighteenth Suffolk
Boston,22,13,Michael J. Moran,364,State Representative,Eighteenth Suffolk
Boston,22,13,All Others,3,State Representative,Eighteenth Suffolk
Boston,22,13,Blanks,72,State Representative,Eighteenth Suffolk
Boston,22,13,Total Votes Cast,439,State Representative,Eighteenth Suffolk
Boston,22,2,Kevin G. Honan,841,State Representative,Seventeenth Suffolk
Boston,22,2,All Others,13,State Representative,Seventeenth Suffolk
Boston,22,2,Blanks,145,State Representative,Seventeenth Suffolk
Boston,22,2,Total Votes Cast,999,State Representative,Seventeenth Suffolk
Boston,22,3,Kevin G. Honan,732,State Representative,Seventeenth Suffolk
Boston,22,3,All Others,11,State Representative,Seventeenth Suffolk
Boston,22,3,Blanks,122,State Representative,Seventeenth Suffolk
Boston,22,3,Total Votes Cast,865,State Representative,Seventeenth Suffolk
Boston,22,4,Michael J. Moran,576,State Representative,Eighteenth Suffolk
Boston,22,4,All Others,13,State Representative,Eighteenth Suffolk
Boston,22,4,Blanks,138,State Representative,Eighteenth Suffolk
Boston,22,4,Total Votes Cast,727,State Representative,Eighteenth Suffolk
Boston,22,5,Michael J. Moran,456,State Representative,Eighteenth Suffolk
Boston,22,5,All Others,8,State Representative,Eighteenth Suffolk
Boston,22,5,Blanks,100,State Representative,Eighteenth Suffolk
Boston,22,5,Total Votes Cast,564,State Representative,Eighteenth Suffolk
Boston,22,6,Kevin G. Honan,469,State Representative,Seventeenth Suffolk
Boston,22,6,All Others,10,State Representative,Seventeenth Suffolk
Boston,22,6,Blanks,68,State Representative,Seventeenth Suffolk
Boston,22,6,Total Votes Cast,547,State Representative,Seventeenth Suffolk
Boston,22,7,Michael J. Moran,620,State Representative,Eighteenth Suffolk
Boston,22,7,All Others,10,State Representative,Eighteenth Suffolk
Boston,22,7,Blanks,132,State Representative,Eighteenth Suffolk
Boston,22,7,Total Votes Cast,762,State Representative,Eighteenth Suffolk
Boston,22,8,Michael J. Moran,449,State Representative,Eighteenth Suffolk
Boston,22,8,All Others,7,State Representative,Eighteenth Suffolk
Boston,22,8,Blanks,126,State Representative,Eighteenth Suffolk
Boston,22,8,Total Votes Cast,582,State Representative,Eighteenth Suffolk
Boston,22,9,Kevin G. Honan,512,State Representative,Seventeenth Suffolk
Boston,22,9,All Others,14,State Representative,Seventeenth Suffolk
Boston,22,9,Blanks,130,State Representative,Seventeenth Suffolk
Boston,22,9,Total Votes Cast,656,State Representative,Seventeenth Suffolk
Boston,3,1,Aaron M. Michlewitz,746,State Representative,Third Suffolk
Boston,3,1,All Others,16,State Representative,Third Suffolk
Boston,3,1,Blanks,189,State Representative,Third Suffolk
Boston,3,1,Total Votes Cast,951,State Representative,Third Suffolk
Boston,3,10,Aaron M. Michlewitz,767,State Representative,Third Suffolk
Boston,3,10,All Others,8,State Representative,Third Suffolk
Boston,3,10,Blanks,175,State Representative,Third Suffolk
Boston,3,10,Total Votes Cast,950,State Representative,Third Suffolk
Boston,3,11,Aaron M. Michlewitz,649,State Representative,Third Suffolk
Boston,3,11,All Others,16,State Representative,Third Suffolk
Boston,3,11,Blanks,152,State Representative,Third Suffolk
Boston,3,11,Total Votes Cast,817,State Representative,Third Suffolk
Boston,3,12,Aaron M. Michlewitz,647,State Representative,Third Suffolk
Boston,3,12,All Others,13,State Representative,Third Suffolk
Boston,3,12,Blanks,324,State Representative,Third Suffolk
Boston,3,12,Total Votes Cast,984,State Representative,Third Suffolk
Boston,3,13,Aaron M. Michlewitz,429,State Representative,Third Suffolk
Boston,3,13,All Others,5,State Representative,Third Suffolk
Boston,3,13,Blanks,165,State Representative,Third Suffolk
Boston,3,13,Total Votes Cast,599,State Representative,Third Suffolk
Boston,3,13A,Aaron M. Michlewitz,0,State Representative,Third Suffolk
Boston,3,13A,All Others,0,State Representative,Third Suffolk
Boston,3,13A,Blanks,0,State Representative,Third Suffolk
Boston,3,13A,Total Votes Cast,0,State Representative,Third Suffolk
Boston,3,14,Aaron M. Michlewitz,529,State Representative,Third Suffolk
Boston,3,14,All Others,13,State Representative,Third Suffolk
Boston,3,14,Blanks,241,State Representative,Third Suffolk
Boston,3,14,Total Votes Cast,783,State Representative,Third Suffolk
Boston,3,15,Aaron M. Michlewitz,545,State Representative,Third Suffolk
Boston,3,15,All Others,4,State Representative,Third Suffolk
Boston,3,15,Blanks,88,State Representative,Third Suffolk
Boston,3,15,Total Votes Cast,637,State Representative,Third Suffolk
Boston,3,16,Jon Santiago,950,State Representative,Ninth Suffolk
Boston,3,16,All Others,15,State Representative,Ninth Suffolk
Boston,3,16,Blanks,160,State Representative,Ninth Suffolk
Boston,3,16,Total Votes Cast,1125,State Representative,Ninth Suffolk
Boston,3,17,Jay D. Livingstone,532,State Representative,Eighth Suffolk
Boston,3,17,All Others,8,State Representative,Eighth Suffolk
Boston,3,17,Blanks,123,State Representative,Eighth Suffolk
Boston,3,17,Total Votes Cast,663,State Representative,Eighth Suffolk
Boston,3,2,Aaron M. Michlewitz,771,State Representative,Third Suffolk
Boston,3,2,All Others,14,State Representative,Third Suffolk
Boston,3,2,Blanks,207,State Representative,Third Suffolk
Boston,3,2,Total Votes Cast,992,State Representative,Third Suffolk
Boston,3,3,Aaron M. Michlewitz,493,State Representative,Third Suffolk
Boston,3,3,All Others,9,State Representative,Third Suffolk
Boston,3,3,Blanks,108,State Representative,Third Suffolk
Boston,3,3,Total Votes Cast,610,State Representative,Third Suffolk
Boston,3,4,Aaron M. Michlewitz,504,State Representative,Third Suffolk
Boston,3,4,All Others,10,State Representative,Third Suffolk
Boston,3,4,Blanks,133,State Representative,Third Suffolk
Boston,3,4,Total Votes Cast,647,State Representative,Third Suffolk
Boston,3,5,Jay D. Livingstone,695,State Representative,Eighth Suffolk
Boston,3,5,All Others,11,State Representative,Eighth Suffolk
Boston,3,5,Blanks,186,State Representative,Eighth Suffolk
Boston,3,5,Total Votes Cast,892,State Representative,Eighth Suffolk
Boston,3,6,Aaron M. Michlewitz,415,State Representative,Third Suffolk
Boston,3,6,All Others,12,State Representative,Third Suffolk
Boston,3,6,Blanks,128,State Representative,Third Suffolk
Boston,3,6,Total Votes Cast,555,State Representative,Third Suffolk
Boston,3,7,Jon Santiago,758,State Representative,Ninth Suffolk
Boston,3,7,All Others,2,State Representative,Ninth Suffolk
Boston,3,7,Blanks,146,State Representative,Ninth Suffolk
Boston,3,7,Total Votes Cast,906,State Representative,Ninth Suffolk
Boston,3,8,Aaron M. Michlewitz,491,State Representative,Third Suffolk
Boston,3,8,All Others,6,State Representative,Third Suffolk
Boston,3,8,Blanks,159,State Representative,Third Suffolk
Boston,3,8,Total Votes Cast,656,State Representative,Third Suffolk
Boston,3,9,Jay D. Livingstone,483,State Representative,Eighth Suffolk
Boston,3,9,All Others,9,State Representative,Eighth Suffolk
Boston,3,9,Blanks,138,State Representative,Eighth Suffolk
Boston,3,9,Total Votes Cast,630,State Representative,Eighth Suffolk
Boston,4,1,Aaron M. Michlewitz,693,State Representative,Third Suffolk
Boston,4,1,All Others,12,State Representative,Third Suffolk
Boston,4,1,Blanks,156,State Representative,Third Suffolk
Boston,4,1,Total Votes Cast,861,State Representative,Third Suffolk
Boston,4,10,Chynah Tyler,114,State Representative,Seventh Suffolk
Boston,4,10,All Others,2,State Representative,Seventh Suffolk
Boston,4,10,Blanks,18,State Representative,Seventh Suffolk
Boston,4,10,Total Votes Cast,134,State Representative,Seventh Suffolk
Boston,4,10A,Daniel Joseph Ryan,0,State Representative,Second Suffolk
Boston,4,10A,All Others,0,State Representative,Second Suffolk
Boston,4,10A,Blanks,0,State Representative,Second Suffolk
Boston,4,10A,Total Votes Cast,0,State Representative,Second Suffolk
Boston,4,11,Jay D. Livingstone,29,State Representative,Eighth Suffolk
Boston,4,11,All Others,0,State Representative,Eighth Suffolk
Boston,4,11,Blanks,6,State Representative,Eighth Suffolk
Boston,4,11,Total Votes Cast,35,State Representative,Eighth Suffolk
Boston,4,12,Jay D. Livingstone,133,State Representative,Eighth Suffolk
Boston,4,12,All Others,3,State Representative,Eighth Suffolk
Boston,4,12,Blanks,26,State Representative,Eighth Suffolk
Boston,4,12,Total Votes Cast,162,State Representative,Eighth Suffolk
Boston,4,2,Jon Santiago,531,State Representative,Ninth Suffolk
Boston,4,2,All Others,12,State Representative,Ninth Suffolk
Boston,4,2,Blanks,170,State Representative,Ninth Suffolk
Boston,4,2,Total Votes Cast,713,State Representative,Ninth Suffolk
Boston,4,3,Jon Santiago,826,State Representative,Ninth Suffolk
Boston,4,3,All Others,8,State Representative,Ninth Suffolk
Boston,4,3,Blanks,175,State Representative,Ninth Suffolk
Boston,4,3,Total Votes Cast,1009,State Representative,Ninth Suffolk
Boston,4,4,Jon Santiago,898,State Representative,Ninth Suffolk
Boston,4,4,All Others,5,State Representative,Ninth Suffolk
Boston,4,4,Blanks,176,State Representative,Ninth Suffolk
Boston,4,4,Total Votes Cast,1079,State Representative,Ninth Suffolk
Boston,4,5,Jon Santiago,690,State Representative,Ninth Suffolk
Boston,4,5,All Others,9,State Representative,Ninth Suffolk
Boston,4,5,Blanks,147,State Representative,Ninth Suffolk
Boston,4,5,Total Votes Cast,846,State Representative,Ninth Suffolk
Boston,4,6,Jay D. Livingstone,518,State Representative,Eighth Suffolk
Boston,4,6,All Others,8,State Representative,Eighth Suffolk
Boston,4,6,Blanks,160,State Representative,Eighth Suffolk
Boston,4,6,Total Votes Cast,686,State Representative,Eighth Suffolk
Boston,4,7,Jay D. Livingstone,435,State Representative,Eighth Suffolk
Boston,4,7,All Others,10,State Representative,Eighth Suffolk
Boston,4,7,Blanks,96,State Representative,Eighth Suffolk
Boston,4,7,Total Votes Cast,541,State Representative,Eighth Suffolk
Boston,4,8,Jay D. Livingstone,375,State Representative,Eighth Suffolk
Boston,4,8,All Others,9,State Representative,Eighth Suffolk
Boston,4,8,Blanks,130,State Representative,Eighth Suffolk
Boston,4,8,Total Votes Cast,514,State Representative,Eighth Suffolk
Boston,4,9,Chynah Tyler,102,State Representative,Seventh Suffolk
Boston,4,9,All Others,0,State Representative,Seventh Suffolk
Boston,4,9,Blanks,24,State Representative,Seventh Suffolk
Boston,4,9,Total Votes Cast,126,State Representative,Seventh Suffolk
Boston,5,1,Aaron M. Michlewitz,279,State Representative,Third Suffolk
Boston,5,1,All Others,11,State Representative,Third Suffolk
Boston,5,1,Blanks,191,State Representative,Third Suffolk
Boston,5,1,Total Votes Cast,481,State Representative,Third Suffolk
Boston,5,10,Daniel Joseph Ryan,355,State Representative,Second Suffolk
Boston,5,10,All Others,7,State Representative,Second Suffolk
Boston,5,10,Blanks,74,State Representative,Second Suffolk
Boston,5,10,Total Votes Cast,436,State Representative,Second Suffolk
Boston,5,11,Jay D. Livingstone,344,State Representative,Eighth Suffolk
Boston,5,11,All Others,6,State Representative,Eighth Suffolk
Boston,5,11,Blanks,61,State Representative,Eighth Suffolk
Boston,5,11,Total Votes Cast,411,State Representative,Eighth Suffolk
Boston,5,12,Daniel Joseph Ryan,374,State Representative,Second Suffolk
Boston,5,12,All Others,5,State Representative,Second Suffolk
Boston,5,12,Blanks,59,State Representative,Second Suffolk
Boston,5,12,Total Votes Cast,438,State Representative,Second Suffolk
Boston,5,13,Aaron M. Michlewitz,638,State Representative,Third Suffolk
Boston,5,13,All Others,2,State Representative,Third Suffolk
Boston,5,13,Blanks,207,State Representative,Third Suffolk
Boston,5,13,Total Votes Cast,847,State Representative,Third Suffolk
Boston,5,14,Aaron M. Michlewitz,642,State Representative,Third Suffolk
Boston,5,14,All Others,10,State Representative,Third Suffolk
Boston,5,14,Blanks,130,State Representative,Third Suffolk
Boston,5,14,Total Votes Cast,782,State Representative,Third Suffolk
Boston,5,15,Jay D. Livingstone,440,State Representative,Eighth Suffolk
Boston,5,15,All Others,5,State Representative,Eighth Suffolk
Boston,5,15,Blanks,99,State Representative,Eighth Suffolk
Boston,5,15,Total Votes Cast,544,State Representative,Eighth Suffolk
Boston,5,2,Jay D. Livingstone,507,State Representative,Eighth Suffolk
Boston,5,2,All Others,8,State Representative,Eighth Suffolk
Boston,5,2,Blanks,93,State Representative,Eighth Suffolk
Boston,5,2,Total Votes Cast,608,State Representative,Eighth Suffolk
Boston,5,3,Jay D. Livingstone,929,State Representative,Eighth Suffolk
Boston,5,3,All Others,19,State Representative,Eighth Suffolk
Boston,5,3,Blanks,199,State Representative,Eighth Suffolk
Boston,5,3,Total Votes Cast,1147,State Representative,Eighth Suffolk
Boston,5,4,Jay D. Livingstone,506,State Representative,Eighth Suffolk
Boston,5,4,All Others,5,State Representative,Eighth Suffolk
Boston,5,4,Blanks,65,State Representative,Eighth Suffolk
Boston,5,4,Total Votes Cast,576,State Representative,Eighth Suffolk
Boston,5,5,Jay D. Livingstone,653,State Representative,Eighth Suffolk
Boston,5,5,All Others,15,State Representative,Eighth Suffolk
Boston,5,5,Blanks,182,State Representative,Eighth Suffolk
Boston,5,5,Total Votes Cast,850,State Representative,Eighth Suffolk
Boston,5,6,Jay D. Livingstone,682,State Representative,Eighth Suffolk
Boston,5,6,All Others,21,State Representative,Eighth Suffolk
Boston,5,6,Blanks,235,State Representative,Eighth Suffolk
Boston,5,6,Total Votes Cast,938,State Representative,Eighth Suffolk
Boston,5,7,Jay D. Livingstone,876,State Representative,Eighth Suffolk
Boston,5,7,All Others,7,State Representative,Eighth Suffolk
Boston,5,7,Blanks,250,State Representative,Eighth Suffolk
Boston,5,7,Total Votes Cast,1133,State Representative,Eighth Suffolk
Boston,5,8,Jay D. Livingstone,789,State Representative,Eighth Suffolk
Boston,5,8,All Others,16,State Representative,Eighth Suffolk
Boston,5,8,Blanks,218,State Representative,Eighth Suffolk
Boston,5,8,Total Votes Cast,1023,State Representative,Eighth Suffolk
Boston,5,9,Jay D. Livingstone,775,State Representative,Eighth Suffolk
Boston,5,9,All Others,25,State Representative,Eighth Suffolk
Boston,5,9,Blanks,190,State Representative,Eighth Suffolk
Boston,5,9,Total Votes Cast,990,State Representative,Eighth Suffolk
Boston,6,1,David Biele,818,State Representative,Fourth Suffolk
Boston,6,1,All Others,15,State Representative,Fourth Suffolk
Boston,6,1,Blanks,193,State Representative,Fourth Suffolk
Boston,6,1,Total Votes Cast,1026,State Representative,Fourth Suffolk
Boston,6,10,David Biele,535,State Representative,Fourth Suffolk
Boston,6,10,All Others,19,State Representative,Fourth Suffolk
Boston,6,10,Blanks,123,State Representative,Fourth Suffolk
Boston,6,10,Total Votes Cast,677,State Representative,Fourth Suffolk
Boston,6,11,David Biele,628,State Representative,Fourth Suffolk
Boston,6,11,All Others,12,State Representative,Fourth Suffolk
Boston,6,11,Blanks,168,State Representative,Fourth Suffolk
Boston,6,11,Total Votes Cast,808,State Representative,Fourth Suffolk
Boston,6,12,David Biele,902,State Representative,Fourth Suffolk
Boston,6,12,All Others,22,State Representative,Fourth Suffolk
Boston,6,12,Blanks,299,State Representative,Fourth Suffolk
Boston,6,12,Total Votes Cast,1223,State Representative,Fourth Suffolk
Boston,6,12A,Adrian C. Madaro,0,State Representative,First Suffolk
Boston,6,12A,All Others,0,State Representative,First Suffolk
Boston,6,12A,Blanks,0,State Representative,First Suffolk
Boston,6,12A,Total Votes Cast,0,State Representative,First Suffolk
Boston,6,2,David Biele,463,State Representative,Fourth Suffolk
Boston,6,2,All Others,7,State Representative,Fourth Suffolk
Boston,6,2,Blanks,112,State Representative,Fourth Suffolk
Boston,6,2,Total Votes Cast,582,State Representative,Fourth Suffolk
Boston,6,3,David Biele,616,State Representative,Fourth Suffolk
Boston,6,3,All Others,13,State Representative,Fourth Suffolk
Boston,6,3,Blanks,163,State Representative,Fourth Suffolk
Boston,6,3,Total Votes Cast,792,State Representative,Fourth Suffolk
Boston,6,4,David Biele,463,State Representative,Fourth Suffolk
Boston,6,4,All Others,11,State Representative,Fourth Suffolk
Boston,6,4,Blanks,107,State Representative,Fourth Suffolk
Boston,6,4,Total Votes Cast,581,State Representative,Fourth Suffolk
Boston,6,5,David Biele,652,State Representative,Fourth Suffolk
Boston,6,5,All Others,13,State Representative,Fourth Suffolk
Boston,6,5,Blanks,161,State Representative,Fourth Suffolk
Boston,6,5,Total Votes Cast,826,State Representative,Fourth Suffolk
Boston,6,6,David Biele,663,State Representative,Fourth Suffolk
Boston,6,6,All Others,25,State Representative,Fourth Suffolk
Boston,6,6,Blanks,191,State Representative,Fourth Suffolk
Boston,6,6,Total Votes Cast,879,State Representative,Fourth Suffolk
Boston,6,7,David Biele,619,State Representative,Fourth Suffolk
Boston,6,7,All Others,18,State Representative,Fourth Suffolk
Boston,6,7,Blanks,185,State Representative,Fourth Suffolk
Boston,6,7,Total Votes Cast,822,State Representative,Fourth Suffolk
Boston,6,8,David Biele,751,State Representative,Fourth Suffolk
Boston,6,8,All Others,15,State Representative,Fourth Suffolk
Boston,6,8,Blanks,201,State Representative,Fourth Suffolk
Boston,6,8,Total Votes Cast,967,State Representative,Fourth Suffolk
Boston,6,9,David Biele,729,State Representative,Fourth Suffolk
Boston,6,9,All Others,16,State Representative,Fourth Suffolk
Boston,6,9,Blanks,223,State Representative,Fourth Suffolk
Boston,6,9,Total Votes Cast,968,State Representative,Fourth Suffolk
Boston,7,1,David Biele,530,State Representative,Fourth Suffolk
Boston,7,1,All Others,13,State Representative,Fourth Suffolk
Boston,7,1,Blanks,161,State Representative,Fourth Suffolk
Boston,7,1,Total Votes Cast,704,State Representative,Fourth Suffolk
Boston,7,10,Christopher J. Worrell,302,State Representative,Fifth Suffolk
Boston,7,10,Roy A. Owens,44,State Representative,Fifth Suffolk
Boston,7,10,Althea Garrison,0,State Representative,Fifth Suffolk
Boston,7,10,All Others,3,State Representative,Fifth Suffolk
Boston,7,10,Blanks,41,State Representative,Fifth Suffolk
Boston,7,10,Total Votes Cast,390,State Representative,Fifth Suffolk
Boston,7,2,David Biele,689,State Representative,Fourth Suffolk
Boston,7,2,All Others,16,State Representative,Fourth Suffolk
Boston,7,2,Blanks,202,State Representative,Fourth Suffolk
Boston,7,2,Total Votes Cast,907,State Representative,Fourth Suffolk
Boston,7,3,David Biele,744,State Representative,Fourth Suffolk
Boston,7,3,All Others,19,State Representative,Fourth Suffolk
Boston,7,3,Blanks,188,State Representative,Fourth Suffolk
Boston,7,3,Total Votes Cast,951,State Representative,Fourth Suffolk
Boston,7,4,David Biele,545,State Representative,Fourth Suffolk
Boston,7,4,All Others,15,State Representative,Fourth Suffolk
Boston,7,4,Blanks,165,State Representative,Fourth Suffolk
Boston,7,4,Total Votes Cast,725,State Representative,Fourth Suffolk
Boston,7,5,David Biele,555,State Representative,Fourth Suffolk
Boston,7,5,All Others,12,State Representative,Fourth Suffolk
Boston,7,5,Blanks,107,State Representative,Fourth Suffolk
Boston,7,5,Total Votes Cast,674,State Representative,Fourth Suffolk
Boston,7,6,David Biele,442,State Representative,Fourth Suffolk
Boston,7,6,All Others,16,State Representative,Fourth Suffolk
Boston,7,6,Blanks,118,State Representative,Fourth Suffolk
Boston,7,6,Total Votes Cast,576,State Representative,Fourth Suffolk
Boston,7,7,David Biele,222,State Representative,Fourth Suffolk
Boston,7,7,All Others,5,State Representative,Fourth Suffolk
Boston,7,7,Blanks,56,State Representative,Fourth Suffolk
Boston,7,7,Total Votes Cast,283,State Representative,Fourth Suffolk
Boston,7,8,Jon Santiago,485,State Representative,Ninth Suffolk
Boston,7,8,All Others,16,State Representative,Ninth Suffolk
Boston,7,8,Blanks,128,State Representative,Ninth Suffolk
Boston,7,8,Total Votes Cast,629,State Representative,Ninth Suffolk
Boston,7,9,Jon Santiago,338,State Representative,Ninth Suffolk
Boston,7,9,All Others,10,State Representative,Ninth Suffolk
Boston,7,9,Blanks,103,State Representative,Ninth Suffolk
Boston,7,9,Total Votes Cast,451,State Representative,Ninth Suffolk
Boston,8,1,Jon Santiago,624,State Representative,Ninth Suffolk
Boston,8,1,All Others,12,State Representative,Ninth Suffolk
Boston,8,1,Blanks,183,State Representative,Ninth Suffolk
Boston,8,1,Total Votes Cast,819,State Representative,Ninth Suffolk
Boston,8,2,Jon Santiago,606,State Representative,Ninth Suffolk
Boston,8,2,All Others,3,State Representative,Ninth Suffolk
Boston,8,2,Blanks,107,State Representative,Ninth Suffolk
Boston,8,2,Total Votes Cast,716,State Representative,Ninth Suffolk
Boston,8,3,Jon Santiago,424,State Representative,Ninth Suffolk
Boston,8,3,All Others,4,State Representative,Ninth Suffolk
Boston,8,3,Blanks,69,State Representative,Ninth Suffolk
Boston,8,3,Total Votes Cast,497,State Representative,Ninth Suffolk
Boston,8,4,Jon Santiago,309,State Representative,Ninth Suffolk
Boston,8,4,All Others,7,State Representative,Ninth Suffolk
Boston,8,4,Blanks,61,State Representative,Ninth Suffolk
Boston,8,4,Total Votes Cast,377,State Representative,Ninth Suffolk
Boston,8,5,Christopher J. Worrell,442,State Representative,Fifth Suffolk
Boston,8,5,Roy A. Owens,64,State Representative,Fifth Suffolk
Boston,8,5,Althea Garrison,0,State Representative,Fifth Suffolk
Boston,8,5,All Others,1,State Representative,Fifth Suffolk
Boston,8,5,Blanks,54,State Representative,Fifth Suffolk
Boston,8,5,Total Votes Cast,561,State Representative,Fifth Suffolk
Boston,8,6,Jon Santiago,111,State Representative,Ninth Suffolk
Boston,8,6,All Others,4,State Representative,Ninth Suffolk
Boston,8,6,Blanks,31,State Representative,Ninth Suffolk
Boston,8,6,Total Votes Cast,146,State Representative,Ninth Suffolk
Boston,8,6A,Jon Santiago,0,State Representative,Ninth Suffolk
Boston,8,6A,All Others,0,State Representative,Ninth Suffolk
Boston,8,6A,Blanks,0,State Representative,Ninth Suffolk
Boston,8,6A,Total Votes Cast,0,State Representative,Ninth Suffolk
Boston,9,1,Jon Santiago,687,State Representative,Ninth Suffolk
Boston,9,1,All Others,8,State Representative,Ninth Suffolk
Boston,9,1,Blanks,144,State Representative,Ninth Suffolk
Boston,9,1,Total Votes Cast,839,State Representative,Ninth Suffolk
Boston,9,2,Jon Santiago,680,State Representative,Ninth Suffolk
Boston,9,2,All Others,11,State Representative,Ninth Suffolk
Boston,9,2,Blanks,97,State Representative,Ninth Suffolk
Boston,9,2,Total Votes Cast,788,State Representative,Ninth Suffolk
Boston,9,3,Jon Santiago,462,State Representative,Ninth Suffolk
Boston,9,3,All Others,10,State Representative,Ninth Suffolk
Boston,9,3,Blanks,84,State Representative,Ninth Suffolk
Boston,9,3,Total Votes Cast,556,State Representative,Ninth Suffolk
Boston,9,4,Chynah Tyler,447,State Representative,Seventh Suffolk
Boston,9,4,All Others,2,State Representative,Seventh Suffolk
Boston,9,4,Blanks,79,State Representative,Seventh Suffolk
Boston,9,4,Total Votes Cast,528,State Representative,Seventh Suffolk
Boston,9,5,Chynah Tyler,530,State Representative,Seventh Suffolk
Boston,9,5,All Others,6,State Representative,Seventh Suffolk
Boston,9,5,Blanks,75,State Representative,Seventh Suffolk
Boston,9,5,Total Votes Cast,611,State Representative,Seventh Suffolk
Boston,9,6,Jon Santiago,578,State Representative,Ninth Suffolk
Boston,9,6,All Others,5,State Representative,Ninth Suffolk
Boston,9,6,Blanks,101,State Representative,Ninth Suffolk
Boston,9,6,Total Votes Cast,684,State Representative,Ninth Suffolk
Boston,9,7,Chynah Tyler,130,State Representative,Seventh Suffolk
Boston,9,7,All Others,3,State Representative,Seventh Suffolk
Boston,9,7,Blanks,23,State Representative,Seventh Suffolk
Boston,9,7,Total Votes Cast,156,State Representative,Seventh Suffolk
Bourne,-,1,Steven G. Xiarhos,1083,State Representative,Fifth Barnstable
Bourne,-,1,All Others,24,State Representative,Fifth Barnstable
Bourne,-,1,Blanks,328,State Representative,Fifth Barnstable
Bourne,-,1,Total Votes Cast,1435,State Representative,Fifth Barnstable
Bourne,-,2,Steven G. Xiarhos,1045,State Representative,Fifth Barnstable
Bourne,-,2,All Others,18,State Representative,Fifth Barnstable
Bourne,-,2,Blanks,415,State Representative,Fifth Barnstable
Bourne,-,2,Total Votes Cast,1478,State Representative,Fifth Barnstable
Bourne,-,3,Steven G. Xiarhos,499,State Representative,Fifth Barnstable
Bourne,-,3,All Others,9,State Representative,Fifth Barnstable
Bourne,-,3,Blanks,167,State Representative,Fifth Barnstable
Bourne,-,3,Total Votes Cast,675,State Representative,Fifth Barnstable
Bourne,-,4,David T. Vieira,795,State Representative,Third Barnstable
Bourne,-,4,Kathleen Fox Alfano,817,State Representative,Third Barnstable
Bourne,-,4,All Others,0,State Representative,Third Barnstable
Bourne,-,4,Blanks,57,State Representative,Third Barnstable
Bourne,-,4,Total Votes Cast,1669,State Representative,Third Barnstable
Bourne,-,5,David T. Vieira,681,State Representative,Third Barnstable
Bourne,-,5,Kathleen Fox Alfano,572,State Representative,Third Barnstable
Bourne,-,5,All Others,0,State Representative,Third Barnstable
Bourne,-,5,Blanks,51,State Representative,Third Barnstable
Bourne,-,5,Total Votes Cast,1304,State Representative,Third Barnstable
Bourne,-,5A,Steven G. Xiarhos,171,State Representative,Fifth Barnstable
Bourne,-,5A,All Others,7,State Representative,Fifth Barnstable
Bourne,-,5A,Blanks,70,State Representative,Fifth Barnstable
Bourne,-,5A,Total Votes Cast,248,State Representative,Fifth Barnstable
Bourne,-,6,David T. Vieira,586,State Representative,Third Barnstable
Bourne,-,6,Kathleen Fox Alfano,583,State Representative,Third Barnstable
Bourne,-,6,All Others,0,State Representative,Third Barnstable
Bourne,-,6,Blanks,39,State Representative,Third Barnstable
Bourne,-,6,Total Votes Cast,1208,State Representative,Third Barnstable
Bourne,-,7,Steven G. Xiarhos,838,State Representative,Fifth Barnstable
Bourne,-,7,All Others,29,State Representative,Fifth Barnstable
Bourne,-,7,Blanks,304,State Representative,Fifth Barnstable
Bourne,-,7,Total Votes Cast,1171,State Representative,Fifth Barnstable
Boxborough,,,Danillo A. Sena,1853,State Representative,Thirty-Seventh Middlesex
Boxborough,,,All Others,35,State Representative,Thirty-Seventh Middlesex
Boxborough,,,Blanks,582,State Representative,Thirty-Seventh Middlesex
Boxborough,,,Total Votes Cast,2470,State Representative,Thirty-Seventh Middlesex
Boxford,-,2,Adrianne Ramos,754,State Representative,Fourteenth Essex
Boxford,-,2,Joseph G. Finn,682,State Representative,Fourteenth Essex
Boxford,-,2,All Others,0,State Representative,Fourteenth Essex
Boxford,-,2,Blanks,28,State Representative,Fourteenth Essex
Boxford,-,2,Total Votes Cast,1464,State Representative,Fourteenth Essex
Boxford,-,3,Adrianne Ramos,645,State Representative,Fourteenth Essex
Boxford,-,3,Joseph G. Finn,680,State Representative,Fourteenth Essex
Boxford,-,3,All Others,2,State Representative,Fourteenth Essex
Boxford,-,3,Blanks,45,State Representative,Fourteenth Essex
Boxford,-,3,Total Votes Cast,1372,State Representative,Fourteenth Essex
Boxford,,,Tram T. Nguyen,748,State Representative,Eighteenth Essex
Boxford,,,Jeffrey Peter Dufour,564,State Representative,Eighteenth Essex
Boxford,,,All Others,2,State Representative,Eighteenth Essex
Boxford,,,Blanks,17,State Representative,Eighteenth Essex
Boxford,,,Total Votes Cast,1331,State Representative,Eighteenth Essex
Boylston,,,Meghan Kilcoyne,1518,State Representative,Twelfth Worcester
Boylston,,,Michael A. Vulcano,1046,State Representative,Twelfth Worcester
Boylston,,,All Others,0,State Representative,Twelfth Worcester
Boylston,,,Blanks,69,State Representative,Twelfth Worcester
Boylston,,,Total Votes Cast,2633,State Representative,Twelfth Worcester
Braintree,-,1A,Mark J. Cusack,874,State Representative,Fifth Norfolk
Braintree,-,1A,All Others,23,State Representative,Fifth Norfolk
Braintree,-,1A,Blanks,418,State Representative,Fifth Norfolk
Braintree,-,1A,Total Votes Cast,1315,State Representative,Fifth Norfolk
Braintree,-,1B,Mark J. Cusack,708,State Representative,Fifth Norfolk
Braintree,-,1B,All Others,32,State Representative,Fifth Norfolk
Braintree,-,1B,Blanks,418,State Representative,Fifth Norfolk
Braintree,-,1B,Total Votes Cast,1158,State Representative,Fifth Norfolk
Braintree,-,2A,Mark J. Cusack,918,State Representative,Fifth Norfolk
Braintree,-,2A,All Others,35,State Representative,Fifth Norfolk
Braintree,-,2A,Blanks,386,State Representative,Fifth Norfolk
Braintree,-,2A,Total Votes Cast,1339,State Representative,Fifth Norfolk
Braintree,-,2B,Mark J. Cusack,813,State Representative,Fifth Norfolk
Braintree,-,2B,All Others,34,State Representative,Fifth Norfolk
Braintree,-,2B,Blanks,445,State Representative,Fifth Norfolk
Braintree,-,2B,Total Votes Cast,1292,State Representative,Fifth Norfolk
Braintree,-,3A,Mark J. Cusack,722,State Representative,Fifth Norfolk
Braintree,-,3A,All Others,20,State Representative,Fifth Norfolk
Braintree,-,3A,Blanks,325,State Representative,Fifth Norfolk
Braintree,-,3A,Total Votes Cast,1067,State Representative,Fifth Norfolk
Braintree,-,3B,Mark J. Cusack,779,State Representative,Fifth Norfolk
Braintree,-,3B,All Others,26,State Representative,Fifth Norfolk
Braintree,-,3B,Blanks,350,State Representative,Fifth Norfolk
Braintree,-,3B,Total Votes Cast,1155,State Representative,Fifth Norfolk
Braintree,-,4A,Mark J. Cusack,770,State Representative,Fifth Norfolk
Braintree,-,4A,All Others,30,State Representative,Fifth Norfolk
Braintree,-,4A,Blanks,369,State Representative,Fifth Norfolk
Braintree,-,4A,Total Votes Cast,1169,State Representative,Fifth Norfolk
Braintree,-,4B,Mark J. Cusack,740,State Representative,Fifth Norfolk
Braintree,-,4B,All Others,18,State Representative,Fifth Norfolk
Braintree,-,4B,Blanks,295,State Representative,Fifth Norfolk
Braintree,-,4B,Total Votes Cast,1053,State Representative,Fifth Norfolk
Braintree,-,5A,Mark J. Cusack,780,State Representative,Fifth Norfolk
Braintree,-,5A,All Others,27,State Representative,Fifth Norfolk
Braintree,-,5A,Blanks,442,State Representative,Fifth Norfolk
Braintree,-,5A,Total Votes Cast,1249,State Representative,Fifth Norfolk
Braintree,-,5B,Mark J. Cusack,889,State Representative,Fifth Norfolk
Braintree,-,5B,All Others,27,State Representative,Fifth Norfolk
Braintree,-,5B,Blanks,433,State Representative,Fifth Norfolk
Braintree,-,5B,Total Votes Cast,1349,State Representative,Fifth Norfolk
Braintree,-,6A,Mark J. Cusack,970,State Representative,Fifth Norfolk
Braintree,-,6A,All Others,31,State Representative,Fifth Norfolk
Braintree,-,6A,Blanks,486,State Representative,Fifth Norfolk
Braintree,-,6A,Total Votes Cast,1487,State Representative,Fifth Norfolk
Braintree,-,6B,Mark J. Cusack,953,State Representative,Fifth Norfolk
Braintree,-,6B,All Others,27,State Representative,Fifth Norfolk
Braintree,-,6B,Blanks,446,State Representative,Fifth Norfolk
Braintree,-,6B,Total Votes Cast,1426,State Representative,Fifth Norfolk
Brewster,-,1,Christopher Richard Flanagan,1268,State Representative,First Barnstable
Brewster,-,1,Tracy A. Post,790,State Representative,First Barnstable
Brewster,-,1,"Abraham Kasparian, Jr.",34,State Representative,First Barnstable
Brewster,-,1,All Others,0,State Representative,First Barnstable
Brewster,-,1,Blanks,48,State Representative,First Barnstable
Brewster,-,1,Total Votes Cast,2140,State Representative,First Barnstable
Brewster,-,2,Christopher Richard Flanagan,1168,State Representative,First Barnstable
Brewster,-,2,Tracy A. Post,657,State Representative,First Barnstable
Brewster,-,2,"Abraham Kasparian, Jr.",24,State Representative,First Barnstable
Brewster,-,2,All Others,0,State Representative,First Barnstable
Brewster,-,2,Blanks,53,State Representative,First Barnstable
Brewster,-,2,Total Votes Cast,1902,State Representative,First Barnstable
Brewster,-,3,Christopher Richard Flanagan,1154,State Representative,First Barnstable
Brewster,-,3,Tracy A. Post,732,State Representative,First Barnstable
Brewster,-,3,"Abraham Kasparian, Jr.",29,State Representative,First Barnstable
Brewster,-,3,All Others,0,State Representative,First Barnstable
Brewster,-,3,Blanks,39,State Representative,First Barnstable
Brewster,-,3,Total Votes Cast,1954,State Representative,First Barnstable
Bridgewater,-,1,Angelo L. D'Emilia,855,State Representative,Eighth Plymouth
Bridgewater,-,1,Eric J. Haikola,512,State Representative,Eighth Plymouth
Bridgewater,-,1,All Others,0,State Representative,Eighth Plymouth
Bridgewater,-,1,Blanks,57,State Representative,Eighth Plymouth
Bridgewater,-,1,Total Votes Cast,1424,State Representative,Eighth Plymouth
Bridgewater,-,2,Angelo L. D'Emilia,865,State Representative,Eighth Plymouth
Bridgewater,-,2,Eric J. Haikola,504,State Representative,Eighth Plymouth
Bridgewater,-,2,All Others,0,State Representative,Eighth Plymouth
Bridgewater,-,2,Blanks,54,State Representative,Eighth Plymouth
Bridgewater,-,2,Total Votes Cast,1423,State Representative,Eighth Plymouth
Bridgewater,-,3,Angelo L. D'Emilia,1069,State Representative,Eighth Plymouth
Bridgewater,-,3,Eric J. Haikola,605,State Representative,Eighth Plymouth
Bridgewater,-,3,All Others,0,State Representative,Eighth Plymouth
Bridgewater,-,3,Blanks,60,State Representative,Eighth Plymouth
Bridgewater,-,3,Total Votes Cast,1734,State Representative,Eighth Plymouth
Bridgewater,-,4,Angelo L. D'Emilia,489,State Representative,Eighth Plymouth
Bridgewater,-,4,Eric J. Haikola,265,State Representative,Eighth Plymouth
Bridgewater,-,4,All Others,0,State Representative,Eighth Plymouth
Bridgewater,-,4,Blanks,32,State Representative,Eighth Plymouth
Bridgewater,-,4,Total Votes Cast,786,State Representative,Eighth Plymouth
Bridgewater,-,5,Angelo L. D'Emilia,57,State Representative,Eighth Plymouth
Bridgewater,-,5,Eric J. Haikola,81,State Representative,Eighth Plymouth
Bridgewater,-,5,All Others,0,State Representative,Eighth Plymouth
Bridgewater,-,5,Blanks,4,State Representative,Eighth Plymouth
Bridgewater,-,5,Total Votes Cast,142,State Representative,Eighth Plymouth
Bridgewater,-,6,Angelo L. D'Emilia,534,State Representative,Eighth Plymouth
Bridgewater,-,6,Eric J. Haikola,344,State Representative,Eighth Plymouth
Bridgewater,-,6,All Others,0,State Representative,Eighth Plymouth
Bridgewater,-,6,Blanks,35,State Representative,Eighth Plymouth
Bridgewater,-,6,Total Votes Cast,913,State Representative,Eighth Plymouth
Bridgewater,-,7,Angelo L. D'Emilia,723,State Representative,Eighth Plymouth
Bridgewater,-,7,Eric J. Haikola,497,State Representative,Eighth Plymouth
Bridgewater,-,7,All Others,3,State Representative,Eighth Plymouth
Bridgewater,-,7,Blanks,47,State Representative,Eighth Plymouth
Bridgewater,-,7,Total Votes Cast,1270,State Representative,Eighth Plymouth
Bridgewater,-,8,Angelo L. D'Emilia,546,State Representative,Eighth Plymouth
Bridgewater,-,8,Eric J. Haikola,505,State Representative,Eighth Plymouth
Bridgewater,-,8,All Others,1,State Representative,Eighth Plymouth
Bridgewater,-,8,Blanks,38,State Representative,Eighth Plymouth
Bridgewater,-,8,Total Votes Cast,1090,State Representative,Eighth Plymouth
Bridgewater,-,9,Angelo L. D'Emilia,811,State Representative,Eighth Plymouth
Bridgewater,-,9,Eric J. Haikola,530,State Representative,Eighth Plymouth
Bridgewater,-,9,All Others,0,State Representative,Eighth Plymouth
Bridgewater,-,9,Blanks,52,State Representative,Eighth Plymouth
Bridgewater,-,9,Total Votes Cast,1393,State Representative,Eighth Plymouth
Brimfield,,,Todd M. Smola,1418,State Representative,First Hampden
Brimfield,,,All Others,22,State Representative,First Hampden
Brimfield,,,Blanks,302,State Representative,First Hampden
Brimfield,,,Total Votes Cast,1742,State Representative,First Hampden
Brockton,1,A,Rita A. Mendes,471,State Representative,Eleventh Plymouth
Brockton,1,A,Fred Fontaine,35,State Representative,Eleventh Plymouth
Brockton,1,A,All Others,0,State Representative,Eleventh Plymouth
Brockton,1,A,Blanks,74,State Representative,Eleventh Plymouth
Brockton,1,A,Total Votes Cast,580,State Representative,Eleventh Plymouth
Brockton,1,B,Gerard J. Cassidy,674,State Representative,Ninth Plymouth
Brockton,1,B,Lawrence P. Novak,207,State Representative,Ninth Plymouth
Brockton,1,B,All Others,14,State Representative,Ninth Plymouth
Brockton,1,B,Blanks,47,State Representative,Ninth Plymouth
Brockton,1,B,Total Votes Cast,942,State Representative,Ninth Plymouth
Brockton,1,C,Gerard J. Cassidy,524,State Representative,Ninth Plymouth
Brockton,1,C,Lawrence P. Novak,194,State Representative,Ninth Plymouth
Brockton,1,C,All Others,3,State Representative,Ninth Plymouth
Brockton,1,C,Blanks,34,State Representative,Ninth Plymouth
Brockton,1,C,Total Votes Cast,755,State Representative,Ninth Plymouth
Brockton,1,D,Gerard J. Cassidy,849,State Representative,Ninth Plymouth
Brockton,1,D,Lawrence P. Novak,324,State Representative,Ninth Plymouth
Brockton,1,D,All Others,0,State Representative,Ninth Plymouth
Brockton,1,D,Blanks,63,State Representative,Ninth Plymouth
Brockton,1,D,Total Votes Cast,1236,State Representative,Ninth Plymouth
Brockton,2,A,Rita A. Mendes,293,State Representative,Eleventh Plymouth
Brockton,2,A,Fred Fontaine,46,State Representative,Eleventh Plymouth
Brockton,2,A,All Others,2,State Representative,Eleventh Plymouth
Brockton,2,A,Blanks,38,State Representative,Eleventh Plymouth
Brockton,2,A,Total Votes Cast,379,State Representative,Eleventh Plymouth
Brockton,2,B,Rita A. Mendes,392,State Representative,Eleventh Plymouth
Brockton,2,B,Fred Fontaine,44,State Representative,Eleventh Plymouth
Brockton,2,B,All Others,3,State Representative,Eleventh Plymouth
Brockton,2,B,Blanks,44,State Representative,Eleventh Plymouth
Brockton,2,B,Total Votes Cast,483,State Representative,Eleventh Plymouth
Brockton,2,C,Rita A. Mendes,266,State Representative,Eleventh Plymouth
Brockton,2,C,Fred Fontaine,11,State Representative,Eleventh Plymouth
Brockton,2,C,All Others,1,State Representative,Eleventh Plymouth
Brockton,2,C,Blanks,45,State Representative,Eleventh Plymouth
Brockton,2,C,Total Votes Cast,323,State Representative,Eleventh Plymouth
Brockton,2,D,Rita A. Mendes,520,State Representative,Eleventh Plymouth
Brockton,2,D,Fred Fontaine,35,State Representative,Eleventh Plymouth
Brockton,2,D,All Others,2,State Representative,Eleventh Plymouth
Brockton,2,D,Blanks,102,State Representative,Eleventh Plymouth
Brockton,2,D,Total Votes Cast,659,State Representative,Eleventh Plymouth
Brockton,3,A,Rita A. Mendes,543,State Representative,Eleventh Plymouth
Brockton,3,A,Fred Fontaine,19,State Representative,Eleventh Plymouth
Brockton,3,A,All Others,3,State Representative,Eleventh Plymouth
Brockton,3,A,Blanks,102,State Representative,Eleventh Plymouth
Brockton,3,A,Total Votes Cast,667,State Representative,Eleventh Plymouth
Brockton,3,B,Rita A. Mendes,414,State Representative,Eleventh Plymouth
Brockton,3,B,Fred Fontaine,26,State Representative,Eleventh Plymouth
Brockton,3,B,All Others,7,State Representative,Eleventh Plymouth
Brockton,3,B,Blanks,58,State Representative,Eleventh Plymouth
Brockton,3,B,Total Votes Cast,505,State Representative,Eleventh Plymouth
Brockton,3,C,Gerard J. Cassidy,744,State Representative,Ninth Plymouth
Brockton,3,C,Lawrence P. Novak,302,State Representative,Ninth Plymouth
Brockton,3,C,All Others,3,State Representative,Ninth Plymouth
Brockton,3,C,Blanks,54,State Representative,Ninth Plymouth
Brockton,3,C,Total Votes Cast,1103,State Representative,Ninth Plymouth
Brockton,3,D,Gerard J. Cassidy,731,State Representative,Ninth Plymouth
Brockton,3,D,Lawrence P. Novak,336,State Representative,Ninth Plymouth
Brockton,3,D,All Others,0,State Representative,Ninth Plymouth
Brockton,3,D,Blanks,44,State Representative,Ninth Plymouth
Brockton,3,D,Total Votes Cast,1111,State Representative,Ninth Plymouth
Brockton,4,A,Michelle M. Dubois,245,State Representative,Tenth Plymouth
Brockton,4,A,All Others,2,State Representative,Tenth Plymouth
Brockton,4,A,Blanks,52,State Representative,Tenth Plymouth
Brockton,4,A,Total Votes Cast,299,State Representative,Tenth Plymouth
Brockton,4,B,Michelle M. Dubois,529,State Representative,Tenth Plymouth
Brockton,4,B,All Others,10,State Representative,Tenth Plymouth
Brockton,4,B,Blanks,129,State Representative,Tenth Plymouth
Brockton,4,B,Total Votes Cast,668,State Representative,Tenth Plymouth
Brockton,4,C,Michelle M. Dubois,654,State Representative,Tenth Plymouth
Brockton,4,C,All Others,3,State Representative,Tenth Plymouth
Brockton,4,C,Blanks,241,State Representative,Tenth Plymouth
Brockton,4,C,Total Votes Cast,898,State Representative,Tenth Plymouth
Brockton,4,D,Michelle M. Dubois,647,State Representative,Tenth Plymouth
Brockton,4,D,All Others,16,State Representative,Tenth Plymouth
Brockton,4,D,Blanks,225,State Representative,Tenth Plymouth
Brockton,4,D,Total Votes Cast,888,State Representative,Tenth Plymouth
Brockton,5,A,Michelle M. Dubois,355,State Representative,Tenth Plymouth
Brockton,5,A,All Others,6,State Representative,Tenth Plymouth
Brockton,5,A,Blanks,81,State Representative,Tenth Plymouth
Brockton,5,A,Total Votes Cast,442,State Representative,Tenth Plymouth
Brockton,5,B,Michelle M. Dubois,687,State Representative,Tenth Plymouth
Brockton,5,B,All Others,13,State Representative,Tenth Plymouth
Brockton,5,B,Blanks,195,State Representative,Tenth Plymouth
Brockton,5,B,Total Votes Cast,895,State Representative,Tenth Plymouth
Brockton,5,C,Michelle M. Dubois,488,State Representative,Tenth Plymouth
Brockton,5,C,All Others,3,State Representative,Tenth Plymouth
Brockton,5,C,Blanks,109,State Representative,Tenth Plymouth
Brockton,5,C,Total Votes Cast,600,State Representative,Tenth Plymouth
Brockton,5,D,Michelle M. Dubois,761,State Representative,Tenth Plymouth
Brockton,5,D,All Others,4,State Representative,Tenth Plymouth
Brockton,5,D,Blanks,251,State Representative,Tenth Plymouth
Brockton,5,D,Total Votes Cast,1016,State Representative,Tenth Plymouth
Brockton,6,A,Michelle M. Dubois,510,State Representative,Tenth Plymouth
Brockton,6,A,All Others,13,State Representative,Tenth Plymouth
Brockton,6,A,Blanks,131,State Representative,Tenth Plymouth
Brockton,6,A,Total Votes Cast,654,State Representative,Tenth Plymouth
Brockton,6,B,Michelle M. Dubois,715,State Representative,Tenth Plymouth
Brockton,6,B,All Others,20,State Representative,Tenth Plymouth
Brockton,6,B,Blanks,257,State Representative,Tenth Plymouth
Brockton,6,B,Total Votes Cast,992,State Representative,Tenth Plymouth
Brockton,6,C,Michelle M. Dubois,626,State Representative,Tenth Plymouth
Brockton,6,C,All Others,12,State Representative,Tenth Plymouth
Brockton,6,C,Blanks,174,State Representative,Tenth Plymouth
Brockton,6,C,Total Votes Cast,812,State Representative,Tenth Plymouth
Brockton,6,D,Michelle M. Dubois,814,State Representative,Tenth Plymouth
Brockton,6,D,All Others,1,State Representative,Tenth Plymouth
Brockton,6,D,Blanks,375,State Representative,Tenth Plymouth
Brockton,6,D,Total Votes Cast,1190,State Representative,Tenth Plymouth
Brockton,7,A,Rita A. Mendes,405,State Representative,Eleventh Plymouth
Brockton,7,A,Fred Fontaine,30,State Representative,Eleventh Plymouth
Brockton,7,A,All Others,10,State Representative,Eleventh Plymouth
Brockton,7,A,Blanks,58,State Representative,Eleventh Plymouth
Brockton,7,A,Total Votes Cast,503,State Representative,Eleventh Plymouth
Brockton,7,B,Rita A. Mendes,573,State Representative,Eleventh Plymouth
Brockton,7,B,Fred Fontaine,55,State Representative,Eleventh Plymouth
Brockton,7,B,All Others,13,State Representative,Eleventh Plymouth
Brockton,7,B,Blanks,108,State Representative,Eleventh Plymouth
Brockton,7,B,Total Votes Cast,749,State Representative,Eleventh Plymouth
Brockton,7,C,Rita A. Mendes,546,State Representative,Eleventh Plymouth
Brockton,7,C,Fred Fontaine,79,State Representative,Eleventh Plymouth
Brockton,7,C,All Others,6,State Representative,Eleventh Plymouth
Brockton,7,C,Blanks,96,State Representative,Eleventh Plymouth
Brockton,7,C,Total Votes Cast,727,State Representative,Eleventh Plymouth
Brockton,7,D,Rita A. Mendes,643,State Representative,Eleventh Plymouth
Brockton,7,D,Fred Fontaine,34,State Representative,Eleventh Plymouth
Brockton,7,D,All Others,6,State Representative,Eleventh Plymouth
Brockton,7,D,Blanks,138,State Representative,Eleventh Plymouth
Brockton,7,D,Total Votes Cast,821,State Representative,Eleventh Plymouth
Brookfield,,,"Donald R. Berthiaume, Jr",1139,State Representative,Fifth Worcester
Brookfield,,,All Others,29,State Representative,Fifth Worcester
Brookfield,,,Blanks,313,State Representative,Fifth Worcester
Brookfield,,,Total Votes Cast,1481,State Representative,Fifth Worcester
Brookline,-,1,Tommy Vitolo,928,State Representative,Fifteenth Norfolk
Brookline,-,1,All Others,19,State Representative,Fifteenth Norfolk
Brookline,-,1,Blanks,183,State Representative,Fifteenth Norfolk
Brookline,-,1,Total Votes Cast,1130,State Representative,Fifteenth Norfolk
Brookline,-,10,Tommy Vitolo,1114,State Representative,Fifteenth Norfolk
Brookline,-,10,All Others,15,State Representative,Fifteenth Norfolk
Brookline,-,10,Blanks,196,State Representative,Fifteenth Norfolk
Brookline,-,10,Total Votes Cast,1325,State Representative,Fifteenth Norfolk
Brookline,-,11,Tommy Vitolo,1161,State Representative,Fifteenth Norfolk
Brookline,-,11,All Others,13,State Representative,Fifteenth Norfolk
Brookline,-,11,Blanks,213,State Representative,Fifteenth Norfolk
Brookline,-,11,Total Votes Cast,1387,State Representative,Fifteenth Norfolk
Brookline,-,12,Tommy Vitolo,1249,State Representative,Fifteenth Norfolk
Brookline,-,12,All Others,18,State Representative,Fifteenth Norfolk
Brookline,-,12,Blanks,221,State Representative,Fifteenth Norfolk
Brookline,-,12,Total Votes Cast,1488,State Representative,Fifteenth Norfolk
Brookline,-,13,Kevin G. Honan,961,State Representative,Seventeenth Suffolk
Brookline,-,13,All Others,12,State Representative,Seventeenth Suffolk
Brookline,-,13,Blanks,221,State Representative,Seventeenth Suffolk
Brookline,-,13,Total Votes Cast,1194,State Representative,Seventeenth Suffolk
Brookline,-,13A,Ruth B. Balser,174,State Representative,Twelfth Middlesex
Brookline,-,13A,All Others,1,State Representative,Twelfth Middlesex
Brookline,-,13A,Blanks,38,State Representative,Twelfth Middlesex
Brookline,-,13A,Total Votes Cast,213,State Representative,Twelfth Middlesex
Brookline,-,14,Ruth B. Balser,905,State Representative,Twelfth Middlesex
Brookline,-,14,All Others,13,State Representative,Twelfth Middlesex
Brookline,-,14,Blanks,305,State Representative,Twelfth Middlesex
Brookline,-,14,Total Votes Cast,1223,State Representative,Twelfth Middlesex
Brookline,-,14A,Kevin G. Honan,232,State Representative,Seventeenth Suffolk
Brookline,-,14A,All Others,1,State Representative,Seventeenth Suffolk
Brookline,-,14A,Blanks,93,State Representative,Seventeenth Suffolk
Brookline,-,14A,Total Votes Cast,326,State Representative,Seventeenth Suffolk
Brookline,-,15,Ruth B. Balser,1128,State Representative,Twelfth Middlesex
Brookline,-,15,All Others,3,State Representative,Twelfth Middlesex
Brookline,-,15,Blanks,400,State Representative,Twelfth Middlesex
Brookline,-,15,Total Votes Cast,1531,State Representative,Twelfth Middlesex
Brookline,-,17,Tommy Vitolo,981,State Representative,Fifteenth Norfolk
Brookline,-,17,All Others,15,State Representative,Fifteenth Norfolk
Brookline,-,17,Blanks,154,State Representative,Fifteenth Norfolk
Brookline,-,17,Total Votes Cast,1150,State Representative,Fifteenth Norfolk
Brookline,-,2,Tommy Vitolo,592,State Representative,Fifteenth Norfolk
Brookline,-,2,All Others,9,State Representative,Fifteenth Norfolk
Brookline,-,2,Blanks,101,State Representative,Fifteenth Norfolk
Brookline,-,2,Total Votes Cast,702,State Representative,Fifteenth Norfolk
Brookline,-,3,Tommy Vitolo,1070,State Representative,Fifteenth Norfolk
Brookline,-,3,All Others,13,State Representative,Fifteenth Norfolk
Brookline,-,3,Blanks,191,State Representative,Fifteenth Norfolk
Brookline,-,3,Total Votes Cast,1274,State Representative,Fifteenth Norfolk
Brookline,-,4,Tommy Vitolo,808,State Representative,Fifteenth Norfolk
Brookline,-,4,All Others,16,State Representative,Fifteenth Norfolk
Brookline,-,4,Blanks,168,State Representative,Fifteenth Norfolk
Brookline,-,4,Total Votes Cast,992,State Representative,Fifteenth Norfolk
Brookline,-,5,Ruth B. Balser,521,State Representative,Twelfth Middlesex
Brookline,-,5,All Others,5,State Representative,Twelfth Middlesex
Brookline,-,5,Blanks,124,State Representative,Twelfth Middlesex
Brookline,-,5,Total Votes Cast,650,State Representative,Twelfth Middlesex
Brookline,-,5A,Tommy Vitolo,578,State Representative,Fifteenth Norfolk
Brookline,-,5A,All Others,8,State Representative,Fifteenth Norfolk
Brookline,-,5A,Blanks,102,State Representative,Fifteenth Norfolk
Brookline,-,5A,Total Votes Cast,688,State Representative,Fifteenth Norfolk
Brookline,-,6,Tommy Vitolo,1211,State Representative,Fifteenth Norfolk
Brookline,-,6,All Others,18,State Representative,Fifteenth Norfolk
Brookline,-,6,Blanks,213,State Representative,Fifteenth Norfolk
Brookline,-,6,Total Votes Cast,1442,State Representative,Fifteenth Norfolk
Brookline,-,7,Tommy Vitolo,994,State Representative,Fifteenth Norfolk
Brookline,-,7,All Others,19,State Representative,Fifteenth Norfolk
Brookline,-,7,Blanks,189,State Representative,Fifteenth Norfolk
Brookline,-,7,Total Votes Cast,1202,State Representative,Fifteenth Norfolk
Brookline,-,8,Tommy Vitolo,1081,State Representative,Fifteenth Norfolk
Brookline,-,8,All Others,17,State Representative,Fifteenth Norfolk
Brookline,-,8,Blanks,175,State Representative,Fifteenth Norfolk
Brookline,-,8,Total Votes Cast,1273,State Representative,Fifteenth Norfolk
Brookline,-,9,Tommy Vitolo,1139,State Representative,Fifteenth Norfolk
Brookline,-,9,All Others,10,State Representative,Fifteenth Norfolk
Brookline,-,9,Blanks,195,State Representative,Fifteenth Norfolk
Brookline,-,9,Total Votes Cast,1344,State Representative,Fifteenth Norfolk
Brookline,,,Edward Francis Coppinger,1071,State Representative,Tenth Suffolk
Brookline,,,All Others,7,State Representative,Tenth Suffolk
Brookline,,,Blanks,291,State Representative,Tenth Suffolk
Brookline,,,Total Votes Cast,1369,State Representative,Tenth Suffolk
Buckland,,,Natalie M. Blais,763,State Representative,First Franklin
Buckland,,,All Others,12,State Representative,First Franklin
Buckland,,,Blanks,143,State Representative,First Franklin
Buckland,,,Total Votes Cast,918,State Representative,First Franklin
Burlington,-,1,Kenneth I. Gordon,1138,State Representative,Twenty-First Middlesex
Burlington,-,1,All Others,55,State Representative,Twenty-First Middlesex
Burlington,-,1,Blanks,632,State Representative,Twenty-First Middlesex
Burlington,-,1,Total Votes Cast,1825,State Representative,Twenty-First Middlesex
Burlington,-,2,Kenneth I. Gordon,725,State Representative,Twenty-First Middlesex
Burlington,-,2,All Others,29,State Representative,Twenty-First Middlesex
Burlington,-,2,Blanks,293,State Representative,Twenty-First Middlesex
Burlington,-,2,Total Votes Cast,1047,State Representative,Twenty-First Middlesex
Burlington,-,3,Kenneth I. Gordon,1034,State Representative,Twenty-First Middlesex
Burlington,-,3,All Others,28,State Representative,Twenty-First Middlesex
Burlington,-,3,Blanks,507,State Representative,Twenty-First Middlesex
Burlington,-,3,Total Votes Cast,1569,State Representative,Twenty-First Middlesex
Burlington,-,4,Kenneth I. Gordon,875,State Representative,Twenty-First Middlesex
Burlington,-,4,All Others,29,State Representative,Twenty-First Middlesex
Burlington,-,4,Blanks,354,State Representative,Twenty-First Middlesex
Burlington,-,4,Total Votes Cast,1258,State Representative,Twenty-First Middlesex
Burlington,-,5,Kenneth I. Gordon,1204,State Representative,Twenty-First Middlesex
Burlington,-,5,All Others,54,State Representative,Twenty-First Middlesex
Burlington,-,5,Blanks,635,State Representative,Twenty-First Middlesex
Burlington,-,5,Total Votes Cast,1893,State Representative,Twenty-First Middlesex
Burlington,-,6,Kenneth I. Gordon,1146,State Representative,Twenty-First Middlesex
Burlington,-,6,All Others,45,State Representative,Twenty-First Middlesex
Burlington,-,6,Blanks,578,State Representative,Twenty-First Middlesex
Burlington,-,6,Total Votes Cast,1769,State Representative,Twenty-First Middlesex
Burlington,-,7,Kenneth I. Gordon,1041,State Representative,Twenty-First Middlesex
Burlington,-,7,All Others,34,State Representative,Twenty-First Middlesex
Burlington,-,7,Blanks,409,State Representative,Twenty-First Middlesex
Burlington,-,7,Total Votes Cast,1484,State Representative,Twenty-First Middlesex
Cambridge,1,1,Daniel Joseph Ryan,530,State Representative,Second Suffolk
Cambridge,1,1,All Others,3,State Representative,Second Suffolk
Cambridge,1,1,Blanks,95,State Representative,Second Suffolk
Cambridge,1,1,Total Votes Cast,628,State Representative,Second Suffolk
Cambridge,1,2,Daniel Joseph Ryan,240,State Representative,Second Suffolk
Cambridge,1,2,All Others,3,State Representative,Second Suffolk
Cambridge,1,2,Blanks,59,State Representative,Second Suffolk
Cambridge,1,2,Total Votes Cast,302,State Representative,Second Suffolk
Cambridge,1,2A,Michael J. Moran,20,State Representative,Eighteenth Suffolk
Cambridge,1,2A,All Others,1,State Representative,Eighteenth Suffolk
Cambridge,1,2A,Blanks,6,State Representative,Eighteenth Suffolk
Cambridge,1,2A,Total Votes Cast,27,State Representative,Eighteenth Suffolk
Cambridge,1,3,Mike Connolly,924,State Representative,Twenty-Sixth Middlesex
Cambridge,1,3,All Others,7,State Representative,Twenty-Sixth Middlesex
Cambridge,1,3,Blanks,159,State Representative,Twenty-Sixth Middlesex
Cambridge,1,3,Total Votes Cast,1090,State Representative,Twenty-Sixth Middlesex
Cambridge,10,1,Steven C. Owens,870,State Representative,Twenty-Ninth Middlesex
Cambridge,10,1,All Others,2,State Representative,Twenty-Ninth Middlesex
Cambridge,10,1,Blanks,179,State Representative,Twenty-Ninth Middlesex
Cambridge,10,1,Total Votes Cast,1051,State Representative,Twenty-Ninth Middlesex
Cambridge,10,1A,Marjorie C. Decker,559,State Representative,Twenty-Fifth Middlesex
Cambridge,10,1A,All Others,4,State Representative,Twenty-Fifth Middlesex
Cambridge,10,1A,Blanks,106,State Representative,Twenty-Fifth Middlesex
Cambridge,10,1A,Total Votes Cast,669,State Representative,Twenty-Fifth Middlesex
Cambridge,10,2,Marjorie C. Decker,1496,State Representative,Twenty-Fifth Middlesex
Cambridge,10,2,All Others,6,State Representative,Twenty-Fifth Middlesex
Cambridge,10,2,Blanks,231,State Representative,Twenty-Fifth Middlesex
Cambridge,10,2,Total Votes Cast,1733,State Representative,Twenty-Fifth Middlesex
Cambridge,10,3,Steven C. Owens,1008,State Representative,Twenty-Ninth Middlesex
Cambridge,10,3,All Others,3,State Representative,Twenty-Ninth Middlesex
Cambridge,10,3,Blanks,214,State Representative,Twenty-Ninth Middlesex
Cambridge,10,3,Total Votes Cast,1225,State Representative,Twenty-Ninth Middlesex
Cambridge,11,1,David M. Rogers,380,State Representative,Twenty-Fourth Middlesex
Cambridge,11,1,All Others,2,State Representative,Twenty-Fourth Middlesex
Cambridge,11,1,Blanks,54,State Representative,Twenty-Fourth Middlesex
Cambridge,11,1,Total Votes Cast,436,State Representative,Twenty-Fourth Middlesex
Cambridge,11,1A,Steven C. Owens,423,State Representative,Twenty-Ninth Middlesex
Cambridge,11,1A,All Others,0,State Representative,Twenty-Ninth Middlesex
Cambridge,11,1A,Blanks,98,State Representative,Twenty-Ninth Middlesex
Cambridge,11,1A,Total Votes Cast,521,State Representative,Twenty-Ninth Middlesex
Cambridge,11,2,Steven C. Owens,671,State Representative,Twenty-Ninth Middlesex
Cambridge,11,2,All Others,2,State Representative,Twenty-Ninth Middlesex
Cambridge,11,2,Blanks,148,State Representative,Twenty-Ninth Middlesex
Cambridge,11,2,Total Votes Cast,821,State Representative,Twenty-Ninth Middlesex
Cambridge,11,3,David M. Rogers,1143,State Representative,Twenty-Fourth Middlesex
Cambridge,11,3,All Others,4,State Representative,Twenty-Fourth Middlesex
Cambridge,11,3,Blanks,190,State Representative,Twenty-Fourth Middlesex
Cambridge,11,3,Total Votes Cast,1337,State Representative,Twenty-Fourth Middlesex
Cambridge,11,3A,Steven C. Owens,123,State Representative,Twenty-Ninth Middlesex
Cambridge,11,3A,All Others,1,State Representative,Twenty-Ninth Middlesex
Cambridge,11,3A,Blanks,20,State Representative,Twenty-Ninth Middlesex
Cambridge,11,3A,Total Votes Cast,144,State Representative,Twenty-Ninth Middlesex
Cambridge,2,1,Mike Connolly,987,State Representative,Twenty-Sixth Middlesex
Cambridge,2,1,All Others,8,State Representative,Twenty-Sixth Middlesex
Cambridge,2,1,Blanks,163,State Representative,Twenty-Sixth Middlesex
Cambridge,2,1,Total Votes Cast,1158,State Representative,Twenty-Sixth Middlesex
Cambridge,2,2,Mike Connolly,863,State Representative,Twenty-Sixth Middlesex
Cambridge,2,2,All Others,11,State Representative,Twenty-Sixth Middlesex
Cambridge,2,2,Blanks,213,State Representative,Twenty-Sixth Middlesex
Cambridge,2,2,Total Votes Cast,1087,State Representative,Twenty-Sixth Middlesex
Cambridge,2,3,Daniel Joseph Ryan,788,State Representative,Second Suffolk
Cambridge,2,3,All Others,7,State Representative,Second Suffolk
Cambridge,2,3,Blanks,149,State Representative,Second Suffolk
Cambridge,2,3,Total Votes Cast,944,State Representative,Second Suffolk
Cambridge,2,3A,Mike Connolly,79,State Representative,Twenty-Sixth Middlesex
Cambridge,2,3A,All Others,0,State Representative,Twenty-Sixth Middlesex
Cambridge,2,3A,Blanks,18,State Representative,Twenty-Sixth Middlesex
Cambridge,2,3A,Total Votes Cast,97,State Representative,Twenty-Sixth Middlesex
Cambridge,3,1,Mike Connolly,686,State Representative,Twenty-Sixth Middlesex
Cambridge,3,1,All Others,6,State Representative,Twenty-Sixth Middlesex
Cambridge,3,1,Blanks,150,State Representative,Twenty-Sixth Middlesex
Cambridge,3,1,Total Votes Cast,842,State Representative,Twenty-Sixth Middlesex
Cambridge,3,2,Mike Connolly,962,State Representative,Twenty-Sixth Middlesex
Cambridge,3,2,All Others,6,State Representative,Twenty-Sixth Middlesex
Cambridge,3,2,Blanks,158,State Representative,Twenty-Sixth Middlesex
Cambridge,3,2,Total Votes Cast,1126,State Representative,Twenty-Sixth Middlesex
Cambridge,3,3,Mike Connolly,613,State Representative,Twenty-Sixth Middlesex
Cambridge,3,3,All Others,4,State Representative,Twenty-Sixth Middlesex
Cambridge,3,3,Blanks,110,State Representative,Twenty-Sixth Middlesex
Cambridge,3,3,Total Votes Cast,727,State Representative,Twenty-Sixth Middlesex
Cambridge,3,3A,Marjorie C. Decker,356,State Representative,Twenty-Fifth Middlesex
Cambridge,3,3A,All Others,3,State Representative,Twenty-Fifth Middlesex
Cambridge,3,3A,Blanks,58,State Representative,Twenty-Fifth Middlesex
Cambridge,3,3A,Total Votes Cast,417,State Representative,Twenty-Fifth Middlesex
Cambridge,4,1,Mike Connolly,1189,State Representative,Twenty-Sixth Middlesex
Cambridge,4,1,All Others,3,State Representative,Twenty-Sixth Middlesex
Cambridge,4,1,Blanks,244,State Representative,Twenty-Sixth Middlesex
Cambridge,4,1,Total Votes Cast,1436,State Representative,Twenty-Sixth Middlesex
Cambridge,4,2,Marjorie C. Decker,968,State Representative,Twenty-Fifth Middlesex
Cambridge,4,2,All Others,1,State Representative,Twenty-Fifth Middlesex
Cambridge,4,2,Blanks,167,State Representative,Twenty-Fifth Middlesex
Cambridge,4,2,Total Votes Cast,1136,State Representative,Twenty-Fifth Middlesex
Cambridge,4,2A,Marjorie C. Decker,156,State Representative,Twenty-Fifth Middlesex
Cambridge,4,2A,All Others,2,State Representative,Twenty-Fifth Middlesex
Cambridge,4,2A,Blanks,29,State Representative,Twenty-Fifth Middlesex
Cambridge,4,2A,Total Votes Cast,187,State Representative,Twenty-Fifth Middlesex
Cambridge,4,3,Marjorie C. Decker,1096,State Representative,Twenty-Fifth Middlesex
Cambridge,4,3,All Others,3,State Representative,Twenty-Fifth Middlesex
Cambridge,4,3,Blanks,185,State Representative,Twenty-Fifth Middlesex
Cambridge,4,3,Total Votes Cast,1284,State Representative,Twenty-Fifth Middlesex
Cambridge,5,1,Mike Connolly,993,State Representative,Twenty-Sixth Middlesex
Cambridge,5,1,All Others,2,State Representative,Twenty-Sixth Middlesex
Cambridge,5,1,Blanks,195,State Representative,Twenty-Sixth Middlesex
Cambridge,5,1,Total Votes Cast,1190,State Representative,Twenty-Sixth Middlesex
Cambridge,5,2,Michael J. Moran,141,State Representative,Eighteenth Suffolk
Cambridge,5,2,All Others,0,State Representative,Eighteenth Suffolk
Cambridge,5,2,Blanks,23,State Representative,Eighteenth Suffolk
Cambridge,5,2,Total Votes Cast,164,State Representative,Eighteenth Suffolk
Cambridge,5,3,Mike Connolly,1006,State Representative,Twenty-Sixth Middlesex
Cambridge,5,3,All Others,6,State Representative,Twenty-Sixth Middlesex
Cambridge,5,3,Blanks,159,State Representative,Twenty-Sixth Middlesex
Cambridge,5,3,Total Votes Cast,1171,State Representative,Twenty-Sixth Middlesex
Cambridge,6,1,Mike Connolly,929,State Representative,Twenty-Sixth Middlesex
Cambridge,6,1,All Others,3,State Representative,Twenty-Sixth Middlesex
Cambridge,6,1,Blanks,162,State Representative,Twenty-Sixth Middlesex
Cambridge,6,1,Total Votes Cast,1094,State Representative,Twenty-Sixth Middlesex
Cambridge,6,1A,Mike Connolly,295,State Representative,Twenty-Sixth Middlesex
Cambridge,6,1A,All Others,2,State Representative,Twenty-Sixth Middlesex
Cambridge,6,1A,Blanks,51,State Representative,Twenty-Sixth Middlesex
Cambridge,6,1A,Total Votes Cast,348,State Representative,Twenty-Sixth Middlesex
Cambridge,6,2,Marjorie C. Decker,643,State Representative,Twenty-Fifth Middlesex
Cambridge,6,2,All Others,7,State Representative,Twenty-Fifth Middlesex
Cambridge,6,2,Blanks,108,State Representative,Twenty-Fifth Middlesex
Cambridge,6,2,Total Votes Cast,758,State Representative,Twenty-Fifth Middlesex
Cambridge,6,3,Marjorie C. Decker,1254,State Representative,Twenty-Fifth Middlesex
Cambridge,6,3,All Others,6,State Representative,Twenty-Fifth Middlesex
Cambridge,6,3,Blanks,250,State Representative,Twenty-Fifth Middlesex
Cambridge,6,3,Total Votes Cast,1510,State Representative,Twenty-Fifth Middlesex
Cambridge,7,1,Marjorie C. Decker,1144,State Representative,Twenty-Fifth Middlesex
Cambridge,7,1,All Others,4,State Representative,Twenty-Fifth Middlesex
Cambridge,7,1,Blanks,168,State Representative,Twenty-Fifth Middlesex
Cambridge,7,1,Total Votes Cast,1316,State Representative,Twenty-Fifth Middlesex
Cambridge,7,2,Marjorie C. Decker,730,State Representative,Twenty-Fifth Middlesex
Cambridge,7,2,All Others,4,State Representative,Twenty-Fifth Middlesex
Cambridge,7,2,Blanks,161,State Representative,Twenty-Fifth Middlesex
Cambridge,7,2,Total Votes Cast,895,State Representative,Twenty-Fifth Middlesex
Cambridge,7,2A,Marjorie C. Decker,29,State Representative,Twenty-Fifth Middlesex
Cambridge,7,2A,All Others,0,State Representative,Twenty-Fifth Middlesex
Cambridge,7,2A,Blanks,5,State Representative,Twenty-Fifth Middlesex
Cambridge,7,2A,Total Votes Cast,34,State Representative,Twenty-Fifth Middlesex
Cambridge,7,3,Marjorie C. Decker,290,State Representative,Twenty-Fifth Middlesex
Cambridge,7,3,All Others,1,State Representative,Twenty-Fifth Middlesex
Cambridge,7,3,Blanks,47,State Representative,Twenty-Fifth Middlesex
Cambridge,7,3,Total Votes Cast,338,State Representative,Twenty-Fifth Middlesex
Cambridge,8,1,Marjorie C. Decker,1024,State Representative,Twenty-Fifth Middlesex
Cambridge,8,1,All Others,4,State Representative,Twenty-Fifth Middlesex
Cambridge,8,1,Blanks,154,State Representative,Twenty-Fifth Middlesex
Cambridge,8,1,Total Votes Cast,1182,State Representative,Twenty-Fifth Middlesex
Cambridge,8,2,Marjorie C. Decker,1014,State Representative,Twenty-Fifth Middlesex
Cambridge,8,2,All Others,6,State Representative,Twenty-Fifth Middlesex
Cambridge,8,2,Blanks,189,State Representative,Twenty-Fifth Middlesex
Cambridge,8,2,Total Votes Cast,1209,State Representative,Twenty-Fifth Middlesex
Cambridge,8,3,Marjorie C. Decker,259,State Representative,Twenty-Fifth Middlesex
Cambridge,8,3,All Others,5,State Representative,Twenty-Fifth Middlesex
Cambridge,8,3,Blanks,39,State Representative,Twenty-Fifth Middlesex
Cambridge,8,3,Total Votes Cast,303,State Representative,Twenty-Fifth Middlesex
Cambridge,9,1,Steven C. Owens,1661,State Representative,Twenty-Ninth Middlesex
Cambridge,9,1,All Others,5,State Representative,Twenty-Ninth Middlesex
Cambridge,9,1,Blanks,328,State Representative,Twenty-Ninth Middlesex
Cambridge,9,1,Total Votes Cast,1994,State Representative,Twenty-Ninth Middlesex
Cambridge,9,2,Steven C. Owens,1226,State Representative,Twenty-Ninth Middlesex
Cambridge,9,2,All Others,9,State Representative,Twenty-Ninth Middlesex
Cambridge,9,2,Blanks,252,State Representative,Twenty-Ninth Middlesex
Cambridge,9,2,Total Votes Cast,1487,State Representative,Twenty-Ninth Middlesex
Cambridge,9,3,Steven C. Owens,1230,State Representative,Twenty-Ninth Middlesex
Cambridge,9,3,All Others,7,State Representative,Twenty-Ninth Middlesex
Cambridge,9,3,Blanks,242,State Representative,Twenty-Ninth Middlesex
Cambridge,9,3,Total Votes Cast,1479,State Representative,Twenty-Ninth Middlesex
Canton,-,1,William C. Galvin,1023,State Representative,Sixth Norfolk
Canton,-,1,All Others,15,State Representative,Sixth Norfolk
Canton,-,1,Blanks,279,State Representative,Sixth Norfolk
Canton,-,1,Total Votes Cast,1317,State Representative,Sixth Norfolk
Canton,-,2,William C. Galvin,1404,State Representative,Sixth Norfolk
Canton,-,2,All Others,14,State Representative,Sixth Norfolk
Canton,-,2,Blanks,380,State Representative,Sixth Norfolk
Canton,-,2,Total Votes Cast,1798,State Representative,Sixth Norfolk
Canton,-,3,William C. Galvin,836,State Representative,Sixth Norfolk
Canton,-,3,All Others,3,State Representative,Sixth Norfolk
Canton,-,3,Blanks,252,State Representative,Sixth Norfolk
Canton,-,3,Total Votes Cast,1091,State Representative,Sixth Norfolk
Canton,-,4,William C. Galvin,1171,State Representative,Sixth Norfolk
Canton,-,4,All Others,7,State Representative,Sixth Norfolk
Canton,-,4,Blanks,414,State Representative,Sixth Norfolk
Canton,-,4,Total Votes Cast,1592,State Representative,Sixth Norfolk
Canton,-,5,William C. Galvin,1248,State Representative,Sixth Norfolk
Canton,-,5,All Others,6,State Representative,Sixth Norfolk
Canton,-,5,Blanks,412,State Representative,Sixth Norfolk
Canton,-,5,Total Votes Cast,1666,State Representative,Sixth Norfolk
Canton,-,6,William C. Galvin,1091,State Representative,Sixth Norfolk
Canton,-,6,All Others,10,State Representative,Sixth Norfolk
Canton,-,6,Blanks,289,State Representative,Sixth Norfolk
Canton,-,6,Total Votes Cast,1390,State Representative,Sixth Norfolk
Canton,-,7,William C. Galvin,1192,State Representative,Sixth Norfolk
Canton,-,7,All Others,14,State Representative,Sixth Norfolk
Canton,-,7,Blanks,330,State Representative,Sixth Norfolk
Canton,-,7,Total Votes Cast,1536,State Representative,Sixth Norfolk
Carlisle,,,Simon Cataldo,2176,State Representative,Fourteenth Middlesex
Carlisle,,,Rodney E. Cleaves,605,State Representative,Fourteenth Middlesex
Carlisle,,,All Others,0,State Representative,Fourteenth Middlesex
Carlisle,,,Blanks,98,State Representative,Fourteenth Middlesex
Carlisle,,,Total Votes Cast,2879,State Representative,Fourteenth Middlesex
Carver,-,1,Susan Williams Gifford,1299,State Representative,Second Plymouth
Carver,-,1,All Others,5,State Representative,Second Plymouth
Carver,-,1,Blanks,359,State Representative,Second Plymouth
Carver,-,1,Total Votes Cast,1663,State Representative,Second Plymouth
Carver,-,2,Susan Williams Gifford,1212,State Representative,Second Plymouth
Carver,-,2,All Others,0,State Representative,Second Plymouth
Carver,-,2,Blanks,375,State Representative,Second Plymouth
Carver,-,2,Total Votes Cast,1587,State Representative,Second Plymouth
Carver,-,3,Susan Williams Gifford,1340,State Representative,Second Plymouth
Carver,-,3,All Others,0,State Representative,Second Plymouth
Carver,-,3,Blanks,478,State Representative,Second Plymouth
Carver,-,3,Total Votes Cast,1818,State Representative,Second Plymouth
Charlemont,,,Natalie M. Blais,413,State Representative,First Franklin
Charlemont,,,All Others,0,State Representative,First Franklin
Charlemont,,,Blanks,119,State Representative,First Franklin
Charlemont,,,Total Votes Cast,532,State Representative,First Franklin
Charlton,-,1,Peter J. Durant,1079,State Representative,Sixth Worcester
Charlton,-,1,All Others,3,State Representative,Sixth Worcester
Charlton,-,1,Blanks,328,State Representative,Sixth Worcester
Charlton,-,1,Total Votes Cast,1410,State Representative,Sixth Worcester
Charlton,-,2,Peter J. Durant,1207,State Representative,Sixth Worcester
Charlton,-,2,All Others,9,State Representative,Sixth Worcester
Charlton,-,2,Blanks,293,State Representative,Sixth Worcester
Charlton,-,2,Total Votes Cast,1509,State Representative,Sixth Worcester
Charlton,-,3,Peter J. Durant,1068,State Representative,Sixth Worcester
Charlton,-,3,All Others,4,State Representative,Sixth Worcester
Charlton,-,3,Blanks,321,State Representative,Sixth Worcester
Charlton,-,3,Total Votes Cast,1393,State Representative,Sixth Worcester
Charlton,-,4A,Peter J. Durant,32,State Representative,Sixth Worcester
Charlton,-,4A,All Others,0,State Representative,Sixth Worcester
Charlton,-,4A,Blanks,6,State Representative,Sixth Worcester
Charlton,-,4A,Total Votes Cast,38,State Representative,Sixth Worcester
Charlton,,,Paul K. Frost,978,State Representative,Seventh Worcester
Charlton,,,Terry Burke Dotson,302,State Representative,Seventh Worcester
Charlton,,,All Others,2,State Representative,Seventh Worcester
Charlton,,,Blanks,124,State Representative,Seventh Worcester
Charlton,,,Total Votes Cast,1406,State Representative,Seventh Worcester
Chatham,-,1,Sarah K. Peake,1454,State Representative,Fourth Barnstable
Chatham,-,1,All Others,39,State Representative,Fourth Barnstable
Chatham,-,1,Blanks,536,State Representative,Fourth Barnstable
Chatham,-,1,Total Votes Cast,2029,State Representative,Fourth Barnstable
Chatham,-,2,Sarah K. Peake,1391,State Representative,Fourth Barnstable
Chatham,-,2,All Others,41,State Representative,Fourth Barnstable
Chatham,-,2,Blanks,613,State Representative,Fourth Barnstable
Chatham,-,2,Total Votes Cast,2045,State Representative,Fourth Barnstable
Chelmsford,-,1,Rodney M. Elliott,728,State Representative,Sixteenth Middlesex
Chelmsford,-,1,Karla Jean Miller,490,State Representative,Sixteenth Middlesex
Chelmsford,-,1,All Others,2,State Representative,Sixteenth Middlesex
Chelmsford,-,1,Blanks,54,State Representative,Sixteenth Middlesex
Chelmsford,-,1,Total Votes Cast,1274,State Representative,Sixteenth Middlesex
Chelmsford,-,10,Simon Cataldo,695,State Representative,Fourteenth Middlesex
Chelmsford,-,10,Rodney E. Cleaves,515,State Representative,Fourteenth Middlesex
Chelmsford,-,10,All Others,1,State Representative,Fourteenth Middlesex
Chelmsford,-,10,Blanks,41,State Representative,Fourteenth Middlesex
Chelmsford,-,10,Total Votes Cast,1252,State Representative,Fourteenth Middlesex
Chelmsford,-,11,Simon Cataldo,986,State Representative,Fourteenth Middlesex
Chelmsford,-,11,Rodney E. Cleaves,620,State Representative,Fourteenth Middlesex
Chelmsford,-,11,All Others,1,State Representative,Fourteenth Middlesex
Chelmsford,-,11,Blanks,82,State Representative,Fourteenth Middlesex
Chelmsford,-,11,Total Votes Cast,1689,State Representative,Fourteenth Middlesex
Chelmsford,-,2,Rodney M. Elliott,874,State Representative,Sixteenth Middlesex
Chelmsford,-,2,Karla Jean Miller,494,State Representative,Sixteenth Middlesex
Chelmsford,-,2,All Others,0,State Representative,Sixteenth Middlesex
Chelmsford,-,2,Blanks,62,State Representative,Sixteenth Middlesex
Chelmsford,-,2,Total Votes Cast,1430,State Representative,Sixteenth Middlesex
Chelmsford,-,3A,Rodney M. Elliott,393,State Representative,Sixteenth Middlesex
Chelmsford,-,3A,Karla Jean Miller,207,State Representative,Sixteenth Middlesex
Chelmsford,-,3A,All Others,0,State Representative,Sixteenth Middlesex
Chelmsford,-,3A,Blanks,35,State Representative,Sixteenth Middlesex
Chelmsford,-,3A,Total Votes Cast,635,State Representative,Sixteenth Middlesex
Chelmsford,-,3B,James Arciero,437,State Representative,Second Middlesex
Chelmsford,-,3B,Raymond Yinggang Xie,230,State Representative,Second Middlesex
Chelmsford,-,3B,All Others,0,State Representative,Second Middlesex
Chelmsford,-,3B,Blanks,30,State Representative,Second Middlesex
Chelmsford,-,3B,Total Votes Cast,697,State Representative,Second Middlesex
Chelmsford,-,4,James Arciero,1039,State Representative,Second Middlesex
Chelmsford,-,4,Raymond Yinggang Xie,609,State Representative,Second Middlesex
Chelmsford,-,4,All Others,0,State Representative,Second Middlesex
Chelmsford,-,4,Blanks,64,State Representative,Second Middlesex
Chelmsford,-,4,Total Votes Cast,1712,State Representative,Second Middlesex
Chelmsford,-,5A,James Arciero,799,State Representative,Second Middlesex
Chelmsford,-,5A,Raymond Yinggang Xie,512,State Representative,Second Middlesex
Chelmsford,-,5A,All Others,3,State Representative,Second Middlesex
Chelmsford,-,5A,Blanks,65,State Representative,Second Middlesex
Chelmsford,-,5A,Total Votes Cast,1379,State Representative,Second Middlesex
Chelmsford,-,5B,Rodney M. Elliott,227,State Representative,Sixteenth Middlesex
Chelmsford,-,5B,Karla Jean Miller,160,State Representative,Sixteenth Middlesex
Chelmsford,-,5B,All Others,0,State Representative,Sixteenth Middlesex
Chelmsford,-,5B,Blanks,19,State Representative,Sixteenth Middlesex
Chelmsford,-,5B,Total Votes Cast,406,State Representative,Sixteenth Middlesex
Chelmsford,-,6,Rodney M. Elliott,881,State Representative,Sixteenth Middlesex
Chelmsford,-,6,Karla Jean Miller,534,State Representative,Sixteenth Middlesex
Chelmsford,-,6,All Others,0,State Representative,Sixteenth Middlesex
Chelmsford,-,6,Blanks,78,State Representative,Sixteenth Middlesex
Chelmsford,-,6,Total Votes Cast,1493,State Representative,Sixteenth Middlesex
Chelmsford,-,7,Simon Cataldo,741,State Representative,Fourteenth Middlesex
Chelmsford,-,7,Rodney E. Cleaves,524,State Representative,Fourteenth Middlesex
Chelmsford,-,7,All Others,1,State Representative,Fourteenth Middlesex
Chelmsford,-,7,Blanks,70,State Representative,Fourteenth Middlesex
Chelmsford,-,7,Total Votes Cast,1336,State Representative,Fourteenth Middlesex
Chelmsford,-,8,Simon Cataldo,872,State Representative,Fourteenth Middlesex
Chelmsford,-,8,Rodney E. Cleaves,513,State Representative,Fourteenth Middlesex
Chelmsford,-,8,All Others,2,State Representative,Fourteenth Middlesex
Chelmsford,-,8,Blanks,87,State Representative,Fourteenth Middlesex
Chelmsford,-,8,Total Votes Cast,1474,State Representative,Fourteenth Middlesex
Chelmsford,-,9,Simon Cataldo,916,State Representative,Fourteenth Middlesex
Chelmsford,-,9,Rodney E. Cleaves,645,State Representative,Fourteenth Middlesex
Chelmsford,-,9,All Others,1,State Representative,Fourteenth Middlesex
Chelmsford,-,9,Blanks,87,State Representative,Fourteenth Middlesex
Chelmsford,-,9,Total Votes Cast,1649,State Representative,Fourteenth Middlesex
Chelsea,1,1,Judith A. Garcia,204,State Representative,Eleventh Suffolk
Chelsea,1,1,Todd B. Taylor,66,State Representative,Eleventh Suffolk
Chelsea,1,1,All Others,0,State Representative,Eleventh Suffolk
Chelsea,1,1,Blanks,15,State Representative,Eleventh Suffolk
Chelsea,1,1,Total Votes Cast,285,State Representative,Eleventh Suffolk
Chelsea,1,2,Judith A. Garcia,119,State Representative,Eleventh Suffolk
Chelsea,1,2,Todd B. Taylor,38,State Representative,Eleventh Suffolk
Chelsea,1,2,All Others,0,State Representative,Eleventh Suffolk
Chelsea,1,2,Blanks,8,State Representative,Eleventh Suffolk
Chelsea,1,2,Total Votes Cast,165,State Representative,Eleventh Suffolk
Chelsea,1,3,Judith A. Garcia,166,State Representative,Eleventh Suffolk
Chelsea,1,3,Todd B. Taylor,53,State Representative,Eleventh Suffolk
Chelsea,1,3,All Others,0,State Representative,Eleventh Suffolk
Chelsea,1,3,Blanks,11,State Representative,Eleventh Suffolk
Chelsea,1,3,Total Votes Cast,230,State Representative,Eleventh Suffolk
Chelsea,1,4,Judith A. Garcia,160,State Representative,Eleventh Suffolk
Chelsea,1,4,Todd B. Taylor,23,State Representative,Eleventh Suffolk
Chelsea,1,4,All Others,0,State Representative,Eleventh Suffolk
Chelsea,1,4,Blanks,10,State Representative,Eleventh Suffolk
Chelsea,1,4,Total Votes Cast,193,State Representative,Eleventh Suffolk
Chelsea,2,1,Judith A. Garcia,516,State Representative,Eleventh Suffolk
Chelsea,2,1,Todd B. Taylor,223,State Representative,Eleventh Suffolk
Chelsea,2,1,All Others,0,State Representative,Eleventh Suffolk
Chelsea,2,1,Blanks,53,State Representative,Eleventh Suffolk
Chelsea,2,1,Total Votes Cast,792,State Representative,Eleventh Suffolk
Chelsea,2,2,Judith A. Garcia,247,State Representative,Eleventh Suffolk
Chelsea,2,2,Todd B. Taylor,32,State Representative,Eleventh Suffolk
Chelsea,2,2,All Others,0,State Representative,Eleventh Suffolk
Chelsea,2,2,Blanks,9,State Representative,Eleventh Suffolk
Chelsea,2,2,Total Votes Cast,288,State Representative,Eleventh Suffolk
Chelsea,2,3,Judith A. Garcia,125,State Representative,Eleventh Suffolk
Chelsea,2,3,Todd B. Taylor,32,State Representative,Eleventh Suffolk
Chelsea,2,3,All Others,0,State Representative,Eleventh Suffolk
Chelsea,2,3,Blanks,14,State Representative,Eleventh Suffolk
Chelsea,2,3,Total Votes Cast,171,State Representative,Eleventh Suffolk
Chelsea,2,4,Judith A. Garcia,261,State Representative,Eleventh Suffolk
Chelsea,2,4,Todd B. Taylor,43,State Representative,Eleventh Suffolk
Chelsea,2,4,All Others,0,State Representative,Eleventh Suffolk
Chelsea,2,4,Blanks,12,State Representative,Eleventh Suffolk
Chelsea,2,4,Total Votes Cast,316,State Representative,Eleventh Suffolk
Chelsea,3,1,Judith A. Garcia,229,State Representative,Eleventh Suffolk
Chelsea,3,1,Todd B. Taylor,68,State Representative,Eleventh Suffolk
Chelsea,3,1,All Others,0,State Representative,Eleventh Suffolk
Chelsea,3,1,Blanks,13,State Representative,Eleventh Suffolk
Chelsea,3,1,Total Votes Cast,310,State Representative,Eleventh Suffolk
Chelsea,3,2,Judith A. Garcia,276,State Representative,Eleventh Suffolk
Chelsea,3,2,Todd B. Taylor,89,State Representative,Eleventh Suffolk
Chelsea,3,2,All Others,0,State Representative,Eleventh Suffolk
Chelsea,3,2,Blanks,12,State Representative,Eleventh Suffolk
Chelsea,3,2,Total Votes Cast,377,State Representative,Eleventh Suffolk
Chelsea,3,3,Judith A. Garcia,214,State Representative,Eleventh Suffolk
Chelsea,3,3,Todd B. Taylor,70,State Representative,Eleventh Suffolk
Chelsea,3,3,All Others,0,State Representative,Eleventh Suffolk
Chelsea,3,3,Blanks,12,State Representative,Eleventh Suffolk
Chelsea,3,3,Total Votes Cast,296,State Representative,Eleventh Suffolk
Chelsea,3,4,Judith A. Garcia,212,State Representative,Eleventh Suffolk
Chelsea,3,4,Todd B. Taylor,57,State Representative,Eleventh Suffolk
Chelsea,3,4,All Others,0,State Representative,Eleventh Suffolk
Chelsea,3,4,Blanks,18,State Representative,Eleventh Suffolk
Chelsea,3,4,Total Votes Cast,287,State Representative,Eleventh Suffolk
Chelsea,4,1,Judith A. Garcia,289,State Representative,Eleventh Suffolk
Chelsea,4,1,Todd B. Taylor,77,State Representative,Eleventh Suffolk
Chelsea,4,1,All Others,0,State Representative,Eleventh Suffolk
Chelsea,4,1,Blanks,11,State Representative,Eleventh Suffolk
Chelsea,4,1,Total Votes Cast,377,State Representative,Eleventh Suffolk
Chelsea,4,2,Judith A. Garcia,227,State Representative,Eleventh Suffolk
Chelsea,4,2,Todd B. Taylor,156,State Representative,Eleventh Suffolk
Chelsea,4,2,All Others,0,State Representative,Eleventh Suffolk
Chelsea,4,2,Blanks,25,State Representative,Eleventh Suffolk
Chelsea,4,2,Total Votes Cast,408,State Representative,Eleventh Suffolk
Chelsea,4,3,Judith A. Garcia,242,State Representative,Eleventh Suffolk
Chelsea,4,3,Todd B. Taylor,187,State Representative,Eleventh Suffolk
Chelsea,4,3,All Others,0,State Representative,Eleventh Suffolk
Chelsea,4,3,Blanks,12,State Representative,Eleventh Suffolk
Chelsea,4,3,Total Votes Cast,441,State Representative,Eleventh Suffolk
Chelsea,4,4,Judith A. Garcia,234,State Representative,Eleventh Suffolk
Chelsea,4,4,Todd B. Taylor,113,State Representative,Eleventh Suffolk
Chelsea,4,4,All Others,0,State Representative,Eleventh Suffolk
Chelsea,4,4,Blanks,18,State Representative,Eleventh Suffolk
Chelsea,4,4,Total Votes Cast,365,State Representative,Eleventh Suffolk
Cheshire,,,"John P. Barrett, III",1119,State Representative,First Berkshire
Cheshire,,,All Others,16,State Representative,First Berkshire
Cheshire,,,Blanks,236,State Representative,First Berkshire
Cheshire,,,Total Votes Cast,1371,State Representative,First Berkshire
Chester,,,Nicholas A. Boldyga,345,State Representative,Third Hampden
Chester,,,Anthony J. Russo,195,State Representative,Third Hampden
Chester,,,All Others,0,State Representative,Third Hampden
Chester,,,Blanks,11,State Representative,Third Hampden
Chester,,,Total Votes Cast,551,State Representative,Third Hampden
Chesterfield,,,Lindsay N. Sabadosa,499,State Representative,First Hampshire
Chesterfield,,,All Others,1,State Representative,First Hampshire
Chesterfield,,,Blanks,159,State Representative,First Hampshire
Chesterfield,,,Total Votes Cast,659,State Representative,First Hampshire
Chicopee,1,A,Shirley B. Arriaga,641,State Representative,Eighth Hampden
Chicopee,1,A,Sean Goonan,319,State Representative,Eighth Hampden
Chicopee,1,A,All Others,8,State Representative,Eighth Hampden
Chicopee,1,A,Blanks,40,State Representative,Eighth Hampden
Chicopee,1,A,Total Votes Cast,1008,State Representative,Eighth Hampden
Chicopee,1,B,Shirley B. Arriaga,774,State Representative,Eighth Hampden
Chicopee,1,B,Sean Goonan,395,State Representative,Eighth Hampden
Chicopee,1,B,All Others,3,State Representative,Eighth Hampden
Chicopee,1,B,Blanks,66,State Representative,Eighth Hampden
Chicopee,1,B,Total Votes Cast,1238,State Representative,Eighth Hampden
Chicopee,2,A,Michael J. Finn,403,State Representative,Sixth Hampden
Chicopee,2,A,All Others,13,State Representative,Sixth Hampden
Chicopee,2,A,Blanks,98,State Representative,Sixth Hampden
Chicopee,2,A,Total Votes Cast,514,State Representative,Sixth Hampden
Chicopee,2,B,Shirley B. Arriaga,616,State Representative,Eighth Hampden
Chicopee,2,B,Sean Goonan,324,State Representative,Eighth Hampden
Chicopee,2,B,All Others,8,State Representative,Eighth Hampden
Chicopee,2,B,Blanks,62,State Representative,Eighth Hampden
Chicopee,2,B,Total Votes Cast,1010,State Representative,Eighth Hampden
Chicopee,3,A,Michael J. Finn,503,State Representative,Sixth Hampden
Chicopee,3,A,All Others,22,State Representative,Sixth Hampden
Chicopee,3,A,Blanks,200,State Representative,Sixth Hampden
Chicopee,3,A,Total Votes Cast,725,State Representative,Sixth Hampden
Chicopee,3,A1,Patricia A. Duffy,92,State Representative,Fifth Hampden
Chicopee,3,A1,All Others,4,State Representative,Fifth Hampden
Chicopee,3,A1,Blanks,22,State Representative,Fifth Hampden
Chicopee,3,A1,Total Votes Cast,118,State Representative,Fifth Hampden
Chicopee,3,B,Patricia A. Duffy,463,State Representative,Fifth Hampden
Chicopee,3,B,All Others,14,State Representative,Fifth Hampden
Chicopee,3,B,Blanks,145,State Representative,Fifth Hampden
Chicopee,3,B,Total Votes Cast,622,State Representative,Fifth Hampden
Chicopee,4,A,Michael J. Finn,559,State Representative,Sixth Hampden
Chicopee,4,A,All Others,26,State Representative,Sixth Hampden
Chicopee,4,A,Blanks,200,State Representative,Sixth Hampden
Chicopee,4,A,Total Votes Cast,785,State Representative,Sixth Hampden
Chicopee,4,B,Shirley B. Arriaga,428,State Representative,Eighth Hampden
Chicopee,4,B,Sean Goonan,233,State Representative,Eighth Hampden
Chicopee,4,B,All Others,3,State Representative,Eighth Hampden
Chicopee,4,B,Blanks,53,State Representative,Eighth Hampden
Chicopee,4,B,Total Votes Cast,717,State Representative,Eighth Hampden
Chicopee,5,A,Shirley B. Arriaga,560,State Representative,Eighth Hampden
Chicopee,5,A,Sean Goonan,294,State Representative,Eighth Hampden
Chicopee,5,A,All Others,4,State Representative,Eighth Hampden
Chicopee,5,A,Blanks,65,State Representative,Eighth Hampden
Chicopee,5,A,Total Votes Cast,923,State Representative,Eighth Hampden
Chicopee,5,B,Shirley B. Arriaga,478,State Representative,Eighth Hampden
Chicopee,5,B,Sean Goonan,321,State Representative,Eighth Hampden
Chicopee,5,B,All Others,2,State Representative,Eighth Hampden
Chicopee,5,B,Blanks,46,State Representative,Eighth Hampden
Chicopee,5,B,Total Votes Cast,847,State Representative,Eighth Hampden
Chicopee,6,AN,Shirley B. Arriaga,266,State Representative,Eighth Hampden
Chicopee,6,AN,Sean Goonan,124,State Representative,Eighth Hampden
Chicopee,6,AN,All Others,0,State Representative,Eighth Hampden
Chicopee,6,AN,Blanks,24,State Representative,Eighth Hampden
Chicopee,6,AN,Total Votes Cast,414,State Representative,Eighth Hampden
Chicopee,6,AS,Shirley B. Arriaga,417,State Representative,Eighth Hampden
Chicopee,6,AS,Sean Goonan,252,State Representative,Eighth Hampden
Chicopee,6,AS,All Others,0,State Representative,Eighth Hampden
Chicopee,6,AS,Blanks,45,State Representative,Eighth Hampden
Chicopee,6,AS,Total Votes Cast,714,State Representative,Eighth Hampden
Chicopee,6,BE,Shirley B. Arriaga,642,State Representative,Eighth Hampden
Chicopee,6,BE,Sean Goonan,383,State Representative,Eighth Hampden
Chicopee,6,BE,All Others,5,State Representative,Eighth Hampden
Chicopee,6,BE,Blanks,84,State Representative,Eighth Hampden
Chicopee,6,BE,Total Votes Cast,1114,State Representative,Eighth Hampden
Chicopee,6,BW,Shirley B. Arriaga,108,State Representative,Eighth Hampden
Chicopee,6,BW,Sean Goonan,77,State Representative,Eighth Hampden
Chicopee,6,BW,All Others,1,State Representative,Eighth Hampden
Chicopee,6,BW,Blanks,14,State Representative,Eighth Hampden
Chicopee,6,BW,Total Votes Cast,200,State Representative,Eighth Hampden
Chicopee,7,A,Shirley B. Arriaga,382,State Representative,Eighth Hampden
Chicopee,7,A,Sean Goonan,176,State Representative,Eighth Hampden
Chicopee,7,A,All Others,1,State Representative,Eighth Hampden
Chicopee,7,A,Blanks,24,State Representative,Eighth Hampden
Chicopee,7,A,Total Votes Cast,583,State Representative,Eighth Hampden
Chicopee,7,B,Shirley B. Arriaga,437,State Representative,Eighth Hampden
Chicopee,7,B,Sean Goonan,184,State Representative,Eighth Hampden
Chicopee,7,B,All Others,4,State Representative,Eighth Hampden
Chicopee,7,B,Blanks,42,State Representative,Eighth Hampden
Chicopee,7,B,Total Votes Cast,667,State Representative,Eighth Hampden
Chicopee,8,A,Shirley B. Arriaga,622,State Representative,Eighth Hampden
Chicopee,8,A,Sean Goonan,317,State Representative,Eighth Hampden
Chicopee,8,A,All Others,5,State Representative,Eighth Hampden
Chicopee,8,A,Blanks,48,State Representative,Eighth Hampden
Chicopee,8,A,Total Votes Cast,992,State Representative,Eighth Hampden
Chicopee,8,B,Shirley B. Arriaga,485,State Representative,Eighth Hampden
Chicopee,8,B,Sean Goonan,313,State Representative,Eighth Hampden
Chicopee,8,B,All Others,9,State Representative,Eighth Hampden
Chicopee,8,B,Blanks,50,State Representative,Eighth Hampden
Chicopee,8,B,Total Votes Cast,857,State Representative,Eighth Hampden
Chicopee,9,A,Shirley B. Arriaga,596,State Representative,Eighth Hampden
Chicopee,9,A,Sean Goonan,321,State Representative,Eighth Hampden
Chicopee,9,A,All Others,5,State Representative,Eighth Hampden
Chicopee,9,A,Blanks,56,State Representative,Eighth Hampden
Chicopee,9,A,Total Votes Cast,978,State Representative,Eighth Hampden
Chicopee,9,B,Shirley B. Arriaga,677,State Representative,Eighth Hampden
Chicopee,9,B,Sean Goonan,387,State Representative,Eighth Hampden
Chicopee,9,B,All Others,7,State Representative,Eighth Hampden
Chicopee,9,B,Blanks,56,State Representative,Eighth Hampden
Chicopee,9,B,Total Votes Cast,1127,State Representative,Eighth Hampden
Chilmark,,,Dylan A. Fernandes,644,State Representative,"Barnstable, Dukes and Nantucket"
Chilmark,,,All Others,1,State Representative,"Barnstable, Dukes and Nantucket"
Chilmark,,,Blanks,113,State Representative,"Barnstable, Dukes and Nantucket"
Chilmark,,,Total Votes Cast,758,State Representative,"Barnstable, Dukes and Nantucket"
Clarksburg,,,"John P. Barrett, III",585,State Representative,First Berkshire
Clarksburg,,,All Others,10,State Representative,First Berkshire
Clarksburg,,,Blanks,103,State Representative,First Berkshire
Clarksburg,,,Total Votes Cast,698,State Representative,First Berkshire
Clinton,-,1,Meghan Kilcoyne,921,State Representative,Twelfth Worcester
Clinton,-,1,Michael A. Vulcano,492,State Representative,Twelfth Worcester
Clinton,-,1,All Others,0,State Representative,Twelfth Worcester
Clinton,-,1,Blanks,52,State Representative,Twelfth Worcester
Clinton,-,1,Total Votes Cast,1465,State Representative,Twelfth Worcester
Clinton,-,2,Meghan Kilcoyne,697,State Representative,Twelfth Worcester
Clinton,-,2,Michael A. Vulcano,346,State Representative,Twelfth Worcester
Clinton,-,2,All Others,1,State Representative,Twelfth Worcester
Clinton,-,2,Blanks,17,State Representative,Twelfth Worcester
Clinton,-,2,Total Votes Cast,1061,State Representative,Twelfth Worcester
Clinton,-,3,Meghan Kilcoyne,882,State Representative,Twelfth Worcester
Clinton,-,3,Michael A. Vulcano,502,State Representative,Twelfth Worcester
Clinton,-,3,All Others,0,State Representative,Twelfth Worcester
Clinton,-,3,Blanks,38,State Representative,Twelfth Worcester
Clinton,-,3,Total Votes Cast,1422,State Representative,Twelfth Worcester
Clinton,-,4,Meghan Kilcoyne,747,State Representative,Twelfth Worcester
Clinton,-,4,Michael A. Vulcano,447,State Representative,Twelfth Worcester
Clinton,-,4,All Others,1,State Representative,Twelfth Worcester
Clinton,-,4,Blanks,29,State Representative,Twelfth Worcester
Clinton,-,4,Total Votes Cast,1224,State Representative,Twelfth Worcester
Cohasset,-,1,Joan Meschino,1000,State Representative,Third Plymouth
Cohasset,-,1,All Others,15,State Representative,Third Plymouth
Cohasset,-,1,Blanks,397,State Representative,Third Plymouth
Cohasset,-,1,Total Votes Cast,1412,State Representative,Third Plymouth
Cohasset,-,2,Joan Meschino,1028,State Representative,Third Plymouth
Cohasset,-,2,All Others,17,State Representative,Third Plymouth
Cohasset,-,2,Blanks,407,State Representative,Third Plymouth
Cohasset,-,2,Total Votes Cast,1452,State Representative,Third Plymouth
Cohasset,-,3,Joan Meschino,1069,State Representative,Third Plymouth
Cohasset,-,3,All Others,17,State Representative,Third Plymouth
Cohasset,-,3,Blanks,358,State Representative,Third Plymouth
Cohasset,-,3,Total Votes Cast,1444,State Representative,Third Plymouth
Colrain,,,Natalie M. Blais,564,State Representative,First Franklin
Colrain,,,All Others,0,State Representative,First Franklin
Colrain,,,Blanks,169,State Representative,First Franklin
Colrain,,,Total Votes Cast,733,State Representative,First Franklin
Concord,-,1,Simon Cataldo,1319,State Representative,Fourteenth Middlesex
Concord,-,1,Rodney E. Cleaves,285,State Representative,Fourteenth Middlesex
Concord,-,1,All Others,0,State Representative,Fourteenth Middlesex
Concord,-,1,Blanks,59,State Representative,Fourteenth Middlesex
Concord,-,1,Total Votes Cast,1663,State Representative,Fourteenth Middlesex
Concord,-,2,Simon Cataldo,1570,State Representative,Fourteenth Middlesex
Concord,-,2,Rodney E. Cleaves,320,State Representative,Fourteenth Middlesex
Concord,-,2,All Others,0,State Representative,Fourteenth Middlesex
Concord,-,2,Blanks,69,State Representative,Fourteenth Middlesex
Concord,-,2,Total Votes Cast,1959,State Representative,Fourteenth Middlesex
Concord,-,3,Carmine Lawrence Gentile,1543,State Representative,Thirteenth Middlesex
Concord,-,3,All Others,10,State Representative,Thirteenth Middlesex
Concord,-,3,Blanks,495,State Representative,Thirteenth Middlesex
Concord,-,3,Total Votes Cast,2048,State Representative,Thirteenth Middlesex
Concord,-,4,Carmine Lawrence Gentile,1603,State Representative,Thirteenth Middlesex
Concord,-,4,All Others,12,State Representative,Thirteenth Middlesex
Concord,-,4,Blanks,517,State Representative,Thirteenth Middlesex
Concord,-,4,Total Votes Cast,2132,State Representative,Thirteenth Middlesex
Concord,-,5,Simon Cataldo,1537,State Representative,Fourteenth Middlesex
Concord,-,5,Rodney E. Cleaves,317,State Representative,Fourteenth Middlesex
Concord,-,5,All Others,0,State Representative,Fourteenth Middlesex
Concord,-,5,Blanks,76,State Representative,Fourteenth Middlesex
Concord,-,5,Total Votes Cast,1930,State Representative,Fourteenth Middlesex
Conway,,,Natalie M. Blais,903,State Representative,First Franklin
Conway,,,All Others,15,State Representative,First Franklin
Conway,,,Blanks,161,State Representative,First Franklin
Conway,,,Total Votes Cast,1079,State Representative,First Franklin
Cummington,,,Lindsay N. Sabadosa,371,State Representative,First Hampshire
Cummington,,,All Others,0,State Representative,First Hampshire
Cummington,,,Blanks,98,State Representative,First Hampshire
Cummington,,,Total Votes Cast,469,State Representative,First Hampshire
Dalton,-,1,"William ""Smitty"" Pignatelli",1083,State Representative,Third Berkshire
Dalton,-,1,Michael Silvio Lavery,120,State Representative,Third Berkshire
Dalton,-,1,All Others,13,State Representative,Third Berkshire
Dalton,-,1,Blanks,111,State Representative,Third Berkshire
Dalton,-,1,Total Votes Cast,1327,State Representative,Third Berkshire
Dalton,-,2,"William ""Smitty"" Pignatelli",1065,State Representative,Third Berkshire
Dalton,-,2,Michael Silvio Lavery,101,State Representative,Third Berkshire
Dalton,-,2,All Others,4,State Representative,Third Berkshire
Dalton,-,2,Blanks,113,State Representative,Third Berkshire
Dalton,-,2,Total Votes Cast,1283,State Representative,Third Berkshire
Danvers,-,1,Sally P. Kerans,1113,State Representative,Thirteenth Essex
Danvers,-,1,Michael D. Bean,48,State Representative,Thirteenth Essex
Danvers,-,1,All Others,2,State Representative,Thirteenth Essex
Danvers,-,1,Blanks,327,State Representative,Thirteenth Essex
Danvers,-,1,Total Votes Cast,1490,State Representative,Thirteenth Essex
Danvers,-,2,Sally P. Kerans,1105,State Representative,Thirteenth Essex
Danvers,-,2,Michael D. Bean,38,State Representative,Thirteenth Essex
Danvers,-,2,All Others,24,State Representative,Thirteenth Essex
Danvers,-,2,Blanks,379,State Representative,Thirteenth Essex
Danvers,-,2,Total Votes Cast,1546,State Representative,Thirteenth Essex
Danvers,-,3,Sally P. Kerans,912,State Representative,Thirteenth Essex
Danvers,-,3,Michael D. Bean,65,State Representative,Thirteenth Essex
Danvers,-,3,All Others,7,State Representative,Thirteenth Essex
Danvers,-,3,Blanks,363,State Representative,Thirteenth Essex
Danvers,-,3,Total Votes Cast,1347,State Representative,Thirteenth Essex
Danvers,-,4,Sally P. Kerans,1087,State Representative,Thirteenth Essex
Danvers,-,4,Michael D. Bean,93,State Representative,Thirteenth Essex
Danvers,-,4,All Others,16,State Representative,Thirteenth Essex
Danvers,-,4,Blanks,370,State Representative,Thirteenth Essex
Danvers,-,4,Total Votes Cast,1566,State Representative,Thirteenth Essex
Danvers,-,5,Sally P. Kerans,1063,State Representative,Thirteenth Essex
Danvers,-,5,Michael D. Bean,76,State Representative,Thirteenth Essex
Danvers,-,5,All Others,1,State Representative,Thirteenth Essex
Danvers,-,5,Blanks,441,State Representative,Thirteenth Essex
Danvers,-,5,Total Votes Cast,1581,State Representative,Thirteenth Essex
Danvers,-,6,Sally P. Kerans,1164,State Representative,Thirteenth Essex
Danvers,-,6,Michael D. Bean,99,State Representative,Thirteenth Essex
Danvers,-,6,All Others,14,State Representative,Thirteenth Essex
Danvers,-,6,Blanks,474,State Representative,Thirteenth Essex
Danvers,-,6,Total Votes Cast,1751,State Representative,Thirteenth Essex
Danvers,-,7,Sally P. Kerans,1120,State Representative,Thirteenth Essex
Danvers,-,7,Michael D. Bean,69,State Representative,Thirteenth Essex
Danvers,-,7,All Others,5,State Representative,Thirteenth Essex
Danvers,-,7,Blanks,405,State Representative,Thirteenth Essex
Danvers,-,7,Total Votes Cast,1599,State Representative,Thirteenth Essex
Danvers,-,8,Sally P. Kerans,862,State Representative,Thirteenth Essex
Danvers,-,8,Michael D. Bean,32,State Representative,Thirteenth Essex
Danvers,-,8,All Others,10,State Representative,Thirteenth Essex
Danvers,-,8,Blanks,353,State Representative,Thirteenth Essex
Danvers,-,8,Total Votes Cast,1257,State Representative,Thirteenth Essex
Dartmouth,-,1,Christopher M. Markey,972,State Representative,Ninth Bristol
Dartmouth,-,1,All Others,40,State Representative,Ninth Bristol
Dartmouth,-,1,Blanks,546,State Representative,Ninth Bristol
Dartmouth,-,1,Total Votes Cast,1558,State Representative,Ninth Bristol
Dartmouth,-,2,Christopher M. Markey,758,State Representative,Ninth Bristol
Dartmouth,-,2,All Others,14,State Representative,Ninth Bristol
Dartmouth,-,2,Blanks,312,State Representative,Ninth Bristol
Dartmouth,-,2,Total Votes Cast,1084,State Representative,Ninth Bristol
Dartmouth,-,3,Christopher M. Markey,125,State Representative,Ninth Bristol
Dartmouth,-,3,All Others,10,State Representative,Ninth Bristol
Dartmouth,-,3,Blanks,49,State Representative,Ninth Bristol
Dartmouth,-,3,Total Votes Cast,184,State Representative,Ninth Bristol
Dartmouth,-,4,Christopher M. Markey,965,State Representative,Ninth Bristol
Dartmouth,-,4,All Others,19,State Representative,Ninth Bristol
Dartmouth,-,4,Blanks,408,State Representative,Ninth Bristol
Dartmouth,-,4,Total Votes Cast,1392,State Representative,Ninth Bristol
Dartmouth,-,5,Christopher M. Markey,1079,State Representative,Ninth Bristol
Dartmouth,-,5,All Others,25,State Representative,Ninth Bristol
Dartmouth,-,5,Blanks,436,State Representative,Ninth Bristol
Dartmouth,-,5,Total Votes Cast,1540,State Representative,Ninth Bristol
Dartmouth,-,6,Christopher M. Markey,892,State Representative,Ninth Bristol
Dartmouth,-,6,All Others,28,State Representative,Ninth Bristol
Dartmouth,-,6,Blanks,332,State Representative,Ninth Bristol
Dartmouth,-,6,Total Votes Cast,1252,State Representative,Ninth Bristol
Dartmouth,-,7,Christopher M. Markey,1141,State Representative,Ninth Bristol
Dartmouth,-,7,All Others,22,State Representative,Ninth Bristol
Dartmouth,-,7,Blanks,456,State Representative,Ninth Bristol
Dartmouth,-,7,Total Votes Cast,1619,State Representative,Ninth Bristol
Dartmouth,-,8,Christopher M. Markey,1539,State Representative,Ninth Bristol
Dartmouth,-,8,All Others,30,State Representative,Ninth Bristol
Dartmouth,-,8,Blanks,506,State Representative,Ninth Bristol
Dartmouth,-,8,Total Votes Cast,2075,State Representative,Ninth Bristol
Dartmouth,-,9,Christopher M. Markey,1490,State Representative,Ninth Bristol
Dartmouth,-,9,All Others,31,State Representative,Ninth Bristol
Dartmouth,-,9,Blanks,581,State Representative,Ninth Bristol
Dartmouth,-,9,Total Votes Cast,2102,State Representative,Ninth Bristol
Dedham,-,1,Paul McMurtry,1267,State Representative,Eleventh Norfolk
Dedham,-,1,All Others,10,State Representative,Eleventh Norfolk
Dedham,-,1,Blanks,382,State Representative,Eleventh Norfolk
Dedham,-,1,Total Votes Cast,1659,State Representative,Eleventh Norfolk
Dedham,-,2,Paul McMurtry,1249,State Representative,Eleventh Norfolk
Dedham,-,2,All Others,20,State Representative,Eleventh Norfolk
Dedham,-,2,Blanks,464,State Representative,Eleventh Norfolk
Dedham,-,2,Total Votes Cast,1733,State Representative,Eleventh Norfolk
Dedham,-,3,Paul McMurtry,905,State Representative,Eleventh Norfolk
Dedham,-,3,All Others,21,State Representative,Eleventh Norfolk
Dedham,-,3,Blanks,264,State Representative,Eleventh Norfolk
Dedham,-,3,Total Votes Cast,1190,State Representative,Eleventh Norfolk
Dedham,-,4,Paul McMurtry,1089,State Representative,Eleventh Norfolk
Dedham,-,4,All Others,19,State Representative,Eleventh Norfolk
Dedham,-,4,Blanks,386,State Representative,Eleventh Norfolk
Dedham,-,4,Total Votes Cast,1494,State Representative,Eleventh Norfolk
Dedham,-,5,Paul McMurtry,1210,State Representative,Eleventh Norfolk
Dedham,-,5,All Others,27,State Representative,Eleventh Norfolk
Dedham,-,5,Blanks,493,State Representative,Eleventh Norfolk
Dedham,-,5,Total Votes Cast,1730,State Representative,Eleventh Norfolk
Dedham,-,6,Paul McMurtry,1185,State Representative,Eleventh Norfolk
Dedham,-,6,All Others,22,State Representative,Eleventh Norfolk
Dedham,-,6,Blanks,398,State Representative,Eleventh Norfolk
Dedham,-,6,Total Votes Cast,1605,State Representative,Eleventh Norfolk
Dedham,-,7,Paul McMurtry,1270,State Representative,Eleventh Norfolk
Dedham,-,7,All Others,35,State Representative,Eleventh Norfolk
Dedham,-,7,Blanks,531,State Representative,Eleventh Norfolk
Dedham,-,7,Total Votes Cast,1836,State Representative,Eleventh Norfolk
Deerfield,,,Natalie M. Blais,2129,State Representative,First Franklin
Deerfield,,,All Others,25,State Representative,First Franklin
Deerfield,,,Blanks,434,State Representative,First Franklin
Deerfield,,,Total Votes Cast,2588,State Representative,First Franklin
Dennis,-,1,Christopher Richard Flanagan,997,State Representative,First Barnstable
Dennis,-,1,Tracy A. Post,969,State Representative,First Barnstable
Dennis,-,1,"Abraham Kasparian, Jr.",25,State Representative,First Barnstable
Dennis,-,1,All Others,0,State Representative,First Barnstable
Dennis,-,1,Blanks,35,State Representative,First Barnstable
Dennis,-,1,Total Votes Cast,2026,State Representative,First Barnstable
Dennis,-,2,Christopher Richard Flanagan,1106,State Representative,First Barnstable
Dennis,-,2,Tracy A. Post,926,State Representative,First Barnstable
Dennis,-,2,"Abraham Kasparian, Jr.",30,State Representative,First Barnstable
Dennis,-,2,All Others,0,State Representative,First Barnstable
Dennis,-,2,Blanks,37,State Representative,First Barnstable
Dennis,-,2,Total Votes Cast,2099,State Representative,First Barnstable
Dennis,-,3,Christopher Richard Flanagan,691,State Representative,First Barnstable
Dennis,-,3,Tracy A. Post,463,State Representative,First Barnstable
Dennis,-,3,"Abraham Kasparian, Jr.",25,State Representative,First Barnstable
Dennis,-,3,All Others,3,State Representative,First Barnstable
Dennis,-,3,Blanks,21,State Representative,First Barnstable
Dennis,-,3,Total Votes Cast,1203,State Representative,First Barnstable
Dennis,-,4,Christopher Richard Flanagan,908,State Representative,First Barnstable
Dennis,-,4,Tracy A. Post,814,State Representative,First Barnstable
Dennis,-,4,"Abraham Kasparian, Jr.",35,State Representative,First Barnstable
Dennis,-,4,All Others,0,State Representative,First Barnstable
Dennis,-,4,Blanks,30,State Representative,First Barnstable
Dennis,-,4,Total Votes Cast,1787,State Representative,First Barnstable
Dennis,-,5,Christopher Richard Flanagan,802,State Representative,First Barnstable
Dennis,-,5,Tracy A. Post,650,State Representative,First Barnstable
Dennis,-,5,"Abraham Kasparian, Jr.",27,State Representative,First Barnstable
Dennis,-,5,All Others,0,State Representative,First Barnstable
Dennis,-,5,Blanks,20,State Representative,First Barnstable
Dennis,-,5,Total Votes Cast,1499,State Representative,First Barnstable
Dighton,-,1,Patricia A. Haddad,521,State Representative,Fifth Bristol
Dighton,-,1,Justin Thurber,562,State Representative,Fifth Bristol
Dighton,-,1,All Others,0,State Representative,Fifth Bristol
Dighton,-,1,Blanks,28,State Representative,Fifth Bristol
Dighton,-,1,Total Votes Cast,1111,State Representative,Fifth Bristol
Dighton,-,2,Patricia A. Haddad,518,State Representative,Fifth Bristol
Dighton,-,2,Justin Thurber,576,State Representative,Fifth Bristol
Dighton,-,2,All Others,0,State Representative,Fifth Bristol
Dighton,-,2,Blanks,26,State Representative,Fifth Bristol
Dighton,-,2,Total Votes Cast,1120,State Representative,Fifth Bristol
Dighton,-,3,Patricia A. Haddad,459,State Representative,Fifth Bristol
Dighton,-,3,Justin Thurber,513,State Representative,Fifth Bristol
Dighton,-,3,All Others,0,State Representative,Fifth Bristol
Dighton,-,3,Blanks,31,State Representative,Fifth Bristol
Dighton,-,3,Total Votes Cast,1003,State Representative,Fifth Bristol
Douglas,-,1,Joseph D. Mckenna,1026,State Representative,Eighteenth Worcester
Douglas,-,1,All Others,0,State Representative,Eighteenth Worcester
Douglas,-,1,Blanks,290,State Representative,Eighteenth Worcester
Douglas,-,1,Total Votes Cast,1316,State Representative,Eighteenth Worcester
Douglas,-,2,Joseph D. Mckenna,1090,State Representative,Eighteenth Worcester
Douglas,-,2,All Others,0,State Representative,Eighteenth Worcester
Douglas,-,2,Blanks,341,State Representative,Eighteenth Worcester
Douglas,-,2,Total Votes Cast,1431,State Representative,Eighteenth Worcester
Douglas,-,3,Joseph D. Mckenna,929,State Representative,Eighteenth Worcester
Douglas,-,3,All Others,0,State Representative,Eighteenth Worcester
Douglas,-,3,Blanks,284,State Representative,Eighteenth Worcester
Douglas,-,3,Total Votes Cast,1213,State Representative,Eighteenth Worcester
Dover,,,Denise C. Garlick,2108,State Representative,Thirteenth Norfolk
Dover,,,All Others,62,State Representative,Thirteenth Norfolk
Dover,,,Blanks,876,State Representative,Thirteenth Norfolk
Dover,,,Total Votes Cast,3046,State Representative,Thirteenth Norfolk
Dracut,-,1,Colleen M. Garry,687,State Representative,Thirty-Sixth Middlesex
Dracut,-,1,George Derek Boag,425,State Representative,Thirty-Sixth Middlesex
Dracut,-,1,All Others,0,State Representative,Thirty-Sixth Middlesex
Dracut,-,1,Blanks,29,State Representative,Thirty-Sixth Middlesex
Dracut,-,1,Total Votes Cast,1141,State Representative,Thirty-Sixth Middlesex
Dracut,-,2,Colleen M. Garry,676,State Representative,Thirty-Sixth Middlesex
Dracut,-,2,George Derek Boag,380,State Representative,Thirty-Sixth Middlesex
Dracut,-,2,All Others,0,State Representative,Thirty-Sixth Middlesex
Dracut,-,2,Blanks,30,State Representative,Thirty-Sixth Middlesex
Dracut,-,2,Total Votes Cast,1086,State Representative,Thirty-Sixth Middlesex
Dracut,-,3,Colleen M. Garry,823,State Representative,Thirty-Sixth Middlesex
Dracut,-,3,George Derek Boag,437,State Representative,Thirty-Sixth Middlesex
Dracut,-,3,All Others,0,State Representative,Thirty-Sixth Middlesex
Dracut,-,3,Blanks,42,State Representative,Thirty-Sixth Middlesex
Dracut,-,3,Total Votes Cast,1302,State Representative,Thirty-Sixth Middlesex
Dracut,-,4,Colleen M. Garry,839,State Representative,Thirty-Sixth Middlesex
Dracut,-,4,George Derek Boag,661,State Representative,Thirty-Sixth Middlesex
Dracut,-,4,All Others,0,State Representative,Thirty-Sixth Middlesex
Dracut,-,4,Blanks,70,State Representative,Thirty-Sixth Middlesex
Dracut,-,4,Total Votes Cast,1570,State Representative,Thirty-Sixth Middlesex
Dracut,-,5,Colleen M. Garry,699,State Representative,Thirty-Sixth Middlesex
Dracut,-,5,George Derek Boag,550,State Representative,Thirty-Sixth Middlesex
Dracut,-,5,All Others,0,State Representative,Thirty-Sixth Middlesex
Dracut,-,5,Blanks,35,State Representative,Thirty-Sixth Middlesex
Dracut,-,5,Total Votes Cast,1284,State Representative,Thirty-Sixth Middlesex
Dracut,-,6,Colleen M. Garry,726,State Representative,Thirty-Sixth Middlesex
Dracut,-,6,George Derek Boag,435,State Representative,Thirty-Sixth Middlesex
Dracut,-,6,All Others,0,State Representative,Thirty-Sixth Middlesex
Dracut,-,6,Blanks,37,State Representative,Thirty-Sixth Middlesex
Dracut,-,6,Total Votes Cast,1198,State Representative,Thirty-Sixth Middlesex
Dracut,-,6A,Colleen M. Garry,43,State Representative,Thirty-Sixth Middlesex
Dracut,-,6A,George Derek Boag,19,State Representative,Thirty-Sixth Middlesex
Dracut,-,6A,All Others,0,State Representative,Thirty-Sixth Middlesex
Dracut,-,6A,Blanks,6,State Representative,Thirty-Sixth Middlesex
Dracut,-,6A,Total Votes Cast,68,State Representative,Thirty-Sixth Middlesex
Dracut,-,7,Colleen M. Garry,680,State Representative,Thirty-Sixth Middlesex
Dracut,-,7,George Derek Boag,419,State Representative,Thirty-Sixth Middlesex
Dracut,-,7,All Others,0,State Representative,Thirty-Sixth Middlesex
Dracut,-,7,Blanks,38,State Representative,Thirty-Sixth Middlesex
Dracut,-,7,Total Votes Cast,1137,State Representative,Thirty-Sixth Middlesex
Dracut,-,8,Colleen M. Garry,911,State Representative,Thirty-Sixth Middlesex
Dracut,-,8,George Derek Boag,712,State Representative,Thirty-Sixth Middlesex
Dracut,-,8,All Others,0,State Representative,Thirty-Sixth Middlesex
Dracut,-,8,Blanks,51,State Representative,Thirty-Sixth Middlesex
Dracut,-,8,Total Votes Cast,1674,State Representative,Thirty-Sixth Middlesex
Dracut,-,9,Colleen M. Garry,774,State Representative,Thirty-Sixth Middlesex
Dracut,-,9,George Derek Boag,506,State Representative,Thirty-Sixth Middlesex
Dracut,-,9,All Others,0,State Representative,Thirty-Sixth Middlesex
Dracut,-,9,Blanks,34,State Representative,Thirty-Sixth Middlesex
Dracut,-,9,Total Votes Cast,1314,State Representative,Thirty-Sixth Middlesex
Dudley,-,1,Peter J. Durant,970,State Representative,Sixth Worcester
Dudley,-,1,All Others,12,State Representative,Sixth Worcester
Dudley,-,1,Blanks,299,State Representative,Sixth Worcester
Dudley,-,1,Total Votes Cast,1281,State Representative,Sixth Worcester
Dudley,-,2,Peter J. Durant,724,State Representative,Sixth Worcester
Dudley,-,2,All Others,0,State Representative,Sixth Worcester
Dudley,-,2,Blanks,156,State Representative,Sixth Worcester
Dudley,-,2,Total Votes Cast,880,State Representative,Sixth Worcester
Dudley,-,3,Peter J. Durant,680,State Representative,Sixth Worcester
Dudley,-,3,All Others,4,State Representative,Sixth Worcester
Dudley,-,3,Blanks,204,State Representative,Sixth Worcester
Dudley,-,3,Total Votes Cast,888,State Representative,Sixth Worcester
Dudley,-,4,Peter J. Durant,936,State Representative,Sixth Worcester
Dudley,-,4,All Others,10,State Representative,Sixth Worcester
Dudley,-,4,Blanks,214,State Representative,Sixth Worcester
Dudley,-,4,Total Votes Cast,1160,State Representative,Sixth Worcester
Dunstable,,,Margaret R. Scarsdale,843,State Representative,First Middlesex
Dunstable,,,Andrew James Shepherd,759,State Representative,First Middlesex
Dunstable,,,Catherine Lundeen,103,State Representative,First Middlesex
Dunstable,,,All Others,0,State Representative,First Middlesex
Dunstable,,,Blanks,72,State Representative,First Middlesex
Dunstable,,,Total Votes Cast,1777,State Representative,First Middlesex
Duxbury,-,1,Josh S. Cutler,1040,State Representative,Sixth Plymouth
Duxbury,-,1,Kenneth Sweezey,578,State Representative,Sixth Plymouth
Duxbury,-,1,All Others,0,State Representative,Sixth Plymouth
Duxbury,-,1,Blanks,23,State Representative,Sixth Plymouth
Duxbury,-,1,Total Votes Cast,1641,State Representative,Sixth Plymouth
Duxbury,-,2,Josh S. Cutler,936,State Representative,Sixth Plymouth
Duxbury,-,2,Kenneth Sweezey,503,State Representative,Sixth Plymouth
Duxbury,-,2,All Others,0,State Representative,Sixth Plymouth
Duxbury,-,2,Blanks,23,State Representative,Sixth Plymouth
Duxbury,-,2,Total Votes Cast,1462,State Representative,Sixth Plymouth
Duxbury,-,3,Josh S. Cutler,902,State Representative,Sixth Plymouth
Duxbury,-,3,Kenneth Sweezey,500,State Representative,Sixth Plymouth
Duxbury,-,3,All Others,1,State Representative,Sixth Plymouth
Duxbury,-,3,Blanks,25,State Representative,Sixth Plymouth
Duxbury,-,3,Total Votes Cast,1428,State Representative,Sixth Plymouth
Duxbury,-,4,Josh S. Cutler,785,State Representative,Sixth Plymouth
Duxbury,-,4,Kenneth Sweezey,470,State Representative,Sixth Plymouth
Duxbury,-,4,All Others,0,State Representative,Sixth Plymouth
Duxbury,-,4,Blanks,25,State Representative,Sixth Plymouth
Duxbury,-,4,Total Votes Cast,1280,State Representative,Sixth Plymouth
Duxbury,-,5,Josh S. Cutler,824,State Representative,Sixth Plymouth
Duxbury,-,5,Kenneth Sweezey,513,State Representative,Sixth Plymouth
Duxbury,-,5,All Others,0,State Representative,Sixth Plymouth
Duxbury,-,5,Blanks,9,State Representative,Sixth Plymouth
Duxbury,-,5,Total Votes Cast,1346,State Representative,Sixth Plymouth
Duxbury,-,6,Josh S. Cutler,764,State Representative,Sixth Plymouth
Duxbury,-,6,Kenneth Sweezey,475,State Representative,Sixth Plymouth
Duxbury,-,6,All Others,0,State Representative,Sixth Plymouth
Duxbury,-,6,Blanks,23,State Representative,Sixth Plymouth
Duxbury,-,6,Total Votes Cast,1262,State Representative,Sixth Plymouth
E. Bridgewater,-,1,Alyson M. Sullivan,1006,State Representative,Seventh Plymouth
E. Bridgewater,-,1,Brandon J. Griffin,333,State Representative,Seventh Plymouth
E. Bridgewater,-,1,All Others,1,State Representative,Seventh Plymouth
E. Bridgewater,-,1,Blanks,184,State Representative,Seventh Plymouth
E. Bridgewater,-,1,Total Votes Cast,1524,State Representative,Seventh Plymouth
E. Bridgewater,-,2,Alyson M. Sullivan,1051,State Representative,Seventh Plymouth
E. Bridgewater,-,2,Brandon J. Griffin,317,State Representative,Seventh Plymouth
E. Bridgewater,-,2,All Others,3,State Representative,Seventh Plymouth
E. Bridgewater,-,2,Blanks,162,State Representative,Seventh Plymouth
E. Bridgewater,-,2,Total Votes Cast,1533,State Representative,Seventh Plymouth
E. Bridgewater,-,3,Alyson M. Sullivan,1164,State Representative,Seventh Plymouth
E. Bridgewater,-,3,Brandon J. Griffin,318,State Representative,Seventh Plymouth
E. Bridgewater,-,3,All Others,1,State Representative,Seventh Plymouth
E. Bridgewater,-,3,Blanks,209,State Representative,Seventh Plymouth
E. Bridgewater,-,3,Total Votes Cast,1692,State Representative,Seventh Plymouth
E. Bridgewater,,,Gerard J. Cassidy,687,State Representative,Ninth Plymouth
E. Bridgewater,,,Lawrence P. Novak,732,State Representative,Ninth Plymouth
E. Bridgewater,,,All Others,1,State Representative,Ninth Plymouth
E. Bridgewater,,,Blanks,68,State Representative,Ninth Plymouth
E. Bridgewater,,,Total Votes Cast,1488,State Representative,Ninth Plymouth
E. Brookfield,,,"Donald R. Berthiaume, Jr",806,State Representative,Fifth Worcester
E. Brookfield,,,All Others,0,State Representative,Fifth Worcester
E. Brookfield,,,Blanks,169,State Representative,Fifth Worcester
E. Brookfield,,,Total Votes Cast,975,State Representative,Fifth Worcester
E. Longmeadow,-,1,"Angelo J. Puppolo, Jr.",1069,State Representative,Twelfth Hampden
E. Longmeadow,-,1,All Others,36,State Representative,Twelfth Hampden
E. Longmeadow,-,1,Blanks,311,State Representative,Twelfth Hampden
E. Longmeadow,-,1,Total Votes Cast,1416,State Representative,Twelfth Hampden
E. Longmeadow,-,2,Brian M. Ashe,899,State Representative,Second Hampden
E. Longmeadow,-,2,All Others,28,State Representative,Second Hampden
E. Longmeadow,-,2,Blanks,308,State Representative,Second Hampden
E. Longmeadow,-,2,Total Votes Cast,1235,State Representative,Second Hampden
E. Longmeadow,-,2A,"Angelo J. Puppolo, Jr.",25,State Representative,Twelfth Hampden
E. Longmeadow,-,2A,All Others,2,State Representative,Twelfth Hampden
E. Longmeadow,-,2A,Blanks,13,State Representative,Twelfth Hampden
E. Longmeadow,-,2A,Total Votes Cast,40,State Representative,Twelfth Hampden
E. Longmeadow,-,3,Brian M. Ashe,1016,State Representative,Second Hampden
E. Longmeadow,-,3,All Others,36,State Representative,Second Hampden
E. Longmeadow,-,3,Blanks,316,State Representative,Second Hampden
E. Longmeadow,-,3,Total Votes Cast,1368,State Representative,Second Hampden
E. Longmeadow,-,3A,"Angelo J. Puppolo, Jr.",56,State Representative,Twelfth Hampden
E. Longmeadow,-,3A,All Others,3,State Representative,Twelfth Hampden
E. Longmeadow,-,3A,Blanks,13,State Representative,Twelfth Hampden
E. Longmeadow,-,3A,Total Votes Cast,72,State Representative,Twelfth Hampden
E. Longmeadow,-,4,Brian M. Ashe,840,State Representative,Second Hampden
E. Longmeadow,-,4,All Others,23,State Representative,Second Hampden
E. Longmeadow,-,4,Blanks,356,State Representative,Second Hampden
E. Longmeadow,-,4,Total Votes Cast,1219,State Representative,Second Hampden
E. Longmeadow,-,4A,"Angelo J. Puppolo, Jr.",185,State Representative,Twelfth Hampden
E. Longmeadow,-,4A,All Others,1,State Representative,Twelfth Hampden
E. Longmeadow,-,4A,Blanks,80,State Representative,Twelfth Hampden
E. Longmeadow,-,4A,Total Votes Cast,266,State Representative,Twelfth Hampden
E. Longmeadow,-,5,Brian M. Ashe,952,State Representative,Second Hampden
E. Longmeadow,-,5,All Others,39,State Representative,Second Hampden
E. Longmeadow,-,5,Blanks,443,State Representative,Second Hampden
E. Longmeadow,-,5,Total Votes Cast,1434,State Representative,Second Hampden
Eastham,,,Sarah K. Peake,2616,State Representative,Fourth Barnstable
Eastham,,,All Others,0,State Representative,Fourth Barnstable
Eastham,,,Blanks,770,State Representative,Fourth Barnstable
Eastham,,,Total Votes Cast,3386,State Representative,Fourth Barnstable
Easthampton,-,1,Daniel R. Carey,1380,State Representative,Second Hampshire
Easthampton,-,1,All Others,6,State Representative,Second Hampshire
Easthampton,-,1,Blanks,221,State Representative,Second Hampshire
Easthampton,-,1,Total Votes Cast,1607,State Representative,Second Hampshire
Easthampton,-,2,Daniel R. Carey,1274,State Representative,Second Hampshire
Easthampton,-,2,All Others,4,State Representative,Second Hampshire
Easthampton,-,2,Blanks,173,State Representative,Second Hampshire
Easthampton,-,2,Total Votes Cast,1451,State Representative,Second Hampshire
Easthampton,-,3,Daniel R. Carey,1429,State Representative,Second Hampshire
Easthampton,-,3,All Others,5,State Representative,Second Hampshire
Easthampton,-,3,Blanks,212,State Representative,Second Hampshire
Easthampton,-,3,Total Votes Cast,1646,State Representative,Second Hampshire
Easthampton,-,4,Daniel R. Carey,1422,State Representative,Second Hampshire
Easthampton,-,4,All Others,14,State Representative,Second Hampshire
Easthampton,-,4,Blanks,171,State Representative,Second Hampshire
Easthampton,-,4,Total Votes Cast,1607,State Representative,Second Hampshire
Easthampton,-,5,Daniel R. Carey,1367,State Representative,Second Hampshire
Easthampton,-,5,All Others,8,State Representative,Second Hampshire
Easthampton,-,5,Blanks,337,State Representative,Second Hampshire
Easthampton,-,5,Total Votes Cast,1712,State Representative,Second Hampshire
Easton,-,1,Gerard J. Cassidy,1029,State Representative,Ninth Plymouth
Easton,-,1,Lawrence P. Novak,640,State Representative,Ninth Plymouth
Easton,-,1,All Others,0,State Representative,Ninth Plymouth
Easton,-,1,Blanks,113,State Representative,Ninth Plymouth
Easton,-,1,Total Votes Cast,1782,State Representative,Ninth Plymouth
Easton,-,2,Gerard J. Cassidy,950,State Representative,Ninth Plymouth
Easton,-,2,Lawrence P. Novak,547,State Representative,Ninth Plymouth
Easton,-,2,All Others,2,State Representative,Ninth Plymouth
Easton,-,2,Blanks,112,State Representative,Ninth Plymouth
Easton,-,2,Total Votes Cast,1611,State Representative,Ninth Plymouth
Easton,-,3,Gerard J. Cassidy,378,State Representative,Ninth Plymouth
Easton,-,3,Lawrence P. Novak,258,State Representative,Ninth Plymouth
Easton,-,3,All Others,0,State Representative,Ninth Plymouth
Easton,-,3,Blanks,43,State Representative,Ninth Plymouth
Easton,-,3,Total Votes Cast,679,State Representative,Ninth Plymouth
Easton,-,4A,Carol A. Doherty,439,State Representative,Third Bristol
Easton,-,4A,Christopher P. Coute,326,State Representative,Third Bristol
Easton,-,4A,All Others,0,State Representative,Third Bristol
Easton,-,4A,Blanks,35,State Representative,Third Bristol
Easton,-,4A,Total Votes Cast,800,State Representative,Third Bristol
Easton,-,4B,Gerard J. Cassidy,464,State Representative,Ninth Plymouth
Easton,-,4B,Lawrence P. Novak,374,State Representative,Ninth Plymouth
Easton,-,4B,All Others,0,State Representative,Ninth Plymouth
Easton,-,4B,Blanks,72,State Representative,Ninth Plymouth
Easton,-,4B,Total Votes Cast,910,State Representative,Ninth Plymouth
Easton,-,5,Carol A. Doherty,873,State Representative,Third Bristol
Easton,-,5,Christopher P. Coute,533,State Representative,Third Bristol
Easton,-,5,All Others,0,State Representative,Third Bristol
Easton,-,5,Blanks,65,State Representative,Third Bristol
Easton,-,5,Total Votes Cast,1471,State Representative,Third Bristol
Easton,-,6,Carol A. Doherty,818,State Representative,Third Bristol
Easton,-,6,Christopher P. Coute,704,State Representative,Third Bristol
Easton,-,6,All Others,1,State Representative,Third Bristol
Easton,-,6,Blanks,40,State Representative,Third Bristol
Easton,-,6,Total Votes Cast,1563,State Representative,Third Bristol
Easton,-,7,Gerard J. Cassidy,817,State Representative,Ninth Plymouth
Easton,-,7,Lawrence P. Novak,569,State Representative,Ninth Plymouth
Easton,-,7,All Others,0,State Representative,Ninth Plymouth
Easton,-,7,Blanks,68,State Representative,Ninth Plymouth
Easton,-,7,Total Votes Cast,1454,State Representative,Ninth Plymouth
Edgartown,,,Dylan A. Fernandes,1645,State Representative,"Barnstable, Dukes and Nantucket"
Edgartown,,,All Others,19,State Representative,"Barnstable, Dukes and Nantucket"
Edgartown,,,Blanks,533,State Representative,"Barnstable, Dukes and Nantucket"
Edgartown,,,Total Votes Cast,2197,State Representative,"Barnstable, Dukes and Nantucket"
Egremont,,,"William ""Smitty"" Pignatelli",652,State Representative,Third Berkshire
Egremont,,,Michael Silvio Lavery,51,State Representative,Third Berkshire
Egremont,,,All Others,5,State Representative,Third Berkshire
Egremont,,,Blanks,52,State Representative,Third Berkshire
Egremont,,,Total Votes Cast,760,State Representative,Third Berkshire
Erving,,,Susannah M. Whipps,392,State Representative,Second Franklin
Erving,,,Jeffrey L. Raymond,191,State Representative,Second Franklin
Erving,,,Kevin Patrick McKeown,42,State Representative,Second Franklin
Erving,,,All Others,1,State Representative,Second Franklin
Erving,,,Blanks,36,State Representative,Second Franklin
Erving,,,Total Votes Cast,662,State Representative,Second Franklin
Essex,,,Ann-Margaret Ferrante,1158,State Representative,Fifth Essex
Essex,,,Ashley Sullivan,629,State Representative,Fifth Essex
Essex,,,All Others,3,State Representative,Fifth Essex
Essex,,,Blanks,54,State Representative,Fifth Essex
Essex,,,Total Votes Cast,1844,State Representative,Fifth Essex
Everett,1,1,"Joseph W. Mcgonagle, Jr",291,State Representative,Twenty-Eighth Middlesex
Everett,1,1,Michael K. Marchese,141,State Representative,Twenty-Eighth Middlesex
Everett,1,1,All Others,1,State Representative,Twenty-Eighth Middlesex
Everett,1,1,Blanks,50,State Representative,Twenty-Eighth Middlesex
Everett,1,1,Total Votes Cast,483,State Representative,Twenty-Eighth Middlesex
Everett,1,2,"Joseph W. Mcgonagle, Jr",183,State Representative,Twenty-Eighth Middlesex
Everett,1,2,Michael K. Marchese,84,State Representative,Twenty-Eighth Middlesex
Everett,1,2,All Others,2,State Representative,Twenty-Eighth Middlesex
Everett,1,2,Blanks,37,State Representative,Twenty-Eighth Middlesex
Everett,1,2,Total Votes Cast,306,State Representative,Twenty-Eighth Middlesex
Everett,1,3A,"Joseph W. Mcgonagle, Jr",82,State Representative,Twenty-Eighth Middlesex
Everett,1,3A,Michael K. Marchese,36,State Representative,Twenty-Eighth Middlesex
Everett,1,3A,All Others,2,State Representative,Twenty-Eighth Middlesex
Everett,1,3A,Blanks,21,State Representative,Twenty-Eighth Middlesex
Everett,1,3A,Total Votes Cast,141,State Representative,Twenty-Eighth Middlesex
Everett,2,1,Judith A. Garcia,294,State Representative,Eleventh Suffolk
Everett,2,1,Todd B. Taylor,173,State Representative,Eleventh Suffolk
Everett,2,1,All Others,2,State Representative,Eleventh Suffolk
Everett,2,1,Blanks,32,State Representative,Eleventh Suffolk
Everett,2,1,Total Votes Cast,501,State Representative,Eleventh Suffolk
Everett,2,2,"Joseph W. Mcgonagle, Jr",159,State Representative,Twenty-Eighth Middlesex
Everett,2,2,Michael K. Marchese,49,State Representative,Twenty-Eighth Middlesex
Everett,2,2,All Others,4,State Representative,Twenty-Eighth Middlesex
Everett,2,2,Blanks,23,State Representative,Twenty-Eighth Middlesex
Everett,2,2,Total Votes Cast,235,State Representative,Twenty-Eighth Middlesex
Everett,2,2A,Judith A. Garcia,112,State Representative,Eleventh Suffolk
Everett,2,2A,Todd B. Taylor,52,State Representative,Eleventh Suffolk
Everett,2,2A,All Others,3,State Representative,Eleventh Suffolk
Everett,2,2A,Blanks,21,State Representative,Eleventh Suffolk
Everett,2,2A,Total Votes Cast,188,State Representative,Eleventh Suffolk
Everett,2,3,"Joseph W. Mcgonagle, Jr",245,State Representative,Twenty-Eighth Middlesex
Everett,2,3,Michael K. Marchese,124,State Representative,Twenty-Eighth Middlesex
Everett,2,3,All Others,4,State Representative,Twenty-Eighth Middlesex
Everett,2,3,Blanks,36,State Representative,Twenty-Eighth Middlesex
Everett,2,3,Total Votes Cast,409,State Representative,Twenty-Eighth Middlesex
Everett,3,1,"Joseph W. Mcgonagle, Jr",417,State Representative,Twenty-Eighth Middlesex
Everett,3,1,Michael K. Marchese,168,State Representative,Twenty-Eighth Middlesex
Everett,3,1,All Others,5,State Representative,Twenty-Eighth Middlesex
Everett,3,1,Blanks,61,State Representative,Twenty-Eighth Middlesex
Everett,3,1,Total Votes Cast,651,State Representative,Twenty-Eighth Middlesex
Everett,3,2,"Joseph W. Mcgonagle, Jr",317,State Representative,Twenty-Eighth Middlesex
Everett,3,2,Michael K. Marchese,160,State Representative,Twenty-Eighth Middlesex
Everett,3,2,All Others,4,State Representative,Twenty-Eighth Middlesex
Everett,3,2,Blanks,46,State Representative,Twenty-Eighth Middlesex
Everett,3,2,Total Votes Cast,527,State Representative,Twenty-Eighth Middlesex
Everett,3,3,"Joseph W. Mcgonagle, Jr",187,State Representative,Twenty-Eighth Middlesex
Everett,3,3,Michael K. Marchese,99,State Representative,Twenty-Eighth Middlesex
Everett,3,3,All Others,8,State Representative,Twenty-Eighth Middlesex
Everett,3,3,Blanks,40,State Representative,Twenty-Eighth Middlesex
Everett,3,3,Total Votes Cast,334,State Representative,Twenty-Eighth Middlesex
Everett,4,1,"Joseph W. Mcgonagle, Jr",397,State Representative,Twenty-Eighth Middlesex
Everett,4,1,Michael K. Marchese,148,State Representative,Twenty-Eighth Middlesex
Everett,4,1,All Others,2,State Representative,Twenty-Eighth Middlesex
Everett,4,1,Blanks,45,State Representative,Twenty-Eighth Middlesex
Everett,4,1,Total Votes Cast,592,State Representative,Twenty-Eighth Middlesex
Everett,4,2,"Joseph W. Mcgonagle, Jr",305,State Representative,Twenty-Eighth Middlesex
Everett,4,2,Michael K. Marchese,144,State Representative,Twenty-Eighth Middlesex
Everett,4,2,All Others,9,State Representative,Twenty-Eighth Middlesex
Everett,4,2,Blanks,62,State Representative,Twenty-Eighth Middlesex
Everett,4,2,Total Votes Cast,520,State Representative,Twenty-Eighth Middlesex
Everett,4,3,"Joseph W. Mcgonagle, Jr",303,State Representative,Twenty-Eighth Middlesex
Everett,4,3,Michael K. Marchese,124,State Representative,Twenty-Eighth Middlesex
Everett,4,3,All Others,5,State Representative,Twenty-Eighth Middlesex
Everett,4,3,Blanks,56,State Representative,Twenty-Eighth Middlesex
Everett,4,3,Total Votes Cast,488,State Representative,Twenty-Eighth Middlesex
Everett,5,1,"Joseph W. Mcgonagle, Jr",303,State Representative,Twenty-Eighth Middlesex
Everett,5,1,Michael K. Marchese,112,State Representative,Twenty-Eighth Middlesex
Everett,5,1,All Others,3,State Representative,Twenty-Eighth Middlesex
Everett,5,1,Blanks,47,State Representative,Twenty-Eighth Middlesex
Everett,5,1,Total Votes Cast,465,State Representative,Twenty-Eighth Middlesex
Everett,5,2,"Joseph W. Mcgonagle, Jr",275,State Representative,Twenty-Eighth Middlesex
Everett,5,2,Michael K. Marchese,102,State Representative,Twenty-Eighth Middlesex
Everett,5,2,All Others,3,State Representative,Twenty-Eighth Middlesex
Everett,5,2,Blanks,35,State Representative,Twenty-Eighth Middlesex
Everett,5,2,Total Votes Cast,415,State Representative,Twenty-Eighth Middlesex
Everett,5,3,"Joseph W. Mcgonagle, Jr",278,State Representative,Twenty-Eighth Middlesex
Everett,5,3,Michael K. Marchese,89,State Representative,Twenty-Eighth Middlesex
Everett,5,3,All Others,1,State Representative,Twenty-Eighth Middlesex
Everett,5,3,Blanks,57,State Representative,Twenty-Eighth Middlesex
Everett,5,3,Total Votes Cast,425,State Representative,Twenty-Eighth Middlesex
Everett,6,1,"Joseph W. Mcgonagle, Jr",349,State Representative,Twenty-Eighth Middlesex
Everett,6,1,Michael K. Marchese,122,State Representative,Twenty-Eighth Middlesex
Everett,6,1,All Others,8,State Representative,Twenty-Eighth Middlesex
Everett,6,1,Blanks,42,State Representative,Twenty-Eighth Middlesex
Everett,6,1,Total Votes Cast,521,State Representative,Twenty-Eighth Middlesex
Everett,6,2,"Joseph W. Mcgonagle, Jr",256,State Representative,Twenty-Eighth Middlesex
Everett,6,2,Michael K. Marchese,118,State Representative,Twenty-Eighth Middlesex
Everett,6,2,All Others,5,State Representative,Twenty-Eighth Middlesex
Everett,6,2,Blanks,51,State Representative,Twenty-Eighth Middlesex
Everett,6,2,Total Votes Cast,430,State Representative,Twenty-Eighth Middlesex
Everett,6,3,"Joseph W. Mcgonagle, Jr",366,State Representative,Twenty-Eighth Middlesex
Everett,6,3,Michael K. Marchese,123,State Representative,Twenty-Eighth Middlesex
Everett,6,3,All Others,2,State Representative,Twenty-Eighth Middlesex
Everett,6,3,Blanks,38,State Representative,Twenty-Eighth Middlesex
Everett,6,3,Total Votes Cast,529,State Representative,Twenty-Eighth Middlesex
Everett,,,Daniel Joseph Ryan,145,State Representative,Second Suffolk
Everett,,,All Others,1,State Representative,Second Suffolk
Everett,,,Blanks,55,State Representative,Second Suffolk
Everett,,,Total Votes Cast,201,State Representative,Second Suffolk
Fairhaven,-,1,William M. Straus,801,State Representative,Tenth Bristol
Fairhaven,-,1,Jeffrey Gerald Swift,365,State Representative,Tenth Bristol
Fairhaven,-,1,All Others,0,State Representative,Tenth Bristol
Fairhaven,-,1,Blanks,37,State Representative,Tenth Bristol
Fairhaven,-,1,Total Votes Cast,1203,State Representative,Tenth Bristol
Fairhaven,-,2,William M. Straus,702,State Representative,Tenth Bristol
Fairhaven,-,2,Jeffrey Gerald Swift,420,State Representative,Tenth Bristol
Fairhaven,-,2,All Others,0,State Representative,Tenth Bristol
Fairhaven,-,2,Blanks,24,State Representative,Tenth Bristol
Fairhaven,-,2,Total Votes Cast,1146,State Representative,Tenth Bristol
Fairhaven,-,3,William M. Straus,481,State Representative,Tenth Bristol
Fairhaven,-,3,Jeffrey Gerald Swift,359,State Representative,Tenth Bristol
Fairhaven,-,3,All Others,0,State Representative,Tenth Bristol
Fairhaven,-,3,Blanks,20,State Representative,Tenth Bristol
Fairhaven,-,3,Total Votes Cast,860,State Representative,Tenth Bristol
Fairhaven,-,4,William M. Straus,662,State Representative,Tenth Bristol
Fairhaven,-,4,Jeffrey Gerald Swift,487,State Representative,Tenth Bristol
Fairhaven,-,4,All Others,0,State Representative,Tenth Bristol
Fairhaven,-,4,Blanks,21,State Representative,Tenth Bristol
Fairhaven,-,4,Total Votes Cast,1170,State Representative,Tenth Bristol
Fairhaven,-,5,William M. Straus,686,State Representative,Tenth Bristol
Fairhaven,-,5,Jeffrey Gerald Swift,569,State Representative,Tenth Bristol
Fairhaven,-,5,All Others,0,State Representative,Tenth Bristol
Fairhaven,-,5,Blanks,26,State Representative,Tenth Bristol
Fairhaven,-,5,Total Votes Cast,1281,State Representative,Tenth Bristol
Fairhaven,-,6,William M. Straus,585,State Representative,Tenth Bristol
Fairhaven,-,6,Jeffrey Gerald Swift,550,State Representative,Tenth Bristol
Fairhaven,-,6,All Others,2,State Representative,Tenth Bristol
Fairhaven,-,6,Blanks,35,State Representative,Tenth Bristol
Fairhaven,-,6,Total Votes Cast,1172,State Representative,Tenth Bristol
Fall River,1,A,"Paul Schmid, III",558,State Representative,Eighth Bristol
Fall River,1,A,Evan Gendreau,438,State Representative,Eighth Bristol
Fall River,1,A,All Others,3,State Representative,Eighth Bristol
Fall River,1,A,Blanks,25,State Representative,Eighth Bristol
Fall River,1,A,Total Votes Cast,1024,State Representative,Eighth Bristol
Fall River,1,B,Alan Silvia,487,State Representative,Seventh Bristol
Fall River,1,B,All Others,14,State Representative,Seventh Bristol
Fall River,1,B,Blanks,190,State Representative,Seventh Bristol
Fall River,1,B,Total Votes Cast,691,State Representative,Seventh Bristol
Fall River,1,C,Alan Silvia,515,State Representative,Seventh Bristol
Fall River,1,C,All Others,20,State Representative,Seventh Bristol
Fall River,1,C,Blanks,192,State Representative,Seventh Bristol
Fall River,1,C,Total Votes Cast,727,State Representative,Seventh Bristol
Fall River,2,A,Alan Silvia,344,State Representative,Seventh Bristol
Fall River,2,A,All Others,18,State Representative,Seventh Bristol
Fall River,2,A,Blanks,85,State Representative,Seventh Bristol
Fall River,2,A,Total Votes Cast,447,State Representative,Seventh Bristol
Fall River,2,B,Alan Silvia,292,State Representative,Seventh Bristol
Fall River,2,B,All Others,18,State Representative,Seventh Bristol
Fall River,2,B,Blanks,107,State Representative,Seventh Bristol
Fall River,2,B,Total Votes Cast,417,State Representative,Seventh Bristol
Fall River,2,C,Alan Silvia,358,State Representative,Seventh Bristol
Fall River,2,C,All Others,17,State Representative,Seventh Bristol
Fall River,2,C,Blanks,155,State Representative,Seventh Bristol
Fall River,2,C,Total Votes Cast,530,State Representative,Seventh Bristol
Fall River,3,A,Alan Silvia,533,State Representative,Seventh Bristol
Fall River,3,A,All Others,14,State Representative,Seventh Bristol
Fall River,3,A,Blanks,143,State Representative,Seventh Bristol
Fall River,3,A,Total Votes Cast,690,State Representative,Seventh Bristol
Fall River,3,B,Alan Silvia,481,State Representative,Seventh Bristol
Fall River,3,B,All Others,13,State Representative,Seventh Bristol
Fall River,3,B,Blanks,160,State Representative,Seventh Bristol
Fall River,3,B,Total Votes Cast,654,State Representative,Seventh Bristol
Fall River,3,C,Alan Silvia,579,State Representative,Seventh Bristol
Fall River,3,C,All Others,19,State Representative,Seventh Bristol
Fall River,3,C,Blanks,195,State Representative,Seventh Bristol
Fall River,3,C,Total Votes Cast,793,State Representative,Seventh Bristol
Fall River,4,A,Alan Silvia,372,State Representative,Seventh Bristol
Fall River,4,A,All Others,15,State Representative,Seventh Bristol
Fall River,4,A,Blanks,102,State Representative,Seventh Bristol
Fall River,4,A,Total Votes Cast,489,State Representative,Seventh Bristol
Fall River,4,B,Alan Silvia,280,State Representative,Seventh Bristol
Fall River,4,B,All Others,14,State Representative,Seventh Bristol
Fall River,4,B,Blanks,72,State Representative,Seventh Bristol
Fall River,4,B,Total Votes Cast,366,State Representative,Seventh Bristol
Fall River,4,C,Alan Silvia,395,State Representative,Seventh Bristol
Fall River,4,C,All Others,8,State Representative,Seventh Bristol
Fall River,4,C,Blanks,95,State Representative,Seventh Bristol
Fall River,4,C,Total Votes Cast,498,State Representative,Seventh Bristol
Fall River,5,A,Alan Silvia,250,State Representative,Seventh Bristol
Fall River,5,A,All Others,9,State Representative,Seventh Bristol
Fall River,5,A,Blanks,65,State Representative,Seventh Bristol
Fall River,5,A,Total Votes Cast,324,State Representative,Seventh Bristol
Fall River,5,B,Carole A. Fiola,231,State Representative,Sixth Bristol
Fall River,5,B,All Others,6,State Representative,Sixth Bristol
Fall River,5,B,Blanks,63,State Representative,Sixth Bristol
Fall River,5,B,Total Votes Cast,300,State Representative,Sixth Bristol
Fall River,5,C,Carole A. Fiola,288,State Representative,Sixth Bristol
Fall River,5,C,All Others,6,State Representative,Sixth Bristol
Fall River,5,C,Blanks,97,State Representative,Sixth Bristol
Fall River,5,C,Total Votes Cast,391,State Representative,Sixth Bristol
Fall River,6,A,"Paul Schmid, III",440,State Representative,Eighth Bristol
Fall River,6,A,Evan Gendreau,364,State Representative,Eighth Bristol
Fall River,6,A,All Others,1,State Representative,Eighth Bristol
Fall River,6,A,Blanks,44,State Representative,Eighth Bristol
Fall River,6,A,Total Votes Cast,849,State Representative,Eighth Bristol
Fall River,6,B,"Paul Schmid, III",341,State Representative,Eighth Bristol
Fall River,6,B,Evan Gendreau,167,State Representative,Eighth Bristol
Fall River,6,B,All Others,0,State Representative,Eighth Bristol
Fall River,6,B,Blanks,18,State Representative,Eighth Bristol
Fall River,6,B,Total Votes Cast,526,State Representative,Eighth Bristol
Fall River,6,C,Carole A. Fiola,416,State Representative,Sixth Bristol
Fall River,6,C,All Others,14,State Representative,Sixth Bristol
Fall River,6,C,Blanks,196,State Representative,Sixth Bristol
Fall River,6,C,Total Votes Cast,626,State Representative,Sixth Bristol
Fall River,7,A,Carole A. Fiola,603,State Representative,Sixth Bristol
Fall River,7,A,All Others,19,State Representative,Sixth Bristol
Fall River,7,A,Blanks,218,State Representative,Sixth Bristol
Fall River,7,A,Total Votes Cast,840,State Representative,Sixth Bristol
Fall River,7,B,Carole A. Fiola,362,State Representative,Sixth Bristol
Fall River,7,B,All Others,19,State Representative,Sixth Bristol
Fall River,7,B,Blanks,112,State Representative,Sixth Bristol
Fall River,7,B,Total Votes Cast,493,State Representative,Sixth Bristol
Fall River,7,C,Carole A. Fiola,479,State Representative,Sixth Bristol
Fall River,7,C,All Others,21,State Representative,Sixth Bristol
Fall River,7,C,Blanks,139,State Representative,Sixth Bristol
Fall River,7,C,Total Votes Cast,639,State Representative,Sixth Bristol
Fall River,8,A,Carole A. Fiola,424,State Representative,Sixth Bristol
Fall River,8,A,All Others,19,State Representative,Sixth Bristol
Fall River,8,A,Blanks,183,State Representative,Sixth Bristol
Fall River,8,A,Total Votes Cast,626,State Representative,Sixth Bristol
Fall River,8,B,Carole A. Fiola,748,State Representative,Sixth Bristol
Fall River,8,B,All Others,36,State Representative,Sixth Bristol
Fall River,8,B,Blanks,273,State Representative,Sixth Bristol
Fall River,8,B,Total Votes Cast,1057,State Representative,Sixth Bristol
Fall River,8,C,Carole A. Fiola,719,State Representative,Sixth Bristol
Fall River,8,C,All Others,14,State Representative,Sixth Bristol
Fall River,8,C,Blanks,284,State Representative,Sixth Bristol
Fall River,8,C,Total Votes Cast,1017,State Representative,Sixth Bristol
Fall River,9,A,Carole A. Fiola,909,State Representative,Sixth Bristol
Fall River,9,A,All Others,31,State Representative,Sixth Bristol
Fall River,9,A,Blanks,452,State Representative,Sixth Bristol
Fall River,9,A,Total Votes Cast,1392,State Representative,Sixth Bristol
Fall River,9,B,Carole A. Fiola,711,State Representative,Sixth Bristol
Fall River,9,B,All Others,29,State Representative,Sixth Bristol
Fall River,9,B,Blanks,272,State Representative,Sixth Bristol
Fall River,9,B,Total Votes Cast,1012,State Representative,Sixth Bristol
Fall River,9,C,Carole A. Fiola,605,State Representative,Sixth Bristol
Fall River,9,C,All Others,24,State Representative,Sixth Bristol
Fall River,9,C,Blanks,227,State Representative,Sixth Bristol
Fall River,9,C,Total Votes Cast,856,State Representative,Sixth Bristol
Falmouth,-,1,Dylan A. Fernandes,1698,State Representative,"Barnstable, Dukes and Nantucket"
Falmouth,-,1,All Others,25,State Representative,"Barnstable, Dukes and Nantucket"
Falmouth,-,1,Blanks,423,State Representative,"Barnstable, Dukes and Nantucket"
Falmouth,-,1,Total Votes Cast,2146,State Representative,"Barnstable, Dukes and Nantucket"
Falmouth,-,2,Dylan A. Fernandes,1345,State Representative,"Barnstable, Dukes and Nantucket"
Falmouth,-,2,All Others,29,State Representative,"Barnstable, Dukes and Nantucket"
Falmouth,-,2,Blanks,510,State Representative,"Barnstable, Dukes and Nantucket"
Falmouth,-,2,Total Votes Cast,1884,State Representative,"Barnstable, Dukes and Nantucket"
Falmouth,-,3,David T. Vieira,1020,State Representative,Third Barnstable
Falmouth,-,3,Kathleen Fox Alfano,778,State Representative,Third Barnstable
Falmouth,-,3,All Others,2,State Representative,Third Barnstable
Falmouth,-,3,Blanks,69,State Representative,Third Barnstable
Falmouth,-,3,Total Votes Cast,1869,State Representative,Third Barnstable
Falmouth,-,4,David T. Vieira,1161,State Representative,Third Barnstable
Falmouth,-,4,Kathleen Fox Alfano,750,State Representative,Third Barnstable
Falmouth,-,4,All Others,0,State Representative,Third Barnstable
Falmouth,-,4,Blanks,64,State Representative,Third Barnstable
Falmouth,-,4,Total Votes Cast,1975,State Representative,Third Barnstable
Falmouth,-,5,David T. Vieira,1153,State Representative,Third Barnstable
Falmouth,-,5,Kathleen Fox Alfano,980,State Representative,Third Barnstable
Falmouth,-,5,All Others,2,State Representative,Third Barnstable
Falmouth,-,5,Blanks,68,State Representative,Third Barnstable
Falmouth,-,5,Total Votes Cast,2203,State Representative,Third Barnstable
Falmouth,-,6,Dylan A. Fernandes,1435,State Representative,"Barnstable, Dukes and Nantucket"
Falmouth,-,6,All Others,38,State Representative,"Barnstable, Dukes and Nantucket"
Falmouth,-,6,Blanks,579,State Representative,"Barnstable, Dukes and Nantucket"
Falmouth,-,6,Total Votes Cast,2052,State Representative,"Barnstable, Dukes and Nantucket"
Falmouth,-,7,David T. Vieira,1046,State Representative,Third Barnstable
Falmouth,-,7,Kathleen Fox Alfano,776,State Representative,Third Barnstable
Falmouth,-,7,All Others,2,State Representative,Third Barnstable
Falmouth,-,7,Blanks,52,State Representative,Third Barnstable
Falmouth,-,7,Total Votes Cast,1876,State Representative,Third Barnstable
Falmouth,-,8,David T. Vieira,1070,State Representative,Third Barnstable
Falmouth,-,8,Kathleen Fox Alfano,735,State Representative,Third Barnstable
Falmouth,-,8,All Others,0,State Representative,Third Barnstable
Falmouth,-,8,Blanks,67,State Representative,Third Barnstable
Falmouth,-,8,Total Votes Cast,1872,State Representative,Third Barnstable
Falmouth,-,9,David T. Vieira,958,State Representative,Third Barnstable
Falmouth,-,9,Kathleen Fox Alfano,668,State Representative,Third Barnstable
Falmouth,-,9,All Others,0,State Representative,Third Barnstable
Falmouth,-,9,Blanks,42,State Representative,Third Barnstable
Falmouth,-,9,Total Votes Cast,1668,State Representative,Third Barnstable
Fitchburg,1,A,Michael P. Kushmerek,404,State Representative,Third Worcester
Fitchburg,1,A,Aaron L. Packard,213,State Representative,Third Worcester
Fitchburg,1,A,All Others,0,State Representative,Third Worcester
Fitchburg,1,A,Blanks,24,State Representative,Third Worcester
Fitchburg,1,A,Total Votes Cast,641,State Representative,Third Worcester
Fitchburg,1,B,Michael P. Kushmerek,498,State Representative,Third Worcester
Fitchburg,1,B,Aaron L. Packard,247,State Representative,Third Worcester
Fitchburg,1,B,All Others,3,State Representative,Third Worcester
Fitchburg,1,B,Blanks,37,State Representative,Third Worcester
Fitchburg,1,B,Total Votes Cast,785,State Representative,Third Worcester
Fitchburg,2,A,Michael P. Kushmerek,370,State Representative,Third Worcester
Fitchburg,2,A,Aaron L. Packard,212,State Representative,Third Worcester
Fitchburg,2,A,All Others,0,State Representative,Third Worcester
Fitchburg,2,A,Blanks,25,State Representative,Third Worcester
Fitchburg,2,A,Total Votes Cast,607,State Representative,Third Worcester
Fitchburg,2,B,Michael P. Kushmerek,524,State Representative,Third Worcester
Fitchburg,2,B,Aaron L. Packard,318,State Representative,Third Worcester
Fitchburg,2,B,All Others,1,State Representative,Third Worcester
Fitchburg,2,B,Blanks,21,State Representative,Third Worcester
Fitchburg,2,B,Total Votes Cast,864,State Representative,Third Worcester
Fitchburg,3,A,Michael P. Kushmerek,867,State Representative,Third Worcester
Fitchburg,3,A,Aaron L. Packard,507,State Representative,Third Worcester
Fitchburg,3,A,All Others,0,State Representative,Third Worcester
Fitchburg,3,A,Blanks,80,State Representative,Third Worcester
Fitchburg,3,A,Total Votes Cast,1454,State Representative,Third Worcester
Fitchburg,3,B,Michael P. Kushmerek,564,State Representative,Third Worcester
Fitchburg,3,B,Aaron L. Packard,380,State Representative,Third Worcester
Fitchburg,3,B,All Others,0,State Representative,Third Worcester
Fitchburg,3,B,Blanks,34,State Representative,Third Worcester
Fitchburg,3,B,Total Votes Cast,978,State Representative,Third Worcester
Fitchburg,4,A,Michael P. Kushmerek,363,State Representative,Third Worcester
Fitchburg,4,A,Aaron L. Packard,200,State Representative,Third Worcester
Fitchburg,4,A,All Others,1,State Representative,Third Worcester
Fitchburg,4,A,Blanks,23,State Representative,Third Worcester
Fitchburg,4,A,Total Votes Cast,587,State Representative,Third Worcester
Fitchburg,4,B,Michael P. Kushmerek,362,State Representative,Third Worcester
Fitchburg,4,B,Aaron L. Packard,147,State Representative,Third Worcester
Fitchburg,4,B,All Others,0,State Representative,Third Worcester
Fitchburg,4,B,Blanks,64,State Representative,Third Worcester
Fitchburg,4,B,Total Votes Cast,573,State Representative,Third Worcester
Fitchburg,5,A,Michael P. Kushmerek,818,State Representative,Third Worcester
Fitchburg,5,A,Aaron L. Packard,597,State Representative,Third Worcester
Fitchburg,5,A,All Others,0,State Representative,Third Worcester
Fitchburg,5,A,Blanks,56,State Representative,Third Worcester
Fitchburg,5,A,Total Votes Cast,1471,State Representative,Third Worcester
Fitchburg,5,B,Michael P. Kushmerek,300,State Representative,Third Worcester
Fitchburg,5,B,Aaron L. Packard,146,State Representative,Third Worcester
Fitchburg,5,B,All Others,1,State Representative,Third Worcester
Fitchburg,5,B,Blanks,12,State Representative,Third Worcester
Fitchburg,5,B,Total Votes Cast,459,State Representative,Third Worcester
Fitchburg,6,A,Michael P. Kushmerek,658,State Representative,Third Worcester
Fitchburg,6,A,Aaron L. Packard,426,State Representative,Third Worcester
Fitchburg,6,A,All Others,0,State Representative,Third Worcester
Fitchburg,6,A,Blanks,47,State Representative,Third Worcester
Fitchburg,6,A,Total Votes Cast,1131,State Representative,Third Worcester
Fitchburg,6,B,Michael P. Kushmerek,391,State Representative,Third Worcester
Fitchburg,6,B,Aaron L. Packard,204,State Representative,Third Worcester
Fitchburg,6,B,All Others,1,State Representative,Third Worcester
Fitchburg,6,B,Blanks,40,State Representative,Third Worcester
Fitchburg,6,B,Total Votes Cast,636,State Representative,Third Worcester
Florida,,,"John P. Barrett, III",205,State Representative,First Berkshire
Florida,,,All Others,0,State Representative,First Berkshire
Florida,,,Blanks,82,State Representative,First Berkshire
Florida,,,Total Votes Cast,287,State Representative,First Berkshire
Foxborough,-,1,Fred Jay Barrows,732,State Representative,First Bristol
Foxborough,-,1,Brendan A. Roche,557,State Representative,First Bristol
Foxborough,-,1,All Others,0,State Representative,First Bristol
Foxborough,-,1,Blanks,54,State Representative,First Bristol
Foxborough,-,1,Total Votes Cast,1343,State Representative,First Bristol
Foxborough,-,2,Fred Jay Barrows,1059,State Representative,First Bristol
Foxborough,-,2,Brendan A. Roche,749,State Representative,First Bristol
Foxborough,-,2,All Others,0,State Representative,First Bristol
Foxborough,-,2,Blanks,101,State Representative,First Bristol
Foxborough,-,2,Total Votes Cast,1909,State Representative,First Bristol
Foxborough,-,3,Fred Jay Barrows,945,State Representative,First Bristol
Foxborough,-,3,Brendan A. Roche,566,State Representative,First Bristol
Foxborough,-,3,All Others,0,State Representative,First Bristol
Foxborough,-,3,Blanks,50,State Representative,First Bristol
Foxborough,-,3,Total Votes Cast,1561,State Representative,First Bristol
Foxborough,-,4,Fred Jay Barrows,966,State Representative,First Bristol
Foxborough,-,4,Brendan A. Roche,662,State Representative,First Bristol
Foxborough,-,4,All Others,1,State Representative,First Bristol
Foxborough,-,4,Blanks,73,State Representative,First Bristol
Foxborough,-,4,Total Votes Cast,1702,State Representative,First Bristol
Foxborough,-,5,Fred Jay Barrows,908,State Representative,First Bristol
Foxborough,-,5,Brendan A. Roche,584,State Representative,First Bristol
Foxborough,-,5,All Others,0,State Representative,First Bristol
Foxborough,-,5,Blanks,68,State Representative,First Bristol
Foxborough,-,5,Total Votes Cast,1560,State Representative,First Bristol
Framingham,-,1,Priscila S. Sousa,239,State Representative,Sixth Middlesex
Framingham,-,1,All Others,7,State Representative,Sixth Middlesex
Framingham,-,1,Blanks,50,State Representative,Sixth Middlesex
Framingham,-,1,Total Votes Cast,296,State Representative,Sixth Middlesex
Framingham,-,10,Priscila S. Sousa,434,State Representative,Sixth Middlesex
Framingham,-,10,All Others,12,State Representative,Sixth Middlesex
Framingham,-,10,Blanks,104,State Representative,Sixth Middlesex
Framingham,-,10,Total Votes Cast,550,State Representative,Sixth Middlesex
Framingham,-,11,Priscila S. Sousa,552,State Representative,Sixth Middlesex
Framingham,-,11,All Others,13,State Representative,Sixth Middlesex
Framingham,-,11,Blanks,121,State Representative,Sixth Middlesex
Framingham,-,11,Total Votes Cast,686,State Representative,Sixth Middlesex
Framingham,-,12,Priscila S. Sousa,478,State Representative,Sixth Middlesex
Framingham,-,12,All Others,8,State Representative,Sixth Middlesex
Framingham,-,12,Blanks,98,State Representative,Sixth Middlesex
Framingham,-,12,Total Votes Cast,584,State Representative,Sixth Middlesex
Framingham,-,13,Priscila S. Sousa,282,State Representative,Sixth Middlesex
Framingham,-,13,All Others,6,State Representative,Sixth Middlesex
Framingham,-,13,Blanks,57,State Representative,Sixth Middlesex
Framingham,-,13,Total Votes Cast,345,State Representative,Sixth Middlesex
Framingham,-,14,Priscila S. Sousa,386,State Representative,Sixth Middlesex
Framingham,-,14,All Others,15,State Representative,Sixth Middlesex
Framingham,-,14,Blanks,80,State Representative,Sixth Middlesex
Framingham,-,14,Total Votes Cast,481,State Representative,Sixth Middlesex
Framingham,-,15,Priscila S. Sousa,422,State Representative,Sixth Middlesex
Framingham,-,15,All Others,7,State Representative,Sixth Middlesex
Framingham,-,15,Blanks,86,State Representative,Sixth Middlesex
Framingham,-,15,Total Votes Cast,515,State Representative,Sixth Middlesex
Framingham,-,16,Priscila S. Sousa,726,State Representative,Sixth Middlesex
Framingham,-,16,All Others,24,State Representative,Sixth Middlesex
Framingham,-,16,Blanks,186,State Representative,Sixth Middlesex
Framingham,-,16,Total Votes Cast,936,State Representative,Sixth Middlesex
Framingham,-,17,Jack Patrick Lewis,806,State Representative,Seventh Middlesex
Framingham,-,17,All Others,25,State Representative,Seventh Middlesex
Framingham,-,17,Blanks,213,State Representative,Seventh Middlesex
Framingham,-,17,Total Votes Cast,1044,State Representative,Seventh Middlesex
Framingham,-,18,Jack Patrick Lewis,929,State Representative,Seventh Middlesex
Framingham,-,18,All Others,28,State Representative,Seventh Middlesex
Framingham,-,18,Blanks,265,State Representative,Seventh Middlesex
Framingham,-,18,Total Votes Cast,1222,State Representative,Seventh Middlesex
Framingham,-,19,Jack Patrick Lewis,906,State Representative,Seventh Middlesex
Framingham,-,19,All Others,18,State Representative,Seventh Middlesex
Framingham,-,19,Blanks,285,State Representative,Seventh Middlesex
Framingham,-,19,Total Votes Cast,1209,State Representative,Seventh Middlesex
Framingham,-,2,Priscila S. Sousa,154,State Representative,Sixth Middlesex
Framingham,-,2,All Others,8,State Representative,Sixth Middlesex
Framingham,-,2,Blanks,27,State Representative,Sixth Middlesex
Framingham,-,2,Total Votes Cast,189,State Representative,Sixth Middlesex
Framingham,-,20,Jack Patrick Lewis,939,State Representative,Seventh Middlesex
Framingham,-,20,All Others,20,State Representative,Seventh Middlesex
Framingham,-,20,Blanks,274,State Representative,Seventh Middlesex
Framingham,-,20,Total Votes Cast,1233,State Representative,Seventh Middlesex
Framingham,-,21B,Danielle W. Gregoire,396,State Representative,Fourth Middlesex
Framingham,-,21B,All Others,9,State Representative,Fourth Middlesex
Framingham,-,21B,Blanks,142,State Representative,Fourth Middlesex
Framingham,-,21B,Total Votes Cast,547,State Representative,Fourth Middlesex
Framingham,-,21C,Jack Patrick Lewis,22,State Representative,Seventh Middlesex
Framingham,-,21C,All Others,1,State Representative,Seventh Middlesex
Framingham,-,21C,Blanks,11,State Representative,Seventh Middlesex
Framingham,-,21C,Total Votes Cast,34,State Representative,Seventh Middlesex
Framingham,-,22,Danielle W. Gregoire,971,State Representative,Fourth Middlesex
Framingham,-,22,All Others,18,State Representative,Fourth Middlesex
Framingham,-,22,Blanks,306,State Representative,Fourth Middlesex
Framingham,-,22,Total Votes Cast,1295,State Representative,Fourth Middlesex
Framingham,-,23,Danielle W. Gregoire,816,State Representative,Fourth Middlesex
Framingham,-,23,All Others,14,State Representative,Fourth Middlesex
Framingham,-,23,Blanks,286,State Representative,Fourth Middlesex
Framingham,-,23,Total Votes Cast,1116,State Representative,Fourth Middlesex
Framingham,-,24,Jack Patrick Lewis,881,State Representative,Seventh Middlesex
Framingham,-,24,All Others,15,State Representative,Seventh Middlesex
Framingham,-,24,Blanks,277,State Representative,Seventh Middlesex
Framingham,-,24,Total Votes Cast,1173,State Representative,Seventh Middlesex
Framingham,-,25,Jack Patrick Lewis,923,State Representative,Seventh Middlesex
Framingham,-,25,All Others,18,State Representative,Seventh Middlesex
Framingham,-,25,Blanks,242,State Representative,Seventh Middlesex
Framingham,-,25,Total Votes Cast,1183,State Representative,Seventh Middlesex
Framingham,-,26,Jack Patrick Lewis,797,State Representative,Seventh Middlesex
Framingham,-,26,All Others,18,State Representative,Seventh Middlesex
Framingham,-,26,Blanks,216,State Representative,Seventh Middlesex
Framingham,-,26,Total Votes Cast,1031,State Representative,Seventh Middlesex
Framingham,-,27,Jack Patrick Lewis,786,State Representative,Seventh Middlesex
Framingham,-,27,All Others,12,State Representative,Seventh Middlesex
Framingham,-,27,Blanks,227,State Representative,Seventh Middlesex
Framingham,-,27,Total Votes Cast,1025,State Representative,Seventh Middlesex
Framingham,-,3,Priscila S. Sousa,241,State Representative,Sixth Middlesex
Framingham,-,3,All Others,5,State Representative,Sixth Middlesex
Framingham,-,3,Blanks,45,State Representative,Sixth Middlesex
Framingham,-,3,Total Votes Cast,291,State Representative,Sixth Middlesex
Framingham,-,4,Priscila S. Sousa,310,State Representative,Sixth Middlesex
Framingham,-,4,All Others,15,State Representative,Sixth Middlesex
Framingham,-,4,Blanks,76,State Representative,Sixth Middlesex
Framingham,-,4,Total Votes Cast,401,State Representative,Sixth Middlesex
Framingham,-,5,Priscila S. Sousa,458,State Representative,Sixth Middlesex
Framingham,-,5,All Others,28,State Representative,Sixth Middlesex
Framingham,-,5,Blanks,108,State Representative,Sixth Middlesex
Framingham,-,5,Total Votes Cast,594,State Representative,Sixth Middlesex
Framingham,-,6,Priscila S. Sousa,752,State Representative,Sixth Middlesex
Framingham,-,6,All Others,19,State Representative,Sixth Middlesex
Framingham,-,6,Blanks,175,State Representative,Sixth Middlesex
Framingham,-,6,Total Votes Cast,946,State Representative,Sixth Middlesex
Framingham,-,7,Priscila S. Sousa,893,State Representative,Sixth Middlesex
Framingham,-,7,All Others,18,State Representative,Sixth Middlesex
Framingham,-,7,Blanks,189,State Representative,Sixth Middlesex
Framingham,-,7,Total Votes Cast,1100,State Representative,Sixth Middlesex
Framingham,-,8,Priscila S. Sousa,477,State Representative,Sixth Middlesex
Framingham,-,8,All Others,17,State Representative,Sixth Middlesex
Framingham,-,8,Blanks,114,State Representative,Sixth Middlesex
Framingham,-,8,Total Votes Cast,608,State Representative,Sixth Middlesex
Framingham,-,9A,Jack Patrick Lewis,603,State Representative,Seventh Middlesex
Framingham,-,9A,All Others,15,State Representative,Seventh Middlesex
Framingham,-,9A,Blanks,135,State Representative,Seventh Middlesex
Framingham,-,9A,Total Votes Cast,753,State Representative,Seventh Middlesex
Framingham,-,9B,Priscila S. Sousa,35,State Representative,Sixth Middlesex
Framingham,-,9B,All Others,0,State Representative,Sixth Middlesex
Framingham,-,9B,Blanks,8,State Representative,Sixth Middlesex
Framingham,-,9B,Total Votes Cast,43,State Representative,Sixth Middlesex
Framingham,,,Kate Donaghue,647,State Representative,Nineteenth Worcester
Framingham,,,Jonathan I. Hostage,219,State Representative,Nineteenth Worcester
Framingham,,,All Others,1,State Representative,Nineteenth Worcester
Framingham,,,Blanks,42,State Representative,Nineteenth Worcester
Framingham,,,Total Votes Cast,909,State Representative,Nineteenth Worcester
Franklin,-,1,Jeffrey N. Roy,1013,State Representative,Tenth Norfolk
Franklin,-,1,"Charles F. Bailey, III",554,State Representative,Tenth Norfolk
Franklin,-,1,All Others,0,State Representative,Tenth Norfolk
Franklin,-,1,Blanks,36,State Representative,Tenth Norfolk
Franklin,-,1,Total Votes Cast,1603,State Representative,Tenth Norfolk
Franklin,-,2,Jeffrey N. Roy,861,State Representative,Tenth Norfolk
Franklin,-,2,"Charles F. Bailey, III",499,State Representative,Tenth Norfolk
Franklin,-,2,All Others,0,State Representative,Tenth Norfolk
Franklin,-,2,Blanks,35,State Representative,Tenth Norfolk
Franklin,-,2,Total Votes Cast,1395,State Representative,Tenth Norfolk
Franklin,-,3,Jeffrey N. Roy,1000,State Representative,Tenth Norfolk
Franklin,-,3,"Charles F. Bailey, III",572,State Representative,Tenth Norfolk
Franklin,-,3,All Others,1,State Representative,Tenth Norfolk
Franklin,-,3,Blanks,34,State Representative,Tenth Norfolk
Franklin,-,3,Total Votes Cast,1607,State Representative,Tenth Norfolk
Franklin,-,4,Jeffrey N. Roy,1038,State Representative,Tenth Norfolk
Franklin,-,4,"Charles F. Bailey, III",711,State Representative,Tenth Norfolk
Franklin,-,4,All Others,1,State Representative,Tenth Norfolk
Franklin,-,4,Blanks,28,State Representative,Tenth Norfolk
Franklin,-,4,Total Votes Cast,1778,State Representative,Tenth Norfolk
Franklin,-,5,Jeffrey N. Roy,1094,State Representative,Tenth Norfolk
Franklin,-,5,"Charles F. Bailey, III",567,State Representative,Tenth Norfolk
Franklin,-,5,All Others,0,State Representative,Tenth Norfolk
Franklin,-,5,Blanks,40,State Representative,Tenth Norfolk
Franklin,-,5,Total Votes Cast,1701,State Representative,Tenth Norfolk
Franklin,-,6,Jeffrey N. Roy,1087,State Representative,Tenth Norfolk
Franklin,-,6,"Charles F. Bailey, III",511,State Representative,Tenth Norfolk
Franklin,-,6,All Others,3,State Representative,Tenth Norfolk
Franklin,-,6,Blanks,41,State Representative,Tenth Norfolk
Franklin,-,6,Total Votes Cast,1642,State Representative,Tenth Norfolk
Franklin,-,7,Jeffrey N. Roy,1236,State Representative,Tenth Norfolk
Franklin,-,7,"Charles F. Bailey, III",624,State Representative,Tenth Norfolk
Franklin,-,7,All Others,2,State Representative,Tenth Norfolk
Franklin,-,7,Blanks,45,State Representative,Tenth Norfolk
Franklin,-,7,Total Votes Cast,1907,State Representative,Tenth Norfolk
Franklin,-,8,Jeffrey N. Roy,1084,State Representative,Tenth Norfolk
Franklin,-,8,"Charles F. Bailey, III",684,State Representative,Tenth Norfolk
Franklin,-,8,All Others,0,State Representative,Tenth Norfolk
Franklin,-,8,Blanks,39,State Representative,Tenth Norfolk
Franklin,-,8,Total Votes Cast,1807,State Representative,Tenth Norfolk
Franklin,-,9,Jeffrey N. Roy,774,State Representative,Tenth Norfolk
Franklin,-,9,"Charles F. Bailey, III",407,State Representative,Tenth Norfolk
Franklin,-,9,All Others,1,State Representative,Tenth Norfolk
Franklin,-,9,Blanks,35,State Representative,Tenth Norfolk
Franklin,-,9,Total Votes Cast,1217,State Representative,Tenth Norfolk
Freetown,-,2,"Paul Schmid, III",608,State Representative,Eighth Bristol
Freetown,-,2,Evan Gendreau,660,State Representative,Eighth Bristol
Freetown,-,2,All Others,0,State Representative,Eighth Bristol
Freetown,-,2,Blanks,34,State Representative,Eighth Bristol
Freetown,-,2,Total Votes Cast,1302,State Representative,Eighth Bristol
Freetown,-,3,"Paul Schmid, III",591,State Representative,Eighth Bristol
Freetown,-,3,Evan Gendreau,644,State Representative,Eighth Bristol
Freetown,-,3,All Others,1,State Representative,Eighth Bristol
Freetown,-,3,Blanks,30,State Representative,Eighth Bristol
Freetown,-,3,Total Votes Cast,1266,State Representative,Eighth Bristol
Freetown,,,Carole A. Fiola,826,State Representative,Sixth Bristol
Freetown,,,All Others,18,State Representative,Sixth Bristol
Freetown,,,Blanks,433,State Representative,Sixth Bristol
Freetown,,,Total Votes Cast,1277,State Representative,Sixth Bristol
Gardner,1,A,Jonathan D. Zlotnik,490,State Representative,Second Worcester
Gardner,1,A,Bruce K. Chester,297,State Representative,Second Worcester
Gardner,1,A,All Others,1,State Representative,Second Worcester
Gardner,1,A,Blanks,17,State Representative,Second Worcester
Gardner,1,A,Total Votes Cast,805,State Representative,Second Worcester
Gardner,1,B,Jonathan D. Zlotnik,215,State Representative,Second Worcester
Gardner,1,B,Bruce K. Chester,193,State Representative,Second Worcester
Gardner,1,B,All Others,0,State Representative,Second Worcester
Gardner,1,B,Blanks,6,State Representative,Second Worcester
Gardner,1,B,Total Votes Cast,414,State Representative,Second Worcester
Gardner,2,A,Jonathan D. Zlotnik,391,State Representative,Second Worcester
Gardner,2,A,Bruce K. Chester,276,State Representative,Second Worcester
Gardner,2,A,All Others,0,State Representative,Second Worcester
Gardner,2,A,Blanks,13,State Representative,Second Worcester
Gardner,2,A,Total Votes Cast,680,State Representative,Second Worcester
Gardner,2,B,Jonathan D. Zlotnik,377,State Representative,Second Worcester
Gardner,2,B,Bruce K. Chester,352,State Representative,Second Worcester
Gardner,2,B,All Others,0,State Representative,Second Worcester
Gardner,2,B,Blanks,11,State Representative,Second Worcester
Gardner,2,B,Total Votes Cast,740,State Representative,Second Worcester
Gardner,3,A,Jonathan D. Zlotnik,291,State Representative,Second Worcester
Gardner,3,A,Bruce K. Chester,233,State Representative,Second Worcester
Gardner,3,A,All Others,0,State Representative,Second Worcester
Gardner,3,A,Blanks,6,State Representative,Second Worcester
Gardner,3,A,Total Votes Cast,530,State Representative,Second Worcester
Gardner,3,B,Jonathan D. Zlotnik,433,State Representative,Second Worcester
Gardner,3,B,Bruce K. Chester,257,State Representative,Second Worcester
Gardner,3,B,All Others,1,State Representative,Second Worcester
Gardner,3,B,Blanks,4,State Representative,Second Worcester
Gardner,3,B,Total Votes Cast,695,State Representative,Second Worcester
Gardner,4,A,Jonathan D. Zlotnik,360,State Representative,Second Worcester
Gardner,4,A,Bruce K. Chester,210,State Representative,Second Worcester
Gardner,4,A,All Others,0,State Representative,Second Worcester
Gardner,4,A,Blanks,4,State Representative,Second Worcester
Gardner,4,A,Total Votes Cast,574,State Representative,Second Worcester
Gardner,4,B,Jonathan D. Zlotnik,253,State Representative,Second Worcester
Gardner,4,B,Bruce K. Chester,166,State Representative,Second Worcester
Gardner,4,B,All Others,0,State Representative,Second Worcester
Gardner,4,B,Blanks,4,State Representative,Second Worcester
Gardner,4,B,Total Votes Cast,423,State Representative,Second Worcester
Gardner,5,A,Jonathan D. Zlotnik,272,State Representative,Second Worcester
Gardner,5,A,Bruce K. Chester,220,State Representative,Second Worcester
Gardner,5,A,All Others,0,State Representative,Second Worcester
Gardner,5,A,Blanks,9,State Representative,Second Worcester
Gardner,5,A,Total Votes Cast,501,State Representative,Second Worcester
Gardner,5,B,Jonathan D. Zlotnik,435,State Representative,Second Worcester
Gardner,5,B,Bruce K. Chester,356,State Representative,Second Worcester
Gardner,5,B,All Others,0,State Representative,Second Worcester
Gardner,5,B,Blanks,16,State Representative,Second Worcester
Gardner,5,B,Total Votes Cast,807,State Representative,Second Worcester
Georgetown,-,1,Kristin E. Kassner,533,State Representative,Second Essex
Georgetown,-,1,Leonard Mirra,873,State Representative,Second Essex
Georgetown,-,1,All Others,0,State Representative,Second Essex
Georgetown,-,1,Blanks,31,State Representative,Second Essex
Georgetown,-,1,Total Votes Cast,1437,State Representative,Second Essex
Georgetown,-,2,Kristin E. Kassner,530,State Representative,Second Essex
Georgetown,-,2,Leonard Mirra,743,State Representative,Second Essex
Georgetown,-,2,All Others,0,State Representative,Second Essex
Georgetown,-,2,Blanks,23,State Representative,Second Essex
Georgetown,-,2,Total Votes Cast,1296,State Representative,Second Essex
Georgetown,-,3,Kristin E. Kassner,509,State Representative,Second Essex
Georgetown,-,3,Leonard Mirra,765,State Representative,Second Essex
Georgetown,-,3,All Others,1,State Representative,Second Essex
Georgetown,-,3,Blanks,35,State Representative,Second Essex
Georgetown,-,3,Total Votes Cast,1310,State Representative,Second Essex
Gill,,,Susannah M. Whipps,436,State Representative,Second Franklin
Gill,,,Jeffrey L. Raymond,181,State Representative,Second Franklin
Gill,,,Kevin Patrick McKeown,102,State Representative,Second Franklin
Gill,,,All Others,3,State Representative,Second Franklin
Gill,,,Blanks,56,State Representative,Second Franklin
Gill,,,Total Votes Cast,778,State Representative,Second Franklin
Gloucester,1,1,Ann-Margaret Ferrante,1186,State Representative,Fifth Essex
Gloucester,1,1,Ashley Sullivan,451,State Representative,Fifth Essex
Gloucester,1,1,All Others,2,State Representative,Fifth Essex
Gloucester,1,1,Blanks,63,State Representative,Fifth Essex
Gloucester,1,1,Total Votes Cast,1702,State Representative,Fifth Essex
Gloucester,1,2,Ann-Margaret Ferrante,851,State Representative,Fifth Essex
Gloucester,1,2,Ashley Sullivan,391,State Representative,Fifth Essex
Gloucester,1,2,All Others,0,State Representative,Fifth Essex
Gloucester,1,2,Blanks,39,State Representative,Fifth Essex
Gloucester,1,2,Total Votes Cast,1281,State Representative,Fifth Essex
Gloucester,2,1,Ann-Margaret Ferrante,689,State Representative,Fifth Essex
Gloucester,2,1,Ashley Sullivan,271,State Representative,Fifth Essex
Gloucester,2,1,All Others,4,State Representative,Fifth Essex
Gloucester,2,1,Blanks,32,State Representative,Fifth Essex
Gloucester,2,1,Total Votes Cast,996,State Representative,Fifth Essex
Gloucester,2,2,Ann-Margaret Ferrante,621,State Representative,Fifth Essex
Gloucester,2,2,Ashley Sullivan,245,State Representative,Fifth Essex
Gloucester,2,2,All Others,1,State Representative,Fifth Essex
Gloucester,2,2,Blanks,27,State Representative,Fifth Essex
Gloucester,2,2,Total Votes Cast,894,State Representative,Fifth Essex
Gloucester,3,1,Ann-Margaret Ferrante,618,State Representative,Fifth Essex
Gloucester,3,1,Ashley Sullivan,322,State Representative,Fifth Essex
Gloucester,3,1,All Others,3,State Representative,Fifth Essex
Gloucester,3,1,Blanks,26,State Representative,Fifth Essex
Gloucester,3,1,Total Votes Cast,969,State Representative,Fifth Essex
Gloucester,3,2,Ann-Margaret Ferrante,718,State Representative,Fifth Essex
Gloucester,3,2,Ashley Sullivan,346,State Representative,Fifth Essex
Gloucester,3,2,All Others,2,State Representative,Fifth Essex
Gloucester,3,2,Blanks,43,State Representative,Fifth Essex
Gloucester,3,2,Total Votes Cast,1109,State Representative,Fifth Essex
Gloucester,4,1,Ann-Margaret Ferrante,838,State Representative,Fifth Essex
Gloucester,4,1,Ashley Sullivan,453,State Representative,Fifth Essex
Gloucester,4,1,All Others,2,State Representative,Fifth Essex
Gloucester,4,1,Blanks,35,State Representative,Fifth Essex
Gloucester,4,1,Total Votes Cast,1328,State Representative,Fifth Essex
Gloucester,4,2,Ann-Margaret Ferrante,1297,State Representative,Fifth Essex
Gloucester,4,2,Ashley Sullivan,417,State Representative,Fifth Essex
Gloucester,4,2,All Others,5,State Representative,Fifth Essex
Gloucester,4,2,Blanks,64,State Representative,Fifth Essex
Gloucester,4,2,Total Votes Cast,1783,State Representative,Fifth Essex
Gloucester,5,1,Ann-Margaret Ferrante,1040,State Representative,Fifth Essex
Gloucester,5,1,Ashley Sullivan,528,State Representative,Fifth Essex
Gloucester,5,1,All Others,1,State Representative,Fifth Essex
Gloucester,5,1,Blanks,59,State Representative,Fifth Essex
Gloucester,5,1,Total Votes Cast,1628,State Representative,Fifth Essex
Gloucester,5,2,Ann-Margaret Ferrante,1048,State Representative,Fifth Essex
Gloucester,5,2,Ashley Sullivan,597,State Representative,Fifth Essex
Gloucester,5,2,All Others,5,State Representative,Fifth Essex
Gloucester,5,2,Blanks,58,State Representative,Fifth Essex
Gloucester,5,2,Total Votes Cast,1708,State Representative,Fifth Essex
Goshen,,,Lindsay N. Sabadosa,378,State Representative,First Hampshire
Goshen,,,All Others,1,State Representative,First Hampshire
Goshen,,,Blanks,140,State Representative,First Hampshire
Goshen,,,Total Votes Cast,519,State Representative,First Hampshire
Gosnold,,,Dylan A. Fernandes,38,State Representative,"Barnstable, Dukes and Nantucket"
Gosnold,,,All Others,0,State Representative,"Barnstable, Dukes and Nantucket"
Gosnold,,,Blanks,17,State Representative,"Barnstable, Dukes and Nantucket"
Gosnold,,,Total Votes Cast,55,State Representative,"Barnstable, Dukes and Nantucket"
Grafton,-,1,"David K. Muradian, Jr",1171,State Representative,Ninth Worcester
Grafton,-,1,All Others,23,State Representative,Ninth Worcester
Grafton,-,1,Blanks,380,State Representative,Ninth Worcester
Grafton,-,1,Total Votes Cast,1574,State Representative,Ninth Worcester
Grafton,-,2,"David K. Muradian, Jr",1228,State Representative,Ninth Worcester
Grafton,-,2,All Others,23,State Representative,Ninth Worcester
Grafton,-,2,Blanks,444,State Representative,Ninth Worcester
Grafton,-,2,Total Votes Cast,1695,State Representative,Ninth Worcester
Grafton,-,3,"David K. Muradian, Jr",1196,State Representative,Ninth Worcester
Grafton,-,3,All Others,17,State Representative,Ninth Worcester
Grafton,-,3,Blanks,412,State Representative,Ninth Worcester
Grafton,-,3,Total Votes Cast,1625,State Representative,Ninth Worcester
Grafton,-,4,"David K. Muradian, Jr",990,State Representative,Ninth Worcester
Grafton,-,4,All Others,11,State Representative,Ninth Worcester
Grafton,-,4,Blanks,369,State Representative,Ninth Worcester
Grafton,-,4,Total Votes Cast,1370,State Representative,Ninth Worcester
Grafton,-,5,"David K. Muradian, Jr",1349,State Representative,Ninth Worcester
Grafton,-,5,All Others,13,State Representative,Ninth Worcester
Grafton,-,5,Blanks,490,State Representative,Ninth Worcester
Grafton,-,5,Total Votes Cast,1852,State Representative,Ninth Worcester
Granby,-,1,Mindy Domb,994,State Representative,Third Hampshire
Granby,-,1,All Others,2,State Representative,Third Hampshire
Granby,-,1,Blanks,486,State Representative,Third Hampshire
Granby,-,1,Total Votes Cast,1482,State Representative,Third Hampshire
Granby,-,2A,Mindy Domb,16,State Representative,Third Hampshire
Granby,-,2A,All Others,0,State Representative,Third Hampshire
Granby,-,2A,Blanks,12,State Representative,Third Hampshire
Granby,-,2A,Total Votes Cast,28,State Representative,Third Hampshire
Granby,,,Daniel R. Carey,860,State Representative,Second Hampshire
Granby,,,All Others,0,State Representative,Second Hampshire
Granby,,,Blanks,537,State Representative,Second Hampshire
Granby,,,Total Votes Cast,1397,State Representative,Second Hampshire
Granville,,,Nicholas A. Boldyga,480,State Representative,Third Hampden
Granville,,,Anthony J. Russo,253,State Representative,Third Hampden
Granville,,,All Others,0,State Representative,Third Hampden
Granville,,,Blanks,17,State Representative,Third Hampden
Granville,,,Total Votes Cast,750,State Representative,Third Hampden
Great Barrington,-,A,"William ""Smitty"" Pignatelli",697,State Representative,Third Berkshire
Great Barrington,-,A,Michael Silvio Lavery,51,State Representative,Third Berkshire
Great Barrington,-,A,All Others,3,State Representative,Third Berkshire
Great Barrington,-,A,Blanks,24,State Representative,Third Berkshire
Great Barrington,-,A,Total Votes Cast,775,State Representative,Third Berkshire
Great Barrington,-,B,"William ""Smitty"" Pignatelli",645,State Representative,Third Berkshire
Great Barrington,-,B,Michael Silvio Lavery,86,State Representative,Third Berkshire
Great Barrington,-,B,All Others,3,State Representative,Third Berkshire
Great Barrington,-,B,Blanks,59,State Representative,Third Berkshire
Great Barrington,-,B,Total Votes Cast,793,State Representative,Third Berkshire
Great Barrington,-,C,"William ""Smitty"" Pignatelli",489,State Representative,Third Berkshire
Great Barrington,-,C,Michael Silvio Lavery,45,State Representative,Third Berkshire
Great Barrington,-,C,All Others,3,State Representative,Third Berkshire
Great Barrington,-,C,Blanks,27,State Representative,Third Berkshire
Great Barrington,-,C,Total Votes Cast,564,State Representative,Third Berkshire
Great Barrington,-,D,"William ""Smitty"" Pignatelli",732,State Representative,Third Berkshire
Great Barrington,-,D,Michael Silvio Lavery,80,State Representative,Third Berkshire
Great Barrington,-,D,All Others,5,State Representative,Third Berkshire
Great Barrington,-,D,Blanks,62,State Representative,Third Berkshire
Great Barrington,-,D,Total Votes Cast,879,State Representative,Third Berkshire
Greenfield,-,1,Susannah M. Whipps,500,State Representative,Second Franklin
Greenfield,-,1,Jeffrey L. Raymond,244,State Representative,Second Franklin
Greenfield,-,1,Kevin Patrick McKeown,46,State Representative,Second Franklin
Greenfield,-,1,All Others,2,State Representative,Second Franklin
Greenfield,-,1,Blanks,67,State Representative,Second Franklin
Greenfield,-,1,Total Votes Cast,859,State Representative,Second Franklin
Greenfield,-,2,Susannah M. Whipps,680,State Representative,Second Franklin
Greenfield,-,2,Jeffrey L. Raymond,225,State Representative,Second Franklin
Greenfield,-,2,Kevin Patrick McKeown,47,State Representative,Second Franklin
Greenfield,-,2,All Others,1,State Representative,Second Franklin
Greenfield,-,2,Blanks,79,State Representative,Second Franklin
Greenfield,-,2,Total Votes Cast,1032,State Representative,Second Franklin
Greenfield,-,3,Susannah M. Whipps,547,State Representative,Second Franklin
Greenfield,-,3,Jeffrey L. Raymond,195,State Representative,Second Franklin
Greenfield,-,3,Kevin Patrick McKeown,59,State Representative,Second Franklin
Greenfield,-,3,All Others,1,State Representative,Second Franklin
Greenfield,-,3,Blanks,77,State Representative,Second Franklin
Greenfield,-,3,Total Votes Cast,879,State Representative,Second Franklin
Greenfield,-,4,Susannah M. Whipps,581,State Representative,Second Franklin
Greenfield,-,4,Jeffrey L. Raymond,172,State Representative,Second Franklin
Greenfield,-,4,Kevin Patrick McKeown,54,State Representative,Second Franklin
Greenfield,-,4,All Others,1,State Representative,Second Franklin
Greenfield,-,4,Blanks,83,State Representative,Second Franklin
Greenfield,-,4,Total Votes Cast,891,State Representative,Second Franklin
Greenfield,-,5,Natalie M. Blais,714,State Representative,First Franklin
Greenfield,-,5,All Others,7,State Representative,First Franklin
Greenfield,-,5,Blanks,129,State Representative,First Franklin
Greenfield,-,5,Total Votes Cast,850,State Representative,First Franklin
Greenfield,-,6,Natalie M. Blais,680,State Representative,First Franklin
Greenfield,-,6,All Others,11,State Representative,First Franklin
Greenfield,-,6,Blanks,120,State Representative,First Franklin
Greenfield,-,6,Total Votes Cast,811,State Representative,First Franklin
Greenfield,-,7,Natalie M. Blais,498,State Representative,First Franklin
Greenfield,-,7,All Others,10,State Representative,First Franklin
Greenfield,-,7,Blanks,121,State Representative,First Franklin
Greenfield,-,7,Total Votes Cast,629,State Representative,First Franklin
Greenfield,-,8,Natalie M. Blais,510,State Representative,First Franklin
Greenfield,-,8,All Others,12,State Representative,First Franklin
Greenfield,-,8,Blanks,97,State Representative,First Franklin
Greenfield,-,8,Total Votes Cast,619,State Representative,First Franklin
Greenfield,-,9,Susannah M. Whipps,298,State Representative,Second Franklin
Greenfield,-,9,Jeffrey L. Raymond,112,State Representative,Second Franklin
Greenfield,-,9,Kevin Patrick McKeown,18,State Representative,Second Franklin
Greenfield,-,9,All Others,0,State Representative,Second Franklin
Greenfield,-,9,Blanks,59,State Representative,Second Franklin
Greenfield,-,9,Total Votes Cast,487,State Representative,Second Franklin
Groton,-,1,Danillo A. Sena,1373,State Representative,Thirty-Seventh Middlesex
Groton,-,1,All Others,40,State Representative,Thirty-Seventh Middlesex
Groton,-,1,Blanks,441,State Representative,Thirty-Seventh Middlesex
Groton,-,1,Total Votes Cast,1854,State Representative,Thirty-Seventh Middlesex
Groton,-,2,Margaret R. Scarsdale,1001,State Representative,First Middlesex
Groton,-,2,Andrew James Shepherd,664,State Representative,First Middlesex
Groton,-,2,Catherine Lundeen,89,State Representative,First Middlesex
Groton,-,2,All Others,4,State Representative,First Middlesex
Groton,-,2,Blanks,43,State Representative,First Middlesex
Groton,-,2,Total Votes Cast,1801,State Representative,First Middlesex
Groton,-,3,Margaret R. Scarsdale,1043,State Representative,First Middlesex
Groton,-,3,Andrew James Shepherd,597,State Representative,First Middlesex
Groton,-,3,Catherine Lundeen,84,State Representative,First Middlesex
Groton,-,3,All Others,5,State Representative,First Middlesex
Groton,-,3,Blanks,45,State Representative,First Middlesex
Groton,-,3,Total Votes Cast,1774,State Representative,First Middlesex
Groton,-,3A,Danillo A. Sena,82,State Representative,Thirty-Seventh Middlesex
Groton,-,3A,All Others,4,State Representative,Thirty-Seventh Middlesex
Groton,-,3A,Blanks,40,State Representative,Thirty-Seventh Middlesex
Groton,-,3A,Total Votes Cast,126,State Representative,Thirty-Seventh Middlesex
Groveland,-,1,Adrianne Ramos,799,State Representative,Fourteenth Essex
Groveland,-,1,Joseph G. Finn,877,State Representative,Fourteenth Essex
Groveland,-,1,All Others,0,State Representative,Fourteenth Essex
Groveland,-,1,Blanks,36,State Representative,Fourteenth Essex
Groveland,-,1,Total Votes Cast,1712,State Representative,Fourteenth Essex
Groveland,-,2,Adrianne Ramos,762,State Representative,Fourteenth Essex
Groveland,-,2,Joseph G. Finn,854,State Representative,Fourteenth Essex
Groveland,-,2,All Others,2,State Representative,Fourteenth Essex
Groveland,-,2,Blanks,45,State Representative,Fourteenth Essex
Groveland,-,2,Total Votes Cast,1663,State Representative,Fourteenth Essex
Hadley,,,Daniel R. Carey,2035,State Representative,Second Hampshire
Hadley,,,All Others,33,State Representative,Second Hampshire
Hadley,,,Blanks,500,State Representative,Second Hampshire
Hadley,,,Total Votes Cast,2568,State Representative,Second Hampshire
Halifax,-,1,Kathleen R. Lanatra,809,State Representative,Twelfth Plymouth
Halifax,-,1,Eric J. Meschino,864,State Representative,Twelfth Plymouth
Halifax,-,1,"Charles F. McCoy, Jr",74,State Representative,Twelfth Plymouth
Halifax,-,1,All Others,1,State Representative,Twelfth Plymouth
Halifax,-,1,Blanks,60,State Representative,Twelfth Plymouth
Halifax,-,1,Total Votes Cast,1808,State Representative,Twelfth Plymouth
Halifax,-,2A,Kathleen R. Lanatra,23,State Representative,Twelfth Plymouth
Halifax,-,2A,Eric J. Meschino,48,State Representative,Twelfth Plymouth
Halifax,-,2A,"Charles F. McCoy, Jr",3,State Representative,Twelfth Plymouth
Halifax,-,2A,All Others,0,State Representative,Twelfth Plymouth
Halifax,-,2A,Blanks,1,State Representative,Twelfth Plymouth
Halifax,-,2A,Total Votes Cast,75,State Representative,Twelfth Plymouth
Halifax,,,Josh S. Cutler,801,State Representative,Sixth Plymouth
Halifax,,,Kenneth Sweezey,854,State Representative,Sixth Plymouth
Halifax,,,All Others,0,State Representative,Sixth Plymouth
Halifax,,,Blanks,26,State Representative,Sixth Plymouth
Halifax,,,Total Votes Cast,1681,State Representative,Sixth Plymouth
Hamilton,-,1,Kristin E. Kassner,1041,State Representative,Second Essex
Hamilton,-,1,Leonard Mirra,774,State Representative,Second Essex
Hamilton,-,1,All Others,1,State Representative,Second Essex
Hamilton,-,1,Blanks,61,State Representative,Second Essex
Hamilton,-,1,Total Votes Cast,1877,State Representative,Second Essex
Hamilton,-,2,Kristin E. Kassner,1048,State Representative,Second Essex
Hamilton,-,2,Leonard Mirra,743,State Representative,Second Essex
Hamilton,-,2,All Others,0,State Representative,Second Essex
Hamilton,-,2,Blanks,63,State Representative,Second Essex
Hamilton,-,2,Total Votes Cast,1854,State Representative,Second Essex
Hampden,,,Brian M. Ashe,1636,State Representative,Second Hampden
Hampden,,,All Others,21,State Representative,Second Hampden
Hampden,,,Blanks,695,State Representative,Second Hampden
Hampden,,,Total Votes Cast,2352,State Representative,Second Hampden
Hancock,,,"John P. Barrett, III",273,State Representative,First Berkshire
Hancock,,,All Others,2,State Representative,First Berkshire
Hancock,,,Blanks,79,State Representative,First Berkshire
Hancock,,,Total Votes Cast,354,State Representative,First Berkshire
Hanover,-,1,David F. Decoste,991,State Representative,Fifth Plymouth
Hanover,-,1,Emmanuel J. Dockter,929,State Representative,Fifth Plymouth
Hanover,-,1,All Others,1,State Representative,Fifth Plymouth
Hanover,-,1,Blanks,34,State Representative,Fifth Plymouth
Hanover,-,1,Total Votes Cast,1955,State Representative,Fifth Plymouth
Hanover,-,2,David F. Decoste,882,State Representative,Fifth Plymouth
Hanover,-,2,Emmanuel J. Dockter,890,State Representative,Fifth Plymouth
Hanover,-,2,All Others,1,State Representative,Fifth Plymouth
Hanover,-,2,Blanks,33,State Representative,Fifth Plymouth
Hanover,-,2,Total Votes Cast,1806,State Representative,Fifth Plymouth
Hanover,-,3,David F. Decoste,827,State Representative,Fifth Plymouth
Hanover,-,3,Emmanuel J. Dockter,854,State Representative,Fifth Plymouth
Hanover,-,3,All Others,0,State Representative,Fifth Plymouth
Hanover,-,3,Blanks,28,State Representative,Fifth Plymouth
Hanover,-,3,Total Votes Cast,1709,State Representative,Fifth Plymouth
Hanover,-,4,David F. Decoste,936,State Representative,Fifth Plymouth
Hanover,-,4,Emmanuel J. Dockter,964,State Representative,Fifth Plymouth
Hanover,-,4,All Others,2,State Representative,Fifth Plymouth
Hanover,-,4,Blanks,33,State Representative,Fifth Plymouth
Hanover,-,4,Total Votes Cast,1935,State Representative,Fifth Plymouth
Hanson,-,2,Josh S. Cutler,881,State Representative,Sixth Plymouth
Hanson,-,2,Kenneth Sweezey,949,State Representative,Sixth Plymouth
Hanson,-,2,All Others,0,State Representative,Sixth Plymouth
Hanson,-,2,Blanks,32,State Representative,Sixth Plymouth
Hanson,-,2,Total Votes Cast,1862,State Representative,Sixth Plymouth
Hanson,-,3,Josh S. Cutler,689,State Representative,Sixth Plymouth
Hanson,-,3,Kenneth Sweezey,749,State Representative,Sixth Plymouth
Hanson,-,3,All Others,0,State Representative,Sixth Plymouth
Hanson,-,3,Blanks,31,State Representative,Sixth Plymouth
Hanson,-,3,Total Votes Cast,1469,State Representative,Sixth Plymouth
Hanson,,,David F. Decoste,954,State Representative,Fifth Plymouth
Hanson,,,Emmanuel J. Dockter,697,State Representative,Fifth Plymouth
Hanson,,,All Others,0,State Representative,Fifth Plymouth
Hanson,,,Blanks,65,State Representative,Fifth Plymouth
Hanson,,,Total Votes Cast,1716,State Representative,Fifth Plymouth
Hardwick,,,"Donald R. Berthiaume, Jr",822,State Representative,Fifth Worcester
Hardwick,,,All Others,9,State Representative,Fifth Worcester
Hardwick,,,Blanks,287,State Representative,Fifth Worcester
Hardwick,,,Total Votes Cast,1118,State Representative,Fifth Worcester
Harvard,,,Danillo A. Sena,2440,State Representative,Thirty-Seventh Middlesex
Harvard,,,All Others,11,State Representative,Thirty-Seventh Middlesex
Harvard,,,Blanks,748,State Representative,Thirty-Seventh Middlesex
Harvard,,,Total Votes Cast,3199,State Representative,Thirty-Seventh Middlesex
Harwich,-,1,Sarah K. Peake,1528,State Representative,Fourth Barnstable
Harwich,-,1,All Others,17,State Representative,Fourth Barnstable
Harwich,-,1,Blanks,622,State Representative,Fourth Barnstable
Harwich,-,1,Total Votes Cast,2167,State Representative,Fourth Barnstable
Harwich,-,2,Sarah K. Peake,1318,State Representative,Fourth Barnstable
Harwich,-,2,All Others,25,State Representative,Fourth Barnstable
Harwich,-,2,Blanks,531,State Representative,Fourth Barnstable
Harwich,-,2,Total Votes Cast,1874,State Representative,Fourth Barnstable
Harwich,-,3,Sarah K. Peake,1299,State Representative,Fourth Barnstable
Harwich,-,3,All Others,19,State Representative,Fourth Barnstable
Harwich,-,3,Blanks,507,State Representative,Fourth Barnstable
Harwich,-,3,Total Votes Cast,1825,State Representative,Fourth Barnstable
Harwich,-,4,Sarah K. Peake,1170,State Representative,Fourth Barnstable
Harwich,-,4,All Others,18,State Representative,Fourth Barnstable
Harwich,-,4,Blanks,423,State Representative,Fourth Barnstable
Harwich,-,4,Total Votes Cast,1611,State Representative,Fourth Barnstable
Hatfield,,,Lindsay N. Sabadosa,1343,State Representative,First Hampshire
Hatfield,,,All Others,9,State Representative,First Hampshire
Hatfield,,,Blanks,419,State Representative,First Hampshire
Hatfield,,,Total Votes Cast,1771,State Representative,First Hampshire
Haverhill,1,1,Andres X. Vargas,253,State Representative,Third Essex
Haverhill,1,1,All Others,8,State Representative,Third Essex
Haverhill,1,1,Blanks,71,State Representative,Third Essex
Haverhill,1,1,Total Votes Cast,332,State Representative,Third Essex
Haverhill,1,2,Andres X. Vargas,309,State Representative,Third Essex
Haverhill,1,2,All Others,16,State Representative,Third Essex
Haverhill,1,2,Blanks,66,State Representative,Third Essex
Haverhill,1,2,Total Votes Cast,391,State Representative,Third Essex
Haverhill,1,2A,Andres X. Vargas,149,State Representative,Third Essex
Haverhill,1,2A,All Others,8,State Representative,Third Essex
Haverhill,1,2A,Blanks,38,State Representative,Third Essex
Haverhill,1,2A,Total Votes Cast,195,State Representative,Third Essex
Haverhill,1,3,Andres X. Vargas,284,State Representative,Third Essex
Haverhill,1,3,All Others,10,State Representative,Third Essex
Haverhill,1,3,Blanks,85,State Representative,Third Essex
Haverhill,1,3,Total Votes Cast,379,State Representative,Third Essex
Haverhill,1,3A,Andres X. Vargas,209,State Representative,Third Essex
Haverhill,1,3A,All Others,6,State Representative,Third Essex
Haverhill,1,3A,Blanks,68,State Representative,Third Essex
Haverhill,1,3A,Total Votes Cast,283,State Representative,Third Essex
Haverhill,2,1,Ryan M. Hamilton,710,State Representative,Fifteenth Essex
Haverhill,2,1,All Others,22,State Representative,Fifteenth Essex
Haverhill,2,1,Blanks,298,State Representative,Fifteenth Essex
Haverhill,2,1,Total Votes Cast,1030,State Representative,Fifteenth Essex
Haverhill,2,2,Ryan M. Hamilton,716,State Representative,Fifteenth Essex
Haverhill,2,2,All Others,32,State Representative,Fifteenth Essex
Haverhill,2,2,Blanks,285,State Representative,Fifteenth Essex
Haverhill,2,2,Total Votes Cast,1033,State Representative,Fifteenth Essex
Haverhill,2,3,Andres X. Vargas,365,State Representative,Third Essex
Haverhill,2,3,All Others,16,State Representative,Third Essex
Haverhill,2,3,Blanks,103,State Representative,Third Essex
Haverhill,2,3,Total Votes Cast,484,State Representative,Third Essex
Haverhill,3,1,Andres X. Vargas,481,State Representative,Third Essex
Haverhill,3,1,All Others,14,State Representative,Third Essex
Haverhill,3,1,Blanks,97,State Representative,Third Essex
Haverhill,3,1,Total Votes Cast,592,State Representative,Third Essex
Haverhill,3,2,Andres X. Vargas,431,State Representative,Third Essex
Haverhill,3,2,All Others,16,State Representative,Third Essex
Haverhill,3,2,Blanks,117,State Representative,Third Essex
Haverhill,3,2,Total Votes Cast,564,State Representative,Third Essex
Haverhill,3,3,Andres X. Vargas,457,State Representative,Third Essex
Haverhill,3,3,All Others,12,State Representative,Third Essex
Haverhill,3,3,Blanks,110,State Representative,Third Essex
Haverhill,3,3,Total Votes Cast,579,State Representative,Third Essex
Haverhill,4,1,Andres X. Vargas,894,State Representative,Third Essex
Haverhill,4,1,All Others,45,State Representative,Third Essex
Haverhill,4,1,Blanks,364,State Representative,Third Essex
Haverhill,4,1,Total Votes Cast,1303,State Representative,Third Essex
Haverhill,4,2,Andres X. Vargas,1047,State Representative,Third Essex
Haverhill,4,2,All Others,52,State Representative,Third Essex
Haverhill,4,2,Blanks,519,State Representative,Third Essex
Haverhill,4,2,Total Votes Cast,1618,State Representative,Third Essex
Haverhill,4,3,Andres X. Vargas,825,State Representative,Third Essex
Haverhill,4,3,All Others,41,State Representative,Third Essex
Haverhill,4,3,Blanks,380,State Representative,Third Essex
Haverhill,4,3,Total Votes Cast,1246,State Representative,Third Essex
Haverhill,5,1,Ryan M. Hamilton,460,State Representative,Fifteenth Essex
Haverhill,5,1,All Others,8,State Representative,Fifteenth Essex
Haverhill,5,1,Blanks,188,State Representative,Fifteenth Essex
Haverhill,5,1,Total Votes Cast,656,State Representative,Fifteenth Essex
Haverhill,5,1A,Ryan M. Hamilton,290,State Representative,Fifteenth Essex
Haverhill,5,1A,All Others,14,State Representative,Fifteenth Essex
Haverhill,5,1A,Blanks,124,State Representative,Fifteenth Essex
Haverhill,5,1A,Total Votes Cast,428,State Representative,Fifteenth Essex
Haverhill,5,2,Ryan M. Hamilton,908,State Representative,Fifteenth Essex
Haverhill,5,2,All Others,28,State Representative,Fifteenth Essex
Haverhill,5,2,Blanks,456,State Representative,Fifteenth Essex
Haverhill,5,2,Total Votes Cast,1392,State Representative,Fifteenth Essex
Haverhill,5,3,Ryan M. Hamilton,881,State Representative,Fifteenth Essex
Haverhill,5,3,All Others,45,State Representative,Fifteenth Essex
Haverhill,5,3,Blanks,537,State Representative,Fifteenth Essex
Haverhill,5,3,Total Votes Cast,1463,State Representative,Fifteenth Essex
Haverhill,5,3A,Andres X. Vargas,57,State Representative,Third Essex
Haverhill,5,3A,All Others,2,State Representative,Third Essex
Haverhill,5,3A,Blanks,39,State Representative,Third Essex
Haverhill,5,3A,Total Votes Cast,98,State Representative,Third Essex
Haverhill,6,1,Andres X. Vargas,712,State Representative,Third Essex
Haverhill,6,1,All Others,34,State Representative,Third Essex
Haverhill,6,1,Blanks,293,State Representative,Third Essex
Haverhill,6,1,Total Votes Cast,1039,State Representative,Third Essex
Haverhill,6,2,Andres X. Vargas,543,State Representative,Third Essex
Haverhill,6,2,All Others,28,State Representative,Third Essex
Haverhill,6,2,Blanks,230,State Representative,Third Essex
Haverhill,6,2,Total Votes Cast,801,State Representative,Third Essex
Haverhill,6,2A,Andres X. Vargas,216,State Representative,Third Essex
Haverhill,6,2A,All Others,9,State Representative,Third Essex
Haverhill,6,2A,Blanks,72,State Representative,Third Essex
Haverhill,6,2A,Total Votes Cast,297,State Representative,Third Essex
Haverhill,6,3,Andres X. Vargas,920,State Representative,Third Essex
Haverhill,6,3,All Others,31,State Representative,Third Essex
Haverhill,6,3,Blanks,314,State Representative,Third Essex
Haverhill,6,3,Total Votes Cast,1265,State Representative,Third Essex
Haverhill,7,1,Ryan M. Hamilton,725,State Representative,Fifteenth Essex
Haverhill,7,1,All Others,39,State Representative,Fifteenth Essex
Haverhill,7,1,Blanks,308,State Representative,Fifteenth Essex
Haverhill,7,1,Total Votes Cast,1072,State Representative,Fifteenth Essex
Haverhill,7,2,Ryan M. Hamilton,523,State Representative,Fifteenth Essex
Haverhill,7,2,All Others,24,State Representative,Fifteenth Essex
Haverhill,7,2,Blanks,235,State Representative,Fifteenth Essex
Haverhill,7,2,Total Votes Cast,782,State Representative,Fifteenth Essex
Haverhill,7,2A,Ryan M. Hamilton,159,State Representative,Fifteenth Essex
Haverhill,7,2A,All Others,6,State Representative,Fifteenth Essex
Haverhill,7,2A,Blanks,46,State Representative,Fifteenth Essex
Haverhill,7,2A,Total Votes Cast,211,State Representative,Fifteenth Essex
Haverhill,7,3,Andres X. Vargas,1024,State Representative,Third Essex
Haverhill,7,3,All Others,37,State Representative,Third Essex
Haverhill,7,3,Blanks,403,State Representative,Third Essex
Haverhill,7,3,Total Votes Cast,1464,State Representative,Third Essex
Haverhill,7,3A,Ryan M. Hamilton,15,State Representative,Fifteenth Essex
Haverhill,7,3A,All Others,0,State Representative,Fifteenth Essex
Haverhill,7,3A,Blanks,12,State Representative,Fifteenth Essex
Haverhill,7,3A,Total Votes Cast,27,State Representative,Fifteenth Essex
Hawley,,,Natalie M. Blais,127,State Representative,First Franklin
Hawley,,,All Others,0,State Representative,First Franklin
Hawley,,,Blanks,31,State Representative,First Franklin
Hawley,,,Total Votes Cast,158,State Representative,First Franklin
Heath,,,Natalie M. Blais,291,State Representative,First Franklin
Heath,,,All Others,0,State Representative,First Franklin
Heath,,,Blanks,72,State Representative,First Franklin
Heath,,,Total Votes Cast,363,State Representative,First Franklin
Hingham,-,1,Joan Meschino,1307,State Representative,Third Plymouth
Hingham,-,1,All Others,35,State Representative,Third Plymouth
Hingham,-,1,Blanks,410,State Representative,Third Plymouth
Hingham,-,1,Total Votes Cast,1752,State Representative,Third Plymouth
Hingham,-,2,Joan Meschino,1264,State Representative,Third Plymouth
Hingham,-,2,All Others,32,State Representative,Third Plymouth
Hingham,-,2,Blanks,477,State Representative,Third Plymouth
Hingham,-,2,Total Votes Cast,1773,State Representative,Third Plymouth
Hingham,-,3,Joan Meschino,1227,State Representative,Third Plymouth
Hingham,-,3,All Others,32,State Representative,Third Plymouth
Hingham,-,3,Blanks,429,State Representative,Third Plymouth
Hingham,-,3,Total Votes Cast,1688,State Representative,Third Plymouth
Hingham,-,4,Joan Meschino,1324,State Representative,Third Plymouth
Hingham,-,4,All Others,32,State Representative,Third Plymouth
Hingham,-,4,Blanks,465,State Representative,Third Plymouth
Hingham,-,4,Total Votes Cast,1821,State Representative,Third Plymouth
Hingham,-,5,Joan Meschino,1182,State Representative,Third Plymouth
Hingham,-,5,All Others,60,State Representative,Third Plymouth
Hingham,-,5,Blanks,541,State Representative,Third Plymouth
Hingham,-,5,Total Votes Cast,1783,State Representative,Third Plymouth
Hingham,-,6,Joan Meschino,1155,State Representative,Third Plymouth
Hingham,-,6,All Others,37,State Representative,Third Plymouth
Hingham,-,6,Blanks,454,State Representative,Third Plymouth
Hingham,-,6,Total Votes Cast,1646,State Representative,Third Plymouth
Hingham,-,7,Joan Meschino,702,State Representative,Third Plymouth
Hingham,-,7,All Others,29,State Representative,Third Plymouth
Hingham,-,7,Blanks,316,State Representative,Third Plymouth
Hingham,-,7,Total Votes Cast,1047,State Representative,Third Plymouth
Hingham,-,7A,Joan Meschino,808,State Representative,Third Plymouth
Hingham,-,7A,All Others,6,State Representative,Third Plymouth
Hingham,-,7A,Blanks,229,State Representative,Third Plymouth
Hingham,-,7A,Total Votes Cast,1043,State Representative,Third Plymouth
Hinsdale,,,"John P. Barrett, III",674,State Representative,First Berkshire
Hinsdale,,,All Others,3,State Representative,First Berkshire
Hinsdale,,,Blanks,181,State Representative,First Berkshire
Hinsdale,,,Total Votes Cast,858,State Representative,First Berkshire
Holbrook,-,1,Mark J. Cusack,685,State Representative,Fifth Norfolk
Holbrook,-,1,All Others,22,State Representative,Fifth Norfolk
Holbrook,-,1,Blanks,237,State Representative,Fifth Norfolk
Holbrook,-,1,Total Votes Cast,944,State Representative,Fifth Norfolk
Holbrook,-,2,Mark J. Cusack,708,State Representative,Fifth Norfolk
Holbrook,-,2,All Others,24,State Representative,Fifth Norfolk
Holbrook,-,2,Blanks,356,State Representative,Fifth Norfolk
Holbrook,-,2,Total Votes Cast,1088,State Representative,Fifth Norfolk
Holbrook,-,3,Ronald Mariano,694,State Representative,Third Norfolk
Holbrook,-,3,All Others,16,State Representative,Third Norfolk
Holbrook,-,3,Blanks,259,State Representative,Third Norfolk
Holbrook,-,3,Total Votes Cast,969,State Representative,Third Norfolk
Holbrook,-,4,Ronald Mariano,630,State Representative,Third Norfolk
Holbrook,-,4,All Others,20,State Representative,Third Norfolk
Holbrook,-,4,Blanks,255,State Representative,Third Norfolk
Holbrook,-,4,Total Votes Cast,905,State Representative,Third Norfolk
Holden,-,1,Kimberly N. Ferguson,1181,State Representative,First Worcester
Holden,-,1,All Others,12,State Representative,First Worcester
Holden,-,1,Blanks,378,State Representative,First Worcester
Holden,-,1,Total Votes Cast,1571,State Representative,First Worcester
Holden,-,2,Kimberly N. Ferguson,1123,State Representative,First Worcester
Holden,-,2,All Others,12,State Representative,First Worcester
Holden,-,2,Blanks,369,State Representative,First Worcester
Holden,-,2,Total Votes Cast,1504,State Representative,First Worcester
Holden,-,3,Kimberly N. Ferguson,1208,State Representative,First Worcester
Holden,-,3,All Others,5,State Representative,First Worcester
Holden,-,3,Blanks,377,State Representative,First Worcester
Holden,-,3,Total Votes Cast,1590,State Representative,First Worcester
Holden,-,4,Kimberly N. Ferguson,1193,State Representative,First Worcester
Holden,-,4,All Others,2,State Representative,First Worcester
Holden,-,4,Blanks,372,State Representative,First Worcester
Holden,-,4,Total Votes Cast,1567,State Representative,First Worcester
Holden,-,5,Kimberly N. Ferguson,1147,State Representative,First Worcester
Holden,-,5,All Others,12,State Representative,First Worcester
Holden,-,5,Blanks,434,State Representative,First Worcester
Holden,-,5,Total Votes Cast,1593,State Representative,First Worcester
Holden,-,6,Kimberly N. Ferguson,1206,State Representative,First Worcester
Holden,-,6,All Others,5,State Representative,First Worcester
Holden,-,6,Blanks,378,State Representative,First Worcester
Holden,-,6,Total Votes Cast,1589,State Representative,First Worcester
Holland,,,Todd M. Smola,834,State Representative,First Hampden
Holland,,,All Others,12,State Representative,First Hampden
Holland,,,Blanks,222,State Representative,First Hampden
Holland,,,Total Votes Cast,1068,State Representative,First Hampden
Holliston,-,1,James Arena-DeRosa,1291,State Representative,Eighth Middlesex
Holliston,-,1,Loring Barnes,616,State Representative,Eighth Middlesex
Holliston,-,1,All Others,0,State Representative,Eighth Middlesex
Holliston,-,1,Blanks,45,State Representative,Eighth Middlesex
Holliston,-,1,Total Votes Cast,1952,State Representative,Eighth Middlesex
Holliston,-,2,James Arena-DeRosa,1250,State Representative,Eighth Middlesex
Holliston,-,2,Loring Barnes,490,State Representative,Eighth Middlesex
Holliston,-,2,All Others,1,State Representative,Eighth Middlesex
Holliston,-,2,Blanks,35,State Representative,Eighth Middlesex
Holliston,-,2,Total Votes Cast,1776,State Representative,Eighth Middlesex
Holliston,-,3,James Arena-DeRosa,1070,State Representative,Eighth Middlesex
Holliston,-,3,Loring Barnes,472,State Representative,Eighth Middlesex
Holliston,-,3,All Others,1,State Representative,Eighth Middlesex
Holliston,-,3,Blanks,50,State Representative,Eighth Middlesex
Holliston,-,3,Total Votes Cast,1593,State Representative,Eighth Middlesex
Holliston,-,4,James Arena-DeRosa,1287,State Representative,Eighth Middlesex
Holliston,-,4,Loring Barnes,549,State Representative,Eighth Middlesex
Holliston,-,4,All Others,1,State Representative,Eighth Middlesex
Holliston,-,4,Blanks,52,State Representative,Eighth Middlesex
Holliston,-,4,Total Votes Cast,1889,State Representative,Eighth Middlesex
Holyoke,1,A,Patricia A. Duffy,198,State Representative,Fifth Hampden
Holyoke,1,A,All Others,5,State Representative,Fifth Hampden
Holyoke,1,A,Blanks,44,State Representative,Fifth Hampden
Holyoke,1,A,Total Votes Cast,247,State Representative,Fifth Hampden
Holyoke,1,B,Patricia A. Duffy,304,State Representative,Fifth Hampden
Holyoke,1,B,All Others,9,State Representative,Fifth Hampden
Holyoke,1,B,Blanks,56,State Representative,Fifth Hampden
Holyoke,1,B,Total Votes Cast,369,State Representative,Fifth Hampden
Holyoke,2,A,Patricia A. Duffy,319,State Representative,Fifth Hampden
Holyoke,2,A,All Others,10,State Representative,Fifth Hampden
Holyoke,2,A,Blanks,85,State Representative,Fifth Hampden
Holyoke,2,A,Total Votes Cast,414,State Representative,Fifth Hampden
Holyoke,2,B,Patricia A. Duffy,123,State Representative,Fifth Hampden
Holyoke,2,B,All Others,4,State Representative,Fifth Hampden
Holyoke,2,B,Blanks,43,State Representative,Fifth Hampden
Holyoke,2,B,Total Votes Cast,170,State Representative,Fifth Hampden
Holyoke,3,A,Patricia A. Duffy,528,State Representative,Fifth Hampden
Holyoke,3,A,All Others,17,State Representative,Fifth Hampden
Holyoke,3,A,Blanks,133,State Representative,Fifth Hampden
Holyoke,3,A,Total Votes Cast,678,State Representative,Fifth Hampden
Holyoke,3,B,Patricia A. Duffy,753,State Representative,Fifth Hampden
Holyoke,3,B,All Others,26,State Representative,Fifth Hampden
Holyoke,3,B,Blanks,234,State Representative,Fifth Hampden
Holyoke,3,B,Total Votes Cast,1013,State Representative,Fifth Hampden
Holyoke,4,A,Patricia A. Duffy,238,State Representative,Fifth Hampden
Holyoke,4,A,All Others,8,State Representative,Fifth Hampden
Holyoke,4,A,Blanks,48,State Representative,Fifth Hampden
Holyoke,4,A,Total Votes Cast,294,State Representative,Fifth Hampden
Holyoke,4,B,Patricia A. Duffy,447,State Representative,Fifth Hampden
Holyoke,4,B,All Others,10,State Representative,Fifth Hampden
Holyoke,4,B,Blanks,98,State Representative,Fifth Hampden
Holyoke,4,B,Total Votes Cast,555,State Representative,Fifth Hampden
Holyoke,5,A,Patricia A. Duffy,1000,State Representative,Fifth Hampden
Holyoke,5,A,All Others,27,State Representative,Fifth Hampden
Holyoke,5,A,Blanks,391,State Representative,Fifth Hampden
Holyoke,5,A,Total Votes Cast,1418,State Representative,Fifth Hampden
Holyoke,5,B,Patricia A. Duffy,517,State Representative,Fifth Hampden
Holyoke,5,B,All Others,18,State Representative,Fifth Hampden
Holyoke,5,B,Blanks,228,State Representative,Fifth Hampden
Holyoke,5,B,Total Votes Cast,763,State Representative,Fifth Hampden
Holyoke,6,A,Patricia A. Duffy,522,State Representative,Fifth Hampden
Holyoke,6,A,All Others,10,State Representative,Fifth Hampden
Holyoke,6,A,Blanks,113,State Representative,Fifth Hampden
Holyoke,6,A,Total Votes Cast,645,State Representative,Fifth Hampden
Holyoke,6,B,Patricia A. Duffy,618,State Representative,Fifth Hampden
Holyoke,6,B,All Others,15,State Representative,Fifth Hampden
Holyoke,6,B,Blanks,143,State Representative,Fifth Hampden
Holyoke,6,B,Total Votes Cast,776,State Representative,Fifth Hampden
Holyoke,7,A,Patricia A. Duffy,1026,State Representative,Fifth Hampden
Holyoke,7,A,All Others,27,State Representative,Fifth Hampden
Holyoke,7,A,Blanks,308,State Representative,Fifth Hampden
Holyoke,7,A,Total Votes Cast,1361,State Representative,Fifth Hampden
Holyoke,7,B,Patricia A. Duffy,842,State Representative,Fifth Hampden
Holyoke,7,B,All Others,15,State Representative,Fifth Hampden
Holyoke,7,B,Blanks,211,State Representative,Fifth Hampden
Holyoke,7,B,Total Votes Cast,1068,State Representative,Fifth Hampden
Hopedale,,,Brian William Murray,1768,State Representative,Tenth Worcester
Hopedale,,,All Others,16,State Representative,Tenth Worcester
Hopedale,,,Blanks,732,State Representative,Tenth Worcester
Hopedale,,,Total Votes Cast,2516,State Representative,Tenth Worcester
Hopkinton,-,1,James Arena-DeRosa,828,State Representative,Eighth Middlesex
Hopkinton,-,1,Loring Barnes,388,State Representative,Eighth Middlesex
Hopkinton,-,1,All Others,1,State Representative,Eighth Middlesex
Hopkinton,-,1,Blanks,36,State Representative,Eighth Middlesex
Hopkinton,-,1,Total Votes Cast,1253,State Representative,Eighth Middlesex
Hopkinton,-,2,James Arena-DeRosa,997,State Representative,Eighth Middlesex
Hopkinton,-,2,Loring Barnes,543,State Representative,Eighth Middlesex
Hopkinton,-,2,All Others,1,State Representative,Eighth Middlesex
Hopkinton,-,2,Blanks,69,State Representative,Eighth Middlesex
Hopkinton,-,2,Total Votes Cast,1610,State Representative,Eighth Middlesex
Hopkinton,-,3,James Arena-DeRosa,907,State Representative,Eighth Middlesex
Hopkinton,-,3,Loring Barnes,611,State Representative,Eighth Middlesex
Hopkinton,-,3,All Others,0,State Representative,Eighth Middlesex
Hopkinton,-,3,Blanks,62,State Representative,Eighth Middlesex
Hopkinton,-,3,Total Votes Cast,1580,State Representative,Eighth Middlesex
Hopkinton,-,4,James Arena-DeRosa,1077,State Representative,Eighth Middlesex
Hopkinton,-,4,Loring Barnes,604,State Representative,Eighth Middlesex
Hopkinton,-,4,All Others,2,State Representative,Eighth Middlesex
Hopkinton,-,4,Blanks,51,State Representative,Eighth Middlesex
Hopkinton,-,4,Total Votes Cast,1734,State Representative,Eighth Middlesex
Hopkinton,-,5,James Arena-DeRosa,1076,State Representative,Eighth Middlesex
Hopkinton,-,5,Loring Barnes,606,State Representative,Eighth Middlesex
Hopkinton,-,5,All Others,3,State Representative,Eighth Middlesex
Hopkinton,-,5,Blanks,51,State Representative,Eighth Middlesex
Hopkinton,-,5,Total Votes Cast,1736,State Representative,Eighth Middlesex
Hubbardston,,,"Donald R. Berthiaume, Jr",1649,State Representative,Fifth Worcester
Hubbardston,,,All Others,9,State Representative,Fifth Worcester
Hubbardston,,,Blanks,552,State Representative,Fifth Worcester
Hubbardston,,,Total Votes Cast,2210,State Representative,Fifth Worcester
Hudson,-,1,Kate Hogan,1023,State Representative,Third Middlesex
Hudson,-,1,All Others,13,State Representative,Third Middlesex
Hudson,-,1,Blanks,297,State Representative,Third Middlesex
Hudson,-,1,Total Votes Cast,1333,State Representative,Third Middlesex
Hudson,-,2,Kate Hogan,848,State Representative,Third Middlesex
Hudson,-,2,All Others,7,State Representative,Third Middlesex
Hudson,-,2,Blanks,270,State Representative,Third Middlesex
Hudson,-,2,Total Votes Cast,1125,State Representative,Third Middlesex
Hudson,-,3,Kate Hogan,1080,State Representative,Third Middlesex
Hudson,-,3,All Others,9,State Representative,Third Middlesex
Hudson,-,3,Blanks,354,State Representative,Third Middlesex
Hudson,-,3,Total Votes Cast,1443,State Representative,Third Middlesex
Hudson,-,4,Kate Hogan,1244,State Representative,Third Middlesex
Hudson,-,4,All Others,32,State Representative,Third Middlesex
Hudson,-,4,Blanks,419,State Representative,Third Middlesex
Hudson,-,4,Total Votes Cast,1695,State Representative,Third Middlesex
Hudson,-,5,Kate Hogan,1310,State Representative,Third Middlesex
Hudson,-,5,All Others,11,State Representative,Third Middlesex
Hudson,-,5,Blanks,355,State Representative,Third Middlesex
Hudson,-,5,Total Votes Cast,1676,State Representative,Third Middlesex
Hudson,-,6,Kate Hogan,821,State Representative,Third Middlesex
Hudson,-,6,All Others,13,State Representative,Third Middlesex
Hudson,-,6,Blanks,247,State Representative,Third Middlesex
Hudson,-,6,Total Votes Cast,1081,State Representative,Third Middlesex
Hull,-,1,Joan Meschino,1373,State Representative,Third Plymouth
Hull,-,1,All Others,18,State Representative,Third Plymouth
Hull,-,1,Blanks,431,State Representative,Third Plymouth
Hull,-,1,Total Votes Cast,1822,State Representative,Third Plymouth
Hull,-,2,Joan Meschino,1137,State Representative,Third Plymouth
Hull,-,2,All Others,26,State Representative,Third Plymouth
Hull,-,2,Blanks,427,State Representative,Third Plymouth
Hull,-,2,Total Votes Cast,1590,State Representative,Third Plymouth
Hull,-,3,Joan Meschino,1423,State Representative,Third Plymouth
Hull,-,3,All Others,19,State Representative,Third Plymouth
Hull,-,3,Blanks,508,State Representative,Third Plymouth
Hull,-,3,Total Votes Cast,1950,State Representative,Third Plymouth
Huntington,,,Nicholas A. Boldyga,487,State Representative,Third Hampden
Huntington,,,Anthony J. Russo,392,State Representative,Third Hampden
Huntington,,,All Others,0,State Representative,Third Hampden
Huntington,,,Blanks,17,State Representative,Third Hampden
Huntington,,,Total Votes Cast,896,State Representative,Third Hampden
Ipswich,-,1,Kristin E. Kassner,1113,State Representative,Second Essex
Ipswich,-,1,Leonard Mirra,613,State Representative,Second Essex
Ipswich,-,1,All Others,2,State Representative,Second Essex
Ipswich,-,1,Blanks,42,State Representative,Second Essex
Ipswich,-,1,Total Votes Cast,1770,State Representative,Second Essex
Ipswich,-,2,Kristin E. Kassner,1092,State Representative,Second Essex
Ipswich,-,2,Leonard Mirra,779,State Representative,Second Essex
Ipswich,-,2,All Others,0,State Representative,Second Essex
Ipswich,-,2,Blanks,49,State Representative,Second Essex
Ipswich,-,2,Total Votes Cast,1920,State Representative,Second Essex
Ipswich,-,3,Kristin E. Kassner,925,State Representative,Second Essex
Ipswich,-,3,Leonard Mirra,920,State Representative,Second Essex
Ipswich,-,3,All Others,0,State Representative,Second Essex
Ipswich,-,3,Blanks,43,State Representative,Second Essex
Ipswich,-,3,Total Votes Cast,1888,State Representative,Second Essex
Ipswich,-,4,Kristin E. Kassner,1028,State Representative,Second Essex
Ipswich,-,4,Leonard Mirra,813,State Representative,Second Essex
Ipswich,-,4,All Others,0,State Representative,Second Essex
Ipswich,-,4,Blanks,52,State Representative,Second Essex
Ipswich,-,4,Total Votes Cast,1893,State Representative,Second Essex
Kingston,-,1,Kathleen R. Lanatra,811,State Representative,Twelfth Plymouth
Kingston,-,1,Eric J. Meschino,549,State Representative,Twelfth Plymouth
Kingston,-,1,"Charles F. McCoy, Jr",80,State Representative,Twelfth Plymouth
Kingston,-,1,All Others,0,State Representative,Twelfth Plymouth
Kingston,-,1,Blanks,42,State Representative,Twelfth Plymouth
Kingston,-,1,Total Votes Cast,1482,State Representative,Twelfth Plymouth
Kingston,-,2,Kathleen R. Lanatra,876,State Representative,Twelfth Plymouth
Kingston,-,2,Eric J. Meschino,711,State Representative,Twelfth Plymouth
Kingston,-,2,"Charles F. McCoy, Jr",90,State Representative,Twelfth Plymouth
Kingston,-,2,All Others,0,State Representative,Twelfth Plymouth
Kingston,-,2,Blanks,41,State Representative,Twelfth Plymouth
Kingston,-,2,Total Votes Cast,1718,State Representative,Twelfth Plymouth
Kingston,-,3,Kathleen R. Lanatra,853,State Representative,Twelfth Plymouth
Kingston,-,3,Eric J. Meschino,688,State Representative,Twelfth Plymouth
Kingston,-,3,"Charles F. McCoy, Jr",80,State Representative,Twelfth Plymouth
Kingston,-,3,All Others,1,State Representative,Twelfth Plymouth
Kingston,-,3,Blanks,16,State Representative,Twelfth Plymouth
Kingston,-,3,Total Votes Cast,1638,State Representative,Twelfth Plymouth
Kingston,-,4,Kathleen R. Lanatra,801,State Representative,Twelfth Plymouth
Kingston,-,4,Eric J. Meschino,557,State Representative,Twelfth Plymouth
Kingston,-,4,"Charles F. McCoy, Jr",93,State Representative,Twelfth Plymouth
Kingston,-,4,All Others,0,State Representative,Twelfth Plymouth
Kingston,-,4,Blanks,25,State Representative,Twelfth Plymouth
Kingston,-,4,Total Votes Cast,1476,State Representative,Twelfth Plymouth
Lakeville,-,1,Norman J. Orrall,1425,State Representative,Twelfth Bristol
Lakeville,-,1,All Others,25,State Representative,Twelfth Bristol
Lakeville,-,1,Blanks,369,State Representative,Twelfth Bristol
Lakeville,-,1,Total Votes Cast,1819,State Representative,Twelfth Bristol
Lakeville,-,2,Norman J. Orrall,1488,State Representative,Twelfth Bristol
Lakeville,-,2,All Others,24,State Representative,Twelfth Bristol
Lakeville,-,2,Blanks,435,State Representative,Twelfth Bristol
Lakeville,-,2,Total Votes Cast,1947,State Representative,Twelfth Bristol
Lakeville,-,3,Norman J. Orrall,1379,State Representative,Twelfth Bristol
Lakeville,-,3,All Others,35,State Representative,Twelfth Bristol
Lakeville,-,3,Blanks,370,State Representative,Twelfth Bristol
Lakeville,-,3,Total Votes Cast,1784,State Representative,Twelfth Bristol
Lancaster,-,1,Meghan Kilcoyne,709,State Representative,Twelfth Worcester
Lancaster,-,1,Michael A. Vulcano,589,State Representative,Twelfth Worcester
Lancaster,-,1,All Others,0,State Representative,Twelfth Worcester
Lancaster,-,1,Blanks,50,State Representative,Twelfth Worcester
Lancaster,-,1,Total Votes Cast,1348,State Representative,Twelfth Worcester
Lancaster,-,2,Meghan Kilcoyne,1048,State Representative,Twelfth Worcester
Lancaster,-,2,Michael A. Vulcano,679,State Representative,Twelfth Worcester
Lancaster,-,2,All Others,1,State Representative,Twelfth Worcester
Lancaster,-,2,Blanks,57,State Representative,Twelfth Worcester
Lancaster,-,2,Total Votes Cast,1785,State Representative,Twelfth Worcester
Lanesborough,,,"John P. Barrett, III",971,State Representative,First Berkshire
Lanesborough,,,All Others,17,State Representative,First Berkshire
Lanesborough,,,Blanks,297,State Representative,First Berkshire
Lanesborough,,,Total Votes Cast,1285,State Representative,First Berkshire
Lawrence,A,1,Estela A. Reyes,376,State Representative,Fourth Essex
Lawrence,A,1,All Others,18,State Representative,Fourth Essex
Lawrence,A,1,Blanks,81,State Representative,Fourth Essex
Lawrence,A,1,Total Votes Cast,475,State Representative,Fourth Essex
Lawrence,A,2,Estela A. Reyes,220,State Representative,Fourth Essex
Lawrence,A,2,All Others,2,State Representative,Fourth Essex
Lawrence,A,2,Blanks,44,State Representative,Fourth Essex
Lawrence,A,2,Total Votes Cast,266,State Representative,Fourth Essex
Lawrence,A,2A,Francisco E. Paulino,2,State Representative,Sixteenth Essex
Lawrence,A,2A,All Others,1,State Representative,Sixteenth Essex
Lawrence,A,2A,Blanks,0,State Representative,Sixteenth Essex
Lawrence,A,2A,Total Votes Cast,3,State Representative,Sixteenth Essex
Lawrence,A,3,Francisco E. Paulino,258,State Representative,Sixteenth Essex
Lawrence,A,3,All Others,21,State Representative,Sixteenth Essex
Lawrence,A,3,Blanks,89,State Representative,Sixteenth Essex
Lawrence,A,3,Total Votes Cast,368,State Representative,Sixteenth Essex
Lawrence,A,4,Francisco E. Paulino,388,State Representative,Sixteenth Essex
Lawrence,A,4,All Others,7,State Representative,Sixteenth Essex
Lawrence,A,4,Blanks,79,State Representative,Sixteenth Essex
Lawrence,A,4,Total Votes Cast,474,State Representative,Sixteenth Essex
Lawrence,B,1,Estela A. Reyes,372,State Representative,Fourth Essex
Lawrence,B,1,All Others,8,State Representative,Fourth Essex
Lawrence,B,1,Blanks,75,State Representative,Fourth Essex
Lawrence,B,1,Total Votes Cast,455,State Representative,Fourth Essex
Lawrence,B,2,Estela A. Reyes,250,State Representative,Fourth Essex
Lawrence,B,2,All Others,6,State Representative,Fourth Essex
Lawrence,B,2,Blanks,51,State Representative,Fourth Essex
Lawrence,B,2,Total Votes Cast,307,State Representative,Fourth Essex
Lawrence,B,3,Estela A. Reyes,233,State Representative,Fourth Essex
Lawrence,B,3,All Others,7,State Representative,Fourth Essex
Lawrence,B,3,Blanks,69,State Representative,Fourth Essex
Lawrence,B,3,Total Votes Cast,309,State Representative,Fourth Essex
Lawrence,B,4,Estela A. Reyes,307,State Representative,Fourth Essex
Lawrence,B,4,All Others,9,State Representative,Fourth Essex
Lawrence,B,4,Blanks,74,State Representative,Fourth Essex
Lawrence,B,4,Total Votes Cast,390,State Representative,Fourth Essex
Lawrence,C,1,Frank A. Moran,271,State Representative,Seventeenth Essex
Lawrence,C,1,All Others,6,State Representative,Seventeenth Essex
Lawrence,C,1,Blanks,48,State Representative,Seventeenth Essex
Lawrence,C,1,Total Votes Cast,325,State Representative,Seventeenth Essex
Lawrence,C,2,Frank A. Moran,383,State Representative,Seventeenth Essex
Lawrence,C,2,All Others,14,State Representative,Seventeenth Essex
Lawrence,C,2,Blanks,73,State Representative,Seventeenth Essex
Lawrence,C,2,Total Votes Cast,470,State Representative,Seventeenth Essex
Lawrence,C,3,Frank A. Moran,232,State Representative,Seventeenth Essex
Lawrence,C,3,All Others,6,State Representative,Seventeenth Essex
Lawrence,C,3,Blanks,57,State Representative,Seventeenth Essex
Lawrence,C,3,Total Votes Cast,295,State Representative,Seventeenth Essex
Lawrence,C,4,Frank A. Moran,254,State Representative,Seventeenth Essex
Lawrence,C,4,All Others,14,State Representative,Seventeenth Essex
Lawrence,C,4,Blanks,28,State Representative,Seventeenth Essex
Lawrence,C,4,Total Votes Cast,296,State Representative,Seventeenth Essex
Lawrence,D,1,Frank A. Moran,359,State Representative,Seventeenth Essex
Lawrence,D,1,All Others,11,State Representative,Seventeenth Essex
Lawrence,D,1,Blanks,96,State Representative,Seventeenth Essex
Lawrence,D,1,Total Votes Cast,466,State Representative,Seventeenth Essex
Lawrence,D,2,Frank A. Moran,250,State Representative,Seventeenth Essex
Lawrence,D,2,All Others,8,State Representative,Seventeenth Essex
Lawrence,D,2,Blanks,57,State Representative,Seventeenth Essex
Lawrence,D,2,Total Votes Cast,315,State Representative,Seventeenth Essex
Lawrence,D,3,Frank A. Moran,196,State Representative,Seventeenth Essex
Lawrence,D,3,All Others,2,State Representative,Seventeenth Essex
Lawrence,D,3,Blanks,27,State Representative,Seventeenth Essex
Lawrence,D,3,Total Votes Cast,225,State Representative,Seventeenth Essex
Lawrence,D,4,Frank A. Moran,288,State Representative,Seventeenth Essex
Lawrence,D,4,All Others,3,State Representative,Seventeenth Essex
Lawrence,D,4,Blanks,39,State Representative,Seventeenth Essex
Lawrence,D,4,Total Votes Cast,330,State Representative,Seventeenth Essex
Lawrence,E,1,Frank A. Moran,632,State Representative,Seventeenth Essex
Lawrence,E,1,All Others,18,State Representative,Seventeenth Essex
Lawrence,E,1,Blanks,215,State Representative,Seventeenth Essex
Lawrence,E,1,Total Votes Cast,865,State Representative,Seventeenth Essex
Lawrence,E,1A,Francisco E. Paulino,14,State Representative,Sixteenth Essex
Lawrence,E,1A,All Others,1,State Representative,Sixteenth Essex
Lawrence,E,1A,Blanks,6,State Representative,Sixteenth Essex
Lawrence,E,1A,Total Votes Cast,21,State Representative,Sixteenth Essex
Lawrence,E,2,Francisco E. Paulino,556,State Representative,Sixteenth Essex
Lawrence,E,2,All Others,32,State Representative,Sixteenth Essex
Lawrence,E,2,Blanks,215,State Representative,Sixteenth Essex
Lawrence,E,2,Total Votes Cast,803,State Representative,Sixteenth Essex
Lawrence,E,3,Francisco E. Paulino,385,State Representative,Sixteenth Essex
Lawrence,E,3,All Others,14,State Representative,Sixteenth Essex
Lawrence,E,3,Blanks,72,State Representative,Sixteenth Essex
Lawrence,E,3,Total Votes Cast,471,State Representative,Sixteenth Essex
Lawrence,E,4,Francisco E. Paulino,304,State Representative,Sixteenth Essex
Lawrence,E,4,All Others,11,State Representative,Sixteenth Essex
Lawrence,E,4,Blanks,60,State Representative,Sixteenth Essex
Lawrence,E,4,Total Votes Cast,375,State Representative,Sixteenth Essex
Lawrence,F,1,Francisco E. Paulino,585,State Representative,Sixteenth Essex
Lawrence,F,1,All Others,19,State Representative,Sixteenth Essex
Lawrence,F,1,Blanks,186,State Representative,Sixteenth Essex
Lawrence,F,1,Total Votes Cast,790,State Representative,Sixteenth Essex
Lawrence,F,2,Francisco E. Paulino,287,State Representative,Sixteenth Essex
Lawrence,F,2,All Others,9,State Representative,Sixteenth Essex
Lawrence,F,2,Blanks,41,State Representative,Sixteenth Essex
Lawrence,F,2,Total Votes Cast,337,State Representative,Sixteenth Essex
Lawrence,F,3,Francisco E. Paulino,354,State Representative,Sixteenth Essex
Lawrence,F,3,All Others,14,State Representative,Sixteenth Essex
Lawrence,F,3,Blanks,66,State Representative,Sixteenth Essex
Lawrence,F,3,Total Votes Cast,434,State Representative,Sixteenth Essex
Lawrence,F,4,Francisco E. Paulino,374,State Representative,Sixteenth Essex
Lawrence,F,4,All Others,16,State Representative,Sixteenth Essex
Lawrence,F,4,Blanks,66,State Representative,Sixteenth Essex
Lawrence,F,4,Total Votes Cast,456,State Representative,Sixteenth Essex
Lee,,,"William ""Smitty"" Pignatelli",1973,State Representative,Third Berkshire
Lee,,,Michael Silvio Lavery,249,State Representative,Third Berkshire
Lee,,,All Others,22,State Representative,Third Berkshire
Lee,,,Blanks,172,State Representative,Third Berkshire
Lee,,,Total Votes Cast,2416,State Representative,Third Berkshire
Leicester,-,2,David Henry Argosky Leboeuf,496,State Representative,Seventeenth Worcester
Leicester,-,2,Paul J. Fullen,563,State Representative,Seventeenth Worcester
Leicester,-,2,All Others,0,State Representative,Seventeenth Worcester
Leicester,-,2,Blanks,34,State Representative,Seventeenth Worcester
Leicester,-,2,Total Votes Cast,1093,State Representative,Seventeenth Worcester
Leicester,-,4,David Henry Argosky Leboeuf,475,State Representative,Seventeenth Worcester
Leicester,-,4,Paul J. Fullen,567,State Representative,Seventeenth Worcester
Leicester,-,4,All Others,0,State Representative,Seventeenth Worcester
Leicester,-,4,Blanks,53,State Representative,Seventeenth Worcester
Leicester,-,4,Total Votes Cast,1095,State Representative,Seventeenth Worcester
Leicester,,,"Donald R. Berthiaume, Jr",845,State Representative,Fifth Worcester
Leicester,,,All Others,0,State Representative,Fifth Worcester
Leicester,,,Blanks,298,State Representative,Fifth Worcester
Leicester,,,Total Votes Cast,1143,State Representative,Fifth Worcester
Leicester,,,Paul K. Frost,791,State Representative,Seventh Worcester
Leicester,,,Terry Burke Dotson,241,State Representative,Seventh Worcester
Leicester,,,All Others,0,State Representative,Seventh Worcester
Leicester,,,Blanks,106,State Representative,Seventh Worcester
Leicester,,,Total Votes Cast,1138,State Representative,Seventh Worcester
Lenox,,,"William ""Smitty"" Pignatelli",2234,State Representative,Third Berkshire
Lenox,,,Michael Silvio Lavery,168,State Representative,Third Berkshire
Lenox,,,All Others,8,State Representative,Third Berkshire
Lenox,,,Blanks,137,State Representative,Third Berkshire
Lenox,,,Total Votes Cast,2547,State Representative,Third Berkshire
Leominster,1,A,Natalie Higgins,567,State Representative,Fourth Worcester
Leominster,1,A,John M. Dombrowski,650,State Representative,Fourth Worcester
Leominster,1,A,All Others,4,State Representative,Fourth Worcester
Leominster,1,A,Blanks,56,State Representative,Fourth Worcester
Leominster,1,A,Total Votes Cast,1277,State Representative,Fourth Worcester
Leominster,1,B,Natalie Higgins,635,State Representative,Fourth Worcester
Leominster,1,B,John M. Dombrowski,490,State Representative,Fourth Worcester
Leominster,1,B,All Others,3,State Representative,Fourth Worcester
Leominster,1,B,Blanks,64,State Representative,Fourth Worcester
Leominster,1,B,Total Votes Cast,1192,State Representative,Fourth Worcester
Leominster,1,C,Natalie Higgins,449,State Representative,Fourth Worcester
Leominster,1,C,John M. Dombrowski,369,State Representative,Fourth Worcester
Leominster,1,C,All Others,0,State Representative,Fourth Worcester
Leominster,1,C,Blanks,36,State Representative,Fourth Worcester
Leominster,1,C,Total Votes Cast,854,State Representative,Fourth Worcester
Leominster,2,A,Natalie Higgins,321,State Representative,Fourth Worcester
Leominster,2,A,John M. Dombrowski,206,State Representative,Fourth Worcester
Leominster,2,A,All Others,2,State Representative,Fourth Worcester
Leominster,2,A,Blanks,24,State Representative,Fourth Worcester
Leominster,2,A,Total Votes Cast,553,State Representative,Fourth Worcester
Leominster,2,B,Natalie Higgins,448,State Representative,Fourth Worcester
Leominster,2,B,John M. Dombrowski,378,State Representative,Fourth Worcester
Leominster,2,B,All Others,0,State Representative,Fourth Worcester
Leominster,2,B,Blanks,49,State Representative,Fourth Worcester
Leominster,2,B,Total Votes Cast,875,State Representative,Fourth Worcester
Leominster,2,C,Natalie Higgins,244,State Representative,Fourth Worcester
Leominster,2,C,John M. Dombrowski,212,State Representative,Fourth Worcester
Leominster,2,C,All Others,0,State Representative,Fourth Worcester
Leominster,2,C,Blanks,35,State Representative,Fourth Worcester
Leominster,2,C,Total Votes Cast,491,State Representative,Fourth Worcester
Leominster,3,A,Natalie Higgins,516,State Representative,Fourth Worcester
Leominster,3,A,John M. Dombrowski,382,State Representative,Fourth Worcester
Leominster,3,A,All Others,0,State Representative,Fourth Worcester
Leominster,3,A,Blanks,45,State Representative,Fourth Worcester
Leominster,3,A,Total Votes Cast,943,State Representative,Fourth Worcester
Leominster,3,B,Natalie Higgins,630,State Representative,Fourth Worcester
Leominster,3,B,John M. Dombrowski,603,State Representative,Fourth Worcester
Leominster,3,B,All Others,1,State Representative,Fourth Worcester
Leominster,3,B,Blanks,75,State Representative,Fourth Worcester
Leominster,3,B,Total Votes Cast,1309,State Representative,Fourth Worcester
Leominster,3,C,Natalie Higgins,509,State Representative,Fourth Worcester
Leominster,3,C,John M. Dombrowski,499,State Representative,Fourth Worcester
Leominster,3,C,All Others,0,State Representative,Fourth Worcester
Leominster,3,C,Blanks,57,State Representative,Fourth Worcester
Leominster,3,C,Total Votes Cast,1065,State Representative,Fourth Worcester
Leominster,4,A,Natalie Higgins,540,State Representative,Fourth Worcester
Leominster,4,A,John M. Dombrowski,683,State Representative,Fourth Worcester
Leominster,4,A,All Others,1,State Representative,Fourth Worcester
Leominster,4,A,Blanks,63,State Representative,Fourth Worcester
Leominster,4,A,Total Votes Cast,1287,State Representative,Fourth Worcester
Leominster,4,B,Natalie Higgins,542,State Representative,Fourth Worcester
Leominster,4,B,John M. Dombrowski,604,State Representative,Fourth Worcester
Leominster,4,B,All Others,0,State Representative,Fourth Worcester
Leominster,4,B,Blanks,55,State Representative,Fourth Worcester
Leominster,4,B,Total Votes Cast,1201,State Representative,Fourth Worcester
Leominster,4,C,Natalie Higgins,430,State Representative,Fourth Worcester
Leominster,4,C,John M. Dombrowski,340,State Representative,Fourth Worcester
Leominster,4,C,All Others,0,State Representative,Fourth Worcester
Leominster,4,C,Blanks,43,State Representative,Fourth Worcester
Leominster,4,C,Total Votes Cast,813,State Representative,Fourth Worcester
Leominster,5,A,Natalie Higgins,457,State Representative,Fourth Worcester
Leominster,5,A,John M. Dombrowski,342,State Representative,Fourth Worcester
Leominster,5,A,All Others,0,State Representative,Fourth Worcester
Leominster,5,A,Blanks,34,State Representative,Fourth Worcester
Leominster,5,A,Total Votes Cast,833,State Representative,Fourth Worcester
Leominster,5,B,Natalie Higgins,524,State Representative,Fourth Worcester
Leominster,5,B,John M. Dombrowski,487,State Representative,Fourth Worcester
Leominster,5,B,All Others,0,State Representative,Fourth Worcester
Leominster,5,B,Blanks,49,State Representative,Fourth Worcester
Leominster,5,B,Total Votes Cast,1060,State Representative,Fourth Worcester
Leominster,5,C,Natalie Higgins,381,State Representative,Fourth Worcester
Leominster,5,C,John M. Dombrowski,265,State Representative,Fourth Worcester
Leominster,5,C,All Others,0,State Representative,Fourth Worcester
Leominster,5,C,Blanks,52,State Representative,Fourth Worcester
Leominster,5,C,Total Votes Cast,698,State Representative,Fourth Worcester
Leverett,,,Natalie M. Blais,951,State Representative,First Franklin
Leverett,,,All Others,5,State Representative,First Franklin
Leverett,,,Blanks,127,State Representative,First Franklin
Leverett,,,Total Votes Cast,1083,State Representative,First Franklin
Lexington,-,1,Michelle Ciccolo,1214,State Representative,Fifteenth Middlesex
Lexington,-,1,All Others,16,State Representative,Fifteenth Middlesex
Lexington,-,1,Blanks,298,State Representative,Fifteenth Middlesex
Lexington,-,1,Total Votes Cast,1528,State Representative,Fifteenth Middlesex
Lexington,-,2,Michelle Ciccolo,1424,State Representative,Fifteenth Middlesex
Lexington,-,2,All Others,15,State Representative,Fifteenth Middlesex
Lexington,-,2,Blanks,327,State Representative,Fifteenth Middlesex
Lexington,-,2,Total Votes Cast,1766,State Representative,Fifteenth Middlesex
Lexington,-,3,Michelle Ciccolo,1125,State Representative,Fifteenth Middlesex
Lexington,-,3,All Others,7,State Representative,Fifteenth Middlesex
Lexington,-,3,Blanks,236,State Representative,Fifteenth Middlesex
Lexington,-,3,Total Votes Cast,1368,State Representative,Fifteenth Middlesex
Lexington,-,4,Michelle Ciccolo,1404,State Representative,Fifteenth Middlesex
Lexington,-,4,All Others,9,State Representative,Fifteenth Middlesex
Lexington,-,4,Blanks,328,State Representative,Fifteenth Middlesex
Lexington,-,4,Total Votes Cast,1741,State Representative,Fifteenth Middlesex
Lexington,-,5,Michelle Ciccolo,1233,State Representative,Fifteenth Middlesex
Lexington,-,5,All Others,21,State Representative,Fifteenth Middlesex
Lexington,-,5,Blanks,361,State Representative,Fifteenth Middlesex
Lexington,-,5,Total Votes Cast,1615,State Representative,Fifteenth Middlesex
Lexington,-,7,Michelle Ciccolo,1318,State Representative,Fifteenth Middlesex
Lexington,-,7,All Others,23,State Representative,Fifteenth Middlesex
Lexington,-,7,Blanks,356,State Representative,Fifteenth Middlesex
Lexington,-,7,Total Votes Cast,1697,State Representative,Fifteenth Middlesex
Lexington,-,8,Michelle Ciccolo,1263,State Representative,Fifteenth Middlesex
Lexington,-,8,All Others,22,State Representative,Fifteenth Middlesex
Lexington,-,8,Blanks,305,State Representative,Fifteenth Middlesex
Lexington,-,8,Total Votes Cast,1590,State Representative,Fifteenth Middlesex
Lexington,-,9,Michelle Ciccolo,1393,State Representative,Fifteenth Middlesex
Lexington,-,9,All Others,22,State Representative,Fifteenth Middlesex
Lexington,-,9,Blanks,307,State Representative,Fifteenth Middlesex
Lexington,-,9,Total Votes Cast,1722,State Representative,Fifteenth Middlesex
Lexington,,,Kenneth I. Gordon,1293,State Representative,Twenty-First Middlesex
Lexington,,,All Others,22,State Representative,Twenty-First Middlesex
Lexington,,,Blanks,419,State Representative,Twenty-First Middlesex
Lexington,,,Total Votes Cast,1734,State Representative,Twenty-First Middlesex
Leyden,,,Natalie M. Blais,311,State Representative,First Franklin
Leyden,,,All Others,0,State Representative,First Franklin
Leyden,,,Blanks,84,State Representative,First Franklin
Leyden,,,Total Votes Cast,395,State Representative,First Franklin
Lincoln,,,Carmine Lawrence Gentile,1695,State Representative,Thirteenth Middlesex
Lincoln,,,All Others,8,State Representative,Thirteenth Middlesex
Lincoln,,,Blanks,405,State Representative,Thirteenth Middlesex
Lincoln,,,Total Votes Cast,2108,State Representative,Thirteenth Middlesex
Lincoln,,,Alice Hanlon Peisch,944,State Representative,Fourteenth Norfolk
Lincoln,,,David Rolde,80,State Representative,Fourteenth Norfolk
Lincoln,,,All Others,13,State Representative,Fourteenth Norfolk
Lincoln,,,Blanks,210,State Representative,Fourteenth Norfolk
Lincoln,,,Total Votes Cast,1247,State Representative,Fourteenth Norfolk
Littleton,-,1,James Arciero,1076,State Representative,Second Middlesex
Littleton,-,1,Raymond Yinggang Xie,536,State Representative,Second Middlesex
Littleton,-,1,All Others,0,State Representative,Second Middlesex
Littleton,-,1,Blanks,43,State Representative,Second Middlesex
Littleton,-,1,Total Votes Cast,1655,State Representative,Second Middlesex
Littleton,-,2,James Arciero,1048,State Representative,Second Middlesex
Littleton,-,2,Raymond Yinggang Xie,584,State Representative,Second Middlesex
Littleton,-,2,All Others,0,State Representative,Second Middlesex
Littleton,-,2,Blanks,38,State Representative,Second Middlesex
Littleton,-,2,Total Votes Cast,1670,State Representative,Second Middlesex
Littleton,-,3,James Arciero,1125,State Representative,Second Middlesex
Littleton,-,3,Raymond Yinggang Xie,573,State Representative,Second Middlesex
Littleton,-,3,All Others,0,State Representative,Second Middlesex
Littleton,-,3,Blanks,44,State Representative,Second Middlesex
Littleton,-,3,Total Votes Cast,1742,State Representative,Second Middlesex
Longmeadow,-,A,Brian M. Ashe,1182,State Representative,Second Hampden
Longmeadow,-,A,All Others,41,State Representative,Second Hampden
Longmeadow,-,A,Blanks,303,State Representative,Second Hampden
Longmeadow,-,A,Total Votes Cast,1526,State Representative,Second Hampden
Longmeadow,-,B,Brian M. Ashe,1103,State Representative,Second Hampden
Longmeadow,-,B,All Others,35,State Representative,Second Hampden
Longmeadow,-,B,Blanks,264,State Representative,Second Hampden
Longmeadow,-,B,Total Votes Cast,1402,State Representative,Second Hampden
Longmeadow,-,C,Brian M. Ashe,1156,State Representative,Second Hampden
Longmeadow,-,C,All Others,38,State Representative,Second Hampden
Longmeadow,-,C,Blanks,338,State Representative,Second Hampden
Longmeadow,-,C,Total Votes Cast,1532,State Representative,Second Hampden
Longmeadow,-,D,Brian M. Ashe,1137,State Representative,Second Hampden
Longmeadow,-,D,All Others,19,State Representative,Second Hampden
Longmeadow,-,D,Blanks,319,State Representative,Second Hampden
Longmeadow,-,D,Total Votes Cast,1475,State Representative,Second Hampden
Longmeadow,-,E,Brian M. Ashe,1108,State Representative,Second Hampden
Longmeadow,-,E,All Others,23,State Representative,Second Hampden
Longmeadow,-,E,Blanks,268,State Representative,Second Hampden
Longmeadow,-,E,Total Votes Cast,1399,State Representative,Second Hampden
Lowell,1,1,Rodney M. Elliott,391,State Representative,Sixteenth Middlesex
Lowell,1,1,Karla Jean Miller,174,State Representative,Sixteenth Middlesex
Lowell,1,1,All Others,5,State Representative,Sixteenth Middlesex
Lowell,1,1,Blanks,44,State Representative,Sixteenth Middlesex
Lowell,1,1,Total Votes Cast,614,State Representative,Sixteenth Middlesex
Lowell,1,1A,Rady Mom,0,State Representative,Eighteenth Middlesex
Lowell,1,1A,All Others,0,State Representative,Eighteenth Middlesex
Lowell,1,1A,Blanks,0,State Representative,Eighteenth Middlesex
Lowell,1,1A,Total Votes Cast,0,State Representative,Eighteenth Middlesex
Lowell,1,2,Rodney M. Elliott,557,State Representative,Sixteenth Middlesex
Lowell,1,2,Karla Jean Miller,258,State Representative,Sixteenth Middlesex
Lowell,1,2,All Others,1,State Representative,Sixteenth Middlesex
Lowell,1,2,Blanks,37,State Representative,Sixteenth Middlesex
Lowell,1,2,Total Votes Cast,853,State Representative,Sixteenth Middlesex
Lowell,1,3,Rodney M. Elliott,683,State Representative,Sixteenth Middlesex
Lowell,1,3,Karla Jean Miller,340,State Representative,Sixteenth Middlesex
Lowell,1,3,All Others,2,State Representative,Sixteenth Middlesex
Lowell,1,3,Blanks,67,State Representative,Sixteenth Middlesex
Lowell,1,3,Total Votes Cast,1092,State Representative,Sixteenth Middlesex
Lowell,1,4,Rodney M. Elliott,621,State Representative,Sixteenth Middlesex
Lowell,1,4,Karla Jean Miller,270,State Representative,Sixteenth Middlesex
Lowell,1,4,All Others,0,State Representative,Sixteenth Middlesex
Lowell,1,4,Blanks,97,State Representative,Sixteenth Middlesex
Lowell,1,4,Total Votes Cast,988,State Representative,Sixteenth Middlesex
Lowell,2,1,Rodney M. Elliott,273,State Representative,Sixteenth Middlesex
Lowell,2,1,Karla Jean Miller,127,State Representative,Sixteenth Middlesex
Lowell,2,1,All Others,0,State Representative,Sixteenth Middlesex
Lowell,2,1,Blanks,75,State Representative,Sixteenth Middlesex
Lowell,2,1,Total Votes Cast,475,State Representative,Sixteenth Middlesex
Lowell,2,2,Rodney M. Elliott,397,State Representative,Sixteenth Middlesex
Lowell,2,2,Karla Jean Miller,166,State Representative,Sixteenth Middlesex
Lowell,2,2,All Others,4,State Representative,Sixteenth Middlesex
Lowell,2,2,Blanks,34,State Representative,Sixteenth Middlesex
Lowell,2,2,Total Votes Cast,601,State Representative,Sixteenth Middlesex
Lowell,2,3,Rodney M. Elliott,516,State Representative,Sixteenth Middlesex
Lowell,2,3,Karla Jean Miller,258,State Representative,Sixteenth Middlesex
Lowell,2,3,All Others,4,State Representative,Sixteenth Middlesex
Lowell,2,3,Blanks,36,State Representative,Sixteenth Middlesex
Lowell,2,3,Total Votes Cast,814,State Representative,Sixteenth Middlesex
Lowell,2,4,Rodney M. Elliott,419,State Representative,Sixteenth Middlesex
Lowell,2,4,Karla Jean Miller,209,State Representative,Sixteenth Middlesex
Lowell,2,4,All Others,2,State Representative,Sixteenth Middlesex
Lowell,2,4,Blanks,39,State Representative,Sixteenth Middlesex
Lowell,2,4,Total Votes Cast,669,State Representative,Sixteenth Middlesex
Lowell,3,1,Vanna Howard,395,State Representative,Seventeenth Middlesex
Lowell,3,1,All Others,20,State Representative,Seventeenth Middlesex
Lowell,3,1,Blanks,149,State Representative,Seventeenth Middlesex
Lowell,3,1,Total Votes Cast,564,State Representative,Seventeenth Middlesex
Lowell,3,2,Vanna Howard,1181,State Representative,Seventeenth Middlesex
Lowell,3,2,All Others,38,State Representative,Seventeenth Middlesex
Lowell,3,2,Blanks,546,State Representative,Seventeenth Middlesex
Lowell,3,2,Total Votes Cast,1765,State Representative,Seventeenth Middlesex
Lowell,3,3,Vanna Howard,916,State Representative,Seventeenth Middlesex
Lowell,3,3,All Others,37,State Representative,Seventeenth Middlesex
Lowell,3,3,Blanks,361,State Representative,Seventeenth Middlesex
Lowell,3,3,Total Votes Cast,1314,State Representative,Seventeenth Middlesex
Lowell,3,4,Vanna Howard,534,State Representative,Seventeenth Middlesex
Lowell,3,4,All Others,20,State Representative,Seventeenth Middlesex
Lowell,3,4,Blanks,228,State Representative,Seventeenth Middlesex
Lowell,3,4,Total Votes Cast,782,State Representative,Seventeenth Middlesex
Lowell,4,1,Vanna Howard,339,State Representative,Seventeenth Middlesex
Lowell,4,1,All Others,11,State Representative,Seventeenth Middlesex
Lowell,4,1,Blanks,68,State Representative,Seventeenth Middlesex
Lowell,4,1,Total Votes Cast,418,State Representative,Seventeenth Middlesex
Lowell,4,2,Vanna Howard,630,State Representative,Seventeenth Middlesex
Lowell,4,2,All Others,12,State Representative,Seventeenth Middlesex
Lowell,4,2,Blanks,118,State Representative,Seventeenth Middlesex
Lowell,4,2,Total Votes Cast,760,State Representative,Seventeenth Middlesex
Lowell,4,3,Rady Mom,176,State Representative,Eighteenth Middlesex
Lowell,4,3,All Others,7,State Representative,Eighteenth Middlesex
Lowell,4,3,Blanks,64,State Representative,Eighteenth Middlesex
Lowell,4,3,Total Votes Cast,247,State Representative,Eighteenth Middlesex
Lowell,4,3A,Vanna Howard,122,State Representative,Seventeenth Middlesex
Lowell,4,3A,All Others,3,State Representative,Seventeenth Middlesex
Lowell,4,3A,Blanks,19,State Representative,Seventeenth Middlesex
Lowell,4,3A,Total Votes Cast,144,State Representative,Seventeenth Middlesex
Lowell,4,4,Rodney M. Elliott,310,State Representative,Sixteenth Middlesex
Lowell,4,4,Karla Jean Miller,151,State Representative,Sixteenth Middlesex
Lowell,4,4,All Others,4,State Representative,Sixteenth Middlesex
Lowell,4,4,Blanks,30,State Representative,Sixteenth Middlesex
Lowell,4,4,Total Votes Cast,495,State Representative,Sixteenth Middlesex
Lowell,4,4A,Rady Mom,1,State Representative,Eighteenth Middlesex
Lowell,4,4A,All Others,0,State Representative,Eighteenth Middlesex
Lowell,4,4A,Blanks,1,State Representative,Eighteenth Middlesex
Lowell,4,4A,Total Votes Cast,2,State Representative,Eighteenth Middlesex
Lowell,5,1,Vanna Howard,487,State Representative,Seventeenth Middlesex
Lowell,5,1,All Others,18,State Representative,Seventeenth Middlesex
Lowell,5,1,Blanks,131,State Representative,Seventeenth Middlesex
Lowell,5,1,Total Votes Cast,636,State Representative,Seventeenth Middlesex
Lowell,5,1A,Rady Mom,100,State Representative,Eighteenth Middlesex
Lowell,5,1A,All Others,1,State Representative,Eighteenth Middlesex
Lowell,5,1A,Blanks,15,State Representative,Eighteenth Middlesex
Lowell,5,1A,Total Votes Cast,116,State Representative,Eighteenth Middlesex
Lowell,5,2,Vanna Howard,440,State Representative,Seventeenth Middlesex
Lowell,5,2,All Others,19,State Representative,Seventeenth Middlesex
Lowell,5,2,Blanks,131,State Representative,Seventeenth Middlesex
Lowell,5,2,Total Votes Cast,590,State Representative,Seventeenth Middlesex
Lowell,5,3,Vanna Howard,283,State Representative,Seventeenth Middlesex
Lowell,5,3,All Others,10,State Representative,Seventeenth Middlesex
Lowell,5,3,Blanks,66,State Representative,Seventeenth Middlesex
Lowell,5,3,Total Votes Cast,359,State Representative,Seventeenth Middlesex
Lowell,5,4,Vanna Howard,566,State Representative,Seventeenth Middlesex
Lowell,5,4,All Others,33,State Representative,Seventeenth Middlesex
Lowell,5,4,Blanks,178,State Representative,Seventeenth Middlesex
Lowell,5,4,Total Votes Cast,777,State Representative,Seventeenth Middlesex
Lowell,6,1,Rady Mom,383,State Representative,Eighteenth Middlesex
Lowell,6,1,All Others,23,State Representative,Eighteenth Middlesex
Lowell,6,1,Blanks,146,State Representative,Eighteenth Middlesex
Lowell,6,1,Total Votes Cast,552,State Representative,Eighteenth Middlesex
Lowell,6,2,Rady Mom,228,State Representative,Eighteenth Middlesex
Lowell,6,2,All Others,19,State Representative,Eighteenth Middlesex
Lowell,6,2,Blanks,97,State Representative,Eighteenth Middlesex
Lowell,6,2,Total Votes Cast,344,State Representative,Eighteenth Middlesex
Lowell,6,3,Vanna Howard,198,State Representative,Seventeenth Middlesex
Lowell,6,3,All Others,6,State Representative,Seventeenth Middlesex
Lowell,6,3,Blanks,48,State Representative,Seventeenth Middlesex
Lowell,6,3,Total Votes Cast,252,State Representative,Seventeenth Middlesex
Lowell,6,3A,Rady Mom,42,State Representative,Eighteenth Middlesex
Lowell,6,3A,All Others,6,State Representative,Eighteenth Middlesex
Lowell,6,3A,Blanks,20,State Representative,Eighteenth Middlesex
Lowell,6,3A,Total Votes Cast,68,State Representative,Eighteenth Middlesex
Lowell,6,4,Rady Mom,285,State Representative,Eighteenth Middlesex
Lowell,6,4,All Others,15,State Representative,Eighteenth Middlesex
Lowell,6,4,Blanks,94,State Representative,Eighteenth Middlesex
Lowell,6,4,Total Votes Cast,394,State Representative,Eighteenth Middlesex
Lowell,6,4A,Vanna Howard,98,State Representative,Seventeenth Middlesex
Lowell,6,4A,All Others,0,State Representative,Seventeenth Middlesex
Lowell,6,4A,Blanks,40,State Representative,Seventeenth Middlesex
Lowell,6,4A,Total Votes Cast,138,State Representative,Seventeenth Middlesex
Lowell,7,1,Rady Mom,302,State Representative,Eighteenth Middlesex
Lowell,7,1,All Others,16,State Representative,Eighteenth Middlesex
Lowell,7,1,Blanks,100,State Representative,Eighteenth Middlesex
Lowell,7,1,Total Votes Cast,418,State Representative,Eighteenth Middlesex
Lowell,7,2,Rady Mom,245,State Representative,Eighteenth Middlesex
Lowell,7,2,All Others,17,State Representative,Eighteenth Middlesex
Lowell,7,2,Blanks,99,State Representative,Eighteenth Middlesex
Lowell,7,2,Total Votes Cast,361,State Representative,Eighteenth Middlesex
Lowell,7,3,Rady Mom,326,State Representative,Eighteenth Middlesex
Lowell,7,3,All Others,16,State Representative,Eighteenth Middlesex
Lowell,7,3,Blanks,101,State Representative,Eighteenth Middlesex
Lowell,7,3,Total Votes Cast,443,State Representative,Eighteenth Middlesex
Lowell,7,4,Rady Mom,178,State Representative,Eighteenth Middlesex
Lowell,7,4,All Others,14,State Representative,Eighteenth Middlesex
Lowell,7,4,Blanks,76,State Representative,Eighteenth Middlesex
Lowell,7,4,Total Votes Cast,268,State Representative,Eighteenth Middlesex
Lowell,8,1,Rady Mom,415,State Representative,Eighteenth Middlesex
Lowell,8,1,All Others,11,State Representative,Eighteenth Middlesex
Lowell,8,1,Blanks,139,State Representative,Eighteenth Middlesex
Lowell,8,1,Total Votes Cast,565,State Representative,Eighteenth Middlesex
Lowell,8,2,Rady Mom,392,State Representative,Eighteenth Middlesex
Lowell,8,2,All Others,18,State Representative,Eighteenth Middlesex
Lowell,8,2,Blanks,103,State Representative,Eighteenth Middlesex
Lowell,8,2,Total Votes Cast,513,State Representative,Eighteenth Middlesex
Lowell,8,3,Rady Mom,754,State Representative,Eighteenth Middlesex
Lowell,8,3,All Others,29,State Representative,Eighteenth Middlesex
Lowell,8,3,Blanks,304,State Representative,Eighteenth Middlesex
Lowell,8,3,Total Votes Cast,1087,State Representative,Eighteenth Middlesex
Lowell,8,4,Rady Mom,607,State Representative,Eighteenth Middlesex
Lowell,8,4,All Others,33,State Representative,Eighteenth Middlesex
Lowell,8,4,Blanks,206,State Representative,Eighteenth Middlesex
Lowell,8,4,Total Votes Cast,846,State Representative,Eighteenth Middlesex
Lowell,8,4A,Vanna Howard,23,State Representative,Seventeenth Middlesex
Lowell,8,4A,All Others,0,State Representative,Seventeenth Middlesex
Lowell,8,4A,Blanks,7,State Representative,Seventeenth Middlesex
Lowell,8,4A,Total Votes Cast,30,State Representative,Seventeenth Middlesex
Ludlow,-,1,Aaron L. Saunders,486,State Representative,Seventh Hampden
Ludlow,-,1,James Chip Harrington,834,State Representative,Seventh Hampden
Ludlow,-,1,All Others,0,State Representative,Seventh Hampden
Ludlow,-,1,Blanks,31,State Representative,Seventh Hampden
Ludlow,-,1,Total Votes Cast,1351,State Representative,Seventh Hampden
Ludlow,-,2,Aaron L. Saunders,385,State Representative,Seventh Hampden
Ludlow,-,2,James Chip Harrington,499,State Representative,Seventh Hampden
Ludlow,-,2,All Others,2,State Representative,Seventh Hampden
Ludlow,-,2,Blanks,33,State Representative,Seventh Hampden
Ludlow,-,2,Total Votes Cast,919,State Representative,Seventh Hampden
Ludlow,-,3,Aaron L. Saunders,564,State Representative,Seventh Hampden
Ludlow,-,3,James Chip Harrington,1071,State Representative,Seventh Hampden
Ludlow,-,3,All Others,1,State Representative,Seventh Hampden
Ludlow,-,3,Blanks,26,State Representative,Seventh Hampden
Ludlow,-,3,Total Votes Cast,1662,State Representative,Seventh Hampden
Ludlow,-,4,Aaron L. Saunders,548,State Representative,Seventh Hampden
Ludlow,-,4,James Chip Harrington,762,State Representative,Seventh Hampden
Ludlow,-,4,All Others,3,State Representative,Seventh Hampden
Ludlow,-,4,Blanks,28,State Representative,Seventh Hampden
Ludlow,-,4,Total Votes Cast,1341,State Representative,Seventh Hampden
Ludlow,-,5,Aaron L. Saunders,411,State Representative,Seventh Hampden
Ludlow,-,5,James Chip Harrington,716,State Representative,Seventh Hampden
Ludlow,-,5,All Others,3,State Representative,Seventh Hampden
Ludlow,-,5,Blanks,23,State Representative,Seventh Hampden
Ludlow,-,5,Total Votes Cast,1153,State Representative,Seventh Hampden
Ludlow,-,6,Aaron L. Saunders,615,State Representative,Seventh Hampden
Ludlow,-,6,James Chip Harrington,970,State Representative,Seventh Hampden
Ludlow,-,6,All Others,3,State Representative,Seventh Hampden
Ludlow,-,6,Blanks,35,State Representative,Seventh Hampden
Ludlow,-,6,Total Votes Cast,1623,State Representative,Seventh Hampden
Lunenburg,-,A,Margaret R. Scarsdale,598,State Representative,First Middlesex
Lunenburg,-,A,Andrew James Shepherd,649,State Representative,First Middlesex
Lunenburg,-,A,Catherine Lundeen,59,State Representative,First Middlesex
Lunenburg,-,A,All Others,1,State Representative,First Middlesex
Lunenburg,-,A,Blanks,26,State Representative,First Middlesex
Lunenburg,-,A,Total Votes Cast,1333,State Representative,First Middlesex
Lunenburg,-,B,Michael P. Kushmerek,700,State Representative,Third Worcester
Lunenburg,-,B,Aaron L. Packard,456,State Representative,Third Worcester
Lunenburg,-,B,All Others,0,State Representative,Third Worcester
Lunenburg,-,B,Blanks,38,State Representative,Third Worcester
Lunenburg,-,B,Total Votes Cast,1194,State Representative,Third Worcester
Lunenburg,-,B1,Margaret R. Scarsdale,46,State Representative,First Middlesex
Lunenburg,-,B1,Andrew James Shepherd,59,State Representative,First Middlesex
Lunenburg,-,B1,Catherine Lundeen,5,State Representative,First Middlesex
Lunenburg,-,B1,All Others,0,State Representative,First Middlesex
Lunenburg,-,B1,Blanks,0,State Representative,First Middlesex
Lunenburg,-,B1,Total Votes Cast,110,State Representative,First Middlesex
Lunenburg,-,C,Margaret R. Scarsdale,551,State Representative,First Middlesex
Lunenburg,-,C,Andrew James Shepherd,614,State Representative,First Middlesex
Lunenburg,-,C,Catherine Lundeen,52,State Representative,First Middlesex
Lunenburg,-,C,All Others,0,State Representative,First Middlesex
Lunenburg,-,C,Blanks,21,State Representative,First Middlesex
Lunenburg,-,C,Total Votes Cast,1238,State Representative,First Middlesex
Lunenburg,-,C1,Michael P. Kushmerek,5,State Representative,Third Worcester
Lunenburg,-,C1,Aaron L. Packard,5,State Representative,Third Worcester
Lunenburg,-,C1,All Others,0,State Representative,Third Worcester
Lunenburg,-,C1,Blanks,0,State Representative,Third Worcester
Lunenburg,-,C1,Total Votes Cast,10,State Representative,Third Worcester
Lunenburg,-,D,Margaret R. Scarsdale,668,State Representative,First Middlesex
Lunenburg,-,D,Andrew James Shepherd,678,State Representative,First Middlesex
Lunenburg,-,D,Catherine Lundeen,78,State Representative,First Middlesex
Lunenburg,-,D,All Others,0,State Representative,First Middlesex
Lunenburg,-,D,Blanks,26,State Representative,First Middlesex
Lunenburg,-,D,Total Votes Cast,1450,State Representative,First Middlesex
Lynn,1,1,Donald H. Wong,1197,State Representative,Ninth Essex
Lynn,1,1,All Others,21,State Representative,Ninth Essex
Lynn,1,1,Blanks,504,State Representative,Ninth Essex
Lynn,1,1,Total Votes Cast,1722,State Representative,Ninth Essex
Lynn,1,2,Donald H. Wong,808,State Representative,Ninth Essex
Lynn,1,2,All Others,21,State Representative,Ninth Essex
Lynn,1,2,Blanks,384,State Representative,Ninth Essex
Lynn,1,2,Total Votes Cast,1213,State Representative,Ninth Essex
Lynn,1,2A,Daniel H. Cahill,168,State Representative,Tenth Essex
Lynn,1,2A,All Others,5,State Representative,Tenth Essex
Lynn,1,2A,Blanks,89,State Representative,Tenth Essex
Lynn,1,2A,Total Votes Cast,262,State Representative,Tenth Essex
Lynn,1,3,Daniel H. Cahill,914,State Representative,Tenth Essex
Lynn,1,3,All Others,33,State Representative,Tenth Essex
Lynn,1,3,Blanks,309,State Representative,Tenth Essex
Lynn,1,3,Total Votes Cast,1256,State Representative,Tenth Essex
Lynn,1,4,Daniel H. Cahill,686,State Representative,Tenth Essex
Lynn,1,4,All Others,30,State Representative,Tenth Essex
Lynn,1,4,Blanks,194,State Representative,Tenth Essex
Lynn,1,4,Total Votes Cast,910,State Representative,Tenth Essex
Lynn,2,1,Daniel H. Cahill,968,State Representative,Tenth Essex
Lynn,2,1,All Others,24,State Representative,Tenth Essex
Lynn,2,1,Blanks,331,State Representative,Tenth Essex
Lynn,2,1,Total Votes Cast,1323,State Representative,Tenth Essex
Lynn,2,2,Daniel H. Cahill,502,State Representative,Tenth Essex
Lynn,2,2,All Others,19,State Representative,Tenth Essex
Lynn,2,2,Blanks,135,State Representative,Tenth Essex
Lynn,2,2,Total Votes Cast,656,State Representative,Tenth Essex
Lynn,2,3,Daniel H. Cahill,306,State Representative,Tenth Essex
Lynn,2,3,All Others,8,State Representative,Tenth Essex
Lynn,2,3,Blanks,81,State Representative,Tenth Essex
Lynn,2,3,Total Votes Cast,395,State Representative,Tenth Essex
Lynn,2,4,Daniel H. Cahill,301,State Representative,Tenth Essex
Lynn,2,4,All Others,4,State Representative,Tenth Essex
Lynn,2,4,Blanks,71,State Representative,Tenth Essex
Lynn,2,4,Total Votes Cast,376,State Representative,Tenth Essex
Lynn,3,1,Daniel H. Cahill,586,State Representative,Tenth Essex
Lynn,3,1,All Others,28,State Representative,Tenth Essex
Lynn,3,1,Blanks,208,State Representative,Tenth Essex
Lynn,3,1,Total Votes Cast,822,State Representative,Tenth Essex
Lynn,3,2,Daniel H. Cahill,321,State Representative,Tenth Essex
Lynn,3,2,All Others,19,State Representative,Tenth Essex
Lynn,3,2,Blanks,137,State Representative,Tenth Essex
Lynn,3,2,Total Votes Cast,477,State Representative,Tenth Essex
Lynn,3,3,Daniel H. Cahill,624,State Representative,Tenth Essex
Lynn,3,3,All Others,16,State Representative,Tenth Essex
Lynn,3,3,Blanks,144,State Representative,Tenth Essex
Lynn,3,3,Total Votes Cast,784,State Representative,Tenth Essex
Lynn,3,4,Jennifer Wb Armini,632,State Representative,Eighth Essex
Lynn,3,4,All Others,15,State Representative,Eighth Essex
Lynn,3,4,Blanks,152,State Representative,Eighth Essex
Lynn,3,4,Total Votes Cast,799,State Representative,Eighth Essex
Lynn,4,1,Daniel H. Cahill,214,State Representative,Tenth Essex
Lynn,4,1,All Others,16,State Representative,Tenth Essex
Lynn,4,1,Blanks,68,State Representative,Tenth Essex
Lynn,4,1,Total Votes Cast,298,State Representative,Tenth Essex
Lynn,4,2,Daniel H. Cahill,243,State Representative,Tenth Essex
Lynn,4,2,All Others,6,State Representative,Tenth Essex
Lynn,4,2,Blanks,43,State Representative,Tenth Essex
Lynn,4,2,Total Votes Cast,292,State Representative,Tenth Essex
Lynn,4,3,Peter L. Capano,385,State Representative,Eleventh Essex
Lynn,4,3,All Others,7,State Representative,Eleventh Essex
Lynn,4,3,Blanks,82,State Representative,Eleventh Essex
Lynn,4,3,Total Votes Cast,474,State Representative,Eleventh Essex
Lynn,4,3A,Jennifer Wb Armini,77,State Representative,Eighth Essex
Lynn,4,3A,All Others,3,State Representative,Eighth Essex
Lynn,4,3A,Blanks,10,State Representative,Eighth Essex
Lynn,4,3A,Total Votes Cast,90,State Representative,Eighth Essex
Lynn,4,4,Jennifer Wb Armini,530,State Representative,Eighth Essex
Lynn,4,4,All Others,16,State Representative,Eighth Essex
Lynn,4,4,Blanks,163,State Representative,Eighth Essex
Lynn,4,4,Total Votes Cast,709,State Representative,Eighth Essex
Lynn,5,1,Peter L. Capano,659,State Representative,Eleventh Essex
Lynn,5,1,All Others,20,State Representative,Eleventh Essex
Lynn,5,1,Blanks,181,State Representative,Eleventh Essex
Lynn,5,1,Total Votes Cast,860,State Representative,Eleventh Essex
Lynn,5,2,Peter L. Capano,279,State Representative,Eleventh Essex
Lynn,5,2,All Others,12,State Representative,Eleventh Essex
Lynn,5,2,Blanks,61,State Representative,Eleventh Essex
Lynn,5,2,Total Votes Cast,352,State Representative,Eleventh Essex
Lynn,5,3,Daniel H. Cahill,209,State Representative,Tenth Essex
Lynn,5,3,All Others,9,State Representative,Tenth Essex
Lynn,5,3,Blanks,60,State Representative,Tenth Essex
Lynn,5,3,Total Votes Cast,278,State Representative,Tenth Essex
Lynn,5,4,Peter L. Capano,549,State Representative,Eleventh Essex
Lynn,5,4,All Others,16,State Representative,Eleventh Essex
Lynn,5,4,Blanks,140,State Representative,Eleventh Essex
Lynn,5,4,Total Votes Cast,705,State Representative,Eleventh Essex
Lynn,6,1,Peter L. Capano,369,State Representative,Eleventh Essex
Lynn,6,1,All Others,11,State Representative,Eleventh Essex
Lynn,6,1,Blanks,85,State Representative,Eleventh Essex
Lynn,6,1,Total Votes Cast,465,State Representative,Eleventh Essex
Lynn,6,2,Peter L. Capano,217,State Representative,Eleventh Essex
Lynn,6,2,All Others,12,State Representative,Eleventh Essex
Lynn,6,2,Blanks,37,State Representative,Eleventh Essex
Lynn,6,2,Total Votes Cast,266,State Representative,Eleventh Essex
Lynn,6,3,Peter L. Capano,286,State Representative,Eleventh Essex
Lynn,6,3,All Others,10,State Representative,Eleventh Essex
Lynn,6,3,Blanks,59,State Representative,Eleventh Essex
Lynn,6,3,Total Votes Cast,355,State Representative,Eleventh Essex
Lynn,6,4,Peter L. Capano,494,State Representative,Eleventh Essex
Lynn,6,4,All Others,13,State Representative,Eleventh Essex
Lynn,6,4,Blanks,140,State Representative,Eleventh Essex
Lynn,6,4,Total Votes Cast,647,State Representative,Eleventh Essex
Lynn,7,1,Peter L. Capano,774,State Representative,Eleventh Essex
Lynn,7,1,All Others,16,State Representative,Eleventh Essex
Lynn,7,1,Blanks,263,State Representative,Eleventh Essex
Lynn,7,1,Total Votes Cast,1053,State Representative,Eleventh Essex
Lynn,7,2,Peter L. Capano,735,State Representative,Eleventh Essex
Lynn,7,2,All Others,27,State Representative,Eleventh Essex
Lynn,7,2,Blanks,220,State Representative,Eleventh Essex
Lynn,7,2,Total Votes Cast,982,State Representative,Eleventh Essex
Lynn,7,3,Peter L. Capano,411,State Representative,Eleventh Essex
Lynn,7,3,All Others,10,State Representative,Eleventh Essex
Lynn,7,3,Blanks,128,State Representative,Eleventh Essex
Lynn,7,3,Total Votes Cast,549,State Representative,Eleventh Essex
Lynn,7,4,Peter L. Capano,512,State Representative,Eleventh Essex
Lynn,7,4,All Others,15,State Representative,Eleventh Essex
Lynn,7,4,Blanks,125,State Representative,Eleventh Essex
Lynn,7,4,Total Votes Cast,652,State Representative,Eleventh Essex
Lynnfield,-,1,"Bradley H. Jones, Jr",1151,State Representative,Twentieth Middlesex
Lynnfield,-,1,All Others,7,State Representative,Twentieth Middlesex
Lynnfield,-,1,Blanks,337,State Representative,Twentieth Middlesex
Lynnfield,-,1,Total Votes Cast,1495,State Representative,Twentieth Middlesex
Lynnfield,-,2,"Bradley H. Jones, Jr",1102,State Representative,Twentieth Middlesex
Lynnfield,-,2,All Others,8,State Representative,Twentieth Middlesex
Lynnfield,-,2,Blanks,371,State Representative,Twentieth Middlesex
Lynnfield,-,2,Total Votes Cast,1481,State Representative,Twentieth Middlesex
Lynnfield,-,3,"Bradley H. Jones, Jr",1087,State Representative,Twentieth Middlesex
Lynnfield,-,3,All Others,3,State Representative,Twentieth Middlesex
Lynnfield,-,3,Blanks,357,State Representative,Twentieth Middlesex
Lynnfield,-,3,Total Votes Cast,1447,State Representative,Twentieth Middlesex
Lynnfield,-,4,"Bradley H. Jones, Jr",1269,State Representative,Twentieth Middlesex
Lynnfield,-,4,All Others,6,State Representative,Twentieth Middlesex
Lynnfield,-,4,Blanks,318,State Representative,Twentieth Middlesex
Lynnfield,-,4,Total Votes Cast,1593,State Representative,Twentieth Middlesex
Malden,1,1,"Paul J. Donato, Sr.",393,State Representative,Thirty-Fifth Middlesex
Malden,1,1,All Others,3,State Representative,Thirty-Fifth Middlesex
Malden,1,1,Blanks,62,State Representative,Thirty-Fifth Middlesex
Malden,1,1,Total Votes Cast,458,State Representative,Thirty-Fifth Middlesex
Malden,1,2,"Paul J. Donato, Sr.",451,State Representative,Thirty-Fifth Middlesex
Malden,1,2,All Others,22,State Representative,Thirty-Fifth Middlesex
Malden,1,2,Blanks,126,State Representative,Thirty-Fifth Middlesex
Malden,1,2,Total Votes Cast,599,State Representative,Thirty-Fifth Middlesex
Malden,1,3,"Paul J. Donato, Sr.",492,State Representative,Thirty-Fifth Middlesex
Malden,1,3,All Others,22,State Representative,Thirty-Fifth Middlesex
Malden,1,3,Blanks,121,State Representative,Thirty-Fifth Middlesex
Malden,1,3,Total Votes Cast,635,State Representative,Thirty-Fifth Middlesex
Malden,2,1,Steven Ultrino,395,State Representative,Thirty-Third Middlesex
Malden,2,1,All Others,13,State Representative,Thirty-Third Middlesex
Malden,2,1,Blanks,74,State Representative,Thirty-Third Middlesex
Malden,2,1,Total Votes Cast,482,State Representative,Thirty-Third Middlesex
Malden,2,2,Steven Ultrino,414,State Representative,Thirty-Third Middlesex
Malden,2,2,All Others,17,State Representative,Thirty-Third Middlesex
Malden,2,2,Blanks,123,State Representative,Thirty-Third Middlesex
Malden,2,2,Total Votes Cast,554,State Representative,Thirty-Third Middlesex
Malden,2,3,Steven Ultrino,550,State Representative,Thirty-Third Middlesex
Malden,2,3,All Others,11,State Representative,Thirty-Third Middlesex
Malden,2,3,Blanks,142,State Representative,Thirty-Third Middlesex
Malden,2,3,Total Votes Cast,703,State Representative,Thirty-Third Middlesex
Malden,3,1,Steven Ultrino,336,State Representative,Thirty-Third Middlesex
Malden,3,1,All Others,6,State Representative,Thirty-Third Middlesex
Malden,3,1,Blanks,121,State Representative,Thirty-Third Middlesex
Malden,3,1,Total Votes Cast,463,State Representative,Thirty-Third Middlesex
Malden,3,1A,"Paul J. Donato, Sr.",424,State Representative,Thirty-Fifth Middlesex
Malden,3,1A,All Others,14,State Representative,Thirty-Fifth Middlesex
Malden,3,1A,Blanks,126,State Representative,Thirty-Fifth Middlesex
Malden,3,1A,Total Votes Cast,564,State Representative,Thirty-Fifth Middlesex
Malden,3,2,Steven Ultrino,527,State Representative,Thirty-Third Middlesex
Malden,3,2,All Others,8,State Representative,Thirty-Third Middlesex
Malden,3,2,Blanks,127,State Representative,Thirty-Third Middlesex
Malden,3,2,Total Votes Cast,662,State Representative,Thirty-Third Middlesex
Malden,3,3,"Paul J. Donato, Sr.",655,State Representative,Thirty-Fifth Middlesex
Malden,3,3,All Others,27,State Representative,Thirty-Fifth Middlesex
Malden,3,3,Blanks,210,State Representative,Thirty-Fifth Middlesex
Malden,3,3,Total Votes Cast,892,State Representative,Thirty-Fifth Middlesex
Malden,4,1,Steven Ultrino,458,State Representative,Thirty-Third Middlesex
Malden,4,1,All Others,8,State Representative,Thirty-Third Middlesex
Malden,4,1,Blanks,88,State Representative,Thirty-Third Middlesex
Malden,4,1,Total Votes Cast,554,State Representative,Thirty-Third Middlesex
Malden,4,2,Steven Ultrino,296,State Representative,Thirty-Third Middlesex
Malden,4,2,All Others,5,State Representative,Thirty-Third Middlesex
Malden,4,2,Blanks,81,State Representative,Thirty-Third Middlesex
Malden,4,2,Total Votes Cast,382,State Representative,Thirty-Third Middlesex
Malden,4,3,Steven Ultrino,453,State Representative,Thirty-Third Middlesex
Malden,4,3,All Others,11,State Representative,Thirty-Third Middlesex
Malden,4,3,Blanks,78,State Representative,Thirty-Third Middlesex
Malden,4,3,Total Votes Cast,542,State Representative,Thirty-Third Middlesex
Malden,5,1,Steven Ultrino,504,State Representative,Thirty-Third Middlesex
Malden,5,1,All Others,13,State Representative,Thirty-Third Middlesex
Malden,5,1,Blanks,126,State Representative,Thirty-Third Middlesex
Malden,5,1,Total Votes Cast,643,State Representative,Thirty-Third Middlesex
Malden,5,2,Kate Lipper-Garabedian,744,State Representative,Thirty-Second Middlesex
Malden,5,2,All Others,14,State Representative,Thirty-Second Middlesex
Malden,5,2,Blanks,250,State Representative,Thirty-Second Middlesex
Malden,5,2,Total Votes Cast,1008,State Representative,Thirty-Second Middlesex
Malden,5,3,Steven Ultrino,285,State Representative,Thirty-Third Middlesex
Malden,5,3,All Others,27,State Representative,Thirty-Third Middlesex
Malden,5,3,Blanks,61,State Representative,Thirty-Third Middlesex
Malden,5,3,Total Votes Cast,373,State Representative,Thirty-Third Middlesex
Malden,5,3A,Kate Lipper-Garabedian,143,State Representative,Thirty-Second Middlesex
Malden,5,3A,All Others,0,State Representative,Thirty-Second Middlesex
Malden,5,3A,Blanks,20,State Representative,Thirty-Second Middlesex
Malden,5,3A,Total Votes Cast,163,State Representative,Thirty-Second Middlesex
Malden,6,1,Steven Ultrino,722,State Representative,Thirty-Third Middlesex
Malden,6,1,All Others,27,State Representative,Thirty-Third Middlesex
Malden,6,1,Blanks,190,State Representative,Thirty-Third Middlesex
Malden,6,1,Total Votes Cast,939,State Representative,Thirty-Third Middlesex
Malden,6,2,Steven Ultrino,442,State Representative,Thirty-Third Middlesex
Malden,6,2,All Others,12,State Representative,Thirty-Third Middlesex
Malden,6,2,Blanks,134,State Representative,Thirty-Third Middlesex
Malden,6,2,Total Votes Cast,588,State Representative,Thirty-Third Middlesex
Malden,6,3,Steven Ultrino,479,State Representative,Thirty-Third Middlesex
Malden,6,3,All Others,16,State Representative,Thirty-Third Middlesex
Malden,6,3,Blanks,144,State Representative,Thirty-Third Middlesex
Malden,6,3,Total Votes Cast,639,State Representative,Thirty-Third Middlesex
Malden,7,1,"Paul J. Donato, Sr.",386,State Representative,Thirty-Fifth Middlesex
Malden,7,1,All Others,12,State Representative,Thirty-Fifth Middlesex
Malden,7,1,Blanks,81,State Representative,Thirty-Fifth Middlesex
Malden,7,1,Total Votes Cast,479,State Representative,Thirty-Fifth Middlesex
Malden,7,2,Steven Ultrino,371,State Representative,Thirty-Third Middlesex
Malden,7,2,All Others,7,State Representative,Thirty-Third Middlesex
Malden,7,2,Blanks,102,State Representative,Thirty-Third Middlesex
Malden,7,2,Total Votes Cast,480,State Representative,Thirty-Third Middlesex
Malden,7,3,Steven Ultrino,246,State Representative,Thirty-Third Middlesex
Malden,7,3,All Others,4,State Representative,Thirty-Third Middlesex
Malden,7,3,Blanks,70,State Representative,Thirty-Third Middlesex
Malden,7,3,Total Votes Cast,320,State Representative,Thirty-Third Middlesex
Malden,7,3A,"Paul J. Donato, Sr.",175,State Representative,Thirty-Fifth Middlesex
Malden,7,3A,All Others,12,State Representative,Thirty-Fifth Middlesex
Malden,7,3A,Blanks,33,State Representative,Thirty-Fifth Middlesex
Malden,7,3A,Total Votes Cast,220,State Representative,Thirty-Fifth Middlesex
Malden,8,1,Steven Ultrino,560,State Representative,Thirty-Third Middlesex
Malden,8,1,All Others,14,State Representative,Thirty-Third Middlesex
Malden,8,1,Blanks,162,State Representative,Thirty-Third Middlesex
Malden,8,1,Total Votes Cast,736,State Representative,Thirty-Third Middlesex
Malden,8,2,Steven Ultrino,444,State Representative,Thirty-Third Middlesex
Malden,8,2,All Others,12,State Representative,Thirty-Third Middlesex
Malden,8,2,Blanks,106,State Representative,Thirty-Third Middlesex
Malden,8,2,Total Votes Cast,562,State Representative,Thirty-Third Middlesex
Malden,8,3,Steven Ultrino,335,State Representative,Thirty-Third Middlesex
Malden,8,3,All Others,5,State Representative,Thirty-Third Middlesex
Malden,8,3,Blanks,98,State Representative,Thirty-Third Middlesex
Malden,8,3,Total Votes Cast,438,State Representative,Thirty-Third Middlesex
Manchester-by-the-Sea,,,Ann-Margaret Ferrante,1865,State Representative,Fifth Essex
Manchester-by-the-Sea,,,Ashley Sullivan,917,State Representative,Fifth Essex
Manchester-by-the-Sea,,,All Others,1,State Representative,Fifth Essex
Manchester-by-the-Sea,,,Blanks,124,State Representative,Fifth Essex
Manchester-by-the-Sea,,,Total Votes Cast,2907,State Representative,Fifth Essex
Mansfield,-,1,Adam J. Scanlon,1027,State Representative,Fourteenth Bristol
Mansfield,-,1,All Others,20,State Representative,Fourteenth Bristol
Mansfield,-,1,Blanks,524,State Representative,Fourteenth Bristol
Mansfield,-,1,Total Votes Cast,1571,State Representative,Fourteenth Bristol
Mansfield,-,2,Fred Jay Barrows,558,State Representative,First Bristol
Mansfield,-,2,Brendan A. Roche,453,State Representative,First Bristol
Mansfield,-,2,All Others,0,State Representative,First Bristol
Mansfield,-,2,Blanks,25,State Representative,First Bristol
Mansfield,-,2,Total Votes Cast,1036,State Representative,First Bristol
Mansfield,-,2A,Adam J. Scanlon,308,State Representative,Fourteenth Bristol
Mansfield,-,2A,All Others,1,State Representative,Fourteenth Bristol
Mansfield,-,2A,Blanks,133,State Representative,Fourteenth Bristol
Mansfield,-,2A,Total Votes Cast,442,State Representative,Fourteenth Bristol
Mansfield,-,3,Fred Jay Barrows,1012,State Representative,First Bristol
Mansfield,-,3,Brendan A. Roche,709,State Representative,First Bristol
Mansfield,-,3,All Others,2,State Representative,First Bristol
Mansfield,-,3,Blanks,83,State Representative,First Bristol
Mansfield,-,3,Total Votes Cast,1806,State Representative,First Bristol
Mansfield,-,4,Ted Philips,819,State Representative,Eighth Norfolk
Mansfield,-,4,Howard L. Terban,497,State Representative,Eighth Norfolk
Mansfield,-,4,All Others,0,State Representative,Eighth Norfolk
Mansfield,-,4,Blanks,104,State Representative,Eighth Norfolk
Mansfield,-,4,Total Votes Cast,1420,State Representative,Eighth Norfolk
Mansfield,-,5,Adam J. Scanlon,955,State Representative,Fourteenth Bristol
Mansfield,-,5,All Others,0,State Representative,Fourteenth Bristol
Mansfield,-,5,Blanks,358,State Representative,Fourteenth Bristol
Mansfield,-,5,Total Votes Cast,1313,State Representative,Fourteenth Bristol
Mansfield,-,6,Fred Jay Barrows,441,State Representative,First Bristol
Mansfield,-,6,Brendan A. Roche,486,State Representative,First Bristol
Mansfield,-,6,All Others,2,State Representative,First Bristol
Mansfield,-,6,Blanks,31,State Representative,First Bristol
Mansfield,-,6,Total Votes Cast,960,State Representative,First Bristol
Mansfield,-,6A,Ted Philips,136,State Representative,Eighth Norfolk
Mansfield,-,6A,Howard L. Terban,77,State Representative,Eighth Norfolk
Mansfield,-,6A,All Others,0,State Representative,Eighth Norfolk
Mansfield,-,6A,Blanks,17,State Representative,Eighth Norfolk
Mansfield,-,6A,Total Votes Cast,230,State Representative,Eighth Norfolk
Mansfield,-,7,Fred Jay Barrows,718,State Representative,First Bristol
Mansfield,-,7,Brendan A. Roche,694,State Representative,First Bristol
Mansfield,-,7,All Others,2,State Representative,First Bristol
Mansfield,-,7,Blanks,40,State Representative,First Bristol
Mansfield,-,7,Total Votes Cast,1454,State Representative,First Bristol
Marblehead,-,1,Jennifer Wb Armini,1398,State Representative,Eighth Essex
Marblehead,-,1,All Others,8,State Representative,Eighth Essex
Marblehead,-,1,Blanks,494,State Representative,Eighth Essex
Marblehead,-,1,Total Votes Cast,1900,State Representative,Eighth Essex
Marblehead,-,2,Jennifer Wb Armini,1352,State Representative,Eighth Essex
Marblehead,-,2,All Others,6,State Representative,Eighth Essex
Marblehead,-,2,Blanks,422,State Representative,Eighth Essex
Marblehead,-,2,Total Votes Cast,1780,State Representative,Eighth Essex
Marblehead,-,3,Jennifer Wb Armini,1181,State Representative,Eighth Essex
Marblehead,-,3,All Others,11,State Representative,Eighth Essex
Marblehead,-,3,Blanks,432,State Representative,Eighth Essex
Marblehead,-,3,Total Votes Cast,1624,State Representative,Eighth Essex
Marblehead,-,4,Jennifer Wb Armini,1291,State Representative,Eighth Essex
Marblehead,-,4,All Others,8,State Representative,Eighth Essex
Marblehead,-,4,Blanks,533,State Representative,Eighth Essex
Marblehead,-,4,Total Votes Cast,1832,State Representative,Eighth Essex
Marblehead,-,5,Jennifer Wb Armini,1227,State Representative,Eighth Essex
Marblehead,-,5,All Others,13,State Representative,Eighth Essex
Marblehead,-,5,Blanks,441,State Representative,Eighth Essex
Marblehead,-,5,Total Votes Cast,1681,State Representative,Eighth Essex
Marblehead,-,6,Jennifer Wb Armini,1323,State Representative,Eighth Essex
Marblehead,-,6,All Others,16,State Representative,Eighth Essex
Marblehead,-,6,Blanks,480,State Representative,Eighth Essex
Marblehead,-,6,Total Votes Cast,1819,State Representative,Eighth Essex
Marion,,,William M. Straus,1737,State Representative,Tenth Bristol
Marion,,,Jeffrey Gerald Swift,996,State Representative,Tenth Bristol
Marion,,,All Others,0,State Representative,Tenth Bristol
Marion,,,Blanks,80,State Representative,Tenth Bristol
Marion,,,Total Votes Cast,2813,State Representative,Tenth Bristol
Marlborough,1,1,Carmine Lawrence Gentile,618,State Representative,Thirteenth Middlesex
Marlborough,1,1,All Others,8,State Representative,Thirteenth Middlesex
Marlborough,1,1,Blanks,235,State Representative,Thirteenth Middlesex
Marlborough,1,1,Total Votes Cast,861,State Representative,Thirteenth Middlesex
Marlborough,1,1A,Danielle W. Gregoire,20,State Representative,Fourth Middlesex
Marlborough,1,1A,All Others,0,State Representative,Fourth Middlesex
Marlborough,1,1A,Blanks,6,State Representative,Fourth Middlesex
Marlborough,1,1A,Total Votes Cast,26,State Representative,Fourth Middlesex
Marlborough,1,2,Carmine Lawrence Gentile,996,State Representative,Thirteenth Middlesex
Marlborough,1,2,All Others,14,State Representative,Thirteenth Middlesex
Marlborough,1,2,Blanks,387,State Representative,Thirteenth Middlesex
Marlborough,1,2,Total Votes Cast,1397,State Representative,Thirteenth Middlesex
Marlborough,2,1,Danielle W. Gregoire,802,State Representative,Fourth Middlesex
Marlborough,2,1,All Others,5,State Representative,Fourth Middlesex
Marlborough,2,1,Blanks,334,State Representative,Fourth Middlesex
Marlborough,2,1,Total Votes Cast,1141,State Representative,Fourth Middlesex
Marlborough,2,2,Danielle W. Gregoire,635,State Representative,Fourth Middlesex
Marlborough,2,2,All Others,9,State Representative,Fourth Middlesex
Marlborough,2,2,Blanks,193,State Representative,Fourth Middlesex
Marlborough,2,2,Total Votes Cast,837,State Representative,Fourth Middlesex
Marlborough,2,2A,Carmine Lawrence Gentile,6,State Representative,Thirteenth Middlesex
Marlborough,2,2A,All Others,3,State Representative,Thirteenth Middlesex
Marlborough,2,2A,Blanks,0,State Representative,Thirteenth Middlesex
Marlborough,2,2A,Total Votes Cast,9,State Representative,Thirteenth Middlesex
Marlborough,3,1,Danielle W. Gregoire,457,State Representative,Fourth Middlesex
Marlborough,3,1,All Others,12,State Representative,Fourth Middlesex
Marlborough,3,1,Blanks,138,State Representative,Fourth Middlesex
Marlborough,3,1,Total Votes Cast,607,State Representative,Fourth Middlesex
Marlborough,3,2,Danielle W. Gregoire,919,State Representative,Fourth Middlesex
Marlborough,3,2,All Others,6,State Representative,Fourth Middlesex
Marlborough,3,2,Blanks,271,State Representative,Fourth Middlesex
Marlborough,3,2,Total Votes Cast,1196,State Representative,Fourth Middlesex
Marlborough,4,1,Danielle W. Gregoire,382,State Representative,Fourth Middlesex
Marlborough,4,1,All Others,4,State Representative,Fourth Middlesex
Marlborough,4,1,Blanks,130,State Representative,Fourth Middlesex
Marlborough,4,1,Total Votes Cast,516,State Representative,Fourth Middlesex
Marlborough,4,2,Danielle W. Gregoire,909,State Representative,Fourth Middlesex
Marlborough,4,2,All Others,18,State Representative,Fourth Middlesex
Marlborough,4,2,Blanks,356,State Representative,Fourth Middlesex
Marlborough,4,2,Total Votes Cast,1283,State Representative,Fourth Middlesex
Marlborough,5,1,Danielle W. Gregoire,447,State Representative,Fourth Middlesex
Marlborough,5,1,All Others,8,State Representative,Fourth Middlesex
Marlborough,5,1,Blanks,145,State Representative,Fourth Middlesex
Marlborough,5,1,Total Votes Cast,600,State Representative,Fourth Middlesex
Marlborough,5,2,Danielle W. Gregoire,775,State Representative,Fourth Middlesex
Marlborough,5,2,All Others,4,State Representative,Fourth Middlesex
Marlborough,5,2,Blanks,253,State Representative,Fourth Middlesex
Marlborough,5,2,Total Votes Cast,1032,State Representative,Fourth Middlesex
Marlborough,6,1,Danielle W. Gregoire,467,State Representative,Fourth Middlesex
Marlborough,6,1,All Others,4,State Representative,Fourth Middlesex
Marlborough,6,1,Blanks,190,State Representative,Fourth Middlesex
Marlborough,6,1,Total Votes Cast,661,State Representative,Fourth Middlesex
Marlborough,6,2,Danielle W. Gregoire,912,State Representative,Fourth Middlesex
Marlborough,6,2,All Others,7,State Representative,Fourth Middlesex
Marlborough,6,2,Blanks,395,State Representative,Fourth Middlesex
Marlborough,6,2,Total Votes Cast,1314,State Representative,Fourth Middlesex
Marlborough,7,1,Danielle W. Gregoire,618,State Representative,Fourth Middlesex
Marlborough,7,1,All Others,5,State Representative,Fourth Middlesex
Marlborough,7,1,Blanks,247,State Representative,Fourth Middlesex
Marlborough,7,1,Total Votes Cast,870,State Representative,Fourth Middlesex
Marlborough,7,2,Danielle W. Gregoire,631,State Representative,Fourth Middlesex
Marlborough,7,2,All Others,10,State Representative,Fourth Middlesex
Marlborough,7,2,Blanks,271,State Representative,Fourth Middlesex
Marlborough,7,2,Total Votes Cast,912,State Representative,Fourth Middlesex
Marlborough,7,2A,Carmine Lawrence Gentile,24,State Representative,Thirteenth Middlesex
Marlborough,7,2A,All Others,1,State Representative,Thirteenth Middlesex
Marlborough,7,2A,Blanks,11,State Representative,Thirteenth Middlesex
Marlborough,7,2A,Total Votes Cast,36,State Representative,Thirteenth Middlesex
Marshfield,-,1,Patrick Joseph Kearney,1413,State Representative,Fourth Plymouth
Marshfield,-,1,All Others,0,State Representative,Fourth Plymouth
Marshfield,-,1,Blanks,527,State Representative,Fourth Plymouth
Marshfield,-,1,Total Votes Cast,1940,State Representative,Fourth Plymouth
Marshfield,-,2,Patrick Joseph Kearney,1177,State Representative,Fourth Plymouth
Marshfield,-,2,All Others,0,State Representative,Fourth Plymouth
Marshfield,-,2,Blanks,467,State Representative,Fourth Plymouth
Marshfield,-,2,Total Votes Cast,1644,State Representative,Fourth Plymouth
Marshfield,-,2A,Josh S. Cutler,150,State Representative,Sixth Plymouth
Marshfield,-,2A,Kenneth Sweezey,65,State Representative,Sixth Plymouth
Marshfield,-,2A,All Others,0,State Representative,Sixth Plymouth
Marshfield,-,2A,Blanks,4,State Representative,Sixth Plymouth
Marshfield,-,2A,Total Votes Cast,219,State Representative,Sixth Plymouth
Marshfield,-,3,Patrick Joseph Kearney,1386,State Representative,Fourth Plymouth
Marshfield,-,3,All Others,0,State Representative,Fourth Plymouth
Marshfield,-,3,Blanks,516,State Representative,Fourth Plymouth
Marshfield,-,3,Total Votes Cast,1902,State Representative,Fourth Plymouth
Marshfield,-,4,Josh S. Cutler,842,State Representative,Sixth Plymouth
Marshfield,-,4,Kenneth Sweezey,708,State Representative,Sixth Plymouth
Marshfield,-,4,All Others,0,State Representative,Sixth Plymouth
Marshfield,-,4,Blanks,53,State Representative,Sixth Plymouth
Marshfield,-,4,Total Votes Cast,1603,State Representative,Sixth Plymouth
Marshfield,-,5,Patrick Joseph Kearney,1169,State Representative,Fourth Plymouth
Marshfield,-,5,All Others,0,State Representative,Fourth Plymouth
Marshfield,-,5,Blanks,477,State Representative,Fourth Plymouth
Marshfield,-,5,Total Votes Cast,1646,State Representative,Fourth Plymouth
Marshfield,-,6,Patrick Joseph Kearney,1615,State Representative,Fourth Plymouth
Marshfield,-,6,All Others,0,State Representative,Fourth Plymouth
Marshfield,-,6,Blanks,633,State Representative,Fourth Plymouth
Marshfield,-,6,Total Votes Cast,2248,State Representative,Fourth Plymouth
Marshfield,-,7,Patrick Joseph Kearney,1405,State Representative,Fourth Plymouth
Marshfield,-,7,All Others,0,State Representative,Fourth Plymouth
Marshfield,-,7,Blanks,558,State Representative,Fourth Plymouth
Marshfield,-,7,Total Votes Cast,1963,State Representative,Fourth Plymouth
Mashpee,-,1,David T. Vieira,832,State Representative,Third Barnstable
Mashpee,-,1,Kathleen Fox Alfano,827,State Representative,Third Barnstable
Mashpee,-,1,All Others,0,State Representative,Third Barnstable
Mashpee,-,1,Blanks,48,State Representative,Third Barnstable
Mashpee,-,1,Total Votes Cast,1707,State Representative,Third Barnstable
Mashpee,-,2,David T. Vieira,766,State Representative,Third Barnstable
Mashpee,-,2,Kathleen Fox Alfano,589,State Representative,Third Barnstable
Mashpee,-,2,All Others,0,State Representative,Third Barnstable
Mashpee,-,2,Blanks,43,State Representative,Third Barnstable
Mashpee,-,2,Total Votes Cast,1398,State Representative,Third Barnstable
Mashpee,-,3,David T. Vieira,747,State Representative,Third Barnstable
Mashpee,-,3,Kathleen Fox Alfano,570,State Representative,Third Barnstable
Mashpee,-,3,All Others,0,State Representative,Third Barnstable
Mashpee,-,3,Blanks,27,State Representative,Third Barnstable
Mashpee,-,3,Total Votes Cast,1344,State Representative,Third Barnstable
Mashpee,-,4,David T. Vieira,684,State Representative,Third Barnstable
Mashpee,-,4,Kathleen Fox Alfano,658,State Representative,Third Barnstable
Mashpee,-,4,All Others,0,State Representative,Third Barnstable
Mashpee,-,4,Blanks,34,State Representative,Third Barnstable
Mashpee,-,4,Total Votes Cast,1376,State Representative,Third Barnstable
Mashpee,-,5,David T. Vieira,1216,State Representative,Third Barnstable
Mashpee,-,5,Kathleen Fox Alfano,924,State Representative,Third Barnstable
Mashpee,-,5,All Others,1,State Representative,Third Barnstable
Mashpee,-,5,Blanks,74,State Representative,Third Barnstable
Mashpee,-,5,Total Votes Cast,2215,State Representative,Third Barnstable
Mattapoisett,-,1,William M. Straus,1048,State Representative,Tenth Bristol
Mattapoisett,-,1,Jeffrey Gerald Swift,808,State Representative,Tenth Bristol
Mattapoisett,-,1,All Others,2,State Representative,Tenth Bristol
Mattapoisett,-,1,Blanks,37,State Representative,Tenth Bristol
Mattapoisett,-,1,Total Votes Cast,1895,State Representative,Tenth Bristol
Mattapoisett,-,2,William M. Straus,1104,State Representative,Tenth Bristol
Mattapoisett,-,2,Jeffrey Gerald Swift,749,State Representative,Tenth Bristol
Mattapoisett,-,2,All Others,1,State Representative,Tenth Bristol
Mattapoisett,-,2,Blanks,36,State Representative,Tenth Bristol
Mattapoisett,-,2,Total Votes Cast,1890,State Representative,Tenth Bristol
Maynard,-,1,Kate Hogan,1108,State Representative,Third Middlesex
Maynard,-,1,All Others,20,State Representative,Third Middlesex
Maynard,-,1,Blanks,219,State Representative,Third Middlesex
Maynard,-,1,Total Votes Cast,1347,State Representative,Third Middlesex
Maynard,-,2,Kate Hogan,932,State Representative,Third Middlesex
Maynard,-,2,All Others,15,State Representative,Third Middlesex
Maynard,-,2,Blanks,185,State Representative,Third Middlesex
Maynard,-,2,Total Votes Cast,1132,State Representative,Third Middlesex
Maynard,-,3,Kate Hogan,1277,State Representative,Third Middlesex
Maynard,-,3,All Others,29,State Representative,Third Middlesex
Maynard,-,3,Blanks,267,State Representative,Third Middlesex
Maynard,-,3,Total Votes Cast,1573,State Representative,Third Middlesex
Maynard,-,4,Kate Hogan,908,State Representative,Third Middlesex
Maynard,-,4,All Others,46,State Representative,Third Middlesex
Maynard,-,4,Blanks,176,State Representative,Third Middlesex
Maynard,-,4,Total Votes Cast,1130,State Representative,Third Middlesex
Medfield,-,1,Denise C. Garlick,1272,State Representative,Thirteenth Norfolk
Medfield,-,1,All Others,25,State Representative,Thirteenth Norfolk
Medfield,-,1,Blanks,360,State Representative,Thirteenth Norfolk
Medfield,-,1,Total Votes Cast,1657,State Representative,Thirteenth Norfolk
Medfield,-,2,Denise C. Garlick,1133,State Representative,Thirteenth Norfolk
Medfield,-,2,All Others,36,State Representative,Thirteenth Norfolk
Medfield,-,2,Blanks,354,State Representative,Thirteenth Norfolk
Medfield,-,2,Total Votes Cast,1523,State Representative,Thirteenth Norfolk
Medfield,-,3,Marcus S. Vaughn,674,State Representative,Ninth Norfolk
Medfield,-,3,Kevin Kalkut,894,State Representative,Ninth Norfolk
Medfield,-,3,All Others,0,State Representative,Ninth Norfolk
Medfield,-,3,Blanks,59,State Representative,Ninth Norfolk
Medfield,-,3,Total Votes Cast,1627,State Representative,Ninth Norfolk
Medfield,-,4,Marcus S. Vaughn,618,State Representative,Ninth Norfolk
Medfield,-,4,Kevin Kalkut,850,State Representative,Ninth Norfolk
Medfield,-,4,All Others,1,State Representative,Ninth Norfolk
Medfield,-,4,Blanks,77,State Representative,Ninth Norfolk
Medfield,-,4,Total Votes Cast,1546,State Representative,Ninth Norfolk
Medford,1,1,"Paul J. Donato, Sr.",992,State Representative,Thirty-Fifth Middlesex
Medford,1,1,All Others,0,State Representative,Thirty-Fifth Middlesex
Medford,1,1,Blanks,276,State Representative,Thirty-Fifth Middlesex
Medford,1,1,Total Votes Cast,1268,State Representative,Thirty-Fifth Middlesex
Medford,1,2,"Paul J. Donato, Sr.",1113,State Representative,Thirty-Fifth Middlesex
Medford,1,2,All Others,0,State Representative,Thirty-Fifth Middlesex
Medford,1,2,Blanks,314,State Representative,Thirty-Fifth Middlesex
Medford,1,2,Total Votes Cast,1427,State Representative,Thirty-Fifth Middlesex
Medford,2,1,"Paul J. Donato, Sr.",950,State Representative,Thirty-Fifth Middlesex
Medford,2,1,All Others,0,State Representative,Thirty-Fifth Middlesex
Medford,2,1,Blanks,317,State Representative,Thirty-Fifth Middlesex
Medford,2,1,Total Votes Cast,1267,State Representative,Thirty-Fifth Middlesex
Medford,2,2,"Paul J. Donato, Sr.",1371,State Representative,Thirty-Fifth Middlesex
Medford,2,2,All Others,0,State Representative,Thirty-Fifth Middlesex
Medford,2,2,Blanks,475,State Representative,Thirty-Fifth Middlesex
Medford,2,2,Total Votes Cast,1846,State Representative,Thirty-Fifth Middlesex
Medford,3,1,"Paul J. Donato, Sr.",1232,State Representative,Thirty-Fifth Middlesex
Medford,3,1,All Others,0,State Representative,Thirty-Fifth Middlesex
Medford,3,1,Blanks,512,State Representative,Thirty-Fifth Middlesex
Medford,3,1,Total Votes Cast,1744,State Representative,Thirty-Fifth Middlesex
Medford,3,2,Sean Garballey,1368,State Representative,Twenty-Third Middlesex
Medford,3,2,All Others,0,State Representative,Twenty-Third Middlesex
Medford,3,2,Blanks,587,State Representative,Twenty-Third Middlesex
Medford,3,2,Total Votes Cast,1955,State Representative,Twenty-Third Middlesex
Medford,4,1,Christine P. Barber,528,State Representative,Thirty-Fourth Middlesex
Medford,4,1,All Others,0,State Representative,Thirty-Fourth Middlesex
Medford,4,1,Blanks,138,State Representative,Thirty-Fourth Middlesex
Medford,4,1,Total Votes Cast,666,State Representative,Thirty-Fourth Middlesex
Medford,4,2,Christine P. Barber,1131,State Representative,Thirty-Fourth Middlesex
Medford,4,2,All Others,0,State Representative,Thirty-Fourth Middlesex
Medford,4,2,Blanks,367,State Representative,Thirty-Fourth Middlesex
Medford,4,2,Total Votes Cast,1498,State Representative,Thirty-Fourth Middlesex
Medford,5,1,Christine P. Barber,1026,State Representative,Thirty-Fourth Middlesex
Medford,5,1,All Others,0,State Representative,Thirty-Fourth Middlesex
Medford,5,1,Blanks,257,State Representative,Thirty-Fourth Middlesex
Medford,5,1,Total Votes Cast,1283,State Representative,Thirty-Fourth Middlesex
Medford,5,2,Christine P. Barber,999,State Representative,Thirty-Fourth Middlesex
Medford,5,2,All Others,0,State Representative,Thirty-Fourth Middlesex
Medford,5,2,Blanks,200,State Representative,Thirty-Fourth Middlesex
Medford,5,2,Total Votes Cast,1199,State Representative,Thirty-Fourth Middlesex
Medford,6,1,Sean Garballey,1360,State Representative,Twenty-Third Middlesex
Medford,6,1,All Others,0,State Representative,Twenty-Third Middlesex
Medford,6,1,Blanks,360,State Representative,Twenty-Third Middlesex
Medford,6,1,Total Votes Cast,1720,State Representative,Twenty-Third Middlesex
Medford,6,2,Sean Garballey,1159,State Representative,Twenty-Third Middlesex
Medford,6,2,All Others,0,State Representative,Twenty-Third Middlesex
Medford,6,2,Blanks,420,State Representative,Twenty-Third Middlesex
Medford,6,2,Total Votes Cast,1579,State Representative,Twenty-Third Middlesex
Medford,6,2A,"Paul J. Donato, Sr.",53,State Representative,Thirty-Fifth Middlesex
Medford,6,2A,All Others,0,State Representative,Thirty-Fifth Middlesex
Medford,6,2A,Blanks,28,State Representative,Thirty-Fifth Middlesex
Medford,6,2A,Total Votes Cast,81,State Representative,Thirty-Fifth Middlesex
Medford,7,1,Christine P. Barber,543,State Representative,Thirty-Fourth Middlesex
Medford,7,1,All Others,0,State Representative,Thirty-Fourth Middlesex
Medford,7,1,Blanks,173,State Representative,Thirty-Fourth Middlesex
Medford,7,1,Total Votes Cast,716,State Representative,Thirty-Fourth Middlesex
Medford,7,2,"Paul J. Donato, Sr.",636,State Representative,Thirty-Fifth Middlesex
Medford,7,2,All Others,0,State Representative,Thirty-Fifth Middlesex
Medford,7,2,Blanks,200,State Representative,Thirty-Fifth Middlesex
Medford,7,2,Total Votes Cast,836,State Representative,Thirty-Fifth Middlesex
Medford,7,2A,Christine P. Barber,86,State Representative,Thirty-Fourth Middlesex
Medford,7,2A,All Others,0,State Representative,Thirty-Fourth Middlesex
Medford,7,2A,Blanks,16,State Representative,Thirty-Fourth Middlesex
Medford,7,2A,Total Votes Cast,102,State Representative,Thirty-Fourth Middlesex
Medford,8,1,"Paul J. Donato, Sr.",1151,State Representative,Thirty-Fifth Middlesex
Medford,8,1,All Others,0,State Representative,Thirty-Fifth Middlesex
Medford,8,1,Blanks,364,State Representative,Thirty-Fifth Middlesex
Medford,8,1,Total Votes Cast,1515,State Representative,Thirty-Fifth Middlesex
Medford,8,2,Christine P. Barber,902,State Representative,Thirty-Fourth Middlesex
Medford,8,2,All Others,0,State Representative,Thirty-Fourth Middlesex
Medford,8,2,Blanks,338,State Representative,Thirty-Fourth Middlesex
Medford,8,2,Total Votes Cast,1240,State Representative,Thirty-Fourth Middlesex
Medway,-,2,Jeffrey N. Roy,954,State Representative,Tenth Norfolk
Medway,-,2,"Charles F. Bailey, III",554,State Representative,Tenth Norfolk
Medway,-,2,All Others,2,State Representative,Tenth Norfolk
Medway,-,2,Blanks,45,State Representative,Tenth Norfolk
Medway,-,2,Total Votes Cast,1555,State Representative,Tenth Norfolk
Medway,-,3,Jeffrey N. Roy,993,State Representative,Tenth Norfolk
Medway,-,3,"Charles F. Bailey, III",598,State Representative,Tenth Norfolk
Medway,-,3,All Others,4,State Representative,Tenth Norfolk
Medway,-,3,Blanks,60,State Representative,Tenth Norfolk
Medway,-,3,Total Votes Cast,1655,State Representative,Tenth Norfolk
Medway,-,4,Jeffrey N. Roy,911,State Representative,Tenth Norfolk
Medway,-,4,"Charles F. Bailey, III",571,State Representative,Tenth Norfolk
Medway,-,4,All Others,2,State Representative,Tenth Norfolk
Medway,-,4,Blanks,63,State Representative,Tenth Norfolk
Medway,-,4,Total Votes Cast,1547,State Representative,Tenth Norfolk
Medway,,,Michael J. Soter,956,State Representative,Eighth Worcester
Medway,,,All Others,29,State Representative,Eighth Worcester
Medway,,,Blanks,467,State Representative,Eighth Worcester
Medway,,,Total Votes Cast,1452,State Representative,Eighth Worcester
Melrose,1,1,Kate Lipper-Garabedian,859,State Representative,Thirty-Second Middlesex
Melrose,1,1,All Others,11,State Representative,Thirty-Second Middlesex
Melrose,1,1,Blanks,259,State Representative,Thirty-Second Middlesex
Melrose,1,1,Total Votes Cast,1129,State Representative,Thirty-Second Middlesex
Melrose,1,2,Kate Lipper-Garabedian,690,State Representative,Thirty-Second Middlesex
Melrose,1,2,All Others,11,State Representative,Thirty-Second Middlesex
Melrose,1,2,Blanks,209,State Representative,Thirty-Second Middlesex
Melrose,1,2,Total Votes Cast,910,State Representative,Thirty-Second Middlesex
Melrose,2,1,Kate Lipper-Garabedian,799,State Representative,Thirty-Second Middlesex
Melrose,2,1,All Others,20,State Representative,Thirty-Second Middlesex
Melrose,2,1,Blanks,288,State Representative,Thirty-Second Middlesex
Melrose,2,1,Total Votes Cast,1107,State Representative,Thirty-Second Middlesex
Melrose,2,2,Kate Lipper-Garabedian,740,State Representative,Thirty-Second Middlesex
Melrose,2,2,All Others,20,State Representative,Thirty-Second Middlesex
Melrose,2,2,Blanks,215,State Representative,Thirty-Second Middlesex
Melrose,2,2,Total Votes Cast,975,State Representative,Thirty-Second Middlesex
Melrose,3,1,Kate Lipper-Garabedian,702,State Representative,Thirty-Second Middlesex
Melrose,3,1,All Others,12,State Representative,Thirty-Second Middlesex
Melrose,3,1,Blanks,194,State Representative,Thirty-Second Middlesex
Melrose,3,1,Total Votes Cast,908,State Representative,Thirty-Second Middlesex
Melrose,3,2,Kate Lipper-Garabedian,729,State Representative,Thirty-Second Middlesex
Melrose,3,2,All Others,12,State Representative,Thirty-Second Middlesex
Melrose,3,2,Blanks,246,State Representative,Thirty-Second Middlesex
Melrose,3,2,Total Votes Cast,987,State Representative,Thirty-Second Middlesex
Melrose,4,1,Kate Lipper-Garabedian,690,State Representative,Thirty-Second Middlesex
Melrose,4,1,All Others,9,State Representative,Thirty-Second Middlesex
Melrose,4,1,Blanks,182,State Representative,Thirty-Second Middlesex
Melrose,4,1,Total Votes Cast,881,State Representative,Thirty-Second Middlesex
Melrose,4,2,Kate Lipper-Garabedian,754,State Representative,Thirty-Second Middlesex
Melrose,4,2,All Others,26,State Representative,Thirty-Second Middlesex
Melrose,4,2,Blanks,336,State Representative,Thirty-Second Middlesex
Melrose,4,2,Total Votes Cast,1116,State Representative,Thirty-Second Middlesex
Melrose,5,1,Kate Lipper-Garabedian,523,State Representative,Thirty-Second Middlesex
Melrose,5,1,All Others,7,State Representative,Thirty-Second Middlesex
Melrose,5,1,Blanks,125,State Representative,Thirty-Second Middlesex
Melrose,5,1,Total Votes Cast,655,State Representative,Thirty-Second Middlesex
Melrose,5,2,Kate Lipper-Garabedian,540,State Representative,Thirty-Second Middlesex
Melrose,5,2,All Others,11,State Representative,Thirty-Second Middlesex
Melrose,5,2,Blanks,103,State Representative,Thirty-Second Middlesex
Melrose,5,2,Total Votes Cast,654,State Representative,Thirty-Second Middlesex
Melrose,6,1,Kate Lipper-Garabedian,701,State Representative,Thirty-Second Middlesex
Melrose,6,1,All Others,9,State Representative,Thirty-Second Middlesex
Melrose,6,1,Blanks,182,State Representative,Thirty-Second Middlesex
Melrose,6,1,Total Votes Cast,892,State Representative,Thirty-Second Middlesex
Melrose,6,2,Kate Lipper-Garabedian,841,State Representative,Thirty-Second Middlesex
Melrose,6,2,All Others,20,State Representative,Thirty-Second Middlesex
Melrose,6,2,Blanks,280,State Representative,Thirty-Second Middlesex
Melrose,6,2,Total Votes Cast,1141,State Representative,Thirty-Second Middlesex
Melrose,7,1,Kate Lipper-Garabedian,762,State Representative,Thirty-Second Middlesex
Melrose,7,1,All Others,20,State Representative,Thirty-Second Middlesex
Melrose,7,1,Blanks,216,State Representative,Thirty-Second Middlesex
Melrose,7,1,Total Votes Cast,998,State Representative,Thirty-Second Middlesex
Melrose,7,2,Kate Lipper-Garabedian,780,State Representative,Thirty-Second Middlesex
Melrose,7,2,All Others,29,State Representative,Thirty-Second Middlesex
Melrose,7,2,Blanks,275,State Representative,Thirty-Second Middlesex
Melrose,7,2,Total Votes Cast,1084,State Representative,Thirty-Second Middlesex
Mendon,-,1,Brian William Murray,833,State Representative,Tenth Worcester
Mendon,-,1,All Others,16,State Representative,Tenth Worcester
Mendon,-,1,Blanks,532,State Representative,Tenth Worcester
Mendon,-,1,Total Votes Cast,1381,State Representative,Tenth Worcester
Mendon,-,2,Brian William Murray,868,State Representative,Tenth Worcester
Mendon,-,2,All Others,15,State Representative,Tenth Worcester
Mendon,-,2,Blanks,559,State Representative,Tenth Worcester
Mendon,-,2,Total Votes Cast,1442,State Representative,Tenth Worcester
Merrimac,-,1,Dawne F. Shand,775,State Representative,First Essex
Merrimac,-,1,Cj Fitzwater,721,State Representative,First Essex
Merrimac,-,1,All Others,1,State Representative,First Essex
Merrimac,-,1,Blanks,65,State Representative,First Essex
Merrimac,-,1,Total Votes Cast,1562,State Representative,First Essex
Merrimac,-,2,Dawne F. Shand,838,State Representative,First Essex
Merrimac,-,2,Cj Fitzwater,836,State Representative,First Essex
Merrimac,-,2,All Others,0,State Representative,First Essex
Merrimac,-,2,Blanks,54,State Representative,First Essex
Merrimac,-,2,Total Votes Cast,1728,State Representative,First Essex
Methuen,-,1,Estela A. Reyes,403,State Representative,Fourth Essex
Methuen,-,1,All Others,20,State Representative,Fourth Essex
Methuen,-,1,Blanks,134,State Representative,Fourth Essex
Methuen,-,1,Total Votes Cast,557,State Representative,Fourth Essex
Methuen,-,10,Ryan M. Hamilton,728,State Representative,Fifteenth Essex
Methuen,-,10,All Others,49,State Representative,Fifteenth Essex
Methuen,-,10,Blanks,399,State Representative,Fifteenth Essex
Methuen,-,10,Total Votes Cast,1176,State Representative,Fifteenth Essex
Methuen,-,11,Ryan M. Hamilton,980,State Representative,Fifteenth Essex
Methuen,-,11,All Others,51,State Representative,Fifteenth Essex
Methuen,-,11,Blanks,632,State Representative,Fifteenth Essex
Methuen,-,11,Total Votes Cast,1663,State Representative,Fifteenth Essex
Methuen,-,12,Ryan M. Hamilton,735,State Representative,Fifteenth Essex
Methuen,-,12,All Others,31,State Representative,Fifteenth Essex
Methuen,-,12,Blanks,419,State Representative,Fifteenth Essex
Methuen,-,12,Total Votes Cast,1185,State Representative,Fifteenth Essex
Methuen,-,13,Estela A. Reyes,457,State Representative,Fourth Essex
Methuen,-,13,All Others,37,State Representative,Fourth Essex
Methuen,-,13,Blanks,272,State Representative,Fourth Essex
Methuen,-,13,Total Votes Cast,766,State Representative,Fourth Essex
Methuen,-,13A,Francisco E. Paulino,289,State Representative,Sixteenth Essex
Methuen,-,13A,All Others,8,State Representative,Sixteenth Essex
Methuen,-,13A,Blanks,118,State Representative,Sixteenth Essex
Methuen,-,13A,Total Votes Cast,415,State Representative,Sixteenth Essex
Methuen,-,14,Estela A. Reyes,653,State Representative,Fourth Essex
Methuen,-,14,All Others,39,State Representative,Fourth Essex
Methuen,-,14,Blanks,278,State Representative,Fourth Essex
Methuen,-,14,Total Votes Cast,970,State Representative,Fourth Essex
Methuen,-,15,Estela A. Reyes,506,State Representative,Fourth Essex
Methuen,-,15,All Others,28,State Representative,Fourth Essex
Methuen,-,15,Blanks,186,State Representative,Fourth Essex
Methuen,-,15,Total Votes Cast,720,State Representative,Fourth Essex
Methuen,-,2,Estela A. Reyes,450,State Representative,Fourth Essex
Methuen,-,2,All Others,24,State Representative,Fourth Essex
Methuen,-,2,Blanks,177,State Representative,Fourth Essex
Methuen,-,2,Total Votes Cast,651,State Representative,Fourth Essex
Methuen,-,3,Francisco E. Paulino,696,State Representative,Sixteenth Essex
Methuen,-,3,All Others,32,State Representative,Sixteenth Essex
Methuen,-,3,Blanks,345,State Representative,Sixteenth Essex
Methuen,-,3,Total Votes Cast,1073,State Representative,Sixteenth Essex
Methuen,-,4,Estela A. Reyes,581,State Representative,Fourth Essex
Methuen,-,4,All Others,35,State Representative,Fourth Essex
Methuen,-,4,Blanks,281,State Representative,Fourth Essex
Methuen,-,4,Total Votes Cast,897,State Representative,Fourth Essex
Methuen,-,5,Ryan M. Hamilton,706,State Representative,Fifteenth Essex
Methuen,-,5,All Others,37,State Representative,Fifteenth Essex
Methuen,-,5,Blanks,336,State Representative,Fifteenth Essex
Methuen,-,5,Total Votes Cast,1079,State Representative,Fifteenth Essex
Methuen,-,6,Ryan M. Hamilton,604,State Representative,Fifteenth Essex
Methuen,-,6,All Others,44,State Representative,Fifteenth Essex
Methuen,-,6,Blanks,334,State Representative,Fifteenth Essex
Methuen,-,6,Total Votes Cast,982,State Representative,Fifteenth Essex
Methuen,-,6A,Estela A. Reyes,76,State Representative,Fourth Essex
Methuen,-,6A,All Others,5,State Representative,Fourth Essex
Methuen,-,6A,Blanks,33,State Representative,Fourth Essex
Methuen,-,6A,Total Votes Cast,114,State Representative,Fourth Essex
Methuen,-,7,Francisco E. Paulino,871,State Representative,Sixteenth Essex
Methuen,-,7,All Others,39,State Representative,Sixteenth Essex
Methuen,-,7,Blanks,465,State Representative,Sixteenth Essex
Methuen,-,7,Total Votes Cast,1375,State Representative,Sixteenth Essex
Methuen,-,8,Ryan M. Hamilton,849,State Representative,Fifteenth Essex
Methuen,-,8,All Others,64,State Representative,Fifteenth Essex
Methuen,-,8,Blanks,475,State Representative,Fifteenth Essex
Methuen,-,8,Total Votes Cast,1388,State Representative,Fifteenth Essex
Methuen,-,9,Ryan M. Hamilton,833,State Representative,Fifteenth Essex
Methuen,-,9,All Others,49,State Representative,Fifteenth Essex
Methuen,-,9,Blanks,482,State Representative,Fifteenth Essex
Methuen,-,9,Total Votes Cast,1364,State Representative,Fifteenth Essex
Middleborough,-,1,Kathleen R. Lanatra,930,State Representative,Twelfth Plymouth
Middleborough,-,1,Eric J. Meschino,984,State Representative,Twelfth Plymouth
Middleborough,-,1,"Charles F. McCoy, Jr",56,State Representative,Twelfth Plymouth
Middleborough,-,1,All Others,0,State Representative,Twelfth Plymouth
Middleborough,-,1,Blanks,95,State Representative,Twelfth Plymouth
Middleborough,-,1,Total Votes Cast,2065,State Representative,Twelfth Plymouth
Middleborough,-,2,Norman J. Orrall,812,State Representative,Twelfth Bristol
Middleborough,-,2,All Others,4,State Representative,Twelfth Bristol
Middleborough,-,2,Blanks,315,State Representative,Twelfth Bristol
Middleborough,-,2,Total Votes Cast,1131,State Representative,Twelfth Bristol
Middleborough,-,3,Susan Williams Gifford,1082,State Representative,Second Plymouth
Middleborough,-,3,All Others,16,State Representative,Second Plymouth
Middleborough,-,3,Blanks,353,State Representative,Second Plymouth
Middleborough,-,3,Total Votes Cast,1451,State Representative,Second Plymouth
Middleborough,-,4,Norman J. Orrall,693,State Representative,Twelfth Bristol
Middleborough,-,4,All Others,7,State Representative,Twelfth Bristol
Middleborough,-,4,Blanks,247,State Representative,Twelfth Bristol
Middleborough,-,4,Total Votes Cast,947,State Representative,Twelfth Bristol
Middleborough,-,5,Norman J. Orrall,963,State Representative,Twelfth Bristol
Middleborough,-,5,All Others,7,State Representative,Twelfth Bristol
Middleborough,-,5,Blanks,310,State Representative,Twelfth Bristol
Middleborough,-,5,Total Votes Cast,1280,State Representative,Twelfth Bristol
Middleborough,-,5A,Kathleen R. Lanatra,92,State Representative,Twelfth Plymouth
Middleborough,-,5A,Eric J. Meschino,151,State Representative,Twelfth Plymouth
Middleborough,-,5A,"Charles F. McCoy, Jr",5,State Representative,Twelfth Plymouth
Middleborough,-,5A,All Others,0,State Representative,Twelfth Plymouth
Middleborough,-,5A,Blanks,14,State Representative,Twelfth Plymouth
Middleborough,-,5A,Total Votes Cast,262,State Representative,Twelfth Plymouth
Middleborough,-,6,Susan Williams Gifford,1052,State Representative,Second Plymouth
Middleborough,-,6,All Others,9,State Representative,Second Plymouth
Middleborough,-,6,Blanks,318,State Representative,Second Plymouth
Middleborough,-,6,Total Votes Cast,1379,State Representative,Second Plymouth
Middleborough,-,7,Norman J. Orrall,706,State Representative,Twelfth Bristol
Middleborough,-,7,All Others,9,State Representative,Twelfth Bristol
Middleborough,-,7,Blanks,251,State Representative,Twelfth Bristol
Middleborough,-,7,Total Votes Cast,966,State Representative,Twelfth Bristol
Middleborough,-,7A,Susan Williams Gifford,286,State Representative,Second Plymouth
Middleborough,-,7A,All Others,3,State Representative,Second Plymouth
Middleborough,-,7A,Blanks,75,State Representative,Second Plymouth
Middleborough,-,7A,Total Votes Cast,364,State Representative,Second Plymouth
Middlefield,,,Nicholas A. Boldyga,103,State Representative,Third Hampden
Middlefield,,,Anthony J. Russo,144,State Representative,Third Hampden
Middlefield,,,All Others,0,State Representative,Third Hampden
Middlefield,,,Blanks,10,State Representative,Third Hampden
Middlefield,,,Total Votes Cast,257,State Representative,Third Hampden
Middleton,-,1,"Bradley H. Jones, Jr",1341,State Representative,Twentieth Middlesex
Middleton,-,1,All Others,28,State Representative,Twentieth Middlesex
Middleton,-,1,Blanks,377,State Representative,Twentieth Middlesex
Middleton,-,1,Total Votes Cast,1746,State Representative,Twentieth Middlesex
Middleton,-,3,"Bradley H. Jones, Jr",1140,State Representative,Twentieth Middlesex
Middleton,-,3,All Others,32,State Representative,Twentieth Middlesex
Middleton,-,3,Blanks,312,State Representative,Twentieth Middlesex
Middleton,-,3,Total Votes Cast,1484,State Representative,Twentieth Middlesex
Middleton,,,Sally P. Kerans,705,State Representative,Thirteenth Essex
Middleton,,,Michael D. Bean,25,State Representative,Thirteenth Essex
Middleton,,,All Others,46,State Representative,Thirteenth Essex
Middleton,,,Blanks,394,State Representative,Thirteenth Essex
Middleton,,,Total Votes Cast,1170,State Representative,Thirteenth Essex
Milford,-,1,Brian William Murray,494,State Representative,Tenth Worcester
Milford,-,1,All Others,5,State Representative,Tenth Worcester
Milford,-,1,Blanks,195,State Representative,Tenth Worcester
Milford,-,1,Total Votes Cast,694,State Representative,Tenth Worcester
Milford,-,2,Brian William Murray,854,State Representative,Tenth Worcester
Milford,-,2,All Others,3,State Representative,Tenth Worcester
Milford,-,2,Blanks,396,State Representative,Tenth Worcester
Milford,-,2,Total Votes Cast,1253,State Representative,Tenth Worcester
Milford,-,3,Brian William Murray,733,State Representative,Tenth Worcester
Milford,-,3,All Others,5,State Representative,Tenth Worcester
Milford,-,3,Blanks,330,State Representative,Tenth Worcester
Milford,-,3,Total Votes Cast,1068,State Representative,Tenth Worcester
Milford,-,4,Brian William Murray,537,State Representative,Tenth Worcester
Milford,-,4,All Others,2,State Representative,Tenth Worcester
Milford,-,4,Blanks,234,State Representative,Tenth Worcester
Milford,-,4,Total Votes Cast,773,State Representative,Tenth Worcester
Milford,-,5,Brian William Murray,1137,State Representative,Tenth Worcester
Milford,-,5,All Others,7,State Representative,Tenth Worcester
Milford,-,5,Blanks,474,State Representative,Tenth Worcester
Milford,-,5,Total Votes Cast,1618,State Representative,Tenth Worcester
Milford,-,6,Brian William Murray,924,State Representative,Tenth Worcester
Milford,-,6,All Others,8,State Representative,Tenth Worcester
Milford,-,6,Blanks,342,State Representative,Tenth Worcester
Milford,-,6,Total Votes Cast,1274,State Representative,Tenth Worcester
Milford,-,7,Brian William Murray,1145,State Representative,Tenth Worcester
Milford,-,7,All Others,9,State Representative,Tenth Worcester
Milford,-,7,Blanks,514,State Representative,Tenth Worcester
Milford,-,7,Total Votes Cast,1668,State Representative,Tenth Worcester
Milford,-,8,Brian William Murray,1030,State Representative,Tenth Worcester
Milford,-,8,All Others,6,State Representative,Tenth Worcester
Milford,-,8,Blanks,385,State Representative,Tenth Worcester
Milford,-,8,Total Votes Cast,1421,State Representative,Tenth Worcester
Millbury,-,1,Paul K. Frost,868,State Representative,Seventh Worcester
Millbury,-,1,Terry Burke Dotson,372,State Representative,Seventh Worcester
Millbury,-,1,All Others,2,State Representative,Seventh Worcester
Millbury,-,1,Blanks,143,State Representative,Seventh Worcester
Millbury,-,1,Total Votes Cast,1385,State Representative,Seventh Worcester
Millbury,-,2,Paul K. Frost,1116,State Representative,Seventh Worcester
Millbury,-,2,Terry Burke Dotson,379,State Representative,Seventh Worcester
Millbury,-,2,All Others,4,State Representative,Seventh Worcester
Millbury,-,2,Blanks,134,State Representative,Seventh Worcester
Millbury,-,2,Total Votes Cast,1633,State Representative,Seventh Worcester
Millbury,-,3,Paul K. Frost,818,State Representative,Seventh Worcester
Millbury,-,3,Terry Burke Dotson,366,State Representative,Seventh Worcester
Millbury,-,3,All Others,5,State Representative,Seventh Worcester
Millbury,-,3,Blanks,130,State Representative,Seventh Worcester
Millbury,-,3,Total Votes Cast,1319,State Representative,Seventh Worcester
Millbury,-,4,Paul K. Frost,836,State Representative,Seventh Worcester
Millbury,-,4,Terry Burke Dotson,402,State Representative,Seventh Worcester
Millbury,-,4,All Others,1,State Representative,Seventh Worcester
Millbury,-,4,Blanks,97,State Representative,Seventh Worcester
Millbury,-,4,Total Votes Cast,1336,State Representative,Seventh Worcester
Millis,-,2,James Arena-DeRosa,656,State Representative,Eighth Middlesex
Millis,-,2,Loring Barnes,691,State Representative,Eighth Middlesex
Millis,-,2,All Others,0,State Representative,Eighth Middlesex
Millis,-,2,Blanks,46,State Representative,Eighth Middlesex
Millis,-,2,Total Votes Cast,1393,State Representative,Eighth Middlesex
Millis,-,3,James Arena-DeRosa,948,State Representative,Eighth Middlesex
Millis,-,3,Loring Barnes,762,State Representative,Eighth Middlesex
Millis,-,3,All Others,0,State Representative,Eighth Middlesex
Millis,-,3,Blanks,63,State Representative,Eighth Middlesex
Millis,-,3,Total Votes Cast,1773,State Representative,Eighth Middlesex
Millis,,,Marcus S. Vaughn,532,State Representative,Ninth Norfolk
Millis,,,Kevin Kalkut,758,State Representative,Ninth Norfolk
Millis,,,All Others,0,State Representative,Ninth Norfolk
Millis,,,Blanks,43,State Representative,Ninth Norfolk
Millis,,,Total Votes Cast,1333,State Representative,Ninth Norfolk
Millville,,,Michael J. Soter,993,State Representative,Eighth Worcester
Millville,,,All Others,0,State Representative,Eighth Worcester
Millville,,,Blanks,217,State Representative,Eighth Worcester
Millville,,,Total Votes Cast,1210,State Representative,Eighth Worcester
Milton,-,1,Brandy Fluker Oakley,948,State Representative,Twelfth Suffolk
Milton,-,1,All Others,6,State Representative,Twelfth Suffolk
Milton,-,1,Blanks,194,State Representative,Twelfth Suffolk
Milton,-,1,Total Votes Cast,1148,State Representative,Twelfth Suffolk
Milton,-,10,"William J. Driscoll, Jr",751,State Representative,Seventh Norfolk
Milton,-,10,All Others,4,State Representative,Seventh Norfolk
Milton,-,10,Blanks,179,State Representative,Seventh Norfolk
Milton,-,10,Total Votes Cast,934,State Representative,Seventh Norfolk
Milton,-,2,Brandy Fluker Oakley,1063,State Representative,Twelfth Suffolk
Milton,-,2,All Others,8,State Representative,Twelfth Suffolk
Milton,-,2,Blanks,329,State Representative,Twelfth Suffolk
Milton,-,2,Total Votes Cast,1400,State Representative,Twelfth Suffolk
Milton,-,3,"William J. Driscoll, Jr",1039,State Representative,Seventh Norfolk
Milton,-,3,All Others,8,State Representative,Seventh Norfolk
Milton,-,3,Blanks,365,State Representative,Seventh Norfolk
Milton,-,3,Total Votes Cast,1412,State Representative,Seventh Norfolk
Milton,-,4,"William J. Driscoll, Jr",598,State Representative,Seventh Norfolk
Milton,-,4,All Others,8,State Representative,Seventh Norfolk
Milton,-,4,Blanks,189,State Representative,Seventh Norfolk
Milton,-,4,Total Votes Cast,795,State Representative,Seventh Norfolk
Milton,-,4A,Brandy Fluker Oakley,350,State Representative,Twelfth Suffolk
Milton,-,4A,All Others,6,State Representative,Twelfth Suffolk
Milton,-,4A,Blanks,108,State Representative,Twelfth Suffolk
Milton,-,4A,Total Votes Cast,464,State Representative,Twelfth Suffolk
Milton,-,5,"William J. Driscoll, Jr",805,State Representative,Seventh Norfolk
Milton,-,5,All Others,13,State Representative,Seventh Norfolk
Milton,-,5,Blanks,310,State Representative,Seventh Norfolk
Milton,-,5,Total Votes Cast,1128,State Representative,Seventh Norfolk
Milton,-,6,"William J. Driscoll, Jr",985,State Representative,Seventh Norfolk
Milton,-,6,All Others,13,State Representative,Seventh Norfolk
Milton,-,6,Blanks,390,State Representative,Seventh Norfolk
Milton,-,6,Total Votes Cast,1388,State Representative,Seventh Norfolk
Milton,-,7,"William J. Driscoll, Jr",893,State Representative,Seventh Norfolk
Milton,-,7,All Others,15,State Representative,Seventh Norfolk
Milton,-,7,Blanks,356,State Representative,Seventh Norfolk
Milton,-,7,Total Votes Cast,1264,State Representative,Seventh Norfolk
Milton,-,8,"William J. Driscoll, Jr",1075,State Representative,Seventh Norfolk
Milton,-,8,All Others,19,State Representative,Seventh Norfolk
Milton,-,8,Blanks,351,State Representative,Seventh Norfolk
Milton,-,8,Total Votes Cast,1445,State Representative,Seventh Norfolk
Milton,-,9,"William J. Driscoll, Jr",1006,State Representative,Seventh Norfolk
Milton,-,9,All Others,15,State Representative,Seventh Norfolk
Milton,-,9,Blanks,438,State Representative,Seventh Norfolk
Milton,-,9,Total Votes Cast,1459,State Representative,Seventh Norfolk
Monroe,,,Natalie M. Blais,28,State Representative,First Franklin
Monroe,,,All Others,0,State Representative,First Franklin
Monroe,,,Blanks,10,State Representative,First Franklin
Monroe,,,Total Votes Cast,38,State Representative,First Franklin
Monson,-,B,Brian M. Ashe,795,State Representative,Second Hampden
Monson,-,B,All Others,0,State Representative,Second Hampden
Monson,-,B,Blanks,426,State Representative,Second Hampden
Monson,-,B,Total Votes Cast,1221,State Representative,Second Hampden
Monson,-,C,Brian M. Ashe,839,State Representative,Second Hampden
Monson,-,C,All Others,0,State Representative,Second Hampden
Monson,-,C,Blanks,448,State Representative,Second Hampden
Monson,-,C,Total Votes Cast,1287,State Representative,Second Hampden
Monson,,,"Angelo J. Puppolo, Jr.",792,State Representative,Twelfth Hampden
Monson,,,All Others,0,State Representative,Twelfth Hampden
Monson,,,Blanks,441,State Representative,Twelfth Hampden
Monson,,,Total Votes Cast,1233,State Representative,Twelfth Hampden
Montague,-,1,Natalie M. Blais,740,State Representative,First Franklin
Montague,-,1,All Others,8,State Representative,First Franklin
Montague,-,1,Blanks,92,State Representative,First Franklin
Montague,-,1,Total Votes Cast,840,State Representative,First Franklin
Montague,-,2,Natalie M. Blais,433,State Representative,First Franklin
Montague,-,2,All Others,2,State Representative,First Franklin
Montague,-,2,Blanks,108,State Representative,First Franklin
Montague,-,2,Total Votes Cast,543,State Representative,First Franklin
Montague,-,3,Natalie M. Blais,474,State Representative,First Franklin
Montague,-,3,All Others,12,State Representative,First Franklin
Montague,-,3,Blanks,115,State Representative,First Franklin
Montague,-,3,Total Votes Cast,601,State Representative,First Franklin
Montague,-,4,Natalie M. Blais,448,State Representative,First Franklin
Montague,-,4,All Others,7,State Representative,First Franklin
Montague,-,4,Blanks,98,State Representative,First Franklin
Montague,-,4,Total Votes Cast,553,State Representative,First Franklin
Montague,-,5,Natalie M. Blais,328,State Representative,First Franklin
Montague,-,5,All Others,2,State Representative,First Franklin
Montague,-,5,Blanks,62,State Representative,First Franklin
Montague,-,5,Total Votes Cast,392,State Representative,First Franklin
Montague,-,6,Natalie M. Blais,412,State Representative,First Franklin
Montague,-,6,All Others,3,State Representative,First Franklin
Montague,-,6,Blanks,85,State Representative,First Franklin
Montague,-,6,Total Votes Cast,500,State Representative,First Franklin
Monterey,,,"William ""Smitty"" Pignatelli",441,State Representative,Third Berkshire
Monterey,,,Michael Silvio Lavery,41,State Representative,Third Berkshire
Monterey,,,All Others,0,State Representative,Third Berkshire
Monterey,,,Blanks,18,State Representative,Third Berkshire
Monterey,,,Total Votes Cast,500,State Representative,Third Berkshire
Montgomery,,,Nicholas A. Boldyga,270,State Representative,Third Hampden
Montgomery,,,Anthony J. Russo,166,State Representative,Third Hampden
Montgomery,,,All Others,0,State Representative,Third Hampden
Montgomery,,,Blanks,12,State Representative,Third Hampden
Montgomery,,,Total Votes Cast,448,State Representative,Third Hampden
Mount Washington,,,"William ""Smitty"" Pignatelli",94,State Representative,Third Berkshire
Mount Washington,,,Michael Silvio Lavery,11,State Representative,Third Berkshire
Mount Washington,,,All Others,0,State Representative,Third Berkshire
Mount Washington,,,Blanks,1,State Representative,Third Berkshire
Mount Washington,,,Total Votes Cast,106,State Representative,Third Berkshire
N. Adams,1,1,"John P. Barrett, III",703,State Representative,First Berkshire
N. Adams,1,1,All Others,4,State Representative,First Berkshire
N. Adams,1,1,Blanks,160,State Representative,First Berkshire
N. Adams,1,1,Total Votes Cast,867,State Representative,First Berkshire
N. Adams,2,2,"John P. Barrett, III",670,State Representative,First Berkshire
N. Adams,2,2,All Others,10,State Representative,First Berkshire
N. Adams,2,2,Blanks,123,State Representative,First Berkshire
N. Adams,2,2,Total Votes Cast,803,State Representative,First Berkshire
N. Adams,3,3,"John P. Barrett, III",461,State Representative,First Berkshire
N. Adams,3,3,All Others,18,State Representative,First Berkshire
N. Adams,3,3,Blanks,77,State Representative,First Berkshire
N. Adams,3,3,Total Votes Cast,556,State Representative,First Berkshire
N. Adams,4,4,"John P. Barrett, III",766,State Representative,First Berkshire
N. Adams,4,4,All Others,9,State Representative,First Berkshire
N. Adams,4,4,Blanks,161,State Representative,First Berkshire
N. Adams,4,4,Total Votes Cast,936,State Representative,First Berkshire
N. Adams,5,5,"John P. Barrett, III",608,State Representative,First Berkshire
N. Adams,5,5,All Others,11,State Representative,First Berkshire
N. Adams,5,5,Blanks,121,State Representative,First Berkshire
N. Adams,5,5,Total Votes Cast,740,State Representative,First Berkshire
N. Andover,-,1,Adrianne Ramos,709,State Representative,Fourteenth Essex
N. Andover,-,1,Joseph G. Finn,555,State Representative,Fourteenth Essex
N. Andover,-,1,All Others,1,State Representative,Fourteenth Essex
N. Andover,-,1,Blanks,28,State Representative,Fourteenth Essex
N. Andover,-,1,Total Votes Cast,1293,State Representative,Fourteenth Essex
N. Andover,-,2,Adrianne Ramos,857,State Representative,Fourteenth Essex
N. Andover,-,2,Joseph G. Finn,669,State Representative,Fourteenth Essex
N. Andover,-,2,All Others,3,State Representative,Fourteenth Essex
N. Andover,-,2,Blanks,32,State Representative,Fourteenth Essex
N. Andover,-,2,Total Votes Cast,1561,State Representative,Fourteenth Essex
N. Andover,-,3,Adrianne Ramos,770,State Representative,Fourteenth Essex
N. Andover,-,3,Joseph G. Finn,647,State Representative,Fourteenth Essex
N. Andover,-,3,All Others,0,State Representative,Fourteenth Essex
N. Andover,-,3,Blanks,37,State Representative,Fourteenth Essex
N. Andover,-,3,Total Votes Cast,1454,State Representative,Fourteenth Essex
N. Andover,-,4,Adrianne Ramos,1103,State Representative,Fourteenth Essex
N. Andover,-,4,Joseph G. Finn,864,State Representative,Fourteenth Essex
N. Andover,-,4,All Others,2,State Representative,Fourteenth Essex
N. Andover,-,4,Blanks,70,State Representative,Fourteenth Essex
N. Andover,-,4,Total Votes Cast,2039,State Representative,Fourteenth Essex
N. Andover,-,5,Adrianne Ramos,460,State Representative,Fourteenth Essex
N. Andover,-,5,Joseph G. Finn,390,State Representative,Fourteenth Essex
N. Andover,-,5,All Others,0,State Representative,Fourteenth Essex
N. Andover,-,5,Blanks,17,State Representative,Fourteenth Essex
N. Andover,-,5,Total Votes Cast,867,State Representative,Fourteenth Essex
N. Andover,-,6,Adrianne Ramos,977,State Representative,Fourteenth Essex
N. Andover,-,6,Joseph G. Finn,935,State Representative,Fourteenth Essex
N. Andover,-,6,All Others,0,State Representative,Fourteenth Essex
N. Andover,-,6,Blanks,32,State Representative,Fourteenth Essex
N. Andover,-,6,Total Votes Cast,1944,State Representative,Fourteenth Essex
N. Andover,-,7,Tram T. Nguyen,1060,State Representative,Eighteenth Essex
N. Andover,-,7,Jeffrey Peter Dufour,611,State Representative,Eighteenth Essex
N. Andover,-,7,All Others,0,State Representative,Eighteenth Essex
N. Andover,-,7,Blanks,37,State Representative,Eighteenth Essex
N. Andover,-,7,Total Votes Cast,1708,State Representative,Eighteenth Essex
N. Andover,-,8,Tram T. Nguyen,943,State Representative,Eighteenth Essex
N. Andover,-,8,Jeffrey Peter Dufour,787,State Representative,Eighteenth Essex
N. Andover,-,8,All Others,0,State Representative,Eighteenth Essex
N. Andover,-,8,Blanks,30,State Representative,Eighteenth Essex
N. Andover,-,8,Total Votes Cast,1760,State Representative,Eighteenth Essex
N. Attleborough,-,1,Adam J. Scanlon,641,State Representative,Fourteenth Bristol
N. Attleborough,-,1,All Others,9,State Representative,Fourteenth Bristol
N. Attleborough,-,1,Blanks,226,State Representative,Fourteenth Bristol
N. Attleborough,-,1,Total Votes Cast,876,State Representative,Fourteenth Bristol
N. Attleborough,-,2,Adam J. Scanlon,921,State Representative,Fourteenth Bristol
N. Attleborough,-,2,All Others,16,State Representative,Fourteenth Bristol
N. Attleborough,-,2,Blanks,361,State Representative,Fourteenth Bristol
N. Attleborough,-,2,Total Votes Cast,1298,State Representative,Fourteenth Bristol
N. Attleborough,-,3,Adam J. Scanlon,870,State Representative,Fourteenth Bristol
N. Attleborough,-,3,All Others,6,State Representative,Fourteenth Bristol
N. Attleborough,-,3,Blanks,479,State Representative,Fourteenth Bristol
N. Attleborough,-,3,Total Votes Cast,1355,State Representative,Fourteenth Bristol
N. Attleborough,-,4,Adam J. Scanlon,774,State Representative,Fourteenth Bristol
N. Attleborough,-,4,All Others,18,State Representative,Fourteenth Bristol
N. Attleborough,-,4,Blanks,254,State Representative,Fourteenth Bristol
N. Attleborough,-,4,Total Votes Cast,1046,State Representative,Fourteenth Bristol
N. Attleborough,-,5,Adam J. Scanlon,824,State Representative,Fourteenth Bristol
N. Attleborough,-,5,All Others,14,State Representative,Fourteenth Bristol
N. Attleborough,-,5,Blanks,323,State Representative,Fourteenth Bristol
N. Attleborough,-,5,Total Votes Cast,1161,State Representative,Fourteenth Bristol
N. Attleborough,-,6,Adam J. Scanlon,1009,State Representative,Fourteenth Bristol
N. Attleborough,-,6,All Others,20,State Representative,Fourteenth Bristol
N. Attleborough,-,6,Blanks,403,State Representative,Fourteenth Bristol
N. Attleborough,-,6,Total Votes Cast,1432,State Representative,Fourteenth Bristol
N. Attleborough,-,7,Adam J. Scanlon,1083,State Representative,Fourteenth Bristol
N. Attleborough,-,7,All Others,16,State Representative,Fourteenth Bristol
N. Attleborough,-,7,Blanks,533,State Representative,Fourteenth Bristol
N. Attleborough,-,7,Total Votes Cast,1632,State Representative,Fourteenth Bristol
N. Attleborough,-,8,Adam J. Scanlon,936,State Representative,Fourteenth Bristol
N. Attleborough,-,8,All Others,24,State Representative,Fourteenth Bristol
N. Attleborough,-,8,Blanks,421,State Representative,Fourteenth Bristol
N. Attleborough,-,8,Total Votes Cast,1381,State Representative,Fourteenth Bristol
N. Attleborough,-,9,Adam J. Scanlon,842,State Representative,Fourteenth Bristol
N. Attleborough,-,9,All Others,15,State Representative,Fourteenth Bristol
N. Attleborough,-,9,Blanks,382,State Representative,Fourteenth Bristol
N. Attleborough,-,9,Total Votes Cast,1239,State Representative,Fourteenth Bristol
N. Brookfield,,,"Donald R. Berthiaume, Jr",1552,State Representative,Fifth Worcester
N. Brookfield,,,All Others,26,State Representative,Fifth Worcester
N. Brookfield,,,Blanks,426,State Representative,Fifth Worcester
N. Brookfield,,,Total Votes Cast,2004,State Representative,Fifth Worcester
N. Reading,-,1,"Bradley H. Jones, Jr",1465,State Representative,Twentieth Middlesex
N. Reading,-,1,All Others,14,State Representative,Twentieth Middlesex
N. Reading,-,1,Blanks,362,State Representative,Twentieth Middlesex
N. Reading,-,1,Total Votes Cast,1841,State Representative,Twentieth Middlesex
N. Reading,-,2,"Bradley H. Jones, Jr",1366,State Representative,Twentieth Middlesex
N. Reading,-,2,All Others,32,State Representative,Twentieth Middlesex
N. Reading,-,2,Blanks,461,State Representative,Twentieth Middlesex
N. Reading,-,2,Total Votes Cast,1859,State Representative,Twentieth Middlesex
N. Reading,-,3,"Bradley H. Jones, Jr",1411,State Representative,Twentieth Middlesex
N. Reading,-,3,All Others,21,State Representative,Twentieth Middlesex
N. Reading,-,3,Blanks,353,State Representative,Twentieth Middlesex
N. Reading,-,3,Total Votes Cast,1785,State Representative,Twentieth Middlesex
N. Reading,-,4,"Bradley H. Jones, Jr",1454,State Representative,Twentieth Middlesex
N. Reading,-,4,All Others,11,State Representative,Twentieth Middlesex
N. Reading,-,4,Blanks,388,State Representative,Twentieth Middlesex
N. Reading,-,4,Total Votes Cast,1853,State Representative,Twentieth Middlesex
Nahant,,,Peter L. Capano,1465,State Representative,Eleventh Essex
Nahant,,,All Others,32,State Representative,Eleventh Essex
Nahant,,,Blanks,478,State Representative,Eleventh Essex
Nahant,,,Total Votes Cast,1975,State Representative,Eleventh Essex
Nantucket,,,Dylan A. Fernandes,3826,State Representative,"Barnstable, Dukes and Nantucket"
Nantucket,,,All Others,81,State Representative,"Barnstable, Dukes and Nantucket"
Nantucket,,,Blanks,1048,State Representative,"Barnstable, Dukes and Nantucket"
Nantucket,,,Total Votes Cast,4955,State Representative,"Barnstable, Dukes and Nantucket"
Natick,-,1,David Paul Linsky,731,State Representative,Fifth Middlesex
Natick,-,1,All Others,7,State Representative,Fifth Middlesex
Natick,-,1,Blanks,171,State Representative,Fifth Middlesex
Natick,-,1,Total Votes Cast,909,State Representative,Fifth Middlesex
Natick,-,10,David Paul Linsky,1583,State Representative,Fifth Middlesex
Natick,-,10,All Others,19,State Representative,Fifth Middlesex
Natick,-,10,Blanks,507,State Representative,Fifth Middlesex
Natick,-,10,Total Votes Cast,2109,State Representative,Fifth Middlesex
Natick,-,2,David Paul Linsky,1236,State Representative,Fifth Middlesex
Natick,-,2,All Others,7,State Representative,Fifth Middlesex
Natick,-,2,Blanks,361,State Representative,Fifth Middlesex
Natick,-,2,Total Votes Cast,1604,State Representative,Fifth Middlesex
Natick,-,3,David Paul Linsky,1201,State Representative,Fifth Middlesex
Natick,-,3,All Others,15,State Representative,Fifth Middlesex
Natick,-,3,Blanks,375,State Representative,Fifth Middlesex
Natick,-,3,Total Votes Cast,1591,State Representative,Fifth Middlesex
Natick,-,4,David Paul Linsky,1152,State Representative,Fifth Middlesex
Natick,-,4,All Others,10,State Representative,Fifth Middlesex
Natick,-,4,Blanks,348,State Representative,Fifth Middlesex
Natick,-,4,Total Votes Cast,1510,State Representative,Fifth Middlesex
Natick,-,5,David Paul Linsky,1242,State Representative,Fifth Middlesex
Natick,-,5,All Others,2,State Representative,Fifth Middlesex
Natick,-,5,Blanks,421,State Representative,Fifth Middlesex
Natick,-,5,Total Votes Cast,1665,State Representative,Fifth Middlesex
Natick,-,6,David Paul Linsky,1174,State Representative,Fifth Middlesex
Natick,-,6,All Others,17,State Representative,Fifth Middlesex
Natick,-,6,Blanks,376,State Representative,Fifth Middlesex
Natick,-,6,Total Votes Cast,1567,State Representative,Fifth Middlesex
Natick,-,7,David Paul Linsky,1520,State Representative,Fifth Middlesex
Natick,-,7,All Others,22,State Representative,Fifth Middlesex
Natick,-,7,Blanks,372,State Representative,Fifth Middlesex
Natick,-,7,Total Votes Cast,1914,State Representative,Fifth Middlesex
Natick,-,8,David Paul Linsky,1367,State Representative,Fifth Middlesex
Natick,-,8,All Others,5,State Representative,Fifth Middlesex
Natick,-,8,Blanks,383,State Representative,Fifth Middlesex
Natick,-,8,Total Votes Cast,1755,State Representative,Fifth Middlesex
Natick,-,9,David Paul Linsky,1398,State Representative,Fifth Middlesex
Natick,-,9,All Others,4,State Representative,Fifth Middlesex
Natick,-,9,Blanks,367,State Representative,Fifth Middlesex
Natick,-,9,Total Votes Cast,1769,State Representative,Fifth Middlesex
Needham,-,A,Denise C. Garlick,1043,State Representative,Thirteenth Norfolk
Needham,-,A,All Others,18,State Representative,Thirteenth Norfolk
Needham,-,A,Blanks,234,State Representative,Thirteenth Norfolk
Needham,-,A,Total Votes Cast,1295,State Representative,Thirteenth Norfolk
Needham,-,B,Denise C. Garlick,1237,State Representative,Thirteenth Norfolk
Needham,-,B,All Others,28,State Representative,Thirteenth Norfolk
Needham,-,B,Blanks,294,State Representative,Thirteenth Norfolk
Needham,-,B,Total Votes Cast,1559,State Representative,Thirteenth Norfolk
Needham,-,C,Denise C. Garlick,1263,State Representative,Thirteenth Norfolk
Needham,-,C,All Others,23,State Representative,Thirteenth Norfolk
Needham,-,C,Blanks,267,State Representative,Thirteenth Norfolk
Needham,-,C,Total Votes Cast,1553,State Representative,Thirteenth Norfolk
Needham,-,D,Denise C. Garlick,1166,State Representative,Thirteenth Norfolk
Needham,-,D,All Others,32,State Representative,Thirteenth Norfolk
Needham,-,D,Blanks,274,State Representative,Thirteenth Norfolk
Needham,-,D,Total Votes Cast,1472,State Representative,Thirteenth Norfolk
Needham,-,E,Denise C. Garlick,1310,State Representative,Thirteenth Norfolk
Needham,-,E,All Others,29,State Representative,Thirteenth Norfolk
Needham,-,E,Blanks,302,State Representative,Thirteenth Norfolk
Needham,-,E,Total Votes Cast,1641,State Representative,Thirteenth Norfolk
Needham,-,F,Denise C. Garlick,1197,State Representative,Thirteenth Norfolk
Needham,-,F,All Others,25,State Representative,Thirteenth Norfolk
Needham,-,F,Blanks,279,State Representative,Thirteenth Norfolk
Needham,-,F,Total Votes Cast,1501,State Representative,Thirteenth Norfolk
Needham,-,G,Denise C. Garlick,1355,State Representative,Thirteenth Norfolk
Needham,-,G,All Others,25,State Representative,Thirteenth Norfolk
Needham,-,G,Blanks,279,State Representative,Thirteenth Norfolk
Needham,-,G,Total Votes Cast,1659,State Representative,Thirteenth Norfolk
Needham,-,H,Denise C. Garlick,1293,State Representative,Thirteenth Norfolk
Needham,-,H,All Others,17,State Representative,Thirteenth Norfolk
Needham,-,H,Blanks,306,State Representative,Thirteenth Norfolk
Needham,-,H,Total Votes Cast,1616,State Representative,Thirteenth Norfolk
Needham,-,I,Denise C. Garlick,1441,State Representative,Thirteenth Norfolk
Needham,-,I,All Others,16,State Representative,Thirteenth Norfolk
Needham,-,I,Blanks,253,State Representative,Thirteenth Norfolk
Needham,-,I,Total Votes Cast,1710,State Representative,Thirteenth Norfolk
Needham,-,J,Denise C. Garlick,1238,State Representative,Thirteenth Norfolk
Needham,-,J,All Others,20,State Representative,Thirteenth Norfolk
Needham,-,J,Blanks,234,State Representative,Thirteenth Norfolk
Needham,-,J,Total Votes Cast,1492,State Representative,Thirteenth Norfolk
New Ashford,,,"John P. Barrett, III",94,State Representative,First Berkshire
New Ashford,,,All Others,0,State Representative,First Berkshire
New Ashford,,,Blanks,24,State Representative,First Berkshire
New Ashford,,,Total Votes Cast,118,State Representative,First Berkshire
New Bedford,1,A,William M. Straus,408,State Representative,Tenth Bristol
New Bedford,1,A,Jeffrey Gerald Swift,299,State Representative,Tenth Bristol
New Bedford,1,A,All Others,0,State Representative,Tenth Bristol
New Bedford,1,A,Blanks,36,State Representative,Tenth Bristol
New Bedford,1,A,Total Votes Cast,743,State Representative,Tenth Bristol
New Bedford,1,A1,Christopher Hendricks,68,State Representative,Eleventh Bristol
New Bedford,1,A1,All Others,4,State Representative,Eleventh Bristol
New Bedford,1,A1,Blanks,24,State Representative,Eleventh Bristol
New Bedford,1,A1,Total Votes Cast,96,State Representative,Eleventh Bristol
New Bedford,1,B,William M. Straus,436,State Representative,Tenth Bristol
New Bedford,1,B,Jeffrey Gerald Swift,383,State Representative,Tenth Bristol
New Bedford,1,B,All Others,1,State Representative,Tenth Bristol
New Bedford,1,B,Blanks,54,State Representative,Tenth Bristol
New Bedford,1,B,Total Votes Cast,874,State Representative,Tenth Bristol
New Bedford,1,B1,"Paul Schmid, III",55,State Representative,Eighth Bristol
New Bedford,1,B1,Evan Gendreau,25,State Representative,Eighth Bristol
New Bedford,1,B1,All Others,0,State Representative,Eighth Bristol
New Bedford,1,B1,Blanks,9,State Representative,Eighth Bristol
New Bedford,1,B1,Total Votes Cast,89,State Representative,Eighth Bristol
New Bedford,1,C,"Paul Schmid, III",338,State Representative,Eighth Bristol
New Bedford,1,C,Evan Gendreau,276,State Representative,Eighth Bristol
New Bedford,1,C,All Others,1,State Representative,Eighth Bristol
New Bedford,1,C,Blanks,26,State Representative,Eighth Bristol
New Bedford,1,C,Total Votes Cast,641,State Representative,Eighth Bristol
New Bedford,1,C1,William M. Straus,71,State Representative,Tenth Bristol
New Bedford,1,C1,Jeffrey Gerald Swift,36,State Representative,Tenth Bristol
New Bedford,1,C1,All Others,0,State Representative,Tenth Bristol
New Bedford,1,C1,Blanks,4,State Representative,Tenth Bristol
New Bedford,1,C1,Total Votes Cast,111,State Representative,Tenth Bristol
New Bedford,1,D,Christopher M. Markey,707,State Representative,Ninth Bristol
New Bedford,1,D,All Others,27,State Representative,Ninth Bristol
New Bedford,1,D,Blanks,324,State Representative,Ninth Bristol
New Bedford,1,D,Total Votes Cast,1058,State Representative,Ninth Bristol
New Bedford,1,E,Christopher M. Markey,641,State Representative,Ninth Bristol
New Bedford,1,E,All Others,15,State Representative,Ninth Bristol
New Bedford,1,E,Blanks,212,State Representative,Ninth Bristol
New Bedford,1,E,Total Votes Cast,868,State Representative,Ninth Bristol
New Bedford,1,F,Christopher M. Markey,668,State Representative,Ninth Bristol
New Bedford,1,F,All Others,33,State Representative,Ninth Bristol
New Bedford,1,F,Blanks,248,State Representative,Ninth Bristol
New Bedford,1,F,Total Votes Cast,949,State Representative,Ninth Bristol
New Bedford,2,A,Christopher Hendricks,91,State Representative,Eleventh Bristol
New Bedford,2,A,All Others,7,State Representative,Eleventh Bristol
New Bedford,2,A,Blanks,18,State Representative,Eleventh Bristol
New Bedford,2,A,Total Votes Cast,116,State Representative,Eleventh Bristol
New Bedford,2,B,Christopher Hendricks,170,State Representative,Eleventh Bristol
New Bedford,2,B,All Others,11,State Representative,Eleventh Bristol
New Bedford,2,B,Blanks,46,State Representative,Eleventh Bristol
New Bedford,2,B,Total Votes Cast,227,State Representative,Eleventh Bristol
New Bedford,2,C,Christopher Hendricks,214,State Representative,Eleventh Bristol
New Bedford,2,C,All Others,9,State Representative,Eleventh Bristol
New Bedford,2,C,Blanks,66,State Representative,Eleventh Bristol
New Bedford,2,C,Total Votes Cast,289,State Representative,Eleventh Bristol
New Bedford,2,D,Christopher Hendricks,448,State Representative,Eleventh Bristol
New Bedford,2,D,All Others,13,State Representative,Eleventh Bristol
New Bedford,2,D,Blanks,159,State Representative,Eleventh Bristol
New Bedford,2,D,Total Votes Cast,620,State Representative,Eleventh Bristol
New Bedford,2,E,Christopher Hendricks,538,State Representative,Eleventh Bristol
New Bedford,2,E,All Others,25,State Representative,Eleventh Bristol
New Bedford,2,E,Blanks,218,State Representative,Eleventh Bristol
New Bedford,2,E,Total Votes Cast,781,State Representative,Eleventh Bristol
New Bedford,2,F,Christopher Hendricks,364,State Representative,Eleventh Bristol
New Bedford,2,F,All Others,20,State Representative,Eleventh Bristol
New Bedford,2,F,Blanks,102,State Representative,Eleventh Bristol
New Bedford,2,F,Total Votes Cast,486,State Representative,Eleventh Bristol
New Bedford,3,A,Christopher Hendricks,235,State Representative,Eleventh Bristol
New Bedford,3,A,All Others,13,State Representative,Eleventh Bristol
New Bedford,3,A,Blanks,47,State Representative,Eleventh Bristol
New Bedford,3,A,Total Votes Cast,295,State Representative,Eleventh Bristol
New Bedford,3,B,Christopher Hendricks,216,State Representative,Eleventh Bristol
New Bedford,3,B,All Others,2,State Representative,Eleventh Bristol
New Bedford,3,B,Blanks,49,State Representative,Eleventh Bristol
New Bedford,3,B,Total Votes Cast,267,State Representative,Eleventh Bristol
New Bedford,3,C,Christopher Hendricks,172,State Representative,Eleventh Bristol
New Bedford,3,C,All Others,4,State Representative,Eleventh Bristol
New Bedford,3,C,Blanks,68,State Representative,Eleventh Bristol
New Bedford,3,C,Total Votes Cast,244,State Representative,Eleventh Bristol
New Bedford,3,D,Christopher Hendricks,319,State Representative,Eleventh Bristol
New Bedford,3,D,All Others,9,State Representative,Eleventh Bristol
New Bedford,3,D,Blanks,120,State Representative,Eleventh Bristol
New Bedford,3,D,Total Votes Cast,448,State Representative,Eleventh Bristol
New Bedford,3,E,Antonio d. F. Cabral,507,State Representative,Thirteenth Bristol
New Bedford,3,E,All Others,23,State Representative,Thirteenth Bristol
New Bedford,3,E,Blanks,162,State Representative,Thirteenth Bristol
New Bedford,3,E,Total Votes Cast,692,State Representative,Thirteenth Bristol
New Bedford,3,F,Antonio d. F. Cabral,459,State Representative,Thirteenth Bristol
New Bedford,3,F,All Others,12,State Representative,Thirteenth Bristol
New Bedford,3,F,Blanks,166,State Representative,Thirteenth Bristol
New Bedford,3,F,Total Votes Cast,637,State Representative,Thirteenth Bristol
New Bedford,3,F1,Christopher Hendricks,203,State Representative,Eleventh Bristol
New Bedford,3,F1,All Others,3,State Representative,Eleventh Bristol
New Bedford,3,F1,Blanks,52,State Representative,Eleventh Bristol
New Bedford,3,F1,Total Votes Cast,258,State Representative,Eleventh Bristol
New Bedford,4,A,Antonio d. F. Cabral,125,State Representative,Thirteenth Bristol
New Bedford,4,A,All Others,3,State Representative,Thirteenth Bristol
New Bedford,4,A,Blanks,23,State Representative,Thirteenth Bristol
New Bedford,4,A,Total Votes Cast,151,State Representative,Thirteenth Bristol
New Bedford,4,A1,Christopher Hendricks,138,State Representative,Eleventh Bristol
New Bedford,4,A1,All Others,2,State Representative,Eleventh Bristol
New Bedford,4,A1,Blanks,32,State Representative,Eleventh Bristol
New Bedford,4,A1,Total Votes Cast,172,State Representative,Eleventh Bristol
New Bedford,4,B,Christopher Hendricks,441,State Representative,Eleventh Bristol
New Bedford,4,B,All Others,9,State Representative,Eleventh Bristol
New Bedford,4,B,Blanks,99,State Representative,Eleventh Bristol
New Bedford,4,B,Total Votes Cast,549,State Representative,Eleventh Bristol
New Bedford,4,C,Christopher Hendricks,452,State Representative,Eleventh Bristol
New Bedford,4,C,All Others,5,State Representative,Eleventh Bristol
New Bedford,4,C,Blanks,102,State Representative,Eleventh Bristol
New Bedford,4,C,Total Votes Cast,559,State Representative,Eleventh Bristol
New Bedford,4,D,Christopher Hendricks,408,State Representative,Eleventh Bristol
New Bedford,4,D,All Others,17,State Representative,Eleventh Bristol
New Bedford,4,D,Blanks,90,State Representative,Eleventh Bristol
New Bedford,4,D,Total Votes Cast,515,State Representative,Eleventh Bristol
New Bedford,4,E,Antonio d. F. Cabral,361,State Representative,Thirteenth Bristol
New Bedford,4,E,All Others,7,State Representative,Thirteenth Bristol
New Bedford,4,E,Blanks,102,State Representative,Thirteenth Bristol
New Bedford,4,E,Total Votes Cast,470,State Representative,Thirteenth Bristol
New Bedford,4,F,Christopher Hendricks,429,State Representative,Eleventh Bristol
New Bedford,4,F,All Others,8,State Representative,Eleventh Bristol
New Bedford,4,F,Blanks,116,State Representative,Eleventh Bristol
New Bedford,4,F,Total Votes Cast,553,State Representative,Eleventh Bristol
New Bedford,5,A,Antonio d. F. Cabral,324,State Representative,Thirteenth Bristol
New Bedford,5,A,All Others,7,State Representative,Thirteenth Bristol
New Bedford,5,A,Blanks,75,State Representative,Thirteenth Bristol
New Bedford,5,A,Total Votes Cast,406,State Representative,Thirteenth Bristol
New Bedford,5,B,Antonio d. F. Cabral,590,State Representative,Thirteenth Bristol
New Bedford,5,B,All Others,22,State Representative,Thirteenth Bristol
New Bedford,5,B,Blanks,175,State Representative,Thirteenth Bristol
New Bedford,5,B,Total Votes Cast,787,State Representative,Thirteenth Bristol
New Bedford,5,C,Antonio d. F. Cabral,472,State Representative,Thirteenth Bristol
New Bedford,5,C,All Others,17,State Representative,Thirteenth Bristol
New Bedford,5,C,Blanks,179,State Representative,Thirteenth Bristol
New Bedford,5,C,Total Votes Cast,668,State Representative,Thirteenth Bristol
New Bedford,5,D,Antonio d. F. Cabral,721,State Representative,Thirteenth Bristol
New Bedford,5,D,All Others,17,State Representative,Thirteenth Bristol
New Bedford,5,D,Blanks,171,State Representative,Thirteenth Bristol
New Bedford,5,D,Total Votes Cast,909,State Representative,Thirteenth Bristol
New Bedford,5,E,Antonio d. F. Cabral,725,State Representative,Thirteenth Bristol
New Bedford,5,E,All Others,23,State Representative,Thirteenth Bristol
New Bedford,5,E,Blanks,310,State Representative,Thirteenth Bristol
New Bedford,5,E,Total Votes Cast,1058,State Representative,Thirteenth Bristol
New Bedford,5,F,Antonio d. F. Cabral,700,State Representative,Thirteenth Bristol
New Bedford,5,F,All Others,26,State Representative,Thirteenth Bristol
New Bedford,5,F,Blanks,219,State Representative,Thirteenth Bristol
New Bedford,5,F,Total Votes Cast,945,State Representative,Thirteenth Bristol
New Bedford,6,A,Antonio d. F. Cabral,576,State Representative,Thirteenth Bristol
New Bedford,6,A,All Others,26,State Representative,Thirteenth Bristol
New Bedford,6,A,Blanks,202,State Representative,Thirteenth Bristol
New Bedford,6,A,Total Votes Cast,804,State Representative,Thirteenth Bristol
New Bedford,6,B,Antonio d. F. Cabral,448,State Representative,Thirteenth Bristol
New Bedford,6,B,All Others,11,State Representative,Thirteenth Bristol
New Bedford,6,B,Blanks,129,State Representative,Thirteenth Bristol
New Bedford,6,B,Total Votes Cast,588,State Representative,Thirteenth Bristol
New Bedford,6,C,Antonio d. F. Cabral,210,State Representative,Thirteenth Bristol
New Bedford,6,C,All Others,9,State Representative,Thirteenth Bristol
New Bedford,6,C,Blanks,53,State Representative,Thirteenth Bristol
New Bedford,6,C,Total Votes Cast,272,State Representative,Thirteenth Bristol
New Bedford,6,D,Antonio d. F. Cabral,182,State Representative,Thirteenth Bristol
New Bedford,6,D,All Others,4,State Representative,Thirteenth Bristol
New Bedford,6,D,Blanks,38,State Representative,Thirteenth Bristol
New Bedford,6,D,Total Votes Cast,224,State Representative,Thirteenth Bristol
New Bedford,6,E,Antonio d. F. Cabral,221,State Representative,Thirteenth Bristol
New Bedford,6,E,All Others,6,State Representative,Thirteenth Bristol
New Bedford,6,E,Blanks,47,State Representative,Thirteenth Bristol
New Bedford,6,E,Total Votes Cast,274,State Representative,Thirteenth Bristol
New Bedford,6,F,Antonio d. F. Cabral,356,State Representative,Thirteenth Bristol
New Bedford,6,F,All Others,12,State Representative,Thirteenth Bristol
New Bedford,6,F,Blanks,93,State Representative,Thirteenth Bristol
New Bedford,6,F,Total Votes Cast,461,State Representative,Thirteenth Bristol
New Braintree,,,"Donald R. Berthiaume, Jr",379,State Representative,Fifth Worcester
New Braintree,,,All Others,13,State Representative,Fifth Worcester
New Braintree,,,Blanks,96,State Representative,Fifth Worcester
New Braintree,,,Total Votes Cast,488,State Representative,Fifth Worcester
New Marlborough,,,"William ""Smitty"" Pignatelli",618,State Representative,Third Berkshire
New Marlborough,,,Michael Silvio Lavery,55,State Representative,Third Berkshire
New Marlborough,,,All Others,10,State Representative,Third Berkshire
New Marlborough,,,Blanks,83,State Representative,Third Berkshire
New Marlborough,,,Total Votes Cast,766,State Representative,Third Berkshire
New Salem,,,Aaron L. Saunders,315,State Representative,Seventh Hampden
New Salem,,,James Chip Harrington,227,State Representative,Seventh Hampden
New Salem,,,All Others,1,State Representative,Seventh Hampden
New Salem,,,Blanks,19,State Representative,Seventh Hampden
New Salem,,,Total Votes Cast,562,State Representative,Seventh Hampden
Newbury,-,1,Kristin E. Kassner,968,State Representative,Second Essex
Newbury,-,1,Leonard Mirra,966,State Representative,Second Essex
Newbury,-,1,All Others,0,State Representative,Second Essex
Newbury,-,1,Blanks,57,State Representative,Second Essex
Newbury,-,1,Total Votes Cast,1991,State Representative,Second Essex
Newbury,-,2,Kristin E. Kassner,907,State Representative,Second Essex
Newbury,-,2,Leonard Mirra,1021,State Representative,Second Essex
Newbury,-,2,All Others,1,State Representative,Second Essex
Newbury,-,2,Blanks,43,State Representative,Second Essex
Newbury,-,2,Total Votes Cast,1972,State Representative,Second Essex
Newburyport,1,1,Dawne F. Shand,990,State Representative,First Essex
Newburyport,1,1,Cj Fitzwater,341,State Representative,First Essex
Newburyport,1,1,All Others,0,State Representative,First Essex
Newburyport,1,1,Blanks,58,State Representative,First Essex
Newburyport,1,1,Total Votes Cast,1389,State Representative,First Essex
Newburyport,1,P,Dawne F. Shand,213,State Representative,First Essex
Newburyport,1,P,Cj Fitzwater,163,State Representative,First Essex
Newburyport,1,P,All Others,1,State Representative,First Essex
Newburyport,1,P,Blanks,16,State Representative,First Essex
Newburyport,1,P,Total Votes Cast,393,State Representative,First Essex
Newburyport,2,1,Dawne F. Shand,1185,State Representative,First Essex
Newburyport,2,1,Cj Fitzwater,401,State Representative,First Essex
Newburyport,2,1,All Others,1,State Representative,First Essex
Newburyport,2,1,Blanks,59,State Representative,First Essex
Newburyport,2,1,Total Votes Cast,1646,State Representative,First Essex
Newburyport,3,1,Dawne F. Shand,1238,State Representative,First Essex
Newburyport,3,1,Cj Fitzwater,429,State Representative,First Essex
Newburyport,3,1,All Others,4,State Representative,First Essex
Newburyport,3,1,Blanks,73,State Representative,First Essex
Newburyport,3,1,Total Votes Cast,1744,State Representative,First Essex
Newburyport,4,1,Dawne F. Shand,1177,State Representative,First Essex
Newburyport,4,1,Cj Fitzwater,485,State Representative,First Essex
Newburyport,4,1,All Others,1,State Representative,First Essex
Newburyport,4,1,Blanks,51,State Representative,First Essex
Newburyport,4,1,Total Votes Cast,1714,State Representative,First Essex
Newburyport,5,1,Dawne F. Shand,865,State Representative,First Essex
Newburyport,5,1,Cj Fitzwater,528,State Representative,First Essex
Newburyport,5,1,All Others,3,State Representative,First Essex
Newburyport,5,1,Blanks,51,State Representative,First Essex
Newburyport,5,1,Total Votes Cast,1447,State Representative,First Essex
Newburyport,6,1,Dawne F. Shand,949,State Representative,First Essex
Newburyport,6,1,Cj Fitzwater,567,State Representative,First Essex
Newburyport,6,1,All Others,3,State Representative,First Essex
Newburyport,6,1,Blanks,68,State Representative,First Essex
Newburyport,6,1,Total Votes Cast,1587,State Representative,First Essex
Newton,1,1,"John J. Lawn, Jr.",730,State Representative,Tenth Middlesex
Newton,1,1,All Others,13,State Representative,Tenth Middlesex
Newton,1,1,Blanks,224,State Representative,Tenth Middlesex
Newton,1,1,Total Votes Cast,967,State Representative,Tenth Middlesex
Newton,1,2,Kay S. Khan,911,State Representative,Eleventh Middlesex
Newton,1,2,All Others,19,State Representative,Eleventh Middlesex
Newton,1,2,Blanks,214,State Representative,Eleventh Middlesex
Newton,1,2,Total Votes Cast,1144,State Representative,Eleventh Middlesex
Newton,1,2A,"John J. Lawn, Jr.",48,State Representative,Tenth Middlesex
Newton,1,2A,All Others,1,State Representative,Tenth Middlesex
Newton,1,2A,Blanks,7,State Representative,Tenth Middlesex
Newton,1,2A,Total Votes Cast,56,State Representative,Tenth Middlesex
Newton,1,3,Kay S. Khan,938,State Representative,Eleventh Middlesex
Newton,1,3,All Others,12,State Representative,Eleventh Middlesex
Newton,1,3,Blanks,206,State Representative,Eleventh Middlesex
Newton,1,3,Total Votes Cast,1156,State Representative,Eleventh Middlesex
Newton,1,4,"John J. Lawn, Jr.",829,State Representative,Tenth Middlesex
Newton,1,4,All Others,9,State Representative,Tenth Middlesex
Newton,1,4,Blanks,273,State Representative,Tenth Middlesex
Newton,1,4,Total Votes Cast,1111,State Representative,Tenth Middlesex
Newton,2,1,Kay S. Khan,840,State Representative,Eleventh Middlesex
Newton,2,1,All Others,16,State Representative,Eleventh Middlesex
Newton,2,1,Blanks,238,State Representative,Eleventh Middlesex
Newton,2,1,Total Votes Cast,1094,State Representative,Eleventh Middlesex
Newton,2,2,Kay S. Khan,666,State Representative,Eleventh Middlesex
Newton,2,2,All Others,4,State Representative,Eleventh Middlesex
Newton,2,2,Blanks,195,State Representative,Eleventh Middlesex
Newton,2,2,Total Votes Cast,865,State Representative,Eleventh Middlesex
Newton,2,3,Kay S. Khan,1065,State Representative,Eleventh Middlesex
Newton,2,3,All Others,10,State Representative,Eleventh Middlesex
Newton,2,3,Blanks,279,State Representative,Eleventh Middlesex
Newton,2,3,Total Votes Cast,1354,State Representative,Eleventh Middlesex
Newton,2,4,Kay S. Khan,1153,State Representative,Eleventh Middlesex
Newton,2,4,All Others,17,State Representative,Eleventh Middlesex
Newton,2,4,Blanks,307,State Representative,Eleventh Middlesex
Newton,2,4,Total Votes Cast,1477,State Representative,Eleventh Middlesex
Newton,3,1,Kay S. Khan,963,State Representative,Eleventh Middlesex
Newton,3,1,All Others,16,State Representative,Eleventh Middlesex
Newton,3,1,Blanks,287,State Representative,Eleventh Middlesex
Newton,3,1,Total Votes Cast,1266,State Representative,Eleventh Middlesex
Newton,3,1A,"John J. Lawn, Jr.",0,State Representative,Tenth Middlesex
Newton,3,1A,All Others,0,State Representative,Tenth Middlesex
Newton,3,1A,Blanks,0,State Representative,Tenth Middlesex
Newton,3,1A,Total Votes Cast,0,State Representative,Tenth Middlesex
Newton,3,2,Kay S. Khan,1032,State Representative,Eleventh Middlesex
Newton,3,2,All Others,16,State Representative,Eleventh Middlesex
Newton,3,2,Blanks,272,State Representative,Eleventh Middlesex
Newton,3,2,Total Votes Cast,1320,State Representative,Eleventh Middlesex
Newton,3,3,Kay S. Khan,914,State Representative,Eleventh Middlesex
Newton,3,3,All Others,16,State Representative,Eleventh Middlesex
Newton,3,3,Blanks,339,State Representative,Eleventh Middlesex
Newton,3,3,Total Votes Cast,1269,State Representative,Eleventh Middlesex
Newton,3,4,"John J. Lawn, Jr.",897,State Representative,Tenth Middlesex
Newton,3,4,All Others,26,State Representative,Tenth Middlesex
Newton,3,4,Blanks,337,State Representative,Tenth Middlesex
Newton,3,4,Total Votes Cast,1260,State Representative,Tenth Middlesex
Newton,4,1,Kay S. Khan,887,State Representative,Eleventh Middlesex
Newton,4,1,All Others,14,State Representative,Eleventh Middlesex
Newton,4,1,Blanks,234,State Representative,Eleventh Middlesex
Newton,4,1,Total Votes Cast,1135,State Representative,Eleventh Middlesex
Newton,4,2,Kay S. Khan,870,State Representative,Eleventh Middlesex
Newton,4,2,All Others,22,State Representative,Eleventh Middlesex
Newton,4,2,Blanks,204,State Representative,Eleventh Middlesex
Newton,4,2,Total Votes Cast,1096,State Representative,Eleventh Middlesex
Newton,4,3,Kay S. Khan,633,State Representative,Eleventh Middlesex
Newton,4,3,All Others,9,State Representative,Eleventh Middlesex
Newton,4,3,Blanks,165,State Representative,Eleventh Middlesex
Newton,4,3,Total Votes Cast,807,State Representative,Eleventh Middlesex
Newton,4,4,Kay S. Khan,769,State Representative,Eleventh Middlesex
Newton,4,4,All Others,24,State Representative,Eleventh Middlesex
Newton,4,4,Blanks,275,State Representative,Eleventh Middlesex
Newton,4,4,Total Votes Cast,1068,State Representative,Eleventh Middlesex
Newton,5,1,Ruth B. Balser,879,State Representative,Twelfth Middlesex
Newton,5,1,All Others,22,State Representative,Twelfth Middlesex
Newton,5,1,Blanks,217,State Representative,Twelfth Middlesex
Newton,5,1,Total Votes Cast,1118,State Representative,Twelfth Middlesex
Newton,5,2,Ruth B. Balser,1003,State Representative,Twelfth Middlesex
Newton,5,2,All Others,13,State Representative,Twelfth Middlesex
Newton,5,2,Blanks,213,State Representative,Twelfth Middlesex
Newton,5,2,Total Votes Cast,1229,State Representative,Twelfth Middlesex
Newton,5,3,Ruth B. Balser,1135,State Representative,Twelfth Middlesex
Newton,5,3,All Others,9,State Representative,Twelfth Middlesex
Newton,5,3,Blanks,291,State Representative,Twelfth Middlesex
Newton,5,3,Total Votes Cast,1435,State Representative,Twelfth Middlesex
Newton,5,4,Ruth B. Balser,1121,State Representative,Twelfth Middlesex
Newton,5,4,All Others,8,State Representative,Twelfth Middlesex
Newton,5,4,Blanks,287,State Representative,Twelfth Middlesex
Newton,5,4,Total Votes Cast,1416,State Representative,Twelfth Middlesex
Newton,6,1,Ruth B. Balser,902,State Representative,Twelfth Middlesex
Newton,6,1,All Others,11,State Representative,Twelfth Middlesex
Newton,6,1,Blanks,242,State Representative,Twelfth Middlesex
Newton,6,1,Total Votes Cast,1155,State Representative,Twelfth Middlesex
Newton,6,2,Ruth B. Balser,926,State Representative,Twelfth Middlesex
Newton,6,2,All Others,10,State Representative,Twelfth Middlesex
Newton,6,2,Blanks,239,State Representative,Twelfth Middlesex
Newton,6,2,Total Votes Cast,1175,State Representative,Twelfth Middlesex
Newton,6,3,Ruth B. Balser,1110,State Representative,Twelfth Middlesex
Newton,6,3,All Others,13,State Representative,Twelfth Middlesex
Newton,6,3,Blanks,236,State Representative,Twelfth Middlesex
Newton,6,3,Total Votes Cast,1359,State Representative,Twelfth Middlesex
Newton,6,4,Ruth B. Balser,1174,State Representative,Twelfth Middlesex
Newton,6,4,All Others,7,State Representative,Twelfth Middlesex
Newton,6,4,Blanks,296,State Representative,Twelfth Middlesex
Newton,6,4,Total Votes Cast,1477,State Representative,Twelfth Middlesex
Newton,7,1,Ruth B. Balser,747,State Representative,Twelfth Middlesex
Newton,7,1,All Others,9,State Representative,Twelfth Middlesex
Newton,7,1,Blanks,250,State Representative,Twelfth Middlesex
Newton,7,1,Total Votes Cast,1006,State Representative,Twelfth Middlesex
Newton,7,2,Kay S. Khan,1032,State Representative,Eleventh Middlesex
Newton,7,2,All Others,13,State Representative,Eleventh Middlesex
Newton,7,2,Blanks,348,State Representative,Eleventh Middlesex
Newton,7,2,Total Votes Cast,1393,State Representative,Eleventh Middlesex
Newton,7,3,Kay S. Khan,273,State Representative,Eleventh Middlesex
Newton,7,3,All Others,7,State Representative,Eleventh Middlesex
Newton,7,3,Blanks,107,State Representative,Eleventh Middlesex
Newton,7,3,Total Votes Cast,387,State Representative,Eleventh Middlesex
Newton,7,4,Kay S. Khan,448,State Representative,Eleventh Middlesex
Newton,7,4,All Others,14,State Representative,Eleventh Middlesex
Newton,7,4,Blanks,187,State Representative,Eleventh Middlesex
Newton,7,4,Total Votes Cast,649,State Representative,Eleventh Middlesex
Newton,8,1,Ruth B. Balser,883,State Representative,Twelfth Middlesex
Newton,8,1,All Others,23,State Representative,Twelfth Middlesex
Newton,8,1,Blanks,315,State Representative,Twelfth Middlesex
Newton,8,1,Total Votes Cast,1221,State Representative,Twelfth Middlesex
Newton,8,2,Ruth B. Balser,824,State Representative,Twelfth Middlesex
Newton,8,2,All Others,16,State Representative,Twelfth Middlesex
Newton,8,2,Blanks,274,State Representative,Twelfth Middlesex
Newton,8,2,Total Votes Cast,1114,State Representative,Twelfth Middlesex
Newton,8,3,Ruth B. Balser,921,State Representative,Twelfth Middlesex
Newton,8,3,All Others,16,State Representative,Twelfth Middlesex
Newton,8,3,Blanks,282,State Representative,Twelfth Middlesex
Newton,8,3,Total Votes Cast,1219,State Representative,Twelfth Middlesex
Newton,8,4,Ruth B. Balser,811,State Representative,Twelfth Middlesex
Newton,8,4,All Others,18,State Representative,Twelfth Middlesex
Newton,8,4,Blanks,272,State Representative,Twelfth Middlesex
Newton,8,4,Total Votes Cast,1101,State Representative,Twelfth Middlesex
Norfolk,-,1,Marcus S. Vaughn,392,State Representative,Ninth Norfolk
Norfolk,-,1,Kevin Kalkut,500,State Representative,Ninth Norfolk
Norfolk,-,1,All Others,1,State Representative,Ninth Norfolk
Norfolk,-,1,Blanks,13,State Representative,Ninth Norfolk
Norfolk,-,1,Total Votes Cast,906,State Representative,Ninth Norfolk
Norfolk,-,2,Marcus S. Vaughn,726,State Representative,Ninth Norfolk
Norfolk,-,2,Kevin Kalkut,871,State Representative,Ninth Norfolk
Norfolk,-,2,All Others,1,State Representative,Ninth Norfolk
Norfolk,-,2,Blanks,34,State Representative,Ninth Norfolk
Norfolk,-,2,Total Votes Cast,1632,State Representative,Ninth Norfolk
Norfolk,-,3,Marcus S. Vaughn,649,State Representative,Ninth Norfolk
Norfolk,-,3,Kevin Kalkut,717,State Representative,Ninth Norfolk
Norfolk,-,3,All Others,2,State Representative,Ninth Norfolk
Norfolk,-,3,Blanks,19,State Representative,Ninth Norfolk
Norfolk,-,3,Total Votes Cast,1387,State Representative,Ninth Norfolk
Norfolk,-,4,Marcus S. Vaughn,618,State Representative,Ninth Norfolk
Norfolk,-,4,Kevin Kalkut,810,State Representative,Ninth Norfolk
Norfolk,-,4,All Others,1,State Representative,Ninth Norfolk
Norfolk,-,4,Blanks,23,State Representative,Ninth Norfolk
Norfolk,-,4,Total Votes Cast,1452,State Representative,Ninth Norfolk
Northampton,1,A,Lindsay N. Sabadosa,820,State Representative,First Hampshire
Northampton,1,A,All Others,0,State Representative,First Hampshire
Northampton,1,A,Blanks,109,State Representative,First Hampshire
Northampton,1,A,Total Votes Cast,929,State Representative,First Hampshire
Northampton,1,B,Lindsay N. Sabadosa,994,State Representative,First Hampshire
Northampton,1,B,All Others,1,State Representative,First Hampshire
Northampton,1,B,Blanks,113,State Representative,First Hampshire
Northampton,1,B,Total Votes Cast,1108,State Representative,First Hampshire
Northampton,2,A,Lindsay N. Sabadosa,768,State Representative,First Hampshire
Northampton,2,A,All Others,3,State Representative,First Hampshire
Northampton,2,A,Blanks,57,State Representative,First Hampshire
Northampton,2,A,Total Votes Cast,828,State Representative,First Hampshire
Northampton,2,B,Lindsay N. Sabadosa,600,State Representative,First Hampshire
Northampton,2,B,All Others,0,State Representative,First Hampshire
Northampton,2,B,Blanks,51,State Representative,First Hampshire
Northampton,2,B,Total Votes Cast,651,State Representative,First Hampshire
Northampton,3,A,Lindsay N. Sabadosa,787,State Representative,First Hampshire
Northampton,3,A,All Others,3,State Representative,First Hampshire
Northampton,3,A,Blanks,93,State Representative,First Hampshire
Northampton,3,A,Total Votes Cast,883,State Representative,First Hampshire
Northampton,3,B,Lindsay N. Sabadosa,900,State Representative,First Hampshire
Northampton,3,B,All Others,8,State Representative,First Hampshire
Northampton,3,B,Blanks,101,State Representative,First Hampshire
Northampton,3,B,Total Votes Cast,1009,State Representative,First Hampshire
Northampton,4,A,Lindsay N. Sabadosa,665,State Representative,First Hampshire
Northampton,4,A,All Others,4,State Representative,First Hampshire
Northampton,4,A,Blanks,65,State Representative,First Hampshire
Northampton,4,A,Total Votes Cast,734,State Representative,First Hampshire
Northampton,4,B,Lindsay N. Sabadosa,999,State Representative,First Hampshire
Northampton,4,B,All Others,1,State Representative,First Hampshire
Northampton,4,B,Blanks,122,State Representative,First Hampshire
Northampton,4,B,Total Votes Cast,1122,State Representative,First Hampshire
Northampton,5,A,Lindsay N. Sabadosa,811,State Representative,First Hampshire
Northampton,5,A,All Others,5,State Representative,First Hampshire
Northampton,5,A,Blanks,88,State Representative,First Hampshire
Northampton,5,A,Total Votes Cast,904,State Representative,First Hampshire
Northampton,5,B,Lindsay N. Sabadosa,1006,State Representative,First Hampshire
Northampton,5,B,All Others,4,State Representative,First Hampshire
Northampton,5,B,Blanks,102,State Representative,First Hampshire
Northampton,5,B,Total Votes Cast,1112,State Representative,First Hampshire
Northampton,6,A,Lindsay N. Sabadosa,1022,State Representative,First Hampshire
Northampton,6,A,All Others,3,State Representative,First Hampshire
Northampton,6,A,Blanks,207,State Representative,First Hampshire
Northampton,6,A,Total Votes Cast,1232,State Representative,First Hampshire
Northampton,6,B,Lindsay N. Sabadosa,1040,State Representative,First Hampshire
Northampton,6,B,All Others,4,State Representative,First Hampshire
Northampton,6,B,Blanks,177,State Representative,First Hampshire
Northampton,6,B,Total Votes Cast,1221,State Representative,First Hampshire
Northampton,7,A,Lindsay N. Sabadosa,923,State Representative,First Hampshire
Northampton,7,A,All Others,3,State Representative,First Hampshire
Northampton,7,A,Blanks,156,State Representative,First Hampshire
Northampton,7,A,Total Votes Cast,1082,State Representative,First Hampshire
Northampton,7,B,Lindsay N. Sabadosa,934,State Representative,First Hampshire
Northampton,7,B,All Others,3,State Representative,First Hampshire
Northampton,7,B,Blanks,168,State Representative,First Hampshire
Northampton,7,B,Total Votes Cast,1105,State Representative,First Hampshire
Northborough,-,1,Kate Donaghue,1102,State Representative,Nineteenth Worcester
Northborough,-,1,Jonathan I. Hostage,557,State Representative,Nineteenth Worcester
Northborough,-,1,All Others,0,State Representative,Nineteenth Worcester
Northborough,-,1,Blanks,51,State Representative,Nineteenth Worcester
Northborough,-,1,Total Votes Cast,1710,State Representative,Nineteenth Worcester
Northborough,-,2,Kate Donaghue,1106,State Representative,Nineteenth Worcester
Northborough,-,2,Jonathan I. Hostage,527,State Representative,Nineteenth Worcester
Northborough,-,2,All Others,1,State Representative,Nineteenth Worcester
Northborough,-,2,Blanks,60,State Representative,Nineteenth Worcester
Northborough,-,2,Total Votes Cast,1694,State Representative,Nineteenth Worcester
Northborough,-,3,Kate Donaghue,1124,State Representative,Nineteenth Worcester
Northborough,-,3,Jonathan I. Hostage,611,State Representative,Nineteenth Worcester
Northborough,-,3,All Others,1,State Representative,Nineteenth Worcester
Northborough,-,3,Blanks,64,State Representative,Nineteenth Worcester
Northborough,-,3,Total Votes Cast,1800,State Representative,Nineteenth Worcester
Northborough,,,Meghan Kilcoyne,1121,State Representative,Twelfth Worcester
Northborough,,,Michael A. Vulcano,701,State Representative,Twelfth Worcester
Northborough,,,All Others,1,State Representative,Twelfth Worcester
Northborough,,,Blanks,61,State Representative,Twelfth Worcester
Northborough,,,Total Votes Cast,1884,State Representative,Twelfth Worcester
Northbridge,-,1,"David K. Muradian, Jr",1003,State Representative,Ninth Worcester
Northbridge,-,1,All Others,5,State Representative,Ninth Worcester
Northbridge,-,1,Blanks,327,State Representative,Ninth Worcester
Northbridge,-,1,Total Votes Cast,1335,State Representative,Ninth Worcester
Northbridge,-,2,"David K. Muradian, Jr",839,State Representative,Ninth Worcester
Northbridge,-,2,All Others,3,State Representative,Ninth Worcester
Northbridge,-,2,Blanks,257,State Representative,Ninth Worcester
Northbridge,-,2,Total Votes Cast,1099,State Representative,Ninth Worcester
Northbridge,-,3,"David K. Muradian, Jr",866,State Representative,Ninth Worcester
Northbridge,-,3,All Others,6,State Representative,Ninth Worcester
Northbridge,-,3,Blanks,209,State Representative,Ninth Worcester
Northbridge,-,3,Total Votes Cast,1081,State Representative,Ninth Worcester
Northbridge,-,4,"David K. Muradian, Jr",1161,State Representative,Ninth Worcester
Northbridge,-,4,All Others,11,State Representative,Ninth Worcester
Northbridge,-,4,Blanks,318,State Representative,Ninth Worcester
Northbridge,-,4,Total Votes Cast,1490,State Representative,Ninth Worcester
Northbridge,-,5,"David K. Muradian, Jr",1040,State Representative,Ninth Worcester
Northbridge,-,5,All Others,6,State Representative,Ninth Worcester
Northbridge,-,5,Blanks,312,State Representative,Ninth Worcester
Northbridge,-,5,Total Votes Cast,1358,State Representative,Ninth Worcester
Northfield,,,Susannah M. Whipps,868,State Representative,Second Franklin
Northfield,,,Jeffrey L. Raymond,389,State Representative,Second Franklin
Northfield,,,Kevin Patrick McKeown,112,State Representative,Second Franklin
Northfield,,,All Others,2,State Representative,Second Franklin
Northfield,,,Blanks,92,State Representative,Second Franklin
Northfield,,,Total Votes Cast,1463,State Representative,Second Franklin
Norton,-,1,Steven S. Howitt,1154,State Representative,Fourth Bristol
Norton,-,1,All Others,25,State Representative,Fourth Bristol
Norton,-,1,Blanks,480,State Representative,Fourth Bristol
Norton,-,1,Total Votes Cast,1659,State Representative,Fourth Bristol
Norton,-,2,Steven S. Howitt,1091,State Representative,Fourth Bristol
Norton,-,2,All Others,28,State Representative,Fourth Bristol
Norton,-,2,Blanks,482,State Representative,Fourth Bristol
Norton,-,2,Total Votes Cast,1601,State Representative,Fourth Bristol
Norton,-,3,Fred Jay Barrows,849,State Representative,First Bristol
Norton,-,3,Brendan A. Roche,624,State Representative,First Bristol
Norton,-,3,All Others,0,State Representative,First Bristol
Norton,-,3,Blanks,66,State Representative,First Bristol
Norton,-,3,Total Votes Cast,1539,State Representative,First Bristol
Norton,-,4,Fred Jay Barrows,924,State Representative,First Bristol
Norton,-,4,Brendan A. Roche,664,State Representative,First Bristol
Norton,-,4,All Others,0,State Representative,First Bristol
Norton,-,4,Blanks,49,State Representative,First Bristol
Norton,-,4,Total Votes Cast,1637,State Representative,First Bristol
Norton,-,5,Fred Jay Barrows,568,State Representative,First Bristol
Norton,-,5,Brendan A. Roche,387,State Representative,First Bristol
Norton,-,5,All Others,2,State Representative,First Bristol
Norton,-,5,Blanks,29,State Representative,First Bristol
Norton,-,5,Total Votes Cast,986,State Representative,First Bristol
Norwell,-,1,David F. Decoste,892,State Representative,Fifth Plymouth
Norwell,-,1,Emmanuel J. Dockter,808,State Representative,Fifth Plymouth
Norwell,-,1,All Others,0,State Representative,Fifth Plymouth
Norwell,-,1,Blanks,51,State Representative,Fifth Plymouth
Norwell,-,1,Total Votes Cast,1751,State Representative,Fifth Plymouth
Norwell,-,2,David F. Decoste,1038,State Representative,Fifth Plymouth
Norwell,-,2,Emmanuel J. Dockter,911,State Representative,Fifth Plymouth
Norwell,-,2,All Others,1,State Representative,Fifth Plymouth
Norwell,-,2,Blanks,50,State Representative,Fifth Plymouth
Norwell,-,2,Total Votes Cast,2000,State Representative,Fifth Plymouth
Norwell,,,Patrick Joseph Kearney,1309,State Representative,Fourth Plymouth
Norwell,,,All Others,33,State Representative,Fourth Plymouth
Norwell,,,Blanks,533,State Representative,Fourth Plymouth
Norwell,,,Total Votes Cast,1875,State Representative,Fourth Plymouth
Norwood,-,1,John H. Rogers,1036,State Representative,Twelfth Norfolk
Norwood,-,1,All Others,22,State Representative,Twelfth Norfolk
Norwood,-,1,Blanks,353,State Representative,Twelfth Norfolk
Norwood,-,1,Total Votes Cast,1411,State Representative,Twelfth Norfolk
Norwood,-,2,John H. Rogers,938,State Representative,Twelfth Norfolk
Norwood,-,2,All Others,15,State Representative,Twelfth Norfolk
Norwood,-,2,Blanks,331,State Representative,Twelfth Norfolk
Norwood,-,2,Total Votes Cast,1284,State Representative,Twelfth Norfolk
Norwood,-,3,John H. Rogers,1027,State Representative,Twelfth Norfolk
Norwood,-,3,All Others,26,State Representative,Twelfth Norfolk
Norwood,-,3,Blanks,378,State Representative,Twelfth Norfolk
Norwood,-,3,Total Votes Cast,1431,State Representative,Twelfth Norfolk
Norwood,-,4,John H. Rogers,1160,State Representative,Twelfth Norfolk
Norwood,-,4,All Others,27,State Representative,Twelfth Norfolk
Norwood,-,4,Blanks,449,State Representative,Twelfth Norfolk
Norwood,-,4,Total Votes Cast,1636,State Representative,Twelfth Norfolk
Norwood,-,5,John H. Rogers,636,State Representative,Twelfth Norfolk
Norwood,-,5,All Others,14,State Representative,Twelfth Norfolk
Norwood,-,5,Blanks,192,State Representative,Twelfth Norfolk
Norwood,-,5,Total Votes Cast,842,State Representative,Twelfth Norfolk
Norwood,-,6,John H. Rogers,692,State Representative,Twelfth Norfolk
Norwood,-,6,All Others,13,State Representative,Twelfth Norfolk
Norwood,-,6,Blanks,289,State Representative,Twelfth Norfolk
Norwood,-,6,Total Votes Cast,994,State Representative,Twelfth Norfolk
Norwood,-,7,John H. Rogers,950,State Representative,Twelfth Norfolk
Norwood,-,7,All Others,34,State Representative,Twelfth Norfolk
Norwood,-,7,Blanks,345,State Representative,Twelfth Norfolk
Norwood,-,7,Total Votes Cast,1329,State Representative,Twelfth Norfolk
Norwood,-,8,John H. Rogers,1086,State Representative,Twelfth Norfolk
Norwood,-,8,All Others,34,State Representative,Twelfth Norfolk
Norwood,-,8,Blanks,370,State Representative,Twelfth Norfolk
Norwood,-,8,Total Votes Cast,1490,State Representative,Twelfth Norfolk
Norwood,-,9,John H. Rogers,1041,State Representative,Twelfth Norfolk
Norwood,-,9,All Others,35,State Representative,Twelfth Norfolk
Norwood,-,9,Blanks,390,State Representative,Twelfth Norfolk
Norwood,-,9,Total Votes Cast,1466,State Representative,Twelfth Norfolk
Oak Bluffs,,,Dylan A. Fernandes,1829,State Representative,"Barnstable, Dukes and Nantucket"
Oak Bluffs,,,All Others,18,State Representative,"Barnstable, Dukes and Nantucket"
Oak Bluffs,,,Blanks,473,State Representative,"Barnstable, Dukes and Nantucket"
Oak Bluffs,,,Total Votes Cast,2320,State Representative,"Barnstable, Dukes and Nantucket"
Oakham,,,"Donald R. Berthiaume, Jr",716,State Representative,Fifth Worcester
Oakham,,,All Others,6,State Representative,Fifth Worcester
Oakham,,,Blanks,212,State Representative,Fifth Worcester
Oakham,,,Total Votes Cast,934,State Representative,Fifth Worcester
Orange,-,1,Susannah M. Whipps,801,State Representative,Second Franklin
Orange,-,1,Jeffrey L. Raymond,452,State Representative,Second Franklin
Orange,-,1,Kevin Patrick McKeown,31,State Representative,Second Franklin
Orange,-,1,All Others,1,State Representative,Second Franklin
Orange,-,1,Blanks,63,State Representative,Second Franklin
Orange,-,1,Total Votes Cast,1348,State Representative,Second Franklin
Orange,-,2,Susannah M. Whipps,855,State Representative,Second Franklin
Orange,-,2,Jeffrey L. Raymond,415,State Representative,Second Franklin
Orange,-,2,Kevin Patrick McKeown,32,State Representative,Second Franklin
Orange,-,2,All Others,2,State Representative,Second Franklin
Orange,-,2,Blanks,51,State Representative,Second Franklin
Orange,-,2,Total Votes Cast,1355,State Representative,Second Franklin
Orleans,-,1,Sarah K. Peake,1538,State Representative,Fourth Barnstable
Orleans,-,1,All Others,17,State Representative,Fourth Barnstable
Orleans,-,1,Blanks,442,State Representative,Fourth Barnstable
Orleans,-,1,Total Votes Cast,1997,State Representative,Fourth Barnstable
Orleans,-,2,Sarah K. Peake,1436,State Representative,Fourth Barnstable
Orleans,-,2,All Others,21,State Representative,Fourth Barnstable
Orleans,-,2,Blanks,582,State Representative,Fourth Barnstable
Orleans,-,2,Total Votes Cast,2039,State Representative,Fourth Barnstable
Otis,,,"William ""Smitty"" Pignatelli",552,State Representative,Third Berkshire
Otis,,,Michael Silvio Lavery,99,State Representative,Third Berkshire
Otis,,,All Others,3,State Representative,Third Berkshire
Otis,,,Blanks,115,State Representative,Third Berkshire
Otis,,,Total Votes Cast,769,State Representative,Third Berkshire
Oxford,-,1,Joseph D. Mckenna,1058,State Representative,Eighteenth Worcester
Oxford,-,1,All Others,0,State Representative,Eighteenth Worcester
Oxford,-,1,Blanks,300,State Representative,Eighteenth Worcester
Oxford,-,1,Total Votes Cast,1358,State Representative,Eighteenth Worcester
Oxford,-,2,Paul K. Frost,915,State Representative,Seventh Worcester
Oxford,-,2,Terry Burke Dotson,262,State Representative,Seventh Worcester
Oxford,-,2,All Others,0,State Representative,Seventh Worcester
Oxford,-,2,Blanks,116,State Representative,Seventh Worcester
Oxford,-,2,Total Votes Cast,1293,State Representative,Seventh Worcester
Oxford,-,3,Paul K. Frost,917,State Representative,Seventh Worcester
Oxford,-,3,Terry Burke Dotson,268,State Representative,Seventh Worcester
Oxford,-,3,All Others,0,State Representative,Seventh Worcester
Oxford,-,3,Blanks,124,State Representative,Seventh Worcester
Oxford,-,3,Total Votes Cast,1309,State Representative,Seventh Worcester
Oxford,-,4,Joseph D. Mckenna,985,State Representative,Eighteenth Worcester
Oxford,-,4,All Others,0,State Representative,Eighteenth Worcester
Oxford,-,4,Blanks,237,State Representative,Eighteenth Worcester
Oxford,-,4,Total Votes Cast,1222,State Representative,Eighteenth Worcester
Oxford,-,4A,Paul K. Frost,17,State Representative,Seventh Worcester
Oxford,-,4A,Terry Burke Dotson,2,State Representative,Seventh Worcester
Oxford,-,4A,All Others,0,State Representative,Seventh Worcester
Oxford,-,4A,Blanks,1,State Representative,Seventh Worcester
Oxford,-,4A,Total Votes Cast,20,State Representative,Seventh Worcester
Palmer,-,1,Todd M. Smola,1017,State Representative,First Hampden
Palmer,-,1,All Others,18,State Representative,First Hampden
Palmer,-,1,Blanks,196,State Representative,First Hampden
Palmer,-,1,Total Votes Cast,1231,State Representative,First Hampden
Palmer,-,2,Todd M. Smola,1029,State Representative,First Hampden
Palmer,-,2,All Others,19,State Representative,First Hampden
Palmer,-,2,Blanks,188,State Representative,First Hampden
Palmer,-,2,Total Votes Cast,1236,State Representative,First Hampden
Palmer,-,3,Todd M. Smola,751,State Representative,First Hampden
Palmer,-,3,All Others,15,State Representative,First Hampden
Palmer,-,3,Blanks,163,State Representative,First Hampden
Palmer,-,3,Total Votes Cast,929,State Representative,First Hampden
Palmer,-,4,Todd M. Smola,879,State Representative,First Hampden
Palmer,-,4,All Others,11,State Representative,First Hampden
Palmer,-,4,Blanks,154,State Representative,First Hampden
Palmer,-,4,Total Votes Cast,1044,State Representative,First Hampden
Paxton,,,Kimberly N. Ferguson,1606,State Representative,First Worcester
Paxton,,,All Others,16,State Representative,First Worcester
Paxton,,,Blanks,592,State Representative,First Worcester
Paxton,,,Total Votes Cast,2214,State Representative,First Worcester
Peabody,1,1,Thomas P. Walsh,947,State Representative,Twelfth Essex
Peabody,1,1,All Others,32,State Representative,Twelfth Essex
Peabody,1,1,Blanks,280,State Representative,Twelfth Essex
Peabody,1,1,Total Votes Cast,1259,State Representative,Twelfth Essex
Peabody,1,2,Thomas P. Walsh,1005,State Representative,Twelfth Essex
Peabody,1,2,All Others,33,State Representative,Twelfth Essex
Peabody,1,2,Blanks,343,State Representative,Twelfth Essex
Peabody,1,2,Total Votes Cast,1381,State Representative,Twelfth Essex
Peabody,1,3,Thomas P. Walsh,1048,State Representative,Twelfth Essex
Peabody,1,3,All Others,34,State Representative,Twelfth Essex
Peabody,1,3,Blanks,320,State Representative,Twelfth Essex
Peabody,1,3,Total Votes Cast,1402,State Representative,Twelfth Essex
Peabody,2,1,Thomas P. Walsh,589,State Representative,Twelfth Essex
Peabody,2,1,All Others,17,State Representative,Twelfth Essex
Peabody,2,1,Blanks,120,State Representative,Twelfth Essex
Peabody,2,1,Total Votes Cast,726,State Representative,Twelfth Essex
Peabody,2,2,Thomas P. Walsh,550,State Representative,Twelfth Essex
Peabody,2,2,All Others,18,State Representative,Twelfth Essex
Peabody,2,2,Blanks,123,State Representative,Twelfth Essex
Peabody,2,2,Total Votes Cast,691,State Representative,Twelfth Essex
Peabody,2,3,Thomas P. Walsh,746,State Representative,Twelfth Essex
Peabody,2,3,All Others,14,State Representative,Twelfth Essex
Peabody,2,3,Blanks,182,State Representative,Twelfth Essex
Peabody,2,3,Total Votes Cast,942,State Representative,Twelfth Essex
Peabody,3,1,Thomas P. Walsh,435,State Representative,Twelfth Essex
Peabody,3,1,All Others,11,State Representative,Twelfth Essex
Peabody,3,1,Blanks,91,State Representative,Twelfth Essex
Peabody,3,1,Total Votes Cast,537,State Representative,Twelfth Essex
Peabody,3,2,Thomas P. Walsh,691,State Representative,Twelfth Essex
Peabody,3,2,All Others,18,State Representative,Twelfth Essex
Peabody,3,2,Blanks,171,State Representative,Twelfth Essex
Peabody,3,2,Total Votes Cast,880,State Representative,Twelfth Essex
Peabody,3,3,Thomas P. Walsh,767,State Representative,Twelfth Essex
Peabody,3,3,All Others,22,State Representative,Twelfth Essex
Peabody,3,3,Blanks,248,State Representative,Twelfth Essex
Peabody,3,3,Total Votes Cast,1037,State Representative,Twelfth Essex
Peabody,4,1,Thomas P. Walsh,865,State Representative,Twelfth Essex
Peabody,4,1,All Others,33,State Representative,Twelfth Essex
Peabody,4,1,Blanks,226,State Representative,Twelfth Essex
Peabody,4,1,Total Votes Cast,1124,State Representative,Twelfth Essex
Peabody,4,2,Thomas P. Walsh,541,State Representative,Twelfth Essex
Peabody,4,2,All Others,14,State Representative,Twelfth Essex
Peabody,4,2,Blanks,170,State Representative,Twelfth Essex
Peabody,4,2,Total Votes Cast,725,State Representative,Twelfth Essex
Peabody,4,3,Thomas P. Walsh,352,State Representative,Twelfth Essex
Peabody,4,3,All Others,3,State Representative,Twelfth Essex
Peabody,4,3,Blanks,128,State Representative,Twelfth Essex
Peabody,4,3,Total Votes Cast,483,State Representative,Twelfth Essex
Peabody,4,3A,Thomas P. Walsh,990,State Representative,Twelfth Essex
Peabody,4,3A,All Others,5,State Representative,Twelfth Essex
Peabody,4,3A,Blanks,309,State Representative,Twelfth Essex
Peabody,4,3A,Total Votes Cast,1304,State Representative,Twelfth Essex
Peabody,5,1,Thomas P. Walsh,1073,State Representative,Twelfth Essex
Peabody,5,1,All Others,28,State Representative,Twelfth Essex
Peabody,5,1,Blanks,397,State Representative,Twelfth Essex
Peabody,5,1,Total Votes Cast,1498,State Representative,Twelfth Essex
Peabody,5,2,Thomas P. Walsh,686,State Representative,Twelfth Essex
Peabody,5,2,All Others,20,State Representative,Twelfth Essex
Peabody,5,2,Blanks,320,State Representative,Twelfth Essex
Peabody,5,2,Total Votes Cast,1026,State Representative,Twelfth Essex
Peabody,5,3,Thomas P. Walsh,736,State Representative,Twelfth Essex
Peabody,5,3,All Others,33,State Representative,Twelfth Essex
Peabody,5,3,Blanks,301,State Representative,Twelfth Essex
Peabody,5,3,Total Votes Cast,1070,State Representative,Twelfth Essex
Peabody,6,1,Sally P. Kerans,1006,State Representative,Thirteenth Essex
Peabody,6,1,Michael D. Bean,4,State Representative,Thirteenth Essex
Peabody,6,1,All Others,49,State Representative,Thirteenth Essex
Peabody,6,1,Blanks,588,State Representative,Thirteenth Essex
Peabody,6,1,Total Votes Cast,1647,State Representative,Thirteenth Essex
Peabody,6,2,Sally P. Kerans,867,State Representative,Thirteenth Essex
Peabody,6,2,Michael D. Bean,2,State Representative,Thirteenth Essex
Peabody,6,2,All Others,38,State Representative,Thirteenth Essex
Peabody,6,2,Blanks,515,State Representative,Thirteenth Essex
Peabody,6,2,Total Votes Cast,1422,State Representative,Thirteenth Essex
Peabody,6,3,Sally P. Kerans,967,State Representative,Thirteenth Essex
Peabody,6,3,Michael D. Bean,8,State Representative,Thirteenth Essex
Peabody,6,3,All Others,54,State Representative,Thirteenth Essex
Peabody,6,3,Blanks,562,State Representative,Thirteenth Essex
Peabody,6,3,Total Votes Cast,1591,State Representative,Thirteenth Essex
Pelham,,,Aaron L. Saunders,623,State Representative,Seventh Hampden
Pelham,,,James Chip Harrington,85,State Representative,Seventh Hampden
Pelham,,,All Others,0,State Representative,Seventh Hampden
Pelham,,,Blanks,30,State Representative,Seventh Hampden
Pelham,,,Total Votes Cast,738,State Representative,Seventh Hampden
Pembroke,-,1,Josh S. Cutler,992,State Representative,Sixth Plymouth
Pembroke,-,1,Kenneth Sweezey,847,State Representative,Sixth Plymouth
Pembroke,-,1,All Others,0,State Representative,Sixth Plymouth
Pembroke,-,1,Blanks,23,State Representative,Sixth Plymouth
Pembroke,-,1,Total Votes Cast,1862,State Representative,Sixth Plymouth
Pembroke,-,2,Josh S. Cutler,790,State Representative,Sixth Plymouth
Pembroke,-,2,Kenneth Sweezey,780,State Representative,Sixth Plymouth
Pembroke,-,2,All Others,0,State Representative,Sixth Plymouth
Pembroke,-,2,Blanks,27,State Representative,Sixth Plymouth
Pembroke,-,2,Total Votes Cast,1597,State Representative,Sixth Plymouth
Pembroke,-,3A,Josh S. Cutler,8,State Representative,Sixth Plymouth
Pembroke,-,3A,Kenneth Sweezey,4,State Representative,Sixth Plymouth
Pembroke,-,3A,All Others,0,State Representative,Sixth Plymouth
Pembroke,-,3A,Blanks,0,State Representative,Sixth Plymouth
Pembroke,-,3A,Total Votes Cast,12,State Representative,Sixth Plymouth
Pembroke,-,4,Josh S. Cutler,900,State Representative,Sixth Plymouth
Pembroke,-,4,Kenneth Sweezey,786,State Representative,Sixth Plymouth
Pembroke,-,4,All Others,0,State Representative,Sixth Plymouth
Pembroke,-,4,Blanks,23,State Representative,Sixth Plymouth
Pembroke,-,4,Total Votes Cast,1709,State Representative,Sixth Plymouth
Pembroke,-,5,Josh S. Cutler,859,State Representative,Sixth Plymouth
Pembroke,-,5,Kenneth Sweezey,722,State Representative,Sixth Plymouth
Pembroke,-,5,All Others,0,State Representative,Sixth Plymouth
Pembroke,-,5,Blanks,26,State Representative,Sixth Plymouth
Pembroke,-,5,Total Votes Cast,1607,State Representative,Sixth Plymouth
Pembroke,,,Kathleen R. Lanatra,817,State Representative,Twelfth Plymouth
Pembroke,,,Eric J. Meschino,786,State Representative,Twelfth Plymouth
Pembroke,,,"Charles F. McCoy, Jr",84,State Representative,Twelfth Plymouth
Pembroke,,,All Others,2,State Representative,Twelfth Plymouth
Pembroke,,,Blanks,50,State Representative,Twelfth Plymouth
Pembroke,,,Total Votes Cast,1739,State Representative,Twelfth Plymouth
Pepperell,-,1,Margaret R. Scarsdale,611,State Representative,First Middlesex
Pepperell,-,1,Andrew James Shepherd,556,State Representative,First Middlesex
Pepperell,-,1,Catherine Lundeen,82,State Representative,First Middlesex
Pepperell,-,1,All Others,15,State Representative,First Middlesex
Pepperell,-,1,Blanks,14,State Representative,First Middlesex
Pepperell,-,1,Total Votes Cast,1278,State Representative,First Middlesex
Pepperell,-,2,Margaret R. Scarsdale,765,State Representative,First Middlesex
Pepperell,-,2,Andrew James Shepherd,694,State Representative,First Middlesex
Pepperell,-,2,Catherine Lundeen,98,State Representative,First Middlesex
Pepperell,-,2,All Others,20,State Representative,First Middlesex
Pepperell,-,2,Blanks,30,State Representative,First Middlesex
Pepperell,-,2,Total Votes Cast,1607,State Representative,First Middlesex
Pepperell,-,3,Margaret R. Scarsdale,669,State Representative,First Middlesex
Pepperell,-,3,Andrew James Shepherd,622,State Representative,First Middlesex
Pepperell,-,3,Catherine Lundeen,88,State Representative,First Middlesex
Pepperell,-,3,All Others,24,State Representative,First Middlesex
Pepperell,-,3,Blanks,25,State Representative,First Middlesex
Pepperell,-,3,Total Votes Cast,1428,State Representative,First Middlesex
Pepperell,-,4,Margaret R. Scarsdale,594,State Representative,First Middlesex
Pepperell,-,4,Andrew James Shepherd,419,State Representative,First Middlesex
Pepperell,-,4,Catherine Lundeen,90,State Representative,First Middlesex
Pepperell,-,4,All Others,9,State Representative,First Middlesex
Pepperell,-,4,Blanks,13,State Representative,First Middlesex
Pepperell,-,4,Total Votes Cast,1125,State Representative,First Middlesex
Peru,,,"John P. Barrett, III",266,State Representative,First Berkshire
Peru,,,All Others,1,State Representative,First Berkshire
Peru,,,Blanks,97,State Representative,First Berkshire
Peru,,,Total Votes Cast,364,State Representative,First Berkshire
Petersham,,,Aaron L. Saunders,393,State Representative,Seventh Hampden
Petersham,,,James Chip Harrington,326,State Representative,Seventh Hampden
Petersham,,,All Others,0,State Representative,Seventh Hampden
Petersham,,,Blanks,25,State Representative,Seventh Hampden
Petersham,,,Total Votes Cast,744,State Representative,Seventh Hampden
Phillipston,,,Susannah M. Whipps,414,State Representative,Second Franklin
Phillipston,,,Jeffrey L. Raymond,357,State Representative,Second Franklin
Phillipston,,,Kevin Patrick McKeown,21,State Representative,Second Franklin
Phillipston,,,All Others,0,State Representative,Second Franklin
Phillipston,,,Blanks,17,State Representative,Second Franklin
Phillipston,,,Total Votes Cast,809,State Representative,Second Franklin
Pittsfield,1,A,Tricia Farley-Bouvier,531,State Representative,Second Berkshire
Pittsfield,1,A,All Others,1,State Representative,Second Berkshire
Pittsfield,1,A,Blanks,150,State Representative,Second Berkshire
Pittsfield,1,A,Total Votes Cast,682,State Representative,Second Berkshire
Pittsfield,1,B,Tricia Farley-Bouvier,841,State Representative,Second Berkshire
Pittsfield,1,B,All Others,4,State Representative,Second Berkshire
Pittsfield,1,B,Blanks,270,State Representative,Second Berkshire
Pittsfield,1,B,Total Votes Cast,1115,State Representative,Second Berkshire
Pittsfield,2,A,Tricia Farley-Bouvier,358,State Representative,Second Berkshire
Pittsfield,2,A,All Others,2,State Representative,Second Berkshire
Pittsfield,2,A,Blanks,88,State Representative,Second Berkshire
Pittsfield,2,A,Total Votes Cast,448,State Representative,Second Berkshire
Pittsfield,2,B,Tricia Farley-Bouvier,813,State Representative,Second Berkshire
Pittsfield,2,B,All Others,1,State Representative,Second Berkshire
Pittsfield,2,B,Blanks,266,State Representative,Second Berkshire
Pittsfield,2,B,Total Votes Cast,1080,State Representative,Second Berkshire
Pittsfield,3,A,Tricia Farley-Bouvier,932,State Representative,Second Berkshire
Pittsfield,3,A,All Others,6,State Representative,Second Berkshire
Pittsfield,3,A,Blanks,266,State Representative,Second Berkshire
Pittsfield,3,A,Total Votes Cast,1204,State Representative,Second Berkshire
Pittsfield,3,B,Tricia Farley-Bouvier,990,State Representative,Second Berkshire
Pittsfield,3,B,All Others,7,State Representative,Second Berkshire
Pittsfield,3,B,Blanks,314,State Representative,Second Berkshire
Pittsfield,3,B,Total Votes Cast,1311,State Representative,Second Berkshire
Pittsfield,4,A,Tricia Farley-Bouvier,972,State Representative,Second Berkshire
Pittsfield,4,A,All Others,6,State Representative,Second Berkshire
Pittsfield,4,A,Blanks,277,State Representative,Second Berkshire
Pittsfield,4,A,Total Votes Cast,1255,State Representative,Second Berkshire
Pittsfield,4,B,Tricia Farley-Bouvier,1146,State Representative,Second Berkshire
Pittsfield,4,B,All Others,11,State Representative,Second Berkshire
Pittsfield,4,B,Blanks,398,State Representative,Second Berkshire
Pittsfield,4,B,Total Votes Cast,1555,State Representative,Second Berkshire
Pittsfield,5,A,Tricia Farley-Bouvier,782,State Representative,Second Berkshire
Pittsfield,5,A,All Others,9,State Representative,Second Berkshire
Pittsfield,5,A,Blanks,218,State Representative,Second Berkshire
Pittsfield,5,A,Total Votes Cast,1009,State Representative,Second Berkshire
Pittsfield,5,B,Tricia Farley-Bouvier,853,State Representative,Second Berkshire
Pittsfield,5,B,All Others,9,State Representative,Second Berkshire
Pittsfield,5,B,Blanks,257,State Representative,Second Berkshire
Pittsfield,5,B,Total Votes Cast,1119,State Representative,Second Berkshire
Pittsfield,6,A,Tricia Farley-Bouvier,835,State Representative,Second Berkshire
Pittsfield,6,A,All Others,7,State Representative,Second Berkshire
Pittsfield,6,A,Blanks,212,State Representative,Second Berkshire
Pittsfield,6,A,Total Votes Cast,1054,State Representative,Second Berkshire
Pittsfield,6,B,Tricia Farley-Bouvier,596,State Representative,Second Berkshire
Pittsfield,6,B,All Others,3,State Representative,Second Berkshire
Pittsfield,6,B,Blanks,153,State Representative,Second Berkshire
Pittsfield,6,B,Total Votes Cast,752,State Representative,Second Berkshire
Pittsfield,7,A,Tricia Farley-Bouvier,456,State Representative,Second Berkshire
Pittsfield,7,A,All Others,4,State Representative,Second Berkshire
Pittsfield,7,A,Blanks,149,State Representative,Second Berkshire
Pittsfield,7,A,Total Votes Cast,609,State Representative,Second Berkshire
Pittsfield,7,B,Tricia Farley-Bouvier,778,State Representative,Second Berkshire
Pittsfield,7,B,All Others,4,State Representative,Second Berkshire
Pittsfield,7,B,Blanks,259,State Representative,Second Berkshire
Pittsfield,7,B,Total Votes Cast,1041,State Representative,Second Berkshire
Plainfield,,,Lindsay N. Sabadosa,279,State Representative,First Hampshire
Plainfield,,,All Others,2,State Representative,First Hampshire
Plainfield,,,Blanks,87,State Representative,First Hampshire
Plainfield,,,Total Votes Cast,368,State Representative,First Hampshire
Plainville,-,1,Marcus S. Vaughn,663,State Representative,Ninth Norfolk
Plainville,-,1,Kevin Kalkut,551,State Representative,Ninth Norfolk
Plainville,-,1,All Others,0,State Representative,Ninth Norfolk
Plainville,-,1,Blanks,40,State Representative,Ninth Norfolk
Plainville,-,1,Total Votes Cast,1254,State Representative,Ninth Norfolk
Plainville,-,2,Marcus S. Vaughn,725,State Representative,Ninth Norfolk
Plainville,-,2,Kevin Kalkut,640,State Representative,Ninth Norfolk
Plainville,-,2,All Others,0,State Representative,Ninth Norfolk
Plainville,-,2,Blanks,45,State Representative,Ninth Norfolk
Plainville,-,2,Total Votes Cast,1410,State Representative,Ninth Norfolk
Plainville,-,3,Marcus S. Vaughn,823,State Representative,Ninth Norfolk
Plainville,-,3,Kevin Kalkut,658,State Representative,Ninth Norfolk
Plainville,-,3,All Others,2,State Representative,Ninth Norfolk
Plainville,-,3,Blanks,35,State Representative,Ninth Norfolk
Plainville,-,3,Total Votes Cast,1518,State Representative,Ninth Norfolk
Plymouth,-,1,Kathleen R. Lanatra,604,State Representative,Twelfth Plymouth
Plymouth,-,1,Eric J. Meschino,410,State Representative,Twelfth Plymouth
Plymouth,-,1,"Charles F. McCoy, Jr",40,State Representative,Twelfth Plymouth
Plymouth,-,1,All Others,1,State Representative,Twelfth Plymouth
Plymouth,-,1,Blanks,22,State Representative,Twelfth Plymouth
Plymouth,-,1,Total Votes Cast,1077,State Representative,Twelfth Plymouth
Plymouth,-,10,Mathew J. Muratore,1022,State Representative,First Plymouth
Plymouth,-,10,Stephen Michael Palmer,580,State Representative,First Plymouth
Plymouth,-,10,All Others,4,State Representative,First Plymouth
Plymouth,-,10,Blanks,25,State Representative,First Plymouth
Plymouth,-,10,Total Votes Cast,1631,State Representative,First Plymouth
Plymouth,-,11,Mathew J. Muratore,1044,State Representative,First Plymouth
Plymouth,-,11,Stephen Michael Palmer,659,State Representative,First Plymouth
Plymouth,-,11,All Others,1,State Representative,First Plymouth
Plymouth,-,11,Blanks,62,State Representative,First Plymouth
Plymouth,-,11,Total Votes Cast,1766,State Representative,First Plymouth
Plymouth,-,12,Mathew J. Muratore,772,State Representative,First Plymouth
Plymouth,-,12,Stephen Michael Palmer,518,State Representative,First Plymouth
Plymouth,-,12,All Others,0,State Representative,First Plymouth
Plymouth,-,12,Blanks,25,State Representative,First Plymouth
Plymouth,-,12,Total Votes Cast,1315,State Representative,First Plymouth
Plymouth,-,13,Kathleen R. Lanatra,873,State Representative,Twelfth Plymouth
Plymouth,-,13,Eric J. Meschino,726,State Representative,Twelfth Plymouth
Plymouth,-,13,"Charles F. McCoy, Jr",40,State Representative,Twelfth Plymouth
Plymouth,-,13,All Others,0,State Representative,Twelfth Plymouth
Plymouth,-,13,Blanks,46,State Representative,Twelfth Plymouth
Plymouth,-,13,Total Votes Cast,1685,State Representative,Twelfth Plymouth
Plymouth,-,14,Mathew J. Muratore,1017,State Representative,First Plymouth
Plymouth,-,14,Stephen Michael Palmer,673,State Representative,First Plymouth
Plymouth,-,14,All Others,1,State Representative,First Plymouth
Plymouth,-,14,Blanks,41,State Representative,First Plymouth
Plymouth,-,14,Total Votes Cast,1732,State Representative,First Plymouth
Plymouth,-,15,Mathew J. Muratore,1366,State Representative,First Plymouth
Plymouth,-,15,Stephen Michael Palmer,1179,State Representative,First Plymouth
Plymouth,-,15,All Others,4,State Representative,First Plymouth
Plymouth,-,15,Blanks,85,State Representative,First Plymouth
Plymouth,-,15,Total Votes Cast,2634,State Representative,First Plymouth
Plymouth,-,16,Mathew J. Muratore,1165,State Representative,First Plymouth
Plymouth,-,16,Stephen Michael Palmer,902,State Representative,First Plymouth
Plymouth,-,16,All Others,2,State Representative,First Plymouth
Plymouth,-,16,Blanks,58,State Representative,First Plymouth
Plymouth,-,16,Total Votes Cast,2127,State Representative,First Plymouth
Plymouth,-,17,Mathew J. Muratore,915,State Representative,First Plymouth
Plymouth,-,17,Stephen Michael Palmer,843,State Representative,First Plymouth
Plymouth,-,17,All Others,1,State Representative,First Plymouth
Plymouth,-,17,Blanks,47,State Representative,First Plymouth
Plymouth,-,17,Total Votes Cast,1806,State Representative,First Plymouth
Plymouth,-,18,Mathew J. Muratore,699,State Representative,First Plymouth
Plymouth,-,18,Stephen Michael Palmer,418,State Representative,First Plymouth
Plymouth,-,18,All Others,2,State Representative,First Plymouth
Plymouth,-,18,Blanks,26,State Representative,First Plymouth
Plymouth,-,18,Total Votes Cast,1145,State Representative,First Plymouth
Plymouth,-,2,Kathleen R. Lanatra,776,State Representative,Twelfth Plymouth
Plymouth,-,2,Eric J. Meschino,518,State Representative,Twelfth Plymouth
Plymouth,-,2,"Charles F. McCoy, Jr",41,State Representative,Twelfth Plymouth
Plymouth,-,2,All Others,0,State Representative,Twelfth Plymouth
Plymouth,-,2,Blanks,40,State Representative,Twelfth Plymouth
Plymouth,-,2,Total Votes Cast,1375,State Representative,Twelfth Plymouth
Plymouth,-,3,Kathleen R. Lanatra,854,State Representative,Twelfth Plymouth
Plymouth,-,3,Eric J. Meschino,488,State Representative,Twelfth Plymouth
Plymouth,-,3,"Charles F. McCoy, Jr",55,State Representative,Twelfth Plymouth
Plymouth,-,3,All Others,0,State Representative,Twelfth Plymouth
Plymouth,-,3,Blanks,54,State Representative,Twelfth Plymouth
Plymouth,-,3,Total Votes Cast,1451,State Representative,Twelfth Plymouth
Plymouth,-,4,Mathew J. Muratore,840,State Representative,First Plymouth
Plymouth,-,4,Stephen Michael Palmer,560,State Representative,First Plymouth
Plymouth,-,4,All Others,1,State Representative,First Plymouth
Plymouth,-,4,Blanks,57,State Representative,First Plymouth
Plymouth,-,4,Total Votes Cast,1458,State Representative,First Plymouth
Plymouth,-,5,Kathleen R. Lanatra,773,State Representative,Twelfth Plymouth
Plymouth,-,5,Eric J. Meschino,618,State Representative,Twelfth Plymouth
Plymouth,-,5,"Charles F. McCoy, Jr",41,State Representative,Twelfth Plymouth
Plymouth,-,5,All Others,0,State Representative,Twelfth Plymouth
Plymouth,-,5,Blanks,48,State Representative,Twelfth Plymouth
Plymouth,-,5,Total Votes Cast,1480,State Representative,Twelfth Plymouth
Plymouth,-,6,Mathew J. Muratore,985,State Representative,First Plymouth
Plymouth,-,6,Stephen Michael Palmer,757,State Representative,First Plymouth
Plymouth,-,6,All Others,2,State Representative,First Plymouth
Plymouth,-,6,Blanks,52,State Representative,First Plymouth
Plymouth,-,6,Total Votes Cast,1796,State Representative,First Plymouth
Plymouth,-,7,Mathew J. Muratore,782,State Representative,First Plymouth
Plymouth,-,7,Stephen Michael Palmer,738,State Representative,First Plymouth
Plymouth,-,7,All Others,0,State Representative,First Plymouth
Plymouth,-,7,Blanks,37,State Representative,First Plymouth
Plymouth,-,7,Total Votes Cast,1557,State Representative,First Plymouth
Plymouth,-,8,Mathew J. Muratore,1049,State Representative,First Plymouth
Plymouth,-,8,Stephen Michael Palmer,738,State Representative,First Plymouth
Plymouth,-,8,All Others,0,State Representative,First Plymouth
Plymouth,-,8,Blanks,46,State Representative,First Plymouth
Plymouth,-,8,Total Votes Cast,1833,State Representative,First Plymouth
Plymouth,-,9,Mathew J. Muratore,814,State Representative,First Plymouth
Plymouth,-,9,Stephen Michael Palmer,556,State Representative,First Plymouth
Plymouth,-,9,All Others,1,State Representative,First Plymouth
Plymouth,-,9,Blanks,27,State Representative,First Plymouth
Plymouth,-,9,Total Votes Cast,1398,State Representative,First Plymouth
Plympton,,,Kathleen R. Lanatra,711,State Representative,Twelfth Plymouth
Plympton,,,Eric J. Meschino,669,State Representative,Twelfth Plymouth
Plympton,,,"Charles F. McCoy, Jr",74,State Representative,Twelfth Plymouth
Plympton,,,All Others,0,State Representative,Twelfth Plymouth
Plympton,,,Blanks,39,State Representative,Twelfth Plymouth
Plympton,,,Total Votes Cast,1493,State Representative,Twelfth Plymouth
Princeton,,,Kimberly N. Ferguson,1368,State Representative,First Worcester
Princeton,,,All Others,33,State Representative,First Worcester
Princeton,,,Blanks,559,State Representative,First Worcester
Princeton,,,Total Votes Cast,1960,State Representative,First Worcester
Provincetown,,,Sarah K. Peake,2086,State Representative,Fourth Barnstable
Provincetown,,,All Others,10,State Representative,Fourth Barnstable
Provincetown,,,Blanks,141,State Representative,Fourth Barnstable
Provincetown,,,Total Votes Cast,2237,State Representative,Fourth Barnstable
Quincy,1,1,Tackey Chan,593,State Representative,Second Norfolk
Quincy,1,1,Sharon Marie Cintolo,239,State Representative,Second Norfolk
Quincy,1,1,All Others,1,State Representative,Second Norfolk
Quincy,1,1,Blanks,41,State Representative,Second Norfolk
Quincy,1,1,Total Votes Cast,874,State Representative,Second Norfolk
Quincy,1,2,Tackey Chan,505,State Representative,Second Norfolk
Quincy,1,2,Sharon Marie Cintolo,224,State Representative,Second Norfolk
Quincy,1,2,All Others,1,State Representative,Second Norfolk
Quincy,1,2,Blanks,46,State Representative,Second Norfolk
Quincy,1,2,Total Votes Cast,776,State Representative,Second Norfolk
Quincy,1,3,Tackey Chan,719,State Representative,Second Norfolk
Quincy,1,3,Sharon Marie Cintolo,203,State Representative,Second Norfolk
Quincy,1,3,All Others,0,State Representative,Second Norfolk
Quincy,1,3,Blanks,48,State Representative,Second Norfolk
Quincy,1,3,Total Votes Cast,970,State Representative,Second Norfolk
Quincy,1,4,Tackey Chan,1024,State Representative,Second Norfolk
Quincy,1,4,Sharon Marie Cintolo,506,State Representative,Second Norfolk
Quincy,1,4,All Others,0,State Representative,Second Norfolk
Quincy,1,4,Blanks,76,State Representative,Second Norfolk
Quincy,1,4,Total Votes Cast,1606,State Representative,Second Norfolk
Quincy,1,5,Tackey Chan,979,State Representative,Second Norfolk
Quincy,1,5,Sharon Marie Cintolo,531,State Representative,Second Norfolk
Quincy,1,5,All Others,1,State Representative,Second Norfolk
Quincy,1,5,Blanks,65,State Representative,Second Norfolk
Quincy,1,5,Total Votes Cast,1576,State Representative,Second Norfolk
Quincy,2,1,Ronald Mariano,557,State Representative,Third Norfolk
Quincy,2,1,All Others,15,State Representative,Third Norfolk
Quincy,2,1,Blanks,162,State Representative,Third Norfolk
Quincy,2,1,Total Votes Cast,734,State Representative,Third Norfolk
Quincy,2,2,Ronald Mariano,626,State Representative,Third Norfolk
Quincy,2,2,All Others,11,State Representative,Third Norfolk
Quincy,2,2,Blanks,157,State Representative,Third Norfolk
Quincy,2,2,Total Votes Cast,794,State Representative,Third Norfolk
Quincy,2,3,Ronald Mariano,471,State Representative,Third Norfolk
Quincy,2,3,All Others,10,State Representative,Third Norfolk
Quincy,2,3,Blanks,115,State Representative,Third Norfolk
Quincy,2,3,Total Votes Cast,596,State Representative,Third Norfolk
Quincy,2,4,Ronald Mariano,551,State Representative,Third Norfolk
Quincy,2,4,All Others,22,State Representative,Third Norfolk
Quincy,2,4,Blanks,174,State Representative,Third Norfolk
Quincy,2,4,Total Votes Cast,747,State Representative,Third Norfolk
Quincy,2,5,Ronald Mariano,809,State Representative,Third Norfolk
Quincy,2,5,All Others,13,State Representative,Third Norfolk
Quincy,2,5,Blanks,211,State Representative,Third Norfolk
Quincy,2,5,Total Votes Cast,1033,State Representative,Third Norfolk
Quincy,3,1,Tackey Chan,863,State Representative,Second Norfolk
Quincy,3,1,Sharon Marie Cintolo,327,State Representative,Second Norfolk
Quincy,3,1,All Others,1,State Representative,Second Norfolk
Quincy,3,1,Blanks,56,State Representative,Second Norfolk
Quincy,3,1,Total Votes Cast,1247,State Representative,Second Norfolk
Quincy,3,2,Tackey Chan,731,State Representative,Second Norfolk
Quincy,3,2,Sharon Marie Cintolo,280,State Representative,Second Norfolk
Quincy,3,2,All Others,2,State Representative,Second Norfolk
Quincy,3,2,Blanks,46,State Representative,Second Norfolk
Quincy,3,2,Total Votes Cast,1059,State Representative,Second Norfolk
Quincy,3,3,Bruce J. Ayers,692,State Representative,First Norfolk
Quincy,3,3,All Others,10,State Representative,First Norfolk
Quincy,3,3,Blanks,177,State Representative,First Norfolk
Quincy,3,3,Total Votes Cast,879,State Representative,First Norfolk
Quincy,3,4,Bruce J. Ayers,1032,State Representative,First Norfolk
Quincy,3,4,All Others,15,State Representative,First Norfolk
Quincy,3,4,Blanks,263,State Representative,First Norfolk
Quincy,3,4,Total Votes Cast,1310,State Representative,First Norfolk
Quincy,3,5,Bruce J. Ayers,611,State Representative,First Norfolk
Quincy,3,5,All Others,9,State Representative,First Norfolk
Quincy,3,5,Blanks,123,State Representative,First Norfolk
Quincy,3,5,Total Votes Cast,743,State Representative,First Norfolk
Quincy,4,1,Bruce J. Ayers,707,State Representative,First Norfolk
Quincy,4,1,All Others,9,State Representative,First Norfolk
Quincy,4,1,Blanks,157,State Representative,First Norfolk
Quincy,4,1,Total Votes Cast,873,State Representative,First Norfolk
Quincy,4,2,Tackey Chan,720,State Representative,Second Norfolk
Quincy,4,2,Sharon Marie Cintolo,421,State Representative,Second Norfolk
Quincy,4,2,All Others,2,State Representative,Second Norfolk
Quincy,4,2,Blanks,53,State Representative,Second Norfolk
Quincy,4,2,Total Votes Cast,1196,State Representative,Second Norfolk
Quincy,4,3,Bruce J. Ayers,1014,State Representative,First Norfolk
Quincy,4,3,All Others,22,State Representative,First Norfolk
Quincy,4,3,Blanks,269,State Representative,First Norfolk
Quincy,4,3,Total Votes Cast,1305,State Representative,First Norfolk
Quincy,4,4,Tackey Chan,526,State Representative,Second Norfolk
Quincy,4,4,Sharon Marie Cintolo,181,State Representative,Second Norfolk
Quincy,4,4,All Others,0,State Representative,Second Norfolk
Quincy,4,4,Blanks,26,State Representative,Second Norfolk
Quincy,4,4,Total Votes Cast,733,State Representative,Second Norfolk
Quincy,4,5,Ronald Mariano,623,State Representative,Third Norfolk
Quincy,4,5,All Others,24,State Representative,Third Norfolk
Quincy,4,5,Blanks,143,State Representative,Third Norfolk
Quincy,4,5,Total Votes Cast,790,State Representative,Third Norfolk
Quincy,5,1,Tackey Chan,315,State Representative,Second Norfolk
Quincy,5,1,Sharon Marie Cintolo,123,State Representative,Second Norfolk
Quincy,5,1,All Others,0,State Representative,Second Norfolk
Quincy,5,1,Blanks,22,State Representative,Second Norfolk
Quincy,5,1,Total Votes Cast,460,State Representative,Second Norfolk
Quincy,5,1A,Ronald Mariano,246,State Representative,Third Norfolk
Quincy,5,1A,All Others,5,State Representative,Third Norfolk
Quincy,5,1A,Blanks,69,State Representative,Third Norfolk
Quincy,5,1A,Total Votes Cast,320,State Representative,Third Norfolk
Quincy,5,2,Tackey Chan,651,State Representative,Second Norfolk
Quincy,5,2,Sharon Marie Cintolo,211,State Representative,Second Norfolk
Quincy,5,2,All Others,2,State Representative,Second Norfolk
Quincy,5,2,Blanks,61,State Representative,Second Norfolk
Quincy,5,2,Total Votes Cast,925,State Representative,Second Norfolk
Quincy,5,3,Tackey Chan,817,State Representative,Second Norfolk
Quincy,5,3,Sharon Marie Cintolo,291,State Representative,Second Norfolk
Quincy,5,3,All Others,2,State Representative,Second Norfolk
Quincy,5,3,Blanks,45,State Representative,Second Norfolk
Quincy,5,3,Total Votes Cast,1155,State Representative,Second Norfolk
Quincy,5,4,Tackey Chan,616,State Representative,Second Norfolk
Quincy,5,4,Sharon Marie Cintolo,229,State Representative,Second Norfolk
Quincy,5,4,All Others,1,State Representative,Second Norfolk
Quincy,5,4,Blanks,36,State Representative,Second Norfolk
Quincy,5,4,Total Votes Cast,882,State Representative,Second Norfolk
Quincy,5,5,Tackey Chan,829,State Representative,Second Norfolk
Quincy,5,5,Sharon Marie Cintolo,353,State Representative,Second Norfolk
Quincy,5,5,All Others,1,State Representative,Second Norfolk
Quincy,5,5,Blanks,50,State Representative,Second Norfolk
Quincy,5,5,Total Votes Cast,1233,State Representative,Second Norfolk
Quincy,6,1,Bruce J. Ayers,786,State Representative,First Norfolk
Quincy,6,1,All Others,13,State Representative,First Norfolk
Quincy,6,1,Blanks,155,State Representative,First Norfolk
Quincy,6,1,Total Votes Cast,954,State Representative,First Norfolk
Quincy,6,2,Bruce J. Ayers,628,State Representative,First Norfolk
Quincy,6,2,All Others,16,State Representative,First Norfolk
Quincy,6,2,Blanks,119,State Representative,First Norfolk
Quincy,6,2,Total Votes Cast,763,State Representative,First Norfolk
Quincy,6,3,Bruce J. Ayers,916,State Representative,First Norfolk
Quincy,6,3,All Others,15,State Representative,First Norfolk
Quincy,6,3,Blanks,255,State Representative,First Norfolk
Quincy,6,3,Total Votes Cast,1186,State Representative,First Norfolk
Quincy,6,4,Bruce J. Ayers,694,State Representative,First Norfolk
Quincy,6,4,All Others,9,State Representative,First Norfolk
Quincy,6,4,Blanks,150,State Representative,First Norfolk
Quincy,6,4,Total Votes Cast,853,State Representative,First Norfolk
Quincy,6,5,Bruce J. Ayers,1460,State Representative,First Norfolk
Quincy,6,5,All Others,17,State Representative,First Norfolk
Quincy,6,5,Blanks,284,State Representative,First Norfolk
Quincy,6,5,Total Votes Cast,1761,State Representative,First Norfolk
Randolph,-,1,"William J. Driscoll, Jr",805,State Representative,Seventh Norfolk
Randolph,-,1,All Others,14,State Representative,Seventh Norfolk
Randolph,-,1,Blanks,214,State Representative,Seventh Norfolk
Randolph,-,1,Total Votes Cast,1033,State Representative,Seventh Norfolk
Randolph,-,10,"William J. Driscoll, Jr",679,State Representative,Seventh Norfolk
Randolph,-,10,All Others,11,State Representative,Seventh Norfolk
Randolph,-,10,Blanks,180,State Representative,Seventh Norfolk
Randolph,-,10,Total Votes Cast,870,State Representative,Seventh Norfolk
Randolph,-,11,Bruce J. Ayers,651,State Representative,First Norfolk
Randolph,-,11,All Others,19,State Representative,First Norfolk
Randolph,-,11,Blanks,178,State Representative,First Norfolk
Randolph,-,11,Total Votes Cast,848,State Representative,First Norfolk
Randolph,-,12,Bruce J. Ayers,631,State Representative,First Norfolk
Randolph,-,12,All Others,17,State Representative,First Norfolk
Randolph,-,12,Blanks,121,State Representative,First Norfolk
Randolph,-,12,Total Votes Cast,769,State Representative,First Norfolk
Randolph,-,2,"William J. Driscoll, Jr",641,State Representative,Seventh Norfolk
Randolph,-,2,All Others,8,State Representative,Seventh Norfolk
Randolph,-,2,Blanks,149,State Representative,Seventh Norfolk
Randolph,-,2,Total Votes Cast,798,State Representative,Seventh Norfolk
Randolph,-,3,"William J. Driscoll, Jr",542,State Representative,Seventh Norfolk
Randolph,-,3,All Others,12,State Representative,Seventh Norfolk
Randolph,-,3,Blanks,117,State Representative,Seventh Norfolk
Randolph,-,3,Total Votes Cast,671,State Representative,Seventh Norfolk
Randolph,-,4,"William J. Driscoll, Jr",692,State Representative,Seventh Norfolk
Randolph,-,4,All Others,17,State Representative,Seventh Norfolk
Randolph,-,4,Blanks,176,State Representative,Seventh Norfolk
Randolph,-,4,Total Votes Cast,885,State Representative,Seventh Norfolk
Randolph,-,5,"William J. Driscoll, Jr",729,State Representative,Seventh Norfolk
Randolph,-,5,All Others,15,State Representative,Seventh Norfolk
Randolph,-,5,Blanks,166,State Representative,Seventh Norfolk
Randolph,-,5,Total Votes Cast,910,State Representative,Seventh Norfolk
Randolph,-,6,"William J. Driscoll, Jr",400,State Representative,Seventh Norfolk
Randolph,-,6,All Others,8,State Representative,Seventh Norfolk
Randolph,-,6,Blanks,62,State Representative,Seventh Norfolk
Randolph,-,6,Total Votes Cast,470,State Representative,Seventh Norfolk
Randolph,-,7,Bruce J. Ayers,609,State Representative,First Norfolk
Randolph,-,7,All Others,9,State Representative,First Norfolk
Randolph,-,7,Blanks,159,State Representative,First Norfolk
Randolph,-,7,Total Votes Cast,777,State Representative,First Norfolk
Randolph,-,8,Bruce J. Ayers,596,State Representative,First Norfolk
Randolph,-,8,All Others,19,State Representative,First Norfolk
Randolph,-,8,Blanks,155,State Representative,First Norfolk
Randolph,-,8,Total Votes Cast,770,State Representative,First Norfolk
Randolph,-,9,"William J. Driscoll, Jr",682,State Representative,Seventh Norfolk
Randolph,-,9,All Others,12,State Representative,Seventh Norfolk
Randolph,-,9,Blanks,151,State Representative,Seventh Norfolk
Randolph,-,9,Total Votes Cast,845,State Representative,Seventh Norfolk
Raynham,-,1,Angelo L. D'Emilia,831,State Representative,Eighth Plymouth
Raynham,-,1,Eric J. Haikola,616,State Representative,Eighth Plymouth
Raynham,-,1,All Others,0,State Representative,Eighth Plymouth
Raynham,-,1,Blanks,64,State Representative,Eighth Plymouth
Raynham,-,1,Total Votes Cast,1511,State Representative,Eighth Plymouth
Raynham,-,2,Angelo L. D'Emilia,521,State Representative,Eighth Plymouth
Raynham,-,2,Eric J. Haikola,370,State Representative,Eighth Plymouth
Raynham,-,2,All Others,0,State Representative,Eighth Plymouth
Raynham,-,2,Blanks,38,State Representative,Eighth Plymouth
Raynham,-,2,Total Votes Cast,929,State Representative,Eighth Plymouth
Raynham,-,2A,Angelo L. D'Emilia,359,State Representative,Eighth Plymouth
Raynham,-,2A,Eric J. Haikola,216,State Representative,Eighth Plymouth
Raynham,-,2A,All Others,0,State Representative,Eighth Plymouth
Raynham,-,2A,Blanks,33,State Representative,Eighth Plymouth
Raynham,-,2A,Total Votes Cast,608,State Representative,Eighth Plymouth
Raynham,-,3,Angelo L. D'Emilia,933,State Representative,Eighth Plymouth
Raynham,-,3,Eric J. Haikola,689,State Representative,Eighth Plymouth
Raynham,-,3,All Others,0,State Representative,Eighth Plymouth
Raynham,-,3,Blanks,60,State Representative,Eighth Plymouth
Raynham,-,3,Total Votes Cast,1682,State Representative,Eighth Plymouth
Raynham,-,4,Angelo L. D'Emilia,825,State Representative,Eighth Plymouth
Raynham,-,4,Eric J. Haikola,549,State Representative,Eighth Plymouth
Raynham,-,4,All Others,0,State Representative,Eighth Plymouth
Raynham,-,4,Blanks,46,State Representative,Eighth Plymouth
Raynham,-,4,Total Votes Cast,1420,State Representative,Eighth Plymouth
Raynham,-,4A,Angelo L. D'Emilia,31,State Representative,Eighth Plymouth
Raynham,-,4A,Eric J. Haikola,16,State Representative,Eighth Plymouth
Raynham,-,4A,All Others,0,State Representative,Eighth Plymouth
Raynham,-,4A,Blanks,0,State Representative,Eighth Plymouth
Raynham,-,4A,Total Votes Cast,47,State Representative,Eighth Plymouth
Reading,-,1,"Bradley H. Jones, Jr",1250,State Representative,Twentieth Middlesex
Reading,-,1,All Others,0,State Representative,Twentieth Middlesex
Reading,-,1,Blanks,505,State Representative,Twentieth Middlesex
Reading,-,1,Total Votes Cast,1755,State Representative,Twentieth Middlesex
Reading,-,2,Richard M. Haggerty,1011,State Representative,Thirtieth Middlesex
Reading,-,2,All Others,0,State Representative,Thirtieth Middlesex
Reading,-,2,Blanks,444,State Representative,Thirtieth Middlesex
Reading,-,2,Total Votes Cast,1455,State Representative,Thirtieth Middlesex
Reading,-,3,Richard M. Haggerty,1123,State Representative,Thirtieth Middlesex
Reading,-,3,All Others,0,State Representative,Thirtieth Middlesex
Reading,-,3,Blanks,537,State Representative,Thirtieth Middlesex
Reading,-,3,Total Votes Cast,1660,State Representative,Thirtieth Middlesex
Reading,-,4,Richard M. Haggerty,1111,State Representative,Thirtieth Middlesex
Reading,-,4,All Others,0,State Representative,Thirtieth Middlesex
Reading,-,4,Blanks,461,State Representative,Thirtieth Middlesex
Reading,-,4,Total Votes Cast,1572,State Representative,Thirtieth Middlesex
Reading,-,5,Richard M. Haggerty,1092,State Representative,Thirtieth Middlesex
Reading,-,5,All Others,0,State Representative,Thirtieth Middlesex
Reading,-,5,Blanks,440,State Representative,Thirtieth Middlesex
Reading,-,5,Total Votes Cast,1532,State Representative,Thirtieth Middlesex
Reading,-,6,Richard M. Haggerty,1123,State Representative,Thirtieth Middlesex
Reading,-,6,All Others,0,State Representative,Thirtieth Middlesex
Reading,-,6,Blanks,513,State Representative,Thirtieth Middlesex
Reading,-,6,Total Votes Cast,1636,State Representative,Thirtieth Middlesex
Reading,-,7,"Bradley H. Jones, Jr",1105,State Representative,Twentieth Middlesex
Reading,-,7,All Others,0,State Representative,Twentieth Middlesex
Reading,-,7,Blanks,539,State Representative,Twentieth Middlesex
Reading,-,7,Total Votes Cast,1644,State Representative,Twentieth Middlesex
Reading,-,8,"Bradley H. Jones, Jr",1053,State Representative,Twentieth Middlesex
Reading,-,8,All Others,0,State Representative,Twentieth Middlesex
Reading,-,8,Blanks,454,State Representative,Twentieth Middlesex
Reading,-,8,Total Votes Cast,1507,State Representative,Twentieth Middlesex
Rehoboth,-,1,Steven S. Howitt,1093,State Representative,Fourth Bristol
Rehoboth,-,1,All Others,0,State Representative,Fourth Bristol
Rehoboth,-,1,Blanks,283,State Representative,Fourth Bristol
Rehoboth,-,1,Total Votes Cast,1376,State Representative,Fourth Bristol
Rehoboth,-,2,Steven S. Howitt,1005,State Representative,Fourth Bristol
Rehoboth,-,2,All Others,0,State Representative,Fourth Bristol
Rehoboth,-,2,Blanks,312,State Representative,Fourth Bristol
Rehoboth,-,2,Total Votes Cast,1317,State Representative,Fourth Bristol
Rehoboth,-,3,Steven S. Howitt,1042,State Representative,Fourth Bristol
Rehoboth,-,3,All Others,0,State Representative,Fourth Bristol
Rehoboth,-,3,Blanks,355,State Representative,Fourth Bristol
Rehoboth,-,3,Total Votes Cast,1397,State Representative,Fourth Bristol
Rehoboth,-,4,Steven S. Howitt,1055,State Representative,Fourth Bristol
Rehoboth,-,4,All Others,0,State Representative,Fourth Bristol
Rehoboth,-,4,Blanks,284,State Representative,Fourth Bristol
Rehoboth,-,4,Total Votes Cast,1339,State Representative,Fourth Bristol
Revere,1,1,Jeffrey Rosario Turco,539,State Representative,Nineteenth Suffolk
Revere,1,1,All Others,20,State Representative,Nineteenth Suffolk
Revere,1,1,Blanks,202,State Representative,Nineteenth Suffolk
Revere,1,1,Total Votes Cast,761,State Representative,Nineteenth Suffolk
Revere,1,2,Jeffrey Rosario Turco,499,State Representative,Nineteenth Suffolk
Revere,1,2,All Others,22,State Representative,Nineteenth Suffolk
Revere,1,2,Blanks,195,State Representative,Nineteenth Suffolk
Revere,1,2,Total Votes Cast,716,State Representative,Nineteenth Suffolk
Revere,1,3,Jessica Ann Giannino,401,State Representative,Sixteenth Suffolk
Revere,1,3,All Others,13,State Representative,Sixteenth Suffolk
Revere,1,3,Blanks,134,State Representative,Sixteenth Suffolk
Revere,1,3,Total Votes Cast,548,State Representative,Sixteenth Suffolk
Revere,2,1,Jeffrey Rosario Turco,330,State Representative,Nineteenth Suffolk
Revere,2,1,All Others,11,State Representative,Nineteenth Suffolk
Revere,2,1,Blanks,110,State Representative,Nineteenth Suffolk
Revere,2,1,Total Votes Cast,451,State Representative,Nineteenth Suffolk
Revere,2,2,Jeffrey Rosario Turco,390,State Representative,Nineteenth Suffolk
Revere,2,2,All Others,19,State Representative,Nineteenth Suffolk
Revere,2,2,Blanks,134,State Representative,Nineteenth Suffolk
Revere,2,2,Total Votes Cast,543,State Representative,Nineteenth Suffolk
Revere,2,3,Jessica Ann Giannino,116,State Representative,Sixteenth Suffolk
Revere,2,3,All Others,3,State Representative,Sixteenth Suffolk
Revere,2,3,Blanks,28,State Representative,Sixteenth Suffolk
Revere,2,3,Total Votes Cast,147,State Representative,Sixteenth Suffolk
Revere,2,3A,Jeffrey Rosario Turco,24,State Representative,Nineteenth Suffolk
Revere,2,3A,All Others,0,State Representative,Nineteenth Suffolk
Revere,2,3A,Blanks,10,State Representative,Nineteenth Suffolk
Revere,2,3A,Total Votes Cast,34,State Representative,Nineteenth Suffolk
Revere,3,1,Jessica Ann Giannino,355,State Representative,Sixteenth Suffolk
Revere,3,1,All Others,17,State Representative,Sixteenth Suffolk
Revere,3,1,Blanks,155,State Representative,Sixteenth Suffolk
Revere,3,1,Total Votes Cast,527,State Representative,Sixteenth Suffolk
Revere,3,2,Jessica Ann Giannino,367,State Representative,Sixteenth Suffolk
Revere,3,2,All Others,15,State Representative,Sixteenth Suffolk
Revere,3,2,Blanks,152,State Representative,Sixteenth Suffolk
Revere,3,2,Total Votes Cast,534,State Representative,Sixteenth Suffolk
Revere,3,3,Jessica Ann Giannino,419,State Representative,Sixteenth Suffolk
Revere,3,3,All Others,11,State Representative,Sixteenth Suffolk
Revere,3,3,Blanks,139,State Representative,Sixteenth Suffolk
Revere,3,3,Total Votes Cast,569,State Representative,Sixteenth Suffolk
Revere,4,1,Jessica Ann Giannino,488,State Representative,Sixteenth Suffolk
Revere,4,1,All Others,19,State Representative,Sixteenth Suffolk
Revere,4,1,Blanks,201,State Representative,Sixteenth Suffolk
Revere,4,1,Total Votes Cast,708,State Representative,Sixteenth Suffolk
Revere,4,2,Jessica Ann Giannino,386,State Representative,Sixteenth Suffolk
Revere,4,2,All Others,15,State Representative,Sixteenth Suffolk
Revere,4,2,Blanks,133,State Representative,Sixteenth Suffolk
Revere,4,2,Total Votes Cast,534,State Representative,Sixteenth Suffolk
Revere,4,3,Jessica Ann Giannino,491,State Representative,Sixteenth Suffolk
Revere,4,3,All Others,18,State Representative,Sixteenth Suffolk
Revere,4,3,Blanks,193,State Representative,Sixteenth Suffolk
Revere,4,3,Total Votes Cast,702,State Representative,Sixteenth Suffolk
Revere,5,1,Jeffrey Rosario Turco,702,State Representative,Nineteenth Suffolk
Revere,5,1,All Others,19,State Representative,Nineteenth Suffolk
Revere,5,1,Blanks,374,State Representative,Nineteenth Suffolk
Revere,5,1,Total Votes Cast,1095,State Representative,Nineteenth Suffolk
Revere,5,2,Jeffrey Rosario Turco,470,State Representative,Nineteenth Suffolk
Revere,5,2,All Others,24,State Representative,Nineteenth Suffolk
Revere,5,2,Blanks,193,State Representative,Nineteenth Suffolk
Revere,5,2,Total Votes Cast,687,State Representative,Nineteenth Suffolk
Revere,5,3,Jeffrey Rosario Turco,350,State Representative,Nineteenth Suffolk
Revere,5,3,All Others,18,State Representative,Nineteenth Suffolk
Revere,5,3,Blanks,132,State Representative,Nineteenth Suffolk
Revere,5,3,Total Votes Cast,500,State Representative,Nineteenth Suffolk
Revere,6,1,Jessica Ann Giannino,558,State Representative,Sixteenth Suffolk
Revere,6,1,All Others,33,State Representative,Sixteenth Suffolk
Revere,6,1,Blanks,276,State Representative,Sixteenth Suffolk
Revere,6,1,Total Votes Cast,867,State Representative,Sixteenth Suffolk
Revere,6,2,Jessica Ann Giannino,541,State Representative,Sixteenth Suffolk
Revere,6,2,All Others,19,State Representative,Sixteenth Suffolk
Revere,6,2,Blanks,258,State Representative,Sixteenth Suffolk
Revere,6,2,Total Votes Cast,818,State Representative,Sixteenth Suffolk
Revere,6,3,Jessica Ann Giannino,415,State Representative,Sixteenth Suffolk
Revere,6,3,All Others,12,State Representative,Sixteenth Suffolk
Revere,6,3,Blanks,154,State Representative,Sixteenth Suffolk
Revere,6,3,Total Votes Cast,581,State Representative,Sixteenth Suffolk
Richmond,,,"William ""Smitty"" Pignatelli",726,State Representative,Third Berkshire
Richmond,,,Michael Silvio Lavery,51,State Representative,Third Berkshire
Richmond,,,All Others,2,State Representative,Third Berkshire
Richmond,,,Blanks,45,State Representative,Third Berkshire
Richmond,,,Total Votes Cast,824,State Representative,Third Berkshire
Rochester,,,William M. Straus,1267,State Representative,Tenth Bristol
Rochester,,,Jeffrey Gerald Swift,1564,State Representative,Tenth Bristol
Rochester,,,All Others,1,State Representative,Tenth Bristol
Rochester,,,Blanks,57,State Representative,Tenth Bristol
Rochester,,,Total Votes Cast,2889,State Representative,Tenth Bristol
Rockland,-,1,David F. Decoste,604,State Representative,Fifth Plymouth
Rockland,-,1,Emmanuel J. Dockter,662,State Representative,Fifth Plymouth
Rockland,-,1,All Others,0,State Representative,Fifth Plymouth
Rockland,-,1,Blanks,22,State Representative,Fifth Plymouth
Rockland,-,1,Total Votes Cast,1288,State Representative,Fifth Plymouth
Rockland,-,2,David F. Decoste,642,State Representative,Fifth Plymouth
Rockland,-,2,Emmanuel J. Dockter,639,State Representative,Fifth Plymouth
Rockland,-,2,All Others,0,State Representative,Fifth Plymouth
Rockland,-,2,Blanks,30,State Representative,Fifth Plymouth
Rockland,-,2,Total Votes Cast,1311,State Representative,Fifth Plymouth
Rockland,-,3,David F. Decoste,445,State Representative,Fifth Plymouth
Rockland,-,3,Emmanuel J. Dockter,476,State Representative,Fifth Plymouth
Rockland,-,3,All Others,0,State Representative,Fifth Plymouth
Rockland,-,3,Blanks,13,State Representative,Fifth Plymouth
Rockland,-,3,Total Votes Cast,934,State Representative,Fifth Plymouth
Rockland,-,4,David F. Decoste,533,State Representative,Fifth Plymouth
Rockland,-,4,Emmanuel J. Dockter,483,State Representative,Fifth Plymouth
Rockland,-,4,All Others,2,State Representative,Fifth Plymouth
Rockland,-,4,Blanks,8,State Representative,Fifth Plymouth
Rockland,-,4,Total Votes Cast,1026,State Representative,Fifth Plymouth
Rockland,-,5,David F. Decoste,631,State Representative,Fifth Plymouth
Rockland,-,5,Emmanuel J. Dockter,494,State Representative,Fifth Plymouth
Rockland,-,5,All Others,2,State Representative,Fifth Plymouth
Rockland,-,5,Blanks,17,State Representative,Fifth Plymouth
Rockland,-,5,Total Votes Cast,1144,State Representative,Fifth Plymouth
Rockland,-,6,David F. Decoste,664,State Representative,Fifth Plymouth
Rockland,-,6,Emmanuel J. Dockter,556,State Representative,Fifth Plymouth
Rockland,-,6,All Others,2,State Representative,Fifth Plymouth
Rockland,-,6,Blanks,35,State Representative,Fifth Plymouth
Rockland,-,6,Total Votes Cast,1257,State Representative,Fifth Plymouth
Rockport,-,1,Ann-Margaret Ferrante,770,State Representative,Fifth Essex
Rockport,-,1,Ashley Sullivan,277,State Representative,Fifth Essex
Rockport,-,1,All Others,1,State Representative,Fifth Essex
Rockport,-,1,Blanks,33,State Representative,Fifth Essex
Rockport,-,1,Total Votes Cast,1081,State Representative,Fifth Essex
Rockport,-,2,Ann-Margaret Ferrante,1014,State Representative,Fifth Essex
Rockport,-,2,Ashley Sullivan,363,State Representative,Fifth Essex
Rockport,-,2,All Others,3,State Representative,Fifth Essex
Rockport,-,2,Blanks,44,State Representative,Fifth Essex
Rockport,-,2,Total Votes Cast,1424,State Representative,Fifth Essex
Rockport,-,3,Ann-Margaret Ferrante,1258,State Representative,Fifth Essex
Rockport,-,3,Ashley Sullivan,476,State Representative,Fifth Essex
Rockport,-,3,All Others,1,State Representative,Fifth Essex
Rockport,-,3,Blanks,55,State Representative,Fifth Essex
Rockport,-,3,Total Votes Cast,1790,State Representative,Fifth Essex
Rowe,,,Natalie M. Blais,138,State Representative,First Franklin
Rowe,,,All Others,1,State Representative,First Franklin
Rowe,,,Blanks,74,State Representative,First Franklin
Rowe,,,Total Votes Cast,213,State Representative,First Franklin
Rowley,,,Kristin E. Kassner,1294,State Representative,Second Essex
Rowley,,,Leonard Mirra,1834,State Representative,Second Essex
Rowley,,,All Others,0,State Representative,Second Essex
Rowley,,,Blanks,78,State Representative,Second Essex
Rowley,,,Total Votes Cast,3206,State Representative,Second Essex
Royalston,,,Susannah M. Whipps,413,State Representative,Second Franklin
Royalston,,,Jeffrey L. Raymond,182,State Representative,Second Franklin
Royalston,,,Kevin Patrick McKeown,15,State Representative,Second Franklin
Royalston,,,All Others,1,State Representative,Second Franklin
Royalston,,,Blanks,22,State Representative,Second Franklin
Royalston,,,Total Votes Cast,633,State Representative,Second Franklin
Russell,,,Nicholas A. Boldyga,402,State Representative,Third Hampden
Russell,,,Anthony J. Russo,224,State Representative,Third Hampden
Russell,,,All Others,1,State Representative,Third Hampden
Russell,,,Blanks,12,State Representative,Third Hampden
Russell,,,Total Votes Cast,639,State Representative,Third Hampden
Rutland,-,1,Kimberly N. Ferguson,1139,State Representative,First Worcester
Rutland,-,1,All Others,0,State Representative,First Worcester
Rutland,-,1,Blanks,303,State Representative,First Worcester
Rutland,-,1,Total Votes Cast,1442,State Representative,First Worcester
Rutland,-,2,Kimberly N. Ferguson,1004,State Representative,First Worcester
Rutland,-,2,All Others,0,State Representative,First Worcester
Rutland,-,2,Blanks,249,State Representative,First Worcester
Rutland,-,2,Total Votes Cast,1253,State Representative,First Worcester
Rutland,-,3,Kimberly N. Ferguson,1177,State Representative,First Worcester
Rutland,-,3,All Others,0,State Representative,First Worcester
Rutland,-,3,Blanks,317,State Representative,First Worcester
Rutland,-,3,Total Votes Cast,1494,State Representative,First Worcester
S. Hadley,-,A,Daniel R. Carey,1078,State Representative,Second Hampshire
S. Hadley,-,A,All Others,23,State Representative,Second Hampshire
S. Hadley,-,A,Blanks,261,State Representative,Second Hampshire
S. Hadley,-,A,Total Votes Cast,1362,State Representative,Second Hampshire
S. Hadley,-,B,Daniel R. Carey,1321,State Representative,Second Hampshire
S. Hadley,-,B,All Others,27,State Representative,Second Hampshire
S. Hadley,-,B,Blanks,329,State Representative,Second Hampshire
S. Hadley,-,B,Total Votes Cast,1677,State Representative,Second Hampshire
S. Hadley,-,C,Daniel R. Carey,1267,State Representative,Second Hampshire
S. Hadley,-,C,All Others,42,State Representative,Second Hampshire
S. Hadley,-,C,Blanks,383,State Representative,Second Hampshire
S. Hadley,-,C,Total Votes Cast,1692,State Representative,Second Hampshire
S. Hadley,-,D,Daniel R. Carey,771,State Representative,Second Hampshire
S. Hadley,-,D,All Others,10,State Representative,Second Hampshire
S. Hadley,-,D,Blanks,197,State Representative,Second Hampshire
S. Hadley,-,D,Total Votes Cast,978,State Representative,Second Hampshire
S. Hadley,-,E,Daniel R. Carey,1288,State Representative,Second Hampshire
S. Hadley,-,E,All Others,37,State Representative,Second Hampshire
S. Hadley,-,E,Blanks,382,State Representative,Second Hampshire
S. Hadley,-,E,Total Votes Cast,1707,State Representative,Second Hampshire
Salem,1,1,Manny Cruz,1278,State Representative,Seventh Essex
Salem,1,1,All Others,2,State Representative,Seventh Essex
Salem,1,1,Blanks,307,State Representative,Seventh Essex
Salem,1,1,Total Votes Cast,1587,State Representative,Seventh Essex
Salem,1,2,Manny Cruz,411,State Representative,Seventh Essex
Salem,1,2,All Others,0,State Representative,Seventh Essex
Salem,1,2,Blanks,64,State Representative,Seventh Essex
Salem,1,2,Total Votes Cast,475,State Representative,Seventh Essex
Salem,2,1,Manny Cruz,1219,State Representative,Seventh Essex
Salem,2,1,All Others,0,State Representative,Seventh Essex
Salem,2,1,Blanks,213,State Representative,Seventh Essex
Salem,2,1,Total Votes Cast,1432,State Representative,Seventh Essex
Salem,2,2,Manny Cruz,1297,State Representative,Seventh Essex
Salem,2,2,All Others,9,State Representative,Seventh Essex
Salem,2,2,Blanks,221,State Representative,Seventh Essex
Salem,2,2,Total Votes Cast,1527,State Representative,Seventh Essex
Salem,3,1,Manny Cruz,875,State Representative,Seventh Essex
Salem,3,1,All Others,0,State Representative,Seventh Essex
Salem,3,1,Blanks,170,State Representative,Seventh Essex
Salem,3,1,Total Votes Cast,1045,State Representative,Seventh Essex
Salem,3,2,Manny Cruz,921,State Representative,Seventh Essex
Salem,3,2,All Others,3,State Representative,Seventh Essex
Salem,3,2,Blanks,246,State Representative,Seventh Essex
Salem,3,2,Total Votes Cast,1170,State Representative,Seventh Essex
Salem,4,1,Manny Cruz,855,State Representative,Seventh Essex
Salem,4,1,All Others,9,State Representative,Seventh Essex
Salem,4,1,Blanks,253,State Representative,Seventh Essex
Salem,4,1,Total Votes Cast,1117,State Representative,Seventh Essex
Salem,4,2,Manny Cruz,923,State Representative,Seventh Essex
Salem,4,2,All Others,6,State Representative,Seventh Essex
Salem,4,2,Blanks,319,State Representative,Seventh Essex
Salem,4,2,Total Votes Cast,1248,State Representative,Seventh Essex
Salem,5,1,Manny Cruz,1066,State Representative,Seventh Essex
Salem,5,1,All Others,0,State Representative,Seventh Essex
Salem,5,1,Blanks,205,State Representative,Seventh Essex
Salem,5,1,Total Votes Cast,1271,State Representative,Seventh Essex
Salem,5,2,Manny Cruz,886,State Representative,Seventh Essex
Salem,5,2,All Others,2,State Representative,Seventh Essex
Salem,5,2,Blanks,151,State Representative,Seventh Essex
Salem,5,2,Total Votes Cast,1039,State Representative,Seventh Essex
Salem,6,1,Manny Cruz,1007,State Representative,Seventh Essex
Salem,6,1,All Others,4,State Representative,Seventh Essex
Salem,6,1,Blanks,212,State Representative,Seventh Essex
Salem,6,1,Total Votes Cast,1223,State Representative,Seventh Essex
Salem,6,2,Manny Cruz,1146,State Representative,Seventh Essex
Salem,6,2,All Others,7,State Representative,Seventh Essex
Salem,6,2,Blanks,214,State Representative,Seventh Essex
Salem,6,2,Total Votes Cast,1367,State Representative,Seventh Essex
Salem,7,1,Manny Cruz,695,State Representative,Seventh Essex
Salem,7,1,All Others,2,State Representative,Seventh Essex
Salem,7,1,Blanks,172,State Representative,Seventh Essex
Salem,7,1,Total Votes Cast,869,State Representative,Seventh Essex
Salem,7,2,Manny Cruz,1029,State Representative,Seventh Essex
Salem,7,2,All Others,2,State Representative,Seventh Essex
Salem,7,2,Blanks,301,State Representative,Seventh Essex
Salem,7,2,Total Votes Cast,1332,State Representative,Seventh Essex
Salisbury,-,1,Dawne F. Shand,638,State Representative,First Essex
Salisbury,-,1,Cj Fitzwater,697,State Representative,First Essex
Salisbury,-,1,All Others,0,State Representative,First Essex
Salisbury,-,1,Blanks,39,State Representative,First Essex
Salisbury,-,1,Total Votes Cast,1374,State Representative,First Essex
Salisbury,-,2,Dawne F. Shand,562,State Representative,First Essex
Salisbury,-,2,Cj Fitzwater,779,State Representative,First Essex
Salisbury,-,2,All Others,0,State Representative,First Essex
Salisbury,-,2,Blanks,31,State Representative,First Essex
Salisbury,-,2,Total Votes Cast,1372,State Representative,First Essex
Salisbury,-,3,Dawne F. Shand,431,State Representative,First Essex
Salisbury,-,3,Cj Fitzwater,837,State Representative,First Essex
Salisbury,-,3,All Others,0,State Representative,First Essex
Salisbury,-,3,Blanks,42,State Representative,First Essex
Salisbury,-,3,Total Votes Cast,1310,State Representative,First Essex
Sandisfield,,,"William ""Smitty"" Pignatelli",268,State Representative,Third Berkshire
Sandisfield,,,Michael Silvio Lavery,50,State Representative,Third Berkshire
Sandisfield,,,All Others,2,State Representative,Third Berkshire
Sandisfield,,,Blanks,38,State Representative,Third Berkshire
Sandisfield,,,Total Votes Cast,358,State Representative,Third Berkshire
Sandwich,-,1,Steven G. Xiarhos,1363,State Representative,Fifth Barnstable
Sandwich,-,1,All Others,33,State Representative,Fifth Barnstable
Sandwich,-,1,Blanks,663,State Representative,Fifth Barnstable
Sandwich,-,1,Total Votes Cast,2059,State Representative,Fifth Barnstable
Sandwich,-,2,Steven G. Xiarhos,1274,State Representative,Fifth Barnstable
Sandwich,-,2,All Others,31,State Representative,Fifth Barnstable
Sandwich,-,2,Blanks,628,State Representative,Fifth Barnstable
Sandwich,-,2,Total Votes Cast,1933,State Representative,Fifth Barnstable
Sandwich,-,3,Steven G. Xiarhos,1223,State Representative,Fifth Barnstable
Sandwich,-,3,All Others,31,State Representative,Fifth Barnstable
Sandwich,-,3,Blanks,458,State Representative,Fifth Barnstable
Sandwich,-,3,Total Votes Cast,1712,State Representative,Fifth Barnstable
Sandwich,-,4,Steven G. Xiarhos,1320,State Representative,Fifth Barnstable
Sandwich,-,4,All Others,13,State Representative,Fifth Barnstable
Sandwich,-,4,Blanks,477,State Representative,Fifth Barnstable
Sandwich,-,4,Total Votes Cast,1810,State Representative,Fifth Barnstable
Sandwich,-,5,Steven G. Xiarhos,1174,State Representative,Fifth Barnstable
Sandwich,-,5,All Others,23,State Representative,Fifth Barnstable
Sandwich,-,5,Blanks,389,State Representative,Fifth Barnstable
Sandwich,-,5,Total Votes Cast,1586,State Representative,Fifth Barnstable
Sandwich,-,6,Steven G. Xiarhos,1210,State Representative,Fifth Barnstable
Sandwich,-,6,All Others,20,State Representative,Fifth Barnstable
Sandwich,-,6,Blanks,348,State Representative,Fifth Barnstable
Sandwich,-,6,Total Votes Cast,1578,State Representative,Fifth Barnstable
Saugus,-,1,Donald H. Wong,805,State Representative,Ninth Essex
Saugus,-,1,All Others,0,State Representative,Ninth Essex
Saugus,-,1,Blanks,240,State Representative,Ninth Essex
Saugus,-,1,Total Votes Cast,1045,State Representative,Ninth Essex
Saugus,-,10,Jessica Ann Giannino,587,State Representative,Sixteenth Suffolk
Saugus,-,10,All Others,0,State Representative,Sixteenth Suffolk
Saugus,-,10,Blanks,299,State Representative,Sixteenth Suffolk
Saugus,-,10,Total Votes Cast,886,State Representative,Sixteenth Suffolk
Saugus,-,2,Donald H. Wong,742,State Representative,Ninth Essex
Saugus,-,2,All Others,0,State Representative,Ninth Essex
Saugus,-,2,Blanks,218,State Representative,Ninth Essex
Saugus,-,2,Total Votes Cast,960,State Representative,Ninth Essex
Saugus,-,3,Jessica Ann Giannino,629,State Representative,Sixteenth Suffolk
Saugus,-,3,All Others,0,State Representative,Sixteenth Suffolk
Saugus,-,3,Blanks,369,State Representative,Sixteenth Suffolk
Saugus,-,3,Total Votes Cast,998,State Representative,Sixteenth Suffolk
Saugus,-,4,Donald H. Wong,756,State Representative,Ninth Essex
Saugus,-,4,All Others,0,State Representative,Ninth Essex
Saugus,-,4,Blanks,249,State Representative,Ninth Essex
Saugus,-,4,Total Votes Cast,1005,State Representative,Ninth Essex
Saugus,-,5,Donald H. Wong,952,State Representative,Ninth Essex
Saugus,-,5,All Others,0,State Representative,Ninth Essex
Saugus,-,5,Blanks,237,State Representative,Ninth Essex
Saugus,-,5,Total Votes Cast,1189,State Representative,Ninth Essex
Saugus,-,6,Donald H. Wong,781,State Representative,Ninth Essex
Saugus,-,6,All Others,0,State Representative,Ninth Essex
Saugus,-,6,Blanks,220,State Representative,Ninth Essex
Saugus,-,6,Total Votes Cast,1001,State Representative,Ninth Essex
Saugus,-,7,Donald H. Wong,922,State Representative,Ninth Essex
Saugus,-,7,All Others,0,State Representative,Ninth Essex
Saugus,-,7,Blanks,230,State Representative,Ninth Essex
Saugus,-,7,Total Votes Cast,1152,State Representative,Ninth Essex
Saugus,-,8,Donald H. Wong,817,State Representative,Ninth Essex
Saugus,-,8,All Others,0,State Representative,Ninth Essex
Saugus,-,8,Blanks,223,State Representative,Ninth Essex
Saugus,-,8,Total Votes Cast,1040,State Representative,Ninth Essex
Saugus,-,9,Donald H. Wong,924,State Representative,Ninth Essex
Saugus,-,9,All Others,0,State Representative,Ninth Essex
Saugus,-,9,Blanks,236,State Representative,Ninth Essex
Saugus,-,9,Total Votes Cast,1160,State Representative,Ninth Essex
Savoy,,,"John P. Barrett, III",211,State Representative,First Berkshire
Savoy,,,All Others,1,State Representative,First Berkshire
Savoy,,,Blanks,93,State Representative,First Berkshire
Savoy,,,Total Votes Cast,305,State Representative,First Berkshire
Scituate,-,1,Patrick Joseph Kearney,1293,State Representative,Fourth Plymouth
Scituate,-,1,All Others,22,State Representative,Fourth Plymouth
Scituate,-,1,Blanks,450,State Representative,Fourth Plymouth
Scituate,-,1,Total Votes Cast,1765,State Representative,Fourth Plymouth
Scituate,-,2,Patrick Joseph Kearney,1302,State Representative,Fourth Plymouth
Scituate,-,2,All Others,18,State Representative,Fourth Plymouth
Scituate,-,2,Blanks,430,State Representative,Fourth Plymouth
Scituate,-,2,Total Votes Cast,1750,State Representative,Fourth Plymouth
Scituate,-,3,Patrick Joseph Kearney,1350,State Representative,Fourth Plymouth
Scituate,-,3,All Others,18,State Representative,Fourth Plymouth
Scituate,-,3,Blanks,357,State Representative,Fourth Plymouth
Scituate,-,3,Total Votes Cast,1725,State Representative,Fourth Plymouth
Scituate,-,4,Patrick Joseph Kearney,1307,State Representative,Fourth Plymouth
Scituate,-,4,All Others,18,State Representative,Fourth Plymouth
Scituate,-,4,Blanks,466,State Representative,Fourth Plymouth
Scituate,-,4,Total Votes Cast,1791,State Representative,Fourth Plymouth
Scituate,-,5,Patrick Joseph Kearney,1267,State Representative,Fourth Plymouth
Scituate,-,5,All Others,12,State Representative,Fourth Plymouth
Scituate,-,5,Blanks,380,State Representative,Fourth Plymouth
Scituate,-,5,Total Votes Cast,1659,State Representative,Fourth Plymouth
Scituate,-,6,Patrick Joseph Kearney,1391,State Representative,Fourth Plymouth
Scituate,-,6,All Others,16,State Representative,Fourth Plymouth
Scituate,-,6,Blanks,424,State Representative,Fourth Plymouth
Scituate,-,6,Total Votes Cast,1831,State Representative,Fourth Plymouth
Seekonk,-,1,Steven S. Howitt,1186,State Representative,Fourth Bristol
Seekonk,-,1,All Others,33,State Representative,Fourth Bristol
Seekonk,-,1,Blanks,296,State Representative,Fourth Bristol
Seekonk,-,1,Total Votes Cast,1515,State Representative,Fourth Bristol
Seekonk,-,2,Steven S. Howitt,1389,State Representative,Fourth Bristol
Seekonk,-,2,All Others,43,State Representative,Fourth Bristol
Seekonk,-,2,Blanks,408,State Representative,Fourth Bristol
Seekonk,-,2,Total Votes Cast,1840,State Representative,Fourth Bristol
Seekonk,-,3,Steven S. Howitt,1079,State Representative,Fourth Bristol
Seekonk,-,3,All Others,23,State Representative,Fourth Bristol
Seekonk,-,3,Blanks,303,State Representative,Fourth Bristol
Seekonk,-,3,Total Votes Cast,1405,State Representative,Fourth Bristol
Seekonk,-,4,Steven S. Howitt,1143,State Representative,Fourth Bristol
Seekonk,-,4,All Others,26,State Representative,Fourth Bristol
Seekonk,-,4,Blanks,307,State Representative,Fourth Bristol
Seekonk,-,4,Total Votes Cast,1476,State Representative,Fourth Bristol
Sharon,-,1,Ted Philips,1362,State Representative,Eighth Norfolk
Sharon,-,1,Howard L. Terban,299,State Representative,Eighth Norfolk
Sharon,-,1,All Others,2,State Representative,Eighth Norfolk
Sharon,-,1,Blanks,65,State Representative,Eighth Norfolk
Sharon,-,1,Total Votes Cast,1728,State Representative,Eighth Norfolk
Sharon,-,2,Ted Philips,1142,State Representative,Eighth Norfolk
Sharon,-,2,Howard L. Terban,307,State Representative,Eighth Norfolk
Sharon,-,2,All Others,1,State Representative,Eighth Norfolk
Sharon,-,2,Blanks,79,State Representative,Eighth Norfolk
Sharon,-,2,Total Votes Cast,1529,State Representative,Eighth Norfolk
Sharon,-,3,Ted Philips,1263,State Representative,Eighth Norfolk
Sharon,-,3,Howard L. Terban,363,State Representative,Eighth Norfolk
Sharon,-,3,All Others,0,State Representative,Eighth Norfolk
Sharon,-,3,Blanks,65,State Representative,Eighth Norfolk
Sharon,-,3,Total Votes Cast,1691,State Representative,Eighth Norfolk
Sharon,-,4,Ted Philips,1239,State Representative,Eighth Norfolk
Sharon,-,4,Howard L. Terban,284,State Representative,Eighth Norfolk
Sharon,-,4,All Others,0,State Representative,Eighth Norfolk
Sharon,-,4,Blanks,78,State Representative,Eighth Norfolk
Sharon,-,4,Total Votes Cast,1601,State Representative,Eighth Norfolk
Sharon,-,5,Ted Philips,1143,State Representative,Eighth Norfolk
Sharon,-,5,Howard L. Terban,373,State Representative,Eighth Norfolk
Sharon,-,5,All Others,1,State Representative,Eighth Norfolk
Sharon,-,5,Blanks,74,State Representative,Eighth Norfolk
Sharon,-,5,Total Votes Cast,1591,State Representative,Eighth Norfolk
Sheffield,,,"William ""Smitty"" Pignatelli",1281,State Representative,Third Berkshire
Sheffield,,,Michael Silvio Lavery,102,State Representative,Third Berkshire
Sheffield,,,All Others,10,State Representative,Third Berkshire
Sheffield,,,Blanks,141,State Representative,Third Berkshire
Sheffield,,,Total Votes Cast,1534,State Representative,Third Berkshire
Shelburne,,,Natalie M. Blais,777,State Representative,First Franklin
Shelburne,,,All Others,6,State Representative,First Franklin
Shelburne,,,Blanks,238,State Representative,First Franklin
Shelburne,,,Total Votes Cast,1021,State Representative,First Franklin
Sherborn,,,James Arena-DeRosa,1529,State Representative,Eighth Middlesex
Sherborn,,,Loring Barnes,615,State Representative,Eighth Middlesex
Sherborn,,,All Others,0,State Representative,Eighth Middlesex
Sherborn,,,Blanks,76,State Representative,Eighth Middlesex
Sherborn,,,Total Votes Cast,2220,State Representative,Eighth Middlesex
Shirley,,,Danillo A. Sena,1865,State Representative,Thirty-Seventh Middlesex
Shirley,,,All Others,66,State Representative,Thirty-Seventh Middlesex
Shirley,,,Blanks,765,State Representative,Thirty-Seventh Middlesex
Shirley,,,Total Votes Cast,2696,State Representative,Thirty-Seventh Middlesex
Shrewsbury,-,1,Hannah E. Kane,1114,State Representative,Eleventh Worcester
Shrewsbury,-,1,Stephen Fishman,632,State Representative,Eleventh Worcester
Shrewsbury,-,1,All Others,0,State Representative,Eleventh Worcester
Shrewsbury,-,1,Blanks,43,State Representative,Eleventh Worcester
Shrewsbury,-,1,Total Votes Cast,1789,State Representative,Eleventh Worcester
Shrewsbury,-,10,Hannah E. Kane,815,State Representative,Eleventh Worcester
Shrewsbury,-,10,Stephen Fishman,594,State Representative,Eleventh Worcester
Shrewsbury,-,10,All Others,0,State Representative,Eleventh Worcester
Shrewsbury,-,10,Blanks,48,State Representative,Eleventh Worcester
Shrewsbury,-,10,Total Votes Cast,1457,State Representative,Eleventh Worcester
Shrewsbury,-,2,Hannah E. Kane,828,State Representative,Eleventh Worcester
Shrewsbury,-,2,Stephen Fishman,558,State Representative,Eleventh Worcester
Shrewsbury,-,2,All Others,0,State Representative,Eleventh Worcester
Shrewsbury,-,2,Blanks,52,State Representative,Eleventh Worcester
Shrewsbury,-,2,Total Votes Cast,1438,State Representative,Eleventh Worcester
Shrewsbury,-,3,Hannah E. Kane,681,State Representative,Eleventh Worcester
Shrewsbury,-,3,Stephen Fishman,464,State Representative,Eleventh Worcester
Shrewsbury,-,3,All Others,0,State Representative,Eleventh Worcester
Shrewsbury,-,3,Blanks,27,State Representative,Eleventh Worcester
Shrewsbury,-,3,Total Votes Cast,1172,State Representative,Eleventh Worcester
Shrewsbury,-,4,Hannah E. Kane,905,State Representative,Eleventh Worcester
Shrewsbury,-,4,Stephen Fishman,631,State Representative,Eleventh Worcester
Shrewsbury,-,4,All Others,1,State Representative,Eleventh Worcester
Shrewsbury,-,4,Blanks,52,State Representative,Eleventh Worcester
Shrewsbury,-,4,Total Votes Cast,1589,State Representative,Eleventh Worcester
Shrewsbury,-,5,Hannah E. Kane,824,State Representative,Eleventh Worcester
Shrewsbury,-,5,Stephen Fishman,561,State Representative,Eleventh Worcester
Shrewsbury,-,5,All Others,1,State Representative,Eleventh Worcester
Shrewsbury,-,5,Blanks,34,State Representative,Eleventh Worcester
Shrewsbury,-,5,Total Votes Cast,1420,State Representative,Eleventh Worcester
Shrewsbury,-,6,Hannah E. Kane,825,State Representative,Eleventh Worcester
Shrewsbury,-,6,Stephen Fishman,623,State Representative,Eleventh Worcester
Shrewsbury,-,6,All Others,1,State Representative,Eleventh Worcester
Shrewsbury,-,6,Blanks,39,State Representative,Eleventh Worcester
Shrewsbury,-,6,Total Votes Cast,1488,State Representative,Eleventh Worcester
Shrewsbury,-,7,Hannah E. Kane,1048,State Representative,Eleventh Worcester
Shrewsbury,-,7,Stephen Fishman,692,State Representative,Eleventh Worcester
Shrewsbury,-,7,All Others,1,State Representative,Eleventh Worcester
Shrewsbury,-,7,Blanks,54,State Representative,Eleventh Worcester
Shrewsbury,-,7,Total Votes Cast,1795,State Representative,Eleventh Worcester
Shrewsbury,-,8,Hannah E. Kane,1115,State Representative,Eleventh Worcester
Shrewsbury,-,8,Stephen Fishman,740,State Representative,Eleventh Worcester
Shrewsbury,-,8,All Others,0,State Representative,Eleventh Worcester
Shrewsbury,-,8,Blanks,51,State Representative,Eleventh Worcester
Shrewsbury,-,8,Total Votes Cast,1906,State Representative,Eleventh Worcester
Shrewsbury,-,9,Hannah E. Kane,575,State Representative,Eleventh Worcester
Shrewsbury,-,9,Stephen Fishman,462,State Representative,Eleventh Worcester
Shrewsbury,-,9,All Others,0,State Representative,Eleventh Worcester
Shrewsbury,-,9,Blanks,24,State Representative,Eleventh Worcester
Shrewsbury,-,9,Total Votes Cast,1061,State Representative,Eleventh Worcester
Shutesbury,,,Aaron L. Saunders,900,State Representative,Seventh Hampden
Shutesbury,,,James Chip Harrington,137,State Representative,Seventh Hampden
Shutesbury,,,All Others,0,State Representative,Seventh Hampden
Shutesbury,,,Blanks,26,State Representative,Seventh Hampden
Shutesbury,,,Total Votes Cast,1063,State Representative,Seventh Hampden
Somerset,-,1,Patricia A. Haddad,961,State Representative,Fifth Bristol
Somerset,-,1,Justin Thurber,666,State Representative,Fifth Bristol
Somerset,-,1,All Others,0,State Representative,Fifth Bristol
Somerset,-,1,Blanks,26,State Representative,Fifth Bristol
Somerset,-,1,Total Votes Cast,1653,State Representative,Fifth Bristol
Somerset,-,2,Patricia A. Haddad,901,State Representative,Fifth Bristol
Somerset,-,2,Justin Thurber,662,State Representative,Fifth Bristol
Somerset,-,2,All Others,0,State Representative,Fifth Bristol
Somerset,-,2,Blanks,34,State Representative,Fifth Bristol
Somerset,-,2,Total Votes Cast,1597,State Representative,Fifth Bristol
Somerset,-,3,Patricia A. Haddad,928,State Representative,Fifth Bristol
Somerset,-,3,Justin Thurber,632,State Representative,Fifth Bristol
Somerset,-,3,All Others,0,State Representative,Fifth Bristol
Somerset,-,3,Blanks,30,State Representative,Fifth Bristol
Somerset,-,3,Total Votes Cast,1590,State Representative,Fifth Bristol
Somerset,-,4,Patricia A. Haddad,832,State Representative,Fifth Bristol
Somerset,-,4,Justin Thurber,613,State Representative,Fifth Bristol
Somerset,-,4,All Others,0,State Representative,Fifth Bristol
Somerset,-,4,Blanks,32,State Representative,Fifth Bristol
Somerset,-,4,Total Votes Cast,1477,State Representative,Fifth Bristol
Somerset,-,5,Patricia A. Haddad,706,State Representative,Fifth Bristol
Somerset,-,5,Justin Thurber,685,State Representative,Fifth Bristol
Somerset,-,5,All Others,0,State Representative,Fifth Bristol
Somerset,-,5,Blanks,33,State Representative,Fifth Bristol
Somerset,-,5,Total Votes Cast,1424,State Representative,Fifth Bristol
Somerville,1,1,Mike Connolly,658,State Representative,Twenty-Sixth Middlesex
Somerville,1,1,All Others,18,State Representative,Twenty-Sixth Middlesex
Somerville,1,1,Blanks,128,State Representative,Twenty-Sixth Middlesex
Somerville,1,1,Total Votes Cast,804,State Representative,Twenty-Sixth Middlesex
Somerville,1,2,Mike Connolly,471,State Representative,Twenty-Sixth Middlesex
Somerville,1,2,All Others,13,State Representative,Twenty-Sixth Middlesex
Somerville,1,2,Blanks,207,State Representative,Twenty-Sixth Middlesex
Somerville,1,2,Total Votes Cast,691,State Representative,Twenty-Sixth Middlesex
Somerville,1,3,Mike Connolly,423,State Representative,Twenty-Sixth Middlesex
Somerville,1,3,All Others,14,State Representative,Twenty-Sixth Middlesex
Somerville,1,3,Blanks,271,State Representative,Twenty-Sixth Middlesex
Somerville,1,3,Total Votes Cast,708,State Representative,Twenty-Sixth Middlesex
Somerville,1,4,Mike Connolly,376,State Representative,Twenty-Sixth Middlesex
Somerville,1,4,All Others,7,State Representative,Twenty-Sixth Middlesex
Somerville,1,4,Blanks,80,State Representative,Twenty-Sixth Middlesex
Somerville,1,4,Total Votes Cast,463,State Representative,Twenty-Sixth Middlesex
Somerville,1,4A,Erika Uyterhoeven,224,State Representative,Twenty-Seventh Middlesex
Somerville,1,4A,All Others,7,State Representative,Twenty-Seventh Middlesex
Somerville,1,4A,Blanks,37,State Representative,Twenty-Seventh Middlesex
Somerville,1,4A,Total Votes Cast,268,State Representative,Twenty-Seventh Middlesex
Somerville,2,1,Erika Uyterhoeven,561,State Representative,Twenty-Seventh Middlesex
Somerville,2,1,All Others,6,State Representative,Twenty-Seventh Middlesex
Somerville,2,1,Blanks,60,State Representative,Twenty-Seventh Middlesex
Somerville,2,1,Total Votes Cast,627,State Representative,Twenty-Seventh Middlesex
Somerville,2,1A,Mike Connolly,260,State Representative,Twenty-Sixth Middlesex
Somerville,2,1A,All Others,1,State Representative,Twenty-Sixth Middlesex
Somerville,2,1A,Blanks,38,State Representative,Twenty-Sixth Middlesex
Somerville,2,1A,Total Votes Cast,299,State Representative,Twenty-Sixth Middlesex
Somerville,2,2,Erika Uyterhoeven,904,State Representative,Twenty-Seventh Middlesex
Somerville,2,2,All Others,11,State Representative,Twenty-Seventh Middlesex
Somerville,2,2,Blanks,122,State Representative,Twenty-Seventh Middlesex
Somerville,2,2,Total Votes Cast,1037,State Representative,Twenty-Seventh Middlesex
Somerville,2,3,Erika Uyterhoeven,866,State Representative,Twenty-Seventh Middlesex
Somerville,2,3,All Others,10,State Representative,Twenty-Seventh Middlesex
Somerville,2,3,Blanks,116,State Representative,Twenty-Seventh Middlesex
Somerville,2,3,Total Votes Cast,992,State Representative,Twenty-Seventh Middlesex
Somerville,2,4,Erika Uyterhoeven,988,State Representative,Twenty-Seventh Middlesex
Somerville,2,4,All Others,8,State Representative,Twenty-Seventh Middlesex
Somerville,2,4,Blanks,114,State Representative,Twenty-Seventh Middlesex
Somerville,2,4,Total Votes Cast,1110,State Representative,Twenty-Seventh Middlesex
Somerville,3,1,Erika Uyterhoeven,1011,State Representative,Twenty-Seventh Middlesex
Somerville,3,1,All Others,11,State Representative,Twenty-Seventh Middlesex
Somerville,3,1,Blanks,141,State Representative,Twenty-Seventh Middlesex
Somerville,3,1,Total Votes Cast,1163,State Representative,Twenty-Seventh Middlesex
Somerville,3,2,Erika Uyterhoeven,877,State Representative,Twenty-Seventh Middlesex
Somerville,3,2,All Others,26,State Representative,Twenty-Seventh Middlesex
Somerville,3,2,Blanks,164,State Representative,Twenty-Seventh Middlesex
Somerville,3,2,Total Votes Cast,1067,State Representative,Twenty-Seventh Middlesex
Somerville,3,3,Erika Uyterhoeven,1070,State Representative,Twenty-Seventh Middlesex
Somerville,3,3,All Others,11,State Representative,Twenty-Seventh Middlesex
Somerville,3,3,Blanks,158,State Representative,Twenty-Seventh Middlesex
Somerville,3,3,Total Votes Cast,1239,State Representative,Twenty-Seventh Middlesex
Somerville,3,4,Erika Uyterhoeven,947,State Representative,Twenty-Seventh Middlesex
Somerville,3,4,All Others,11,State Representative,Twenty-Seventh Middlesex
Somerville,3,4,Blanks,145,State Representative,Twenty-Seventh Middlesex
Somerville,3,4,Total Votes Cast,1103,State Representative,Twenty-Seventh Middlesex
Somerville,4,1,Christine P. Barber,639,State Representative,Thirty-Fourth Middlesex
Somerville,4,1,All Others,7,State Representative,Thirty-Fourth Middlesex
Somerville,4,1,Blanks,169,State Representative,Thirty-Fourth Middlesex
Somerville,4,1,Total Votes Cast,815,State Representative,Thirty-Fourth Middlesex
Somerville,4,2,Christine P. Barber,527,State Representative,Thirty-Fourth Middlesex
Somerville,4,2,All Others,7,State Representative,Thirty-Fourth Middlesex
Somerville,4,2,Blanks,88,State Representative,Thirty-Fourth Middlesex
Somerville,4,2,Total Votes Cast,622,State Representative,Thirty-Fourth Middlesex
Somerville,4,2A,Erika Uyterhoeven,200,State Representative,Twenty-Seventh Middlesex
Somerville,4,2A,All Others,3,State Representative,Twenty-Seventh Middlesex
Somerville,4,2A,Blanks,37,State Representative,Twenty-Seventh Middlesex
Somerville,4,2A,Total Votes Cast,240,State Representative,Twenty-Seventh Middlesex
Somerville,4,3,Christine P. Barber,916,State Representative,Thirty-Fourth Middlesex
Somerville,4,3,All Others,14,State Representative,Thirty-Fourth Middlesex
Somerville,4,3,Blanks,152,State Representative,Thirty-Fourth Middlesex
Somerville,4,3,Total Votes Cast,1082,State Representative,Thirty-Fourth Middlesex
Somerville,4,4,Christine P. Barber,508,State Representative,Thirty-Fourth Middlesex
Somerville,4,4,All Others,10,State Representative,Thirty-Fourth Middlesex
Somerville,4,4,Blanks,130,State Representative,Thirty-Fourth Middlesex
Somerville,4,4,Total Votes Cast,648,State Representative,Thirty-Fourth Middlesex
Somerville,5,1,Erika Uyterhoeven,998,State Representative,Twenty-Seventh Middlesex
Somerville,5,1,All Others,14,State Representative,Twenty-Seventh Middlesex
Somerville,5,1,Blanks,177,State Representative,Twenty-Seventh Middlesex
Somerville,5,1,Total Votes Cast,1189,State Representative,Twenty-Seventh Middlesex
Somerville,5,2,Erika Uyterhoeven,1050,State Representative,Twenty-Seventh Middlesex
Somerville,5,2,All Others,29,State Representative,Twenty-Seventh Middlesex
Somerville,5,2,Blanks,148,State Representative,Twenty-Seventh Middlesex
Somerville,5,2,Total Votes Cast,1227,State Representative,Twenty-Seventh Middlesex
Somerville,5,3,Erika Uyterhoeven,1061,State Representative,Twenty-Seventh Middlesex
Somerville,5,3,All Others,9,State Representative,Twenty-Seventh Middlesex
Somerville,5,3,Blanks,165,State Representative,Twenty-Seventh Middlesex
Somerville,5,3,Total Votes Cast,1235,State Representative,Twenty-Seventh Middlesex
Somerville,5,4,Erika Uyterhoeven,1145,State Representative,Twenty-Seventh Middlesex
Somerville,5,4,All Others,11,State Representative,Twenty-Seventh Middlesex
Somerville,5,4,Blanks,144,State Representative,Twenty-Seventh Middlesex
Somerville,5,4,Total Votes Cast,1300,State Representative,Twenty-Seventh Middlesex
Somerville,6,1,Erika Uyterhoeven,1105,State Representative,Twenty-Seventh Middlesex
Somerville,6,1,All Others,23,State Representative,Twenty-Seventh Middlesex
Somerville,6,1,Blanks,128,State Representative,Twenty-Seventh Middlesex
Somerville,6,1,Total Votes Cast,1256,State Representative,Twenty-Seventh Middlesex
Somerville,6,2,Erika Uyterhoeven,1201,State Representative,Twenty-Seventh Middlesex
Somerville,6,2,All Others,23,State Representative,Twenty-Seventh Middlesex
Somerville,6,2,Blanks,188,State Representative,Twenty-Seventh Middlesex
Somerville,6,2,Total Votes Cast,1412,State Representative,Twenty-Seventh Middlesex
Somerville,6,3,Erika Uyterhoeven,308,State Representative,Twenty-Seventh Middlesex
Somerville,6,3,All Others,3,State Representative,Twenty-Seventh Middlesex
Somerville,6,3,Blanks,41,State Representative,Twenty-Seventh Middlesex
Somerville,6,3,Total Votes Cast,352,State Representative,Twenty-Seventh Middlesex
Somerville,6,3A,Christine P. Barber,163,State Representative,Thirty-Fourth Middlesex
Somerville,6,3A,All Others,1,State Representative,Thirty-Fourth Middlesex
Somerville,6,3A,Blanks,34,State Representative,Thirty-Fourth Middlesex
Somerville,6,3A,Total Votes Cast,198,State Representative,Thirty-Fourth Middlesex
Somerville,6,4,Erika Uyterhoeven,1182,State Representative,Twenty-Seventh Middlesex
Somerville,6,4,All Others,11,State Representative,Twenty-Seventh Middlesex
Somerville,6,4,Blanks,177,State Representative,Twenty-Seventh Middlesex
Somerville,6,4,Total Votes Cast,1370,State Representative,Twenty-Seventh Middlesex
Somerville,7,1,Christine P. Barber,1230,State Representative,Thirty-Fourth Middlesex
Somerville,7,1,All Others,7,State Representative,Thirty-Fourth Middlesex
Somerville,7,1,Blanks,158,State Representative,Thirty-Fourth Middlesex
Somerville,7,1,Total Votes Cast,1395,State Representative,Thirty-Fourth Middlesex
Somerville,7,2,Christine P. Barber,825,State Representative,Thirty-Fourth Middlesex
Somerville,7,2,All Others,8,State Representative,Thirty-Fourth Middlesex
Somerville,7,2,Blanks,104,State Representative,Thirty-Fourth Middlesex
Somerville,7,2,Total Votes Cast,937,State Representative,Thirty-Fourth Middlesex
Somerville,7,3,Christine P. Barber,765,State Representative,Thirty-Fourth Middlesex
Somerville,7,3,All Others,8,State Representative,Thirty-Fourth Middlesex
Somerville,7,3,Blanks,154,State Representative,Thirty-Fourth Middlesex
Somerville,7,3,Total Votes Cast,927,State Representative,Thirty-Fourth Middlesex
Somerville,7,4,Christine P. Barber,887,State Representative,Thirty-Fourth Middlesex
Somerville,7,4,All Others,14,State Representative,Thirty-Fourth Middlesex
Somerville,7,4,Blanks,143,State Representative,Thirty-Fourth Middlesex
Somerville,7,4,Total Votes Cast,1044,State Representative,Thirty-Fourth Middlesex
Southampton,-,1,Kelly W. Pease,1063,State Representative,Fourth Hampden
Southampton,-,1,All Others,17,State Representative,Fourth Hampden
Southampton,-,1,Blanks,499,State Representative,Fourth Hampden
Southampton,-,1,Total Votes Cast,1579,State Representative,Fourth Hampden
Southampton,-,2,Kelly W. Pease,1086,State Representative,Fourth Hampden
Southampton,-,2,All Others,63,State Representative,Fourth Hampden
Southampton,-,2,Blanks,421,State Representative,Fourth Hampden
Southampton,-,2,Total Votes Cast,1570,State Representative,Fourth Hampden
Southborough,-,1,Kate Donaghue,980,State Representative,Nineteenth Worcester
Southborough,-,1,Jonathan I. Hostage,607,State Representative,Nineteenth Worcester
Southborough,-,1,All Others,1,State Representative,Nineteenth Worcester
Southborough,-,1,Blanks,51,State Representative,Nineteenth Worcester
Southborough,-,1,Total Votes Cast,1639,State Representative,Nineteenth Worcester
Southborough,-,2,Kate Donaghue,959,State Representative,Nineteenth Worcester
Southborough,-,2,Jonathan I. Hostage,637,State Representative,Nineteenth Worcester
Southborough,-,2,All Others,0,State Representative,Nineteenth Worcester
Southborough,-,2,Blanks,41,State Representative,Nineteenth Worcester
Southborough,-,2,Total Votes Cast,1637,State Representative,Nineteenth Worcester
Southborough,-,3,Kate Donaghue,962,State Representative,Nineteenth Worcester
Southborough,-,3,Jonathan I. Hostage,580,State Representative,Nineteenth Worcester
Southborough,-,3,All Others,2,State Representative,Nineteenth Worcester
Southborough,-,3,Blanks,51,State Representative,Nineteenth Worcester
Southborough,-,3,Total Votes Cast,1595,State Representative,Nineteenth Worcester
Southbridge,-,1,Peter J. Durant,550,State Representative,Sixth Worcester
Southbridge,-,1,All Others,34,State Representative,Sixth Worcester
Southbridge,-,1,Blanks,219,State Representative,Sixth Worcester
Southbridge,-,1,Total Votes Cast,803,State Representative,Sixth Worcester
Southbridge,-,2,Peter J. Durant,431,State Representative,Sixth Worcester
Southbridge,-,2,All Others,21,State Representative,Sixth Worcester
Southbridge,-,2,Blanks,138,State Representative,Sixth Worcester
Southbridge,-,2,Total Votes Cast,590,State Representative,Sixth Worcester
Southbridge,-,3,Peter J. Durant,692,State Representative,Sixth Worcester
Southbridge,-,3,All Others,29,State Representative,Sixth Worcester
Southbridge,-,3,Blanks,221,State Representative,Sixth Worcester
Southbridge,-,3,Total Votes Cast,942,State Representative,Sixth Worcester
Southbridge,-,4,Peter J. Durant,957,State Representative,Sixth Worcester
Southbridge,-,4,All Others,29,State Representative,Sixth Worcester
Southbridge,-,4,Blanks,389,State Representative,Sixth Worcester
Southbridge,-,4,Total Votes Cast,1375,State Representative,Sixth Worcester
Southbridge,-,5,Peter J. Durant,372,State Representative,Sixth Worcester
Southbridge,-,5,All Others,23,State Representative,Sixth Worcester
Southbridge,-,5,Blanks,175,State Representative,Sixth Worcester
Southbridge,-,5,Total Votes Cast,570,State Representative,Sixth Worcester
Southwick,-,1,Nicholas A. Boldyga,1112,State Representative,Third Hampden
Southwick,-,1,Anthony J. Russo,470,State Representative,Third Hampden
Southwick,-,1,All Others,0,State Representative,Third Hampden
Southwick,-,1,Blanks,16,State Representative,Third Hampden
Southwick,-,1,Total Votes Cast,1598,State Representative,Third Hampden
Southwick,-,2,Nicholas A. Boldyga,777,State Representative,Third Hampden
Southwick,-,2,Anthony J. Russo,392,State Representative,Third Hampden
Southwick,-,2,All Others,2,State Representative,Third Hampden
Southwick,-,2,Blanks,13,State Representative,Third Hampden
Southwick,-,2,Total Votes Cast,1184,State Representative,Third Hampden
Southwick,-,3,Nicholas A. Boldyga,929,State Representative,Third Hampden
Southwick,-,3,Anthony J. Russo,483,State Representative,Third Hampden
Southwick,-,3,All Others,1,State Representative,Third Hampden
Southwick,-,3,Blanks,18,State Representative,Third Hampden
Southwick,-,3,Total Votes Cast,1431,State Representative,Third Hampden
Spencer,-,2,"Donald R. Berthiaume, Jr",748,State Representative,Fifth Worcester
Spencer,-,2,All Others,13,State Representative,Fifth Worcester
Spencer,-,2,Blanks,189,State Representative,Fifth Worcester
Spencer,-,2,Total Votes Cast,950,State Representative,Fifth Worcester
Spencer,-,3,"Donald R. Berthiaume, Jr",964,State Representative,Fifth Worcester
Spencer,-,3,All Others,28,State Representative,Fifth Worcester
Spencer,-,3,Blanks,209,State Representative,Fifth Worcester
Spencer,-,3,Total Votes Cast,1201,State Representative,Fifth Worcester
Spencer,-,4,"Donald R. Berthiaume, Jr",949,State Representative,Fifth Worcester
Spencer,-,4,All Others,19,State Representative,Fifth Worcester
Spencer,-,4,Blanks,267,State Representative,Fifth Worcester
Spencer,-,4,Total Votes Cast,1235,State Representative,Fifth Worcester
Spencer,,,Peter J. Durant,828,State Representative,Sixth Worcester
Spencer,,,All Others,8,State Representative,Sixth Worcester
Spencer,,,Blanks,246,State Representative,Sixth Worcester
Spencer,,,Total Votes Cast,1082,State Representative,Sixth Worcester
Springfield,1,A,Carlos Gonzalez,222,State Representative,Tenth Hampden
Springfield,1,A,All Others,9,State Representative,Tenth Hampden
Springfield,1,A,Blanks,34,State Representative,Tenth Hampden
Springfield,1,A,Total Votes Cast,265,State Representative,Tenth Hampden
Springfield,1,B,Carlos Gonzalez,234,State Representative,Tenth Hampden
Springfield,1,B,All Others,7,State Representative,Tenth Hampden
Springfield,1,B,Blanks,53,State Representative,Tenth Hampden
Springfield,1,B,Total Votes Cast,294,State Representative,Tenth Hampden
Springfield,1,C,Carlos Gonzalez,147,State Representative,Tenth Hampden
Springfield,1,C,All Others,7,State Representative,Tenth Hampden
Springfield,1,C,Blanks,18,State Representative,Tenth Hampden
Springfield,1,C,Total Votes Cast,172,State Representative,Tenth Hampden
Springfield,1,C1,Orlando Ramos,17,State Representative,Ninth Hampden
Springfield,1,C1,All Others,1,State Representative,Ninth Hampden
Springfield,1,C1,Blanks,3,State Representative,Ninth Hampden
Springfield,1,C1,Total Votes Cast,21,State Representative,Ninth Hampden
Springfield,1,D,Orlando Ramos,168,State Representative,Ninth Hampden
Springfield,1,D,All Others,3,State Representative,Ninth Hampden
Springfield,1,D,Blanks,21,State Representative,Ninth Hampden
Springfield,1,D,Total Votes Cast,192,State Representative,Ninth Hampden
Springfield,1,D1,Carlos Gonzalez,43,State Representative,Tenth Hampden
Springfield,1,D1,All Others,1,State Representative,Tenth Hampden
Springfield,1,D1,Blanks,10,State Representative,Tenth Hampden
Springfield,1,D1,Total Votes Cast,54,State Representative,Tenth Hampden
Springfield,1,E,Carlos Gonzalez,170,State Representative,Tenth Hampden
Springfield,1,E,All Others,5,State Representative,Tenth Hampden
Springfield,1,E,Blanks,30,State Representative,Tenth Hampden
Springfield,1,E,Total Votes Cast,205,State Representative,Tenth Hampden
Springfield,1,F,Carlos Gonzalez,233,State Representative,Tenth Hampden
Springfield,1,F,All Others,10,State Representative,Tenth Hampden
Springfield,1,F,Blanks,33,State Representative,Tenth Hampden
Springfield,1,F,Total Votes Cast,276,State Representative,Tenth Hampden
Springfield,1,G,Carlos Gonzalez,193,State Representative,Tenth Hampden
Springfield,1,G,All Others,3,State Representative,Tenth Hampden
Springfield,1,G,Blanks,25,State Representative,Tenth Hampden
Springfield,1,G,Total Votes Cast,221,State Representative,Tenth Hampden
Springfield,1,H,Carlos Gonzalez,354,State Representative,Tenth Hampden
Springfield,1,H,All Others,2,State Representative,Tenth Hampden
Springfield,1,H,Blanks,48,State Representative,Tenth Hampden
Springfield,1,H,Total Votes Cast,404,State Representative,Tenth Hampden
Springfield,2,A,Orlando Ramos,243,State Representative,Ninth Hampden
Springfield,2,A,All Others,6,State Representative,Ninth Hampden
Springfield,2,A,Blanks,50,State Representative,Ninth Hampden
Springfield,2,A,Total Votes Cast,299,State Representative,Ninth Hampden
Springfield,2,B,Orlando Ramos,450,State Representative,Ninth Hampden
Springfield,2,B,All Others,17,State Representative,Ninth Hampden
Springfield,2,B,Blanks,141,State Representative,Ninth Hampden
Springfield,2,B,Total Votes Cast,608,State Representative,Ninth Hampden
Springfield,2,C,Orlando Ramos,239,State Representative,Ninth Hampden
Springfield,2,C,All Others,6,State Representative,Ninth Hampden
Springfield,2,C,Blanks,63,State Representative,Ninth Hampden
Springfield,2,C,Total Votes Cast,308,State Representative,Ninth Hampden
Springfield,2,D,Orlando Ramos,395,State Representative,Ninth Hampden
Springfield,2,D,All Others,15,State Representative,Ninth Hampden
Springfield,2,D,Blanks,91,State Representative,Ninth Hampden
Springfield,2,D,Total Votes Cast,501,State Representative,Ninth Hampden
Springfield,2,E,Orlando Ramos,389,State Representative,Ninth Hampden
Springfield,2,E,All Others,15,State Representative,Ninth Hampden
Springfield,2,E,Blanks,106,State Representative,Ninth Hampden
Springfield,2,E,Total Votes Cast,510,State Representative,Ninth Hampden
Springfield,2,F,Orlando Ramos,397,State Representative,Ninth Hampden
Springfield,2,F,All Others,10,State Representative,Ninth Hampden
Springfield,2,F,Blanks,73,State Representative,Ninth Hampden
Springfield,2,F,Total Votes Cast,480,State Representative,Ninth Hampden
Springfield,2,G,Orlando Ramos,442,State Representative,Ninth Hampden
Springfield,2,G,All Others,16,State Representative,Ninth Hampden
Springfield,2,G,Blanks,143,State Representative,Ninth Hampden
Springfield,2,G,Total Votes Cast,601,State Representative,Ninth Hampden
Springfield,2,H,Orlando Ramos,465,State Representative,Ninth Hampden
Springfield,2,H,All Others,17,State Representative,Ninth Hampden
Springfield,2,H,Blanks,119,State Representative,Ninth Hampden
Springfield,2,H,Total Votes Cast,601,State Representative,Ninth Hampden
Springfield,3,A,Bud L. Williams,206,State Representative,Eleventh Hampden
Springfield,3,A,All Others,4,State Representative,Eleventh Hampden
Springfield,3,A,Blanks,28,State Representative,Eleventh Hampden
Springfield,3,A,Total Votes Cast,238,State Representative,Eleventh Hampden
Springfield,3,B,Carlos Gonzalez,190,State Representative,Tenth Hampden
Springfield,3,B,All Others,1,State Representative,Tenth Hampden
Springfield,3,B,Blanks,34,State Representative,Tenth Hampden
Springfield,3,B,Total Votes Cast,225,State Representative,Tenth Hampden
Springfield,3,C,Carlos Gonzalez,165,State Representative,Tenth Hampden
Springfield,3,C,All Others,3,State Representative,Tenth Hampden
Springfield,3,C,Blanks,37,State Representative,Tenth Hampden
Springfield,3,C,Total Votes Cast,205,State Representative,Tenth Hampden
Springfield,3,D,Carlos Gonzalez,208,State Representative,Tenth Hampden
Springfield,3,D,All Others,7,State Representative,Tenth Hampden
Springfield,3,D,Blanks,16,State Representative,Tenth Hampden
Springfield,3,D,Total Votes Cast,231,State Representative,Tenth Hampden
Springfield,3,E,Carlos Gonzalez,123,State Representative,Tenth Hampden
Springfield,3,E,All Others,7,State Representative,Tenth Hampden
Springfield,3,E,Blanks,11,State Representative,Tenth Hampden
Springfield,3,E,Total Votes Cast,141,State Representative,Tenth Hampden
Springfield,3,F,Carlos Gonzalez,173,State Representative,Tenth Hampden
Springfield,3,F,All Others,3,State Representative,Tenth Hampden
Springfield,3,F,Blanks,36,State Representative,Tenth Hampden
Springfield,3,F,Total Votes Cast,212,State Representative,Tenth Hampden
Springfield,3,G,Carlos Gonzalez,133,State Representative,Tenth Hampden
Springfield,3,G,All Others,3,State Representative,Tenth Hampden
Springfield,3,G,Blanks,29,State Representative,Tenth Hampden
Springfield,3,G,Total Votes Cast,165,State Representative,Tenth Hampden
Springfield,3,H,Carlos Gonzalez,179,State Representative,Tenth Hampden
Springfield,3,H,All Others,8,State Representative,Tenth Hampden
Springfield,3,H,Blanks,38,State Representative,Tenth Hampden
Springfield,3,H,Total Votes Cast,225,State Representative,Tenth Hampden
Springfield,4,A,Bud L. Williams,423,State Representative,Eleventh Hampden
Springfield,4,A,All Others,19,State Representative,Eleventh Hampden
Springfield,4,A,Blanks,80,State Representative,Eleventh Hampden
Springfield,4,A,Total Votes Cast,522,State Representative,Eleventh Hampden
Springfield,4,B,Bud L. Williams,246,State Representative,Eleventh Hampden
Springfield,4,B,All Others,9,State Representative,Eleventh Hampden
Springfield,4,B,Blanks,20,State Representative,Eleventh Hampden
Springfield,4,B,Total Votes Cast,275,State Representative,Eleventh Hampden
Springfield,4,C,Bud L. Williams,197,State Representative,Eleventh Hampden
Springfield,4,C,All Others,5,State Representative,Eleventh Hampden
Springfield,4,C,Blanks,22,State Representative,Eleventh Hampden
Springfield,4,C,Total Votes Cast,224,State Representative,Eleventh Hampden
Springfield,4,D,Bud L. Williams,199,State Representative,Eleventh Hampden
Springfield,4,D,All Others,5,State Representative,Eleventh Hampden
Springfield,4,D,Blanks,36,State Representative,Eleventh Hampden
Springfield,4,D,Total Votes Cast,240,State Representative,Eleventh Hampden
Springfield,4,E,Bud L. Williams,216,State Representative,Eleventh Hampden
Springfield,4,E,All Others,3,State Representative,Eleventh Hampden
Springfield,4,E,Blanks,22,State Representative,Eleventh Hampden
Springfield,4,E,Total Votes Cast,241,State Representative,Eleventh Hampden
Springfield,4,F,Bud L. Williams,87,State Representative,Eleventh Hampden
Springfield,4,F,All Others,2,State Representative,Eleventh Hampden
Springfield,4,F,Blanks,10,State Representative,Eleventh Hampden
Springfield,4,F,Total Votes Cast,99,State Representative,Eleventh Hampden
Springfield,4,G,Bud L. Williams,303,State Representative,Eleventh Hampden
Springfield,4,G,All Others,12,State Representative,Eleventh Hampden
Springfield,4,G,Blanks,47,State Representative,Eleventh Hampden
Springfield,4,G,Total Votes Cast,362,State Representative,Eleventh Hampden
Springfield,4,H,Bud L. Williams,299,State Representative,Eleventh Hampden
Springfield,4,H,All Others,8,State Representative,Eleventh Hampden
Springfield,4,H,Blanks,33,State Representative,Eleventh Hampden
Springfield,4,H,Total Votes Cast,340,State Representative,Eleventh Hampden
Springfield,5,A,Bud L. Williams,355,State Representative,Eleventh Hampden
Springfield,5,A,All Others,17,State Representative,Eleventh Hampden
Springfield,5,A,Blanks,63,State Representative,Eleventh Hampden
Springfield,5,A,Total Votes Cast,435,State Representative,Eleventh Hampden
Springfield,5,B,Bud L. Williams,433,State Representative,Eleventh Hampden
Springfield,5,B,All Others,26,State Representative,Eleventh Hampden
Springfield,5,B,Blanks,94,State Representative,Eleventh Hampden
Springfield,5,B,Total Votes Cast,553,State Representative,Eleventh Hampden
Springfield,5,C,Orlando Ramos,344,State Representative,Ninth Hampden
Springfield,5,C,All Others,17,State Representative,Ninth Hampden
Springfield,5,C,Blanks,98,State Representative,Ninth Hampden
Springfield,5,C,Total Votes Cast,459,State Representative,Ninth Hampden
Springfield,5,C1,Bud L. Williams,8,State Representative,Eleventh Hampden
Springfield,5,C1,All Others,0,State Representative,Eleventh Hampden
Springfield,5,C1,Blanks,3,State Representative,Eleventh Hampden
Springfield,5,C1,Total Votes Cast,11,State Representative,Eleventh Hampden
Springfield,5,D,"Angelo J. Puppolo, Jr.",644,State Representative,Twelfth Hampden
Springfield,5,D,All Others,20,State Representative,Twelfth Hampden
Springfield,5,D,Blanks,188,State Representative,Twelfth Hampden
Springfield,5,D,Total Votes Cast,852,State Representative,Twelfth Hampden
Springfield,5,E,Bud L. Williams,520,State Representative,Eleventh Hampden
Springfield,5,E,All Others,13,State Representative,Eleventh Hampden
Springfield,5,E,Blanks,81,State Representative,Eleventh Hampden
Springfield,5,E,Total Votes Cast,614,State Representative,Eleventh Hampden
Springfield,5,F,Bud L. Williams,522,State Representative,Eleventh Hampden
Springfield,5,F,All Others,24,State Representative,Eleventh Hampden
Springfield,5,F,Blanks,162,State Representative,Eleventh Hampden
Springfield,5,F,Total Votes Cast,708,State Representative,Eleventh Hampden
Springfield,5,G,"Angelo J. Puppolo, Jr.",673,State Representative,Twelfth Hampden
Springfield,5,G,All Others,19,State Representative,Twelfth Hampden
Springfield,5,G,Blanks,182,State Representative,Twelfth Hampden
Springfield,5,G,Total Votes Cast,874,State Representative,Twelfth Hampden
Springfield,5,H,Bud L. Williams,467,State Representative,Eleventh Hampden
Springfield,5,H,All Others,25,State Representative,Eleventh Hampden
Springfield,5,H,Blanks,146,State Representative,Eleventh Hampden
Springfield,5,H,Total Votes Cast,638,State Representative,Eleventh Hampden
Springfield,6,A,Carlos Gonzalez,299,State Representative,Tenth Hampden
Springfield,6,A,All Others,6,State Representative,Tenth Hampden
Springfield,6,A,Blanks,57,State Representative,Tenth Hampden
Springfield,6,A,Total Votes Cast,362,State Representative,Tenth Hampden
Springfield,6,B,Carlos Gonzalez,489,State Representative,Tenth Hampden
Springfield,6,B,All Others,5,State Representative,Tenth Hampden
Springfield,6,B,Blanks,140,State Representative,Tenth Hampden
Springfield,6,B,Total Votes Cast,634,State Representative,Tenth Hampden
Springfield,6,C,Brian M. Ashe,375,State Representative,Second Hampden
Springfield,6,C,All Others,16,State Representative,Second Hampden
Springfield,6,C,Blanks,102,State Representative,Second Hampden
Springfield,6,C,Total Votes Cast,493,State Representative,Second Hampden
Springfield,6,D,Brian M. Ashe,632,State Representative,Second Hampden
Springfield,6,D,All Others,30,State Representative,Second Hampden
Springfield,6,D,Blanks,162,State Representative,Second Hampden
Springfield,6,D,Total Votes Cast,824,State Representative,Second Hampden
Springfield,6,D1,Bud L. Williams,29,State Representative,Eleventh Hampden
Springfield,6,D1,All Others,0,State Representative,Eleventh Hampden
Springfield,6,D1,Blanks,5,State Representative,Eleventh Hampden
Springfield,6,D1,Total Votes Cast,34,State Representative,Eleventh Hampden
Springfield,6,E,Carlos Gonzalez,230,State Representative,Tenth Hampden
Springfield,6,E,All Others,10,State Representative,Tenth Hampden
Springfield,6,E,Blanks,33,State Representative,Tenth Hampden
Springfield,6,E,Total Votes Cast,273,State Representative,Tenth Hampden
Springfield,6,F,Carlos Gonzalez,265,State Representative,Tenth Hampden
Springfield,6,F,All Others,8,State Representative,Tenth Hampden
Springfield,6,F,Blanks,52,State Representative,Tenth Hampden
Springfield,6,F,Total Votes Cast,325,State Representative,Tenth Hampden
Springfield,6,G,Bud L. Williams,385,State Representative,Eleventh Hampden
Springfield,6,G,All Others,14,State Representative,Eleventh Hampden
Springfield,6,G,Blanks,95,State Representative,Eleventh Hampden
Springfield,6,G,Total Votes Cast,494,State Representative,Eleventh Hampden
Springfield,6,H,Bud L. Williams,474,State Representative,Eleventh Hampden
Springfield,6,H,All Others,28,State Representative,Eleventh Hampden
Springfield,6,H,Blanks,137,State Representative,Eleventh Hampden
Springfield,6,H,Total Votes Cast,639,State Representative,Eleventh Hampden
Springfield,7,A,Bud L. Williams,524,State Representative,Eleventh Hampden
Springfield,7,A,All Others,23,State Representative,Eleventh Hampden
Springfield,7,A,Blanks,169,State Representative,Eleventh Hampden
Springfield,7,A,Total Votes Cast,716,State Representative,Eleventh Hampden
Springfield,7,A1,Carlos Gonzalez,19,State Representative,Tenth Hampden
Springfield,7,A1,All Others,0,State Representative,Tenth Hampden
Springfield,7,A1,Blanks,6,State Representative,Tenth Hampden
Springfield,7,A1,Total Votes Cast,25,State Representative,Tenth Hampden
Springfield,7,B,"Angelo J. Puppolo, Jr.",796,State Representative,Twelfth Hampden
Springfield,7,B,All Others,19,State Representative,Twelfth Hampden
Springfield,7,B,Blanks,145,State Representative,Twelfth Hampden
Springfield,7,B,Total Votes Cast,960,State Representative,Twelfth Hampden
Springfield,7,B1,Bud L. Williams,6,State Representative,Eleventh Hampden
Springfield,7,B1,All Others,0,State Representative,Eleventh Hampden
Springfield,7,B1,Blanks,0,State Representative,Eleventh Hampden
Springfield,7,B1,Total Votes Cast,6,State Representative,Eleventh Hampden
Springfield,7,C,"Angelo J. Puppolo, Jr.",740,State Representative,Twelfth Hampden
Springfield,7,C,All Others,21,State Representative,Twelfth Hampden
Springfield,7,C,Blanks,136,State Representative,Twelfth Hampden
Springfield,7,C,Total Votes Cast,897,State Representative,Twelfth Hampden
Springfield,7,D,"Angelo J. Puppolo, Jr.",543,State Representative,Twelfth Hampden
Springfield,7,D,All Others,20,State Representative,Twelfth Hampden
Springfield,7,D,Blanks,140,State Representative,Twelfth Hampden
Springfield,7,D,Total Votes Cast,703,State Representative,Twelfth Hampden
Springfield,7,E,"Angelo J. Puppolo, Jr.",332,State Representative,Twelfth Hampden
Springfield,7,E,All Others,7,State Representative,Twelfth Hampden
Springfield,7,E,Blanks,59,State Representative,Twelfth Hampden
Springfield,7,E,Total Votes Cast,398,State Representative,Twelfth Hampden
Springfield,7,F,"Angelo J. Puppolo, Jr.",748,State Representative,Twelfth Hampden
Springfield,7,F,All Others,19,State Representative,Twelfth Hampden
Springfield,7,F,Blanks,182,State Representative,Twelfth Hampden
Springfield,7,F,Total Votes Cast,949,State Representative,Twelfth Hampden
Springfield,7,G,"Angelo J. Puppolo, Jr.",774,State Representative,Twelfth Hampden
Springfield,7,G,All Others,26,State Representative,Twelfth Hampden
Springfield,7,G,Blanks,177,State Representative,Twelfth Hampden
Springfield,7,G,Total Votes Cast,977,State Representative,Twelfth Hampden
Springfield,7,H,Bud L. Williams,266,State Representative,Eleventh Hampden
Springfield,7,H,All Others,8,State Representative,Eleventh Hampden
Springfield,7,H,Blanks,105,State Representative,Eleventh Hampden
Springfield,7,H,Total Votes Cast,379,State Representative,Eleventh Hampden
Springfield,7,H1,"Angelo J. Puppolo, Jr.",59,State Representative,Twelfth Hampden
Springfield,7,H1,All Others,0,State Representative,Twelfth Hampden
Springfield,7,H1,Blanks,14,State Representative,Twelfth Hampden
Springfield,7,H1,Total Votes Cast,73,State Representative,Twelfth Hampden
Springfield,8,A,Orlando Ramos,397,State Representative,Ninth Hampden
Springfield,8,A,All Others,18,State Representative,Ninth Hampden
Springfield,8,A,Blanks,124,State Representative,Ninth Hampden
Springfield,8,A,Total Votes Cast,539,State Representative,Ninth Hampden
Springfield,8,B,Orlando Ramos,416,State Representative,Ninth Hampden
Springfield,8,B,All Others,11,State Representative,Ninth Hampden
Springfield,8,B,Blanks,56,State Representative,Ninth Hampden
Springfield,8,B,Total Votes Cast,483,State Representative,Ninth Hampden
Springfield,8,B1,"Angelo J. Puppolo, Jr.",32,State Representative,Twelfth Hampden
Springfield,8,B1,All Others,1,State Representative,Twelfth Hampden
Springfield,8,B1,Blanks,13,State Representative,Twelfth Hampden
Springfield,8,B1,Total Votes Cast,46,State Representative,Twelfth Hampden
Springfield,8,C,Orlando Ramos,382,State Representative,Ninth Hampden
Springfield,8,C,All Others,18,State Representative,Ninth Hampden
Springfield,8,C,Blanks,89,State Representative,Ninth Hampden
Springfield,8,C,Total Votes Cast,489,State Representative,Ninth Hampden
Springfield,8,D,Orlando Ramos,206,State Representative,Ninth Hampden
Springfield,8,D,All Others,11,State Representative,Ninth Hampden
Springfield,8,D,Blanks,48,State Representative,Ninth Hampden
Springfield,8,D,Total Votes Cast,265,State Representative,Ninth Hampden
Springfield,8,E,Orlando Ramos,221,State Representative,Ninth Hampden
Springfield,8,E,All Others,7,State Representative,Ninth Hampden
Springfield,8,E,Blanks,52,State Representative,Ninth Hampden
Springfield,8,E,Total Votes Cast,280,State Representative,Ninth Hampden
Springfield,8,F,Orlando Ramos,345,State Representative,Ninth Hampden
Springfield,8,F,All Others,17,State Representative,Ninth Hampden
Springfield,8,F,Blanks,90,State Representative,Ninth Hampden
Springfield,8,F,Total Votes Cast,452,State Representative,Ninth Hampden
Springfield,8,G,"Angelo J. Puppolo, Jr.",383,State Representative,Twelfth Hampden
Springfield,8,G,All Others,10,State Representative,Twelfth Hampden
Springfield,8,G,Blanks,103,State Representative,Twelfth Hampden
Springfield,8,G,Total Votes Cast,496,State Representative,Twelfth Hampden
Springfield,8,G1,Orlando Ramos,9,State Representative,Ninth Hampden
Springfield,8,G1,All Others,1,State Representative,Ninth Hampden
Springfield,8,G1,Blanks,4,State Representative,Ninth Hampden
Springfield,8,G1,Total Votes Cast,14,State Representative,Ninth Hampden
Springfield,8,H,Orlando Ramos,388,State Representative,Ninth Hampden
Springfield,8,H,All Others,10,State Representative,Ninth Hampden
Springfield,8,H,Blanks,71,State Representative,Ninth Hampden
Springfield,8,H,Total Votes Cast,469,State Representative,Ninth Hampden
Sterling,-,1,Meghan Kilcoyne,1116,State Representative,Twelfth Worcester
Sterling,-,1,Michael A. Vulcano,871,State Representative,Twelfth Worcester
Sterling,-,1,All Others,2,State Representative,Twelfth Worcester
Sterling,-,1,Blanks,62,State Representative,Twelfth Worcester
Sterling,-,1,Total Votes Cast,2051,State Representative,Twelfth Worcester
Sterling,-,2,Meghan Kilcoyne,1190,State Representative,Twelfth Worcester
Sterling,-,2,Michael A. Vulcano,878,State Representative,Twelfth Worcester
Sterling,-,2,All Others,1,State Representative,Twelfth Worcester
Sterling,-,2,Blanks,61,State Representative,Twelfth Worcester
Sterling,-,2,Total Votes Cast,2130,State Representative,Twelfth Worcester
Stockbridge,,,"William ""Smitty"" Pignatelli",912,State Representative,Third Berkshire
Stockbridge,,,Michael Silvio Lavery,71,State Representative,Third Berkshire
Stockbridge,,,All Others,6,State Representative,Third Berkshire
Stockbridge,,,Blanks,80,State Representative,Third Berkshire
Stockbridge,,,Total Votes Cast,1069,State Representative,Third Berkshire
Stoneham,-,1,Michael Seamus Day,906,State Representative,Thirty-First Middlesex
Stoneham,-,1,Theodore Christos Menounos,314,State Representative,Thirty-First Middlesex
Stoneham,-,1,All Others,6,State Representative,Thirty-First Middlesex
Stoneham,-,1,Blanks,104,State Representative,Thirty-First Middlesex
Stoneham,-,1,Total Votes Cast,1330,State Representative,Thirty-First Middlesex
Stoneham,-,2,Michael Seamus Day,968,State Representative,Thirty-First Middlesex
Stoneham,-,2,Theodore Christos Menounos,318,State Representative,Thirty-First Middlesex
Stoneham,-,2,All Others,8,State Representative,Thirty-First Middlesex
Stoneham,-,2,Blanks,142,State Representative,Thirty-First Middlesex
Stoneham,-,2,Total Votes Cast,1436,State Representative,Thirty-First Middlesex
Stoneham,-,3,Michael Seamus Day,1034,State Representative,Thirty-First Middlesex
Stoneham,-,3,Theodore Christos Menounos,423,State Representative,Thirty-First Middlesex
Stoneham,-,3,All Others,6,State Representative,Thirty-First Middlesex
Stoneham,-,3,Blanks,168,State Representative,Thirty-First Middlesex
Stoneham,-,3,Total Votes Cast,1631,State Representative,Thirty-First Middlesex
Stoneham,-,4,Michael Seamus Day,860,State Representative,Thirty-First Middlesex
Stoneham,-,4,Theodore Christos Menounos,394,State Representative,Thirty-First Middlesex
Stoneham,-,4,All Others,10,State Representative,Thirty-First Middlesex
Stoneham,-,4,Blanks,153,State Representative,Thirty-First Middlesex
Stoneham,-,4,Total Votes Cast,1417,State Representative,Thirty-First Middlesex
Stoneham,-,5,Michael Seamus Day,1008,State Representative,Thirty-First Middlesex
Stoneham,-,5,Theodore Christos Menounos,409,State Representative,Thirty-First Middlesex
Stoneham,-,5,All Others,6,State Representative,Thirty-First Middlesex
Stoneham,-,5,Blanks,161,State Representative,Thirty-First Middlesex
Stoneham,-,5,Total Votes Cast,1584,State Representative,Thirty-First Middlesex
Stoneham,-,6,Michael Seamus Day,1112,State Representative,Thirty-First Middlesex
Stoneham,-,6,Theodore Christos Menounos,435,State Representative,Thirty-First Middlesex
Stoneham,-,6,All Others,6,State Representative,Thirty-First Middlesex
Stoneham,-,6,Blanks,157,State Representative,Thirty-First Middlesex
Stoneham,-,6,Total Votes Cast,1710,State Representative,Thirty-First Middlesex
Stoneham,-,7,Michael Seamus Day,887,State Representative,Thirty-First Middlesex
Stoneham,-,7,Theodore Christos Menounos,355,State Representative,Thirty-First Middlesex
Stoneham,-,7,All Others,6,State Representative,Thirty-First Middlesex
Stoneham,-,7,Blanks,117,State Representative,Thirty-First Middlesex
Stoneham,-,7,Total Votes Cast,1365,State Representative,Thirty-First Middlesex
Stoughton,-,1,William C. Galvin,916,State Representative,Sixth Norfolk
Stoughton,-,1,All Others,6,State Representative,Sixth Norfolk
Stoughton,-,1,Blanks,333,State Representative,Sixth Norfolk
Stoughton,-,1,Total Votes Cast,1255,State Representative,Sixth Norfolk
Stoughton,-,2,Ted Philips,692,State Representative,Eighth Norfolk
Stoughton,-,2,Howard L. Terban,399,State Representative,Eighth Norfolk
Stoughton,-,2,All Others,0,State Representative,Eighth Norfolk
Stoughton,-,2,Blanks,70,State Representative,Eighth Norfolk
Stoughton,-,2,Total Votes Cast,1161,State Representative,Eighth Norfolk
Stoughton,-,2A,William C. Galvin,128,State Representative,Sixth Norfolk
Stoughton,-,2A,All Others,0,State Representative,Sixth Norfolk
Stoughton,-,2A,Blanks,34,State Representative,Sixth Norfolk
Stoughton,-,2A,Total Votes Cast,162,State Representative,Sixth Norfolk
Stoughton,-,3,Ted Philips,790,State Representative,Eighth Norfolk
Stoughton,-,3,Howard L. Terban,450,State Representative,Eighth Norfolk
Stoughton,-,3,All Others,0,State Representative,Eighth Norfolk
Stoughton,-,3,Blanks,136,State Representative,Eighth Norfolk
Stoughton,-,3,Total Votes Cast,1376,State Representative,Eighth Norfolk
Stoughton,-,4,Ted Philips,896,State Representative,Eighth Norfolk
Stoughton,-,4,Howard L. Terban,610,State Representative,Eighth Norfolk
Stoughton,-,4,All Others,0,State Representative,Eighth Norfolk
Stoughton,-,4,Blanks,92,State Representative,Eighth Norfolk
Stoughton,-,4,Total Votes Cast,1598,State Representative,Eighth Norfolk
Stoughton,-,4A,William C. Galvin,76,State Representative,Sixth Norfolk
Stoughton,-,4A,All Others,1,State Representative,Sixth Norfolk
Stoughton,-,4A,Blanks,26,State Representative,Sixth Norfolk
Stoughton,-,4A,Total Votes Cast,103,State Representative,Sixth Norfolk
Stoughton,-,5,William C. Galvin,844,State Representative,Sixth Norfolk
Stoughton,-,5,All Others,15,State Representative,Sixth Norfolk
Stoughton,-,5,Blanks,292,State Representative,Sixth Norfolk
Stoughton,-,5,Total Votes Cast,1151,State Representative,Sixth Norfolk
Stoughton,-,5A,Ted Philips,43,State Representative,Eighth Norfolk
Stoughton,-,5A,Howard L. Terban,48,State Representative,Eighth Norfolk
Stoughton,-,5A,All Others,0,State Representative,Eighth Norfolk
Stoughton,-,5A,Blanks,5,State Representative,Eighth Norfolk
Stoughton,-,5A,Total Votes Cast,96,State Representative,Eighth Norfolk
Stoughton,-,6,Ted Philips,890,State Representative,Eighth Norfolk
Stoughton,-,6,Howard L. Terban,463,State Representative,Eighth Norfolk
Stoughton,-,6,All Others,0,State Representative,Eighth Norfolk
Stoughton,-,6,Blanks,71,State Representative,Eighth Norfolk
Stoughton,-,6,Total Votes Cast,1424,State Representative,Eighth Norfolk
Stoughton,-,7,William C. Galvin,994,State Representative,Sixth Norfolk
Stoughton,-,7,All Others,7,State Representative,Sixth Norfolk
Stoughton,-,7,Blanks,236,State Representative,Sixth Norfolk
Stoughton,-,7,Total Votes Cast,1237,State Representative,Sixth Norfolk
Stoughton,-,7A,Ted Philips,43,State Representative,Eighth Norfolk
Stoughton,-,7A,Howard L. Terban,13,State Representative,Eighth Norfolk
Stoughton,-,7A,All Others,1,State Representative,Eighth Norfolk
Stoughton,-,7A,Blanks,3,State Representative,Eighth Norfolk
Stoughton,-,7A,Total Votes Cast,60,State Representative,Eighth Norfolk
Stoughton,-,8,William C. Galvin,641,State Representative,Sixth Norfolk
Stoughton,-,8,All Others,6,State Representative,Sixth Norfolk
Stoughton,-,8,Blanks,190,State Representative,Sixth Norfolk
Stoughton,-,8,Total Votes Cast,837,State Representative,Sixth Norfolk
Stoughton,-,8A,Ted Philips,32,State Representative,Eighth Norfolk
Stoughton,-,8A,Howard L. Terban,24,State Representative,Eighth Norfolk
Stoughton,-,8A,All Others,0,State Representative,Eighth Norfolk
Stoughton,-,8A,Blanks,3,State Representative,Eighth Norfolk
Stoughton,-,8A,Total Votes Cast,59,State Representative,Eighth Norfolk
Stow,-,1,Kate Hogan,1552,State Representative,Third Middlesex
Stow,-,1,All Others,23,State Representative,Third Middlesex
Stow,-,1,Blanks,409,State Representative,Third Middlesex
Stow,-,1,Total Votes Cast,1984,State Representative,Third Middlesex
Stow,-,2,Kate Hogan,1528,State Representative,Third Middlesex
Stow,-,2,All Others,20,State Representative,Third Middlesex
Stow,-,2,Blanks,362,State Representative,Third Middlesex
Stow,-,2,Total Votes Cast,1910,State Representative,Third Middlesex
Sturbridge,-,1,Todd M. Smola,1044,State Representative,First Hampden
Sturbridge,-,1,All Others,29,State Representative,First Hampden
Sturbridge,-,1,Blanks,358,State Representative,First Hampden
Sturbridge,-,1,Total Votes Cast,1431,State Representative,First Hampden
Sturbridge,-,2,Todd M. Smola,1148,State Representative,First Hampden
Sturbridge,-,2,All Others,25,State Representative,First Hampden
Sturbridge,-,2,Blanks,344,State Representative,First Hampden
Sturbridge,-,2,Total Votes Cast,1517,State Representative,First Hampden
Sturbridge,-,3,Todd M. Smola,1021,State Representative,First Hampden
Sturbridge,-,3,All Others,32,State Representative,First Hampden
Sturbridge,-,3,Blanks,344,State Representative,First Hampden
Sturbridge,-,3,Total Votes Cast,1397,State Representative,First Hampden
Sudbury,-,1,Carmine Lawrence Gentile,1235,State Representative,Thirteenth Middlesex
Sudbury,-,1,All Others,0,State Representative,Thirteenth Middlesex
Sudbury,-,1,Blanks,359,State Representative,Thirteenth Middlesex
Sudbury,-,1,Total Votes Cast,1594,State Representative,Thirteenth Middlesex
Sudbury,-,2,Carmine Lawrence Gentile,1240,State Representative,Thirteenth Middlesex
Sudbury,-,2,All Others,0,State Representative,Thirteenth Middlesex
Sudbury,-,2,Blanks,338,State Representative,Thirteenth Middlesex
Sudbury,-,2,Total Votes Cast,1578,State Representative,Thirteenth Middlesex
Sudbury,-,3,Carmine Lawrence Gentile,1060,State Representative,Thirteenth Middlesex
Sudbury,-,3,All Others,0,State Representative,Thirteenth Middlesex
Sudbury,-,3,Blanks,348,State Representative,Thirteenth Middlesex
Sudbury,-,3,Total Votes Cast,1408,State Representative,Thirteenth Middlesex
Sudbury,-,4,Carmine Lawrence Gentile,1167,State Representative,Thirteenth Middlesex
Sudbury,-,4,All Others,0,State Representative,Thirteenth Middlesex
Sudbury,-,4,Blanks,364,State Representative,Thirteenth Middlesex
Sudbury,-,4,Total Votes Cast,1531,State Representative,Thirteenth Middlesex
Sudbury,-,5,Carmine Lawrence Gentile,1130,State Representative,Thirteenth Middlesex
Sudbury,-,5,All Others,0,State Representative,Thirteenth Middlesex
Sudbury,-,5,Blanks,360,State Representative,Thirteenth Middlesex
Sudbury,-,5,Total Votes Cast,1490,State Representative,Thirteenth Middlesex
Sudbury,-,6,Carmine Lawrence Gentile,1182,State Representative,Thirteenth Middlesex
Sudbury,-,6,All Others,0,State Representative,Thirteenth Middlesex
Sudbury,-,6,Blanks,367,State Representative,Thirteenth Middlesex
Sudbury,-,6,Total Votes Cast,1549,State Representative,Thirteenth Middlesex
Sunderland,,,Natalie M. Blais,1157,State Representative,First Franklin
Sunderland,,,All Others,8,State Representative,First Franklin
Sunderland,,,Blanks,219,State Representative,First Franklin
Sunderland,,,Total Votes Cast,1384,State Representative,First Franklin
Sutton,-,1,Joseph D. Mckenna,1112,State Representative,Eighteenth Worcester
Sutton,-,1,All Others,12,State Representative,Eighteenth Worcester
Sutton,-,1,Blanks,469,State Representative,Eighteenth Worcester
Sutton,-,1,Total Votes Cast,1593,State Representative,Eighteenth Worcester
Sutton,-,2,Joseph D. Mckenna,1088,State Representative,Eighteenth Worcester
Sutton,-,2,All Others,6,State Representative,Eighteenth Worcester
Sutton,-,2,Blanks,413,State Representative,Eighteenth Worcester
Sutton,-,2,Total Votes Cast,1507,State Representative,Eighteenth Worcester
Sutton,-,3,Joseph D. Mckenna,1091,State Representative,Eighteenth Worcester
Sutton,-,3,All Others,14,State Representative,Eighteenth Worcester
Sutton,-,3,Blanks,394,State Representative,Eighteenth Worcester
Sutton,-,3,Total Votes Cast,1499,State Representative,Eighteenth Worcester
Swampscott,-,1,Jennifer Wb Armini,781,State Representative,Eighth Essex
Swampscott,-,1,All Others,21,State Representative,Eighth Essex
Swampscott,-,1,Blanks,264,State Representative,Eighth Essex
Swampscott,-,1,Total Votes Cast,1066,State Representative,Eighth Essex
Swampscott,-,2,Jennifer Wb Armini,765,State Representative,Eighth Essex
Swampscott,-,2,All Others,16,State Representative,Eighth Essex
Swampscott,-,2,Blanks,319,State Representative,Eighth Essex
Swampscott,-,2,Total Votes Cast,1100,State Representative,Eighth Essex
Swampscott,-,3,Jennifer Wb Armini,909,State Representative,Eighth Essex
Swampscott,-,3,All Others,14,State Representative,Eighth Essex
Swampscott,-,3,Blanks,252,State Representative,Eighth Essex
Swampscott,-,3,Total Votes Cast,1175,State Representative,Eighth Essex
Swampscott,-,4,Jennifer Wb Armini,961,State Representative,Eighth Essex
Swampscott,-,4,All Others,28,State Representative,Eighth Essex
Swampscott,-,4,Blanks,305,State Representative,Eighth Essex
Swampscott,-,4,Total Votes Cast,1294,State Representative,Eighth Essex
Swampscott,-,5,Jennifer Wb Armini,858,State Representative,Eighth Essex
Swampscott,-,5,All Others,17,State Representative,Eighth Essex
Swampscott,-,5,Blanks,373,State Representative,Eighth Essex
Swampscott,-,5,Total Votes Cast,1248,State Representative,Eighth Essex
Swampscott,-,6,Jennifer Wb Armini,871,State Representative,Eighth Essex
Swampscott,-,6,All Others,23,State Representative,Eighth Essex
Swampscott,-,6,Blanks,316,State Representative,Eighth Essex
Swampscott,-,6,Total Votes Cast,1210,State Representative,Eighth Essex
Swansea,-,1,Patricia A. Haddad,615,State Representative,Fifth Bristol
Swansea,-,1,Justin Thurber,721,State Representative,Fifth Bristol
Swansea,-,1,All Others,3,State Representative,Fifth Bristol
Swansea,-,1,Blanks,24,State Representative,Fifth Bristol
Swansea,-,1,Total Votes Cast,1363,State Representative,Fifth Bristol
Swansea,-,2,Patricia A. Haddad,760,State Representative,Fifth Bristol
Swansea,-,2,Justin Thurber,584,State Representative,Fifth Bristol
Swansea,-,2,All Others,0,State Representative,Fifth Bristol
Swansea,-,2,Blanks,17,State Representative,Fifth Bristol
Swansea,-,2,Total Votes Cast,1361,State Representative,Fifth Bristol
Swansea,-,3,Patricia A. Haddad,727,State Representative,Fifth Bristol
Swansea,-,3,Justin Thurber,627,State Representative,Fifth Bristol
Swansea,-,3,All Others,2,State Representative,Fifth Bristol
Swansea,-,3,Blanks,24,State Representative,Fifth Bristol
Swansea,-,3,Total Votes Cast,1380,State Representative,Fifth Bristol
Swansea,-,4,Steven S. Howitt,1070,State Representative,Fourth Bristol
Swansea,-,4,All Others,19,State Representative,Fourth Bristol
Swansea,-,4,Blanks,330,State Representative,Fourth Bristol
Swansea,-,4,Total Votes Cast,1419,State Representative,Fourth Bristol
Swansea,-,5,Steven S. Howitt,1073,State Representative,Fourth Bristol
Swansea,-,5,All Others,47,State Representative,Fourth Bristol
Swansea,-,5,Blanks,309,State Representative,Fourth Bristol
Swansea,-,5,Total Votes Cast,1429,State Representative,Fourth Bristol
Taunton,1,A,Carol A. Doherty,514,State Representative,Third Bristol
Taunton,1,A,Christopher P. Coute,315,State Representative,Third Bristol
Taunton,1,A,All Others,0,State Representative,Third Bristol
Taunton,1,A,Blanks,20,State Representative,Third Bristol
Taunton,1,A,Total Votes Cast,849,State Representative,Third Bristol
Taunton,1,A1,Patricia A. Haddad,35,State Representative,Fifth Bristol
Taunton,1,A1,Justin Thurber,6,State Representative,Fifth Bristol
Taunton,1,A1,All Others,0,State Representative,Fifth Bristol
Taunton,1,A1,Blanks,0,State Representative,Fifth Bristol
Taunton,1,A1,Total Votes Cast,41,State Representative,Fifth Bristol
Taunton,1,B,Carol A. Doherty,707,State Representative,Third Bristol
Taunton,1,B,Christopher P. Coute,585,State Representative,Third Bristol
Taunton,1,B,All Others,1,State Representative,Third Bristol
Taunton,1,B,Blanks,34,State Representative,Third Bristol
Taunton,1,B,Total Votes Cast,1327,State Representative,Third Bristol
Taunton,2,A,Carol A. Doherty,304,State Representative,Third Bristol
Taunton,2,A,Christopher P. Coute,152,State Representative,Third Bristol
Taunton,2,A,All Others,0,State Representative,Third Bristol
Taunton,2,A,Blanks,18,State Representative,Third Bristol
Taunton,2,A,Total Votes Cast,474,State Representative,Third Bristol
Taunton,2,B,Carol A. Doherty,453,State Representative,Third Bristol
Taunton,2,B,Christopher P. Coute,267,State Representative,Third Bristol
Taunton,2,B,All Others,0,State Representative,Third Bristol
Taunton,2,B,Blanks,27,State Representative,Third Bristol
Taunton,2,B,Total Votes Cast,747,State Representative,Third Bristol
Taunton,3,A,Norman J. Orrall,503,State Representative,Twelfth Bristol
Taunton,3,A,All Others,7,State Representative,Twelfth Bristol
Taunton,3,A,Blanks,440,State Representative,Twelfth Bristol
Taunton,3,A,Total Votes Cast,950,State Representative,Twelfth Bristol
Taunton,3,B,Norman J. Orrall,768,State Representative,Twelfth Bristol
Taunton,3,B,All Others,7,State Representative,Twelfth Bristol
Taunton,3,B,Blanks,444,State Representative,Twelfth Bristol
Taunton,3,B,Total Votes Cast,1219,State Representative,Twelfth Bristol
Taunton,4,A,Norman J. Orrall,811,State Representative,Twelfth Bristol
Taunton,4,A,All Others,6,State Representative,Twelfth Bristol
Taunton,4,A,Blanks,410,State Representative,Twelfth Bristol
Taunton,4,A,Total Votes Cast,1227,State Representative,Twelfth Bristol
Taunton,4,B,Norman J. Orrall,746,State Representative,Twelfth Bristol
Taunton,4,B,All Others,8,State Representative,Twelfth Bristol
Taunton,4,B,Blanks,390,State Representative,Twelfth Bristol
Taunton,4,B,Total Votes Cast,1144,State Representative,Twelfth Bristol
Taunton,4,B1,Patricia A. Haddad,10,State Representative,Fifth Bristol
Taunton,4,B1,Justin Thurber,17,State Representative,Fifth Bristol
Taunton,4,B1,All Others,0,State Representative,Fifth Bristol
Taunton,4,B1,Blanks,1,State Representative,Fifth Bristol
Taunton,4,B1,Total Votes Cast,28,State Representative,Fifth Bristol
Taunton,5,A,Carol A. Doherty,472,State Representative,Third Bristol
Taunton,5,A,Christopher P. Coute,308,State Representative,Third Bristol
Taunton,5,A,All Others,0,State Representative,Third Bristol
Taunton,5,A,Blanks,18,State Representative,Third Bristol
Taunton,5,A,Total Votes Cast,798,State Representative,Third Bristol
Taunton,5,B,Carol A. Doherty,440,State Representative,Third Bristol
Taunton,5,B,Christopher P. Coute,272,State Representative,Third Bristol
Taunton,5,B,All Others,0,State Representative,Third Bristol
Taunton,5,B,Blanks,18,State Representative,Third Bristol
Taunton,5,B,Total Votes Cast,730,State Representative,Third Bristol
Taunton,6,A,Patricia A. Haddad,417,State Representative,Fifth Bristol
Taunton,6,A,Justin Thurber,272,State Representative,Fifth Bristol
Taunton,6,A,All Others,0,State Representative,Fifth Bristol
Taunton,6,A,Blanks,43,State Representative,Fifth Bristol
Taunton,6,A,Total Votes Cast,732,State Representative,Fifth Bristol
Taunton,6,B,Patricia A. Haddad,561,State Representative,Fifth Bristol
Taunton,6,B,Justin Thurber,378,State Representative,Fifth Bristol
Taunton,6,B,All Others,0,State Representative,Fifth Bristol
Taunton,6,B,Blanks,44,State Representative,Fifth Bristol
Taunton,6,B,Total Votes Cast,983,State Representative,Fifth Bristol
Taunton,7,A,Carol A. Doherty,709,State Representative,Third Bristol
Taunton,7,A,Christopher P. Coute,576,State Representative,Third Bristol
Taunton,7,A,All Others,2,State Representative,Third Bristol
Taunton,7,A,Blanks,32,State Representative,Third Bristol
Taunton,7,A,Total Votes Cast,1319,State Representative,Third Bristol
Taunton,7,B,Carol A. Doherty,705,State Representative,Third Bristol
Taunton,7,B,Christopher P. Coute,776,State Representative,Third Bristol
Taunton,7,B,All Others,0,State Representative,Third Bristol
Taunton,7,B,Blanks,46,State Representative,Third Bristol
Taunton,7,B,Total Votes Cast,1527,State Representative,Third Bristol
Taunton,8,A,Carol A. Doherty,775,State Representative,Third Bristol
Taunton,8,A,Christopher P. Coute,567,State Representative,Third Bristol
Taunton,8,A,All Others,0,State Representative,Third Bristol
Taunton,8,A,Blanks,45,State Representative,Third Bristol
Taunton,8,A,Total Votes Cast,1387,State Representative,Third Bristol
Taunton,8,B,Carol A. Doherty,802,State Representative,Third Bristol
Taunton,8,B,Christopher P. Coute,655,State Representative,Third Bristol
Taunton,8,B,All Others,0,State Representative,Third Bristol
Taunton,8,B,Blanks,39,State Representative,Third Bristol
Taunton,8,B,Total Votes Cast,1496,State Representative,Third Bristol
Templeton,-,A,Jonathan D. Zlotnik,528,State Representative,Second Worcester
Templeton,-,A,Bruce K. Chester,650,State Representative,Second Worcester
Templeton,-,A,All Others,0,State Representative,Second Worcester
Templeton,-,A,Blanks,25,State Representative,Second Worcester
Templeton,-,A,Total Votes Cast,1203,State Representative,Second Worcester
Templeton,-,B,Jonathan D. Zlotnik,461,State Representative,Second Worcester
Templeton,-,B,Bruce K. Chester,534,State Representative,Second Worcester
Templeton,-,B,All Others,0,State Representative,Second Worcester
Templeton,-,B,Blanks,21,State Representative,Second Worcester
Templeton,-,B,Total Votes Cast,1016,State Representative,Second Worcester
Templeton,-,C,Jonathan D. Zlotnik,504,State Representative,Second Worcester
Templeton,-,C,Bruce K. Chester,421,State Representative,Second Worcester
Templeton,-,C,All Others,0,State Representative,Second Worcester
Templeton,-,C,Blanks,19,State Representative,Second Worcester
Templeton,-,C,Total Votes Cast,944,State Representative,Second Worcester
Tewksbury,-,2,David A. Robertson,948,State Representative,Nineteenth Middlesex
Tewksbury,-,2,Paul Sarnowski,771,State Representative,Nineteenth Middlesex
Tewksbury,-,2,All Others,0,State Representative,Nineteenth Middlesex
Tewksbury,-,2,Blanks,43,State Representative,Nineteenth Middlesex
Tewksbury,-,2,Total Votes Cast,1762,State Representative,Nineteenth Middlesex
Tewksbury,-,3,Tram T. Nguyen,704,State Representative,Eighteenth Essex
Tewksbury,-,3,Jeffrey Peter Dufour,838,State Representative,Eighteenth Essex
Tewksbury,-,3,All Others,2,State Representative,Eighteenth Essex
Tewksbury,-,3,Blanks,27,State Representative,Eighteenth Essex
Tewksbury,-,3,Total Votes Cast,1571,State Representative,Eighteenth Essex
Tewksbury,-,4,David A. Robertson,883,State Representative,Nineteenth Middlesex
Tewksbury,-,4,Paul Sarnowski,640,State Representative,Nineteenth Middlesex
Tewksbury,-,4,All Others,2,State Representative,Nineteenth Middlesex
Tewksbury,-,4,Blanks,52,State Representative,Nineteenth Middlesex
Tewksbury,-,4,Total Votes Cast,1577,State Representative,Nineteenth Middlesex
Tewksbury,-,5,David A. Robertson,830,State Representative,Nineteenth Middlesex
Tewksbury,-,5,Paul Sarnowski,648,State Representative,Nineteenth Middlesex
Tewksbury,-,5,All Others,1,State Representative,Nineteenth Middlesex
Tewksbury,-,5,Blanks,46,State Representative,Nineteenth Middlesex
Tewksbury,-,5,Total Votes Cast,1525,State Representative,Nineteenth Middlesex
Tewksbury,-,5A,Tram T. Nguyen,148,State Representative,Eighteenth Essex
Tewksbury,-,5A,Jeffrey Peter Dufour,90,State Representative,Eighteenth Essex
Tewksbury,-,5A,All Others,0,State Representative,Eighteenth Essex
Tewksbury,-,5A,Blanks,7,State Representative,Eighteenth Essex
Tewksbury,-,5A,Total Votes Cast,245,State Representative,Eighteenth Essex
Tewksbury,-,6,David A. Robertson,814,State Representative,Nineteenth Middlesex
Tewksbury,-,6,Paul Sarnowski,775,State Representative,Nineteenth Middlesex
Tewksbury,-,6,All Others,0,State Representative,Nineteenth Middlesex
Tewksbury,-,6,Blanks,42,State Representative,Nineteenth Middlesex
Tewksbury,-,6,Total Votes Cast,1631,State Representative,Nineteenth Middlesex
Tewksbury,-,7,Tram T. Nguyen,945,State Representative,Eighteenth Essex
Tewksbury,-,7,Jeffrey Peter Dufour,957,State Representative,Eighteenth Essex
Tewksbury,-,7,All Others,1,State Representative,Eighteenth Essex
Tewksbury,-,7,Blanks,34,State Representative,Eighteenth Essex
Tewksbury,-,7,Total Votes Cast,1937,State Representative,Eighteenth Essex
Tewksbury,-,8,David A. Robertson,937,State Representative,Nineteenth Middlesex
Tewksbury,-,8,Paul Sarnowski,721,State Representative,Nineteenth Middlesex
Tewksbury,-,8,All Others,0,State Representative,Nineteenth Middlesex
Tewksbury,-,8,Blanks,49,State Representative,Nineteenth Middlesex
Tewksbury,-,8,Total Votes Cast,1707,State Representative,Nineteenth Middlesex
Tewksbury,,,Vanna Howard,956,State Representative,Seventeenth Middlesex
Tewksbury,,,All Others,39,State Representative,Seventeenth Middlesex
Tewksbury,,,Blanks,481,State Representative,Seventeenth Middlesex
Tewksbury,,,Total Votes Cast,1476,State Representative,Seventeenth Middlesex
Tisbury,,,Dylan A. Fernandes,1677,State Representative,"Barnstable, Dukes and Nantucket"
Tisbury,,,All Others,3,State Representative,"Barnstable, Dukes and Nantucket"
Tisbury,,,Blanks,361,State Representative,"Barnstable, Dukes and Nantucket"
Tisbury,,,Total Votes Cast,2041,State Representative,"Barnstable, Dukes and Nantucket"
Tolland,,,Nicholas A. Boldyga,164,State Representative,Third Hampden
Tolland,,,Anthony J. Russo,82,State Representative,Third Hampden
Tolland,,,All Others,0,State Representative,Third Hampden
Tolland,,,Blanks,3,State Representative,Third Hampden
Tolland,,,Total Votes Cast,249,State Representative,Third Hampden
Topsfield,,,Kristin E. Kassner,775,State Representative,Second Essex
Topsfield,,,Leonard Mirra,918,State Representative,Second Essex
Topsfield,,,All Others,0,State Representative,Second Essex
Topsfield,,,Blanks,61,State Representative,Second Essex
Topsfield,,,Total Votes Cast,1754,State Representative,Second Essex
Topsfield,,,Sally P. Kerans,1087,State Representative,Thirteenth Essex
Topsfield,,,Michael D. Bean,6,State Representative,Thirteenth Essex
Topsfield,,,All Others,13,State Representative,Thirteenth Essex
Topsfield,,,Blanks,502,State Representative,Thirteenth Essex
Topsfield,,,Total Votes Cast,1608,State Representative,Thirteenth Essex
Townsend,-,1,Margaret R. Scarsdale,426,State Representative,First Middlesex
Townsend,-,1,Andrew James Shepherd,812,State Representative,First Middlesex
Townsend,-,1,Catherine Lundeen,69,State Representative,First Middlesex
Townsend,-,1,All Others,0,State Representative,First Middlesex
Townsend,-,1,Blanks,15,State Representative,First Middlesex
Townsend,-,1,Total Votes Cast,1322,State Representative,First Middlesex
Townsend,-,2,Margaret R. Scarsdale,496,State Representative,First Middlesex
Townsend,-,2,Andrew James Shepherd,728,State Representative,First Middlesex
Townsend,-,2,Catherine Lundeen,64,State Representative,First Middlesex
Townsend,-,2,All Others,8,State Representative,First Middlesex
Townsend,-,2,Blanks,34,State Representative,First Middlesex
Townsend,-,2,Total Votes Cast,1330,State Representative,First Middlesex
Townsend,-,3,Margaret R. Scarsdale,514,State Representative,First Middlesex
Townsend,-,3,Andrew James Shepherd,752,State Representative,First Middlesex
Townsend,-,3,Catherine Lundeen,53,State Representative,First Middlesex
Townsend,-,3,All Others,2,State Representative,First Middlesex
Townsend,-,3,Blanks,57,State Representative,First Middlesex
Townsend,-,3,Total Votes Cast,1378,State Representative,First Middlesex
Truro,,,Sarah K. Peake,1263,State Representative,Fourth Barnstable
Truro,,,All Others,8,State Representative,Fourth Barnstable
Truro,,,Blanks,219,State Representative,Fourth Barnstable
Truro,,,Total Votes Cast,1490,State Representative,Fourth Barnstable
Tyngsborough,-,1,Colleen M. Garry,781,State Representative,Thirty-Sixth Middlesex
Tyngsborough,-,1,George Derek Boag,515,State Representative,Thirty-Sixth Middlesex
Tyngsborough,-,1,All Others,0,State Representative,Thirty-Sixth Middlesex
Tyngsborough,-,1,Blanks,39,State Representative,Thirty-Sixth Middlesex
Tyngsborough,-,1,Total Votes Cast,1335,State Representative,Thirty-Sixth Middlesex
Tyngsborough,-,2,Colleen M. Garry,718,State Representative,Thirty-Sixth Middlesex
Tyngsborough,-,2,George Derek Boag,464,State Representative,Thirty-Sixth Middlesex
Tyngsborough,-,2,All Others,0,State Representative,Thirty-Sixth Middlesex
Tyngsborough,-,2,Blanks,53,State Representative,Thirty-Sixth Middlesex
Tyngsborough,-,2,Total Votes Cast,1235,State Representative,Thirty-Sixth Middlesex
Tyngsborough,-,3,Colleen M. Garry,695,State Representative,Thirty-Sixth Middlesex
Tyngsborough,-,3,George Derek Boag,406,State Representative,Thirty-Sixth Middlesex
Tyngsborough,-,3,All Others,0,State Representative,Thirty-Sixth Middlesex
Tyngsborough,-,3,Blanks,57,State Representative,Thirty-Sixth Middlesex
Tyngsborough,-,3,Total Votes Cast,1158,State Representative,Thirty-Sixth Middlesex
Tyngsborough,-,4,Colleen M. Garry,973,State Representative,Thirty-Sixth Middlesex
Tyngsborough,-,4,George Derek Boag,577,State Representative,Thirty-Sixth Middlesex
Tyngsborough,-,4,All Others,0,State Representative,Thirty-Sixth Middlesex
Tyngsborough,-,4,Blanks,60,State Representative,Thirty-Sixth Middlesex
Tyngsborough,-,4,Total Votes Cast,1610,State Representative,Thirty-Sixth Middlesex
Tyringham,,,"William ""Smitty"" Pignatelli",207,State Representative,Third Berkshire
Tyringham,,,Michael Silvio Lavery,17,State Representative,Third Berkshire
Tyringham,,,All Others,0,State Representative,Third Berkshire
Tyringham,,,Blanks,21,State Representative,Third Berkshire
Tyringham,,,Total Votes Cast,245,State Representative,Third Berkshire
Upton,-,1,"David K. Muradian, Jr",870,State Representative,Ninth Worcester
Upton,-,1,All Others,20,State Representative,Ninth Worcester
Upton,-,1,Blanks,433,State Representative,Ninth Worcester
Upton,-,1,Total Votes Cast,1323,State Representative,Ninth Worcester
Upton,-,2,"David K. Muradian, Jr",981,State Representative,Ninth Worcester
Upton,-,2,All Others,18,State Representative,Ninth Worcester
Upton,-,2,Blanks,412,State Representative,Ninth Worcester
Upton,-,2,Total Votes Cast,1411,State Representative,Ninth Worcester
Upton,-,3,"David K. Muradian, Jr",822,State Representative,Ninth Worcester
Upton,-,3,All Others,14,State Representative,Ninth Worcester
Upton,-,3,Blanks,377,State Representative,Ninth Worcester
Upton,-,3,Total Votes Cast,1213,State Representative,Ninth Worcester
Uxbridge,-,1A,Michael J. Soter,112,State Representative,Eighth Worcester
Uxbridge,-,1A,All Others,9,State Representative,Eighth Worcester
Uxbridge,-,1A,Blanks,23,State Representative,Eighth Worcester
Uxbridge,-,1A,Total Votes Cast,144,State Representative,Eighth Worcester
Uxbridge,-,2,Michael J. Soter,1004,State Representative,Eighth Worcester
Uxbridge,-,2,All Others,18,State Representative,Eighth Worcester
Uxbridge,-,2,Blanks,358,State Representative,Eighth Worcester
Uxbridge,-,2,Total Votes Cast,1380,State Representative,Eighth Worcester
Uxbridge,-,3,Michael J. Soter,1162,State Representative,Eighth Worcester
Uxbridge,-,3,All Others,30,State Representative,Eighth Worcester
Uxbridge,-,3,Blanks,344,State Representative,Eighth Worcester
Uxbridge,-,3,Total Votes Cast,1536,State Representative,Eighth Worcester
Uxbridge,-,4,Michael J. Soter,1160,State Representative,Eighth Worcester
Uxbridge,-,4,All Others,20,State Representative,Eighth Worcester
Uxbridge,-,4,Blanks,421,State Representative,Eighth Worcester
Uxbridge,-,4,Total Votes Cast,1601,State Representative,Eighth Worcester
Uxbridge,,,Joseph D. Mckenna,1107,State Representative,Eighteenth Worcester
Uxbridge,,,All Others,20,State Representative,Eighteenth Worcester
Uxbridge,,,Blanks,387,State Representative,Eighteenth Worcester
Uxbridge,,,Total Votes Cast,1514,State Representative,Eighteenth Worcester
W. Boylston,-,1,James J. O'Day,1140,State Representative,Fourteenth Worcester
W. Boylston,-,1,All Others,83,State Representative,Fourteenth Worcester
W. Boylston,-,1,Blanks,399,State Representative,Fourteenth Worcester
W. Boylston,-,1,Total Votes Cast,1622,State Representative,Fourteenth Worcester
W. Boylston,-,2,James J. O'Day,1354,State Representative,Fourteenth Worcester
W. Boylston,-,2,All Others,76,State Representative,Fourteenth Worcester
W. Boylston,-,2,Blanks,496,State Representative,Fourteenth Worcester
W. Boylston,-,2,Total Votes Cast,1926,State Representative,Fourteenth Worcester
W. Bridgewater,-,1,Gerard J. Cassidy,734,State Representative,Ninth Plymouth
W. Bridgewater,-,1,Lawrence P. Novak,782,State Representative,Ninth Plymouth
W. Bridgewater,-,1,All Others,0,State Representative,Ninth Plymouth
W. Bridgewater,-,1,Blanks,95,State Representative,Ninth Plymouth
W. Bridgewater,-,1,Total Votes Cast,1611,State Representative,Ninth Plymouth
W. Bridgewater,-,2,Gerard J. Cassidy,776,State Representative,Ninth Plymouth
W. Bridgewater,-,2,Lawrence P. Novak,807,State Representative,Ninth Plymouth
W. Bridgewater,-,2,All Others,2,State Representative,Ninth Plymouth
W. Bridgewater,-,2,Blanks,83,State Representative,Ninth Plymouth
W. Bridgewater,-,2,Total Votes Cast,1668,State Representative,Ninth Plymouth
W. Brookfield,,,"Donald R. Berthiaume, Jr",1322,State Representative,Fifth Worcester
W. Brookfield,,,All Others,37,State Representative,Fifth Worcester
W. Brookfield,,,Blanks,390,State Representative,Fifth Worcester
W. Brookfield,,,Total Votes Cast,1749,State Representative,Fifth Worcester
W. Newbury,,,Adrianne Ramos,1486,State Representative,Fourteenth Essex
W. Newbury,,,Joseph G. Finn,1033,State Representative,Fourteenth Essex
W. Newbury,,,All Others,0,State Representative,Fourteenth Essex
W. Newbury,,,Blanks,67,State Representative,Fourteenth Essex
W. Newbury,,,Total Votes Cast,2586,State Representative,Fourteenth Essex
W. Springfield,-,1,Michael J. Finn,274,State Representative,Sixth Hampden
W. Springfield,-,1,All Others,5,State Representative,Sixth Hampden
W. Springfield,-,1,Blanks,96,State Representative,Sixth Hampden
W. Springfield,-,1,Total Votes Cast,375,State Representative,Sixth Hampden
W. Springfield,-,2,Michael J. Finn,422,State Representative,Sixth Hampden
W. Springfield,-,2,All Others,6,State Representative,Sixth Hampden
W. Springfield,-,2,Blanks,128,State Representative,Sixth Hampden
W. Springfield,-,2,Total Votes Cast,556,State Representative,Sixth Hampden
W. Springfield,-,3,Michael J. Finn,712,State Representative,Sixth Hampden
W. Springfield,-,3,All Others,6,State Representative,Sixth Hampden
W. Springfield,-,3,Blanks,248,State Representative,Sixth Hampden
W. Springfield,-,3,Total Votes Cast,966,State Representative,Sixth Hampden
W. Springfield,-,4,Michael J. Finn,802,State Representative,Sixth Hampden
W. Springfield,-,4,All Others,6,State Representative,Sixth Hampden
W. Springfield,-,4,Blanks,255,State Representative,Sixth Hampden
W. Springfield,-,4,Total Votes Cast,1063,State Representative,Sixth Hampden
W. Springfield,-,5,Michael J. Finn,1158,State Representative,Sixth Hampden
W. Springfield,-,5,All Others,12,State Representative,Sixth Hampden
W. Springfield,-,5,Blanks,456,State Representative,Sixth Hampden
W. Springfield,-,5,Total Votes Cast,1626,State Representative,Sixth Hampden
W. Springfield,-,6,Michael J. Finn,995,State Representative,Sixth Hampden
W. Springfield,-,6,All Others,24,State Representative,Sixth Hampden
W. Springfield,-,6,Blanks,452,State Representative,Sixth Hampden
W. Springfield,-,6,Total Votes Cast,1471,State Representative,Sixth Hampden
W. Springfield,-,7,Michael J. Finn,962,State Representative,Sixth Hampden
W. Springfield,-,7,All Others,11,State Representative,Sixth Hampden
W. Springfield,-,7,Blanks,471,State Representative,Sixth Hampden
W. Springfield,-,7,Total Votes Cast,1444,State Representative,Sixth Hampden
W. Springfield,-,8,Michael J. Finn,751,State Representative,Sixth Hampden
W. Springfield,-,8,All Others,5,State Representative,Sixth Hampden
W. Springfield,-,8,Blanks,301,State Representative,Sixth Hampden
W. Springfield,-,8,Total Votes Cast,1057,State Representative,Sixth Hampden
W. Stockbridge,,,"William ""Smitty"" Pignatelli",650,State Representative,Third Berkshire
W. Stockbridge,,,Michael Silvio Lavery,62,State Representative,Third Berkshire
W. Stockbridge,,,All Others,2,State Representative,Third Berkshire
W. Stockbridge,,,Blanks,36,State Representative,Third Berkshire
W. Stockbridge,,,Total Votes Cast,750,State Representative,Third Berkshire
W. Tisbury,,,Dylan A. Fernandes,1500,State Representative,"Barnstable, Dukes and Nantucket"
W. Tisbury,,,All Others,13,State Representative,"Barnstable, Dukes and Nantucket"
W. Tisbury,,,Blanks,260,State Representative,"Barnstable, Dukes and Nantucket"
W. Tisbury,,,Total Votes Cast,1773,State Representative,"Barnstable, Dukes and Nantucket"
Wakefield,-,1,Donald H. Wong,1235,State Representative,Ninth Essex
Wakefield,-,1,All Others,13,State Representative,Ninth Essex
Wakefield,-,1,Blanks,397,State Representative,Ninth Essex
Wakefield,-,1,Total Votes Cast,1645,State Representative,Ninth Essex
Wakefield,-,2,Donald H. Wong,1081,State Representative,Ninth Essex
Wakefield,-,2,All Others,35,State Representative,Ninth Essex
Wakefield,-,2,Blanks,454,State Representative,Ninth Essex
Wakefield,-,2,Total Votes Cast,1570,State Representative,Ninth Essex
Wakefield,-,3,Donald H. Wong,1322,State Representative,Ninth Essex
Wakefield,-,3,All Others,22,State Representative,Ninth Essex
Wakefield,-,3,Blanks,500,State Representative,Ninth Essex
Wakefield,-,3,Total Votes Cast,1844,State Representative,Ninth Essex
Wakefield,-,4,Kate Lipper-Garabedian,1027,State Representative,Thirty-Second Middlesex
Wakefield,-,4,All Others,34,State Representative,Thirty-Second Middlesex
Wakefield,-,4,Blanks,478,State Representative,Thirty-Second Middlesex
Wakefield,-,4,Total Votes Cast,1539,State Representative,Thirty-Second Middlesex
Wakefield,-,5,Kate Lipper-Garabedian,1262,State Representative,Thirty-Second Middlesex
Wakefield,-,5,All Others,44,State Representative,Thirty-Second Middlesex
Wakefield,-,5,Blanks,526,State Representative,Thirty-Second Middlesex
Wakefield,-,5,Total Votes Cast,1832,State Representative,Thirty-Second Middlesex
Wakefield,-,6,Kate Lipper-Garabedian,1387,State Representative,Thirty-Second Middlesex
Wakefield,-,6,All Others,29,State Representative,Thirty-Second Middlesex
Wakefield,-,6,Blanks,578,State Representative,Thirty-Second Middlesex
Wakefield,-,6,Total Votes Cast,1994,State Representative,Thirty-Second Middlesex
Wakefield,-,7,Donald H. Wong,1322,State Representative,Ninth Essex
Wakefield,-,7,All Others,21,State Representative,Ninth Essex
Wakefield,-,7,Blanks,512,State Representative,Ninth Essex
Wakefield,-,7,Total Votes Cast,1855,State Representative,Ninth Essex
Wales,,,Todd M. Smola,625,State Representative,First Hampden
Wales,,,All Others,11,State Representative,First Hampden
Wales,,,Blanks,123,State Representative,First Hampden
Wales,,,Total Votes Cast,759,State Representative,First Hampden
Walpole,-,1,John H. Rogers,1035,State Representative,Twelfth Norfolk
Walpole,-,1,All Others,17,State Representative,Twelfth Norfolk
Walpole,-,1,Blanks,357,State Representative,Twelfth Norfolk
Walpole,-,1,Total Votes Cast,1409,State Representative,Twelfth Norfolk
Walpole,-,2,John H. Rogers,1052,State Representative,Twelfth Norfolk
Walpole,-,2,All Others,10,State Representative,Twelfth Norfolk
Walpole,-,2,Blanks,560,State Representative,Twelfth Norfolk
Walpole,-,2,Total Votes Cast,1622,State Representative,Twelfth Norfolk
Walpole,-,2A,Ted Philips,15,State Representative,Eighth Norfolk
Walpole,-,2A,Howard L. Terban,12,State Representative,Eighth Norfolk
Walpole,-,2A,All Others,0,State Representative,Eighth Norfolk
Walpole,-,2A,Blanks,1,State Representative,Eighth Norfolk
Walpole,-,2A,Total Votes Cast,28,State Representative,Eighth Norfolk
Walpole,-,3,Ted Philips,1014,State Representative,Eighth Norfolk
Walpole,-,3,Howard L. Terban,683,State Representative,Eighth Norfolk
Walpole,-,3,All Others,2,State Representative,Eighth Norfolk
Walpole,-,3,Blanks,128,State Representative,Eighth Norfolk
Walpole,-,3,Total Votes Cast,1827,State Representative,Eighth Norfolk
Walpole,-,4,Ted Philips,710,State Representative,Eighth Norfolk
Walpole,-,4,Howard L. Terban,453,State Representative,Eighth Norfolk
Walpole,-,4,All Others,1,State Representative,Eighth Norfolk
Walpole,-,4,Blanks,67,State Representative,Eighth Norfolk
Walpole,-,4,Total Votes Cast,1231,State Representative,Eighth Norfolk
Walpole,-,5A,Ted Philips,28,State Representative,Eighth Norfolk
Walpole,-,5A,Howard L. Terban,45,State Representative,Eighth Norfolk
Walpole,-,5A,All Others,0,State Representative,Eighth Norfolk
Walpole,-,5A,Blanks,1,State Representative,Eighth Norfolk
Walpole,-,5A,Total Votes Cast,74,State Representative,Eighth Norfolk
Walpole,-,6,John H. Rogers,1095,State Representative,Twelfth Norfolk
Walpole,-,6,All Others,16,State Representative,Twelfth Norfolk
Walpole,-,6,Blanks,448,State Representative,Twelfth Norfolk
Walpole,-,6,Total Votes Cast,1559,State Representative,Twelfth Norfolk
Walpole,-,7,John H. Rogers,1050,State Representative,Twelfth Norfolk
Walpole,-,7,All Others,9,State Representative,Twelfth Norfolk
Walpole,-,7,Blanks,513,State Representative,Twelfth Norfolk
Walpole,-,7,Total Votes Cast,1572,State Representative,Twelfth Norfolk
Walpole,,,Marcus S. Vaughn,566,State Representative,Ninth Norfolk
Walpole,,,Kevin Kalkut,585,State Representative,Ninth Norfolk
Walpole,,,All Others,0,State Representative,Ninth Norfolk
Walpole,,,Blanks,75,State Representative,Ninth Norfolk
Walpole,,,Total Votes Cast,1226,State Representative,Ninth Norfolk
Walpole,,,Paul McMurtry,1004,State Representative,Eleventh Norfolk
Walpole,,,All Others,14,State Representative,Eleventh Norfolk
Walpole,,,Blanks,560,State Representative,Eleventh Norfolk
Walpole,,,Total Votes Cast,1578,State Representative,Eleventh Norfolk
Waltham,1,1,Thomas M. Stanley,1090,State Representative,Ninth Middlesex
Waltham,1,1,All Others,29,State Representative,Ninth Middlesex
Waltham,1,1,Blanks,413,State Representative,Ninth Middlesex
Waltham,1,1,Total Votes Cast,1532,State Representative,Ninth Middlesex
Waltham,1,2,Thomas M. Stanley,1139,State Representative,Ninth Middlesex
Waltham,1,2,All Others,21,State Representative,Ninth Middlesex
Waltham,1,2,Blanks,408,State Representative,Ninth Middlesex
Waltham,1,2,Total Votes Cast,1568,State Representative,Ninth Middlesex
Waltham,1,2A,"John J. Lawn, Jr.",8,State Representative,Tenth Middlesex
Waltham,1,2A,All Others,2,State Representative,Tenth Middlesex
Waltham,1,2A,Blanks,5,State Representative,Tenth Middlesex
Waltham,1,2A,Total Votes Cast,15,State Representative,Tenth Middlesex
Waltham,2,1,Thomas M. Stanley,1100,State Representative,Ninth Middlesex
Waltham,2,1,All Others,26,State Representative,Ninth Middlesex
Waltham,2,1,Blanks,326,State Representative,Ninth Middlesex
Waltham,2,1,Total Votes Cast,1452,State Representative,Ninth Middlesex
Waltham,2,2,Thomas M. Stanley,793,State Representative,Ninth Middlesex
Waltham,2,2,All Others,22,State Representative,Ninth Middlesex
Waltham,2,2,Blanks,162,State Representative,Ninth Middlesex
Waltham,2,2,Total Votes Cast,977,State Representative,Ninth Middlesex
Waltham,3,1,Thomas M. Stanley,1119,State Representative,Ninth Middlesex
Waltham,3,1,All Others,18,State Representative,Ninth Middlesex
Waltham,3,1,Blanks,456,State Representative,Ninth Middlesex
Waltham,3,1,Total Votes Cast,1593,State Representative,Ninth Middlesex
Waltham,3,2,Thomas M. Stanley,1128,State Representative,Ninth Middlesex
Waltham,3,2,All Others,21,State Representative,Ninth Middlesex
Waltham,3,2,Blanks,337,State Representative,Ninth Middlesex
Waltham,3,2,Total Votes Cast,1486,State Representative,Ninth Middlesex
Waltham,3,2A,"John J. Lawn, Jr.",21,State Representative,Tenth Middlesex
Waltham,3,2A,All Others,0,State Representative,Tenth Middlesex
Waltham,3,2A,Blanks,9,State Representative,Tenth Middlesex
Waltham,3,2A,Total Votes Cast,30,State Representative,Tenth Middlesex
Waltham,4,1,Thomas M. Stanley,1181,State Representative,Ninth Middlesex
Waltham,4,1,All Others,25,State Representative,Ninth Middlesex
Waltham,4,1,Blanks,332,State Representative,Ninth Middlesex
Waltham,4,1,Total Votes Cast,1538,State Representative,Ninth Middlesex
Waltham,4,1A,"John J. Lawn, Jr.",21,State Representative,Tenth Middlesex
Waltham,4,1A,All Others,1,State Representative,Tenth Middlesex
Waltham,4,1A,Blanks,4,State Representative,Tenth Middlesex
Waltham,4,1A,Total Votes Cast,26,State Representative,Tenth Middlesex
Waltham,4,2,"John J. Lawn, Jr.",195,State Representative,Tenth Middlesex
Waltham,4,2,All Others,5,State Representative,Tenth Middlesex
Waltham,4,2,Blanks,64,State Representative,Tenth Middlesex
Waltham,4,2,Total Votes Cast,264,State Representative,Tenth Middlesex
Waltham,5,1,"John J. Lawn, Jr.",818,State Representative,Tenth Middlesex
Waltham,5,1,All Others,20,State Representative,Tenth Middlesex
Waltham,5,1,Blanks,287,State Representative,Tenth Middlesex
Waltham,5,1,Total Votes Cast,1125,State Representative,Tenth Middlesex
Waltham,5,2,Thomas M. Stanley,571,State Representative,Ninth Middlesex
Waltham,5,2,All Others,8,State Representative,Ninth Middlesex
Waltham,5,2,Blanks,122,State Representative,Ninth Middlesex
Waltham,5,2,Total Votes Cast,701,State Representative,Ninth Middlesex
Waltham,5,2A,"John J. Lawn, Jr.",98,State Representative,Tenth Middlesex
Waltham,5,2A,All Others,0,State Representative,Tenth Middlesex
Waltham,5,2A,Blanks,26,State Representative,Tenth Middlesex
Waltham,5,2A,Total Votes Cast,124,State Representative,Tenth Middlesex
Waltham,6,1,Thomas M. Stanley,865,State Representative,Ninth Middlesex
Waltham,6,1,All Others,21,State Representative,Ninth Middlesex
Waltham,6,1,Blanks,198,State Representative,Ninth Middlesex
Waltham,6,1,Total Votes Cast,1084,State Representative,Ninth Middlesex
Waltham,6,2,"John J. Lawn, Jr.",488,State Representative,Tenth Middlesex
Waltham,6,2,All Others,6,State Representative,Tenth Middlesex
Waltham,6,2,Blanks,154,State Representative,Tenth Middlesex
Waltham,6,2,Total Votes Cast,648,State Representative,Tenth Middlesex
Waltham,6,2A,Thomas M. Stanley,117,State Representative,Ninth Middlesex
Waltham,6,2A,All Others,2,State Representative,Ninth Middlesex
Waltham,6,2A,Blanks,27,State Representative,Ninth Middlesex
Waltham,6,2A,Total Votes Cast,146,State Representative,Ninth Middlesex
Waltham,7,1,Thomas M. Stanley,1069,State Representative,Ninth Middlesex
Waltham,7,1,All Others,15,State Representative,Ninth Middlesex
Waltham,7,1,Blanks,355,State Representative,Ninth Middlesex
Waltham,7,1,Total Votes Cast,1439,State Representative,Ninth Middlesex
Waltham,7,2,Thomas M. Stanley,341,State Representative,Ninth Middlesex
Waltham,7,2,All Others,6,State Representative,Ninth Middlesex
Waltham,7,2,Blanks,87,State Representative,Ninth Middlesex
Waltham,7,2,Total Votes Cast,434,State Representative,Ninth Middlesex
Waltham,8,1,Thomas M. Stanley,849,State Representative,Ninth Middlesex
Waltham,8,1,All Others,10,State Representative,Ninth Middlesex
Waltham,8,1,Blanks,184,State Representative,Ninth Middlesex
Waltham,8,1,Total Votes Cast,1043,State Representative,Ninth Middlesex
Waltham,8,2,"John J. Lawn, Jr.",856,State Representative,Tenth Middlesex
Waltham,8,2,All Others,13,State Representative,Tenth Middlesex
Waltham,8,2,Blanks,231,State Representative,Tenth Middlesex
Waltham,8,2,Total Votes Cast,1100,State Representative,Tenth Middlesex
Waltham,8,2A,Thomas M. Stanley,10,State Representative,Ninth Middlesex
Waltham,8,2A,All Others,0,State Representative,Ninth Middlesex
Waltham,8,2A,Blanks,1,State Representative,Ninth Middlesex
Waltham,8,2A,Total Votes Cast,11,State Representative,Ninth Middlesex
Waltham,9,1,"John J. Lawn, Jr.",661,State Representative,Tenth Middlesex
Waltham,9,1,All Others,14,State Representative,Tenth Middlesex
Waltham,9,1,Blanks,127,State Representative,Tenth Middlesex
Waltham,9,1,Total Votes Cast,802,State Representative,Tenth Middlesex
Waltham,9,2,"John J. Lawn, Jr.",602,State Representative,Tenth Middlesex
Waltham,9,2,All Others,18,State Representative,Tenth Middlesex
Waltham,9,2,Blanks,151,State Representative,Tenth Middlesex
Waltham,9,2,Total Votes Cast,771,State Representative,Tenth Middlesex
Ware,-,B,Todd M. Smola,890,State Representative,First Hampden
Ware,-,B,All Others,7,State Representative,First Hampden
Ware,-,B,Blanks,175,State Representative,First Hampden
Ware,-,B,Total Votes Cast,1072,State Representative,First Hampden
Ware,-,C,Todd M. Smola,1183,State Representative,First Hampden
Ware,-,C,All Others,4,State Representative,First Hampden
Ware,-,C,Blanks,277,State Representative,First Hampden
Ware,-,C,Total Votes Cast,1464,State Representative,First Hampden
Ware,,,"Donald R. Berthiaume, Jr",618,State Representative,Fifth Worcester
Ware,,,All Others,5,State Representative,Fifth Worcester
Ware,,,Blanks,254,State Representative,Fifth Worcester
Ware,,,Total Votes Cast,877,State Representative,Fifth Worcester
Wareham,-,1,Susan Williams Gifford,1058,State Representative,Second Plymouth
Wareham,-,1,All Others,28,State Representative,Second Plymouth
Wareham,-,1,Blanks,380,State Representative,Second Plymouth
Wareham,-,1,Total Votes Cast,1466,State Representative,Second Plymouth
Wareham,-,2,Susan Williams Gifford,1177,State Representative,Second Plymouth
Wareham,-,2,All Others,31,State Representative,Second Plymouth
Wareham,-,2,Blanks,423,State Representative,Second Plymouth
Wareham,-,2,Total Votes Cast,1631,State Representative,Second Plymouth
Wareham,-,3,Susan Williams Gifford,1149,State Representative,Second Plymouth
Wareham,-,3,All Others,19,State Representative,Second Plymouth
Wareham,-,3,Blanks,391,State Representative,Second Plymouth
Wareham,-,3,Total Votes Cast,1559,State Representative,Second Plymouth
Wareham,-,4,Susan Williams Gifford,1122,State Representative,Second Plymouth
Wareham,-,4,All Others,28,State Representative,Second Plymouth
Wareham,-,4,Blanks,309,State Representative,Second Plymouth
Wareham,-,4,Total Votes Cast,1459,State Representative,Second Plymouth
Wareham,-,5,Susan Williams Gifford,1226,State Representative,Second Plymouth
Wareham,-,5,All Others,35,State Representative,Second Plymouth
Wareham,-,5,Blanks,313,State Representative,Second Plymouth
Wareham,-,5,Total Votes Cast,1574,State Representative,Second Plymouth
Wareham,-,6,Susan Williams Gifford,1016,State Representative,Second Plymouth
Wareham,-,6,All Others,32,State Representative,Second Plymouth
Wareham,-,6,Blanks,274,State Representative,Second Plymouth
Wareham,-,6,Total Votes Cast,1322,State Representative,Second Plymouth
Warren,-,A,Todd M. Smola,1089,State Representative,First Hampden
Warren,-,A,All Others,12,State Representative,First Hampden
Warren,-,A,Blanks,253,State Representative,First Hampden
Warren,-,A,Total Votes Cast,1354,State Representative,First Hampden
Warren,-,B,Todd M. Smola,369,State Representative,First Hampden
Warren,-,B,All Others,1,State Representative,First Hampden
Warren,-,B,Blanks,79,State Representative,First Hampden
Warren,-,B,Total Votes Cast,449,State Representative,First Hampden
Warwick,,,Susannah M. Whipps,290,State Representative,Second Franklin
Warwick,,,Jeffrey L. Raymond,77,State Representative,Second Franklin
Warwick,,,Kevin Patrick McKeown,20,State Representative,Second Franklin
Warwick,,,All Others,0,State Representative,Second Franklin
Warwick,,,Blanks,16,State Representative,Second Franklin
Warwick,,,Total Votes Cast,403,State Representative,Second Franklin
Washington,,,"William ""Smitty"" Pignatelli",213,State Representative,Third Berkshire
Washington,,,Michael Silvio Lavery,35,State Representative,Third Berkshire
Washington,,,All Others,0,State Representative,Third Berkshire
Washington,,,Blanks,37,State Representative,Third Berkshire
Washington,,,Total Votes Cast,285,State Representative,Third Berkshire
Watertown,-,1,Steven C. Owens,757,State Representative,Twenty-Ninth Middlesex
Watertown,-,1,All Others,1,State Representative,Twenty-Ninth Middlesex
Watertown,-,1,Blanks,200,State Representative,Twenty-Ninth Middlesex
Watertown,-,1,Total Votes Cast,958,State Representative,Twenty-Ninth Middlesex
Watertown,-,10,"John J. Lawn, Jr.",1032,State Representative,Tenth Middlesex
Watertown,-,10,All Others,2,State Representative,Tenth Middlesex
Watertown,-,10,Blanks,232,State Representative,Tenth Middlesex
Watertown,-,10,Total Votes Cast,1266,State Representative,Tenth Middlesex
Watertown,-,11,"John J. Lawn, Jr.",998,State Representative,Tenth Middlesex
Watertown,-,11,All Others,1,State Representative,Tenth Middlesex
Watertown,-,11,Blanks,253,State Representative,Tenth Middlesex
Watertown,-,11,Total Votes Cast,1252,State Representative,Tenth Middlesex
Watertown,-,12,"John J. Lawn, Jr.",904,State Representative,Tenth Middlesex
Watertown,-,12,All Others,4,State Representative,Tenth Middlesex
Watertown,-,12,Blanks,257,State Representative,Tenth Middlesex
Watertown,-,12,Total Votes Cast,1165,State Representative,Tenth Middlesex
Watertown,-,2,Steven C. Owens,917,State Representative,Twenty-Ninth Middlesex
Watertown,-,2,All Others,1,State Representative,Twenty-Ninth Middlesex
Watertown,-,2,Blanks,198,State Representative,Twenty-Ninth Middlesex
Watertown,-,2,Total Votes Cast,1116,State Representative,Twenty-Ninth Middlesex
Watertown,-,3,Steven C. Owens,1064,State Representative,Twenty-Ninth Middlesex
Watertown,-,3,All Others,2,State Representative,Twenty-Ninth Middlesex
Watertown,-,3,Blanks,209,State Representative,Twenty-Ninth Middlesex
Watertown,-,3,Total Votes Cast,1275,State Representative,Twenty-Ninth Middlesex
Watertown,-,4,Steven C. Owens,1217,State Representative,Twenty-Ninth Middlesex
Watertown,-,4,All Others,0,State Representative,Twenty-Ninth Middlesex
Watertown,-,4,Blanks,261,State Representative,Twenty-Ninth Middlesex
Watertown,-,4,Total Votes Cast,1478,State Representative,Twenty-Ninth Middlesex
Watertown,-,5,Steven C. Owens,759,State Representative,Twenty-Ninth Middlesex
Watertown,-,5,All Others,1,State Representative,Twenty-Ninth Middlesex
Watertown,-,5,Blanks,161,State Representative,Twenty-Ninth Middlesex
Watertown,-,5,Total Votes Cast,921,State Representative,Twenty-Ninth Middlesex
Watertown,-,6,Steven C. Owens,865,State Representative,Twenty-Ninth Middlesex
Watertown,-,6,All Others,6,State Representative,Twenty-Ninth Middlesex
Watertown,-,6,Blanks,191,State Representative,Twenty-Ninth Middlesex
Watertown,-,6,Total Votes Cast,1062,State Representative,Twenty-Ninth Middlesex
Watertown,-,7,Steven C. Owens,1012,State Representative,Twenty-Ninth Middlesex
Watertown,-,7,All Others,11,State Representative,Twenty-Ninth Middlesex
Watertown,-,7,Blanks,283,State Representative,Twenty-Ninth Middlesex
Watertown,-,7,Total Votes Cast,1306,State Representative,Twenty-Ninth Middlesex
Watertown,-,8,Steven C. Owens,1014,State Representative,Twenty-Ninth Middlesex
Watertown,-,8,All Others,0,State Representative,Twenty-Ninth Middlesex
Watertown,-,8,Blanks,242,State Representative,Twenty-Ninth Middlesex
Watertown,-,8,Total Votes Cast,1256,State Representative,Twenty-Ninth Middlesex
Watertown,-,9,"John J. Lawn, Jr.",773,State Representative,Tenth Middlesex
Watertown,-,9,All Others,3,State Representative,Tenth Middlesex
Watertown,-,9,Blanks,221,State Representative,Tenth Middlesex
Watertown,-,9,Total Votes Cast,997,State Representative,Tenth Middlesex
Wayland,-,1,Carmine Lawrence Gentile,1404,State Representative,Thirteenth Middlesex
Wayland,-,1,All Others,24,State Representative,Thirteenth Middlesex
Wayland,-,1,Blanks,416,State Representative,Thirteenth Middlesex
Wayland,-,1,Total Votes Cast,1844,State Representative,Thirteenth Middlesex
Wayland,-,2,David Paul Linsky,1230,State Representative,Fifth Middlesex
Wayland,-,2,All Others,18,State Representative,Fifth Middlesex
Wayland,-,2,Blanks,372,State Representative,Fifth Middlesex
Wayland,-,2,Total Votes Cast,1620,State Representative,Fifth Middlesex
Wayland,-,3,David Paul Linsky,1185,State Representative,Fifth Middlesex
Wayland,-,3,All Others,13,State Representative,Fifth Middlesex
Wayland,-,3,Blanks,347,State Representative,Fifth Middlesex
Wayland,-,3,Total Votes Cast,1545,State Representative,Fifth Middlesex
Wayland,-,4,Carmine Lawrence Gentile,1435,State Representative,Thirteenth Middlesex
Wayland,-,4,All Others,20,State Representative,Thirteenth Middlesex
Wayland,-,4,Blanks,400,State Representative,Thirteenth Middlesex
Wayland,-,4,Total Votes Cast,1855,State Representative,Thirteenth Middlesex
Webster,-,1,Joseph D. Mckenna,456,State Representative,Eighteenth Worcester
Webster,-,1,All Others,12,State Representative,Eighteenth Worcester
Webster,-,1,Blanks,118,State Representative,Eighteenth Worcester
Webster,-,1,Total Votes Cast,586,State Representative,Eighteenth Worcester
Webster,-,1A,Joseph D. Mckenna,180,State Representative,Eighteenth Worcester
Webster,-,1A,All Others,6,State Representative,Eighteenth Worcester
Webster,-,1A,Blanks,63,State Representative,Eighteenth Worcester
Webster,-,1A,Total Votes Cast,249,State Representative,Eighteenth Worcester
Webster,-,2,Joseph D. Mckenna,413,State Representative,Eighteenth Worcester
Webster,-,2,All Others,26,State Representative,Eighteenth Worcester
Webster,-,2,Blanks,146,State Representative,Eighteenth Worcester
Webster,-,2,Total Votes Cast,585,State Representative,Eighteenth Worcester
Webster,-,3,Joseph D. Mckenna,784,State Representative,Eighteenth Worcester
Webster,-,3,All Others,27,State Representative,Eighteenth Worcester
Webster,-,3,Blanks,189,State Representative,Eighteenth Worcester
Webster,-,3,Total Votes Cast,1000,State Representative,Eighteenth Worcester
Webster,-,4,Joseph D. Mckenna,1390,State Representative,Eighteenth Worcester
Webster,-,4,All Others,26,State Representative,Eighteenth Worcester
Webster,-,4,Blanks,296,State Representative,Eighteenth Worcester
Webster,-,4,Total Votes Cast,1712,State Representative,Eighteenth Worcester
Webster,-,5,Joseph D. Mckenna,933,State Representative,Eighteenth Worcester
Webster,-,5,All Others,20,State Representative,Eighteenth Worcester
Webster,-,5,Blanks,251,State Representative,Eighteenth Worcester
Webster,-,5,Total Votes Cast,1204,State Representative,Eighteenth Worcester
Wellesley,-,A,Alice Hanlon Peisch,1284,State Representative,Fourteenth Norfolk
Wellesley,-,A,David Rolde,100,State Representative,Fourteenth Norfolk
Wellesley,-,A,All Others,10,State Representative,Fourteenth Norfolk
Wellesley,-,A,Blanks,257,State Representative,Fourteenth Norfolk
Wellesley,-,A,Total Votes Cast,1651,State Representative,Fourteenth Norfolk
Wellesley,-,B,Alice Hanlon Peisch,1436,State Representative,Fourteenth Norfolk
Wellesley,-,B,David Rolde,93,State Representative,Fourteenth Norfolk
Wellesley,-,B,All Others,8,State Representative,Fourteenth Norfolk
Wellesley,-,B,Blanks,244,State Representative,Fourteenth Norfolk
Wellesley,-,B,Total Votes Cast,1781,State Representative,Fourteenth Norfolk
Wellesley,-,C,Alice Hanlon Peisch,1288,State Representative,Fourteenth Norfolk
Wellesley,-,C,David Rolde,98,State Representative,Fourteenth Norfolk
Wellesley,-,C,All Others,13,State Representative,Fourteenth Norfolk
Wellesley,-,C,Blanks,426,State Representative,Fourteenth Norfolk
Wellesley,-,C,Total Votes Cast,1825,State Representative,Fourteenth Norfolk
Wellesley,-,D,Alice Hanlon Peisch,1376,State Representative,Fourteenth Norfolk
Wellesley,-,D,David Rolde,75,State Representative,Fourteenth Norfolk
Wellesley,-,D,All Others,6,State Representative,Fourteenth Norfolk
Wellesley,-,D,Blanks,226,State Representative,Fourteenth Norfolk
Wellesley,-,D,Total Votes Cast,1683,State Representative,Fourteenth Norfolk
Wellesley,-,E,Alice Hanlon Peisch,1225,State Representative,Fourteenth Norfolk
Wellesley,-,E,David Rolde,87,State Representative,Fourteenth Norfolk
Wellesley,-,E,All Others,8,State Representative,Fourteenth Norfolk
Wellesley,-,E,Blanks,252,State Representative,Fourteenth Norfolk
Wellesley,-,E,Total Votes Cast,1572,State Representative,Fourteenth Norfolk
Wellesley,-,F,Alice Hanlon Peisch,837,State Representative,Fourteenth Norfolk
Wellesley,-,F,David Rolde,45,State Representative,Fourteenth Norfolk
Wellesley,-,F,All Others,1,State Representative,Fourteenth Norfolk
Wellesley,-,F,Blanks,178,State Representative,Fourteenth Norfolk
Wellesley,-,F,Total Votes Cast,1061,State Representative,Fourteenth Norfolk
Wellesley,-,G,Alice Hanlon Peisch,701,State Representative,Fourteenth Norfolk
Wellesley,-,G,David Rolde,36,State Representative,Fourteenth Norfolk
Wellesley,-,G,All Others,4,State Representative,Fourteenth Norfolk
Wellesley,-,G,Blanks,98,State Representative,Fourteenth Norfolk
Wellesley,-,G,Total Votes Cast,839,State Representative,Fourteenth Norfolk
Wellesley,-,H,Alice Hanlon Peisch,1320,State Representative,Fourteenth Norfolk
Wellesley,-,H,David Rolde,113,State Representative,Fourteenth Norfolk
Wellesley,-,H,All Others,11,State Representative,Fourteenth Norfolk
Wellesley,-,H,Blanks,290,State Representative,Fourteenth Norfolk
Wellesley,-,H,Total Votes Cast,1734,State Representative,Fourteenth Norfolk
Wellfleet,,,Sarah K. Peake,1687,State Representative,Fourth Barnstable
Wellfleet,,,All Others,25,State Representative,Fourth Barnstable
Wellfleet,,,Blanks,320,State Representative,Fourth Barnstable
Wellfleet,,,Total Votes Cast,2032,State Representative,Fourth Barnstable
Wendell,,,Aaron L. Saunders,381,State Representative,Seventh Hampden
Wendell,,,James Chip Harrington,87,State Representative,Seventh Hampden
Wendell,,,All Others,0,State Representative,Seventh Hampden
Wendell,,,Blanks,16,State Representative,Seventh Hampden
Wendell,,,Total Votes Cast,484,State Representative,Seventh Hampden
Wenham,,,Jerald A. Parisella,524,State Representative,Sixth Essex
Wenham,,,All Others,15,State Representative,Sixth Essex
Wenham,,,Blanks,201,State Representative,Sixth Essex
Wenham,,,Total Votes Cast,740,State Representative,Sixth Essex
Wenham,,,Sally P. Kerans,865,State Representative,Thirteenth Essex
Wenham,,,Michael D. Bean,6,State Representative,Thirteenth Essex
Wenham,,,All Others,28,State Representative,Thirteenth Essex
Wenham,,,Blanks,336,State Representative,Thirteenth Essex
Wenham,,,Total Votes Cast,1235,State Representative,Thirteenth Essex
Westborough,-,1,Kate Donaghue,698,State Representative,Nineteenth Worcester
Westborough,-,1,Jonathan I. Hostage,197,State Representative,Nineteenth Worcester
Westborough,-,1,All Others,0,State Representative,Nineteenth Worcester
Westborough,-,1,Blanks,31,State Representative,Nineteenth Worcester
Westborough,-,1,Total Votes Cast,926,State Representative,Nineteenth Worcester
Westborough,-,2,Kate Donaghue,650,State Representative,Nineteenth Worcester
Westborough,-,2,Jonathan I. Hostage,284,State Representative,Nineteenth Worcester
Westborough,-,2,All Others,0,State Representative,Nineteenth Worcester
Westborough,-,2,Blanks,22,State Representative,Nineteenth Worcester
Westborough,-,2,Total Votes Cast,956,State Representative,Nineteenth Worcester
Westborough,-,3,Kate Donaghue,788,State Representative,Nineteenth Worcester
Westborough,-,3,Jonathan I. Hostage,304,State Representative,Nineteenth Worcester
Westborough,-,3,All Others,0,State Representative,Nineteenth Worcester
Westborough,-,3,Blanks,26,State Representative,Nineteenth Worcester
Westborough,-,3,Total Votes Cast,1118,State Representative,Nineteenth Worcester
Westborough,-,5,Kate Donaghue,1221,State Representative,Nineteenth Worcester
Westborough,-,5,Jonathan I. Hostage,520,State Representative,Nineteenth Worcester
Westborough,-,5,All Others,1,State Representative,Nineteenth Worcester
Westborough,-,5,Blanks,43,State Representative,Nineteenth Worcester
Westborough,-,5,Total Votes Cast,1785,State Representative,Nineteenth Worcester
Westborough,-,6,Kate Donaghue,1323,State Representative,Nineteenth Worcester
Westborough,-,6,Jonathan I. Hostage,517,State Representative,Nineteenth Worcester
Westborough,-,6,All Others,1,State Representative,Nineteenth Worcester
Westborough,-,6,Blanks,28,State Representative,Nineteenth Worcester
Westborough,-,6,Total Votes Cast,1869,State Representative,Nineteenth Worcester
Westborough,,,Hannah E. Kane,464,State Representative,Eleventh Worcester
Westborough,,,Stephen Fishman,539,State Representative,Eleventh Worcester
Westborough,,,All Others,1,State Representative,Eleventh Worcester
Westborough,,,Blanks,42,State Representative,Eleventh Worcester
Westborough,,,Total Votes Cast,1046,State Representative,Eleventh Worcester
Westfield,1,A,Kelly W. Pease,1193,State Representative,Fourth Hampden
Westfield,1,A,All Others,7,State Representative,Fourth Hampden
Westfield,1,A,Blanks,353,State Representative,Fourth Hampden
Westfield,1,A,Total Votes Cast,1553,State Representative,Fourth Hampden
Westfield,1,B,Kelly W. Pease,1076,State Representative,Fourth Hampden
Westfield,1,B,All Others,19,State Representative,Fourth Hampden
Westfield,1,B,Blanks,277,State Representative,Fourth Hampden
Westfield,1,B,Total Votes Cast,1372,State Representative,Fourth Hampden
Westfield,2,A,Kelly W. Pease,378,State Representative,Fourth Hampden
Westfield,2,A,All Others,9,State Representative,Fourth Hampden
Westfield,2,A,Blanks,151,State Representative,Fourth Hampden
Westfield,2,A,Total Votes Cast,538,State Representative,Fourth Hampden
Westfield,2,A1,Michael J. Finn,31,State Representative,Sixth Hampden
Westfield,2,A1,All Others,1,State Representative,Sixth Hampden
Westfield,2,A1,Blanks,8,State Representative,Sixth Hampden
Westfield,2,A1,Total Votes Cast,40,State Representative,Sixth Hampden
Westfield,2,B,Kelly W. Pease,701,State Representative,Fourth Hampden
Westfield,2,B,All Others,13,State Representative,Fourth Hampden
Westfield,2,B,Blanks,221,State Representative,Fourth Hampden
Westfield,2,B,Total Votes Cast,935,State Representative,Fourth Hampden
Westfield,3,A,Kelly W. Pease,517,State Representative,Fourth Hampden
Westfield,3,A,All Others,8,State Representative,Fourth Hampden
Westfield,3,A,Blanks,172,State Representative,Fourth Hampden
Westfield,3,A,Total Votes Cast,697,State Representative,Fourth Hampden
Westfield,3,B,Kelly W. Pease,891,State Representative,Fourth Hampden
Westfield,3,B,All Others,20,State Representative,Fourth Hampden
Westfield,3,B,Blanks,331,State Representative,Fourth Hampden
Westfield,3,B,Total Votes Cast,1242,State Representative,Fourth Hampden
Westfield,4,A,Kelly W. Pease,494,State Representative,Fourth Hampden
Westfield,4,A,All Others,6,State Representative,Fourth Hampden
Westfield,4,A,Blanks,131,State Representative,Fourth Hampden
Westfield,4,A,Total Votes Cast,631,State Representative,Fourth Hampden
Westfield,4,B,Kelly W. Pease,1219,State Representative,Fourth Hampden
Westfield,4,B,All Others,18,State Representative,Fourth Hampden
Westfield,4,B,Blanks,388,State Representative,Fourth Hampden
Westfield,4,B,Total Votes Cast,1625,State Representative,Fourth Hampden
Westfield,5,A,Kelly W. Pease,1261,State Representative,Fourth Hampden
Westfield,5,A,All Others,17,State Representative,Fourth Hampden
Westfield,5,A,Blanks,354,State Representative,Fourth Hampden
Westfield,5,A,Total Votes Cast,1632,State Representative,Fourth Hampden
Westfield,5,B,Kelly W. Pease,1241,State Representative,Fourth Hampden
Westfield,5,B,All Others,10,State Representative,Fourth Hampden
Westfield,5,B,Blanks,308,State Representative,Fourth Hampden
Westfield,5,B,Total Votes Cast,1559,State Representative,Fourth Hampden
Westfield,6,A,Kelly W. Pease,1077,State Representative,Fourth Hampden
Westfield,6,A,All Others,18,State Representative,Fourth Hampden
Westfield,6,A,Blanks,244,State Representative,Fourth Hampden
Westfield,6,A,Total Votes Cast,1339,State Representative,Fourth Hampden
Westfield,6,B,Michael J. Finn,691,State Representative,Sixth Hampden
Westfield,6,B,All Others,14,State Representative,Sixth Hampden
Westfield,6,B,Blanks,344,State Representative,Sixth Hampden
Westfield,6,B,Total Votes Cast,1049,State Representative,Sixth Hampden
Westfield,6,B1,Kelly W. Pease,59,State Representative,Fourth Hampden
Westfield,6,B1,All Others,0,State Representative,Fourth Hampden
Westfield,6,B1,Blanks,18,State Representative,Fourth Hampden
Westfield,6,B1,Total Votes Cast,77,State Representative,Fourth Hampden
Westford,-,1,James Arciero,937,State Representative,Second Middlesex
Westford,-,1,Raymond Yinggang Xie,522,State Representative,Second Middlesex
Westford,-,1,All Others,1,State Representative,Second Middlesex
Westford,-,1,Blanks,30,State Representative,Second Middlesex
Westford,-,1,Total Votes Cast,1490,State Representative,Second Middlesex
Westford,-,2,James Arciero,972,State Representative,Second Middlesex
Westford,-,2,Raymond Yinggang Xie,479,State Representative,Second Middlesex
Westford,-,2,All Others,2,State Representative,Second Middlesex
Westford,-,2,Blanks,23,State Representative,Second Middlesex
Westford,-,2,Total Votes Cast,1476,State Representative,Second Middlesex
Westford,-,3,James Arciero,1113,State Representative,Second Middlesex
Westford,-,3,Raymond Yinggang Xie,595,State Representative,Second Middlesex
Westford,-,3,All Others,1,State Representative,Second Middlesex
Westford,-,3,Blanks,31,State Representative,Second Middlesex
Westford,-,3,Total Votes Cast,1740,State Representative,Second Middlesex
Westford,-,4,James Arciero,1046,State Representative,Second Middlesex
Westford,-,4,Raymond Yinggang Xie,524,State Representative,Second Middlesex
Westford,-,4,All Others,0,State Representative,Second Middlesex
Westford,-,4,Blanks,23,State Representative,Second Middlesex
Westford,-,4,Total Votes Cast,1593,State Representative,Second Middlesex
Westford,-,5,James Arciero,1027,State Representative,Second Middlesex
Westford,-,5,Raymond Yinggang Xie,585,State Representative,Second Middlesex
Westford,-,5,All Others,0,State Representative,Second Middlesex
Westford,-,5,Blanks,23,State Representative,Second Middlesex
Westford,-,5,Total Votes Cast,1635,State Representative,Second Middlesex
Westford,-,6,James Arciero,983,State Representative,Second Middlesex
Westford,-,6,Raymond Yinggang Xie,631,State Representative,Second Middlesex
Westford,-,6,All Others,0,State Representative,Second Middlesex
Westford,-,6,Blanks,23,State Representative,Second Middlesex
Westford,-,6,Total Votes Cast,1637,State Representative,Second Middlesex
Westford,-,7,James Arciero,1190,State Representative,Second Middlesex
Westford,-,7,Raymond Yinggang Xie,551,State Representative,Second Middlesex
Westford,-,7,All Others,0,State Representative,Second Middlesex
Westford,-,7,Blanks,18,State Representative,Second Middlesex
Westford,-,7,Total Votes Cast,1759,State Representative,Second Middlesex
Westhampton,,,Lindsay N. Sabadosa,723,State Representative,First Hampshire
Westhampton,,,All Others,9,State Representative,First Hampshire
Westhampton,,,Blanks,242,State Representative,First Hampshire
Westhampton,,,Total Votes Cast,974,State Representative,First Hampshire
Westminster,-,1,Kimberly N. Ferguson,997,State Representative,First Worcester
Westminster,-,1,All Others,5,State Representative,First Worcester
Westminster,-,1,Blanks,312,State Representative,First Worcester
Westminster,-,1,Total Votes Cast,1314,State Representative,First Worcester
Westminster,-,2,Kimberly N. Ferguson,774,State Representative,First Worcester
Westminster,-,2,All Others,0,State Representative,First Worcester
Westminster,-,2,Blanks,255,State Representative,First Worcester
Westminster,-,2,Total Votes Cast,1029,State Representative,First Worcester
Westminster,-,2A,Kimberly N. Ferguson,299,State Representative,First Worcester
Westminster,-,2A,All Others,0,State Representative,First Worcester
Westminster,-,2A,Blanks,76,State Representative,First Worcester
Westminster,-,2A,Total Votes Cast,375,State Representative,First Worcester
Westminster,-,3,Kimberly N. Ferguson,920,State Representative,First Worcester
Westminster,-,3,All Others,3,State Representative,First Worcester
Westminster,-,3,Blanks,304,State Representative,First Worcester
Westminster,-,3,Total Votes Cast,1227,State Representative,First Worcester
Weston,-,1,Alice Hanlon Peisch,1038,State Representative,Fourteenth Norfolk
Weston,-,1,David Rolde,147,State Representative,Fourteenth Norfolk
Weston,-,1,All Others,16,State Representative,Fourteenth Norfolk
Weston,-,1,Blanks,251,State Representative,Fourteenth Norfolk
Weston,-,1,Total Votes Cast,1452,State Representative,Fourteenth Norfolk
Weston,-,2,Alice Hanlon Peisch,906,State Representative,Fourteenth Norfolk
Weston,-,2,David Rolde,95,State Representative,Fourteenth Norfolk
Weston,-,2,All Others,10,State Representative,Fourteenth Norfolk
Weston,-,2,Blanks,261,State Representative,Fourteenth Norfolk
Weston,-,2,Total Votes Cast,1272,State Representative,Fourteenth Norfolk
Weston,-,3,Alice Hanlon Peisch,804,State Representative,Fourteenth Norfolk
Weston,-,3,David Rolde,94,State Representative,Fourteenth Norfolk
Weston,-,3,All Others,12,State Representative,Fourteenth Norfolk
Weston,-,3,Blanks,256,State Representative,Fourteenth Norfolk
Weston,-,3,Total Votes Cast,1166,State Representative,Fourteenth Norfolk
Weston,-,4,Alice Hanlon Peisch,898,State Representative,Fourteenth Norfolk
Weston,-,4,David Rolde,104,State Representative,Fourteenth Norfolk
Weston,-,4,All Others,8,State Representative,Fourteenth Norfolk
Weston,-,4,Blanks,276,State Representative,Fourteenth Norfolk
Weston,-,4,Total Votes Cast,1286,State Representative,Fourteenth Norfolk
Westport,-,A,"Paul Schmid, III",719,State Representative,Eighth Bristol
Westport,-,A,Evan Gendreau,628,State Representative,Eighth Bristol
Westport,-,A,All Others,0,State Representative,Eighth Bristol
Westport,-,A,Blanks,23,State Representative,Eighth Bristol
Westport,-,A,Total Votes Cast,1370,State Representative,Eighth Bristol
Westport,-,B,"Paul Schmid, III",1108,State Representative,Eighth Bristol
Westport,-,B,Evan Gendreau,710,State Representative,Eighth Bristol
Westport,-,B,All Others,0,State Representative,Eighth Bristol
Westport,-,B,Blanks,49,State Representative,Eighth Bristol
Westport,-,B,Total Votes Cast,1867,State Representative,Eighth Bristol
Westport,-,C,"Paul Schmid, III",684,State Representative,Eighth Bristol
Westport,-,C,Evan Gendreau,633,State Representative,Eighth Bristol
Westport,-,C,All Others,0,State Representative,Eighth Bristol
Westport,-,C,Blanks,14,State Representative,Eighth Bristol
Westport,-,C,Total Votes Cast,1331,State Representative,Eighth Bristol
Westport,-,D,"Paul Schmid, III",718,State Representative,Eighth Bristol
Westport,-,D,Evan Gendreau,589,State Representative,Eighth Bristol
Westport,-,D,All Others,0,State Representative,Eighth Bristol
Westport,-,D,Blanks,24,State Representative,Eighth Bristol
Westport,-,D,Total Votes Cast,1331,State Representative,Eighth Bristol
Westport,-,E,"Paul Schmid, III",1081,State Representative,Eighth Bristol
Westport,-,E,Evan Gendreau,705,State Representative,Eighth Bristol
Westport,-,E,All Others,0,State Representative,Eighth Bristol
Westport,-,E,Blanks,38,State Representative,Eighth Bristol
Westport,-,E,Total Votes Cast,1824,State Representative,Eighth Bristol
Westwood,-,1,Paul McMurtry,1165,State Representative,Eleventh Norfolk
Westwood,-,1,All Others,7,State Representative,Eleventh Norfolk
Westwood,-,1,Blanks,464,State Representative,Eleventh Norfolk
Westwood,-,1,Total Votes Cast,1636,State Representative,Eleventh Norfolk
Westwood,-,2,Paul McMurtry,1088,State Representative,Eleventh Norfolk
Westwood,-,2,All Others,16,State Representative,Eleventh Norfolk
Westwood,-,2,Blanks,515,State Representative,Eleventh Norfolk
Westwood,-,2,Total Votes Cast,1619,State Representative,Eleventh Norfolk
Westwood,-,3,Paul McMurtry,1045,State Representative,Eleventh Norfolk
Westwood,-,3,All Others,12,State Representative,Eleventh Norfolk
Westwood,-,3,Blanks,463,State Representative,Eleventh Norfolk
Westwood,-,3,Total Votes Cast,1520,State Representative,Eleventh Norfolk
Westwood,-,4,Paul McMurtry,868,State Representative,Eleventh Norfolk
Westwood,-,4,All Others,3,State Representative,Eleventh Norfolk
Westwood,-,4,Blanks,517,State Representative,Eleventh Norfolk
Westwood,-,4,Total Votes Cast,1388,State Representative,Eleventh Norfolk
Westwood,-,5,Paul McMurtry,1150,State Representative,Eleventh Norfolk
Westwood,-,5,All Others,9,State Representative,Eleventh Norfolk
Westwood,-,5,Blanks,529,State Representative,Eleventh Norfolk
Westwood,-,5,Total Votes Cast,1688,State Representative,Eleventh Norfolk
Weymouth,-,1,James Michael Murphy,822,State Representative,Fourth Norfolk
Weymouth,-,1,Paul J. Rotondo,415,State Representative,Fourth Norfolk
Weymouth,-,1,All Others,0,State Representative,Fourth Norfolk
Weymouth,-,1,Blanks,35,State Representative,Fourth Norfolk
Weymouth,-,1,Total Votes Cast,1272,State Representative,Fourth Norfolk
Weymouth,-,10,James Michael Murphy,657,State Representative,Fourth Norfolk
Weymouth,-,10,Paul J. Rotondo,381,State Representative,Fourth Norfolk
Weymouth,-,10,All Others,1,State Representative,Fourth Norfolk
Weymouth,-,10,Blanks,27,State Representative,Fourth Norfolk
Weymouth,-,10,Total Votes Cast,1066,State Representative,Fourth Norfolk
Weymouth,-,11,James Michael Murphy,583,State Representative,Fourth Norfolk
Weymouth,-,11,Paul J. Rotondo,361,State Representative,Fourth Norfolk
Weymouth,-,11,All Others,0,State Representative,Fourth Norfolk
Weymouth,-,11,Blanks,32,State Representative,Fourth Norfolk
Weymouth,-,11,Total Votes Cast,976,State Representative,Fourth Norfolk
Weymouth,-,12,Ronald Mariano,1031,State Representative,Third Norfolk
Weymouth,-,12,All Others,30,State Representative,Third Norfolk
Weymouth,-,12,Blanks,427,State Representative,Third Norfolk
Weymouth,-,12,Total Votes Cast,1488,State Representative,Third Norfolk
Weymouth,-,13,James Michael Murphy,544,State Representative,Fourth Norfolk
Weymouth,-,13,Paul J. Rotondo,273,State Representative,Fourth Norfolk
Weymouth,-,13,All Others,0,State Representative,Fourth Norfolk
Weymouth,-,13,Blanks,23,State Representative,Fourth Norfolk
Weymouth,-,13,Total Votes Cast,840,State Representative,Fourth Norfolk
Weymouth,-,14,James Michael Murphy,944,State Representative,Fourth Norfolk
Weymouth,-,14,Paul J. Rotondo,484,State Representative,Fourth Norfolk
Weymouth,-,14,All Others,0,State Representative,Fourth Norfolk
Weymouth,-,14,Blanks,41,State Representative,Fourth Norfolk
Weymouth,-,14,Total Votes Cast,1469,State Representative,Fourth Norfolk
Weymouth,-,15,James Michael Murphy,942,State Representative,Fourth Norfolk
Weymouth,-,15,Paul J. Rotondo,581,State Representative,Fourth Norfolk
Weymouth,-,15,All Others,0,State Representative,Fourth Norfolk
Weymouth,-,15,Blanks,42,State Representative,Fourth Norfolk
Weymouth,-,15,Total Votes Cast,1565,State Representative,Fourth Norfolk
Weymouth,-,16,Ronald Mariano,1136,State Representative,Third Norfolk
Weymouth,-,16,All Others,37,State Representative,Third Norfolk
Weymouth,-,16,Blanks,477,State Representative,Third Norfolk
Weymouth,-,16,Total Votes Cast,1650,State Representative,Third Norfolk
Weymouth,-,17,James Michael Murphy,661,State Representative,Fourth Norfolk
Weymouth,-,17,Paul J. Rotondo,379,State Representative,Fourth Norfolk
Weymouth,-,17,All Others,2,State Representative,Fourth Norfolk
Weymouth,-,17,Blanks,20,State Representative,Fourth Norfolk
Weymouth,-,17,Total Votes Cast,1062,State Representative,Fourth Norfolk
Weymouth,-,18,James Michael Murphy,737,State Representative,Fourth Norfolk
Weymouth,-,18,Paul J. Rotondo,329,State Representative,Fourth Norfolk
Weymouth,-,18,All Others,1,State Representative,Fourth Norfolk
Weymouth,-,18,Blanks,32,State Representative,Fourth Norfolk
Weymouth,-,18,Total Votes Cast,1099,State Representative,Fourth Norfolk
Weymouth,-,2,James Michael Murphy,1004,State Representative,Fourth Norfolk
Weymouth,-,2,Paul J. Rotondo,557,State Representative,Fourth Norfolk
Weymouth,-,2,All Others,1,State Representative,Fourth Norfolk
Weymouth,-,2,Blanks,49,State Representative,Fourth Norfolk
Weymouth,-,2,Total Votes Cast,1611,State Representative,Fourth Norfolk
Weymouth,-,3,James Michael Murphy,917,State Representative,Fourth Norfolk
Weymouth,-,3,Paul J. Rotondo,573,State Representative,Fourth Norfolk
Weymouth,-,3,All Others,1,State Representative,Fourth Norfolk
Weymouth,-,3,Blanks,35,State Representative,Fourth Norfolk
Weymouth,-,3,Total Votes Cast,1526,State Representative,Fourth Norfolk
Weymouth,-,4,James Michael Murphy,822,State Representative,Fourth Norfolk
Weymouth,-,4,Paul J. Rotondo,451,State Representative,Fourth Norfolk
Weymouth,-,4,All Others,2,State Representative,Fourth Norfolk
Weymouth,-,4,Blanks,35,State Representative,Fourth Norfolk
Weymouth,-,4,Total Votes Cast,1310,State Representative,Fourth Norfolk
Weymouth,-,5,Ronald Mariano,903,State Representative,Third Norfolk
Weymouth,-,5,All Others,23,State Representative,Third Norfolk
Weymouth,-,5,Blanks,267,State Representative,Third Norfolk
Weymouth,-,5,Total Votes Cast,1193,State Representative,Third Norfolk
Weymouth,-,6,Ronald Mariano,1133,State Representative,Third Norfolk
Weymouth,-,6,All Others,19,State Representative,Third Norfolk
Weymouth,-,6,Blanks,391,State Representative,Third Norfolk
Weymouth,-,6,Total Votes Cast,1543,State Representative,Third Norfolk
Weymouth,-,7,James Michael Murphy,648,State Representative,Fourth Norfolk
Weymouth,-,7,Paul J. Rotondo,381,State Representative,Fourth Norfolk
Weymouth,-,7,All Others,1,State Representative,Fourth Norfolk
Weymouth,-,7,Blanks,31,State Representative,Fourth Norfolk
Weymouth,-,7,Total Votes Cast,1061,State Representative,Fourth Norfolk
Weymouth,-,8,James Michael Murphy,766,State Representative,Fourth Norfolk
Weymouth,-,8,Paul J. Rotondo,488,State Representative,Fourth Norfolk
Weymouth,-,8,All Others,2,State Representative,Fourth Norfolk
Weymouth,-,8,Blanks,38,State Representative,Fourth Norfolk
Weymouth,-,8,Total Votes Cast,1294,State Representative,Fourth Norfolk
Weymouth,-,9,Ronald Mariano,675,State Representative,Third Norfolk
Weymouth,-,9,All Others,28,State Representative,Third Norfolk
Weymouth,-,9,Blanks,251,State Representative,Third Norfolk
Weymouth,-,9,Total Votes Cast,954,State Representative,Third Norfolk
Weymouth,-,9A,James Michael Murphy,208,State Representative,Fourth Norfolk
Weymouth,-,9A,Paul J. Rotondo,125,State Representative,Fourth Norfolk
Weymouth,-,9A,All Others,1,State Representative,Fourth Norfolk
Weymouth,-,9A,Blanks,4,State Representative,Fourth Norfolk
Weymouth,-,9A,Total Votes Cast,338,State Representative,Fourth Norfolk
Whately,,,Natalie M. Blais,719,State Representative,First Franklin
Whately,,,All Others,3,State Representative,First Franklin
Whately,,,Blanks,178,State Representative,First Franklin
Whately,,,Total Votes Cast,900,State Representative,First Franklin
Whitman,-,1,Alyson M. Sullivan,1134,State Representative,Seventh Plymouth
Whitman,-,1,Brandon J. Griffin,463,State Representative,Seventh Plymouth
Whitman,-,1,All Others,1,State Representative,Seventh Plymouth
Whitman,-,1,Blanks,162,State Representative,Seventh Plymouth
Whitman,-,1,Total Votes Cast,1760,State Representative,Seventh Plymouth
Whitman,-,2,Alyson M. Sullivan,975,State Representative,Seventh Plymouth
Whitman,-,2,Brandon J. Griffin,372,State Representative,Seventh Plymouth
Whitman,-,2,All Others,6,State Representative,Seventh Plymouth
Whitman,-,2,Blanks,121,State Representative,Seventh Plymouth
Whitman,-,2,Total Votes Cast,1474,State Representative,Seventh Plymouth
Whitman,-,3,Alyson M. Sullivan,1046,State Representative,Seventh Plymouth
Whitman,-,3,Brandon J. Griffin,377,State Representative,Seventh Plymouth
Whitman,-,3,All Others,1,State Representative,Seventh Plymouth
Whitman,-,3,Blanks,125,State Representative,Seventh Plymouth
Whitman,-,3,Total Votes Cast,1549,State Representative,Seventh Plymouth
Whitman,-,4,Alyson M. Sullivan,993,State Representative,Seventh Plymouth
Whitman,-,4,Brandon J. Griffin,391,State Representative,Seventh Plymouth
Whitman,-,4,All Others,2,State Representative,Seventh Plymouth
Whitman,-,4,Blanks,133,State Representative,Seventh Plymouth
Whitman,-,4,Total Votes Cast,1519,State Representative,Seventh Plymouth
Wilbraham,-,A,"Angelo J. Puppolo, Jr.",1268,State Representative,Twelfth Hampden
Wilbraham,-,A,All Others,31,State Representative,Twelfth Hampden
Wilbraham,-,A,Blanks,399,State Representative,Twelfth Hampden
Wilbraham,-,A,Total Votes Cast,1698,State Representative,Twelfth Hampden
Wilbraham,-,B,"Angelo J. Puppolo, Jr.",1175,State Representative,Twelfth Hampden
Wilbraham,-,B,All Others,35,State Representative,Twelfth Hampden
Wilbraham,-,B,Blanks,341,State Representative,Twelfth Hampden
Wilbraham,-,B,Total Votes Cast,1551,State Representative,Twelfth Hampden
Wilbraham,-,C,"Angelo J. Puppolo, Jr.",1229,State Representative,Twelfth Hampden
Wilbraham,-,C,All Others,36,State Representative,Twelfth Hampden
Wilbraham,-,C,Blanks,431,State Representative,Twelfth Hampden
Wilbraham,-,C,Total Votes Cast,1696,State Representative,Twelfth Hampden
Wilbraham,-,D,"Angelo J. Puppolo, Jr.",1359,State Representative,Twelfth Hampden
Wilbraham,-,D,All Others,34,State Representative,Twelfth Hampden
Wilbraham,-,D,Blanks,395,State Representative,Twelfth Hampden
Wilbraham,-,D,Total Votes Cast,1788,State Representative,Twelfth Hampden
Williamsburg,,,Lindsay N. Sabadosa,1210,State Representative,First Hampshire
Williamsburg,,,All Others,3,State Representative,First Hampshire
Williamsburg,,,Blanks,240,State Representative,First Hampshire
Williamsburg,,,Total Votes Cast,1453,State Representative,First Hampshire
Williamstown,-,1,"John P. Barrett, III",1018,State Representative,First Berkshire
Williamstown,-,1,All Others,15,State Representative,First Berkshire
Williamstown,-,1,Blanks,189,State Representative,First Berkshire
Williamstown,-,1,Total Votes Cast,1222,State Representative,First Berkshire
Williamstown,-,2,"John P. Barrett, III",282,State Representative,First Berkshire
Williamstown,-,2,All Others,9,State Representative,First Berkshire
Williamstown,-,2,Blanks,50,State Representative,First Berkshire
Williamstown,-,2,Total Votes Cast,341,State Representative,First Berkshire
Williamstown,-,3,"John P. Barrett, III",1120,State Representative,First Berkshire
Williamstown,-,3,All Others,18,State Representative,First Berkshire
Williamstown,-,3,Blanks,223,State Representative,First Berkshire
Williamstown,-,3,Total Votes Cast,1361,State Representative,First Berkshire
Wilmington,-,1,David A. Robertson,1081,State Representative,Nineteenth Middlesex
Wilmington,-,1,Paul Sarnowski,698,State Representative,Nineteenth Middlesex
Wilmington,-,1,All Others,0,State Representative,Nineteenth Middlesex
Wilmington,-,1,Blanks,40,State Representative,Nineteenth Middlesex
Wilmington,-,1,Total Votes Cast,1819,State Representative,Nineteenth Middlesex
Wilmington,-,2,David A. Robertson,985,State Representative,Nineteenth Middlesex
Wilmington,-,2,Paul Sarnowski,722,State Representative,Nineteenth Middlesex
Wilmington,-,2,All Others,4,State Representative,Nineteenth Middlesex
Wilmington,-,2,Blanks,53,State Representative,Nineteenth Middlesex
Wilmington,-,2,Total Votes Cast,1764,State Representative,Nineteenth Middlesex
Wilmington,-,3,David A. Robertson,885,State Representative,Nineteenth Middlesex
Wilmington,-,3,Paul Sarnowski,737,State Representative,Nineteenth Middlesex
Wilmington,-,3,All Others,1,State Representative,Nineteenth Middlesex
Wilmington,-,3,Blanks,58,State Representative,Nineteenth Middlesex
Wilmington,-,3,Total Votes Cast,1681,State Representative,Nineteenth Middlesex
Wilmington,-,4,David A. Robertson,998,State Representative,Nineteenth Middlesex
Wilmington,-,4,Paul Sarnowski,739,State Representative,Nineteenth Middlesex
Wilmington,-,4,All Others,1,State Representative,Nineteenth Middlesex
Wilmington,-,4,Blanks,41,State Representative,Nineteenth Middlesex
Wilmington,-,4,Total Votes Cast,1779,State Representative,Nineteenth Middlesex
Wilmington,-,5,David A. Robertson,901,State Representative,Nineteenth Middlesex
Wilmington,-,5,Paul Sarnowski,680,State Representative,Nineteenth Middlesex
Wilmington,-,5,All Others,3,State Representative,Nineteenth Middlesex
Wilmington,-,5,Blanks,56,State Representative,Nineteenth Middlesex
Wilmington,-,5,Total Votes Cast,1640,State Representative,Nineteenth Middlesex
Wilmington,-,6,David A. Robertson,986,State Representative,Nineteenth Middlesex
Wilmington,-,6,Paul Sarnowski,824,State Representative,Nineteenth Middlesex
Wilmington,-,6,All Others,2,State Representative,Nineteenth Middlesex
Wilmington,-,6,Blanks,52,State Representative,Nineteenth Middlesex
Wilmington,-,6,Total Votes Cast,1864,State Representative,Nineteenth Middlesex
Winchendon,-,2,Jonathan D. Zlotnik,564,State Representative,Second Worcester
Winchendon,-,2,Bruce K. Chester,623,State Representative,Second Worcester
Winchendon,-,2,All Others,1,State Representative,Second Worcester
Winchendon,-,2,Blanks,42,State Representative,Second Worcester
Winchendon,-,2,Total Votes Cast,1230,State Representative,Second Worcester
Winchendon,-,3,Jonathan D. Zlotnik,566,State Representative,Second Worcester
Winchendon,-,3,Bruce K. Chester,617,State Representative,Second Worcester
Winchendon,-,3,All Others,1,State Representative,Second Worcester
Winchendon,-,3,Blanks,30,State Representative,Second Worcester
Winchendon,-,3,Total Votes Cast,1214,State Representative,Second Worcester
Winchendon,,,Susannah M. Whipps,443,State Representative,Second Franklin
Winchendon,,,Jeffrey L. Raymond,493,State Representative,Second Franklin
Winchendon,,,Kevin Patrick McKeown,25,State Representative,Second Franklin
Winchendon,,,All Others,2,State Representative,Second Franklin
Winchendon,,,Blanks,36,State Representative,Second Franklin
Winchendon,,,Total Votes Cast,999,State Representative,Second Franklin
Winchester,-,1,Michael Seamus Day,880,State Representative,Thirty-First Middlesex
Winchester,-,1,Theodore Christos Menounos,357,State Representative,Thirty-First Middlesex
Winchester,-,1,All Others,5,State Representative,Thirty-First Middlesex
Winchester,-,1,Blanks,97,State Representative,Thirty-First Middlesex
Winchester,-,1,Total Votes Cast,1339,State Representative,Thirty-First Middlesex
Winchester,-,2,Michael Seamus Day,760,State Representative,Thirty-First Middlesex
Winchester,-,2,Theodore Christos Menounos,283,State Representative,Thirty-First Middlesex
Winchester,-,2,All Others,2,State Representative,Thirty-First Middlesex
Winchester,-,2,Blanks,91,State Representative,Thirty-First Middlesex
Winchester,-,2,Total Votes Cast,1136,State Representative,Thirty-First Middlesex
Winchester,-,3,Michael Seamus Day,1038,State Representative,Thirty-First Middlesex
Winchester,-,3,Theodore Christos Menounos,316,State Representative,Thirty-First Middlesex
Winchester,-,3,All Others,1,State Representative,Thirty-First Middlesex
Winchester,-,3,Blanks,113,State Representative,Thirty-First Middlesex
Winchester,-,3,Total Votes Cast,1468,State Representative,Thirty-First Middlesex
Winchester,-,4,Michael Seamus Day,873,State Representative,Thirty-First Middlesex
Winchester,-,4,Theodore Christos Menounos,381,State Representative,Thirty-First Middlesex
Winchester,-,4,All Others,4,State Representative,Thirty-First Middlesex
Winchester,-,4,Blanks,169,State Representative,Thirty-First Middlesex
Winchester,-,4,Total Votes Cast,1427,State Representative,Thirty-First Middlesex
Winchester,-,5,Michael Seamus Day,769,State Representative,Thirty-First Middlesex
Winchester,-,5,Theodore Christos Menounos,419,State Representative,Thirty-First Middlesex
Winchester,-,5,All Others,1,State Representative,Thirty-First Middlesex
Winchester,-,5,Blanks,137,State Representative,Thirty-First Middlesex
Winchester,-,5,Total Votes Cast,1326,State Representative,Thirty-First Middlesex
Winchester,-,7,Michael Seamus Day,849,State Representative,Thirty-First Middlesex
Winchester,-,7,Theodore Christos Menounos,404,State Representative,Thirty-First Middlesex
Winchester,-,7,All Others,3,State Representative,Thirty-First Middlesex
Winchester,-,7,Blanks,152,State Representative,Thirty-First Middlesex
Winchester,-,7,Total Votes Cast,1408,State Representative,Thirty-First Middlesex
Winchester,-,8,Michael Seamus Day,583,State Representative,Thirty-First Middlesex
Winchester,-,8,Theodore Christos Menounos,271,State Representative,Thirty-First Middlesex
Winchester,-,8,All Others,2,State Representative,Thirty-First Middlesex
Winchester,-,8,Blanks,95,State Representative,Thirty-First Middlesex
Winchester,-,8,Total Votes Cast,951,State Representative,Thirty-First Middlesex
Winchester,,,Michelle Ciccolo,864,State Representative,Fifteenth Middlesex
Winchester,,,All Others,17,State Representative,Fifteenth Middlesex
Winchester,,,Blanks,469,State Representative,Fifteenth Middlesex
Winchester,,,Total Votes Cast,1350,State Representative,Fifteenth Middlesex
Windsor,,,"John P. Barrett, III",303,State Representative,First Berkshire
Windsor,,,All Others,2,State Representative,First Berkshire
Windsor,,,Blanks,92,State Representative,First Berkshire
Windsor,,,Total Votes Cast,397,State Representative,First Berkshire
Winthrop,-,1,Jeffrey Rosario Turco,771,State Representative,Nineteenth Suffolk
Winthrop,-,1,All Others,35,State Representative,Nineteenth Suffolk
Winthrop,-,1,Blanks,360,State Representative,Nineteenth Suffolk
Winthrop,-,1,Total Votes Cast,1166,State Representative,Nineteenth Suffolk
Winthrop,-,2,Jeffrey Rosario Turco,818,State Representative,Nineteenth Suffolk
Winthrop,-,2,All Others,55,State Representative,Nineteenth Suffolk
Winthrop,-,2,Blanks,348,State Representative,Nineteenth Suffolk
Winthrop,-,2,Total Votes Cast,1221,State Representative,Nineteenth Suffolk
Winthrop,-,3,Jeffrey Rosario Turco,739,State Representative,Nineteenth Suffolk
Winthrop,-,3,All Others,38,State Representative,Nineteenth Suffolk
Winthrop,-,3,Blanks,290,State Representative,Nineteenth Suffolk
Winthrop,-,3,Total Votes Cast,1067,State Representative,Nineteenth Suffolk
Winthrop,-,4,Jeffrey Rosario Turco,632,State Representative,Nineteenth Suffolk
Winthrop,-,4,All Others,35,State Representative,Nineteenth Suffolk
Winthrop,-,4,Blanks,250,State Representative,Nineteenth Suffolk
Winthrop,-,4,Total Votes Cast,917,State Representative,Nineteenth Suffolk
Winthrop,-,5,Jeffrey Rosario Turco,796,State Representative,Nineteenth Suffolk
Winthrop,-,5,All Others,38,State Representative,Nineteenth Suffolk
Winthrop,-,5,Blanks,426,State Representative,Nineteenth Suffolk
Winthrop,-,5,Total Votes Cast,1260,State Representative,Nineteenth Suffolk
Winthrop,-,6,Jeffrey Rosario Turco,743,State Representative,Nineteenth Suffolk
Winthrop,-,6,All Others,51,State Representative,Nineteenth Suffolk
Winthrop,-,6,Blanks,309,State Representative,Nineteenth Suffolk
Winthrop,-,6,Total Votes Cast,1103,State Representative,Nineteenth Suffolk
Woburn,1,1,Michelle Ciccolo,581,State Representative,Fifteenth Middlesex
Woburn,1,1,All Others,5,State Representative,Fifteenth Middlesex
Woburn,1,1,Blanks,333,State Representative,Fifteenth Middlesex
Woburn,1,1,Total Votes Cast,919,State Representative,Fifteenth Middlesex
Woburn,1,2,Michelle Ciccolo,643,State Representative,Fifteenth Middlesex
Woburn,1,2,All Others,14,State Representative,Fifteenth Middlesex
Woburn,1,2,Blanks,352,State Representative,Fifteenth Middlesex
Woburn,1,2,Total Votes Cast,1009,State Representative,Fifteenth Middlesex
Woburn,1,2A,Richard M. Haggerty,61,State Representative,Thirtieth Middlesex
Woburn,1,2A,All Others,0,State Representative,Thirtieth Middlesex
Woburn,1,2A,Blanks,15,State Representative,Thirtieth Middlesex
Woburn,1,2A,Total Votes Cast,76,State Representative,Thirtieth Middlesex
Woburn,2,1,Richard M. Haggerty,799,State Representative,Thirtieth Middlesex
Woburn,2,1,All Others,9,State Representative,Thirtieth Middlesex
Woburn,2,1,Blanks,372,State Representative,Thirtieth Middlesex
Woburn,2,1,Total Votes Cast,1180,State Representative,Thirtieth Middlesex
Woburn,2,2,Richard M. Haggerty,680,State Representative,Thirtieth Middlesex
Woburn,2,2,All Others,3,State Representative,Thirtieth Middlesex
Woburn,2,2,Blanks,224,State Representative,Thirtieth Middlesex
Woburn,2,2,Total Votes Cast,907,State Representative,Thirtieth Middlesex
Woburn,3,1,Richard M. Haggerty,808,State Representative,Thirtieth Middlesex
Woburn,3,1,All Others,10,State Representative,Thirtieth Middlesex
Woburn,3,1,Blanks,311,State Representative,Thirtieth Middlesex
Woburn,3,1,Total Votes Cast,1129,State Representative,Thirtieth Middlesex
Woburn,3,2,Richard M. Haggerty,968,State Representative,Thirtieth Middlesex
Woburn,3,2,All Others,13,State Representative,Thirtieth Middlesex
Woburn,3,2,Blanks,485,State Representative,Thirtieth Middlesex
Woburn,3,2,Total Votes Cast,1466,State Representative,Thirtieth Middlesex
Woburn,4,1,Richard M. Haggerty,838,State Representative,Thirtieth Middlesex
Woburn,4,1,All Others,9,State Representative,Thirtieth Middlesex
Woburn,4,1,Blanks,409,State Representative,Thirtieth Middlesex
Woburn,4,1,Total Votes Cast,1256,State Representative,Thirtieth Middlesex
Woburn,4,2,Richard M. Haggerty,723,State Representative,Thirtieth Middlesex
Woburn,4,2,All Others,5,State Representative,Thirtieth Middlesex
Woburn,4,2,Blanks,320,State Representative,Thirtieth Middlesex
Woburn,4,2,Total Votes Cast,1048,State Representative,Thirtieth Middlesex
Woburn,5,1,Richard M. Haggerty,754,State Representative,Thirtieth Middlesex
Woburn,5,1,All Others,4,State Representative,Thirtieth Middlesex
Woburn,5,1,Blanks,255,State Representative,Thirtieth Middlesex
Woburn,5,1,Total Votes Cast,1013,State Representative,Thirtieth Middlesex
Woburn,5,2,Richard M. Haggerty,695,State Representative,Thirtieth Middlesex
Woburn,5,2,All Others,9,State Representative,Thirtieth Middlesex
Woburn,5,2,Blanks,353,State Representative,Thirtieth Middlesex
Woburn,5,2,Total Votes Cast,1057,State Representative,Thirtieth Middlesex
Woburn,6,1,Richard M. Haggerty,488,State Representative,Thirtieth Middlesex
Woburn,6,1,All Others,9,State Representative,Thirtieth Middlesex
Woburn,6,1,Blanks,216,State Representative,Thirtieth Middlesex
Woburn,6,1,Total Votes Cast,713,State Representative,Thirtieth Middlesex
Woburn,6,2,Richard M. Haggerty,753,State Representative,Thirtieth Middlesex
Woburn,6,2,All Others,9,State Representative,Thirtieth Middlesex
Woburn,6,2,Blanks,387,State Representative,Thirtieth Middlesex
Woburn,6,2,Total Votes Cast,1149,State Representative,Thirtieth Middlesex
Woburn,7,1,Michelle Ciccolo,788,State Representative,Fifteenth Middlesex
Woburn,7,1,All Others,3,State Representative,Fifteenth Middlesex
Woburn,7,1,Blanks,653,State Representative,Fifteenth Middlesex
Woburn,7,1,Total Votes Cast,1444,State Representative,Fifteenth Middlesex
Woburn,7,2,Michelle Ciccolo,873,State Representative,Fifteenth Middlesex
Woburn,7,2,All Others,5,State Representative,Fifteenth Middlesex
Woburn,7,2,Blanks,587,State Representative,Fifteenth Middlesex
Woburn,7,2,Total Votes Cast,1465,State Representative,Fifteenth Middlesex
Worcester,1,1,"John J. Mahoney, Jr.",553,State Representative,Thirteenth Worcester
Worcester,1,1,All Others,11,State Representative,Thirteenth Worcester
Worcester,1,1,Blanks,135,State Representative,Thirteenth Worcester
Worcester,1,1,Total Votes Cast,699,State Representative,Thirteenth Worcester
Worcester,1,2,"John J. Mahoney, Jr.",1211,State Representative,Thirteenth Worcester
Worcester,1,2,All Others,34,State Representative,Thirteenth Worcester
Worcester,1,2,Blanks,359,State Representative,Thirteenth Worcester
Worcester,1,2,Total Votes Cast,1604,State Representative,Thirteenth Worcester
Worcester,1,3,"John J. Mahoney, Jr.",666,State Representative,Thirteenth Worcester
Worcester,1,3,All Others,16,State Representative,Thirteenth Worcester
Worcester,1,3,Blanks,188,State Representative,Thirteenth Worcester
Worcester,1,3,Total Votes Cast,870,State Representative,Thirteenth Worcester
Worcester,1,4,"John J. Mahoney, Jr.",1167,State Representative,Thirteenth Worcester
Worcester,1,4,All Others,21,State Representative,Thirteenth Worcester
Worcester,1,4,Blanks,262,State Representative,Thirteenth Worcester
Worcester,1,4,Total Votes Cast,1450,State Representative,Thirteenth Worcester
Worcester,1,5,James J. O'Day,720,State Representative,Fourteenth Worcester
Worcester,1,5,All Others,35,State Representative,Fourteenth Worcester
Worcester,1,5,Blanks,206,State Representative,Fourteenth Worcester
Worcester,1,5,Total Votes Cast,961,State Representative,Fourteenth Worcester
Worcester,1,6,"John J. Mahoney, Jr.",1097,State Representative,Thirteenth Worcester
Worcester,1,6,All Others,37,State Representative,Thirteenth Worcester
Worcester,1,6,Blanks,332,State Representative,Thirteenth Worcester
Worcester,1,6,Total Votes Cast,1466,State Representative,Thirteenth Worcester
Worcester,10,1,"John J. Mahoney, Jr.",288,State Representative,Thirteenth Worcester
Worcester,10,1,All Others,10,State Representative,Thirteenth Worcester
Worcester,10,1,Blanks,64,State Representative,Thirteenth Worcester
Worcester,10,1,Total Votes Cast,362,State Representative,Thirteenth Worcester
Worcester,10,2,Mary S. Keefe,405,State Representative,Fifteenth Worcester
Worcester,10,2,All Others,6,State Representative,Fifteenth Worcester
Worcester,10,2,Blanks,70,State Representative,Fifteenth Worcester
Worcester,10,2,Total Votes Cast,481,State Representative,Fifteenth Worcester
Worcester,10,3,Mary S. Keefe,332,State Representative,Fifteenth Worcester
Worcester,10,3,All Others,9,State Representative,Fifteenth Worcester
Worcester,10,3,Blanks,49,State Representative,Fifteenth Worcester
Worcester,10,3,Total Votes Cast,390,State Representative,Fifteenth Worcester
Worcester,10,4,Mary S. Keefe,277,State Representative,Fifteenth Worcester
Worcester,10,4,All Others,14,State Representative,Fifteenth Worcester
Worcester,10,4,Blanks,51,State Representative,Fifteenth Worcester
Worcester,10,4,Total Votes Cast,342,State Representative,Fifteenth Worcester
Worcester,10,5,Mary S. Keefe,237,State Representative,Fifteenth Worcester
Worcester,10,5,All Others,13,State Representative,Fifteenth Worcester
Worcester,10,5,Blanks,39,State Representative,Fifteenth Worcester
Worcester,10,5,Total Votes Cast,289,State Representative,Fifteenth Worcester
Worcester,10,6,David Henry Argosky Leboeuf,198,State Representative,Seventeenth Worcester
Worcester,10,6,Paul J. Fullen,52,State Representative,Seventeenth Worcester
Worcester,10,6,All Others,1,State Representative,Seventeenth Worcester
Worcester,10,6,Blanks,13,State Representative,Seventeenth Worcester
Worcester,10,6,Total Votes Cast,264,State Representative,Seventeenth Worcester
Worcester,2,1,James J. O'Day,991,State Representative,Fourteenth Worcester
Worcester,2,1,All Others,35,State Representative,Fourteenth Worcester
Worcester,2,1,Blanks,280,State Representative,Fourteenth Worcester
Worcester,2,1,Total Votes Cast,1306,State Representative,Fourteenth Worcester
Worcester,2,2,James J. O'Day,791,State Representative,Fourteenth Worcester
Worcester,2,2,All Others,43,State Representative,Fourteenth Worcester
Worcester,2,2,Blanks,229,State Representative,Fourteenth Worcester
Worcester,2,2,Total Votes Cast,1063,State Representative,Fourteenth Worcester
Worcester,2,3,James J. O'Day,828,State Representative,Fourteenth Worcester
Worcester,2,3,All Others,27,State Representative,Fourteenth Worcester
Worcester,2,3,Blanks,284,State Representative,Fourteenth Worcester
Worcester,2,3,Total Votes Cast,1139,State Representative,Fourteenth Worcester
Worcester,2,4,James J. O'Day,618,State Representative,Fourteenth Worcester
Worcester,2,4,All Others,16,State Representative,Fourteenth Worcester
Worcester,2,4,Blanks,96,State Representative,Fourteenth Worcester
Worcester,2,4,Total Votes Cast,730,State Representative,Fourteenth Worcester
Worcester,2,5,James J. O'Day,381,State Representative,Fourteenth Worcester
Worcester,2,5,All Others,12,State Representative,Fourteenth Worcester
Worcester,2,5,Blanks,93,State Representative,Fourteenth Worcester
Worcester,2,5,Total Votes Cast,486,State Representative,Fourteenth Worcester
Worcester,2,6,James J. O'Day,660,State Representative,Fourteenth Worcester
Worcester,2,6,All Others,20,State Representative,Fourteenth Worcester
Worcester,2,6,Blanks,198,State Representative,Fourteenth Worcester
Worcester,2,6,Total Votes Cast,878,State Representative,Fourteenth Worcester
Worcester,3,1,Mary S. Keefe,278,State Representative,Fifteenth Worcester
Worcester,3,1,All Others,14,State Representative,Fifteenth Worcester
Worcester,3,1,Blanks,54,State Representative,Fifteenth Worcester
Worcester,3,1,Total Votes Cast,346,State Representative,Fifteenth Worcester
Worcester,3,2,"John J. Mahoney, Jr.",227,State Representative,Thirteenth Worcester
Worcester,3,2,All Others,2,State Representative,Thirteenth Worcester
Worcester,3,2,Blanks,44,State Representative,Thirteenth Worcester
Worcester,3,2,Total Votes Cast,273,State Representative,Thirteenth Worcester
Worcester,3,3,James J. O'Day,627,State Representative,Fourteenth Worcester
Worcester,3,3,All Others,45,State Representative,Fourteenth Worcester
Worcester,3,3,Blanks,195,State Representative,Fourteenth Worcester
Worcester,3,3,Total Votes Cast,867,State Representative,Fourteenth Worcester
Worcester,3,4,Mary S. Keefe,305,State Representative,Fifteenth Worcester
Worcester,3,4,All Others,8,State Representative,Fifteenth Worcester
Worcester,3,4,Blanks,41,State Representative,Fifteenth Worcester
Worcester,3,4,Total Votes Cast,354,State Representative,Fifteenth Worcester
Worcester,3,5,James J. O'Day,589,State Representative,Fourteenth Worcester
Worcester,3,5,All Others,25,State Representative,Fourteenth Worcester
Worcester,3,5,Blanks,121,State Representative,Fourteenth Worcester
Worcester,3,5,Total Votes Cast,735,State Representative,Fourteenth Worcester
Worcester,3,6,James J. O'Day,594,State Representative,Fourteenth Worcester
Worcester,3,6,All Others,13,State Representative,Fourteenth Worcester
Worcester,3,6,Blanks,161,State Representative,Fourteenth Worcester
Worcester,3,6,Total Votes Cast,768,State Representative,Fourteenth Worcester
Worcester,4,1,Mary S. Keefe,231,State Representative,Fifteenth Worcester
Worcester,4,1,All Others,6,State Representative,Fifteenth Worcester
Worcester,4,1,Blanks,36,State Representative,Fifteenth Worcester
Worcester,4,1,Total Votes Cast,273,State Representative,Fifteenth Worcester
Worcester,4,2,Mary S. Keefe,190,State Representative,Fifteenth Worcester
Worcester,4,2,All Others,6,State Representative,Fifteenth Worcester
Worcester,4,2,Blanks,56,State Representative,Fifteenth Worcester
Worcester,4,2,Total Votes Cast,252,State Representative,Fifteenth Worcester
Worcester,4,2A,Mary S. Keefe,153,State Representative,Fifteenth Worcester
Worcester,4,2A,All Others,6,State Representative,Fifteenth Worcester
Worcester,4,2A,Blanks,48,State Representative,Fifteenth Worcester
Worcester,4,2A,Total Votes Cast,207,State Representative,Fifteenth Worcester
Worcester,4,3,Mary S. Keefe,291,State Representative,Fifteenth Worcester
Worcester,4,3,All Others,8,State Representative,Fifteenth Worcester
Worcester,4,3,Blanks,52,State Representative,Fifteenth Worcester
Worcester,4,3,Total Votes Cast,351,State Representative,Fifteenth Worcester
Worcester,4,4,Mary S. Keefe,435,State Representative,Fifteenth Worcester
Worcester,4,4,All Others,17,State Representative,Fifteenth Worcester
Worcester,4,4,Blanks,122,State Representative,Fifteenth Worcester
Worcester,4,4,Total Votes Cast,574,State Representative,Fifteenth Worcester
Worcester,4,5,Mary S. Keefe,662,State Representative,Fifteenth Worcester
Worcester,4,5,All Others,22,State Representative,Fifteenth Worcester
Worcester,4,5,Blanks,179,State Representative,Fifteenth Worcester
Worcester,4,5,Total Votes Cast,863,State Representative,Fifteenth Worcester
Worcester,4,6,Mary S. Keefe,549,State Representative,Fifteenth Worcester
Worcester,4,6,All Others,15,State Representative,Fifteenth Worcester
Worcester,4,6,Blanks,216,State Representative,Fifteenth Worcester
Worcester,4,6,Total Votes Cast,780,State Representative,Fifteenth Worcester
Worcester,5,1,Daniel M. Donahue,331,State Representative,Sixteenth Worcester
Worcester,5,1,All Others,12,State Representative,Sixteenth Worcester
Worcester,5,1,Blanks,66,State Representative,Sixteenth Worcester
Worcester,5,1,Total Votes Cast,409,State Representative,Sixteenth Worcester
Worcester,5,2,Daniel M. Donahue,624,State Representative,Sixteenth Worcester
Worcester,5,2,All Others,23,State Representative,Sixteenth Worcester
Worcester,5,2,Blanks,178,State Representative,Sixteenth Worcester
Worcester,5,2,Total Votes Cast,825,State Representative,Sixteenth Worcester
Worcester,5,3,Daniel M. Donahue,838,State Representative,Sixteenth Worcester
Worcester,5,3,All Others,31,State Representative,Sixteenth Worcester
Worcester,5,3,Blanks,329,State Representative,Sixteenth Worcester
Worcester,5,3,Total Votes Cast,1198,State Representative,Sixteenth Worcester
Worcester,5,4,Daniel M. Donahue,754,State Representative,Sixteenth Worcester
Worcester,5,4,All Others,27,State Representative,Sixteenth Worcester
Worcester,5,4,Blanks,233,State Representative,Sixteenth Worcester
Worcester,5,4,Total Votes Cast,1014,State Representative,Sixteenth Worcester
Worcester,5,5,Daniel M. Donahue,691,State Representative,Sixteenth Worcester
Worcester,5,5,All Others,33,State Representative,Sixteenth Worcester
Worcester,5,5,Blanks,233,State Representative,Sixteenth Worcester
Worcester,5,5,Total Votes Cast,957,State Representative,Sixteenth Worcester
Worcester,5,6,Daniel M. Donahue,549,State Representative,Sixteenth Worcester
Worcester,5,6,All Others,26,State Representative,Sixteenth Worcester
Worcester,5,6,Blanks,160,State Representative,Sixteenth Worcester
Worcester,5,6,Total Votes Cast,735,State Representative,Sixteenth Worcester
Worcester,6,1,Mary S. Keefe,195,State Representative,Fifteenth Worcester
Worcester,6,1,All Others,6,State Representative,Fifteenth Worcester
Worcester,6,1,Blanks,44,State Representative,Fifteenth Worcester
Worcester,6,1,Total Votes Cast,245,State Representative,Fifteenth Worcester
Worcester,6,2,Daniel M. Donahue,351,State Representative,Sixteenth Worcester
Worcester,6,2,All Others,14,State Representative,Sixteenth Worcester
Worcester,6,2,Blanks,73,State Representative,Sixteenth Worcester
Worcester,6,2,Total Votes Cast,438,State Representative,Sixteenth Worcester
Worcester,6,3,Daniel M. Donahue,298,State Representative,Sixteenth Worcester
Worcester,6,3,All Others,16,State Representative,Sixteenth Worcester
Worcester,6,3,Blanks,55,State Representative,Sixteenth Worcester
Worcester,6,3,Total Votes Cast,369,State Representative,Sixteenth Worcester
Worcester,6,4,Daniel M. Donahue,66,State Representative,Sixteenth Worcester
Worcester,6,4,All Others,4,State Representative,Sixteenth Worcester
Worcester,6,4,Blanks,16,State Representative,Sixteenth Worcester
Worcester,6,4,Total Votes Cast,86,State Representative,Sixteenth Worcester
Worcester,6,5,Daniel M. Donahue,426,State Representative,Sixteenth Worcester
Worcester,6,5,All Others,15,State Representative,Sixteenth Worcester
Worcester,6,5,Blanks,112,State Representative,Sixteenth Worcester
Worcester,6,5,Total Votes Cast,553,State Representative,Sixteenth Worcester
Worcester,6,6,Daniel M. Donahue,617,State Representative,Sixteenth Worcester
Worcester,6,6,All Others,42,State Representative,Sixteenth Worcester
Worcester,6,6,Blanks,168,State Representative,Sixteenth Worcester
Worcester,6,6,Total Votes Cast,827,State Representative,Sixteenth Worcester
Worcester,7,1,David Henry Argosky Leboeuf,547,State Representative,Seventeenth Worcester
Worcester,7,1,Paul J. Fullen,295,State Representative,Seventeenth Worcester
Worcester,7,1,All Others,4,State Representative,Seventeenth Worcester
Worcester,7,1,Blanks,48,State Representative,Seventeenth Worcester
Worcester,7,1,Total Votes Cast,894,State Representative,Seventeenth Worcester
Worcester,7,2,David Henry Argosky Leboeuf,456,State Representative,Seventeenth Worcester
Worcester,7,2,Paul J. Fullen,292,State Representative,Seventeenth Worcester
Worcester,7,2,All Others,3,State Representative,Seventeenth Worcester
Worcester,7,2,Blanks,33,State Representative,Seventeenth Worcester
Worcester,7,2,Total Votes Cast,784,State Representative,Seventeenth Worcester
Worcester,7,3,David Henry Argosky Leboeuf,323,State Representative,Seventeenth Worcester
Worcester,7,3,Paul J. Fullen,167,State Representative,Seventeenth Worcester
Worcester,7,3,All Others,1,State Representative,Seventeenth Worcester
Worcester,7,3,Blanks,24,State Representative,Seventeenth Worcester
Worcester,7,3,Total Votes Cast,515,State Representative,Seventeenth Worcester
Worcester,7,4,David Henry Argosky Leboeuf,494,State Representative,Seventeenth Worcester
Worcester,7,4,Paul J. Fullen,306,State Representative,Seventeenth Worcester
Worcester,7,4,All Others,0,State Representative,Seventeenth Worcester
Worcester,7,4,Blanks,32,State Representative,Seventeenth Worcester
Worcester,7,4,Total Votes Cast,832,State Representative,Seventeenth Worcester
Worcester,7,5,David Henry Argosky Leboeuf,337,State Representative,Seventeenth Worcester
Worcester,7,5,Paul J. Fullen,301,State Representative,Seventeenth Worcester
Worcester,7,5,All Others,0,State Representative,Seventeenth Worcester
Worcester,7,5,Blanks,19,State Representative,Seventeenth Worcester
Worcester,7,5,Total Votes Cast,657,State Representative,Seventeenth Worcester
Worcester,7,5A,David Henry Argosky Leboeuf,126,State Representative,Seventeenth Worcester
Worcester,7,5A,Paul J. Fullen,75,State Representative,Seventeenth Worcester
Worcester,7,5A,All Others,1,State Representative,Seventeenth Worcester
Worcester,7,5A,Blanks,7,State Representative,Seventeenth Worcester
Worcester,7,5A,Total Votes Cast,209,State Representative,Seventeenth Worcester
Worcester,7,6,David Henry Argosky Leboeuf,497,State Representative,Seventeenth Worcester
Worcester,7,6,Paul J. Fullen,336,State Representative,Seventeenth Worcester
Worcester,7,6,All Others,2,State Representative,Seventeenth Worcester
Worcester,7,6,Blanks,45,State Representative,Seventeenth Worcester
Worcester,7,6,Total Votes Cast,880,State Representative,Seventeenth Worcester
Worcester,8,1,Daniel M. Donahue,274,State Representative,Sixteenth Worcester
Worcester,8,1,All Others,16,State Representative,Sixteenth Worcester
Worcester,8,1,Blanks,49,State Representative,Sixteenth Worcester
Worcester,8,1,Total Votes Cast,339,State Representative,Sixteenth Worcester
Worcester,8,2,David Henry Argosky Leboeuf,160,State Representative,Seventeenth Worcester
Worcester,8,2,Paul J. Fullen,89,State Representative,Seventeenth Worcester
Worcester,8,2,All Others,0,State Representative,Seventeenth Worcester
Worcester,8,2,Blanks,11,State Representative,Seventeenth Worcester
Worcester,8,2,Total Votes Cast,260,State Representative,Seventeenth Worcester
Worcester,8,3,David Henry Argosky Leboeuf,121,State Representative,Seventeenth Worcester
Worcester,8,3,Paul J. Fullen,25,State Representative,Seventeenth Worcester
Worcester,8,3,All Others,0,State Representative,Seventeenth Worcester
Worcester,8,3,Blanks,4,State Representative,Seventeenth Worcester
Worcester,8,3,Total Votes Cast,150,State Representative,Seventeenth Worcester
Worcester,8,4,David Henry Argosky Leboeuf,324,State Representative,Seventeenth Worcester
Worcester,8,4,Paul J. Fullen,119,State Representative,Seventeenth Worcester
Worcester,8,4,All Others,5,State Representative,Seventeenth Worcester
Worcester,8,4,Blanks,29,State Representative,Seventeenth Worcester
Worcester,8,4,Total Votes Cast,477,State Representative,Seventeenth Worcester
Worcester,8,5,Daniel M. Donahue,292,State Representative,Sixteenth Worcester
Worcester,8,5,All Others,15,State Representative,Sixteenth Worcester
Worcester,8,5,Blanks,75,State Representative,Sixteenth Worcester
Worcester,8,5,Total Votes Cast,382,State Representative,Sixteenth Worcester
Worcester,8,6,David Henry Argosky Leboeuf,191,State Representative,Seventeenth Worcester
Worcester,8,6,Paul J. Fullen,83,State Representative,Seventeenth Worcester
Worcester,8,6,All Others,0,State Representative,Seventeenth Worcester
Worcester,8,6,Blanks,15,State Representative,Seventeenth Worcester
Worcester,8,6,Total Votes Cast,289,State Representative,Seventeenth Worcester
Worcester,9,1,"John J. Mahoney, Jr.",574,State Representative,Thirteenth Worcester
Worcester,9,1,All Others,13,State Representative,Thirteenth Worcester
Worcester,9,1,Blanks,126,State Representative,Thirteenth Worcester
Worcester,9,1,Total Votes Cast,713,State Representative,Thirteenth Worcester
Worcester,9,2,"John J. Mahoney, Jr.",962,State Representative,Thirteenth Worcester
Worcester,9,2,All Others,14,State Representative,Thirteenth Worcester
Worcester,9,2,Blanks,225,State Representative,Thirteenth Worcester
Worcester,9,2,Total Votes Cast,1201,State Representative,Thirteenth Worcester
Worcester,9,3,"John J. Mahoney, Jr.",519,State Representative,Thirteenth Worcester
Worcester,9,3,All Others,15,State Representative,Thirteenth Worcester
Worcester,9,3,Blanks,126,State Representative,Thirteenth Worcester
Worcester,9,3,Total Votes Cast,660,State Representative,Thirteenth Worcester
Worcester,9,4,"John J. Mahoney, Jr.",1064,State Representative,Thirteenth Worcester
Worcester,9,4,All Others,29,State Representative,Thirteenth Worcester
Worcester,9,4,Blanks,270,State Representative,Thirteenth Worcester
Worcester,9,4,Total Votes Cast,1363,State Representative,Thirteenth Worcester
Worcester,9,5,"John J. Mahoney, Jr.",1155,State Representative,Thirteenth Worcester
Worcester,9,5,All Others,31,State Representative,Thirteenth Worcester
Worcester,9,5,Blanks,342,State Representative,Thirteenth Worcester
Worcester,9,5,Total Votes Cast,1528,State Representative,Thirteenth Worcester
Worcester,9,6,"John J. Mahoney, Jr.",930,State Representative,Thirteenth Worcester
Worcester,9,6,All Others,28,State Representative,Thirteenth Worcester
Worcester,9,6,Blanks,283,State Representative,Thirteenth Worcester
Worcester,9,6,Total Votes Cast,1241,State Representative,Thirteenth Worcester
Worthington,,,Lindsay N. Sabadosa,520,State Representative,First Hampshire
Worthington,,,All Others,1,State Representative,First Hampshire
Worthington,,,Blanks,170,State Representative,First Hampshire
Worthington,,,Total Votes Cast,691,State Representative,First Hampshire
Wrentham,-,1,Marcus S. Vaughn,881,State Representative,Ninth Norfolk
Wrentham,-,1,Kevin Kalkut,547,State Representative,Ninth Norfolk
Wrentham,-,1,All Others,0,State Representative,Ninth Norfolk
Wrentham,-,1,Blanks,34,State Representative,Ninth Norfolk
Wrentham,-,1,Total Votes Cast,1462,State Representative,Ninth Norfolk
Wrentham,-,2,Marcus S. Vaughn,885,State Representative,Ninth Norfolk
Wrentham,-,2,Kevin Kalkut,655,State Representative,Ninth Norfolk
Wrentham,-,2,All Others,2,State Representative,Ninth Norfolk
Wrentham,-,2,Blanks,37,State Representative,Ninth Norfolk
Wrentham,-,2,Total Votes Cast,1579,State Representative,Ninth Norfolk
Wrentham,-,3,Marcus S. Vaughn,850,State Representative,Ninth Norfolk
Wrentham,-,3,Kevin Kalkut,591,State Representative,Ninth Norfolk
Wrentham,-,3,All Others,2,State Representative,Ninth Norfolk
Wrentham,-,3,Blanks,29,State Representative,Ninth Norfolk
Wrentham,-,3,Total Votes Cast,1472,State Representative,Ninth Norfolk
Wrentham,-,4,Marcus S. Vaughn,932,State Representative,Ninth Norfolk
Wrentham,-,4,Kevin Kalkut,547,State Representative,Ninth Norfolk
Wrentham,-,4,All Others,0,State Representative,Ninth Norfolk
Wrentham,-,4,Blanks,19,State Representative,Ninth Norfolk
Wrentham,-,4,Total Votes Cast,1498,State Representative,Ninth Norfolk
Yarmouth,-,1,Christopher Richard Flanagan,902,State Representative,First Barnstable
Yarmouth,-,1,Tracy A. Post,864,State Representative,First Barnstable
Yarmouth,-,1,"Abraham Kasparian, Jr.",29,State Representative,First Barnstable
Yarmouth,-,1,All Others,6,State Representative,First Barnstable
Yarmouth,-,1,Blanks,36,State Representative,First Barnstable
Yarmouth,-,1,Total Votes Cast,1837,State Representative,First Barnstable
Yarmouth,-,2,Christopher Richard Flanagan,789,State Representative,First Barnstable
Yarmouth,-,2,Tracy A. Post,829,State Representative,First Barnstable
Yarmouth,-,2,"Abraham Kasparian, Jr.",30,State Representative,First Barnstable
Yarmouth,-,2,All Others,5,State Representative,First Barnstable
Yarmouth,-,2,Blanks,34,State Representative,First Barnstable
Yarmouth,-,2,Total Votes Cast,1687,State Representative,First Barnstable
Yarmouth,-,3,Christopher Richard Flanagan,533,State Representative,First Barnstable
Yarmouth,-,3,Tracy A. Post,552,State Representative,First Barnstable
Yarmouth,-,3,"Abraham Kasparian, Jr.",45,State Representative,First Barnstable
Yarmouth,-,3,All Others,1,State Representative,First Barnstable
Yarmouth,-,3,Blanks,14,State Representative,First Barnstable
Yarmouth,-,3,Total Votes Cast,1145,State Representative,First Barnstable
Yarmouth,-,4,Christopher Richard Flanagan,690,State Representative,First Barnstable
Yarmouth,-,4,Tracy A. Post,686,State Representative,First Barnstable
Yarmouth,-,4,"Abraham Kasparian, Jr.",53,State Representative,First Barnstable
Yarmouth,-,4,All Others,0,State Representative,First Barnstable
Yarmouth,-,4,Blanks,30,State Representative,First Barnstable
Yarmouth,-,4,Total Votes Cast,1459,State Representative,First Barnstable
Yarmouth,-,5,Kip A. Diggs,774,State Representative,Second Barnstable
Yarmouth,-,5,William Buffington Peters,514,State Representative,Second Barnstable
Yarmouth,-,5,All Others,3,State Representative,Second Barnstable
Yarmouth,-,5,Blanks,19,State Representative,Second Barnstable
Yarmouth,-,5,Total Votes Cast,1310,State Representative,Second Barnstable
Yarmouth,-,6,Kip A. Diggs,848,State Representative,Second Barnstable
Yarmouth,-,6,William Buffington Peters,473,State Representative,Second Barnstable
Yarmouth,-,6,All Others,2,State Representative,Second Barnstable
Yarmouth,-,6,Blanks,33,State Representative,Second Barnstable
Yarmouth,-,6,Total Votes Cast,1356,State Representative,Second Barnstable
Yarmouth,-,7,Christopher Richard Flanagan,926,State Representative,First Barnstable
Yarmouth,-,7,Tracy A. Post,933,State Representative,First Barnstable
Yarmouth,-,7,"Abraham Kasparian, Jr.",41,State Representative,First Barnstable
Yarmouth,-,7,All Others,2,State Representative,First Barnstable
Yarmouth,-,7,Blanks,39,State Representative,First Barnstable
Yarmouth,-,7,Total Votes Cast,1941,State Representative,First Barnstable
Yarmouth,-,8,Christopher Richard Flanagan,520,State Representative,First Barnstable
Yarmouth,-,8,Tracy A. Post,524,State Representative,First Barnstable
Yarmouth,-,8,"Abraham Kasparian, Jr.",20,State Representative,First Barnstable
Yarmouth,-,8,All Others,0,State Representative,First Barnstable
Yarmouth,-,8,Blanks,21,State Representative,First Barnstable
Yarmouth,-,8,Total Votes Cast,1085,State Representative,First Barnstable
Yarmouth,-,8A,Kip A. Diggs,114,State Representative,Second Barnstable
Yarmouth,-,8A,William Buffington Peters,76,State Representative,Second Barnstable
Yarmouth,-,8A,All Others,0,State Representative,Second Barnstable
Yarmouth,-,8A,Blanks,4,State Representative,Second Barnstable
Yarmouth,-,8A,Total Votes Cast,194,State Representative,Second Barnstable
