city_town,ward,precinct,receiver,votes,office,district
Abington,-,1,John F. Keenan,660,State Senate,Norfolk and Plymouth
Abington,-,1,Gary M. Innes,512,State Senate,Norfolk and Plymouth
Abington,-,1,All Others,0,State Senate,Norfolk and Plymouth
Abington,-,1,Blanks,37,State Senate,Norfolk and Plymouth
Abington,-,1,Total Votes Cast,1209,State Senate,Norfolk and Plymouth
Abington,-,2,John F. Keenan,643,State Senate,Norfolk and Plymouth
Abington,-,2,Gary M. Innes,554,State Senate,Norfolk and Plymouth
Abington,-,2,All Others,1,State Senate,Norfolk and Plymouth
Abington,-,2,Blanks,35,State Senate,Norfolk and Plymouth
Abington,-,2,Total Votes Cast,1233,State Senate,Norfolk and Plymouth
Abington,-,3,John F. Keenan,717,State Senate,Norfolk and Plymouth
Abington,-,3,Gary M. Innes,611,State Senate,Norfolk and Plymouth
Abington,-,3,All Others,1,State Senate,Norfolk and Plymouth
Abington,-,3,Blanks,43,State Senate,Norfolk and Plymouth
Abington,-,3,Total Votes Cast,1372,State Senate,Norfolk and Plymouth
Abington,-,4,John F. Keenan,739,State Senate,Norfolk and Plymouth
Abington,-,4,Gary M. Innes,629,State Senate,Norfolk and Plymouth
Abington,-,4,All Others,0,State Senate,Norfolk and Plymouth
Abington,-,4,Blanks,36,State Senate,Norfolk and Plymouth
Abington,-,4,Total Votes Cast,1404,State Senate,Norfolk and Plymouth
Abington,-,5,John F. Keenan,759,State Senate,Norfolk and Plymouth
Abington,-,5,Gary M. Innes,612,State Senate,Norfolk and Plymouth
Abington,-,5,All Others,0,State Senate,Norfolk and Plymouth
Abington,-,5,Blanks,47,State Senate,Norfolk and Plymouth
Abington,-,5,Total Votes Cast,1418,State Senate,Norfolk and Plymouth
Acton,-,1,James B. Eldridge,810,State Senate,Middlesex and Worcester
Acton,-,1,Anthony Christakis,234,State Senate,Middlesex and Worcester
Acton,-,1,All Others,1,State Senate,Middlesex and Worcester
Acton,-,1,Blanks,27,State Senate,Middlesex and Worcester
Acton,-,1,Total Votes Cast,1072,State Senate,Middlesex and Worcester
Acton,-,2,James B. Eldridge,1189,State Senate,Middlesex and Worcester
Acton,-,2,Anthony Christakis,346,State Senate,Middlesex and Worcester
Acton,-,2,All Others,1,State Senate,Middlesex and Worcester
Acton,-,2,Blanks,36,State Senate,Middlesex and Worcester
Acton,-,2,Total Votes Cast,1572,State Senate,Middlesex and Worcester
Acton,-,3,James B. Eldridge,1386,State Senate,Middlesex and Worcester
Acton,-,3,Anthony Christakis,350,State Senate,Middlesex and Worcester
Acton,-,3,All Others,2,State Senate,Middlesex and Worcester
Acton,-,3,Blanks,45,State Senate,Middlesex and Worcester
Acton,-,3,Total Votes Cast,1783,State Senate,Middlesex and Worcester
Acton,-,4,James B. Eldridge,1247,State Senate,Middlesex and Worcester
Acton,-,4,Anthony Christakis,284,State Senate,Middlesex and Worcester
Acton,-,4,All Others,1,State Senate,Middlesex and Worcester
Acton,-,4,Blanks,49,State Senate,Middlesex and Worcester
Acton,-,4,Total Votes Cast,1581,State Senate,Middlesex and Worcester
Acton,-,5,James B. Eldridge,1228,State Senate,Middlesex and Worcester
Acton,-,5,Anthony Christakis,288,State Senate,Middlesex and Worcester
Acton,-,5,All Others,1,State Senate,Middlesex and Worcester
Acton,-,5,Blanks,54,State Senate,Middlesex and Worcester
Acton,-,5,Total Votes Cast,1571,State Senate,Middlesex and Worcester
Acton,-,6,James B. Eldridge,848,State Senate,Middlesex and Worcester
Acton,-,6,Anthony Christakis,204,State Senate,Middlesex and Worcester
Acton,-,6,All Others,2,State Senate,Middlesex and Worcester
Acton,-,6,Blanks,36,State Senate,Middlesex and Worcester
Acton,-,6,Total Votes Cast,1090,State Senate,Middlesex and Worcester
Acton,-,6A,James B. Eldridge,383,State Senate,Middlesex and Worcester
Acton,-,6A,Anthony Christakis,76,State Senate,Middlesex and Worcester
Acton,-,6A,All Others,0,State Senate,Middlesex and Worcester
Acton,-,6A,Blanks,8,State Senate,Middlesex and Worcester
Acton,-,6A,Total Votes Cast,467,State Senate,Middlesex and Worcester
Acton,-,7,James B. Eldridge,925,State Senate,Middlesex and Worcester
Acton,-,7,Anthony Christakis,259,State Senate,Middlesex and Worcester
Acton,-,7,All Others,0,State Senate,Middlesex and Worcester
Acton,-,7,Blanks,40,State Senate,Middlesex and Worcester
Acton,-,7,Total Votes Cast,1224,State Senate,Middlesex and Worcester
Acushnet,-,1,Mark C. Montigny,877,State Senate,Second Bristol and Plymouth
Acushnet,-,1,All Others,10,State Senate,Second Bristol and Plymouth
Acushnet,-,1,Blanks,361,State Senate,Second Bristol and Plymouth
Acushnet,-,1,Total Votes Cast,1248,State Senate,Second Bristol and Plymouth
Acushnet,-,2,Mark C. Montigny,820,State Senate,Second Bristol and Plymouth
Acushnet,-,2,All Others,17,State Senate,Second Bristol and Plymouth
Acushnet,-,2,Blanks,432,State Senate,Second Bristol and Plymouth
Acushnet,-,2,Total Votes Cast,1269,State Senate,Second Bristol and Plymouth
Acushnet,-,2A,Mark C. Montigny,98,State Senate,Second Bristol and Plymouth
Acushnet,-,2A,All Others,0,State Senate,Second Bristol and Plymouth
Acushnet,-,2A,Blanks,39,State Senate,Second Bristol and Plymouth
Acushnet,-,2A,Total Votes Cast,137,State Senate,Second Bristol and Plymouth
Acushnet,-,3,Mark C. Montigny,1013,State Senate,Second Bristol and Plymouth
Acushnet,-,3,All Others,13,State Senate,Second Bristol and Plymouth
Acushnet,-,3,Blanks,478,State Senate,Second Bristol and Plymouth
Acushnet,-,3,Total Votes Cast,1504,State Senate,Second Bristol and Plymouth
Adams,-,1,Paul W. Mark,329,State Senate,"Berkshire, Hampden, Franklin & Hampshire"
Adams,-,1,Brendan M. Phair,115,State Senate,"Berkshire, Hampden, Franklin & Hampshire"
Adams,-,1,All Others,1,State Senate,"Berkshire, Hampden, Franklin & Hampshire"
Adams,-,1,Blanks,29,State Senate,"Berkshire, Hampden, Franklin & Hampshire"
Adams,-,1,Total Votes Cast,474,State Senate,"Berkshire, Hampden, Franklin & Hampshire"
Adams,-,2,Paul W. Mark,428,State Senate,"Berkshire, Hampden, Franklin & Hampshire"
Adams,-,2,Brendan M. Phair,164,State Senate,"Berkshire, Hampden, Franklin & Hampshire"
Adams,-,2,All Others,0,State Senate,"Berkshire, Hampden, Franklin & Hampshire"
Adams,-,2,Blanks,42,State Senate,"Berkshire, Hampden, Franklin & Hampshire"
Adams,-,2,Total Votes Cast,634,State Senate,"Berkshire, Hampden, Franklin & Hampshire"
Adams,-,3,Paul W. Mark,372,State Senate,"Berkshire, Hampden, Franklin & Hampshire"
Adams,-,3,Brendan M. Phair,154,State Senate,"Berkshire, Hampden, Franklin & Hampshire"
Adams,-,3,All Others,0,State Senate,"Berkshire, Hampden, Franklin & Hampshire"
Adams,-,3,Blanks,61,State Senate,"Berkshire, Hampden, Franklin & Hampshire"
Adams,-,3,Total Votes Cast,587,State Senate,"Berkshire, Hampden, Franklin & Hampshire"
Adams,-,4,Paul W. Mark,339,State Senate,"Berkshire, Hampden, Franklin & Hampshire"
Adams,-,4,Brendan M. Phair,144,State Senate,"Berkshire, Hampden, Franklin & Hampshire"
Adams,-,4,All Others,1,State Senate,"Berkshire, Hampden, Franklin & Hampshire"
Adams,-,4,Blanks,34,State Senate,"Berkshire, Hampden, Franklin & Hampshire"
Adams,-,4,Total Votes Cast,518,State Senate,"Berkshire, Hampden, Franklin & Hampshire"
Adams,-,5,Paul W. Mark,499,State Senate,"Berkshire, Hampden, Franklin & Hampshire"
Adams,-,5,Brendan M. Phair,151,State Senate,"Berkshire, Hampden, Franklin & Hampshire"
Adams,-,5,All Others,0,State Senate,"Berkshire, Hampden, Franklin & Hampshire"
Adams,-,5,Blanks,45,State Senate,"Berkshire, Hampden, Franklin & Hampshire"
Adams,-,5,Total Votes Cast,695,State Senate,"Berkshire, Hampden, Franklin & Hampshire"
Agawam,-,1,John C. Velis,590,State Senate,Hampden and Hampshire
Agawam,-,1,Cecilia P. Calabrese,557,State Senate,Hampden and Hampshire
Agawam,-,1,All Others,0,State Senate,Hampden and Hampshire
Agawam,-,1,Blanks,19,State Senate,Hampden and Hampshire
Agawam,-,1,Total Votes Cast,1166,State Senate,Hampden and Hampshire
Agawam,-,2,John C. Velis,862,State Senate,Hampden and Hampshire
Agawam,-,2,Cecilia P. Calabrese,734,State Senate,Hampden and Hampshire
Agawam,-,2,All Others,1,State Senate,Hampden and Hampshire
Agawam,-,2,Blanks,35,State Senate,Hampden and Hampshire
Agawam,-,2,Total Votes Cast,1632,State Senate,Hampden and Hampshire
Agawam,-,3,John C. Velis,644,State Senate,Hampden and Hampshire
Agawam,-,3,Cecilia P. Calabrese,604,State Senate,Hampden and Hampshire
Agawam,-,3,All Others,0,State Senate,Hampden and Hampshire
Agawam,-,3,Blanks,24,State Senate,Hampden and Hampshire
Agawam,-,3,Total Votes Cast,1272,State Senate,Hampden and Hampshire
Agawam,-,4,John C. Velis,604,State Senate,Hampden and Hampshire
Agawam,-,4,Cecilia P. Calabrese,503,State Senate,Hampden and Hampshire
Agawam,-,4,All Others,0,State Senate,Hampden and Hampshire
Agawam,-,4,Blanks,18,State Senate,Hampden and Hampshire
Agawam,-,4,Total Votes Cast,1125,State Senate,Hampden and Hampshire
Agawam,-,5,John C. Velis,859,State Senate,Hampden and Hampshire
Agawam,-,5,Cecilia P. Calabrese,732,State Senate,Hampden and Hampshire
Agawam,-,5,All Others,0,State Senate,Hampden and Hampshire
Agawam,-,5,Blanks,33,State Senate,Hampden and Hampshire
Agawam,-,5,Total Votes Cast,1624,State Senate,Hampden and Hampshire
Agawam,-,6,John C. Velis,742,State Senate,Hampden and Hampshire
Agawam,-,6,Cecilia P. Calabrese,638,State Senate,Hampden and Hampshire
Agawam,-,6,All Others,0,State Senate,Hampden and Hampshire
Agawam,-,6,Blanks,32,State Senate,Hampden and Hampshire
Agawam,-,6,Total Votes Cast,1412,State Senate,Hampden and Hampshire
Agawam,-,7,John C. Velis,760,State Senate,Hampden and Hampshire
Agawam,-,7,Cecilia P. Calabrese,849,State Senate,Hampden and Hampshire
Agawam,-,7,All Others,0,State Senate,Hampden and Hampshire
Agawam,-,7,Blanks,18,State Senate,Hampden and Hampshire
Agawam,-,7,Total Votes Cast,1627,State Senate,Hampden and Hampshire
Agawam,-,8,John C. Velis,801,State Senate,Hampden and Hampshire
Agawam,-,8,Cecilia P. Calabrese,725,State Senate,Hampden and Hampshire
Agawam,-,8,All Others,0,State Senate,Hampden and Hampshire
Agawam,-,8,Blanks,17,State Senate,Hampden and Hampshire
Agawam,-,8,Total Votes Cast,1543,State Senate,Hampden and Hampshire
Alford,,,Paul W. Mark,214,State Senate,"Berkshire, Hampden, Franklin & Hampshire"
Alford,,,Brendan M. Phair,23,State Senate,"Berkshire, Hampden, Franklin & Hampshire"
Alford,,,All Others,0,State Senate,"Berkshire, Hampden, Franklin & Hampshire"
Alford,,,Blanks,35,State Senate,"Berkshire, Hampden, Franklin & Hampshire"
Alford,,,Total Votes Cast,272,State Senate,"Berkshire, Hampden, Franklin & Hampshire"
Amesbury,-,1,Barry R. Finegold,979,State Senate,Second Essex and Middlesex
Amesbury,-,1,SalvatorE Paul Defranco,554,State Senate,Second Essex and Middlesex
Amesbury,-,1,All Others,0,State Senate,Second Essex and Middlesex
Amesbury,-,1,Blanks,46,State Senate,Second Essex and Middlesex
Amesbury,-,1,Total Votes Cast,1579,State Senate,Second Essex and Middlesex
Amesbury,-,2,Barry R. Finegold,816,State Senate,Second Essex and Middlesex
Amesbury,-,2,SalvatorE Paul Defranco,383,State Senate,Second Essex and Middlesex
Amesbury,-,2,All Others,0,State Senate,Second Essex and Middlesex
Amesbury,-,2,Blanks,28,State Senate,Second Essex and Middlesex
Amesbury,-,2,Total Votes Cast,1227,State Senate,Second Essex and Middlesex
Amesbury,-,3,Barry R. Finegold,945,State Senate,Second Essex and Middlesex
Amesbury,-,3,SalvatorE Paul Defranco,427,State Senate,Second Essex and Middlesex
Amesbury,-,3,All Others,1,State Senate,Second Essex and Middlesex
Amesbury,-,3,Blanks,39,State Senate,Second Essex and Middlesex
Amesbury,-,3,Total Votes Cast,1412,State Senate,Second Essex and Middlesex
Amesbury,-,4,Barry R. Finegold,609,State Senate,Second Essex and Middlesex
Amesbury,-,4,SalvatorE Paul Defranco,368,State Senate,Second Essex and Middlesex
Amesbury,-,4,All Others,1,State Senate,Second Essex and Middlesex
Amesbury,-,4,Blanks,36,State Senate,Second Essex and Middlesex
Amesbury,-,4,Total Votes Cast,1014,State Senate,Second Essex and Middlesex
Amesbury,-,5,Barry R. Finegold,731,State Senate,Second Essex and Middlesex
Amesbury,-,5,SalvatorE Paul Defranco,570,State Senate,Second Essex and Middlesex
Amesbury,-,5,All Others,1,State Senate,Second Essex and Middlesex
Amesbury,-,5,Blanks,42,State Senate,Second Essex and Middlesex
Amesbury,-,5,Total Votes Cast,1344,State Senate,Second Essex and Middlesex
Amesbury,-,6,Barry R. Finegold,681,State Senate,Second Essex and Middlesex
Amesbury,-,6,SalvatorE Paul Defranco,356,State Senate,Second Essex and Middlesex
Amesbury,-,6,All Others,0,State Senate,Second Essex and Middlesex
Amesbury,-,6,Blanks,25,State Senate,Second Essex and Middlesex
Amesbury,-,6,Total Votes Cast,1062,State Senate,Second Essex and Middlesex
Amherst,-,1A,Jo Comerford,637,State Senate,"Hampshire, Franklin and Worcester"
Amherst,-,1A,All Others,6,State Senate,"Hampshire, Franklin and Worcester"
Amherst,-,1A,Blanks,78,State Senate,"Hampshire, Franklin and Worcester"
Amherst,-,1A,Total Votes Cast,721,State Senate,"Hampshire, Franklin and Worcester"
Amherst,-,1B,Jo Comerford,371,State Senate,"Hampshire, Franklin and Worcester"
Amherst,-,1B,All Others,5,State Senate,"Hampshire, Franklin and Worcester"
Amherst,-,1B,Blanks,28,State Senate,"Hampshire, Franklin and Worcester"
Amherst,-,1B,Total Votes Cast,404,State Senate,"Hampshire, Franklin and Worcester"
Amherst,-,2A,Jo Comerford,434,State Senate,"Hampshire, Franklin and Worcester"
Amherst,-,2A,All Others,2,State Senate,"Hampshire, Franklin and Worcester"
Amherst,-,2A,Blanks,45,State Senate,"Hampshire, Franklin and Worcester"
Amherst,-,2A,Total Votes Cast,481,State Senate,"Hampshire, Franklin and Worcester"
Amherst,-,2B,Jo Comerford,1220,State Senate,"Hampshire, Franklin and Worcester"
Amherst,-,2B,All Others,9,State Senate,"Hampshire, Franklin and Worcester"
Amherst,-,2B,Blanks,128,State Senate,"Hampshire, Franklin and Worcester"
Amherst,-,2B,Total Votes Cast,1357,State Senate,"Hampshire, Franklin and Worcester"
Amherst,-,3A,Jo Comerford,393,State Senate,"Hampshire, Franklin and Worcester"
Amherst,-,3A,All Others,3,State Senate,"Hampshire, Franklin and Worcester"
Amherst,-,3A,Blanks,58,State Senate,"Hampshire, Franklin and Worcester"
Amherst,-,3A,Total Votes Cast,454,State Senate,"Hampshire, Franklin and Worcester"
Amherst,-,3B,Jo Comerford,1097,State Senate,"Hampshire, Franklin and Worcester"
Amherst,-,3B,All Others,12,State Senate,"Hampshire, Franklin and Worcester"
Amherst,-,3B,Blanks,120,State Senate,"Hampshire, Franklin and Worcester"
Amherst,-,3B,Total Votes Cast,1229,State Senate,"Hampshire, Franklin and Worcester"
Amherst,-,4A,Jo Comerford,580,State Senate,"Hampshire, Franklin and Worcester"
Amherst,-,4A,All Others,6,State Senate,"Hampshire, Franklin and Worcester"
Amherst,-,4A,Blanks,52,State Senate,"Hampshire, Franklin and Worcester"
Amherst,-,4A,Total Votes Cast,638,State Senate,"Hampshire, Franklin and Worcester"
Amherst,-,4B,Jo Comerford,355,State Senate,"Hampshire, Franklin and Worcester"
Amherst,-,4B,All Others,5,State Senate,"Hampshire, Franklin and Worcester"
Amherst,-,4B,Blanks,28,State Senate,"Hampshire, Franklin and Worcester"
Amherst,-,4B,Total Votes Cast,388,State Senate,"Hampshire, Franklin and Worcester"
Amherst,-,5A,Jo Comerford,417,State Senate,"Hampshire, Franklin and Worcester"
Amherst,-,5A,All Others,3,State Senate,"Hampshire, Franklin and Worcester"
Amherst,-,5A,Blanks,53,State Senate,"Hampshire, Franklin and Worcester"
Amherst,-,5A,Total Votes Cast,473,State Senate,"Hampshire, Franklin and Worcester"
Amherst,-,5B,Jo Comerford,1825,State Senate,"Hampshire, Franklin and Worcester"
Amherst,-,5B,All Others,10,State Senate,"Hampshire, Franklin and Worcester"
Amherst,-,5B,Blanks,180,State Senate,"Hampshire, Franklin and Worcester"
Amherst,-,5B,Total Votes Cast,2015,State Senate,"Hampshire, Franklin and Worcester"
Andover,-,1,Barry R. Finegold,801,State Senate,Second Essex and Middlesex
Andover,-,1,SalvatorE Paul Defranco,273,State Senate,Second Essex and Middlesex
Andover,-,1,All Others,1,State Senate,Second Essex and Middlesex
Andover,-,1,Blanks,28,State Senate,Second Essex and Middlesex
Andover,-,1,Total Votes Cast,1103,State Senate,Second Essex and Middlesex
Andover,-,10,Barry R. Finegold,1090,State Senate,Second Essex and Middlesex
Andover,-,10,SalvatorE Paul Defranco,582,State Senate,Second Essex and Middlesex
Andover,-,10,All Others,3,State Senate,Second Essex and Middlesex
Andover,-,10,Blanks,37,State Senate,Second Essex and Middlesex
Andover,-,10,Total Votes Cast,1712,State Senate,Second Essex and Middlesex
Andover,-,2,Barry R. Finegold,1025,State Senate,Second Essex and Middlesex
Andover,-,2,SalvatorE Paul Defranco,521,State Senate,Second Essex and Middlesex
Andover,-,2,All Others,2,State Senate,Second Essex and Middlesex
Andover,-,2,Blanks,35,State Senate,Second Essex and Middlesex
Andover,-,2,Total Votes Cast,1583,State Senate,Second Essex and Middlesex
Andover,-,3,Barry R. Finegold,1240,State Senate,Second Essex and Middlesex
Andover,-,3,SalvatorE Paul Defranco,512,State Senate,Second Essex and Middlesex
Andover,-,3,All Others,1,State Senate,Second Essex and Middlesex
Andover,-,3,Blanks,50,State Senate,Second Essex and Middlesex
Andover,-,3,Total Votes Cast,1803,State Senate,Second Essex and Middlesex
Andover,-,4,Barry R. Finegold,611,State Senate,Second Essex and Middlesex
Andover,-,4,SalvatorE Paul Defranco,353,State Senate,Second Essex and Middlesex
Andover,-,4,All Others,1,State Senate,Second Essex and Middlesex
Andover,-,4,Blanks,30,State Senate,Second Essex and Middlesex
Andover,-,4,Total Votes Cast,995,State Senate,Second Essex and Middlesex
Andover,-,4A,Barry R. Finegold,295,State Senate,Second Essex and Middlesex
Andover,-,4A,SalvatorE Paul Defranco,142,State Senate,Second Essex and Middlesex
Andover,-,4A,All Others,1,State Senate,Second Essex and Middlesex
Andover,-,4A,Blanks,18,State Senate,Second Essex and Middlesex
Andover,-,4A,Total Votes Cast,456,State Senate,Second Essex and Middlesex
Andover,-,5,Barry R. Finegold,1008,State Senate,Second Essex and Middlesex
Andover,-,5,SalvatorE Paul Defranco,580,State Senate,Second Essex and Middlesex
Andover,-,5,All Others,1,State Senate,Second Essex and Middlesex
Andover,-,5,Blanks,37,State Senate,Second Essex and Middlesex
Andover,-,5,Total Votes Cast,1626,State Senate,Second Essex and Middlesex
Andover,-,6,Barry R. Finegold,942,State Senate,Second Essex and Middlesex
Andover,-,6,SalvatorE Paul Defranco,547,State Senate,Second Essex and Middlesex
Andover,-,6,All Others,1,State Senate,Second Essex and Middlesex
Andover,-,6,Blanks,33,State Senate,Second Essex and Middlesex
Andover,-,6,Total Votes Cast,1523,State Senate,Second Essex and Middlesex
Andover,-,7,Barry R. Finegold,1115,State Senate,Second Essex and Middlesex
Andover,-,7,SalvatorE Paul Defranco,587,State Senate,Second Essex and Middlesex
Andover,-,7,All Others,1,State Senate,Second Essex and Middlesex
Andover,-,7,Blanks,32,State Senate,Second Essex and Middlesex
Andover,-,7,Total Votes Cast,1735,State Senate,Second Essex and Middlesex
Andover,-,8,Barry R. Finegold,1156,State Senate,Second Essex and Middlesex
Andover,-,8,SalvatorE Paul Defranco,527,State Senate,Second Essex and Middlesex
Andover,-,8,All Others,3,State Senate,Second Essex and Middlesex
Andover,-,8,Blanks,47,State Senate,Second Essex and Middlesex
Andover,-,8,Total Votes Cast,1733,State Senate,Second Essex and Middlesex
Andover,-,9,Barry R. Finegold,979,State Senate,Second Essex and Middlesex
Andover,-,9,SalvatorE Paul Defranco,521,State Senate,Second Essex and Middlesex
Andover,-,9,All Others,2,State Senate,Second Essex and Middlesex
Andover,-,9,Blanks,25,State Senate,Second Essex and Middlesex
Andover,-,9,Total Votes Cast,1527,State Senate,Second Essex and Middlesex
Aquinnah,,,Julian Andre Cyr,226,State Senate,Cape and Islands
Aquinnah,,,Christopher Robert Lauzon,32,State Senate,Cape and Islands
Aquinnah,,,All Others,0,State Senate,Cape and Islands
Aquinnah,,,Blanks,5,State Senate,Cape and Islands
Aquinnah,,,Total Votes Cast,263,State Senate,Cape and Islands
Arlington,-,1,Cindy F. Friedman,617,State Senate,Fourth Middlesex
Arlington,-,1,All Others,4,State Senate,Fourth Middlesex
Arlington,-,1,Blanks,138,State Senate,Fourth Middlesex
Arlington,-,1,Total Votes Cast,759,State Senate,Fourth Middlesex
Arlington,-,10,Cindy F. Friedman,995,State Senate,Fourth Middlesex
Arlington,-,10,All Others,7,State Senate,Fourth Middlesex
Arlington,-,10,Blanks,199,State Senate,Fourth Middlesex
Arlington,-,10,Total Votes Cast,1201,State Senate,Fourth Middlesex
Arlington,-,11,Cindy F. Friedman,951,State Senate,Fourth Middlesex
Arlington,-,11,All Others,17,State Senate,Fourth Middlesex
Arlington,-,11,Blanks,263,State Senate,Fourth Middlesex
Arlington,-,11,Total Votes Cast,1231,State Senate,Fourth Middlesex
Arlington,-,12,Cindy F. Friedman,1032,State Senate,Fourth Middlesex
Arlington,-,12,All Others,5,State Senate,Fourth Middlesex
Arlington,-,12,Blanks,233,State Senate,Fourth Middlesex
Arlington,-,12,Total Votes Cast,1270,State Senate,Fourth Middlesex
Arlington,-,13,Cindy F. Friedman,871,State Senate,Fourth Middlesex
Arlington,-,13,All Others,14,State Senate,Fourth Middlesex
Arlington,-,13,Blanks,263,State Senate,Fourth Middlesex
Arlington,-,13,Total Votes Cast,1148,State Senate,Fourth Middlesex
Arlington,-,14,Cindy F. Friedman,792,State Senate,Fourth Middlesex
Arlington,-,14,All Others,5,State Senate,Fourth Middlesex
Arlington,-,14,Blanks,212,State Senate,Fourth Middlesex
Arlington,-,14,Total Votes Cast,1009,State Senate,Fourth Middlesex
Arlington,-,15,Cindy F. Friedman,841,State Senate,Fourth Middlesex
Arlington,-,15,All Others,2,State Senate,Fourth Middlesex
Arlington,-,15,Blanks,167,State Senate,Fourth Middlesex
Arlington,-,15,Total Votes Cast,1010,State Senate,Fourth Middlesex
Arlington,-,16,Cindy F. Friedman,916,State Senate,Fourth Middlesex
Arlington,-,16,All Others,4,State Senate,Fourth Middlesex
Arlington,-,16,Blanks,211,State Senate,Fourth Middlesex
Arlington,-,16,Total Votes Cast,1131,State Senate,Fourth Middlesex
Arlington,-,17,Cindy F. Friedman,722,State Senate,Fourth Middlesex
Arlington,-,17,All Others,5,State Senate,Fourth Middlesex
Arlington,-,17,Blanks,133,State Senate,Fourth Middlesex
Arlington,-,17,Total Votes Cast,860,State Senate,Fourth Middlesex
Arlington,-,18,Cindy F. Friedman,844,State Senate,Fourth Middlesex
Arlington,-,18,All Others,4,State Senate,Fourth Middlesex
Arlington,-,18,Blanks,271,State Senate,Fourth Middlesex
Arlington,-,18,Total Votes Cast,1119,State Senate,Fourth Middlesex
Arlington,-,19,Cindy F. Friedman,911,State Senate,Fourth Middlesex
Arlington,-,19,All Others,5,State Senate,Fourth Middlesex
Arlington,-,19,Blanks,215,State Senate,Fourth Middlesex
Arlington,-,19,Total Votes Cast,1131,State Senate,Fourth Middlesex
Arlington,-,2,Cindy F. Friedman,914,State Senate,Fourth Middlesex
Arlington,-,2,All Others,5,State Senate,Fourth Middlesex
Arlington,-,2,Blanks,198,State Senate,Fourth Middlesex
Arlington,-,2,Total Votes Cast,1117,State Senate,Fourth Middlesex
Arlington,-,20,Cindy F. Friedman,804,State Senate,Fourth Middlesex
Arlington,-,20,All Others,9,State Senate,Fourth Middlesex
Arlington,-,20,Blanks,194,State Senate,Fourth Middlesex
Arlington,-,20,Total Votes Cast,1007,State Senate,Fourth Middlesex
Arlington,-,21,Cindy F. Friedman,919,State Senate,Fourth Middlesex
Arlington,-,21,All Others,4,State Senate,Fourth Middlesex
Arlington,-,21,Blanks,188,State Senate,Fourth Middlesex
Arlington,-,21,Total Votes Cast,1111,State Senate,Fourth Middlesex
Arlington,-,3,Cindy F. Friedman,897,State Senate,Fourth Middlesex
Arlington,-,3,All Others,4,State Senate,Fourth Middlesex
Arlington,-,3,Blanks,149,State Senate,Fourth Middlesex
Arlington,-,3,Total Votes Cast,1050,State Senate,Fourth Middlesex
Arlington,-,4,Cindy F. Friedman,797,State Senate,Fourth Middlesex
Arlington,-,4,All Others,3,State Senate,Fourth Middlesex
Arlington,-,4,Blanks,176,State Senate,Fourth Middlesex
Arlington,-,4,Total Votes Cast,976,State Senate,Fourth Middlesex
Arlington,-,5,Cindy F. Friedman,943,State Senate,Fourth Middlesex
Arlington,-,5,All Others,7,State Senate,Fourth Middlesex
Arlington,-,5,Blanks,176,State Senate,Fourth Middlesex
Arlington,-,5,Total Votes Cast,1126,State Senate,Fourth Middlesex
Arlington,-,6,Cindy F. Friedman,833,State Senate,Fourth Middlesex
Arlington,-,6,All Others,0,State Senate,Fourth Middlesex
Arlington,-,6,Blanks,172,State Senate,Fourth Middlesex
Arlington,-,6,Total Votes Cast,1005,State Senate,Fourth Middlesex
Arlington,-,7,Cindy F. Friedman,828,State Senate,Fourth Middlesex
Arlington,-,7,All Others,1,State Senate,Fourth Middlesex
Arlington,-,7,Blanks,175,State Senate,Fourth Middlesex
Arlington,-,7,Total Votes Cast,1004,State Senate,Fourth Middlesex
Arlington,-,8,Cindy F. Friedman,943,State Senate,Fourth Middlesex
Arlington,-,8,All Others,9,State Senate,Fourth Middlesex
Arlington,-,8,Blanks,241,State Senate,Fourth Middlesex
Arlington,-,8,Total Votes Cast,1193,State Senate,Fourth Middlesex
Arlington,-,9,Cindy F. Friedman,737,State Senate,Fourth Middlesex
Arlington,-,9,All Others,6,State Senate,Fourth Middlesex
Arlington,-,9,Blanks,150,State Senate,Fourth Middlesex
Arlington,-,9,Total Votes Cast,893,State Senate,Fourth Middlesex
Ashburnham,-,1,Jo Comerford,941,State Senate,"Hampshire, Franklin and Worcester"
Ashburnham,-,1,All Others,59,State Senate,"Hampshire, Franklin and Worcester"
Ashburnham,-,1,Blanks,466,State Senate,"Hampshire, Franklin and Worcester"
Ashburnham,-,1,Total Votes Cast,1466,State Senate,"Hampshire, Franklin and Worcester"
Ashburnham,-,2,Jo Comerford,939,State Senate,"Hampshire, Franklin and Worcester"
Ashburnham,-,2,All Others,54,State Senate,"Hampshire, Franklin and Worcester"
Ashburnham,-,2,Blanks,388,State Senate,"Hampshire, Franklin and Worcester"
Ashburnham,-,2,Total Votes Cast,1381,State Senate,"Hampshire, Franklin and Worcester"
Ashby,,,John J. Cronin,729,State Senate,Worcester and Middlesex
Ashby,,,Kenneth B. Hoyt,692,State Senate,Worcester and Middlesex
Ashby,,,All Others,0,State Senate,Worcester and Middlesex
Ashby,,,Blanks,45,State Senate,Worcester and Middlesex
Ashby,,,Total Votes Cast,1466,State Senate,Worcester and Middlesex
Ashfield,,,Paul W. Mark,809,State Senate,"Berkshire, Hampden, Franklin & Hampshire"
Ashfield,,,Brendan M. Phair,108,State Senate,"Berkshire, Hampden, Franklin & Hampshire"
Ashfield,,,All Others,0,State Senate,"Berkshire, Hampden, Franklin & Hampshire"
Ashfield,,,Blanks,59,State Senate,"Berkshire, Hampden, Franklin & Hampshire"
Ashfield,,,Total Votes Cast,976,State Senate,"Berkshire, Hampden, Franklin & Hampshire"
Ashland,-,1,Karen E. Spilka,852,State Senate,Middlesex and Norfolk
Ashland,-,1,All Others,0,State Senate,Middlesex and Norfolk
Ashland,-,1,Blanks,262,State Senate,Middlesex and Norfolk
Ashland,-,1,Total Votes Cast,1114,State Senate,Middlesex and Norfolk
Ashland,-,2,Karen E. Spilka,1270,State Senate,Middlesex and Norfolk
Ashland,-,2,All Others,0,State Senate,Middlesex and Norfolk
Ashland,-,2,Blanks,280,State Senate,Middlesex and Norfolk
Ashland,-,2,Total Votes Cast,1550,State Senate,Middlesex and Norfolk
Ashland,-,3,Karen E. Spilka,854,State Senate,Middlesex and Norfolk
Ashland,-,3,All Others,0,State Senate,Middlesex and Norfolk
Ashland,-,3,Blanks,197,State Senate,Middlesex and Norfolk
Ashland,-,3,Total Votes Cast,1051,State Senate,Middlesex and Norfolk
Ashland,-,4,Karen E. Spilka,880,State Senate,Middlesex and Norfolk
Ashland,-,4,All Others,0,State Senate,Middlesex and Norfolk
Ashland,-,4,Blanks,254,State Senate,Middlesex and Norfolk
Ashland,-,4,Total Votes Cast,1134,State Senate,Middlesex and Norfolk
Ashland,-,5,Karen E. Spilka,1004,State Senate,Middlesex and Norfolk
Ashland,-,5,All Others,0,State Senate,Middlesex and Norfolk
Ashland,-,5,Blanks,259,State Senate,Middlesex and Norfolk
Ashland,-,5,Total Votes Cast,1263,State Senate,Middlesex and Norfolk
Ashland,-,6,Karen E. Spilka,1085,State Senate,Middlesex and Norfolk
Ashland,-,6,All Others,0,State Senate,Middlesex and Norfolk
Ashland,-,6,Blanks,250,State Senate,Middlesex and Norfolk
Ashland,-,6,Total Votes Cast,1335,State Senate,Middlesex and Norfolk
Athol,-,1,Jo Comerford,939,State Senate,"Hampshire, Franklin and Worcester"
Athol,-,1,All Others,45,State Senate,"Hampshire, Franklin and Worcester"
Athol,-,1,Blanks,387,State Senate,"Hampshire, Franklin and Worcester"
Athol,-,1,Total Votes Cast,1371,State Senate,"Hampshire, Franklin and Worcester"
Athol,-,2,Jo Comerford,783,State Senate,"Hampshire, Franklin and Worcester"
Athol,-,2,All Others,51,State Senate,"Hampshire, Franklin and Worcester"
Athol,-,2,Blanks,355,State Senate,"Hampshire, Franklin and Worcester"
Athol,-,2,Total Votes Cast,1189,State Senate,"Hampshire, Franklin and Worcester"
Athol,-,3,Jo Comerford,813,State Senate,"Hampshire, Franklin and Worcester"
Athol,-,3,All Others,29,State Senate,"Hampshire, Franklin and Worcester"
Athol,-,3,Blanks,286,State Senate,"Hampshire, Franklin and Worcester"
Athol,-,3,Total Votes Cast,1128,State Senate,"Hampshire, Franklin and Worcester"
Attleboro,1,A,Paul R. Feeney,605,State Senate,Bristol and Norfolk
Attleboro,1,A,Michael Chaisson,531,State Senate,Bristol and Norfolk
Attleboro,1,A,Laura L. Saylor,57,State Senate,Bristol and Norfolk
Attleboro,1,A,All Others,0,State Senate,Bristol and Norfolk
Attleboro,1,A,Blanks,39,State Senate,Bristol and Norfolk
Attleboro,1,A,Total Votes Cast,1232,State Senate,Bristol and Norfolk
Attleboro,1,B,Paul R. Feeney,672,State Senate,Bristol and Norfolk
Attleboro,1,B,Michael Chaisson,520,State Senate,Bristol and Norfolk
Attleboro,1,B,Laura L. Saylor,46,State Senate,Bristol and Norfolk
Attleboro,1,B,All Others,0,State Senate,Bristol and Norfolk
Attleboro,1,B,Blanks,34,State Senate,Bristol and Norfolk
Attleboro,1,B,Total Votes Cast,1272,State Senate,Bristol and Norfolk
Attleboro,2,A,Paul R. Feeney,797,State Senate,Bristol and Norfolk
Attleboro,2,A,Michael Chaisson,569,State Senate,Bristol and Norfolk
Attleboro,2,A,Laura L. Saylor,57,State Senate,Bristol and Norfolk
Attleboro,2,A,All Others,0,State Senate,Bristol and Norfolk
Attleboro,2,A,Blanks,45,State Senate,Bristol and Norfolk
Attleboro,2,A,Total Votes Cast,1468,State Senate,Bristol and Norfolk
Attleboro,2,B,Paul R. Feeney,674,State Senate,Bristol and Norfolk
Attleboro,2,B,Michael Chaisson,530,State Senate,Bristol and Norfolk
Attleboro,2,B,Laura L. Saylor,54,State Senate,Bristol and Norfolk
Attleboro,2,B,All Others,0,State Senate,Bristol and Norfolk
Attleboro,2,B,Blanks,33,State Senate,Bristol and Norfolk
Attleboro,2,B,Total Votes Cast,1291,State Senate,Bristol and Norfolk
Attleboro,3,A,Paul R. Feeney,762,State Senate,Bristol and Norfolk
Attleboro,3,A,Michael Chaisson,462,State Senate,Bristol and Norfolk
Attleboro,3,A,Laura L. Saylor,44,State Senate,Bristol and Norfolk
Attleboro,3,A,All Others,0,State Senate,Bristol and Norfolk
Attleboro,3,A,Blanks,43,State Senate,Bristol and Norfolk
Attleboro,3,A,Total Votes Cast,1311,State Senate,Bristol and Norfolk
Attleboro,3,B,Paul R. Feeney,844,State Senate,Bristol and Norfolk
Attleboro,3,B,Michael Chaisson,525,State Senate,Bristol and Norfolk
Attleboro,3,B,Laura L. Saylor,60,State Senate,Bristol and Norfolk
Attleboro,3,B,All Others,0,State Senate,Bristol and Norfolk
Attleboro,3,B,Blanks,29,State Senate,Bristol and Norfolk
Attleboro,3,B,Total Votes Cast,1458,State Senate,Bristol and Norfolk
Attleboro,4,A,Paul R. Feeney,693,State Senate,Bristol and Norfolk
Attleboro,4,A,Michael Chaisson,377,State Senate,Bristol and Norfolk
Attleboro,4,A,Laura L. Saylor,53,State Senate,Bristol and Norfolk
Attleboro,4,A,All Others,0,State Senate,Bristol and Norfolk
Attleboro,4,A,Blanks,35,State Senate,Bristol and Norfolk
Attleboro,4,A,Total Votes Cast,1158,State Senate,Bristol and Norfolk
Attleboro,4,B,Paul R. Feeney,944,State Senate,Bristol and Norfolk
Attleboro,4,B,Michael Chaisson,759,State Senate,Bristol and Norfolk
Attleboro,4,B,Laura L. Saylor,61,State Senate,Bristol and Norfolk
Attleboro,4,B,All Others,0,State Senate,Bristol and Norfolk
Attleboro,4,B,Blanks,38,State Senate,Bristol and Norfolk
Attleboro,4,B,Total Votes Cast,1802,State Senate,Bristol and Norfolk
Attleboro,5,A,Paul R. Feeney,503,State Senate,Bristol and Norfolk
Attleboro,5,A,Michael Chaisson,222,State Senate,Bristol and Norfolk
Attleboro,5,A,Laura L. Saylor,36,State Senate,Bristol and Norfolk
Attleboro,5,A,All Others,0,State Senate,Bristol and Norfolk
Attleboro,5,A,Blanks,18,State Senate,Bristol and Norfolk
Attleboro,5,A,Total Votes Cast,779,State Senate,Bristol and Norfolk
Attleboro,5,B,Paul R. Feeney,763,State Senate,Bristol and Norfolk
Attleboro,5,B,Michael Chaisson,479,State Senate,Bristol and Norfolk
Attleboro,5,B,Laura L. Saylor,57,State Senate,Bristol and Norfolk
Attleboro,5,B,All Others,0,State Senate,Bristol and Norfolk
Attleboro,5,B,Blanks,27,State Senate,Bristol and Norfolk
Attleboro,5,B,Total Votes Cast,1326,State Senate,Bristol and Norfolk
Attleboro,6,A,Paul R. Feeney,663,State Senate,Bristol and Norfolk
Attleboro,6,A,Michael Chaisson,540,State Senate,Bristol and Norfolk
Attleboro,6,A,Laura L. Saylor,35,State Senate,Bristol and Norfolk
Attleboro,6,A,All Others,0,State Senate,Bristol and Norfolk
Attleboro,6,A,Blanks,33,State Senate,Bristol and Norfolk
Attleboro,6,A,Total Votes Cast,1271,State Senate,Bristol and Norfolk
Attleboro,6,B,Paul R. Feeney,798,State Senate,Bristol and Norfolk
Attleboro,6,B,Michael Chaisson,566,State Senate,Bristol and Norfolk
Attleboro,6,B,Laura L. Saylor,45,State Senate,Bristol and Norfolk
Attleboro,6,B,All Others,1,State Senate,Bristol and Norfolk
Attleboro,6,B,Blanks,35,State Senate,Bristol and Norfolk
Attleboro,6,B,Total Votes Cast,1445,State Senate,Bristol and Norfolk
Auburn,-,1,Michael O. Moore,1136,State Senate,Second Worcester
Auburn,-,1,All Others,37,State Senate,Second Worcester
Auburn,-,1,Blanks,320,State Senate,Second Worcester
Auburn,-,1,Total Votes Cast,1493,State Senate,Second Worcester
Auburn,-,2,Michael O. Moore,1028,State Senate,Second Worcester
Auburn,-,2,All Others,56,State Senate,Second Worcester
Auburn,-,2,Blanks,353,State Senate,Second Worcester
Auburn,-,2,Total Votes Cast,1437,State Senate,Second Worcester
Auburn,-,3,Michael O. Moore,1194,State Senate,Second Worcester
Auburn,-,3,All Others,22,State Senate,Second Worcester
Auburn,-,3,Blanks,375,State Senate,Second Worcester
Auburn,-,3,Total Votes Cast,1591,State Senate,Second Worcester
Auburn,-,4,Michael O. Moore,1005,State Senate,Second Worcester
Auburn,-,4,All Others,45,State Senate,Second Worcester
Auburn,-,4,Blanks,298,State Senate,Second Worcester
Auburn,-,4,Total Votes Cast,1348,State Senate,Second Worcester
Auburn,-,5,Michael O. Moore,970,State Senate,Second Worcester
Auburn,-,5,All Others,18,State Senate,Second Worcester
Auburn,-,5,Blanks,344,State Senate,Second Worcester
Auburn,-,5,Total Votes Cast,1332,State Senate,Second Worcester
Avon,,,Michael D. Brady,976,State Senate,Second Plymouth & Norfolk
Avon,,,Jim Gordon,629,State Senate,Second Plymouth & Norfolk
Avon,,,All Others,0,State Senate,Second Plymouth & Norfolk
Avon,,,Blanks,60,State Senate,Second Plymouth & Norfolk
Avon,,,Total Votes Cast,1665,State Senate,Second Plymouth & Norfolk
Ayer,-,1,James B. Eldridge,681,State Senate,Middlesex and Worcester
Ayer,-,1,Anthony Christakis,349,State Senate,Middlesex and Worcester
Ayer,-,1,All Others,1,State Senate,Middlesex and Worcester
Ayer,-,1,Blanks,27,State Senate,Middlesex and Worcester
Ayer,-,1,Total Votes Cast,1058,State Senate,Middlesex and Worcester
Ayer,-,2,James B. Eldridge,784,State Senate,Middlesex and Worcester
Ayer,-,2,Anthony Christakis,464,State Senate,Middlesex and Worcester
Ayer,-,2,All Others,1,State Senate,Middlesex and Worcester
Ayer,-,2,Blanks,32,State Senate,Middlesex and Worcester
Ayer,-,2,Total Votes Cast,1281,State Senate,Middlesex and Worcester
Ayer,-,3,James B. Eldridge,584,State Senate,Middlesex and Worcester
Ayer,-,3,Anthony Christakis,307,State Senate,Middlesex and Worcester
Ayer,-,3,All Others,0,State Senate,Middlesex and Worcester
Ayer,-,3,Blanks,27,State Senate,Middlesex and Worcester
Ayer,-,3,Total Votes Cast,918,State Senate,Middlesex and Worcester
Barnstable,-,1,Julian Andre Cyr,1218,State Senate,Cape and Islands
Barnstable,-,1,Christopher Robert Lauzon,885,State Senate,Cape and Islands
Barnstable,-,1,All Others,2,State Senate,Cape and Islands
Barnstable,-,1,Blanks,33,State Senate,Cape and Islands
Barnstable,-,1,Total Votes Cast,2138,State Senate,Cape and Islands
Barnstable,-,10,Julian Andre Cyr,793,State Senate,Cape and Islands
Barnstable,-,10,Christopher Robert Lauzon,824,State Senate,Cape and Islands
Barnstable,-,10,All Others,3,State Senate,Cape and Islands
Barnstable,-,10,Blanks,27,State Senate,Cape and Islands
Barnstable,-,10,Total Votes Cast,1647,State Senate,Cape and Islands
Barnstable,-,11,Julian Andre Cyr,1008,State Senate,Cape and Islands
Barnstable,-,11,Christopher Robert Lauzon,982,State Senate,Cape and Islands
Barnstable,-,11,All Others,1,State Senate,Cape and Islands
Barnstable,-,11,Blanks,37,State Senate,Cape and Islands
Barnstable,-,11,Total Votes Cast,2028,State Senate,Cape and Islands
Barnstable,-,12,Julian Andre Cyr,1007,State Senate,Cape and Islands
Barnstable,-,12,Christopher Robert Lauzon,934,State Senate,Cape and Islands
Barnstable,-,12,All Others,2,State Senate,Cape and Islands
Barnstable,-,12,Blanks,25,State Senate,Cape and Islands
Barnstable,-,12,Total Votes Cast,1968,State Senate,Cape and Islands
Barnstable,-,13,Julian Andre Cyr,635,State Senate,Cape and Islands
Barnstable,-,13,Christopher Robert Lauzon,456,State Senate,Cape and Islands
Barnstable,-,13,All Others,1,State Senate,Cape and Islands
Barnstable,-,13,Blanks,22,State Senate,Cape and Islands
Barnstable,-,13,Total Votes Cast,1114,State Senate,Cape and Islands
Barnstable,-,2,Julian Andre Cyr,1052,State Senate,Cape and Islands
Barnstable,-,2,Christopher Robert Lauzon,863,State Senate,Cape and Islands
Barnstable,-,2,All Others,1,State Senate,Cape and Islands
Barnstable,-,2,Blanks,44,State Senate,Cape and Islands
Barnstable,-,2,Total Votes Cast,1960,State Senate,Cape and Islands
Barnstable,-,3,Julian Andre Cyr,751,State Senate,Cape and Islands
Barnstable,-,3,Christopher Robert Lauzon,536,State Senate,Cape and Islands
Barnstable,-,3,All Others,0,State Senate,Cape and Islands
Barnstable,-,3,Blanks,27,State Senate,Cape and Islands
Barnstable,-,3,Total Votes Cast,1314,State Senate,Cape and Islands
Barnstable,-,4,Julian Andre Cyr,1025,State Senate,Cape and Islands
Barnstable,-,4,Christopher Robert Lauzon,754,State Senate,Cape and Islands
Barnstable,-,4,All Others,0,State Senate,Cape and Islands
Barnstable,-,4,Blanks,40,State Senate,Cape and Islands
Barnstable,-,4,Total Votes Cast,1819,State Senate,Cape and Islands
Barnstable,-,5,Julian Andre Cyr,1041,State Senate,Cape and Islands
Barnstable,-,5,Christopher Robert Lauzon,1094,State Senate,Cape and Islands
Barnstable,-,5,All Others,1,State Senate,Cape and Islands
Barnstable,-,5,Blanks,48,State Senate,Cape and Islands
Barnstable,-,5,Total Votes Cast,2184,State Senate,Cape and Islands
Barnstable,-,6,Julian Andre Cyr,1011,State Senate,Cape and Islands
Barnstable,-,6,Christopher Robert Lauzon,865,State Senate,Cape and Islands
Barnstable,-,6,All Others,2,State Senate,Cape and Islands
Barnstable,-,6,Blanks,29,State Senate,Cape and Islands
Barnstable,-,6,Total Votes Cast,1907,State Senate,Cape and Islands
Barnstable,-,7,Julian Andre Cyr,1237,State Senate,Cape and Islands
Barnstable,-,7,Christopher Robert Lauzon,949,State Senate,Cape and Islands
Barnstable,-,7,All Others,0,State Senate,Cape and Islands
Barnstable,-,7,Blanks,49,State Senate,Cape and Islands
Barnstable,-,7,Total Votes Cast,2235,State Senate,Cape and Islands
Barnstable,-,8,Julian Andre Cyr,598,State Senate,Cape and Islands
Barnstable,-,8,Christopher Robert Lauzon,426,State Senate,Cape and Islands
Barnstable,-,8,All Others,0,State Senate,Cape and Islands
Barnstable,-,8,Blanks,17,State Senate,Cape and Islands
Barnstable,-,8,Total Votes Cast,1041,State Senate,Cape and Islands
Barnstable,-,9,Julian Andre Cyr,331,State Senate,Cape and Islands
Barnstable,-,9,Christopher Robert Lauzon,224,State Senate,Cape and Islands
Barnstable,-,9,All Others,1,State Senate,Cape and Islands
Barnstable,-,9,Blanks,15,State Senate,Cape and Islands
Barnstable,-,9,Total Votes Cast,571,State Senate,Cape and Islands
Barre,-,1,Anne M. Gobi,657,State Senate,Worcester & Hampshire
Barre,-,1,James Anthony Amorello,483,State Senate,Worcester & Hampshire
Barre,-,1,All Others,0,State Senate,Worcester & Hampshire
Barre,-,1,Blanks,18,State Senate,Worcester & Hampshire
Barre,-,1,Total Votes Cast,1158,State Senate,Worcester & Hampshire
Barre,-,2,Anne M. Gobi,530,State Senate,Worcester & Hampshire
Barre,-,2,James Anthony Amorello,503,State Senate,Worcester & Hampshire
Barre,-,2,All Others,0,State Senate,Worcester & Hampshire
Barre,-,2,Blanks,18,State Senate,Worcester & Hampshire
Barre,-,2,Total Votes Cast,1051,State Senate,Worcester & Hampshire
Becket,,,Paul W. Mark,559,State Senate,"Berkshire, Hampden, Franklin & Hampshire"
Becket,,,Brendan M. Phair,184,State Senate,"Berkshire, Hampden, Franklin & Hampshire"
Becket,,,All Others,2,State Senate,"Berkshire, Hampden, Franklin & Hampshire"
Becket,,,Blanks,70,State Senate,"Berkshire, Hampden, Franklin & Hampshire"
Becket,,,Total Votes Cast,815,State Senate,"Berkshire, Hampden, Franklin & Hampshire"
Bedford,-,1,Michael J. Barrett,1387,State Senate,Third Middlesex
Bedford,-,1,All Others,31,State Senate,Third Middlesex
Bedford,-,1,Blanks,382,State Senate,Third Middlesex
Bedford,-,1,Total Votes Cast,1800,State Senate,Third Middlesex
Bedford,-,2,Michael J. Barrett,785,State Senate,Third Middlesex
Bedford,-,2,All Others,19,State Senate,Third Middlesex
Bedford,-,2,Blanks,266,State Senate,Third Middlesex
Bedford,-,2,Total Votes Cast,1070,State Senate,Third Middlesex
Bedford,-,2A,Michael J. Barrett,236,State Senate,Third Middlesex
Bedford,-,2A,All Others,3,State Senate,Third Middlesex
Bedford,-,2A,Blanks,101,State Senate,Third Middlesex
Bedford,-,2A,Total Votes Cast,340,State Senate,Third Middlesex
Bedford,-,3,Michael J. Barrett,1358,State Senate,Third Middlesex
Bedford,-,3,All Others,29,State Senate,Third Middlesex
Bedford,-,3,Blanks,410,State Senate,Third Middlesex
Bedford,-,3,Total Votes Cast,1797,State Senate,Third Middlesex
Bedford,-,4,Michael J. Barrett,1219,State Senate,Third Middlesex
Bedford,-,4,All Others,22,State Senate,Third Middlesex
Bedford,-,4,Blanks,398,State Senate,Third Middlesex
Bedford,-,4,Total Votes Cast,1639,State Senate,Third Middlesex
Belchertown,-,A,Jacob R. Oliveira,1078,State Senate,"Hampden, Hampshire & Worcester"
Belchertown,-,A,William E. Johnson,624,State Senate,"Hampden, Hampshire & Worcester"
Belchertown,-,A,All Others,0,State Senate,"Hampden, Hampshire & Worcester"
Belchertown,-,A,Blanks,44,State Senate,"Hampden, Hampshire & Worcester"
Belchertown,-,A,Total Votes Cast,1746,State Senate,"Hampden, Hampshire & Worcester"
Belchertown,-,B,Jacob R. Oliveira,922,State Senate,"Hampden, Hampshire & Worcester"
Belchertown,-,B,William E. Johnson,765,State Senate,"Hampden, Hampshire & Worcester"
Belchertown,-,B,All Others,0,State Senate,"Hampden, Hampshire & Worcester"
Belchertown,-,B,Blanks,33,State Senate,"Hampden, Hampshire & Worcester"
Belchertown,-,B,Total Votes Cast,1720,State Senate,"Hampden, Hampshire & Worcester"
Belchertown,-,C,Jacob R. Oliveira,1007,State Senate,"Hampden, Hampshire & Worcester"
Belchertown,-,C,William E. Johnson,781,State Senate,"Hampden, Hampshire & Worcester"
Belchertown,-,C,All Others,0,State Senate,"Hampden, Hampshire & Worcester"
Belchertown,-,C,Blanks,32,State Senate,"Hampden, Hampshire & Worcester"
Belchertown,-,C,Total Votes Cast,1820,State Senate,"Hampden, Hampshire & Worcester"
Belchertown,-,D,Jacob R. Oliveira,1142,State Senate,"Hampden, Hampshire & Worcester"
Belchertown,-,D,William E. Johnson,522,State Senate,"Hampden, Hampshire & Worcester"
Belchertown,-,D,All Others,0,State Senate,"Hampden, Hampshire & Worcester"
Belchertown,-,D,Blanks,28,State Senate,"Hampden, Hampshire & Worcester"
Belchertown,-,D,Total Votes Cast,1692,State Senate,"Hampden, Hampshire & Worcester"
Bellingham,-,1,Rebecca L. Rausch,577,State Senate,"Norfolk, Worcester & Middlesex"
Bellingham,-,1,Shawn C. Dooley,611,State Senate,"Norfolk, Worcester & Middlesex"
Bellingham,-,1,All Others,1,State Senate,"Norfolk, Worcester & Middlesex"
Bellingham,-,1,Blanks,33,State Senate,"Norfolk, Worcester & Middlesex"
Bellingham,-,1,Total Votes Cast,1222,State Senate,"Norfolk, Worcester & Middlesex"
Bellingham,-,2,Rebecca L. Rausch,694,State Senate,"Norfolk, Worcester & Middlesex"
Bellingham,-,2,Shawn C. Dooley,768,State Senate,"Norfolk, Worcester & Middlesex"
Bellingham,-,2,All Others,1,State Senate,"Norfolk, Worcester & Middlesex"
Bellingham,-,2,Blanks,42,State Senate,"Norfolk, Worcester & Middlesex"
Bellingham,-,2,Total Votes Cast,1505,State Senate,"Norfolk, Worcester & Middlesex"
Bellingham,-,3,Rebecca L. Rausch,711,State Senate,"Norfolk, Worcester & Middlesex"
Bellingham,-,3,Shawn C. Dooley,774,State Senate,"Norfolk, Worcester & Middlesex"
Bellingham,-,3,All Others,1,State Senate,"Norfolk, Worcester & Middlesex"
Bellingham,-,3,Blanks,32,State Senate,"Norfolk, Worcester & Middlesex"
Bellingham,-,3,Total Votes Cast,1518,State Senate,"Norfolk, Worcester & Middlesex"
Bellingham,-,4,Rebecca L. Rausch,549,State Senate,"Norfolk, Worcester & Middlesex"
Bellingham,-,4,Shawn C. Dooley,721,State Senate,"Norfolk, Worcester & Middlesex"
Bellingham,-,4,All Others,1,State Senate,"Norfolk, Worcester & Middlesex"
Bellingham,-,4,Blanks,39,State Senate,"Norfolk, Worcester & Middlesex"
Bellingham,-,4,Total Votes Cast,1310,State Senate,"Norfolk, Worcester & Middlesex"
Bellingham,-,5,Rebecca L. Rausch,499,State Senate,"Norfolk, Worcester & Middlesex"
Bellingham,-,5,Shawn C. Dooley,661,State Senate,"Norfolk, Worcester & Middlesex"
Bellingham,-,5,All Others,4,State Senate,"Norfolk, Worcester & Middlesex"
Bellingham,-,5,Blanks,17,State Senate,"Norfolk, Worcester & Middlesex"
Bellingham,-,5,Total Votes Cast,1181,State Senate,"Norfolk, Worcester & Middlesex"
Belmont,-,1,William N. Brownsberger,1206,State Senate,Suffolk and Middlesex
Belmont,-,1,All Others,12,State Senate,Suffolk and Middlesex
Belmont,-,1,Blanks,317,State Senate,Suffolk and Middlesex
Belmont,-,1,Total Votes Cast,1535,State Senate,Suffolk and Middlesex
Belmont,-,2,William N. Brownsberger,1341,State Senate,Suffolk and Middlesex
Belmont,-,2,All Others,11,State Senate,Suffolk and Middlesex
Belmont,-,2,Blanks,426,State Senate,Suffolk and Middlesex
Belmont,-,2,Total Votes Cast,1778,State Senate,Suffolk and Middlesex
Belmont,-,3,William N. Brownsberger,1137,State Senate,Suffolk and Middlesex
Belmont,-,3,All Others,5,State Senate,Suffolk and Middlesex
Belmont,-,3,Blanks,315,State Senate,Suffolk and Middlesex
Belmont,-,3,Total Votes Cast,1457,State Senate,Suffolk and Middlesex
Belmont,-,4,William N. Brownsberger,990,State Senate,Suffolk and Middlesex
Belmont,-,4,All Others,8,State Senate,Suffolk and Middlesex
Belmont,-,4,Blanks,254,State Senate,Suffolk and Middlesex
Belmont,-,4,Total Votes Cast,1252,State Senate,Suffolk and Middlesex
Belmont,-,5,William N. Brownsberger,1134,State Senate,Suffolk and Middlesex
Belmont,-,5,All Others,6,State Senate,Suffolk and Middlesex
Belmont,-,5,Blanks,297,State Senate,Suffolk and Middlesex
Belmont,-,5,Total Votes Cast,1437,State Senate,Suffolk and Middlesex
Belmont,-,6,William N. Brownsberger,1457,State Senate,Suffolk and Middlesex
Belmont,-,6,All Others,14,State Senate,Suffolk and Middlesex
Belmont,-,6,Blanks,334,State Senate,Suffolk and Middlesex
Belmont,-,6,Total Votes Cast,1805,State Senate,Suffolk and Middlesex
Belmont,-,7,William N. Brownsberger,1167,State Senate,Suffolk and Middlesex
Belmont,-,7,All Others,10,State Senate,Suffolk and Middlesex
Belmont,-,7,Blanks,289,State Senate,Suffolk and Middlesex
Belmont,-,7,Total Votes Cast,1466,State Senate,Suffolk and Middlesex
Belmont,-,8,William N. Brownsberger,1034,State Senate,Suffolk and Middlesex
Belmont,-,8,All Others,14,State Senate,Suffolk and Middlesex
Belmont,-,8,Blanks,385,State Senate,Suffolk and Middlesex
Belmont,-,8,Total Votes Cast,1433,State Senate,Suffolk and Middlesex
Berkley,-,1,Marc R. Pacheco,752,State Senate,Third Bristol & Plymouth
Berkley,-,1,Maria S. Collins,761,State Senate,Third Bristol & Plymouth
Berkley,-,1,All Others,3,State Senate,Third Bristol & Plymouth
Berkley,-,1,Blanks,40,State Senate,Third Bristol & Plymouth
Berkley,-,1,Total Votes Cast,1556,State Senate,Third Bristol & Plymouth
Berkley,-,2,Marc R. Pacheco,571,State Senate,Third Bristol & Plymouth
Berkley,-,2,Maria S. Collins,665,State Senate,Third Bristol & Plymouth
Berkley,-,2,All Others,0,State Senate,Third Bristol & Plymouth
Berkley,-,2,Blanks,27,State Senate,Third Bristol & Plymouth
Berkley,-,2,Total Votes Cast,1263,State Senate,Third Bristol & Plymouth
Berlin,,,Robyn K. Kennedy,947,State Senate,First Worcester
Berlin,,,Lisa K. Mair,771,State Senate,First Worcester
Berlin,,,All Others,2,State Senate,First Worcester
Berlin,,,Blanks,140,State Senate,First Worcester
Berlin,,,Total Votes Cast,1860,State Senate,First Worcester
Bernardston,,,Jo Comerford,735,State Senate,"Hampshire, Franklin and Worcester"
Bernardston,,,All Others,8,State Senate,"Hampshire, Franklin and Worcester"
Bernardston,,,Blanks,242,State Senate,"Hampshire, Franklin and Worcester"
Bernardston,,,Total Votes Cast,985,State Senate,"Hampshire, Franklin and Worcester"
Beverly,1,1,Joan B. Lovely,852,State Senate,Second Essex
Beverly,1,1,Damian M. Anketell,427,State Senate,Second Essex
Beverly,1,1,All Others,2,State Senate,Second Essex
Beverly,1,1,Blanks,37,State Senate,Second Essex
Beverly,1,1,Total Votes Cast,1318,State Senate,Second Essex
Beverly,1,2,Joan B. Lovely,1207,State Senate,Second Essex
Beverly,1,2,Damian M. Anketell,505,State Senate,Second Essex
Beverly,1,2,All Others,1,State Senate,Second Essex
Beverly,1,2,Blanks,50,State Senate,Second Essex
Beverly,1,2,Total Votes Cast,1763,State Senate,Second Essex
Beverly,2,1,Joan B. Lovely,1036,State Senate,Second Essex
Beverly,2,1,Damian M. Anketell,302,State Senate,Second Essex
Beverly,2,1,All Others,2,State Senate,Second Essex
Beverly,2,1,Blanks,38,State Senate,Second Essex
Beverly,2,1,Total Votes Cast,1378,State Senate,Second Essex
Beverly,2,2,Joan B. Lovely,1148,State Senate,Second Essex
Beverly,2,2,Damian M. Anketell,340,State Senate,Second Essex
Beverly,2,2,All Others,0,State Senate,Second Essex
Beverly,2,2,Blanks,32,State Senate,Second Essex
Beverly,2,2,Total Votes Cast,1520,State Senate,Second Essex
Beverly,3,1,Joan B. Lovely,666,State Senate,Second Essex
Beverly,3,1,Damian M. Anketell,213,State Senate,Second Essex
Beverly,3,1,All Others,1,State Senate,Second Essex
Beverly,3,1,Blanks,24,State Senate,Second Essex
Beverly,3,1,Total Votes Cast,904,State Senate,Second Essex
Beverly,3,2,Joan B. Lovely,923,State Senate,Second Essex
Beverly,3,2,Damian M. Anketell,409,State Senate,Second Essex
Beverly,3,2,All Others,0,State Senate,Second Essex
Beverly,3,2,Blanks,38,State Senate,Second Essex
Beverly,3,2,Total Votes Cast,1370,State Senate,Second Essex
Beverly,4,1,Joan B. Lovely,616,State Senate,Second Essex
Beverly,4,1,Damian M. Anketell,215,State Senate,Second Essex
Beverly,4,1,All Others,0,State Senate,Second Essex
Beverly,4,1,Blanks,34,State Senate,Second Essex
Beverly,4,1,Total Votes Cast,865,State Senate,Second Essex
Beverly,4,2,Joan B. Lovely,1520,State Senate,Second Essex
Beverly,4,2,Damian M. Anketell,414,State Senate,Second Essex
Beverly,4,2,All Others,6,State Senate,Second Essex
Beverly,4,2,Blanks,55,State Senate,Second Essex
Beverly,4,2,Total Votes Cast,1995,State Senate,Second Essex
Beverly,5,1,Joan B. Lovely,1076,State Senate,Second Essex
Beverly,5,1,Damian M. Anketell,490,State Senate,Second Essex
Beverly,5,1,All Others,1,State Senate,Second Essex
Beverly,5,1,Blanks,36,State Senate,Second Essex
Beverly,5,1,Total Votes Cast,1603,State Senate,Second Essex
Beverly,5,2,Joan B. Lovely,930,State Senate,Second Essex
Beverly,5,2,Damian M. Anketell,453,State Senate,Second Essex
Beverly,5,2,All Others,1,State Senate,Second Essex
Beverly,5,2,Blanks,40,State Senate,Second Essex
Beverly,5,2,Total Votes Cast,1424,State Senate,Second Essex
Beverly,6,1,Joan B. Lovely,1288,State Senate,Second Essex
Beverly,6,1,Damian M. Anketell,479,State Senate,Second Essex
Beverly,6,1,All Others,2,State Senate,Second Essex
Beverly,6,1,Blanks,47,State Senate,Second Essex
Beverly,6,1,Total Votes Cast,1816,State Senate,Second Essex
Beverly,6,2,Joan B. Lovely,1229,State Senate,Second Essex
Beverly,6,2,Damian M. Anketell,636,State Senate,Second Essex
Beverly,6,2,All Others,1,State Senate,Second Essex
Beverly,6,2,Blanks,51,State Senate,Second Essex
Beverly,6,2,Total Votes Cast,1917,State Senate,Second Essex
Billerica,-,1,Cindy F. Friedman,773,State Senate,Fourth Middlesex
Billerica,-,1,All Others,41,State Senate,Fourth Middlesex
Billerica,-,1,Blanks,327,State Senate,Fourth Middlesex
Billerica,-,1,Total Votes Cast,1141,State Senate,Fourth Middlesex
Billerica,-,10,Cindy F. Friedman,1064,State Senate,Fourth Middlesex
Billerica,-,10,All Others,53,State Senate,Fourth Middlesex
Billerica,-,10,Blanks,574,State Senate,Fourth Middlesex
Billerica,-,10,Total Votes Cast,1691,State Senate,Fourth Middlesex
Billerica,-,11,Cindy F. Friedman,809,State Senate,Fourth Middlesex
Billerica,-,11,All Others,41,State Senate,Fourth Middlesex
Billerica,-,11,Blanks,404,State Senate,Fourth Middlesex
Billerica,-,11,Total Votes Cast,1254,State Senate,Fourth Middlesex
Billerica,-,12,Cindy F. Friedman,918,State Senate,Fourth Middlesex
Billerica,-,12,All Others,29,State Senate,Fourth Middlesex
Billerica,-,12,Blanks,468,State Senate,Fourth Middlesex
Billerica,-,12,Total Votes Cast,1415,State Senate,Fourth Middlesex
Billerica,-,2,Cindy F. Friedman,1003,State Senate,Fourth Middlesex
Billerica,-,2,All Others,44,State Senate,Fourth Middlesex
Billerica,-,2,Blanks,485,State Senate,Fourth Middlesex
Billerica,-,2,Total Votes Cast,1532,State Senate,Fourth Middlesex
Billerica,-,3,Cindy F. Friedman,925,State Senate,Fourth Middlesex
Billerica,-,3,All Others,35,State Senate,Fourth Middlesex
Billerica,-,3,Blanks,498,State Senate,Fourth Middlesex
Billerica,-,3,Total Votes Cast,1458,State Senate,Fourth Middlesex
Billerica,-,4,Cindy F. Friedman,852,State Senate,Fourth Middlesex
Billerica,-,4,All Others,43,State Senate,Fourth Middlesex
Billerica,-,4,Blanks,418,State Senate,Fourth Middlesex
Billerica,-,4,Total Votes Cast,1313,State Senate,Fourth Middlesex
Billerica,-,5,Cindy F. Friedman,1116,State Senate,Fourth Middlesex
Billerica,-,5,All Others,44,State Senate,Fourth Middlesex
Billerica,-,5,Blanks,656,State Senate,Fourth Middlesex
Billerica,-,5,Total Votes Cast,1816,State Senate,Fourth Middlesex
Billerica,-,6,Cindy F. Friedman,874,State Senate,Fourth Middlesex
Billerica,-,6,All Others,47,State Senate,Fourth Middlesex
Billerica,-,6,Blanks,421,State Senate,Fourth Middlesex
Billerica,-,6,Total Votes Cast,1342,State Senate,Fourth Middlesex
Billerica,-,7,Cindy F. Friedman,946,State Senate,Fourth Middlesex
Billerica,-,7,All Others,36,State Senate,Fourth Middlesex
Billerica,-,7,Blanks,404,State Senate,Fourth Middlesex
Billerica,-,7,Total Votes Cast,1386,State Senate,Fourth Middlesex
Billerica,-,8,Cindy F. Friedman,883,State Senate,Fourth Middlesex
Billerica,-,8,All Others,35,State Senate,Fourth Middlesex
Billerica,-,8,Blanks,501,State Senate,Fourth Middlesex
Billerica,-,8,Total Votes Cast,1419,State Senate,Fourth Middlesex
Billerica,-,9,Cindy F. Friedman,992,State Senate,Fourth Middlesex
Billerica,-,9,All Others,55,State Senate,Fourth Middlesex
Billerica,-,9,Blanks,529,State Senate,Fourth Middlesex
Billerica,-,9,Total Votes Cast,1576,State Senate,Fourth Middlesex
Blackstone,-,1,Ryan C. Fattman,785,State Senate,Worcester & Hampden
Blackstone,-,1,All Others,6,State Senate,Worcester & Hampden
Blackstone,-,1,Blanks,191,State Senate,Worcester & Hampden
Blackstone,-,1,Total Votes Cast,982,State Senate,Worcester & Hampden
Blackstone,-,2,Ryan C. Fattman,883,State Senate,Worcester & Hampden
Blackstone,-,2,All Others,7,State Senate,Worcester & Hampden
Blackstone,-,2,Blanks,239,State Senate,Worcester & Hampden
Blackstone,-,2,Total Votes Cast,1129,State Senate,Worcester & Hampden
Blackstone,-,3,Ryan C. Fattman,982,State Senate,Worcester & Hampden
Blackstone,-,3,All Others,3,State Senate,Worcester & Hampden
Blackstone,-,3,Blanks,271,State Senate,Worcester & Hampden
Blackstone,-,3,Total Votes Cast,1256,State Senate,Worcester & Hampden
Blandford,,,Paul W. Mark,290,State Senate,"Berkshire, Hampden, Franklin & Hampshire"
Blandford,,,Brendan M. Phair,230,State Senate,"Berkshire, Hampden, Franklin & Hampshire"
Blandford,,,All Others,0,State Senate,"Berkshire, Hampden, Franklin & Hampshire"
Blandford,,,Blanks,98,State Senate,"Berkshire, Hampden, Franklin & Hampshire"
Blandford,,,Total Votes Cast,618,State Senate,"Berkshire, Hampden, Franklin & Hampshire"
Bolton,,,Robyn K. Kennedy,1786,State Senate,First Worcester
Bolton,,,Lisa K. Mair,854,State Senate,First Worcester
Bolton,,,All Others,238,State Senate,First Worcester
Bolton,,,Blanks,8,State Senate,First Worcester
Bolton,,,Total Votes Cast,2886,State Senate,First Worcester
Boston,1,1,Lydia Marie Edwards,611,State Senate,Third Suffolk
Boston,1,1,All Others,17,State Senate,Third Suffolk
Boston,1,1,Blanks,111,State Senate,Third Suffolk
Boston,1,1,Total Votes Cast,739,State Senate,Third Suffolk
Boston,1,10,Lydia Marie Edwards,241,State Senate,Third Suffolk
Boston,1,10,All Others,10,State Senate,Third Suffolk
Boston,1,10,Blanks,45,State Senate,Third Suffolk
Boston,1,10,Total Votes Cast,296,State Senate,Third Suffolk
Boston,1,11,Lydia Marie Edwards,512,State Senate,Third Suffolk
Boston,1,11,All Others,24,State Senate,Third Suffolk
Boston,1,11,Blanks,173,State Senate,Third Suffolk
Boston,1,11,Total Votes Cast,709,State Senate,Third Suffolk
Boston,1,12,Lydia Marie Edwards,459,State Senate,Third Suffolk
Boston,1,12,All Others,42,State Senate,Third Suffolk
Boston,1,12,Blanks,179,State Senate,Third Suffolk
Boston,1,12,Total Votes Cast,680,State Senate,Third Suffolk
Boston,1,13,Lydia Marie Edwards,603,State Senate,Third Suffolk
Boston,1,13,All Others,19,State Senate,Third Suffolk
Boston,1,13,Blanks,216,State Senate,Third Suffolk
Boston,1,13,Total Votes Cast,838,State Senate,Third Suffolk
Boston,1,14,Lydia Marie Edwards,269,State Senate,Third Suffolk
Boston,1,14,All Others,9,State Senate,Third Suffolk
Boston,1,14,Blanks,132,State Senate,Third Suffolk
Boston,1,14,Total Votes Cast,410,State Senate,Third Suffolk
Boston,1,15,Nicholas P. Collins,0,State Senate,First Suffolk
Boston,1,15,All Others,0,State Senate,First Suffolk
Boston,1,15,Blanks,0,State Senate,First Suffolk
Boston,1,15,Total Votes Cast,0,State Senate,First Suffolk
Boston,1,2,Lydia Marie Edwards,391,State Senate,Third Suffolk
Boston,1,2,All Others,18,State Senate,Third Suffolk
Boston,1,2,Blanks,85,State Senate,Third Suffolk
Boston,1,2,Total Votes Cast,494,State Senate,Third Suffolk
Boston,1,3,Lydia Marie Edwards,1149,State Senate,Third Suffolk
Boston,1,3,All Others,18,State Senate,Third Suffolk
Boston,1,3,Blanks,231,State Senate,Third Suffolk
Boston,1,3,Total Votes Cast,1398,State Senate,Third Suffolk
Boston,1,4,Lydia Marie Edwards,394,State Senate,Third Suffolk
Boston,1,4,All Others,13,State Senate,Third Suffolk
Boston,1,4,Blanks,99,State Senate,Third Suffolk
Boston,1,4,Total Votes Cast,506,State Senate,Third Suffolk
Boston,1,5,Lydia Marie Edwards,494,State Senate,Third Suffolk
Boston,1,5,All Others,15,State Senate,Third Suffolk
Boston,1,5,Blanks,108,State Senate,Third Suffolk
Boston,1,5,Total Votes Cast,617,State Senate,Third Suffolk
Boston,1,6,Lydia Marie Edwards,385,State Senate,Third Suffolk
Boston,1,6,All Others,8,State Senate,Third Suffolk
Boston,1,6,Blanks,97,State Senate,Third Suffolk
Boston,1,6,Total Votes Cast,490,State Senate,Third Suffolk
Boston,1,7,Lydia Marie Edwards,433,State Senate,Third Suffolk
Boston,1,7,All Others,12,State Senate,Third Suffolk
Boston,1,7,Blanks,85,State Senate,Third Suffolk
Boston,1,7,Total Votes Cast,530,State Senate,Third Suffolk
Boston,1,8,Lydia Marie Edwards,506,State Senate,Third Suffolk
Boston,1,8,All Others,15,State Senate,Third Suffolk
Boston,1,8,Blanks,116,State Senate,Third Suffolk
Boston,1,8,Total Votes Cast,637,State Senate,Third Suffolk
Boston,1,9,Lydia Marie Edwards,391,State Senate,Third Suffolk
Boston,1,9,All Others,13,State Senate,Third Suffolk
Boston,1,9,Blanks,79,State Senate,Third Suffolk
Boston,1,9,Total Votes Cast,483,State Senate,Third Suffolk
Boston,10,1,Liz Miranda,316,State Senate,Second Suffolk
Boston,10,1,All Others,4,State Senate,Second Suffolk
Boston,10,1,Blanks,73,State Senate,Second Suffolk
Boston,10,1,Total Votes Cast,393,State Senate,Second Suffolk
Boston,10,2,Liz Miranda,234,State Senate,Second Suffolk
Boston,10,2,All Others,4,State Senate,Second Suffolk
Boston,10,2,Blanks,41,State Senate,Second Suffolk
Boston,10,2,Total Votes Cast,279,State Senate,Second Suffolk
Boston,10,3,Liz Miranda,250,State Senate,Second Suffolk
Boston,10,3,All Others,5,State Senate,Second Suffolk
Boston,10,3,Blanks,31,State Senate,Second Suffolk
Boston,10,3,Total Votes Cast,286,State Senate,Second Suffolk
Boston,10,4,Liz Miranda,430,State Senate,Second Suffolk
Boston,10,4,All Others,10,State Senate,Second Suffolk
Boston,10,4,Blanks,173,State Senate,Second Suffolk
Boston,10,4,Total Votes Cast,613,State Senate,Second Suffolk
Boston,10,5,Liz Miranda,372,State Senate,Second Suffolk
Boston,10,5,All Others,9,State Senate,Second Suffolk
Boston,10,5,Blanks,60,State Senate,Second Suffolk
Boston,10,5,Total Votes Cast,441,State Senate,Second Suffolk
Boston,10,6,Liz Miranda,401,State Senate,Second Suffolk
Boston,10,6,All Others,11,State Senate,Second Suffolk
Boston,10,6,Blanks,58,State Senate,Second Suffolk
Boston,10,6,Total Votes Cast,470,State Senate,Second Suffolk
Boston,10,7,Liz Miranda,471,State Senate,Second Suffolk
Boston,10,7,All Others,2,State Senate,Second Suffolk
Boston,10,7,Blanks,66,State Senate,Second Suffolk
Boston,10,7,Total Votes Cast,539,State Senate,Second Suffolk
Boston,10,8,Liz Miranda,778,State Senate,Second Suffolk
Boston,10,8,All Others,12,State Senate,Second Suffolk
Boston,10,8,Blanks,137,State Senate,Second Suffolk
Boston,10,8,Total Votes Cast,927,State Senate,Second Suffolk
Boston,10,9,Liz Miranda,958,State Senate,Second Suffolk
Boston,10,9,All Others,7,State Senate,Second Suffolk
Boston,10,9,Blanks,130,State Senate,Second Suffolk
Boston,10,9,Total Votes Cast,1095,State Senate,Second Suffolk
Boston,10,9A,Michael F. Rush,0,State Senate,Norfolk and Suffolk
Boston,10,9A,All Others,0,State Senate,Norfolk and Suffolk
Boston,10,9A,Blanks,0,State Senate,Norfolk and Suffolk
Boston,10,9A,Total Votes Cast,0,State Senate,Norfolk and Suffolk
Boston,11,1,Liz Miranda,353,State Senate,Second Suffolk
Boston,11,1,All Others,6,State Senate,Second Suffolk
Boston,11,1,Blanks,37,State Senate,Second Suffolk
Boston,11,1,Total Votes Cast,396,State Senate,Second Suffolk
Boston,11,10,Liz Miranda,702,State Senate,Second Suffolk
Boston,11,10,All Others,4,State Senate,Second Suffolk
Boston,11,10,Blanks,69,State Senate,Second Suffolk
Boston,11,10,Total Votes Cast,775,State Senate,Second Suffolk
Boston,11,2,Liz Miranda,521,State Senate,Second Suffolk
Boston,11,2,All Others,6,State Senate,Second Suffolk
Boston,11,2,Blanks,59,State Senate,Second Suffolk
Boston,11,2,Total Votes Cast,586,State Senate,Second Suffolk
Boston,11,3,Liz Miranda,358,State Senate,Second Suffolk
Boston,11,3,All Others,5,State Senate,Second Suffolk
Boston,11,3,Blanks,48,State Senate,Second Suffolk
Boston,11,3,Total Votes Cast,411,State Senate,Second Suffolk
Boston,11,4,Liz Miranda,720,State Senate,Second Suffolk
Boston,11,4,All Others,13,State Senate,Second Suffolk
Boston,11,4,Blanks,86,State Senate,Second Suffolk
Boston,11,4,Total Votes Cast,819,State Senate,Second Suffolk
Boston,11,5,Liz Miranda,581,State Senate,Second Suffolk
Boston,11,5,All Others,23,State Senate,Second Suffolk
Boston,11,5,Blanks,78,State Senate,Second Suffolk
Boston,11,5,Total Votes Cast,682,State Senate,Second Suffolk
Boston,11,6,Liz Miranda,612,State Senate,Second Suffolk
Boston,11,6,All Others,3,State Senate,Second Suffolk
Boston,11,6,Blanks,73,State Senate,Second Suffolk
Boston,11,6,Total Votes Cast,688,State Senate,Second Suffolk
Boston,11,7,Liz Miranda,798,State Senate,Second Suffolk
Boston,11,7,All Others,4,State Senate,Second Suffolk
Boston,11,7,Blanks,94,State Senate,Second Suffolk
Boston,11,7,Total Votes Cast,896,State Senate,Second Suffolk
Boston,11,8,Liz Miranda,1124,State Senate,Second Suffolk
Boston,11,8,All Others,5,State Senate,Second Suffolk
Boston,11,8,Blanks,112,State Senate,Second Suffolk
Boston,11,8,Total Votes Cast,1241,State Senate,Second Suffolk
Boston,11,9,Liz Miranda,573,State Senate,Second Suffolk
Boston,11,9,All Others,3,State Senate,Second Suffolk
Boston,11,9,Blanks,73,State Senate,Second Suffolk
Boston,11,9,Total Votes Cast,649,State Senate,Second Suffolk
Boston,12,1,Liz Miranda,494,State Senate,Second Suffolk
Boston,12,1,All Others,4,State Senate,Second Suffolk
Boston,12,1,Blanks,66,State Senate,Second Suffolk
Boston,12,1,Total Votes Cast,564,State Senate,Second Suffolk
Boston,12,2,Liz Miranda,570,State Senate,Second Suffolk
Boston,12,2,All Others,6,State Senate,Second Suffolk
Boston,12,2,Blanks,79,State Senate,Second Suffolk
Boston,12,2,Total Votes Cast,655,State Senate,Second Suffolk
Boston,12,3,Liz Miranda,267,State Senate,Second Suffolk
Boston,12,3,All Others,4,State Senate,Second Suffolk
Boston,12,3,Blanks,39,State Senate,Second Suffolk
Boston,12,3,Total Votes Cast,310,State Senate,Second Suffolk
Boston,12,4,Liz Miranda,327,State Senate,Second Suffolk
Boston,12,4,All Others,5,State Senate,Second Suffolk
Boston,12,4,Blanks,47,State Senate,Second Suffolk
Boston,12,4,Total Votes Cast,379,State Senate,Second Suffolk
Boston,12,5,Liz Miranda,216,State Senate,Second Suffolk
Boston,12,5,All Others,7,State Senate,Second Suffolk
Boston,12,5,Blanks,44,State Senate,Second Suffolk
Boston,12,5,Total Votes Cast,267,State Senate,Second Suffolk
Boston,12,6,Liz Miranda,313,State Senate,Second Suffolk
Boston,12,6,All Others,3,State Senate,Second Suffolk
Boston,12,6,Blanks,34,State Senate,Second Suffolk
Boston,12,6,Total Votes Cast,350,State Senate,Second Suffolk
Boston,12,7,Liz Miranda,562,State Senate,Second Suffolk
Boston,12,7,All Others,6,State Senate,Second Suffolk
Boston,12,7,Blanks,91,State Senate,Second Suffolk
Boston,12,7,Total Votes Cast,659,State Senate,Second Suffolk
Boston,12,8,Liz Miranda,211,State Senate,Second Suffolk
Boston,12,8,All Others,4,State Senate,Second Suffolk
Boston,12,8,Blanks,30,State Senate,Second Suffolk
Boston,12,8,Total Votes Cast,245,State Senate,Second Suffolk
Boston,12,9,Liz Miranda,288,State Senate,Second Suffolk
Boston,12,9,All Others,5,State Senate,Second Suffolk
Boston,12,9,Blanks,48,State Senate,Second Suffolk
Boston,12,9,Total Votes Cast,341,State Senate,Second Suffolk
Boston,13,1,Liz Miranda,350,State Senate,Second Suffolk
Boston,13,1,All Others,9,State Senate,Second Suffolk
Boston,13,1,Blanks,38,State Senate,Second Suffolk
Boston,13,1,Total Votes Cast,397,State Senate,Second Suffolk
Boston,13,10,Nicholas P. Collins,736,State Senate,First Suffolk
Boston,13,10,All Others,17,State Senate,First Suffolk
Boston,13,10,Blanks,237,State Senate,First Suffolk
Boston,13,10,Total Votes Cast,990,State Senate,First Suffolk
Boston,13,2,Liz Miranda,160,State Senate,Second Suffolk
Boston,13,2,All Others,3,State Senate,Second Suffolk
Boston,13,2,Blanks,21,State Senate,Second Suffolk
Boston,13,2,Total Votes Cast,184,State Senate,Second Suffolk
Boston,13,3,Nicholas P. Collins,356,State Senate,First Suffolk
Boston,13,3,All Others,8,State Senate,First Suffolk
Boston,13,3,Blanks,62,State Senate,First Suffolk
Boston,13,3,Total Votes Cast,426,State Senate,First Suffolk
Boston,13,4,Liz Miranda,305,State Senate,Second Suffolk
Boston,13,4,All Others,4,State Senate,Second Suffolk
Boston,13,4,Blanks,33,State Senate,Second Suffolk
Boston,13,4,Total Votes Cast,342,State Senate,Second Suffolk
Boston,13,5,Nicholas P. Collins,305,State Senate,First Suffolk
Boston,13,5,All Others,4,State Senate,First Suffolk
Boston,13,5,Blanks,56,State Senate,First Suffolk
Boston,13,5,Total Votes Cast,365,State Senate,First Suffolk
Boston,13,6,Nicholas P. Collins,432,State Senate,First Suffolk
Boston,13,6,All Others,8,State Senate,First Suffolk
Boston,13,6,Blanks,74,State Senate,First Suffolk
Boston,13,6,Total Votes Cast,514,State Senate,First Suffolk
Boston,13,7,Nicholas P. Collins,476,State Senate,First Suffolk
Boston,13,7,All Others,16,State Senate,First Suffolk
Boston,13,7,Blanks,117,State Senate,First Suffolk
Boston,13,7,Total Votes Cast,609,State Senate,First Suffolk
Boston,13,8,Nicholas P. Collins,400,State Senate,First Suffolk
Boston,13,8,All Others,11,State Senate,First Suffolk
Boston,13,8,Blanks,107,State Senate,First Suffolk
Boston,13,8,Total Votes Cast,518,State Senate,First Suffolk
Boston,13,9,Nicholas P. Collins,481,State Senate,First Suffolk
Boston,13,9,All Others,14,State Senate,First Suffolk
Boston,13,9,Blanks,112,State Senate,First Suffolk
Boston,13,9,Total Votes Cast,607,State Senate,First Suffolk
Boston,14,1,Liz Miranda,550,State Senate,Second Suffolk
Boston,14,1,All Others,5,State Senate,Second Suffolk
Boston,14,1,Blanks,61,State Senate,Second Suffolk
Boston,14,1,Total Votes Cast,616,State Senate,Second Suffolk
Boston,14,10,Liz Miranda,320,State Senate,Second Suffolk
Boston,14,10,All Others,2,State Senate,Second Suffolk
Boston,14,10,Blanks,57,State Senate,Second Suffolk
Boston,14,10,Total Votes Cast,379,State Senate,Second Suffolk
Boston,14,11,Liz Miranda,315,State Senate,Second Suffolk
Boston,14,11,All Others,7,State Senate,Second Suffolk
Boston,14,11,Blanks,33,State Senate,Second Suffolk
Boston,14,11,Total Votes Cast,355,State Senate,Second Suffolk
Boston,14,12,Liz Miranda,190,State Senate,Second Suffolk
Boston,14,12,All Others,2,State Senate,Second Suffolk
Boston,14,12,Blanks,29,State Senate,Second Suffolk
Boston,14,12,Total Votes Cast,221,State Senate,Second Suffolk
Boston,14,13,Liz Miranda,317,State Senate,Second Suffolk
Boston,14,13,All Others,5,State Senate,Second Suffolk
Boston,14,13,Blanks,43,State Senate,Second Suffolk
Boston,14,13,Total Votes Cast,365,State Senate,Second Suffolk
Boston,14,14,Liz Miranda,320,State Senate,Second Suffolk
Boston,14,14,All Others,3,State Senate,Second Suffolk
Boston,14,14,Blanks,52,State Senate,Second Suffolk
Boston,14,14,Total Votes Cast,375,State Senate,Second Suffolk
Boston,14,2,Liz Miranda,595,State Senate,Second Suffolk
Boston,14,2,All Others,6,State Senate,Second Suffolk
Boston,14,2,Blanks,78,State Senate,Second Suffolk
Boston,14,2,Total Votes Cast,679,State Senate,Second Suffolk
Boston,14,3,Liz Miranda,291,State Senate,Second Suffolk
Boston,14,3,All Others,0,State Senate,Second Suffolk
Boston,14,3,Blanks,34,State Senate,Second Suffolk
Boston,14,3,Total Votes Cast,325,State Senate,Second Suffolk
Boston,14,4,Liz Miranda,374,State Senate,Second Suffolk
Boston,14,4,All Others,6,State Senate,Second Suffolk
Boston,14,4,Blanks,45,State Senate,Second Suffolk
Boston,14,4,Total Votes Cast,425,State Senate,Second Suffolk
Boston,14,5,Liz Miranda,267,State Senate,Second Suffolk
Boston,14,5,All Others,1,State Senate,Second Suffolk
Boston,14,5,Blanks,26,State Senate,Second Suffolk
Boston,14,5,Total Votes Cast,294,State Senate,Second Suffolk
Boston,14,6,Liz Miranda,290,State Senate,Second Suffolk
Boston,14,6,All Others,4,State Senate,Second Suffolk
Boston,14,6,Blanks,37,State Senate,Second Suffolk
Boston,14,6,Total Votes Cast,331,State Senate,Second Suffolk
Boston,14,7,Liz Miranda,280,State Senate,Second Suffolk
Boston,14,7,All Others,7,State Senate,Second Suffolk
Boston,14,7,Blanks,32,State Senate,Second Suffolk
Boston,14,7,Total Votes Cast,319,State Senate,Second Suffolk
Boston,14,8,Liz Miranda,420,State Senate,Second Suffolk
Boston,14,8,All Others,4,State Senate,Second Suffolk
Boston,14,8,Blanks,53,State Senate,Second Suffolk
Boston,14,8,Total Votes Cast,477,State Senate,Second Suffolk
Boston,14,9,Liz Miranda,272,State Senate,Second Suffolk
Boston,14,9,All Others,2,State Senate,Second Suffolk
Boston,14,9,Blanks,33,State Senate,Second Suffolk
Boston,14,9,Total Votes Cast,307,State Senate,Second Suffolk
Boston,15,1,Nicholas P. Collins,384,State Senate,First Suffolk
Boston,15,1,All Others,7,State Senate,First Suffolk
Boston,15,1,Blanks,64,State Senate,First Suffolk
Boston,15,1,Total Votes Cast,455,State Senate,First Suffolk
Boston,15,2,Nicholas P. Collins,236,State Senate,First Suffolk
Boston,15,2,All Others,1,State Senate,First Suffolk
Boston,15,2,Blanks,48,State Senate,First Suffolk
Boston,15,2,Total Votes Cast,285,State Senate,First Suffolk
Boston,15,3,Nicholas P. Collins,149,State Senate,First Suffolk
Boston,15,3,All Others,5,State Senate,First Suffolk
Boston,15,3,Blanks,25,State Senate,First Suffolk
Boston,15,3,Total Votes Cast,179,State Senate,First Suffolk
Boston,15,4,Nicholas P. Collins,404,State Senate,First Suffolk
Boston,15,4,All Others,14,State Senate,First Suffolk
Boston,15,4,Blanks,84,State Senate,First Suffolk
Boston,15,4,Total Votes Cast,502,State Senate,First Suffolk
Boston,15,5,Nicholas P. Collins,289,State Senate,First Suffolk
Boston,15,5,All Others,5,State Senate,First Suffolk
Boston,15,5,Blanks,68,State Senate,First Suffolk
Boston,15,5,Total Votes Cast,362,State Senate,First Suffolk
Boston,15,6,Nicholas P. Collins,254,State Senate,First Suffolk
Boston,15,6,All Others,11,State Senate,First Suffolk
Boston,15,6,Blanks,97,State Senate,First Suffolk
Boston,15,6,Total Votes Cast,362,State Senate,First Suffolk
Boston,15,7,Nicholas P. Collins,272,State Senate,First Suffolk
Boston,15,7,All Others,2,State Senate,First Suffolk
Boston,15,7,Blanks,61,State Senate,First Suffolk
Boston,15,7,Total Votes Cast,335,State Senate,First Suffolk
Boston,15,8,Nicholas P. Collins,246,State Senate,First Suffolk
Boston,15,8,All Others,10,State Senate,First Suffolk
Boston,15,8,Blanks,68,State Senate,First Suffolk
Boston,15,8,Total Votes Cast,324,State Senate,First Suffolk
Boston,15,9,Nicholas P. Collins,232,State Senate,First Suffolk
Boston,15,9,All Others,7,State Senate,First Suffolk
Boston,15,9,Blanks,97,State Senate,First Suffolk
Boston,15,9,Total Votes Cast,336,State Senate,First Suffolk
Boston,16,1,Nicholas P. Collins,290,State Senate,First Suffolk
Boston,16,1,All Others,10,State Senate,First Suffolk
Boston,16,1,Blanks,75,State Senate,First Suffolk
Boston,16,1,Total Votes Cast,375,State Senate,First Suffolk
Boston,16,10,Nicholas P. Collins,502,State Senate,First Suffolk
Boston,16,10,All Others,23,State Senate,First Suffolk
Boston,16,10,Blanks,156,State Senate,First Suffolk
Boston,16,10,Total Votes Cast,681,State Senate,First Suffolk
Boston,16,11,Nicholas P. Collins,382,State Senate,First Suffolk
Boston,16,11,All Others,10,State Senate,First Suffolk
Boston,16,11,Blanks,103,State Senate,First Suffolk
Boston,16,11,Total Votes Cast,495,State Senate,First Suffolk
Boston,16,12,Nicholas P. Collins,610,State Senate,First Suffolk
Boston,16,12,All Others,15,State Senate,First Suffolk
Boston,16,12,Blanks,212,State Senate,First Suffolk
Boston,16,12,Total Votes Cast,837,State Senate,First Suffolk
Boston,16,2,Nicholas P. Collins,342,State Senate,First Suffolk
Boston,16,2,All Others,10,State Senate,First Suffolk
Boston,16,2,Blanks,91,State Senate,First Suffolk
Boston,16,2,Total Votes Cast,443,State Senate,First Suffolk
Boston,16,3,Nicholas P. Collins,400,State Senate,First Suffolk
Boston,16,3,All Others,12,State Senate,First Suffolk
Boston,16,3,Blanks,130,State Senate,First Suffolk
Boston,16,3,Total Votes Cast,542,State Senate,First Suffolk
Boston,16,4,Nicholas P. Collins,401,State Senate,First Suffolk
Boston,16,4,All Others,8,State Senate,First Suffolk
Boston,16,4,Blanks,107,State Senate,First Suffolk
Boston,16,4,Total Votes Cast,516,State Senate,First Suffolk
Boston,16,5,Nicholas P. Collins,494,State Senate,First Suffolk
Boston,16,5,All Others,11,State Senate,First Suffolk
Boston,16,5,Blanks,117,State Senate,First Suffolk
Boston,16,5,Total Votes Cast,622,State Senate,First Suffolk
Boston,16,6,Nicholas P. Collins,596,State Senate,First Suffolk
Boston,16,6,All Others,9,State Senate,First Suffolk
Boston,16,6,Blanks,167,State Senate,First Suffolk
Boston,16,6,Total Votes Cast,772,State Senate,First Suffolk
Boston,16,7,Nicholas P. Collins,525,State Senate,First Suffolk
Boston,16,7,All Others,14,State Senate,First Suffolk
Boston,16,7,Blanks,152,State Senate,First Suffolk
Boston,16,7,Total Votes Cast,691,State Senate,First Suffolk
Boston,16,8,Nicholas P. Collins,828,State Senate,First Suffolk
Boston,16,8,All Others,22,State Senate,First Suffolk
Boston,16,8,Blanks,242,State Senate,First Suffolk
Boston,16,8,Total Votes Cast,1092,State Senate,First Suffolk
Boston,16,9,Nicholas P. Collins,632,State Senate,First Suffolk
Boston,16,9,All Others,20,State Senate,First Suffolk
Boston,16,9,Blanks,243,State Senate,First Suffolk
Boston,16,9,Total Votes Cast,895,State Senate,First Suffolk
Boston,17,1,Nicholas P. Collins,321,State Senate,First Suffolk
Boston,17,1,All Others,5,State Senate,First Suffolk
Boston,17,1,Blanks,54,State Senate,First Suffolk
Boston,17,1,Total Votes Cast,380,State Senate,First Suffolk
Boston,17,10,Nicholas P. Collins,455,State Senate,First Suffolk
Boston,17,10,All Others,6,State Senate,First Suffolk
Boston,17,10,Blanks,78,State Senate,First Suffolk
Boston,17,10,Total Votes Cast,539,State Senate,First Suffolk
Boston,17,11,Nicholas P. Collins,204,State Senate,First Suffolk
Boston,17,11,All Others,1,State Senate,First Suffolk
Boston,17,11,Blanks,38,State Senate,First Suffolk
Boston,17,11,Total Votes Cast,243,State Senate,First Suffolk
Boston,17,12,Nicholas P. Collins,352,State Senate,First Suffolk
Boston,17,12,All Others,3,State Senate,First Suffolk
Boston,17,12,Blanks,69,State Senate,First Suffolk
Boston,17,12,Total Votes Cast,424,State Senate,First Suffolk
Boston,17,13,Nicholas P. Collins,530,State Senate,First Suffolk
Boston,17,13,All Others,11,State Senate,First Suffolk
Boston,17,13,Blanks,134,State Senate,First Suffolk
Boston,17,13,Total Votes Cast,675,State Senate,First Suffolk
Boston,17,14,Nicholas P. Collins,568,State Senate,First Suffolk
Boston,17,14,All Others,14,State Senate,First Suffolk
Boston,17,14,Blanks,133,State Senate,First Suffolk
Boston,17,14,Total Votes Cast,715,State Senate,First Suffolk
Boston,17,2,Nicholas P. Collins,246,State Senate,First Suffolk
Boston,17,2,All Others,3,State Senate,First Suffolk
Boston,17,2,Blanks,41,State Senate,First Suffolk
Boston,17,2,Total Votes Cast,290,State Senate,First Suffolk
Boston,17,3,Nicholas P. Collins,570,State Senate,First Suffolk
Boston,17,3,All Others,10,State Senate,First Suffolk
Boston,17,3,Blanks,120,State Senate,First Suffolk
Boston,17,3,Total Votes Cast,700,State Senate,First Suffolk
Boston,17,4,Nicholas P. Collins,738,State Senate,First Suffolk
Boston,17,4,All Others,12,State Senate,First Suffolk
Boston,17,4,Blanks,153,State Senate,First Suffolk
Boston,17,4,Total Votes Cast,903,State Senate,First Suffolk
Boston,17,5,Nicholas P. Collins,219,State Senate,First Suffolk
Boston,17,5,All Others,7,State Senate,First Suffolk
Boston,17,5,Blanks,35,State Senate,First Suffolk
Boston,17,5,Total Votes Cast,261,State Senate,First Suffolk
Boston,17,6,Nicholas P. Collins,446,State Senate,First Suffolk
Boston,17,6,All Others,10,State Senate,First Suffolk
Boston,17,6,Blanks,86,State Senate,First Suffolk
Boston,17,6,Total Votes Cast,542,State Senate,First Suffolk
Boston,17,7,Nicholas P. Collins,234,State Senate,First Suffolk
Boston,17,7,All Others,7,State Senate,First Suffolk
Boston,17,7,Blanks,40,State Senate,First Suffolk
Boston,17,7,Total Votes Cast,281,State Senate,First Suffolk
Boston,17,8,Nicholas P. Collins,367,State Senate,First Suffolk
Boston,17,8,All Others,8,State Senate,First Suffolk
Boston,17,8,Blanks,58,State Senate,First Suffolk
Boston,17,8,Total Votes Cast,433,State Senate,First Suffolk
Boston,17,9,Nicholas P. Collins,394,State Senate,First Suffolk
Boston,17,9,All Others,5,State Senate,First Suffolk
Boston,17,9,Blanks,91,State Senate,First Suffolk
Boston,17,9,Total Votes Cast,490,State Senate,First Suffolk
Boston,18,1,Liz Miranda,750,State Senate,Second Suffolk
Boston,18,1,All Others,6,State Senate,Second Suffolk
Boston,18,1,Blanks,89,State Senate,Second Suffolk
Boston,18,1,Total Votes Cast,845,State Senate,Second Suffolk
Boston,18,10,Michael F. Rush,1028,State Senate,Norfolk and Suffolk
Boston,18,10,All Others,15,State Senate,Norfolk and Suffolk
Boston,18,10,Blanks,236,State Senate,Norfolk and Suffolk
Boston,18,10,Total Votes Cast,1279,State Senate,Norfolk and Suffolk
Boston,18,11,Michael F. Rush,469,State Senate,Norfolk and Suffolk
Boston,18,11,All Others,4,State Senate,Norfolk and Suffolk
Boston,18,11,Blanks,85,State Senate,Norfolk and Suffolk
Boston,18,11,Total Votes Cast,558,State Senate,Norfolk and Suffolk
Boston,18,12,Michael F. Rush,586,State Senate,Norfolk and Suffolk
Boston,18,12,All Others,9,State Senate,Norfolk and Suffolk
Boston,18,12,Blanks,165,State Senate,Norfolk and Suffolk
Boston,18,12,Total Votes Cast,760,State Senate,Norfolk and Suffolk
Boston,18,13,Liz Miranda,362,State Senate,Second Suffolk
Boston,18,13,All Others,4,State Senate,Second Suffolk
Boston,18,13,Blanks,59,State Senate,Second Suffolk
Boston,18,13,Total Votes Cast,425,State Senate,Second Suffolk
Boston,18,14,Liz Miranda,364,State Senate,Second Suffolk
Boston,18,14,All Others,3,State Senate,Second Suffolk
Boston,18,14,Blanks,58,State Senate,Second Suffolk
Boston,18,14,Total Votes Cast,425,State Senate,Second Suffolk
Boston,18,15,Liz Miranda,550,State Senate,Second Suffolk
Boston,18,15,All Others,4,State Senate,Second Suffolk
Boston,18,15,Blanks,97,State Senate,Second Suffolk
Boston,18,15,Total Votes Cast,651,State Senate,Second Suffolk
Boston,18,16,Michael F. Rush,673,State Senate,Norfolk and Suffolk
Boston,18,16,All Others,16,State Senate,Norfolk and Suffolk
Boston,18,16,Blanks,248,State Senate,Norfolk and Suffolk
Boston,18,16,Total Votes Cast,937,State Senate,Norfolk and Suffolk
Boston,18,17,Michael F. Rush,541,State Senate,Norfolk and Suffolk
Boston,18,17,All Others,13,State Senate,Norfolk and Suffolk
Boston,18,17,Blanks,137,State Senate,Norfolk and Suffolk
Boston,18,17,Total Votes Cast,691,State Senate,Norfolk and Suffolk
Boston,18,18,Liz Miranda,648,State Senate,Second Suffolk
Boston,18,18,All Others,10,State Senate,Second Suffolk
Boston,18,18,Blanks,183,State Senate,Second Suffolk
Boston,18,18,Total Votes Cast,841,State Senate,Second Suffolk
Boston,18,19,Michael F. Rush,916,State Senate,Norfolk and Suffolk
Boston,18,19,All Others,11,State Senate,Norfolk and Suffolk
Boston,18,19,Blanks,236,State Senate,Norfolk and Suffolk
Boston,18,19,Total Votes Cast,1163,State Senate,Norfolk and Suffolk
Boston,18,2,Liz Miranda,495,State Senate,Second Suffolk
Boston,18,2,All Others,5,State Senate,Second Suffolk
Boston,18,2,Blanks,61,State Senate,Second Suffolk
Boston,18,2,Total Votes Cast,561,State Senate,Second Suffolk
Boston,18,20,Michael F. Rush,802,State Senate,Norfolk and Suffolk
Boston,18,20,All Others,23,State Senate,Norfolk and Suffolk
Boston,18,20,Blanks,252,State Senate,Norfolk and Suffolk
Boston,18,20,Total Votes Cast,1077,State Senate,Norfolk and Suffolk
Boston,18,21,Liz Miranda,693,State Senate,Second Suffolk
Boston,18,21,All Others,3,State Senate,Second Suffolk
Boston,18,21,Blanks,107,State Senate,Second Suffolk
Boston,18,21,Total Votes Cast,803,State Senate,Second Suffolk
Boston,18,22,Michael F. Rush,748,State Senate,Norfolk and Suffolk
Boston,18,22,All Others,15,State Senate,Norfolk and Suffolk
Boston,18,22,Blanks,241,State Senate,Norfolk and Suffolk
Boston,18,22,Total Votes Cast,1004,State Senate,Norfolk and Suffolk
Boston,18,23,Michael F. Rush,349,State Senate,Norfolk and Suffolk
Boston,18,23,All Others,5,State Senate,Norfolk and Suffolk
Boston,18,23,Blanks,74,State Senate,Norfolk and Suffolk
Boston,18,23,Total Votes Cast,428,State Senate,Norfolk and Suffolk
Boston,18,3,Liz Miranda,559,State Senate,Second Suffolk
Boston,18,3,All Others,4,State Senate,Second Suffolk
Boston,18,3,Blanks,68,State Senate,Second Suffolk
Boston,18,3,Total Votes Cast,631,State Senate,Second Suffolk
Boston,18,4,Liz Miranda,580,State Senate,Second Suffolk
Boston,18,4,All Others,4,State Senate,Second Suffolk
Boston,18,4,Blanks,79,State Senate,Second Suffolk
Boston,18,4,Total Votes Cast,663,State Senate,Second Suffolk
Boston,18,5,Liz Miranda,651,State Senate,Second Suffolk
Boston,18,5,All Others,3,State Senate,Second Suffolk
Boston,18,5,Blanks,79,State Senate,Second Suffolk
Boston,18,5,Total Votes Cast,733,State Senate,Second Suffolk
Boston,18,6,Liz Miranda,800,State Senate,Second Suffolk
Boston,18,6,All Others,15,State Senate,Second Suffolk
Boston,18,6,Blanks,103,State Senate,Second Suffolk
Boston,18,6,Total Votes Cast,918,State Senate,Second Suffolk
Boston,18,7,Liz Miranda,571,State Senate,Second Suffolk
Boston,18,7,All Others,15,State Senate,Second Suffolk
Boston,18,7,Blanks,103,State Senate,Second Suffolk
Boston,18,7,Total Votes Cast,689,State Senate,Second Suffolk
Boston,18,8,Liz Miranda,944,State Senate,Second Suffolk
Boston,18,8,All Others,11,State Senate,Second Suffolk
Boston,18,8,Blanks,165,State Senate,Second Suffolk
Boston,18,8,Total Votes Cast,1120,State Senate,Second Suffolk
Boston,18,9,Michael F. Rush,644,State Senate,Norfolk and Suffolk
Boston,18,9,All Others,15,State Senate,Norfolk and Suffolk
Boston,18,9,Blanks,163,State Senate,Norfolk and Suffolk
Boston,18,9,Total Votes Cast,822,State Senate,Norfolk and Suffolk
Boston,19,1,Liz Miranda,732,State Senate,Second Suffolk
Boston,19,1,All Others,7,State Senate,Second Suffolk
Boston,19,1,Blanks,88,State Senate,Second Suffolk
Boston,19,1,Total Votes Cast,827,State Senate,Second Suffolk
Boston,19,10,Michael F. Rush,811,State Senate,Norfolk and Suffolk
Boston,19,10,All Others,11,State Senate,Norfolk and Suffolk
Boston,19,10,Blanks,169,State Senate,Norfolk and Suffolk
Boston,19,10,Total Votes Cast,991,State Senate,Norfolk and Suffolk
Boston,19,11,Michael F. Rush,490,State Senate,Norfolk and Suffolk
Boston,19,11,All Others,5,State Senate,Norfolk and Suffolk
Boston,19,11,Blanks,95,State Senate,Norfolk and Suffolk
Boston,19,11,Total Votes Cast,590,State Senate,Norfolk and Suffolk
Boston,19,12,Liz Miranda,638,State Senate,Second Suffolk
Boston,19,12,All Others,6,State Senate,Second Suffolk
Boston,19,12,Blanks,117,State Senate,Second Suffolk
Boston,19,12,Total Votes Cast,761,State Senate,Second Suffolk
Boston,19,13,Michael F. Rush,455,State Senate,Norfolk and Suffolk
Boston,19,13,All Others,2,State Senate,Norfolk and Suffolk
Boston,19,13,Blanks,83,State Senate,Norfolk and Suffolk
Boston,19,13,Total Votes Cast,540,State Senate,Norfolk and Suffolk
Boston,19,2,Michael F. Rush,818,State Senate,Norfolk and Suffolk
Boston,19,2,All Others,11,State Senate,Norfolk and Suffolk
Boston,19,2,Blanks,266,State Senate,Norfolk and Suffolk
Boston,19,2,Total Votes Cast,1095,State Senate,Norfolk and Suffolk
Boston,19,3,Michael F. Rush,460,State Senate,Norfolk and Suffolk
Boston,19,3,All Others,5,State Senate,Norfolk and Suffolk
Boston,19,3,Blanks,105,State Senate,Norfolk and Suffolk
Boston,19,3,Total Votes Cast,570,State Senate,Norfolk and Suffolk
Boston,19,4,Liz Miranda,1018,State Senate,Second Suffolk
Boston,19,4,All Others,9,State Senate,Second Suffolk
Boston,19,4,Blanks,122,State Senate,Second Suffolk
Boston,19,4,Total Votes Cast,1149,State Senate,Second Suffolk
Boston,19,5,Michael F. Rush,671,State Senate,Norfolk and Suffolk
Boston,19,5,All Others,4,State Senate,Norfolk and Suffolk
Boston,19,5,Blanks,154,State Senate,Norfolk and Suffolk
Boston,19,5,Total Votes Cast,829,State Senate,Norfolk and Suffolk
Boston,19,6,Liz Miranda,1077,State Senate,Second Suffolk
Boston,19,6,All Others,10,State Senate,Second Suffolk
Boston,19,6,Blanks,138,State Senate,Second Suffolk
Boston,19,6,Total Votes Cast,1225,State Senate,Second Suffolk
Boston,19,7,Liz Miranda,804,State Senate,Second Suffolk
Boston,19,7,All Others,8,State Senate,Second Suffolk
Boston,19,7,Blanks,100,State Senate,Second Suffolk
Boston,19,7,Total Votes Cast,912,State Senate,Second Suffolk
Boston,19,8,Michael F. Rush,594,State Senate,Norfolk and Suffolk
Boston,19,8,All Others,12,State Senate,Norfolk and Suffolk
Boston,19,8,Blanks,173,State Senate,Norfolk and Suffolk
Boston,19,8,Total Votes Cast,779,State Senate,Norfolk and Suffolk
Boston,19,9,Michael F. Rush,454,State Senate,Norfolk and Suffolk
Boston,19,9,All Others,4,State Senate,Norfolk and Suffolk
Boston,19,9,Blanks,88,State Senate,Norfolk and Suffolk
Boston,19,9,Total Votes Cast,546,State Senate,Norfolk and Suffolk
Boston,2,1,Sal N. DiDomenico,842,State Senate,Middlesex and Suffolk
Boston,2,1,All Others,16,State Senate,Middlesex and Suffolk
Boston,2,1,Blanks,251,State Senate,Middlesex and Suffolk
Boston,2,1,Total Votes Cast,1109,State Senate,Middlesex and Suffolk
Boston,2,2,Sal N. DiDomenico,814,State Senate,Middlesex and Suffolk
Boston,2,2,All Others,11,State Senate,Middlesex and Suffolk
Boston,2,2,Blanks,212,State Senate,Middlesex and Suffolk
Boston,2,2,Total Votes Cast,1037,State Senate,Middlesex and Suffolk
Boston,2,3,Sal N. DiDomenico,949,State Senate,Middlesex and Suffolk
Boston,2,3,All Others,27,State Senate,Middlesex and Suffolk
Boston,2,3,Blanks,256,State Senate,Middlesex and Suffolk
Boston,2,3,Total Votes Cast,1232,State Senate,Middlesex and Suffolk
Boston,2,4,Sal N. DiDomenico,850,State Senate,Middlesex and Suffolk
Boston,2,4,All Others,7,State Senate,Middlesex and Suffolk
Boston,2,4,Blanks,219,State Senate,Middlesex and Suffolk
Boston,2,4,Total Votes Cast,1076,State Senate,Middlesex and Suffolk
Boston,2,5,Sal N. DiDomenico,909,State Senate,Middlesex and Suffolk
Boston,2,5,All Others,11,State Senate,Middlesex and Suffolk
Boston,2,5,Blanks,210,State Senate,Middlesex and Suffolk
Boston,2,5,Total Votes Cast,1130,State Senate,Middlesex and Suffolk
Boston,2,6,Sal N. DiDomenico,741,State Senate,Middlesex and Suffolk
Boston,2,6,All Others,11,State Senate,Middlesex and Suffolk
Boston,2,6,Blanks,199,State Senate,Middlesex and Suffolk
Boston,2,6,Total Votes Cast,951,State Senate,Middlesex and Suffolk
Boston,2,7,Sal N. DiDomenico,501,State Senate,Middlesex and Suffolk
Boston,2,7,All Others,5,State Senate,Middlesex and Suffolk
Boston,2,7,Blanks,121,State Senate,Middlesex and Suffolk
Boston,2,7,Total Votes Cast,627,State Senate,Middlesex and Suffolk
Boston,2,8,Sal N. DiDomenico,334,State Senate,Middlesex and Suffolk
Boston,2,8,All Others,10,State Senate,Middlesex and Suffolk
Boston,2,8,Blanks,120,State Senate,Middlesex and Suffolk
Boston,2,8,Total Votes Cast,464,State Senate,Middlesex and Suffolk
Boston,20,1,Michael F. Rush,720,State Senate,Norfolk and Suffolk
Boston,20,1,All Others,12,State Senate,Norfolk and Suffolk
Boston,20,1,Blanks,234,State Senate,Norfolk and Suffolk
Boston,20,1,Total Votes Cast,966,State Senate,Norfolk and Suffolk
Boston,20,10,Michael F. Rush,951,State Senate,Norfolk and Suffolk
Boston,20,10,All Others,22,State Senate,Norfolk and Suffolk
Boston,20,10,Blanks,260,State Senate,Norfolk and Suffolk
Boston,20,10,Total Votes Cast,1233,State Senate,Norfolk and Suffolk
Boston,20,11,Michael F. Rush,457,State Senate,Norfolk and Suffolk
Boston,20,11,All Others,14,State Senate,Norfolk and Suffolk
Boston,20,11,Blanks,113,State Senate,Norfolk and Suffolk
Boston,20,11,Total Votes Cast,584,State Senate,Norfolk and Suffolk
Boston,20,12,Michael F. Rush,561,State Senate,Norfolk and Suffolk
Boston,20,12,All Others,17,State Senate,Norfolk and Suffolk
Boston,20,12,Blanks,178,State Senate,Norfolk and Suffolk
Boston,20,12,Total Votes Cast,756,State Senate,Norfolk and Suffolk
Boston,20,13,Michael F. Rush,502,State Senate,Norfolk and Suffolk
Boston,20,13,All Others,9,State Senate,Norfolk and Suffolk
Boston,20,13,Blanks,148,State Senate,Norfolk and Suffolk
Boston,20,13,Total Votes Cast,659,State Senate,Norfolk and Suffolk
Boston,20,14,Michael F. Rush,505,State Senate,Norfolk and Suffolk
Boston,20,14,All Others,12,State Senate,Norfolk and Suffolk
Boston,20,14,Blanks,151,State Senate,Norfolk and Suffolk
Boston,20,14,Total Votes Cast,668,State Senate,Norfolk and Suffolk
Boston,20,15,Michael F. Rush,799,State Senate,Norfolk and Suffolk
Boston,20,15,All Others,27,State Senate,Norfolk and Suffolk
Boston,20,15,Blanks,252,State Senate,Norfolk and Suffolk
Boston,20,15,Total Votes Cast,1078,State Senate,Norfolk and Suffolk
Boston,20,16,Michael F. Rush,863,State Senate,Norfolk and Suffolk
Boston,20,16,All Others,30,State Senate,Norfolk and Suffolk
Boston,20,16,Blanks,260,State Senate,Norfolk and Suffolk
Boston,20,16,Total Votes Cast,1153,State Senate,Norfolk and Suffolk
Boston,20,17,Michael F. Rush,981,State Senate,Norfolk and Suffolk
Boston,20,17,All Others,34,State Senate,Norfolk and Suffolk
Boston,20,17,Blanks,295,State Senate,Norfolk and Suffolk
Boston,20,17,Total Votes Cast,1310,State Senate,Norfolk and Suffolk
Boston,20,18,Michael F. Rush,533,State Senate,Norfolk and Suffolk
Boston,20,18,All Others,10,State Senate,Norfolk and Suffolk
Boston,20,18,Blanks,135,State Senate,Norfolk and Suffolk
Boston,20,18,Total Votes Cast,678,State Senate,Norfolk and Suffolk
Boston,20,19,Michael F. Rush,539,State Senate,Norfolk and Suffolk
Boston,20,19,All Others,10,State Senate,Norfolk and Suffolk
Boston,20,19,Blanks,157,State Senate,Norfolk and Suffolk
Boston,20,19,Total Votes Cast,706,State Senate,Norfolk and Suffolk
Boston,20,2,Michael F. Rush,727,State Senate,Norfolk and Suffolk
Boston,20,2,All Others,23,State Senate,Norfolk and Suffolk
Boston,20,2,Blanks,184,State Senate,Norfolk and Suffolk
Boston,20,2,Total Votes Cast,934,State Senate,Norfolk and Suffolk
Boston,20,20,Michael F. Rush,830,State Senate,Norfolk and Suffolk
Boston,20,20,All Others,23,State Senate,Norfolk and Suffolk
Boston,20,20,Blanks,201,State Senate,Norfolk and Suffolk
Boston,20,20,Total Votes Cast,1054,State Senate,Norfolk and Suffolk
Boston,20,21,Michael F. Rush,69,State Senate,Norfolk and Suffolk
Boston,20,21,All Others,1,State Senate,Norfolk and Suffolk
Boston,20,21,Blanks,14,State Senate,Norfolk and Suffolk
Boston,20,21,Total Votes Cast,84,State Senate,Norfolk and Suffolk
Boston,20,3,Michael F. Rush,577,State Senate,Norfolk and Suffolk
Boston,20,3,All Others,11,State Senate,Norfolk and Suffolk
Boston,20,3,Blanks,192,State Senate,Norfolk and Suffolk
Boston,20,3,Total Votes Cast,780,State Senate,Norfolk and Suffolk
Boston,20,4,Michael F. Rush,682,State Senate,Norfolk and Suffolk
Boston,20,4,All Others,12,State Senate,Norfolk and Suffolk
Boston,20,4,Blanks,195,State Senate,Norfolk and Suffolk
Boston,20,4,Total Votes Cast,889,State Senate,Norfolk and Suffolk
Boston,20,5,Michael F. Rush,733,State Senate,Norfolk and Suffolk
Boston,20,5,All Others,19,State Senate,Norfolk and Suffolk
Boston,20,5,Blanks,235,State Senate,Norfolk and Suffolk
Boston,20,5,Total Votes Cast,987,State Senate,Norfolk and Suffolk
Boston,20,6,Michael F. Rush,882,State Senate,Norfolk and Suffolk
Boston,20,6,All Others,23,State Senate,Norfolk and Suffolk
Boston,20,6,Blanks,251,State Senate,Norfolk and Suffolk
Boston,20,6,Total Votes Cast,1156,State Senate,Norfolk and Suffolk
Boston,20,7,Michael F. Rush,529,State Senate,Norfolk and Suffolk
Boston,20,7,All Others,14,State Senate,Norfolk and Suffolk
Boston,20,7,Blanks,127,State Senate,Norfolk and Suffolk
Boston,20,7,Total Votes Cast,670,State Senate,Norfolk and Suffolk
Boston,20,8,Michael F. Rush,620,State Senate,Norfolk and Suffolk
Boston,20,8,All Others,4,State Senate,Norfolk and Suffolk
Boston,20,8,Blanks,154,State Senate,Norfolk and Suffolk
Boston,20,8,Total Votes Cast,778,State Senate,Norfolk and Suffolk
Boston,20,9,Michael F. Rush,641,State Senate,Norfolk and Suffolk
Boston,20,9,All Others,11,State Senate,Norfolk and Suffolk
Boston,20,9,Blanks,159,State Senate,Norfolk and Suffolk
Boston,20,9,Total Votes Cast,811,State Senate,Norfolk and Suffolk
Boston,21,1,William N. Brownsberger,599,State Senate,Suffolk and Middlesex
Boston,21,1,All Others,7,State Senate,Suffolk and Middlesex
Boston,21,1,Blanks,86,State Senate,Suffolk and Middlesex
Boston,21,1,Total Votes Cast,692,State Senate,Suffolk and Middlesex
Boston,21,10,William N. Brownsberger,523,State Senate,Suffolk and Middlesex
Boston,21,10,All Others,4,State Senate,Suffolk and Middlesex
Boston,21,10,Blanks,79,State Senate,Suffolk and Middlesex
Boston,21,10,Total Votes Cast,606,State Senate,Suffolk and Middlesex
Boston,21,11,William N. Brownsberger,654,State Senate,Suffolk and Middlesex
Boston,21,11,All Others,10,State Senate,Suffolk and Middlesex
Boston,21,11,Blanks,113,State Senate,Suffolk and Middlesex
Boston,21,11,Total Votes Cast,777,State Senate,Suffolk and Middlesex
Boston,21,12,William N. Brownsberger,543,State Senate,Suffolk and Middlesex
Boston,21,12,All Others,11,State Senate,Suffolk and Middlesex
Boston,21,12,Blanks,136,State Senate,Suffolk and Middlesex
Boston,21,12,Total Votes Cast,690,State Senate,Suffolk and Middlesex
Boston,21,13,William N. Brownsberger,685,State Senate,Suffolk and Middlesex
Boston,21,13,All Others,15,State Senate,Suffolk and Middlesex
Boston,21,13,Blanks,223,State Senate,Suffolk and Middlesex
Boston,21,13,Total Votes Cast,923,State Senate,Suffolk and Middlesex
Boston,21,14,William N. Brownsberger,397,State Senate,Suffolk and Middlesex
Boston,21,14,All Others,6,State Senate,Suffolk and Middlesex
Boston,21,14,Blanks,68,State Senate,Suffolk and Middlesex
Boston,21,14,Total Votes Cast,471,State Senate,Suffolk and Middlesex
Boston,21,15,William N. Brownsberger,486,State Senate,Suffolk and Middlesex
Boston,21,15,All Others,4,State Senate,Suffolk and Middlesex
Boston,21,15,Blanks,88,State Senate,Suffolk and Middlesex
Boston,21,15,Total Votes Cast,578,State Senate,Suffolk and Middlesex
Boston,21,16,William N. Brownsberger,641,State Senate,Suffolk and Middlesex
Boston,21,16,All Others,7,State Senate,Suffolk and Middlesex
Boston,21,16,Blanks,151,State Senate,Suffolk and Middlesex
Boston,21,16,Total Votes Cast,799,State Senate,Suffolk and Middlesex
Boston,21,2,William N. Brownsberger,145,State Senate,Suffolk and Middlesex
Boston,21,2,All Others,3,State Senate,Suffolk and Middlesex
Boston,21,2,Blanks,17,State Senate,Suffolk and Middlesex
Boston,21,2,Total Votes Cast,165,State Senate,Suffolk and Middlesex
Boston,21,3,William N. Brownsberger,291,State Senate,Suffolk and Middlesex
Boston,21,3,All Others,1,State Senate,Suffolk and Middlesex
Boston,21,3,Blanks,50,State Senate,Suffolk and Middlesex
Boston,21,3,Total Votes Cast,342,State Senate,Suffolk and Middlesex
Boston,21,4,William N. Brownsberger,297,State Senate,Suffolk and Middlesex
Boston,21,4,All Others,4,State Senate,Suffolk and Middlesex
Boston,21,4,Blanks,41,State Senate,Suffolk and Middlesex
Boston,21,4,Total Votes Cast,342,State Senate,Suffolk and Middlesex
Boston,21,5,William N. Brownsberger,476,State Senate,Suffolk and Middlesex
Boston,21,5,All Others,5,State Senate,Suffolk and Middlesex
Boston,21,5,Blanks,92,State Senate,Suffolk and Middlesex
Boston,21,5,Total Votes Cast,573,State Senate,Suffolk and Middlesex
Boston,21,6,William N. Brownsberger,424,State Senate,Suffolk and Middlesex
Boston,21,6,All Others,5,State Senate,Suffolk and Middlesex
Boston,21,6,Blanks,72,State Senate,Suffolk and Middlesex
Boston,21,6,Total Votes Cast,501,State Senate,Suffolk and Middlesex
Boston,21,7,William N. Brownsberger,434,State Senate,Suffolk and Middlesex
Boston,21,7,All Others,12,State Senate,Suffolk and Middlesex
Boston,21,7,Blanks,79,State Senate,Suffolk and Middlesex
Boston,21,7,Total Votes Cast,525,State Senate,Suffolk and Middlesex
Boston,21,8,William N. Brownsberger,658,State Senate,Suffolk and Middlesex
Boston,21,8,All Others,7,State Senate,Suffolk and Middlesex
Boston,21,8,Blanks,94,State Senate,Suffolk and Middlesex
Boston,21,8,Total Votes Cast,759,State Senate,Suffolk and Middlesex
Boston,21,9,William N. Brownsberger,677,State Senate,Suffolk and Middlesex
Boston,21,9,All Others,11,State Senate,Suffolk and Middlesex
Boston,21,9,Blanks,93,State Senate,Suffolk and Middlesex
Boston,21,9,Total Votes Cast,781,State Senate,Suffolk and Middlesex
Boston,22,1,William N. Brownsberger,654,State Senate,Suffolk and Middlesex
Boston,22,1,All Others,16,State Senate,Suffolk and Middlesex
Boston,22,1,Blanks,142,State Senate,Suffolk and Middlesex
Boston,22,1,Total Votes Cast,812,State Senate,Suffolk and Middlesex
Boston,22,10,William N. Brownsberger,605,State Senate,Suffolk and Middlesex
Boston,22,10,All Others,14,State Senate,Suffolk and Middlesex
Boston,22,10,Blanks,149,State Senate,Suffolk and Middlesex
Boston,22,10,Total Votes Cast,768,State Senate,Suffolk and Middlesex
Boston,22,11,William N. Brownsberger,396,State Senate,Suffolk and Middlesex
Boston,22,11,All Others,4,State Senate,Suffolk and Middlesex
Boston,22,11,Blanks,97,State Senate,Suffolk and Middlesex
Boston,22,11,Total Votes Cast,497,State Senate,Suffolk and Middlesex
Boston,22,12,William N. Brownsberger,373,State Senate,Suffolk and Middlesex
Boston,22,12,All Others,3,State Senate,Suffolk and Middlesex
Boston,22,12,Blanks,108,State Senate,Suffolk and Middlesex
Boston,22,12,Total Votes Cast,484,State Senate,Suffolk and Middlesex
Boston,22,13,William N. Brownsberger,348,State Senate,Suffolk and Middlesex
Boston,22,13,All Others,3,State Senate,Suffolk and Middlesex
Boston,22,13,Blanks,88,State Senate,Suffolk and Middlesex
Boston,22,13,Total Votes Cast,439,State Senate,Suffolk and Middlesex
Boston,22,2,William N. Brownsberger,806,State Senate,Suffolk and Middlesex
Boston,22,2,All Others,20,State Senate,Suffolk and Middlesex
Boston,22,2,Blanks,173,State Senate,Suffolk and Middlesex
Boston,22,2,Total Votes Cast,999,State Senate,Suffolk and Middlesex
Boston,22,3,William N. Brownsberger,698,State Senate,Suffolk and Middlesex
Boston,22,3,All Others,12,State Senate,Suffolk and Middlesex
Boston,22,3,Blanks,155,State Senate,Suffolk and Middlesex
Boston,22,3,Total Votes Cast,865,State Senate,Suffolk and Middlesex
Boston,22,4,William N. Brownsberger,586,State Senate,Suffolk and Middlesex
Boston,22,4,All Others,15,State Senate,Suffolk and Middlesex
Boston,22,4,Blanks,126,State Senate,Suffolk and Middlesex
Boston,22,4,Total Votes Cast,727,State Senate,Suffolk and Middlesex
Boston,22,5,William N. Brownsberger,448,State Senate,Suffolk and Middlesex
Boston,22,5,All Others,8,State Senate,Suffolk and Middlesex
Boston,22,5,Blanks,108,State Senate,Suffolk and Middlesex
Boston,22,5,Total Votes Cast,564,State Senate,Suffolk and Middlesex
Boston,22,6,William N. Brownsberger,456,State Senate,Suffolk and Middlesex
Boston,22,6,All Others,9,State Senate,Suffolk and Middlesex
Boston,22,6,Blanks,82,State Senate,Suffolk and Middlesex
Boston,22,6,Total Votes Cast,547,State Senate,Suffolk and Middlesex
Boston,22,7,William N. Brownsberger,628,State Senate,Suffolk and Middlesex
Boston,22,7,All Others,11,State Senate,Suffolk and Middlesex
Boston,22,7,Blanks,123,State Senate,Suffolk and Middlesex
Boston,22,7,Total Votes Cast,762,State Senate,Suffolk and Middlesex
Boston,22,8,William N. Brownsberger,444,State Senate,Suffolk and Middlesex
Boston,22,8,All Others,10,State Senate,Suffolk and Middlesex
Boston,22,8,Blanks,128,State Senate,Suffolk and Middlesex
Boston,22,8,Total Votes Cast,582,State Senate,Suffolk and Middlesex
Boston,22,9,William N. Brownsberger,482,State Senate,Suffolk and Middlesex
Boston,22,9,All Others,15,State Senate,Suffolk and Middlesex
Boston,22,9,Blanks,159,State Senate,Suffolk and Middlesex
Boston,22,9,Total Votes Cast,656,State Senate,Suffolk and Middlesex
Boston,3,1,Lydia Marie Edwards,700,State Senate,Third Suffolk
Boston,3,1,All Others,22,State Senate,Third Suffolk
Boston,3,1,Blanks,229,State Senate,Third Suffolk
Boston,3,1,Total Votes Cast,951,State Senate,Third Suffolk
Boston,3,10,Lydia Marie Edwards,774,State Senate,Third Suffolk
Boston,3,10,All Others,13,State Senate,Third Suffolk
Boston,3,10,Blanks,163,State Senate,Third Suffolk
Boston,3,10,Total Votes Cast,950,State Senate,Third Suffolk
Boston,3,11,Lydia Marie Edwards,614,State Senate,Third Suffolk
Boston,3,11,All Others,18,State Senate,Third Suffolk
Boston,3,11,Blanks,185,State Senate,Third Suffolk
Boston,3,11,Total Votes Cast,817,State Senate,Third Suffolk
Boston,3,12,Lydia Marie Edwards,643,State Senate,Third Suffolk
Boston,3,12,All Others,10,State Senate,Third Suffolk
Boston,3,12,Blanks,331,State Senate,Third Suffolk
Boston,3,12,Total Votes Cast,984,State Senate,Third Suffolk
Boston,3,13,Lydia Marie Edwards,423,State Senate,Third Suffolk
Boston,3,13,All Others,8,State Senate,Third Suffolk
Boston,3,13,Blanks,168,State Senate,Third Suffolk
Boston,3,13,Total Votes Cast,599,State Senate,Third Suffolk
Boston,3,13A,Nicholas P. Collins,0,State Senate,First Suffolk
Boston,3,13A,All Others,0,State Senate,First Suffolk
Boston,3,13A,Blanks,0,State Senate,First Suffolk
Boston,3,13A,Total Votes Cast,0,State Senate,First Suffolk
Boston,3,14,Nicholas P. Collins,467,State Senate,First Suffolk
Boston,3,14,All Others,13,State Senate,First Suffolk
Boston,3,14,Blanks,303,State Senate,First Suffolk
Boston,3,14,Total Votes Cast,783,State Senate,First Suffolk
Boston,3,15,Nicholas P. Collins,540,State Senate,First Suffolk
Boston,3,15,All Others,4,State Senate,First Suffolk
Boston,3,15,Blanks,93,State Senate,First Suffolk
Boston,3,15,Total Votes Cast,637,State Senate,First Suffolk
Boston,3,16,Nicholas P. Collins,931,State Senate,First Suffolk
Boston,3,16,All Others,13,State Senate,First Suffolk
Boston,3,16,Blanks,181,State Senate,First Suffolk
Boston,3,16,Total Votes Cast,1125,State Senate,First Suffolk
Boston,3,17,Lydia Marie Edwards,531,State Senate,Third Suffolk
Boston,3,17,All Others,7,State Senate,Third Suffolk
Boston,3,17,Blanks,125,State Senate,Third Suffolk
Boston,3,17,Total Votes Cast,663,State Senate,Third Suffolk
Boston,3,2,Lydia Marie Edwards,729,State Senate,Third Suffolk
Boston,3,2,All Others,18,State Senate,Third Suffolk
Boston,3,2,Blanks,245,State Senate,Third Suffolk
Boston,3,2,Total Votes Cast,992,State Senate,Third Suffolk
Boston,3,3,Lydia Marie Edwards,472,State Senate,Third Suffolk
Boston,3,3,All Others,13,State Senate,Third Suffolk
Boston,3,3,Blanks,125,State Senate,Third Suffolk
Boston,3,3,Total Votes Cast,610,State Senate,Third Suffolk
Boston,3,4,Lydia Marie Edwards,481,State Senate,Third Suffolk
Boston,3,4,All Others,13,State Senate,Third Suffolk
Boston,3,4,Blanks,153,State Senate,Third Suffolk
Boston,3,4,Total Votes Cast,647,State Senate,Third Suffolk
Boston,3,5,Lydia Marie Edwards,685,State Senate,Third Suffolk
Boston,3,5,All Others,15,State Senate,Third Suffolk
Boston,3,5,Blanks,192,State Senate,Third Suffolk
Boston,3,5,Total Votes Cast,892,State Senate,Third Suffolk
Boston,3,6,Lydia Marie Edwards,411,State Senate,Third Suffolk
Boston,3,6,All Others,13,State Senate,Third Suffolk
Boston,3,6,Blanks,131,State Senate,Third Suffolk
Boston,3,6,Total Votes Cast,555,State Senate,Third Suffolk
Boston,3,7,Nicholas P. Collins,738,State Senate,First Suffolk
Boston,3,7,All Others,4,State Senate,First Suffolk
Boston,3,7,Blanks,164,State Senate,First Suffolk
Boston,3,7,Total Votes Cast,906,State Senate,First Suffolk
Boston,3,8,Nicholas P. Collins,494,State Senate,First Suffolk
Boston,3,8,All Others,5,State Senate,First Suffolk
Boston,3,8,Blanks,157,State Senate,First Suffolk
Boston,3,8,Total Votes Cast,656,State Senate,First Suffolk
Boston,3,9,Lydia Marie Edwards,476,State Senate,Third Suffolk
Boston,3,9,All Others,9,State Senate,Third Suffolk
Boston,3,9,Blanks,145,State Senate,Third Suffolk
Boston,3,9,Total Votes Cast,630,State Senate,Third Suffolk
Boston,4,1,Nicholas P. Collins,679,State Senate,First Suffolk
Boston,4,1,All Others,12,State Senate,First Suffolk
Boston,4,1,Blanks,170,State Senate,First Suffolk
Boston,4,1,Total Votes Cast,861,State Senate,First Suffolk
Boston,4,10,William N. Brownsberger,117,State Senate,Suffolk and Middlesex
Boston,4,10,All Others,1,State Senate,Suffolk and Middlesex
Boston,4,10,Blanks,16,State Senate,Suffolk and Middlesex
Boston,4,10,Total Votes Cast,134,State Senate,Suffolk and Middlesex
Boston,4,10A,William N. Brownsberger,0,State Senate,Suffolk and Middlesex
Boston,4,10A,All Others,0,State Senate,Suffolk and Middlesex
Boston,4,10A,Blanks,0,State Senate,Suffolk and Middlesex
Boston,4,10A,Total Votes Cast,0,State Senate,Suffolk and Middlesex
Boston,4,11,Liz Miranda,29,State Senate,Second Suffolk
Boston,4,11,All Others,0,State Senate,Second Suffolk
Boston,4,11,Blanks,6,State Senate,Second Suffolk
Boston,4,11,Total Votes Cast,35,State Senate,Second Suffolk
Boston,4,12,William N. Brownsberger,130,State Senate,Suffolk and Middlesex
Boston,4,12,All Others,4,State Senate,Suffolk and Middlesex
Boston,4,12,Blanks,28,State Senate,Suffolk and Middlesex
Boston,4,12,Total Votes Cast,162,State Senate,Suffolk and Middlesex
Boston,4,2,Nicholas P. Collins,528,State Senate,First Suffolk
Boston,4,2,All Others,16,State Senate,First Suffolk
Boston,4,2,Blanks,169,State Senate,First Suffolk
Boston,4,2,Total Votes Cast,713,State Senate,First Suffolk
Boston,4,3,Nicholas P. Collins,805,State Senate,First Suffolk
Boston,4,3,All Others,7,State Senate,First Suffolk
Boston,4,3,Blanks,197,State Senate,First Suffolk
Boston,4,3,Total Votes Cast,1009,State Senate,First Suffolk
Boston,4,4,Nicholas P. Collins,876,State Senate,First Suffolk
Boston,4,4,All Others,11,State Senate,First Suffolk
Boston,4,4,Blanks,192,State Senate,First Suffolk
Boston,4,4,Total Votes Cast,1079,State Senate,First Suffolk
Boston,4,5,Nicholas P. Collins,670,State Senate,First Suffolk
Boston,4,5,All Others,12,State Senate,First Suffolk
Boston,4,5,Blanks,164,State Senate,First Suffolk
Boston,4,5,Total Votes Cast,846,State Senate,First Suffolk
Boston,4,6,Lydia Marie Edwards,514,State Senate,Third Suffolk
Boston,4,6,All Others,9,State Senate,Third Suffolk
Boston,4,6,Blanks,163,State Senate,Third Suffolk
Boston,4,6,Total Votes Cast,686,State Senate,Third Suffolk
Boston,4,7,Lydia Marie Edwards,427,State Senate,Third Suffolk
Boston,4,7,All Others,11,State Senate,Third Suffolk
Boston,4,7,Blanks,103,State Senate,Third Suffolk
Boston,4,7,Total Votes Cast,541,State Senate,Third Suffolk
Boston,4,8,Lydia Marie Edwards,387,State Senate,Third Suffolk
Boston,4,8,All Others,10,State Senate,Third Suffolk
Boston,4,8,Blanks,117,State Senate,Third Suffolk
Boston,4,8,Total Votes Cast,514,State Senate,Third Suffolk
Boston,4,9,Liz Miranda,104,State Senate,Second Suffolk
Boston,4,9,All Others,2,State Senate,Second Suffolk
Boston,4,9,Blanks,20,State Senate,Second Suffolk
Boston,4,9,Total Votes Cast,126,State Senate,Second Suffolk
Boston,5,1,Nicholas P. Collins,269,State Senate,First Suffolk
Boston,5,1,All Others,11,State Senate,First Suffolk
Boston,5,1,Blanks,201,State Senate,First Suffolk
Boston,5,1,Total Votes Cast,481,State Senate,First Suffolk
Boston,5,10,William N. Brownsberger,360,State Senate,Suffolk and Middlesex
Boston,5,10,All Others,8,State Senate,Suffolk and Middlesex
Boston,5,10,Blanks,68,State Senate,Suffolk and Middlesex
Boston,5,10,Total Votes Cast,436,State Senate,Suffolk and Middlesex
Boston,5,11,Lydia Marie Edwards,334,State Senate,Third Suffolk
Boston,5,11,All Others,7,State Senate,Third Suffolk
Boston,5,11,Blanks,70,State Senate,Third Suffolk
Boston,5,11,Total Votes Cast,411,State Senate,Third Suffolk
Boston,5,12,William N. Brownsberger,384,State Senate,Suffolk and Middlesex
Boston,5,12,All Others,5,State Senate,Suffolk and Middlesex
Boston,5,12,Blanks,49,State Senate,Suffolk and Middlesex
Boston,5,12,Total Votes Cast,438,State Senate,Suffolk and Middlesex
Boston,5,13,Nicholas P. Collins,597,State Senate,First Suffolk
Boston,5,13,All Others,4,State Senate,First Suffolk
Boston,5,13,Blanks,246,State Senate,First Suffolk
Boston,5,13,Total Votes Cast,847,State Senate,First Suffolk
Boston,5,14,Nicholas P. Collins,623,State Senate,First Suffolk
Boston,5,14,All Others,11,State Senate,First Suffolk
Boston,5,14,Blanks,148,State Senate,First Suffolk
Boston,5,14,Total Votes Cast,782,State Senate,First Suffolk
Boston,5,15,William N. Brownsberger,436,State Senate,Suffolk and Middlesex
Boston,5,15,All Others,5,State Senate,Suffolk and Middlesex
Boston,5,15,Blanks,103,State Senate,Suffolk and Middlesex
Boston,5,15,Total Votes Cast,544,State Senate,Suffolk and Middlesex
Boston,5,2,William N. Brownsberger,513,State Senate,Suffolk and Middlesex
Boston,5,2,All Others,10,State Senate,Suffolk and Middlesex
Boston,5,2,Blanks,85,State Senate,Suffolk and Middlesex
Boston,5,2,Total Votes Cast,608,State Senate,Suffolk and Middlesex
Boston,5,3,Lydia Marie Edwards,889,State Senate,Third Suffolk
Boston,5,3,All Others,21,State Senate,Third Suffolk
Boston,5,3,Blanks,237,State Senate,Third Suffolk
Boston,5,3,Total Votes Cast,1147,State Senate,Third Suffolk
Boston,5,4,Lydia Marie Edwards,501,State Senate,Third Suffolk
Boston,5,4,All Others,6,State Senate,Third Suffolk
Boston,5,4,Blanks,69,State Senate,Third Suffolk
Boston,5,4,Total Votes Cast,576,State Senate,Third Suffolk
Boston,5,5,Lydia Marie Edwards,616,State Senate,Third Suffolk
Boston,5,5,All Others,18,State Senate,Third Suffolk
Boston,5,5,Blanks,216,State Senate,Third Suffolk
Boston,5,5,Total Votes Cast,850,State Senate,Third Suffolk
Boston,5,6,Lydia Marie Edwards,670,State Senate,Third Suffolk
Boston,5,6,All Others,20,State Senate,Third Suffolk
Boston,5,6,Blanks,248,State Senate,Third Suffolk
Boston,5,6,Total Votes Cast,938,State Senate,Third Suffolk
Boston,5,7,Lydia Marie Edwards,848,State Senate,Third Suffolk
Boston,5,7,All Others,6,State Senate,Third Suffolk
Boston,5,7,Blanks,279,State Senate,Third Suffolk
Boston,5,7,Total Votes Cast,1133,State Senate,Third Suffolk
Boston,5,8,Lydia Marie Edwards,763,State Senate,Third Suffolk
Boston,5,8,All Others,16,State Senate,Third Suffolk
Boston,5,8,Blanks,244,State Senate,Third Suffolk
Boston,5,8,Total Votes Cast,1023,State Senate,Third Suffolk
Boston,5,9,Lydia Marie Edwards,761,State Senate,Third Suffolk
Boston,5,9,All Others,23,State Senate,Third Suffolk
Boston,5,9,Blanks,206,State Senate,Third Suffolk
Boston,5,9,Total Votes Cast,990,State Senate,Third Suffolk
Boston,6,1,Nicholas P. Collins,835,State Senate,First Suffolk
Boston,6,1,All Others,19,State Senate,First Suffolk
Boston,6,1,Blanks,172,State Senate,First Suffolk
Boston,6,1,Total Votes Cast,1026,State Senate,First Suffolk
Boston,6,10,Nicholas P. Collins,546,State Senate,First Suffolk
Boston,6,10,All Others,20,State Senate,First Suffolk
Boston,6,10,Blanks,111,State Senate,First Suffolk
Boston,6,10,Total Votes Cast,677,State Senate,First Suffolk
Boston,6,11,Nicholas P. Collins,646,State Senate,First Suffolk
Boston,6,11,All Others,15,State Senate,First Suffolk
Boston,6,11,Blanks,147,State Senate,First Suffolk
Boston,6,11,Total Votes Cast,808,State Senate,First Suffolk
Boston,6,12,Nicholas P. Collins,920,State Senate,First Suffolk
Boston,6,12,All Others,25,State Senate,First Suffolk
Boston,6,12,Blanks,278,State Senate,First Suffolk
Boston,6,12,Total Votes Cast,1223,State Senate,First Suffolk
Boston,6,12A,Nicholas P. Collins,0,State Senate,First Suffolk
Boston,6,12A,All Others,0,State Senate,First Suffolk
Boston,6,12A,Blanks,0,State Senate,First Suffolk
Boston,6,12A,Total Votes Cast,0,State Senate,First Suffolk
Boston,6,2,Nicholas P. Collins,464,State Senate,First Suffolk
Boston,6,2,All Others,9,State Senate,First Suffolk
Boston,6,2,Blanks,109,State Senate,First Suffolk
Boston,6,2,Total Votes Cast,582,State Senate,First Suffolk
Boston,6,3,Nicholas P. Collins,633,State Senate,First Suffolk
Boston,6,3,All Others,15,State Senate,First Suffolk
Boston,6,3,Blanks,144,State Senate,First Suffolk
Boston,6,3,Total Votes Cast,792,State Senate,First Suffolk
Boston,6,4,Nicholas P. Collins,462,State Senate,First Suffolk
Boston,6,4,All Others,11,State Senate,First Suffolk
Boston,6,4,Blanks,108,State Senate,First Suffolk
Boston,6,4,Total Votes Cast,581,State Senate,First Suffolk
Boston,6,5,Nicholas P. Collins,667,State Senate,First Suffolk
Boston,6,5,All Others,11,State Senate,First Suffolk
Boston,6,5,Blanks,148,State Senate,First Suffolk
Boston,6,5,Total Votes Cast,826,State Senate,First Suffolk
Boston,6,6,Nicholas P. Collins,671,State Senate,First Suffolk
Boston,6,6,All Others,21,State Senate,First Suffolk
Boston,6,6,Blanks,187,State Senate,First Suffolk
Boston,6,6,Total Votes Cast,879,State Senate,First Suffolk
Boston,6,7,Nicholas P. Collins,635,State Senate,First Suffolk
Boston,6,7,All Others,18,State Senate,First Suffolk
Boston,6,7,Blanks,169,State Senate,First Suffolk
Boston,6,7,Total Votes Cast,822,State Senate,First Suffolk
Boston,6,8,Nicholas P. Collins,752,State Senate,First Suffolk
Boston,6,8,All Others,21,State Senate,First Suffolk
Boston,6,8,Blanks,194,State Senate,First Suffolk
Boston,6,8,Total Votes Cast,967,State Senate,First Suffolk
Boston,6,9,Nicholas P. Collins,719,State Senate,First Suffolk
Boston,6,9,All Others,21,State Senate,First Suffolk
Boston,6,9,Blanks,228,State Senate,First Suffolk
Boston,6,9,Total Votes Cast,968,State Senate,First Suffolk
Boston,7,1,Nicholas P. Collins,545,State Senate,First Suffolk
Boston,7,1,All Others,14,State Senate,First Suffolk
Boston,7,1,Blanks,145,State Senate,First Suffolk
Boston,7,1,Total Votes Cast,704,State Senate,First Suffolk
Boston,7,10,Nicholas P. Collins,322,State Senate,First Suffolk
Boston,7,10,All Others,11,State Senate,First Suffolk
Boston,7,10,Blanks,57,State Senate,First Suffolk
Boston,7,10,Total Votes Cast,390,State Senate,First Suffolk
Boston,7,2,Nicholas P. Collins,701,State Senate,First Suffolk
Boston,7,2,All Others,21,State Senate,First Suffolk
Boston,7,2,Blanks,185,State Senate,First Suffolk
Boston,7,2,Total Votes Cast,907,State Senate,First Suffolk
Boston,7,3,Nicholas P. Collins,746,State Senate,First Suffolk
Boston,7,3,All Others,24,State Senate,First Suffolk
Boston,7,3,Blanks,181,State Senate,First Suffolk
Boston,7,3,Total Votes Cast,951,State Senate,First Suffolk
Boston,7,4,Nicholas P. Collins,558,State Senate,First Suffolk
Boston,7,4,All Others,18,State Senate,First Suffolk
Boston,7,4,Blanks,149,State Senate,First Suffolk
Boston,7,4,Total Votes Cast,725,State Senate,First Suffolk
Boston,7,5,Nicholas P. Collins,545,State Senate,First Suffolk
Boston,7,5,All Others,14,State Senate,First Suffolk
Boston,7,5,Blanks,115,State Senate,First Suffolk
Boston,7,5,Total Votes Cast,674,State Senate,First Suffolk
Boston,7,6,Nicholas P. Collins,454,State Senate,First Suffolk
Boston,7,6,All Others,18,State Senate,First Suffolk
Boston,7,6,Blanks,104,State Senate,First Suffolk
Boston,7,6,Total Votes Cast,576,State Senate,First Suffolk
Boston,7,7,Nicholas P. Collins,228,State Senate,First Suffolk
Boston,7,7,All Others,3,State Senate,First Suffolk
Boston,7,7,Blanks,52,State Senate,First Suffolk
Boston,7,7,Total Votes Cast,283,State Senate,First Suffolk
Boston,7,8,Nicholas P. Collins,509,State Senate,First Suffolk
Boston,7,8,All Others,17,State Senate,First Suffolk
Boston,7,8,Blanks,103,State Senate,First Suffolk
Boston,7,8,Total Votes Cast,629,State Senate,First Suffolk
Boston,7,9,Nicholas P. Collins,344,State Senate,First Suffolk
Boston,7,9,All Others,12,State Senate,First Suffolk
Boston,7,9,Blanks,95,State Senate,First Suffolk
Boston,7,9,Total Votes Cast,451,State Senate,First Suffolk
Boston,8,1,Nicholas P. Collins,624,State Senate,First Suffolk
Boston,8,1,All Others,14,State Senate,First Suffolk
Boston,8,1,Blanks,181,State Senate,First Suffolk
Boston,8,1,Total Votes Cast,819,State Senate,First Suffolk
Boston,8,2,Nicholas P. Collins,587,State Senate,First Suffolk
Boston,8,2,All Others,4,State Senate,First Suffolk
Boston,8,2,Blanks,125,State Senate,First Suffolk
Boston,8,2,Total Votes Cast,716,State Senate,First Suffolk
Boston,8,3,Liz Miranda,441,State Senate,Second Suffolk
Boston,8,3,All Others,2,State Senate,Second Suffolk
Boston,8,3,Blanks,54,State Senate,Second Suffolk
Boston,8,3,Total Votes Cast,497,State Senate,Second Suffolk
Boston,8,4,Liz Miranda,324,State Senate,Second Suffolk
Boston,8,4,All Others,8,State Senate,Second Suffolk
Boston,8,4,Blanks,45,State Senate,Second Suffolk
Boston,8,4,Total Votes Cast,377,State Senate,Second Suffolk
Boston,8,5,Liz Miranda,494,State Senate,Second Suffolk
Boston,8,5,All Others,9,State Senate,Second Suffolk
Boston,8,5,Blanks,58,State Senate,Second Suffolk
Boston,8,5,Total Votes Cast,561,State Senate,Second Suffolk
Boston,8,6,Nicholas P. Collins,109,State Senate,First Suffolk
Boston,8,6,All Others,3,State Senate,First Suffolk
Boston,8,6,Blanks,34,State Senate,First Suffolk
Boston,8,6,Total Votes Cast,146,State Senate,First Suffolk
Boston,8,6A,Nicholas P. Collins,0,State Senate,First Suffolk
Boston,8,6A,All Others,0,State Senate,First Suffolk
Boston,8,6A,Blanks,0,State Senate,First Suffolk
Boston,8,6A,Total Votes Cast,0,State Senate,First Suffolk
Boston,9,1,Nicholas P. Collins,660,State Senate,First Suffolk
Boston,9,1,All Others,11,State Senate,First Suffolk
Boston,9,1,Blanks,168,State Senate,First Suffolk
Boston,9,1,Total Votes Cast,839,State Senate,First Suffolk
Boston,9,2,Nicholas P. Collins,672,State Senate,First Suffolk
Boston,9,2,All Others,10,State Senate,First Suffolk
Boston,9,2,Blanks,106,State Senate,First Suffolk
Boston,9,2,Total Votes Cast,788,State Senate,First Suffolk
Boston,9,3,Liz Miranda,462,State Senate,Second Suffolk
Boston,9,3,All Others,10,State Senate,Second Suffolk
Boston,9,3,Blanks,84,State Senate,Second Suffolk
Boston,9,3,Total Votes Cast,556,State Senate,Second Suffolk
Boston,9,4,Liz Miranda,450,State Senate,Second Suffolk
Boston,9,4,All Others,7,State Senate,Second Suffolk
Boston,9,4,Blanks,71,State Senate,Second Suffolk
Boston,9,4,Total Votes Cast,528,State Senate,Second Suffolk
Boston,9,5,Liz Miranda,537,State Senate,Second Suffolk
Boston,9,5,All Others,9,State Senate,Second Suffolk
Boston,9,5,Blanks,65,State Senate,Second Suffolk
Boston,9,5,Total Votes Cast,611,State Senate,Second Suffolk
Boston,9,6,Liz Miranda,584,State Senate,Second Suffolk
Boston,9,6,All Others,10,State Senate,Second Suffolk
Boston,9,6,Blanks,90,State Senate,Second Suffolk
Boston,9,6,Total Votes Cast,684,State Senate,Second Suffolk
Boston,9,7,Liz Miranda,130,State Senate,Second Suffolk
Boston,9,7,All Others,5,State Senate,Second Suffolk
Boston,9,7,Blanks,21,State Senate,Second Suffolk
Boston,9,7,Total Votes Cast,156,State Senate,Second Suffolk
Bourne,-,1,Susan Lynn Moran,660,State Senate,Plymouth and Barnstable
Bourne,-,1,Kari Macrae,722,State Senate,Plymouth and Barnstable
Bourne,-,1,All Others,1,State Senate,Plymouth and Barnstable
Bourne,-,1,Blanks,52,State Senate,Plymouth and Barnstable
Bourne,-,1,Total Votes Cast,1435,State Senate,Plymouth and Barnstable
Bourne,-,2,Susan Lynn Moran,705,State Senate,Plymouth and Barnstable
Bourne,-,2,Kari Macrae,730,State Senate,Plymouth and Barnstable
Bourne,-,2,All Others,0,State Senate,Plymouth and Barnstable
Bourne,-,2,Blanks,43,State Senate,Plymouth and Barnstable
Bourne,-,2,Total Votes Cast,1478,State Senate,Plymouth and Barnstable
Bourne,-,3,Susan Lynn Moran,304,State Senate,Plymouth and Barnstable
Bourne,-,3,Kari Macrae,353,State Senate,Plymouth and Barnstable
Bourne,-,3,All Others,0,State Senate,Plymouth and Barnstable
Bourne,-,3,Blanks,18,State Senate,Plymouth and Barnstable
Bourne,-,3,Total Votes Cast,675,State Senate,Plymouth and Barnstable
Bourne,-,4,Susan Lynn Moran,906,State Senate,Plymouth and Barnstable
Bourne,-,4,Kari Macrae,710,State Senate,Plymouth and Barnstable
Bourne,-,4,All Others,0,State Senate,Plymouth and Barnstable
Bourne,-,4,Blanks,53,State Senate,Plymouth and Barnstable
Bourne,-,4,Total Votes Cast,1669,State Senate,Plymouth and Barnstable
Bourne,-,5,Susan Lynn Moran,686,State Senate,Plymouth and Barnstable
Bourne,-,5,Kari Macrae,571,State Senate,Plymouth and Barnstable
Bourne,-,5,All Others,0,State Senate,Plymouth and Barnstable
Bourne,-,5,Blanks,47,State Senate,Plymouth and Barnstable
Bourne,-,5,Total Votes Cast,1304,State Senate,Plymouth and Barnstable
Bourne,-,5A,Susan Lynn Moran,121,State Senate,Plymouth and Barnstable
Bourne,-,5A,Kari Macrae,120,State Senate,Plymouth and Barnstable
Bourne,-,5A,All Others,0,State Senate,Plymouth and Barnstable
Bourne,-,5A,Blanks,7,State Senate,Plymouth and Barnstable
Bourne,-,5A,Total Votes Cast,248,State Senate,Plymouth and Barnstable
Bourne,-,6,Susan Lynn Moran,695,State Senate,Plymouth and Barnstable
Bourne,-,6,Kari Macrae,478,State Senate,Plymouth and Barnstable
Bourne,-,6,All Others,0,State Senate,Plymouth and Barnstable
Bourne,-,6,Blanks,35,State Senate,Plymouth and Barnstable
Bourne,-,6,Total Votes Cast,1208,State Senate,Plymouth and Barnstable
Bourne,-,7,Susan Lynn Moran,609,State Senate,Plymouth and Barnstable
Bourne,-,7,Kari Macrae,536,State Senate,Plymouth and Barnstable
Bourne,-,7,All Others,0,State Senate,Plymouth and Barnstable
Bourne,-,7,Blanks,26,State Senate,Plymouth and Barnstable
Bourne,-,7,Total Votes Cast,1171,State Senate,Plymouth and Barnstable
Boxborough,,,James B. Eldridge,1769,State Senate,Middlesex and Worcester
Boxborough,,,Anthony Christakis,628,State Senate,Middlesex and Worcester
Boxborough,,,All Others,3,State Senate,Middlesex and Worcester
Boxborough,,,Blanks,70,State Senate,Middlesex and Worcester
Boxborough,,,Total Votes Cast,2470,State Senate,Middlesex and Worcester
Boxford,-,1,Bruce E. Tarr,927,State Senate,First Essex and Middlesex
Boxford,-,1,Terence William Cudney,325,State Senate,First Essex and Middlesex
Boxford,-,1,All Others,4,State Senate,First Essex and Middlesex
Boxford,-,1,Blanks,75,State Senate,First Essex and Middlesex
Boxford,-,1,Total Votes Cast,1331,State Senate,First Essex and Middlesex
Boxford,-,2,Bruce E. Tarr,988,State Senate,First Essex and Middlesex
Boxford,-,2,Terence William Cudney,405,State Senate,First Essex and Middlesex
Boxford,-,2,All Others,0,State Senate,First Essex and Middlesex
Boxford,-,2,Blanks,71,State Senate,First Essex and Middlesex
Boxford,-,2,Total Votes Cast,1464,State Senate,First Essex and Middlesex
Boxford,-,3,Bruce E. Tarr,948,State Senate,First Essex and Middlesex
Boxford,-,3,Terence William Cudney,328,State Senate,First Essex and Middlesex
Boxford,-,3,All Others,2,State Senate,First Essex and Middlesex
Boxford,-,3,Blanks,94,State Senate,First Essex and Middlesex
Boxford,-,3,Total Votes Cast,1372,State Senate,First Essex and Middlesex
Boylston,,,Robyn K. Kennedy,1420,State Senate,First Worcester
Boylston,,,Lisa K. Mair,989,State Senate,First Worcester
Boylston,,,All Others,10,State Senate,First Worcester
Boylston,,,Blanks,214,State Senate,First Worcester
Boylston,,,Total Votes Cast,2633,State Senate,First Worcester
Braintree,-,1A,"Walter F. Timilty, Jr.",741,State Senate,"Norfolk, Plymouth & Bristol"
Braintree,-,1A,Brian R. Muello,520,State Senate,"Norfolk, Plymouth & Bristol"
Braintree,-,1A,All Others,2,State Senate,"Norfolk, Plymouth & Bristol"
Braintree,-,1A,Blanks,52,State Senate,"Norfolk, Plymouth & Bristol"
Braintree,-,1A,Total Votes Cast,1315,State Senate,"Norfolk, Plymouth & Bristol"
Braintree,-,1B,"Walter F. Timilty, Jr.",622,State Senate,"Norfolk, Plymouth & Bristol"
Braintree,-,1B,Brian R. Muello,486,State Senate,"Norfolk, Plymouth & Bristol"
Braintree,-,1B,All Others,0,State Senate,"Norfolk, Plymouth & Bristol"
Braintree,-,1B,Blanks,50,State Senate,"Norfolk, Plymouth & Bristol"
Braintree,-,1B,Total Votes Cast,1158,State Senate,"Norfolk, Plymouth & Bristol"
Braintree,-,2A,"Walter F. Timilty, Jr.",824,State Senate,"Norfolk, Plymouth & Bristol"
Braintree,-,2A,Brian R. Muello,458,State Senate,"Norfolk, Plymouth & Bristol"
Braintree,-,2A,All Others,2,State Senate,"Norfolk, Plymouth & Bristol"
Braintree,-,2A,Blanks,55,State Senate,"Norfolk, Plymouth & Bristol"
Braintree,-,2A,Total Votes Cast,1339,State Senate,"Norfolk, Plymouth & Bristol"
Braintree,-,2B,"Walter F. Timilty, Jr.",715,State Senate,"Norfolk, Plymouth & Bristol"
Braintree,-,2B,Brian R. Muello,525,State Senate,"Norfolk, Plymouth & Bristol"
Braintree,-,2B,All Others,2,State Senate,"Norfolk, Plymouth & Bristol"
Braintree,-,2B,Blanks,50,State Senate,"Norfolk, Plymouth & Bristol"
Braintree,-,2B,Total Votes Cast,1292,State Senate,"Norfolk, Plymouth & Bristol"
Braintree,-,3A,"Walter F. Timilty, Jr.",623,State Senate,"Norfolk, Plymouth & Bristol"
Braintree,-,3A,Brian R. Muello,402,State Senate,"Norfolk, Plymouth & Bristol"
Braintree,-,3A,All Others,0,State Senate,"Norfolk, Plymouth & Bristol"
Braintree,-,3A,Blanks,42,State Senate,"Norfolk, Plymouth & Bristol"
Braintree,-,3A,Total Votes Cast,1067,State Senate,"Norfolk, Plymouth & Bristol"
Braintree,-,3B,John F. Keenan,701,State Senate,Norfolk and Plymouth
Braintree,-,3B,Gary M. Innes,409,State Senate,Norfolk and Plymouth
Braintree,-,3B,All Others,0,State Senate,Norfolk and Plymouth
Braintree,-,3B,Blanks,45,State Senate,Norfolk and Plymouth
Braintree,-,3B,Total Votes Cast,1155,State Senate,Norfolk and Plymouth
Braintree,-,4A,"Walter F. Timilty, Jr.",657,State Senate,"Norfolk, Plymouth & Bristol"
Braintree,-,4A,Brian R. Muello,456,State Senate,"Norfolk, Plymouth & Bristol"
Braintree,-,4A,All Others,2,State Senate,"Norfolk, Plymouth & Bristol"
Braintree,-,4A,Blanks,54,State Senate,"Norfolk, Plymouth & Bristol"
Braintree,-,4A,Total Votes Cast,1169,State Senate,"Norfolk, Plymouth & Bristol"
Braintree,-,4B,John F. Keenan,634,State Senate,Norfolk and Plymouth
Braintree,-,4B,Gary M. Innes,368,State Senate,Norfolk and Plymouth
Braintree,-,4B,All Others,2,State Senate,Norfolk and Plymouth
Braintree,-,4B,Blanks,49,State Senate,Norfolk and Plymouth
Braintree,-,4B,Total Votes Cast,1053,State Senate,Norfolk and Plymouth
Braintree,-,5A,"Walter F. Timilty, Jr.",713,State Senate,"Norfolk, Plymouth & Bristol"
Braintree,-,5A,Brian R. Muello,467,State Senate,"Norfolk, Plymouth & Bristol"
Braintree,-,5A,All Others,3,State Senate,"Norfolk, Plymouth & Bristol"
Braintree,-,5A,Blanks,66,State Senate,"Norfolk, Plymouth & Bristol"
Braintree,-,5A,Total Votes Cast,1249,State Senate,"Norfolk, Plymouth & Bristol"
Braintree,-,5B,"Walter F. Timilty, Jr.",756,State Senate,"Norfolk, Plymouth & Bristol"
Braintree,-,5B,Brian R. Muello,516,State Senate,"Norfolk, Plymouth & Bristol"
Braintree,-,5B,All Others,0,State Senate,"Norfolk, Plymouth & Bristol"
Braintree,-,5B,Blanks,77,State Senate,"Norfolk, Plymouth & Bristol"
Braintree,-,5B,Total Votes Cast,1349,State Senate,"Norfolk, Plymouth & Bristol"
Braintree,-,6A,John F. Keenan,819,State Senate,Norfolk and Plymouth
Braintree,-,6A,Gary M. Innes,582,State Senate,Norfolk and Plymouth
Braintree,-,6A,All Others,1,State Senate,Norfolk and Plymouth
Braintree,-,6A,Blanks,85,State Senate,Norfolk and Plymouth
Braintree,-,6A,Total Votes Cast,1487,State Senate,Norfolk and Plymouth
Braintree,-,6B,"Walter F. Timilty, Jr.",805,State Senate,"Norfolk, Plymouth & Bristol"
Braintree,-,6B,Brian R. Muello,558,State Senate,"Norfolk, Plymouth & Bristol"
Braintree,-,6B,All Others,0,State Senate,"Norfolk, Plymouth & Bristol"
Braintree,-,6B,Blanks,63,State Senate,"Norfolk, Plymouth & Bristol"
Braintree,-,6B,Total Votes Cast,1426,State Senate,"Norfolk, Plymouth & Bristol"
Brewster,-,1,Julian Andre Cyr,1377,State Senate,Cape and Islands
Brewster,-,1,Christopher Robert Lauzon,719,State Senate,Cape and Islands
Brewster,-,1,All Others,1,State Senate,Cape and Islands
Brewster,-,1,Blanks,43,State Senate,Cape and Islands
Brewster,-,1,Total Votes Cast,2140,State Senate,Cape and Islands
Brewster,-,2,Julian Andre Cyr,1286,State Senate,Cape and Islands
Brewster,-,2,Christopher Robert Lauzon,580,State Senate,Cape and Islands
Brewster,-,2,All Others,1,State Senate,Cape and Islands
Brewster,-,2,Blanks,35,State Senate,Cape and Islands
Brewster,-,2,Total Votes Cast,1902,State Senate,Cape and Islands
Brewster,-,3,Julian Andre Cyr,1267,State Senate,Cape and Islands
Brewster,-,3,Christopher Robert Lauzon,660,State Senate,Cape and Islands
Brewster,-,3,All Others,1,State Senate,Cape and Islands
Brewster,-,3,Blanks,26,State Senate,Cape and Islands
Brewster,-,3,Total Votes Cast,1954,State Senate,Cape and Islands
Bridgewater,-,1,"Walter F. Timilty, Jr.",642,State Senate,"Norfolk, Plymouth & Bristol"
Bridgewater,-,1,Brian R. Muello,705,State Senate,"Norfolk, Plymouth & Bristol"
Bridgewater,-,1,All Others,0,State Senate,"Norfolk, Plymouth & Bristol"
Bridgewater,-,1,Blanks,77,State Senate,"Norfolk, Plymouth & Bristol"
Bridgewater,-,1,Total Votes Cast,1424,State Senate,"Norfolk, Plymouth & Bristol"
Bridgewater,-,2,"Walter F. Timilty, Jr.",700,State Senate,"Norfolk, Plymouth & Bristol"
Bridgewater,-,2,Brian R. Muello,663,State Senate,"Norfolk, Plymouth & Bristol"
Bridgewater,-,2,All Others,0,State Senate,"Norfolk, Plymouth & Bristol"
Bridgewater,-,2,Blanks,60,State Senate,"Norfolk, Plymouth & Bristol"
Bridgewater,-,2,Total Votes Cast,1423,State Senate,"Norfolk, Plymouth & Bristol"
Bridgewater,-,3,"Walter F. Timilty, Jr.",835,State Senate,"Norfolk, Plymouth & Bristol"
Bridgewater,-,3,Brian R. Muello,819,State Senate,"Norfolk, Plymouth & Bristol"
Bridgewater,-,3,All Others,1,State Senate,"Norfolk, Plymouth & Bristol"
Bridgewater,-,3,Blanks,79,State Senate,"Norfolk, Plymouth & Bristol"
Bridgewater,-,3,Total Votes Cast,1734,State Senate,"Norfolk, Plymouth & Bristol"
Bridgewater,-,4,"Walter F. Timilty, Jr.",365,State Senate,"Norfolk, Plymouth & Bristol"
Bridgewater,-,4,Brian R. Muello,378,State Senate,"Norfolk, Plymouth & Bristol"
Bridgewater,-,4,All Others,0,State Senate,"Norfolk, Plymouth & Bristol"
Bridgewater,-,4,Blanks,43,State Senate,"Norfolk, Plymouth & Bristol"
Bridgewater,-,4,Total Votes Cast,786,State Senate,"Norfolk, Plymouth & Bristol"
Bridgewater,-,5,"Walter F. Timilty, Jr.",97,State Senate,"Norfolk, Plymouth & Bristol"
Bridgewater,-,5,Brian R. Muello,36,State Senate,"Norfolk, Plymouth & Bristol"
Bridgewater,-,5,All Others,0,State Senate,"Norfolk, Plymouth & Bristol"
Bridgewater,-,5,Blanks,9,State Senate,"Norfolk, Plymouth & Bristol"
Bridgewater,-,5,Total Votes Cast,142,State Senate,"Norfolk, Plymouth & Bristol"
Bridgewater,-,6,"Walter F. Timilty, Jr.",462,State Senate,"Norfolk, Plymouth & Bristol"
Bridgewater,-,6,Brian R. Muello,419,State Senate,"Norfolk, Plymouth & Bristol"
Bridgewater,-,6,All Others,0,State Senate,"Norfolk, Plymouth & Bristol"
Bridgewater,-,6,Blanks,32,State Senate,"Norfolk, Plymouth & Bristol"
Bridgewater,-,6,Total Votes Cast,913,State Senate,"Norfolk, Plymouth & Bristol"
Bridgewater,-,7,"Walter F. Timilty, Jr.",644,State Senate,"Norfolk, Plymouth & Bristol"
Bridgewater,-,7,Brian R. Muello,573,State Senate,"Norfolk, Plymouth & Bristol"
Bridgewater,-,7,All Others,2,State Senate,"Norfolk, Plymouth & Bristol"
Bridgewater,-,7,Blanks,51,State Senate,"Norfolk, Plymouth & Bristol"
Bridgewater,-,7,Total Votes Cast,1270,State Senate,"Norfolk, Plymouth & Bristol"
Bridgewater,-,8,"Walter F. Timilty, Jr.",638,State Senate,"Norfolk, Plymouth & Bristol"
Bridgewater,-,8,Brian R. Muello,409,State Senate,"Norfolk, Plymouth & Bristol"
Bridgewater,-,8,All Others,0,State Senate,"Norfolk, Plymouth & Bristol"
Bridgewater,-,8,Blanks,43,State Senate,"Norfolk, Plymouth & Bristol"
Bridgewater,-,8,Total Votes Cast,1090,State Senate,"Norfolk, Plymouth & Bristol"
Bridgewater,-,9,"Walter F. Timilty, Jr.",678,State Senate,"Norfolk, Plymouth & Bristol"
Bridgewater,-,9,Brian R. Muello,636,State Senate,"Norfolk, Plymouth & Bristol"
Bridgewater,-,9,All Others,1,State Senate,"Norfolk, Plymouth & Bristol"
Bridgewater,-,9,Blanks,78,State Senate,"Norfolk, Plymouth & Bristol"
Bridgewater,-,9,Total Votes Cast,1393,State Senate,"Norfolk, Plymouth & Bristol"
Brimfield,,,Ryan C. Fattman,1312,State Senate,Worcester & Hampden
Brimfield,,,All Others,27,State Senate,Worcester & Hampden
Brimfield,,,Blanks,403,State Senate,Worcester & Hampden
Brimfield,,,Total Votes Cast,1742,State Senate,Worcester & Hampden
Brockton,1,A,Michael D. Brady,479,State Senate,Second Plymouth & Norfolk
Brockton,1,A,Jim Gordon,83,State Senate,Second Plymouth & Norfolk
Brockton,1,A,All Others,0,State Senate,Second Plymouth & Norfolk
Brockton,1,A,Blanks,18,State Senate,Second Plymouth & Norfolk
Brockton,1,A,Total Votes Cast,580,State Senate,Second Plymouth & Norfolk
Brockton,1,B,Michael D. Brady,710,State Senate,Second Plymouth & Norfolk
Brockton,1,B,Jim Gordon,196,State Senate,Second Plymouth & Norfolk
Brockton,1,B,All Others,0,State Senate,Second Plymouth & Norfolk
Brockton,1,B,Blanks,36,State Senate,Second Plymouth & Norfolk
Brockton,1,B,Total Votes Cast,942,State Senate,Second Plymouth & Norfolk
Brockton,1,C,Michael D. Brady,549,State Senate,Second Plymouth & Norfolk
Brockton,1,C,Jim Gordon,191,State Senate,Second Plymouth & Norfolk
Brockton,1,C,All Others,1,State Senate,Second Plymouth & Norfolk
Brockton,1,C,Blanks,14,State Senate,Second Plymouth & Norfolk
Brockton,1,C,Total Votes Cast,755,State Senate,Second Plymouth & Norfolk
Brockton,1,D,Michael D. Brady,879,State Senate,Second Plymouth & Norfolk
Brockton,1,D,Jim Gordon,317,State Senate,Second Plymouth & Norfolk
Brockton,1,D,All Others,4,State Senate,Second Plymouth & Norfolk
Brockton,1,D,Blanks,36,State Senate,Second Plymouth & Norfolk
Brockton,1,D,Total Votes Cast,1236,State Senate,Second Plymouth & Norfolk
Brockton,2,A,Michael D. Brady,307,State Senate,Second Plymouth & Norfolk
Brockton,2,A,Jim Gordon,49,State Senate,Second Plymouth & Norfolk
Brockton,2,A,All Others,0,State Senate,Second Plymouth & Norfolk
Brockton,2,A,Blanks,23,State Senate,Second Plymouth & Norfolk
Brockton,2,A,Total Votes Cast,379,State Senate,Second Plymouth & Norfolk
Brockton,2,B,Michael D. Brady,408,State Senate,Second Plymouth & Norfolk
Brockton,2,B,Jim Gordon,54,State Senate,Second Plymouth & Norfolk
Brockton,2,B,All Others,1,State Senate,Second Plymouth & Norfolk
Brockton,2,B,Blanks,20,State Senate,Second Plymouth & Norfolk
Brockton,2,B,Total Votes Cast,483,State Senate,Second Plymouth & Norfolk
Brockton,2,C,Michael D. Brady,262,State Senate,Second Plymouth & Norfolk
Brockton,2,C,Jim Gordon,36,State Senate,Second Plymouth & Norfolk
Brockton,2,C,All Others,0,State Senate,Second Plymouth & Norfolk
Brockton,2,C,Blanks,25,State Senate,Second Plymouth & Norfolk
Brockton,2,C,Total Votes Cast,323,State Senate,Second Plymouth & Norfolk
Brockton,2,D,Michael D. Brady,502,State Senate,Second Plymouth & Norfolk
Brockton,2,D,Jim Gordon,124,State Senate,Second Plymouth & Norfolk
Brockton,2,D,All Others,0,State Senate,Second Plymouth & Norfolk
Brockton,2,D,Blanks,33,State Senate,Second Plymouth & Norfolk
Brockton,2,D,Total Votes Cast,659,State Senate,Second Plymouth & Norfolk
Brockton,3,A,Michael D. Brady,512,State Senate,Second Plymouth & Norfolk
Brockton,3,A,Jim Gordon,116,State Senate,Second Plymouth & Norfolk
Brockton,3,A,All Others,1,State Senate,Second Plymouth & Norfolk
Brockton,3,A,Blanks,38,State Senate,Second Plymouth & Norfolk
Brockton,3,A,Total Votes Cast,667,State Senate,Second Plymouth & Norfolk
Brockton,3,B,Michael D. Brady,409,State Senate,Second Plymouth & Norfolk
Brockton,3,B,Jim Gordon,74,State Senate,Second Plymouth & Norfolk
Brockton,3,B,All Others,0,State Senate,Second Plymouth & Norfolk
Brockton,3,B,Blanks,22,State Senate,Second Plymouth & Norfolk
Brockton,3,B,Total Votes Cast,505,State Senate,Second Plymouth & Norfolk
Brockton,3,C,Michael D. Brady,781,State Senate,Second Plymouth & Norfolk
Brockton,3,C,Jim Gordon,290,State Senate,Second Plymouth & Norfolk
Brockton,3,C,All Others,0,State Senate,Second Plymouth & Norfolk
Brockton,3,C,Blanks,32,State Senate,Second Plymouth & Norfolk
Brockton,3,C,Total Votes Cast,1103,State Senate,Second Plymouth & Norfolk
Brockton,3,D,Michael D. Brady,769,State Senate,Second Plymouth & Norfolk
Brockton,3,D,Jim Gordon,309,State Senate,Second Plymouth & Norfolk
Brockton,3,D,All Others,0,State Senate,Second Plymouth & Norfolk
Brockton,3,D,Blanks,33,State Senate,Second Plymouth & Norfolk
Brockton,3,D,Total Votes Cast,1111,State Senate,Second Plymouth & Norfolk
Brockton,4,A,Michael D. Brady,241,State Senate,Second Plymouth & Norfolk
Brockton,4,A,Jim Gordon,45,State Senate,Second Plymouth & Norfolk
Brockton,4,A,All Others,2,State Senate,Second Plymouth & Norfolk
Brockton,4,A,Blanks,11,State Senate,Second Plymouth & Norfolk
Brockton,4,A,Total Votes Cast,299,State Senate,Second Plymouth & Norfolk
Brockton,4,B,Michael D. Brady,514,State Senate,Second Plymouth & Norfolk
Brockton,4,B,Jim Gordon,122,State Senate,Second Plymouth & Norfolk
Brockton,4,B,All Others,4,State Senate,Second Plymouth & Norfolk
Brockton,4,B,Blanks,28,State Senate,Second Plymouth & Norfolk
Brockton,4,B,Total Votes Cast,668,State Senate,Second Plymouth & Norfolk
Brockton,4,C,Michael D. Brady,615,State Senate,Second Plymouth & Norfolk
Brockton,4,C,Jim Gordon,234,State Senate,Second Plymouth & Norfolk
Brockton,4,C,All Others,0,State Senate,Second Plymouth & Norfolk
Brockton,4,C,Blanks,49,State Senate,Second Plymouth & Norfolk
Brockton,4,C,Total Votes Cast,898,State Senate,Second Plymouth & Norfolk
Brockton,4,D,Michael D. Brady,632,State Senate,Second Plymouth & Norfolk
Brockton,4,D,Jim Gordon,224,State Senate,Second Plymouth & Norfolk
Brockton,4,D,All Others,0,State Senate,Second Plymouth & Norfolk
Brockton,4,D,Blanks,32,State Senate,Second Plymouth & Norfolk
Brockton,4,D,Total Votes Cast,888,State Senate,Second Plymouth & Norfolk
Brockton,5,A,Michael D. Brady,349,State Senate,Second Plymouth & Norfolk
Brockton,5,A,Jim Gordon,72,State Senate,Second Plymouth & Norfolk
Brockton,5,A,All Others,1,State Senate,Second Plymouth & Norfolk
Brockton,5,A,Blanks,20,State Senate,Second Plymouth & Norfolk
Brockton,5,A,Total Votes Cast,442,State Senate,Second Plymouth & Norfolk
Brockton,5,B,Michael D. Brady,677,State Senate,Second Plymouth & Norfolk
Brockton,5,B,Jim Gordon,189,State Senate,Second Plymouth & Norfolk
Brockton,5,B,All Others,3,State Senate,Second Plymouth & Norfolk
Brockton,5,B,Blanks,26,State Senate,Second Plymouth & Norfolk
Brockton,5,B,Total Votes Cast,895,State Senate,Second Plymouth & Norfolk
Brockton,5,C,Michael D. Brady,482,State Senate,Second Plymouth & Norfolk
Brockton,5,C,Jim Gordon,97,State Senate,Second Plymouth & Norfolk
Brockton,5,C,All Others,0,State Senate,Second Plymouth & Norfolk
Brockton,5,C,Blanks,21,State Senate,Second Plymouth & Norfolk
Brockton,5,C,Total Votes Cast,600,State Senate,Second Plymouth & Norfolk
Brockton,5,D,Michael D. Brady,707,State Senate,Second Plymouth & Norfolk
Brockton,5,D,Jim Gordon,271,State Senate,Second Plymouth & Norfolk
Brockton,5,D,All Others,2,State Senate,Second Plymouth & Norfolk
Brockton,5,D,Blanks,36,State Senate,Second Plymouth & Norfolk
Brockton,5,D,Total Votes Cast,1016,State Senate,Second Plymouth & Norfolk
Brockton,6,A,Michael D. Brady,491,State Senate,Second Plymouth & Norfolk
Brockton,6,A,Jim Gordon,149,State Senate,Second Plymouth & Norfolk
Brockton,6,A,All Others,0,State Senate,Second Plymouth & Norfolk
Brockton,6,A,Blanks,14,State Senate,Second Plymouth & Norfolk
Brockton,6,A,Total Votes Cast,654,State Senate,Second Plymouth & Norfolk
Brockton,6,B,Michael D. Brady,696,State Senate,Second Plymouth & Norfolk
Brockton,6,B,Jim Gordon,266,State Senate,Second Plymouth & Norfolk
Brockton,6,B,All Others,1,State Senate,Second Plymouth & Norfolk
Brockton,6,B,Blanks,29,State Senate,Second Plymouth & Norfolk
Brockton,6,B,Total Votes Cast,992,State Senate,Second Plymouth & Norfolk
Brockton,6,C,Michael D. Brady,592,State Senate,Second Plymouth & Norfolk
Brockton,6,C,Jim Gordon,197,State Senate,Second Plymouth & Norfolk
Brockton,6,C,All Others,1,State Senate,Second Plymouth & Norfolk
Brockton,6,C,Blanks,22,State Senate,Second Plymouth & Norfolk
Brockton,6,C,Total Votes Cast,812,State Senate,Second Plymouth & Norfolk
Brockton,6,D,Michael D. Brady,798,State Senate,Second Plymouth & Norfolk
Brockton,6,D,Jim Gordon,348,State Senate,Second Plymouth & Norfolk
Brockton,6,D,All Others,0,State Senate,Second Plymouth & Norfolk
Brockton,6,D,Blanks,44,State Senate,Second Plymouth & Norfolk
Brockton,6,D,Total Votes Cast,1190,State Senate,Second Plymouth & Norfolk
Brockton,7,A,Michael D. Brady,406,State Senate,Second Plymouth & Norfolk
Brockton,7,A,Jim Gordon,77,State Senate,Second Plymouth & Norfolk
Brockton,7,A,All Others,0,State Senate,Second Plymouth & Norfolk
Brockton,7,A,Blanks,20,State Senate,Second Plymouth & Norfolk
Brockton,7,A,Total Votes Cast,503,State Senate,Second Plymouth & Norfolk
Brockton,7,B,Michael D. Brady,596,State Senate,Second Plymouth & Norfolk
Brockton,7,B,Jim Gordon,109,State Senate,Second Plymouth & Norfolk
Brockton,7,B,All Others,0,State Senate,Second Plymouth & Norfolk
Brockton,7,B,Blanks,44,State Senate,Second Plymouth & Norfolk
Brockton,7,B,Total Votes Cast,749,State Senate,Second Plymouth & Norfolk
Brockton,7,C,Michael D. Brady,567,State Senate,Second Plymouth & Norfolk
Brockton,7,C,Jim Gordon,120,State Senate,Second Plymouth & Norfolk
Brockton,7,C,All Others,1,State Senate,Second Plymouth & Norfolk
Brockton,7,C,Blanks,39,State Senate,Second Plymouth & Norfolk
Brockton,7,C,Total Votes Cast,727,State Senate,Second Plymouth & Norfolk
Brockton,7,D,Michael D. Brady,583,State Senate,Second Plymouth & Norfolk
Brockton,7,D,Jim Gordon,191,State Senate,Second Plymouth & Norfolk
Brockton,7,D,All Others,0,State Senate,Second Plymouth & Norfolk
Brockton,7,D,Blanks,47,State Senate,Second Plymouth & Norfolk
Brockton,7,D,Total Votes Cast,821,State Senate,Second Plymouth & Norfolk
Brookfield,,,Anne M. Gobi,783,State Senate,Worcester & Hampshire
Brookfield,,,James Anthony Amorello,678,State Senate,Worcester & Hampshire
Brookfield,,,All Others,0,State Senate,Worcester & Hampshire
Brookfield,,,Blanks,20,State Senate,Worcester & Hampshire
Brookfield,,,Total Votes Cast,1481,State Senate,Worcester & Hampshire
Brookline,-,1,Cynthia Stone Creem,926,State Senate,Norfolk & Middlesex
Brookline,-,1,All Others,9,State Senate,Norfolk & Middlesex
Brookline,-,1,Blanks,195,State Senate,Norfolk & Middlesex
Brookline,-,1,Total Votes Cast,1130,State Senate,Norfolk & Middlesex
Brookline,-,10,Cynthia Stone Creem,1121,State Senate,Norfolk & Middlesex
Brookline,-,10,All Others,5,State Senate,Norfolk & Middlesex
Brookline,-,10,Blanks,199,State Senate,Norfolk & Middlesex
Brookline,-,10,Total Votes Cast,1325,State Senate,Norfolk & Middlesex
Brookline,-,11,Cynthia Stone Creem,1160,State Senate,Norfolk & Middlesex
Brookline,-,11,All Others,6,State Senate,Norfolk & Middlesex
Brookline,-,11,Blanks,221,State Senate,Norfolk & Middlesex
Brookline,-,11,Total Votes Cast,1387,State Senate,Norfolk & Middlesex
Brookline,-,12,Cynthia Stone Creem,1224,State Senate,Norfolk & Middlesex
Brookline,-,12,All Others,14,State Senate,Norfolk & Middlesex
Brookline,-,12,Blanks,250,State Senate,Norfolk & Middlesex
Brookline,-,12,Total Votes Cast,1488,State Senate,Norfolk & Middlesex
Brookline,-,13,Cynthia Stone Creem,973,State Senate,Norfolk & Middlesex
Brookline,-,13,All Others,15,State Senate,Norfolk & Middlesex
Brookline,-,13,Blanks,206,State Senate,Norfolk & Middlesex
Brookline,-,13,Total Votes Cast,1194,State Senate,Norfolk & Middlesex
Brookline,-,13A,Cynthia Stone Creem,176,State Senate,Norfolk & Middlesex
Brookline,-,13A,All Others,1,State Senate,Norfolk & Middlesex
Brookline,-,13A,Blanks,36,State Senate,Norfolk & Middlesex
Brookline,-,13A,Total Votes Cast,213,State Senate,Norfolk & Middlesex
Brookline,-,14,Cynthia Stone Creem,930,State Senate,Norfolk & Middlesex
Brookline,-,14,All Others,15,State Senate,Norfolk & Middlesex
Brookline,-,14,Blanks,278,State Senate,Norfolk & Middlesex
Brookline,-,14,Total Votes Cast,1223,State Senate,Norfolk & Middlesex
Brookline,-,14A,Cynthia Stone Creem,239,State Senate,Norfolk & Middlesex
Brookline,-,14A,All Others,2,State Senate,Norfolk & Middlesex
Brookline,-,14A,Blanks,85,State Senate,Norfolk & Middlesex
Brookline,-,14A,Total Votes Cast,326,State Senate,Norfolk & Middlesex
Brookline,-,15,Cynthia Stone Creem,1135,State Senate,Norfolk & Middlesex
Brookline,-,15,All Others,6,State Senate,Norfolk & Middlesex
Brookline,-,15,Blanks,390,State Senate,Norfolk & Middlesex
Brookline,-,15,Total Votes Cast,1531,State Senate,Norfolk & Middlesex
Brookline,-,16,Cynthia Stone Creem,1062,State Senate,Norfolk & Middlesex
Brookline,-,16,All Others,7,State Senate,Norfolk & Middlesex
Brookline,-,16,Blanks,300,State Senate,Norfolk & Middlesex
Brookline,-,16,Total Votes Cast,1369,State Senate,Norfolk & Middlesex
Brookline,-,17,Cynthia Stone Creem,963,State Senate,Norfolk & Middlesex
Brookline,-,17,All Others,9,State Senate,Norfolk & Middlesex
Brookline,-,17,Blanks,178,State Senate,Norfolk & Middlesex
Brookline,-,17,Total Votes Cast,1150,State Senate,Norfolk & Middlesex
Brookline,-,2,Cynthia Stone Creem,585,State Senate,Norfolk & Middlesex
Brookline,-,2,All Others,8,State Senate,Norfolk & Middlesex
Brookline,-,2,Blanks,109,State Senate,Norfolk & Middlesex
Brookline,-,2,Total Votes Cast,702,State Senate,Norfolk & Middlesex
Brookline,-,3,Cynthia Stone Creem,1068,State Senate,Norfolk & Middlesex
Brookline,-,3,All Others,12,State Senate,Norfolk & Middlesex
Brookline,-,3,Blanks,194,State Senate,Norfolk & Middlesex
Brookline,-,3,Total Votes Cast,1274,State Senate,Norfolk & Middlesex
Brookline,-,4,Cynthia Stone Creem,796,State Senate,Norfolk & Middlesex
Brookline,-,4,All Others,13,State Senate,Norfolk & Middlesex
Brookline,-,4,Blanks,183,State Senate,Norfolk & Middlesex
Brookline,-,4,Total Votes Cast,992,State Senate,Norfolk & Middlesex
Brookline,-,5,Cynthia Stone Creem,531,State Senate,Norfolk & Middlesex
Brookline,-,5,All Others,6,State Senate,Norfolk & Middlesex
Brookline,-,5,Blanks,113,State Senate,Norfolk & Middlesex
Brookline,-,5,Total Votes Cast,650,State Senate,Norfolk & Middlesex
Brookline,-,5A,Cynthia Stone Creem,571,State Senate,Norfolk & Middlesex
Brookline,-,5A,All Others,7,State Senate,Norfolk & Middlesex
Brookline,-,5A,Blanks,110,State Senate,Norfolk & Middlesex
Brookline,-,5A,Total Votes Cast,688,State Senate,Norfolk & Middlesex
Brookline,-,6,Cynthia Stone Creem,1193,State Senate,Norfolk & Middlesex
Brookline,-,6,All Others,8,State Senate,Norfolk & Middlesex
Brookline,-,6,Blanks,241,State Senate,Norfolk & Middlesex
Brookline,-,6,Total Votes Cast,1442,State Senate,Norfolk & Middlesex
Brookline,-,7,Cynthia Stone Creem,991,State Senate,Norfolk & Middlesex
Brookline,-,7,All Others,12,State Senate,Norfolk & Middlesex
Brookline,-,7,Blanks,199,State Senate,Norfolk & Middlesex
Brookline,-,7,Total Votes Cast,1202,State Senate,Norfolk & Middlesex
Brookline,-,8,Cynthia Stone Creem,1082,State Senate,Norfolk & Middlesex
Brookline,-,8,All Others,8,State Senate,Norfolk & Middlesex
Brookline,-,8,Blanks,183,State Senate,Norfolk & Middlesex
Brookline,-,8,Total Votes Cast,1273,State Senate,Norfolk & Middlesex
Brookline,-,9,Cynthia Stone Creem,1129,State Senate,Norfolk & Middlesex
Brookline,-,9,All Others,4,State Senate,Norfolk & Middlesex
Brookline,-,9,Blanks,211,State Senate,Norfolk & Middlesex
Brookline,-,9,Total Votes Cast,1344,State Senate,Norfolk & Middlesex
Buckland,,,Paul W. Mark,717,State Senate,"Berkshire, Hampden, Franklin & Hampshire"
Buckland,,,Brendan M. Phair,152,State Senate,"Berkshire, Hampden, Franklin & Hampshire"
Buckland,,,All Others,1,State Senate,"Berkshire, Hampden, Franklin & Hampshire"
Buckland,,,Blanks,48,State Senate,"Berkshire, Hampden, Franklin & Hampshire"
Buckland,,,Total Votes Cast,918,State Senate,"Berkshire, Hampden, Franklin & Hampshire"
Burlington,-,1,Cindy F. Friedman,1116,State Senate,Fourth Middlesex
Burlington,-,1,All Others,55,State Senate,Fourth Middlesex
Burlington,-,1,Blanks,654,State Senate,Fourth Middlesex
Burlington,-,1,Total Votes Cast,1825,State Senate,Fourth Middlesex
Burlington,-,2,Cindy F. Friedman,723,State Senate,Fourth Middlesex
Burlington,-,2,All Others,30,State Senate,Fourth Middlesex
Burlington,-,2,Blanks,294,State Senate,Fourth Middlesex
Burlington,-,2,Total Votes Cast,1047,State Senate,Fourth Middlesex
Burlington,-,3,Cindy F. Friedman,1024,State Senate,Fourth Middlesex
Burlington,-,3,All Others,25,State Senate,Fourth Middlesex
Burlington,-,3,Blanks,520,State Senate,Fourth Middlesex
Burlington,-,3,Total Votes Cast,1569,State Senate,Fourth Middlesex
Burlington,-,4,Cindy F. Friedman,855,State Senate,Fourth Middlesex
Burlington,-,4,All Others,29,State Senate,Fourth Middlesex
Burlington,-,4,Blanks,374,State Senate,Fourth Middlesex
Burlington,-,4,Total Votes Cast,1258,State Senate,Fourth Middlesex
Burlington,-,5,Cindy F. Friedman,1191,State Senate,Fourth Middlesex
Burlington,-,5,All Others,47,State Senate,Fourth Middlesex
Burlington,-,5,Blanks,655,State Senate,Fourth Middlesex
Burlington,-,5,Total Votes Cast,1893,State Senate,Fourth Middlesex
Burlington,-,6,Cindy F. Friedman,1129,State Senate,Fourth Middlesex
Burlington,-,6,All Others,44,State Senate,Fourth Middlesex
Burlington,-,6,Blanks,596,State Senate,Fourth Middlesex
Burlington,-,6,Total Votes Cast,1769,State Senate,Fourth Middlesex
Burlington,-,7,Cindy F. Friedman,1034,State Senate,Fourth Middlesex
Burlington,-,7,All Others,37,State Senate,Fourth Middlesex
Burlington,-,7,Blanks,413,State Senate,Fourth Middlesex
Burlington,-,7,Total Votes Cast,1484,State Senate,Fourth Middlesex
Cambridge,1,1,Sal N. DiDomenico,533,State Senate,Middlesex and Suffolk
Cambridge,1,1,All Others,4,State Senate,Middlesex and Suffolk
Cambridge,1,1,Blanks,91,State Senate,Middlesex and Suffolk
Cambridge,1,1,Total Votes Cast,628,State Senate,Middlesex and Suffolk
Cambridge,1,2,Sal N. DiDomenico,239,State Senate,Middlesex and Suffolk
Cambridge,1,2,All Others,4,State Senate,Middlesex and Suffolk
Cambridge,1,2,Blanks,59,State Senate,Middlesex and Suffolk
Cambridge,1,2,Total Votes Cast,302,State Senate,Middlesex and Suffolk
Cambridge,1,2A,Sal N. DiDomenico,21,State Senate,Middlesex and Suffolk
Cambridge,1,2A,All Others,1,State Senate,Middlesex and Suffolk
Cambridge,1,2A,Blanks,5,State Senate,Middlesex and Suffolk
Cambridge,1,2A,Total Votes Cast,27,State Senate,Middlesex and Suffolk
Cambridge,1,3,Sal N. DiDomenico,935,State Senate,Middlesex and Suffolk
Cambridge,1,3,All Others,6,State Senate,Middlesex and Suffolk
Cambridge,1,3,Blanks,149,State Senate,Middlesex and Suffolk
Cambridge,1,3,Total Votes Cast,1090,State Senate,Middlesex and Suffolk
Cambridge,10,1,Patricia D. Jehlen,892,State Senate,Second Middlesex
Cambridge,10,1,All Others,2,State Senate,Second Middlesex
Cambridge,10,1,Blanks,157,State Senate,Second Middlesex
Cambridge,10,1,Total Votes Cast,1051,State Senate,Second Middlesex
Cambridge,10,1A,Patricia D. Jehlen,576,State Senate,Second Middlesex
Cambridge,10,1A,All Others,2,State Senate,Second Middlesex
Cambridge,10,1A,Blanks,91,State Senate,Second Middlesex
Cambridge,10,1A,Total Votes Cast,669,State Senate,Second Middlesex
Cambridge,10,2,Patricia D. Jehlen,1493,State Senate,Second Middlesex
Cambridge,10,2,All Others,8,State Senate,Second Middlesex
Cambridge,10,2,Blanks,232,State Senate,Second Middlesex
Cambridge,10,2,Total Votes Cast,1733,State Senate,Second Middlesex
Cambridge,10,3,Patricia D. Jehlen,1027,State Senate,Second Middlesex
Cambridge,10,3,All Others,5,State Senate,Second Middlesex
Cambridge,10,3,Blanks,193,State Senate,Second Middlesex
Cambridge,10,3,Total Votes Cast,1225,State Senate,Second Middlesex
Cambridge,11,1,Patricia D. Jehlen,382,State Senate,Second Middlesex
Cambridge,11,1,All Others,0,State Senate,Second Middlesex
Cambridge,11,1,Blanks,54,State Senate,Second Middlesex
Cambridge,11,1,Total Votes Cast,436,State Senate,Second Middlesex
Cambridge,11,1A,Patricia D. Jehlen,433,State Senate,Second Middlesex
Cambridge,11,1A,All Others,0,State Senate,Second Middlesex
Cambridge,11,1A,Blanks,88,State Senate,Second Middlesex
Cambridge,11,1A,Total Votes Cast,521,State Senate,Second Middlesex
Cambridge,11,2,Patricia D. Jehlen,692,State Senate,Second Middlesex
Cambridge,11,2,All Others,3,State Senate,Second Middlesex
Cambridge,11,2,Blanks,126,State Senate,Second Middlesex
Cambridge,11,2,Total Votes Cast,821,State Senate,Second Middlesex
Cambridge,11,3,Patricia D. Jehlen,1140,State Senate,Second Middlesex
Cambridge,11,3,All Others,8,State Senate,Second Middlesex
Cambridge,11,3,Blanks,189,State Senate,Second Middlesex
Cambridge,11,3,Total Votes Cast,1337,State Senate,Second Middlesex
Cambridge,11,3A,Patricia D. Jehlen,125,State Senate,Second Middlesex
Cambridge,11,3A,All Others,0,State Senate,Second Middlesex
Cambridge,11,3A,Blanks,19,State Senate,Second Middlesex
Cambridge,11,3A,Total Votes Cast,144,State Senate,Second Middlesex
Cambridge,2,1,Sal N. DiDomenico,987,State Senate,Middlesex and Suffolk
Cambridge,2,1,All Others,6,State Senate,Middlesex and Suffolk
Cambridge,2,1,Blanks,165,State Senate,Middlesex and Suffolk
Cambridge,2,1,Total Votes Cast,1158,State Senate,Middlesex and Suffolk
Cambridge,2,2,Sal N. DiDomenico,875,State Senate,Middlesex and Suffolk
Cambridge,2,2,All Others,8,State Senate,Middlesex and Suffolk
Cambridge,2,2,Blanks,204,State Senate,Middlesex and Suffolk
Cambridge,2,2,Total Votes Cast,1087,State Senate,Middlesex and Suffolk
Cambridge,2,3,Sal N. DiDomenico,792,State Senate,Middlesex and Suffolk
Cambridge,2,3,All Others,4,State Senate,Middlesex and Suffolk
Cambridge,2,3,Blanks,148,State Senate,Middlesex and Suffolk
Cambridge,2,3,Total Votes Cast,944,State Senate,Middlesex and Suffolk
Cambridge,2,3A,Sal N. DiDomenico,81,State Senate,Middlesex and Suffolk
Cambridge,2,3A,All Others,0,State Senate,Middlesex and Suffolk
Cambridge,2,3A,Blanks,16,State Senate,Middlesex and Suffolk
Cambridge,2,3A,Total Votes Cast,97,State Senate,Middlesex and Suffolk
Cambridge,3,1,Sal N. DiDomenico,691,State Senate,Middlesex and Suffolk
Cambridge,3,1,All Others,6,State Senate,Middlesex and Suffolk
Cambridge,3,1,Blanks,145,State Senate,Middlesex and Suffolk
Cambridge,3,1,Total Votes Cast,842,State Senate,Middlesex and Suffolk
Cambridge,3,2,Sal N. DiDomenico,949,State Senate,Middlesex and Suffolk
Cambridge,3,2,All Others,6,State Senate,Middlesex and Suffolk
Cambridge,3,2,Blanks,171,State Senate,Middlesex and Suffolk
Cambridge,3,2,Total Votes Cast,1126,State Senate,Middlesex and Suffolk
Cambridge,3,3,Sal N. DiDomenico,609,State Senate,Middlesex and Suffolk
Cambridge,3,3,All Others,2,State Senate,Middlesex and Suffolk
Cambridge,3,3,Blanks,116,State Senate,Middlesex and Suffolk
Cambridge,3,3,Total Votes Cast,727,State Senate,Middlesex and Suffolk
Cambridge,3,3A,Sal N. DiDomenico,364,State Senate,Middlesex and Suffolk
Cambridge,3,3A,All Others,3,State Senate,Middlesex and Suffolk
Cambridge,3,3A,Blanks,50,State Senate,Middlesex and Suffolk
Cambridge,3,3A,Total Votes Cast,417,State Senate,Middlesex and Suffolk
Cambridge,4,1,Sal N. DiDomenico,1178,State Senate,Middlesex and Suffolk
Cambridge,4,1,All Others,3,State Senate,Middlesex and Suffolk
Cambridge,4,1,Blanks,255,State Senate,Middlesex and Suffolk
Cambridge,4,1,Total Votes Cast,1436,State Senate,Middlesex and Suffolk
Cambridge,4,2,Sal N. DiDomenico,965,State Senate,Middlesex and Suffolk
Cambridge,4,2,All Others,3,State Senate,Middlesex and Suffolk
Cambridge,4,2,Blanks,168,State Senate,Middlesex and Suffolk
Cambridge,4,2,Total Votes Cast,1136,State Senate,Middlesex and Suffolk
Cambridge,4,2A,Sal N. DiDomenico,154,State Senate,Middlesex and Suffolk
Cambridge,4,2A,All Others,2,State Senate,Middlesex and Suffolk
Cambridge,4,2A,Blanks,31,State Senate,Middlesex and Suffolk
Cambridge,4,2A,Total Votes Cast,187,State Senate,Middlesex and Suffolk
Cambridge,4,3,Sal N. DiDomenico,1073,State Senate,Middlesex and Suffolk
Cambridge,4,3,All Others,3,State Senate,Middlesex and Suffolk
Cambridge,4,3,Blanks,208,State Senate,Middlesex and Suffolk
Cambridge,4,3,Total Votes Cast,1284,State Senate,Middlesex and Suffolk
Cambridge,5,1,Sal N. DiDomenico,977,State Senate,Middlesex and Suffolk
Cambridge,5,1,All Others,1,State Senate,Middlesex and Suffolk
Cambridge,5,1,Blanks,212,State Senate,Middlesex and Suffolk
Cambridge,5,1,Total Votes Cast,1190,State Senate,Middlesex and Suffolk
Cambridge,5,2,Sal N. DiDomenico,142,State Senate,Middlesex and Suffolk
Cambridge,5,2,All Others,0,State Senate,Middlesex and Suffolk
Cambridge,5,2,Blanks,22,State Senate,Middlesex and Suffolk
Cambridge,5,2,Total Votes Cast,164,State Senate,Middlesex and Suffolk
Cambridge,5,3,Sal N. DiDomenico,994,State Senate,Middlesex and Suffolk
Cambridge,5,3,All Others,4,State Senate,Middlesex and Suffolk
Cambridge,5,3,Blanks,173,State Senate,Middlesex and Suffolk
Cambridge,5,3,Total Votes Cast,1171,State Senate,Middlesex and Suffolk
Cambridge,6,1,Sal N. DiDomenico,950,State Senate,Middlesex and Suffolk
Cambridge,6,1,All Others,1,State Senate,Middlesex and Suffolk
Cambridge,6,1,Blanks,143,State Senate,Middlesex and Suffolk
Cambridge,6,1,Total Votes Cast,1094,State Senate,Middlesex and Suffolk
Cambridge,6,1A,Sal N. DiDomenico,296,State Senate,Middlesex and Suffolk
Cambridge,6,1A,All Others,2,State Senate,Middlesex and Suffolk
Cambridge,6,1A,Blanks,50,State Senate,Middlesex and Suffolk
Cambridge,6,1A,Total Votes Cast,348,State Senate,Middlesex and Suffolk
Cambridge,6,2,Sal N. DiDomenico,634,State Senate,Middlesex and Suffolk
Cambridge,6,2,All Others,7,State Senate,Middlesex and Suffolk
Cambridge,6,2,Blanks,117,State Senate,Middlesex and Suffolk
Cambridge,6,2,Total Votes Cast,758,State Senate,Middlesex and Suffolk
Cambridge,6,3,Sal N. DiDomenico,1259,State Senate,Middlesex and Suffolk
Cambridge,6,3,All Others,8,State Senate,Middlesex and Suffolk
Cambridge,6,3,Blanks,243,State Senate,Middlesex and Suffolk
Cambridge,6,3,Total Votes Cast,1510,State Senate,Middlesex and Suffolk
Cambridge,7,1,Patricia D. Jehlen,1148,State Senate,Second Middlesex
Cambridge,7,1,All Others,3,State Senate,Second Middlesex
Cambridge,7,1,Blanks,165,State Senate,Second Middlesex
Cambridge,7,1,Total Votes Cast,1316,State Senate,Second Middlesex
Cambridge,7,2,Sal N. DiDomenico,725,State Senate,Middlesex and Suffolk
Cambridge,7,2,All Others,7,State Senate,Middlesex and Suffolk
Cambridge,7,2,Blanks,163,State Senate,Middlesex and Suffolk
Cambridge,7,2,Total Votes Cast,895,State Senate,Middlesex and Suffolk
Cambridge,7,2A,Sal N. DiDomenico,26,State Senate,Middlesex and Suffolk
Cambridge,7,2A,All Others,0,State Senate,Middlesex and Suffolk
Cambridge,7,2A,Blanks,8,State Senate,Middlesex and Suffolk
Cambridge,7,2A,Total Votes Cast,34,State Senate,Middlesex and Suffolk
Cambridge,7,3,Sal N. DiDomenico,293,State Senate,Middlesex and Suffolk
Cambridge,7,3,All Others,2,State Senate,Middlesex and Suffolk
Cambridge,7,3,Blanks,43,State Senate,Middlesex and Suffolk
Cambridge,7,3,Total Votes Cast,338,State Senate,Middlesex and Suffolk
Cambridge,8,1,Patricia D. Jehlen,1027,State Senate,Second Middlesex
Cambridge,8,1,All Others,3,State Senate,Second Middlesex
Cambridge,8,1,Blanks,152,State Senate,Second Middlesex
Cambridge,8,1,Total Votes Cast,1182,State Senate,Second Middlesex
Cambridge,8,2,William N. Brownsberger,1005,State Senate,Suffolk and Middlesex
Cambridge,8,2,All Others,6,State Senate,Suffolk and Middlesex
Cambridge,8,2,Blanks,198,State Senate,Suffolk and Middlesex
Cambridge,8,2,Total Votes Cast,1209,State Senate,Suffolk and Middlesex
Cambridge,8,3,Sal N. DiDomenico,257,State Senate,Middlesex and Suffolk
Cambridge,8,3,All Others,4,State Senate,Middlesex and Suffolk
Cambridge,8,3,Blanks,42,State Senate,Middlesex and Suffolk
Cambridge,8,3,Total Votes Cast,303,State Senate,Middlesex and Suffolk
Cambridge,9,1,William N. Brownsberger,1674,State Senate,Suffolk and Middlesex
Cambridge,9,1,All Others,3,State Senate,Suffolk and Middlesex
Cambridge,9,1,Blanks,317,State Senate,Suffolk and Middlesex
Cambridge,9,1,Total Votes Cast,1994,State Senate,Suffolk and Middlesex
Cambridge,9,2,William N. Brownsberger,1241,State Senate,Suffolk and Middlesex
Cambridge,9,2,All Others,11,State Senate,Suffolk and Middlesex
Cambridge,9,2,Blanks,235,State Senate,Suffolk and Middlesex
Cambridge,9,2,Total Votes Cast,1487,State Senate,Suffolk and Middlesex
Cambridge,9,3,William N. Brownsberger,1218,State Senate,Suffolk and Middlesex
Cambridge,9,3,All Others,6,State Senate,Suffolk and Middlesex
Cambridge,9,3,Blanks,255,State Senate,Suffolk and Middlesex
Cambridge,9,3,Total Votes Cast,1479,State Senate,Suffolk and Middlesex
Canton,-,1,Paul R. Feeney,788,State Senate,Bristol and Norfolk
Canton,-,1,Michael Chaisson,435,State Senate,Bristol and Norfolk
Canton,-,1,Laura L. Saylor,33,State Senate,Bristol and Norfolk
Canton,-,1,All Others,1,State Senate,Bristol and Norfolk
Canton,-,1,Blanks,60,State Senate,Bristol and Norfolk
Canton,-,1,Total Votes Cast,1317,State Senate,Bristol and Norfolk
Canton,-,2,Paul R. Feeney,1091,State Senate,Bristol and Norfolk
Canton,-,2,Michael Chaisson,567,State Senate,Bristol and Norfolk
Canton,-,2,Laura L. Saylor,35,State Senate,Bristol and Norfolk
Canton,-,2,All Others,0,State Senate,Bristol and Norfolk
Canton,-,2,Blanks,105,State Senate,Bristol and Norfolk
Canton,-,2,Total Votes Cast,1798,State Senate,Bristol and Norfolk
Canton,-,3,Paul R. Feeney,634,State Senate,Bristol and Norfolk
Canton,-,3,Michael Chaisson,360,State Senate,Bristol and Norfolk
Canton,-,3,Laura L. Saylor,22,State Senate,Bristol and Norfolk
Canton,-,3,All Others,0,State Senate,Bristol and Norfolk
Canton,-,3,Blanks,75,State Senate,Bristol and Norfolk
Canton,-,3,Total Votes Cast,1091,State Senate,Bristol and Norfolk
Canton,-,4,Paul R. Feeney,877,State Senate,Bristol and Norfolk
Canton,-,4,Michael Chaisson,602,State Senate,Bristol and Norfolk
Canton,-,4,Laura L. Saylor,28,State Senate,Bristol and Norfolk
Canton,-,4,All Others,1,State Senate,Bristol and Norfolk
Canton,-,4,Blanks,84,State Senate,Bristol and Norfolk
Canton,-,4,Total Votes Cast,1592,State Senate,Bristol and Norfolk
Canton,-,5,Paul R. Feeney,955,State Senate,Bristol and Norfolk
Canton,-,5,Michael Chaisson,586,State Senate,Bristol and Norfolk
Canton,-,5,Laura L. Saylor,31,State Senate,Bristol and Norfolk
Canton,-,5,All Others,1,State Senate,Bristol and Norfolk
Canton,-,5,Blanks,93,State Senate,Bristol and Norfolk
Canton,-,5,Total Votes Cast,1666,State Senate,Bristol and Norfolk
Canton,-,6,Paul R. Feeney,827,State Senate,Bristol and Norfolk
Canton,-,6,Michael Chaisson,454,State Senate,Bristol and Norfolk
Canton,-,6,Laura L. Saylor,29,State Senate,Bristol and Norfolk
Canton,-,6,All Others,0,State Senate,Bristol and Norfolk
Canton,-,6,Blanks,80,State Senate,Bristol and Norfolk
Canton,-,6,Total Votes Cast,1390,State Senate,Bristol and Norfolk
Canton,-,7,Paul R. Feeney,942,State Senate,Bristol and Norfolk
Canton,-,7,Michael Chaisson,489,State Senate,Bristol and Norfolk
Canton,-,7,Laura L. Saylor,22,State Senate,Bristol and Norfolk
Canton,-,7,All Others,0,State Senate,Bristol and Norfolk
Canton,-,7,Blanks,83,State Senate,Bristol and Norfolk
Canton,-,7,Total Votes Cast,1536,State Senate,Bristol and Norfolk
Carlisle,,,Michael J. Barrett,2204,State Senate,Third Middlesex
Carlisle,,,All Others,8,State Senate,Third Middlesex
Carlisle,,,Blanks,667,State Senate,Third Middlesex
Carlisle,,,Total Votes Cast,2879,State Senate,Third Middlesex
Carver,-,1,Marc R. Pacheco,785,State Senate,Third Bristol & Plymouth
Carver,-,1,Maria S. Collins,830,State Senate,Third Bristol & Plymouth
Carver,-,1,All Others,0,State Senate,Third Bristol & Plymouth
Carver,-,1,Blanks,48,State Senate,Third Bristol & Plymouth
Carver,-,1,Total Votes Cast,1663,State Senate,Third Bristol & Plymouth
Carver,-,2,Marc R. Pacheco,766,State Senate,Third Bristol & Plymouth
Carver,-,2,Maria S. Collins,772,State Senate,Third Bristol & Plymouth
Carver,-,2,All Others,1,State Senate,Third Bristol & Plymouth
Carver,-,2,Blanks,48,State Senate,Third Bristol & Plymouth
Carver,-,2,Total Votes Cast,1587,State Senate,Third Bristol & Plymouth
Carver,-,3,Marc R. Pacheco,929,State Senate,Third Bristol & Plymouth
Carver,-,3,Maria S. Collins,844,State Senate,Third Bristol & Plymouth
Carver,-,3,All Others,0,State Senate,Third Bristol & Plymouth
Carver,-,3,Blanks,45,State Senate,Third Bristol & Plymouth
Carver,-,3,Total Votes Cast,1818,State Senate,Third Bristol & Plymouth
Charlemont,,,Paul W. Mark,360,State Senate,"Berkshire, Hampden, Franklin & Hampshire"
Charlemont,,,Brendan M. Phair,125,State Senate,"Berkshire, Hampden, Franklin & Hampshire"
Charlemont,,,All Others,0,State Senate,"Berkshire, Hampden, Franklin & Hampshire"
Charlemont,,,Blanks,47,State Senate,"Berkshire, Hampden, Franklin & Hampshire"
Charlemont,,,Total Votes Cast,532,State Senate,"Berkshire, Hampden, Franklin & Hampshire"
Charlton,-,1,Ryan C. Fattman,1071,State Senate,Worcester & Hampden
Charlton,-,1,All Others,5,State Senate,Worcester & Hampden
Charlton,-,1,Blanks,334,State Senate,Worcester & Hampden
Charlton,-,1,Total Votes Cast,1410,State Senate,Worcester & Hampden
Charlton,-,2,Ryan C. Fattman,1187,State Senate,Worcester & Hampden
Charlton,-,2,All Others,9,State Senate,Worcester & Hampden
Charlton,-,2,Blanks,313,State Senate,Worcester & Hampden
Charlton,-,2,Total Votes Cast,1509,State Senate,Worcester & Hampden
Charlton,-,3,Ryan C. Fattman,1061,State Senate,Worcester & Hampden
Charlton,-,3,All Others,4,State Senate,Worcester & Hampden
Charlton,-,3,Blanks,328,State Senate,Worcester & Hampden
Charlton,-,3,Total Votes Cast,1393,State Senate,Worcester & Hampden
Charlton,-,4,Ryan C. Fattman,1071,State Senate,Worcester & Hampden
Charlton,-,4,All Others,6,State Senate,Worcester & Hampden
Charlton,-,4,Blanks,329,State Senate,Worcester & Hampden
Charlton,-,4,Total Votes Cast,1406,State Senate,Worcester & Hampden
Charlton,-,4A,Ryan C. Fattman,32,State Senate,Worcester & Hampden
Charlton,-,4A,All Others,0,State Senate,Worcester & Hampden
Charlton,-,4A,Blanks,6,State Senate,Worcester & Hampden
Charlton,-,4A,Total Votes Cast,38,State Senate,Worcester & Hampden
Chatham,-,1,Julian Andre Cyr,1217,State Senate,Cape and Islands
Chatham,-,1,Christopher Robert Lauzon,781,State Senate,Cape and Islands
Chatham,-,1,All Others,2,State Senate,Cape and Islands
Chatham,-,1,Blanks,29,State Senate,Cape and Islands
Chatham,-,1,Total Votes Cast,2029,State Senate,Cape and Islands
Chatham,-,2,Julian Andre Cyr,1160,State Senate,Cape and Islands
Chatham,-,2,Christopher Robert Lauzon,833,State Senate,Cape and Islands
Chatham,-,2,All Others,0,State Senate,Cape and Islands
Chatham,-,2,Blanks,52,State Senate,Cape and Islands
Chatham,-,2,Total Votes Cast,2045,State Senate,Cape and Islands
Chelmsford,-,1,Michael J. Barrett,833,State Senate,Third Middlesex
Chelmsford,-,1,All Others,8,State Senate,Third Middlesex
Chelmsford,-,1,Blanks,433,State Senate,Third Middlesex
Chelmsford,-,1,Total Votes Cast,1274,State Senate,Third Middlesex
Chelmsford,-,10,Michael J. Barrett,857,State Senate,Third Middlesex
Chelmsford,-,10,All Others,12,State Senate,Third Middlesex
Chelmsford,-,10,Blanks,383,State Senate,Third Middlesex
Chelmsford,-,10,Total Votes Cast,1252,State Senate,Third Middlesex
Chelmsford,-,11,Michael J. Barrett,1100,State Senate,Third Middlesex
Chelmsford,-,11,All Others,10,State Senate,Third Middlesex
Chelmsford,-,11,Blanks,579,State Senate,Third Middlesex
Chelmsford,-,11,Total Votes Cast,1689,State Senate,Third Middlesex
Chelmsford,-,2,Michael J. Barrett,1011,State Senate,Third Middlesex
Chelmsford,-,2,All Others,8,State Senate,Third Middlesex
Chelmsford,-,2,Blanks,411,State Senate,Third Middlesex
Chelmsford,-,2,Total Votes Cast,1430,State Senate,Third Middlesex
Chelmsford,-,3A,Michael J. Barrett,442,State Senate,Third Middlesex
Chelmsford,-,3A,All Others,1,State Senate,Third Middlesex
Chelmsford,-,3A,Blanks,192,State Senate,Third Middlesex
Chelmsford,-,3A,Total Votes Cast,635,State Senate,Third Middlesex
Chelmsford,-,3B,Michael J. Barrett,511,State Senate,Third Middlesex
Chelmsford,-,3B,All Others,3,State Senate,Third Middlesex
Chelmsford,-,3B,Blanks,183,State Senate,Third Middlesex
Chelmsford,-,3B,Total Votes Cast,697,State Senate,Third Middlesex
Chelmsford,-,4,Michael J. Barrett,1142,State Senate,Third Middlesex
Chelmsford,-,4,All Others,11,State Senate,Third Middlesex
Chelmsford,-,4,Blanks,559,State Senate,Third Middlesex
Chelmsford,-,4,Total Votes Cast,1712,State Senate,Third Middlesex
Chelmsford,-,5A,Michael J. Barrett,891,State Senate,Third Middlesex
Chelmsford,-,5A,All Others,15,State Senate,Third Middlesex
Chelmsford,-,5A,Blanks,473,State Senate,Third Middlesex
Chelmsford,-,5A,Total Votes Cast,1379,State Senate,Third Middlesex
Chelmsford,-,5B,Michael J. Barrett,277,State Senate,Third Middlesex
Chelmsford,-,5B,All Others,0,State Senate,Third Middlesex
Chelmsford,-,5B,Blanks,129,State Senate,Third Middlesex
Chelmsford,-,5B,Total Votes Cast,406,State Senate,Third Middlesex
Chelmsford,-,6,Michael J. Barrett,1025,State Senate,Third Middlesex
Chelmsford,-,6,All Others,6,State Senate,Third Middlesex
Chelmsford,-,6,Blanks,462,State Senate,Third Middlesex
Chelmsford,-,6,Total Votes Cast,1493,State Senate,Third Middlesex
Chelmsford,-,7,Michael J. Barrett,875,State Senate,Third Middlesex
Chelmsford,-,7,All Others,13,State Senate,Third Middlesex
Chelmsford,-,7,Blanks,448,State Senate,Third Middlesex
Chelmsford,-,7,Total Votes Cast,1336,State Senate,Third Middlesex
Chelmsford,-,8,Michael J. Barrett,1001,State Senate,Third Middlesex
Chelmsford,-,8,All Others,3,State Senate,Third Middlesex
Chelmsford,-,8,Blanks,470,State Senate,Third Middlesex
Chelmsford,-,8,Total Votes Cast,1474,State Senate,Third Middlesex
Chelmsford,-,9,Michael J. Barrett,1101,State Senate,Third Middlesex
Chelmsford,-,9,All Others,17,State Senate,Third Middlesex
Chelmsford,-,9,Blanks,531,State Senate,Third Middlesex
Chelmsford,-,9,Total Votes Cast,1649,State Senate,Third Middlesex
Chelsea,1,1,Sal N. DiDomenico,213,State Senate,Middlesex and Suffolk
Chelsea,1,1,All Others,0,State Senate,Middlesex and Suffolk
Chelsea,1,1,Blanks,72,State Senate,Middlesex and Suffolk
Chelsea,1,1,Total Votes Cast,285,State Senate,Middlesex and Suffolk
Chelsea,1,2,Sal N. DiDomenico,120,State Senate,Middlesex and Suffolk
Chelsea,1,2,All Others,0,State Senate,Middlesex and Suffolk
Chelsea,1,2,Blanks,45,State Senate,Middlesex and Suffolk
Chelsea,1,2,Total Votes Cast,165,State Senate,Middlesex and Suffolk
Chelsea,1,3,Sal N. DiDomenico,181,State Senate,Middlesex and Suffolk
Chelsea,1,3,All Others,0,State Senate,Middlesex and Suffolk
Chelsea,1,3,Blanks,49,State Senate,Middlesex and Suffolk
Chelsea,1,3,Total Votes Cast,230,State Senate,Middlesex and Suffolk
Chelsea,1,4,Sal N. DiDomenico,158,State Senate,Middlesex and Suffolk
Chelsea,1,4,All Others,0,State Senate,Middlesex and Suffolk
Chelsea,1,4,Blanks,35,State Senate,Middlesex and Suffolk
Chelsea,1,4,Total Votes Cast,193,State Senate,Middlesex and Suffolk
Chelsea,2,1,Sal N. DiDomenico,592,State Senate,Middlesex and Suffolk
Chelsea,2,1,All Others,0,State Senate,Middlesex and Suffolk
Chelsea,2,1,Blanks,200,State Senate,Middlesex and Suffolk
Chelsea,2,1,Total Votes Cast,792,State Senate,Middlesex and Suffolk
Chelsea,2,2,Sal N. DiDomenico,247,State Senate,Middlesex and Suffolk
Chelsea,2,2,All Others,0,State Senate,Middlesex and Suffolk
Chelsea,2,2,Blanks,41,State Senate,Middlesex and Suffolk
Chelsea,2,2,Total Votes Cast,288,State Senate,Middlesex and Suffolk
Chelsea,2,3,Sal N. DiDomenico,130,State Senate,Middlesex and Suffolk
Chelsea,2,3,All Others,0,State Senate,Middlesex and Suffolk
Chelsea,2,3,Blanks,41,State Senate,Middlesex and Suffolk
Chelsea,2,3,Total Votes Cast,171,State Senate,Middlesex and Suffolk
Chelsea,2,4,Sal N. DiDomenico,260,State Senate,Middlesex and Suffolk
Chelsea,2,4,All Others,0,State Senate,Middlesex and Suffolk
Chelsea,2,4,Blanks,56,State Senate,Middlesex and Suffolk
Chelsea,2,4,Total Votes Cast,316,State Senate,Middlesex and Suffolk
Chelsea,3,1,Sal N. DiDomenico,246,State Senate,Middlesex and Suffolk
Chelsea,3,1,All Others,0,State Senate,Middlesex and Suffolk
Chelsea,3,1,Blanks,64,State Senate,Middlesex and Suffolk
Chelsea,3,1,Total Votes Cast,310,State Senate,Middlesex and Suffolk
Chelsea,3,2,Sal N. DiDomenico,300,State Senate,Middlesex and Suffolk
Chelsea,3,2,All Others,0,State Senate,Middlesex and Suffolk
Chelsea,3,2,Blanks,77,State Senate,Middlesex and Suffolk
Chelsea,3,2,Total Votes Cast,377,State Senate,Middlesex and Suffolk
Chelsea,3,3,Sal N. DiDomenico,231,State Senate,Middlesex and Suffolk
Chelsea,3,3,All Others,0,State Senate,Middlesex and Suffolk
Chelsea,3,3,Blanks,65,State Senate,Middlesex and Suffolk
Chelsea,3,3,Total Votes Cast,296,State Senate,Middlesex and Suffolk
Chelsea,3,4,Sal N. DiDomenico,218,State Senate,Middlesex and Suffolk
Chelsea,3,4,All Others,0,State Senate,Middlesex and Suffolk
Chelsea,3,4,Blanks,69,State Senate,Middlesex and Suffolk
Chelsea,3,4,Total Votes Cast,287,State Senate,Middlesex and Suffolk
Chelsea,4,1,Sal N. DiDomenico,309,State Senate,Middlesex and Suffolk
Chelsea,4,1,All Others,0,State Senate,Middlesex and Suffolk
Chelsea,4,1,Blanks,68,State Senate,Middlesex and Suffolk
Chelsea,4,1,Total Votes Cast,377,State Senate,Middlesex and Suffolk
Chelsea,4,2,Sal N. DiDomenico,307,State Senate,Middlesex and Suffolk
Chelsea,4,2,All Others,0,State Senate,Middlesex and Suffolk
Chelsea,4,2,Blanks,101,State Senate,Middlesex and Suffolk
Chelsea,4,2,Total Votes Cast,408,State Senate,Middlesex and Suffolk
Chelsea,4,3,Sal N. DiDomenico,310,State Senate,Middlesex and Suffolk
Chelsea,4,3,All Others,0,State Senate,Middlesex and Suffolk
Chelsea,4,3,Blanks,131,State Senate,Middlesex and Suffolk
Chelsea,4,3,Total Votes Cast,441,State Senate,Middlesex and Suffolk
Chelsea,4,4,Sal N. DiDomenico,257,State Senate,Middlesex and Suffolk
Chelsea,4,4,All Others,0,State Senate,Middlesex and Suffolk
Chelsea,4,4,Blanks,108,State Senate,Middlesex and Suffolk
Chelsea,4,4,Total Votes Cast,365,State Senate,Middlesex and Suffolk
Cheshire,,,Paul W. Mark,789,State Senate,"Berkshire, Hampden, Franklin & Hampshire"
Cheshire,,,Brendan M. Phair,486,State Senate,"Berkshire, Hampden, Franklin & Hampshire"
Cheshire,,,All Others,2,State Senate,"Berkshire, Hampden, Franklin & Hampshire"
Cheshire,,,Blanks,94,State Senate,"Berkshire, Hampden, Franklin & Hampshire"
Cheshire,,,Total Votes Cast,1371,State Senate,"Berkshire, Hampden, Franklin & Hampshire"
Chester,,,Paul W. Mark,259,State Senate,"Berkshire, Hampden, Franklin & Hampshire"
Chester,,,Brendan M. Phair,216,State Senate,"Berkshire, Hampden, Franklin & Hampshire"
Chester,,,All Others,0,State Senate,"Berkshire, Hampden, Franklin & Hampshire"
Chester,,,Blanks,76,State Senate,"Berkshire, Hampden, Franklin & Hampshire"
Chester,,,Total Votes Cast,551,State Senate,"Berkshire, Hampden, Franklin & Hampshire"
Chesterfield,,,Paul W. Mark,429,State Senate,"Berkshire, Hampden, Franklin & Hampshire"
Chesterfield,,,Brendan M. Phair,146,State Senate,"Berkshire, Hampden, Franklin & Hampshire"
Chesterfield,,,All Others,0,State Senate,"Berkshire, Hampden, Franklin & Hampshire"
Chesterfield,,,Blanks,84,State Senate,"Berkshire, Hampden, Franklin & Hampshire"
Chesterfield,,,Total Votes Cast,659,State Senate,"Berkshire, Hampden, Franklin & Hampshire"
Chicopee,1,A,Jacob R. Oliveira,532,State Senate,"Hampden, Hampshire & Worcester"
Chicopee,1,A,William E. Johnson,446,State Senate,"Hampden, Hampshire & Worcester"
Chicopee,1,A,All Others,1,State Senate,"Hampden, Hampshire & Worcester"
Chicopee,1,A,Blanks,29,State Senate,"Hampden, Hampshire & Worcester"
Chicopee,1,A,Total Votes Cast,1008,State Senate,"Hampden, Hampshire & Worcester"
Chicopee,1,B,Jacob R. Oliveira,663,State Senate,"Hampden, Hampshire & Worcester"
Chicopee,1,B,William E. Johnson,544,State Senate,"Hampden, Hampshire & Worcester"
Chicopee,1,B,All Others,2,State Senate,"Hampden, Hampshire & Worcester"
Chicopee,1,B,Blanks,29,State Senate,"Hampden, Hampshire & Worcester"
Chicopee,1,B,Total Votes Cast,1238,State Senate,"Hampden, Hampshire & Worcester"
Chicopee,2,A,Adam Gomez,400,State Senate,Hampden
Chicopee,2,A,All Others,20,State Senate,Hampden
Chicopee,2,A,Blanks,94,State Senate,Hampden
Chicopee,2,A,Total Votes Cast,514,State Senate,Hampden
Chicopee,2,B,Adam Gomez,708,State Senate,Hampden
Chicopee,2,B,All Others,35,State Senate,Hampden
Chicopee,2,B,Blanks,267,State Senate,Hampden
Chicopee,2,B,Total Votes Cast,1010,State Senate,Hampden
Chicopee,3,A,Adam Gomez,504,State Senate,Hampden
Chicopee,3,A,All Others,23,State Senate,Hampden
Chicopee,3,A,Blanks,198,State Senate,Hampden
Chicopee,3,A,Total Votes Cast,725,State Senate,Hampden
Chicopee,3,A1,Adam Gomez,96,State Senate,Hampden
Chicopee,3,A1,All Others,2,State Senate,Hampden
Chicopee,3,A1,Blanks,20,State Senate,Hampden
Chicopee,3,A1,Total Votes Cast,118,State Senate,Hampden
Chicopee,3,B,Adam Gomez,471,State Senate,Hampden
Chicopee,3,B,All Others,11,State Senate,Hampden
Chicopee,3,B,Blanks,140,State Senate,Hampden
Chicopee,3,B,Total Votes Cast,622,State Senate,Hampden
Chicopee,4,A,Adam Gomez,555,State Senate,Hampden
Chicopee,4,A,All Others,28,State Senate,Hampden
Chicopee,4,A,Blanks,202,State Senate,Hampden
Chicopee,4,A,Total Votes Cast,785,State Senate,Hampden
Chicopee,4,B,Adam Gomez,518,State Senate,Hampden
Chicopee,4,B,All Others,26,State Senate,Hampden
Chicopee,4,B,Blanks,173,State Senate,Hampden
Chicopee,4,B,Total Votes Cast,717,State Senate,Hampden
Chicopee,5,A,Adam Gomez,665,State Senate,Hampden
Chicopee,5,A,All Others,23,State Senate,Hampden
Chicopee,5,A,Blanks,235,State Senate,Hampden
Chicopee,5,A,Total Votes Cast,923,State Senate,Hampden
Chicopee,5,B,Adam Gomez,635,State Senate,Hampden
Chicopee,5,B,All Others,22,State Senate,Hampden
Chicopee,5,B,Blanks,190,State Senate,Hampden
Chicopee,5,B,Total Votes Cast,847,State Senate,Hampden
Chicopee,6,AN,Jacob R. Oliveira,235,State Senate,"Hampden, Hampshire & Worcester"
Chicopee,6,AN,William E. Johnson,164,State Senate,"Hampden, Hampshire & Worcester"
Chicopee,6,AN,All Others,0,State Senate,"Hampden, Hampshire & Worcester"
Chicopee,6,AN,Blanks,15,State Senate,"Hampden, Hampshire & Worcester"
Chicopee,6,AN,Total Votes Cast,414,State Senate,"Hampden, Hampshire & Worcester"
Chicopee,6,AS,Jacob R. Oliveira,382,State Senate,"Hampden, Hampshire & Worcester"
Chicopee,6,AS,William E. Johnson,313,State Senate,"Hampden, Hampshire & Worcester"
Chicopee,6,AS,All Others,0,State Senate,"Hampden, Hampshire & Worcester"
Chicopee,6,AS,Blanks,19,State Senate,"Hampden, Hampshire & Worcester"
Chicopee,6,AS,Total Votes Cast,714,State Senate,"Hampden, Hampshire & Worcester"
Chicopee,6,BE,Jacob R. Oliveira,552,State Senate,"Hampden, Hampshire & Worcester"
Chicopee,6,BE,William E. Johnson,531,State Senate,"Hampden, Hampshire & Worcester"
Chicopee,6,BE,All Others,0,State Senate,"Hampden, Hampshire & Worcester"
Chicopee,6,BE,Blanks,31,State Senate,"Hampden, Hampshire & Worcester"
Chicopee,6,BE,Total Votes Cast,1114,State Senate,"Hampden, Hampshire & Worcester"
Chicopee,6,BW,Jacob R. Oliveira,100,State Senate,"Hampden, Hampshire & Worcester"
Chicopee,6,BW,William E. Johnson,96,State Senate,"Hampden, Hampshire & Worcester"
Chicopee,6,BW,All Others,0,State Senate,"Hampden, Hampshire & Worcester"
Chicopee,6,BW,Blanks,4,State Senate,"Hampden, Hampshire & Worcester"
Chicopee,6,BW,Total Votes Cast,200,State Senate,"Hampden, Hampshire & Worcester"
Chicopee,7,A,John C. Velis,362,State Senate,Hampden and Hampshire
Chicopee,7,A,Cecilia P. Calabrese,209,State Senate,Hampden and Hampshire
Chicopee,7,A,All Others,1,State Senate,Hampden and Hampshire
Chicopee,7,A,Blanks,11,State Senate,Hampden and Hampshire
Chicopee,7,A,Total Votes Cast,583,State Senate,Hampden and Hampshire
Chicopee,7,B,Adam Gomez,514,State Senate,Hampden
Chicopee,7,B,All Others,17,State Senate,Hampden
Chicopee,7,B,Blanks,136,State Senate,Hampden
Chicopee,7,B,Total Votes Cast,667,State Senate,Hampden
Chicopee,8,A,Adam Gomez,692,State Senate,Hampden
Chicopee,8,A,All Others,25,State Senate,Hampden
Chicopee,8,A,Blanks,275,State Senate,Hampden
Chicopee,8,A,Total Votes Cast,992,State Senate,Hampden
Chicopee,8,B,Jacob R. Oliveira,421,State Senate,"Hampden, Hampshire & Worcester"
Chicopee,8,B,William E. Johnson,413,State Senate,"Hampden, Hampshire & Worcester"
Chicopee,8,B,All Others,0,State Senate,"Hampden, Hampshire & Worcester"
Chicopee,8,B,Blanks,23,State Senate,"Hampden, Hampshire & Worcester"
Chicopee,8,B,Total Votes Cast,857,State Senate,"Hampden, Hampshire & Worcester"
Chicopee,9,A,John C. Velis,592,State Senate,Hampden and Hampshire
Chicopee,9,A,Cecilia P. Calabrese,355,State Senate,Hampden and Hampshire
Chicopee,9,A,All Others,2,State Senate,Hampden and Hampshire
Chicopee,9,A,Blanks,29,State Senate,Hampden and Hampshire
Chicopee,9,A,Total Votes Cast,978,State Senate,Hampden and Hampshire
Chicopee,9,B,Jacob R. Oliveira,593,State Senate,"Hampden, Hampshire & Worcester"
Chicopee,9,B,William E. Johnson,495,State Senate,"Hampden, Hampshire & Worcester"
Chicopee,9,B,All Others,0,State Senate,"Hampden, Hampshire & Worcester"
Chicopee,9,B,Blanks,39,State Senate,"Hampden, Hampshire & Worcester"
Chicopee,9,B,Total Votes Cast,1127,State Senate,"Hampden, Hampshire & Worcester"
Chilmark,,,Julian Andre Cyr,627,State Senate,Cape and Islands
Chilmark,,,Christopher Robert Lauzon,111,State Senate,Cape and Islands
Chilmark,,,All Others,0,State Senate,Cape and Islands
Chilmark,,,Blanks,20,State Senate,Cape and Islands
Chilmark,,,Total Votes Cast,758,State Senate,Cape and Islands
Clarksburg,,,Paul W. Mark,445,State Senate,"Berkshire, Hampden, Franklin & Hampshire"
Clarksburg,,,Brendan M. Phair,184,State Senate,"Berkshire, Hampden, Franklin & Hampshire"
Clarksburg,,,All Others,4,State Senate,"Berkshire, Hampden, Franklin & Hampshire"
Clarksburg,,,Blanks,65,State Senate,"Berkshire, Hampden, Franklin & Hampshire"
Clarksburg,,,Total Votes Cast,698,State Senate,"Berkshire, Hampden, Franklin & Hampshire"
Clinton,-,1,John J. Cronin,859,State Senate,Worcester and Middlesex
Clinton,-,1,Kenneth B. Hoyt,558,State Senate,Worcester and Middlesex
Clinton,-,1,All Others,0,State Senate,Worcester and Middlesex
Clinton,-,1,Blanks,48,State Senate,Worcester and Middlesex
Clinton,-,1,Total Votes Cast,1465,State Senate,Worcester and Middlesex
Clinton,-,2,John J. Cronin,648,State Senate,Worcester and Middlesex
Clinton,-,2,Kenneth B. Hoyt,388,State Senate,Worcester and Middlesex
Clinton,-,2,All Others,2,State Senate,Worcester and Middlesex
Clinton,-,2,Blanks,23,State Senate,Worcester and Middlesex
Clinton,-,2,Total Votes Cast,1061,State Senate,Worcester and Middlesex
Clinton,-,3,John J. Cronin,828,State Senate,Worcester and Middlesex
Clinton,-,3,Kenneth B. Hoyt,547,State Senate,Worcester and Middlesex
Clinton,-,3,All Others,2,State Senate,Worcester and Middlesex
Clinton,-,3,Blanks,45,State Senate,Worcester and Middlesex
Clinton,-,3,Total Votes Cast,1422,State Senate,Worcester and Middlesex
Clinton,-,4,John J. Cronin,694,State Senate,Worcester and Middlesex
Clinton,-,4,Kenneth B. Hoyt,490,State Senate,Worcester and Middlesex
Clinton,-,4,All Others,1,State Senate,Worcester and Middlesex
Clinton,-,4,Blanks,39,State Senate,Worcester and Middlesex
Clinton,-,4,Total Votes Cast,1224,State Senate,Worcester and Middlesex
Cohasset,-,1,Patrick Michael O'Connor,790,State Senate,First Plymouth & Norfolk
Cohasset,-,1,"Robert William Stephens, Jr",540,State Senate,First Plymouth & Norfolk
Cohasset,-,1,All Others,3,State Senate,First Plymouth & Norfolk
Cohasset,-,1,Blanks,79,State Senate,First Plymouth & Norfolk
Cohasset,-,1,Total Votes Cast,1412,State Senate,First Plymouth & Norfolk
Cohasset,-,2,Patrick Michael O'Connor,838,State Senate,First Plymouth & Norfolk
Cohasset,-,2,"Robert William Stephens, Jr",545,State Senate,First Plymouth & Norfolk
Cohasset,-,2,All Others,1,State Senate,First Plymouth & Norfolk
Cohasset,-,2,Blanks,68,State Senate,First Plymouth & Norfolk
Cohasset,-,2,Total Votes Cast,1452,State Senate,First Plymouth & Norfolk
Cohasset,-,3,Patrick Michael O'Connor,768,State Senate,First Plymouth & Norfolk
Cohasset,-,3,"Robert William Stephens, Jr",603,State Senate,First Plymouth & Norfolk
Cohasset,-,3,All Others,0,State Senate,First Plymouth & Norfolk
Cohasset,-,3,Blanks,73,State Senate,First Plymouth & Norfolk
Cohasset,-,3,Total Votes Cast,1444,State Senate,First Plymouth & Norfolk
Colrain,,,Paul W. Mark,517,State Senate,"Berkshire, Hampden, Franklin & Hampshire"
Colrain,,,Brendan M. Phair,150,State Senate,"Berkshire, Hampden, Franklin & Hampshire"
Colrain,,,All Others,0,State Senate,"Berkshire, Hampden, Franklin & Hampshire"
Colrain,,,Blanks,66,State Senate,"Berkshire, Hampden, Franklin & Hampshire"
Colrain,,,Total Votes Cast,733,State Senate,"Berkshire, Hampden, Franklin & Hampshire"
Concord,-,1,Michael J. Barrett,1282,State Senate,Third Middlesex
Concord,-,1,All Others,4,State Senate,Third Middlesex
Concord,-,1,Blanks,377,State Senate,Third Middlesex
Concord,-,1,Total Votes Cast,1663,State Senate,Third Middlesex
Concord,-,2,Michael J. Barrett,1569,State Senate,Third Middlesex
Concord,-,2,All Others,3,State Senate,Third Middlesex
Concord,-,2,Blanks,387,State Senate,Third Middlesex
Concord,-,2,Total Votes Cast,1959,State Senate,Third Middlesex
Concord,-,3,Michael J. Barrett,1612,State Senate,Third Middlesex
Concord,-,3,All Others,9,State Senate,Third Middlesex
Concord,-,3,Blanks,427,State Senate,Third Middlesex
Concord,-,3,Total Votes Cast,2048,State Senate,Third Middlesex
Concord,-,4,Michael J. Barrett,1663,State Senate,Third Middlesex
Concord,-,4,All Others,5,State Senate,Third Middlesex
Concord,-,4,Blanks,464,State Senate,Third Middlesex
Concord,-,4,Total Votes Cast,2132,State Senate,Third Middlesex
Concord,-,5,Michael J. Barrett,1558,State Senate,Third Middlesex
Concord,-,5,All Others,8,State Senate,Third Middlesex
Concord,-,5,Blanks,364,State Senate,Third Middlesex
Concord,-,5,Total Votes Cast,1930,State Senate,Third Middlesex
Conway,,,Paul W. Mark,826,State Senate,"Berkshire, Hampden, Franklin & Hampshire"
Conway,,,Brendan M. Phair,160,State Senate,"Berkshire, Hampden, Franklin & Hampshire"
Conway,,,All Others,2,State Senate,"Berkshire, Hampden, Franklin & Hampshire"
Conway,,,Blanks,91,State Senate,"Berkshire, Hampden, Franklin & Hampshire"
Conway,,,Total Votes Cast,1079,State Senate,"Berkshire, Hampden, Franklin & Hampshire"
Cummington,,,Paul W. Mark,342,State Senate,"Berkshire, Hampden, Franklin & Hampshire"
Cummington,,,Brendan M. Phair,85,State Senate,"Berkshire, Hampden, Franklin & Hampshire"
Cummington,,,All Others,0,State Senate,"Berkshire, Hampden, Franklin & Hampshire"
Cummington,,,Blanks,42,State Senate,"Berkshire, Hampden, Franklin & Hampshire"
Cummington,,,Total Votes Cast,469,State Senate,"Berkshire, Hampden, Franklin & Hampshire"
Dalton,-,1,Paul W. Mark,971,State Senate,"Berkshire, Hampden, Franklin & Hampshire"
Dalton,-,1,Brendan M. Phair,263,State Senate,"Berkshire, Hampden, Franklin & Hampshire"
Dalton,-,1,All Others,3,State Senate,"Berkshire, Hampden, Franklin & Hampshire"
Dalton,-,1,Blanks,90,State Senate,"Berkshire, Hampden, Franklin & Hampshire"
Dalton,-,1,Total Votes Cast,1327,State Senate,"Berkshire, Hampden, Franklin & Hampshire"
Dalton,-,2,Paul W. Mark,946,State Senate,"Berkshire, Hampden, Franklin & Hampshire"
Dalton,-,2,Brendan M. Phair,250,State Senate,"Berkshire, Hampden, Franklin & Hampshire"
Dalton,-,2,All Others,0,State Senate,"Berkshire, Hampden, Franklin & Hampshire"
Dalton,-,2,Blanks,87,State Senate,"Berkshire, Hampden, Franklin & Hampshire"
Dalton,-,2,Total Votes Cast,1283,State Senate,"Berkshire, Hampden, Franklin & Hampshire"
Danvers,-,1,Joan B. Lovely,944,State Senate,Second Essex
Danvers,-,1,Damian M. Anketell,517,State Senate,Second Essex
Danvers,-,1,All Others,0,State Senate,Second Essex
Danvers,-,1,Blanks,29,State Senate,Second Essex
Danvers,-,1,Total Votes Cast,1490,State Senate,Second Essex
Danvers,-,2,Joan B. Lovely,941,State Senate,Second Essex
Danvers,-,2,Damian M. Anketell,568,State Senate,Second Essex
Danvers,-,2,All Others,2,State Senate,Second Essex
Danvers,-,2,Blanks,35,State Senate,Second Essex
Danvers,-,2,Total Votes Cast,1546,State Senate,Second Essex
Danvers,-,3,Joan B. Lovely,762,State Senate,Second Essex
Danvers,-,3,Damian M. Anketell,537,State Senate,Second Essex
Danvers,-,3,All Others,1,State Senate,Second Essex
Danvers,-,3,Blanks,47,State Senate,Second Essex
Danvers,-,3,Total Votes Cast,1347,State Senate,Second Essex
Danvers,-,4,Joan B. Lovely,948,State Senate,Second Essex
Danvers,-,4,Damian M. Anketell,571,State Senate,Second Essex
Danvers,-,4,All Others,1,State Senate,Second Essex
Danvers,-,4,Blanks,46,State Senate,Second Essex
Danvers,-,4,Total Votes Cast,1566,State Senate,Second Essex
Danvers,-,5,Joan B. Lovely,891,State Senate,Second Essex
Danvers,-,5,Damian M. Anketell,638,State Senate,Second Essex
Danvers,-,5,All Others,0,State Senate,Second Essex
Danvers,-,5,Blanks,52,State Senate,Second Essex
Danvers,-,5,Total Votes Cast,1581,State Senate,Second Essex
Danvers,-,6,Joan B. Lovely,943,State Senate,Second Essex
Danvers,-,6,Damian M. Anketell,755,State Senate,Second Essex
Danvers,-,6,All Others,0,State Senate,Second Essex
Danvers,-,6,Blanks,53,State Senate,Second Essex
Danvers,-,6,Total Votes Cast,1751,State Senate,Second Essex
Danvers,-,7,Joan B. Lovely,913,State Senate,Second Essex
Danvers,-,7,Damian M. Anketell,626,State Senate,Second Essex
Danvers,-,7,All Others,0,State Senate,Second Essex
Danvers,-,7,Blanks,60,State Senate,Second Essex
Danvers,-,7,Total Votes Cast,1599,State Senate,Second Essex
Danvers,-,8,Joan B. Lovely,690,State Senate,Second Essex
Danvers,-,8,Damian M. Anketell,536,State Senate,Second Essex
Danvers,-,8,All Others,1,State Senate,Second Essex
Danvers,-,8,Blanks,30,State Senate,Second Essex
Danvers,-,8,Total Votes Cast,1257,State Senate,Second Essex
Dartmouth,-,1,Mark C. Montigny,975,State Senate,Second Bristol and Plymouth
Dartmouth,-,1,All Others,44,State Senate,Second Bristol and Plymouth
Dartmouth,-,1,Blanks,539,State Senate,Second Bristol and Plymouth
Dartmouth,-,1,Total Votes Cast,1558,State Senate,Second Bristol and Plymouth
Dartmouth,-,2,Mark C. Montigny,777,State Senate,Second Bristol and Plymouth
Dartmouth,-,2,All Others,12,State Senate,Second Bristol and Plymouth
Dartmouth,-,2,Blanks,295,State Senate,Second Bristol and Plymouth
Dartmouth,-,2,Total Votes Cast,1084,State Senate,Second Bristol and Plymouth
Dartmouth,-,3,Mark C. Montigny,131,State Senate,Second Bristol and Plymouth
Dartmouth,-,3,All Others,8,State Senate,Second Bristol and Plymouth
Dartmouth,-,3,Blanks,45,State Senate,Second Bristol and Plymouth
Dartmouth,-,3,Total Votes Cast,184,State Senate,Second Bristol and Plymouth
Dartmouth,-,4,Mark C. Montigny,964,State Senate,Second Bristol and Plymouth
Dartmouth,-,4,All Others,22,State Senate,Second Bristol and Plymouth
Dartmouth,-,4,Blanks,406,State Senate,Second Bristol and Plymouth
Dartmouth,-,4,Total Votes Cast,1392,State Senate,Second Bristol and Plymouth
Dartmouth,-,5,Mark C. Montigny,1089,State Senate,Second Bristol and Plymouth
Dartmouth,-,5,All Others,22,State Senate,Second Bristol and Plymouth
Dartmouth,-,5,Blanks,429,State Senate,Second Bristol and Plymouth
Dartmouth,-,5,Total Votes Cast,1540,State Senate,Second Bristol and Plymouth
Dartmouth,-,6,Mark C. Montigny,916,State Senate,Second Bristol and Plymouth
Dartmouth,-,6,All Others,24,State Senate,Second Bristol and Plymouth
Dartmouth,-,6,Blanks,312,State Senate,Second Bristol and Plymouth
Dartmouth,-,6,Total Votes Cast,1252,State Senate,Second Bristol and Plymouth
Dartmouth,-,7,Mark C. Montigny,1146,State Senate,Second Bristol and Plymouth
Dartmouth,-,7,All Others,23,State Senate,Second Bristol and Plymouth
Dartmouth,-,7,Blanks,450,State Senate,Second Bristol and Plymouth
Dartmouth,-,7,Total Votes Cast,1619,State Senate,Second Bristol and Plymouth
Dartmouth,-,8,Mark C. Montigny,1532,State Senate,Second Bristol and Plymouth
Dartmouth,-,8,All Others,31,State Senate,Second Bristol and Plymouth
Dartmouth,-,8,Blanks,512,State Senate,Second Bristol and Plymouth
Dartmouth,-,8,Total Votes Cast,2075,State Senate,Second Bristol and Plymouth
Dartmouth,-,9,Mark C. Montigny,1489,State Senate,Second Bristol and Plymouth
Dartmouth,-,9,All Others,35,State Senate,Second Bristol and Plymouth
Dartmouth,-,9,Blanks,578,State Senate,Second Bristol and Plymouth
Dartmouth,-,9,Total Votes Cast,2102,State Senate,Second Bristol and Plymouth
Dedham,-,1,Michael F. Rush,1173,State Senate,Norfolk and Suffolk
Dedham,-,1,All Others,11,State Senate,Norfolk and Suffolk
Dedham,-,1,Blanks,475,State Senate,Norfolk and Suffolk
Dedham,-,1,Total Votes Cast,1659,State Senate,Norfolk and Suffolk
Dedham,-,2,Michael F. Rush,1238,State Senate,Norfolk and Suffolk
Dedham,-,2,All Others,17,State Senate,Norfolk and Suffolk
Dedham,-,2,Blanks,478,State Senate,Norfolk and Suffolk
Dedham,-,2,Total Votes Cast,1733,State Senate,Norfolk and Suffolk
Dedham,-,3,Michael F. Rush,895,State Senate,Norfolk and Suffolk
Dedham,-,3,All Others,18,State Senate,Norfolk and Suffolk
Dedham,-,3,Blanks,277,State Senate,Norfolk and Suffolk
Dedham,-,3,Total Votes Cast,1190,State Senate,Norfolk and Suffolk
Dedham,-,4,Michael F. Rush,1067,State Senate,Norfolk and Suffolk
Dedham,-,4,All Others,13,State Senate,Norfolk and Suffolk
Dedham,-,4,Blanks,414,State Senate,Norfolk and Suffolk
Dedham,-,4,Total Votes Cast,1494,State Senate,Norfolk and Suffolk
Dedham,-,5,Michael F. Rush,1184,State Senate,Norfolk and Suffolk
Dedham,-,5,All Others,24,State Senate,Norfolk and Suffolk
Dedham,-,5,Blanks,522,State Senate,Norfolk and Suffolk
Dedham,-,5,Total Votes Cast,1730,State Senate,Norfolk and Suffolk
Dedham,-,6,Michael F. Rush,1125,State Senate,Norfolk and Suffolk
Dedham,-,6,All Others,23,State Senate,Norfolk and Suffolk
Dedham,-,6,Blanks,457,State Senate,Norfolk and Suffolk
Dedham,-,6,Total Votes Cast,1605,State Senate,Norfolk and Suffolk
Dedham,-,7,Michael F. Rush,1232,State Senate,Norfolk and Suffolk
Dedham,-,7,All Others,22,State Senate,Norfolk and Suffolk
Dedham,-,7,Blanks,582,State Senate,Norfolk and Suffolk
Dedham,-,7,Total Votes Cast,1836,State Senate,Norfolk and Suffolk
Deerfield,,,Jo Comerford,2114,State Senate,"Hampshire, Franklin and Worcester"
Deerfield,,,All Others,443,State Senate,"Hampshire, Franklin and Worcester"
Deerfield,,,Blanks,31,State Senate,"Hampshire, Franklin and Worcester"
Deerfield,,,Total Votes Cast,2588,State Senate,"Hampshire, Franklin and Worcester"
Dennis,-,1,Julian Andre Cyr,1118,State Senate,Cape and Islands
Dennis,-,1,Christopher Robert Lauzon,867,State Senate,Cape and Islands
Dennis,-,1,All Others,0,State Senate,Cape and Islands
Dennis,-,1,Blanks,41,State Senate,Cape and Islands
Dennis,-,1,Total Votes Cast,2026,State Senate,Cape and Islands
Dennis,-,2,Julian Andre Cyr,1212,State Senate,Cape and Islands
Dennis,-,2,Christopher Robert Lauzon,848,State Senate,Cape and Islands
Dennis,-,2,All Others,0,State Senate,Cape and Islands
Dennis,-,2,Blanks,39,State Senate,Cape and Islands
Dennis,-,2,Total Votes Cast,2099,State Senate,Cape and Islands
Dennis,-,3,Julian Andre Cyr,735,State Senate,Cape and Islands
Dennis,-,3,Christopher Robert Lauzon,445,State Senate,Cape and Islands
Dennis,-,3,All Others,1,State Senate,Cape and Islands
Dennis,-,3,Blanks,22,State Senate,Cape and Islands
Dennis,-,3,Total Votes Cast,1203,State Senate,Cape and Islands
Dennis,-,4,Julian Andre Cyr,982,State Senate,Cape and Islands
Dennis,-,4,Christopher Robert Lauzon,767,State Senate,Cape and Islands
Dennis,-,4,All Others,1,State Senate,Cape and Islands
Dennis,-,4,Blanks,37,State Senate,Cape and Islands
Dennis,-,4,Total Votes Cast,1787,State Senate,Cape and Islands
Dennis,-,5,Julian Andre Cyr,885,State Senate,Cape and Islands
Dennis,-,5,Christopher Robert Lauzon,591,State Senate,Cape and Islands
Dennis,-,5,All Others,1,State Senate,Cape and Islands
Dennis,-,5,Blanks,22,State Senate,Cape and Islands
Dennis,-,5,Total Votes Cast,1499,State Senate,Cape and Islands
Dighton,-,1,Marc R. Pacheco,555,State Senate,Third Bristol & Plymouth
Dighton,-,1,Maria S. Collins,533,State Senate,Third Bristol & Plymouth
Dighton,-,1,All Others,0,State Senate,Third Bristol & Plymouth
Dighton,-,1,Blanks,23,State Senate,Third Bristol & Plymouth
Dighton,-,1,Total Votes Cast,1111,State Senate,Third Bristol & Plymouth
Dighton,-,2,Marc R. Pacheco,551,State Senate,Third Bristol & Plymouth
Dighton,-,2,Maria S. Collins,543,State Senate,Third Bristol & Plymouth
Dighton,-,2,All Others,0,State Senate,Third Bristol & Plymouth
Dighton,-,2,Blanks,26,State Senate,Third Bristol & Plymouth
Dighton,-,2,Total Votes Cast,1120,State Senate,Third Bristol & Plymouth
Dighton,-,3,Marc R. Pacheco,507,State Senate,Third Bristol & Plymouth
Dighton,-,3,Maria S. Collins,468,State Senate,Third Bristol & Plymouth
Dighton,-,3,All Others,1,State Senate,Third Bristol & Plymouth
Dighton,-,3,Blanks,27,State Senate,Third Bristol & Plymouth
Dighton,-,3,Total Votes Cast,1003,State Senate,Third Bristol & Plymouth
Douglas,-,1,Ryan C. Fattman,1054,State Senate,Worcester & Hampden
Douglas,-,1,All Others,0,State Senate,Worcester & Hampden
Douglas,-,1,Blanks,262,State Senate,Worcester & Hampden
Douglas,-,1,Total Votes Cast,1316,State Senate,Worcester & Hampden
Douglas,-,2,Ryan C. Fattman,1128,State Senate,Worcester & Hampden
Douglas,-,2,All Others,0,State Senate,Worcester & Hampden
Douglas,-,2,Blanks,303,State Senate,Worcester & Hampden
Douglas,-,2,Total Votes Cast,1431,State Senate,Worcester & Hampden
Douglas,-,3,Ryan C. Fattman,968,State Senate,Worcester & Hampden
Douglas,-,3,All Others,0,State Senate,Worcester & Hampden
Douglas,-,3,Blanks,245,State Senate,Worcester & Hampden
Douglas,-,3,Total Votes Cast,1213,State Senate,Worcester & Hampden
Dover,,,Rebecca L. Rausch,1685,State Senate,"Norfolk, Worcester & Middlesex"
Dover,,,Shawn C. Dooley,1235,State Senate,"Norfolk, Worcester & Middlesex"
Dover,,,All Others,3,State Senate,"Norfolk, Worcester & Middlesex"
Dover,,,Blanks,123,State Senate,"Norfolk, Worcester & Middlesex"
Dover,,,Total Votes Cast,3046,State Senate,"Norfolk, Worcester & Middlesex"
Dracut,-,1,"Edward J. Kennedy, Jr",794,State Senate,First Middlesex
Dracut,-,1,All Others,0,State Senate,First Middlesex
Dracut,-,1,Blanks,347,State Senate,First Middlesex
Dracut,-,1,Total Votes Cast,1141,State Senate,First Middlesex
Dracut,-,2,"Edward J. Kennedy, Jr",741,State Senate,First Middlesex
Dracut,-,2,All Others,0,State Senate,First Middlesex
Dracut,-,2,Blanks,345,State Senate,First Middlesex
Dracut,-,2,Total Votes Cast,1086,State Senate,First Middlesex
Dracut,-,3,"Edward J. Kennedy, Jr",834,State Senate,First Middlesex
Dracut,-,3,All Others,0,State Senate,First Middlesex
Dracut,-,3,Blanks,468,State Senate,First Middlesex
Dracut,-,3,Total Votes Cast,1302,State Senate,First Middlesex
Dracut,-,4,"Edward J. Kennedy, Jr",947,State Senate,First Middlesex
Dracut,-,4,All Others,0,State Senate,First Middlesex
Dracut,-,4,Blanks,623,State Senate,First Middlesex
Dracut,-,4,Total Votes Cast,1570,State Senate,First Middlesex
Dracut,-,5,"Edward J. Kennedy, Jr",835,State Senate,First Middlesex
Dracut,-,5,All Others,0,State Senate,First Middlesex
Dracut,-,5,Blanks,449,State Senate,First Middlesex
Dracut,-,5,Total Votes Cast,1284,State Senate,First Middlesex
Dracut,-,6,"Edward J. Kennedy, Jr",784,State Senate,First Middlesex
Dracut,-,6,All Others,0,State Senate,First Middlesex
Dracut,-,6,Blanks,414,State Senate,First Middlesex
Dracut,-,6,Total Votes Cast,1198,State Senate,First Middlesex
Dracut,-,6A,"Edward J. Kennedy, Jr",50,State Senate,First Middlesex
Dracut,-,6A,All Others,0,State Senate,First Middlesex
Dracut,-,6A,Blanks,18,State Senate,First Middlesex
Dracut,-,6A,Total Votes Cast,68,State Senate,First Middlesex
Dracut,-,7,"Edward J. Kennedy, Jr",761,State Senate,First Middlesex
Dracut,-,7,All Others,0,State Senate,First Middlesex
Dracut,-,7,Blanks,376,State Senate,First Middlesex
Dracut,-,7,Total Votes Cast,1137,State Senate,First Middlesex
Dracut,-,8,"Edward J. Kennedy, Jr",1041,State Senate,First Middlesex
Dracut,-,8,All Others,0,State Senate,First Middlesex
Dracut,-,8,Blanks,633,State Senate,First Middlesex
Dracut,-,8,Total Votes Cast,1674,State Senate,First Middlesex
Dracut,-,9,"Edward J. Kennedy, Jr",880,State Senate,First Middlesex
Dracut,-,9,All Others,0,State Senate,First Middlesex
Dracut,-,9,Blanks,434,State Senate,First Middlesex
Dracut,-,9,Total Votes Cast,1314,State Senate,First Middlesex
Dudley,-,1,Ryan C. Fattman,983,State Senate,Worcester & Hampden
Dudley,-,1,All Others,14,State Senate,Worcester & Hampden
Dudley,-,1,Blanks,284,State Senate,Worcester & Hampden
Dudley,-,1,Total Votes Cast,1281,State Senate,Worcester & Hampden
Dudley,-,2,Ryan C. Fattman,719,State Senate,Worcester & Hampden
Dudley,-,2,All Others,1,State Senate,Worcester & Hampden
Dudley,-,2,Blanks,160,State Senate,Worcester & Hampden
Dudley,-,2,Total Votes Cast,880,State Senate,Worcester & Hampden
Dudley,-,3,Ryan C. Fattman,680,State Senate,Worcester & Hampden
Dudley,-,3,All Others,4,State Senate,Worcester & Hampden
Dudley,-,3,Blanks,204,State Senate,Worcester & Hampden
Dudley,-,3,Total Votes Cast,888,State Senate,Worcester & Hampden
Dudley,-,4,Ryan C. Fattman,947,State Senate,Worcester & Hampden
Dudley,-,4,All Others,9,State Senate,Worcester & Hampden
Dudley,-,4,Blanks,204,State Senate,Worcester & Hampden
Dudley,-,4,Total Votes Cast,1160,State Senate,Worcester & Hampden
Dunstable,,,"Edward J. Kennedy, Jr",1132,State Senate,First Middlesex
Dunstable,,,All Others,36,State Senate,First Middlesex
Dunstable,,,Blanks,559,State Senate,First Middlesex
Dunstable,,,Total Votes Cast,1727,State Senate,First Middlesex
Duxbury,-,1,Patrick Michael O'Connor,918,State Senate,First Plymouth & Norfolk
Duxbury,-,1,"Robert William Stephens, Jr",673,State Senate,First Plymouth & Norfolk
Duxbury,-,1,All Others,0,State Senate,First Plymouth & Norfolk
Duxbury,-,1,Blanks,50,State Senate,First Plymouth & Norfolk
Duxbury,-,1,Total Votes Cast,1641,State Senate,First Plymouth & Norfolk
Duxbury,-,2,Patrick Michael O'Connor,807,State Senate,First Plymouth & Norfolk
Duxbury,-,2,"Robert William Stephens, Jr",595,State Senate,First Plymouth & Norfolk
Duxbury,-,2,All Others,0,State Senate,First Plymouth & Norfolk
Duxbury,-,2,Blanks,60,State Senate,First Plymouth & Norfolk
Duxbury,-,2,Total Votes Cast,1462,State Senate,First Plymouth & Norfolk
Duxbury,-,3,Patrick Michael O'Connor,783,State Senate,First Plymouth & Norfolk
Duxbury,-,3,"Robert William Stephens, Jr",585,State Senate,First Plymouth & Norfolk
Duxbury,-,3,All Others,0,State Senate,First Plymouth & Norfolk
Duxbury,-,3,Blanks,60,State Senate,First Plymouth & Norfolk
Duxbury,-,3,Total Votes Cast,1428,State Senate,First Plymouth & Norfolk
Duxbury,-,4,Patrick Michael O'Connor,716,State Senate,First Plymouth & Norfolk
Duxbury,-,4,"Robert William Stephens, Jr",508,State Senate,First Plymouth & Norfolk
Duxbury,-,4,All Others,2,State Senate,First Plymouth & Norfolk
Duxbury,-,4,Blanks,54,State Senate,First Plymouth & Norfolk
Duxbury,-,4,Total Votes Cast,1280,State Senate,First Plymouth & Norfolk
Duxbury,-,5,Patrick Michael O'Connor,786,State Senate,First Plymouth & Norfolk
Duxbury,-,5,"Robert William Stephens, Jr",516,State Senate,First Plymouth & Norfolk
Duxbury,-,5,All Others,1,State Senate,First Plymouth & Norfolk
Duxbury,-,5,Blanks,43,State Senate,First Plymouth & Norfolk
Duxbury,-,5,Total Votes Cast,1346,State Senate,First Plymouth & Norfolk
Duxbury,-,6,Patrick Michael O'Connor,711,State Senate,First Plymouth & Norfolk
Duxbury,-,6,"Robert William Stephens, Jr",505,State Senate,First Plymouth & Norfolk
Duxbury,-,6,All Others,0,State Senate,First Plymouth & Norfolk
Duxbury,-,6,Blanks,46,State Senate,First Plymouth & Norfolk
Duxbury,-,6,Total Votes Cast,1262,State Senate,First Plymouth & Norfolk
E. Bridgewater,-,1,Michael D. Brady,692,State Senate,Second Plymouth & Norfolk
E. Bridgewater,-,1,Jim Gordon,778,State Senate,Second Plymouth & Norfolk
E. Bridgewater,-,1,All Others,5,State Senate,Second Plymouth & Norfolk
E. Bridgewater,-,1,Blanks,49,State Senate,Second Plymouth & Norfolk
E. Bridgewater,-,1,Total Votes Cast,1524,State Senate,Second Plymouth & Norfolk
E. Bridgewater,-,2,Michael D. Brady,697,State Senate,Second Plymouth & Norfolk
E. Bridgewater,-,2,Jim Gordon,788,State Senate,Second Plymouth & Norfolk
E. Bridgewater,-,2,All Others,0,State Senate,Second Plymouth & Norfolk
E. Bridgewater,-,2,Blanks,48,State Senate,Second Plymouth & Norfolk
E. Bridgewater,-,2,Total Votes Cast,1533,State Senate,Second Plymouth & Norfolk
E. Bridgewater,-,3,Michael D. Brady,782,State Senate,Second Plymouth & Norfolk
E. Bridgewater,-,3,Jim Gordon,838,State Senate,Second Plymouth & Norfolk
E. Bridgewater,-,3,All Others,0,State Senate,Second Plymouth & Norfolk
E. Bridgewater,-,3,Blanks,72,State Senate,Second Plymouth & Norfolk
E. Bridgewater,-,3,Total Votes Cast,1692,State Senate,Second Plymouth & Norfolk
E. Bridgewater,-,4,Michael D. Brady,706,State Senate,Second Plymouth & Norfolk
E. Bridgewater,-,4,Jim Gordon,753,State Senate,Second Plymouth & Norfolk
E. Bridgewater,-,4,All Others,1,State Senate,Second Plymouth & Norfolk
E. Bridgewater,-,4,Blanks,28,State Senate,Second Plymouth & Norfolk
E. Bridgewater,-,4,Total Votes Cast,1488,State Senate,Second Plymouth & Norfolk
E. Brookfield,,,Anne M. Gobi,513,State Senate,Worcester & Hampshire
E. Brookfield,,,James Anthony Amorello,446,State Senate,Worcester & Hampshire
E. Brookfield,,,All Others,0,State Senate,Worcester & Hampshire
E. Brookfield,,,Blanks,16,State Senate,Worcester & Hampshire
E. Brookfield,,,Total Votes Cast,975,State Senate,Worcester & Hampshire
E. Longmeadow,-,1,Jacob R. Oliveira,789,State Senate,"Hampden, Hampshire & Worcester"
E. Longmeadow,-,1,William E. Johnson,590,State Senate,"Hampden, Hampshire & Worcester"
E. Longmeadow,-,1,All Others,2,State Senate,"Hampden, Hampshire & Worcester"
E. Longmeadow,-,1,Blanks,35,State Senate,"Hampden, Hampshire & Worcester"
E. Longmeadow,-,1,Total Votes Cast,1416,State Senate,"Hampden, Hampshire & Worcester"
E. Longmeadow,-,2,Jacob R. Oliveira,635,State Senate,"Hampden, Hampshire & Worcester"
E. Longmeadow,-,2,William E. Johnson,566,State Senate,"Hampden, Hampshire & Worcester"
E. Longmeadow,-,2,All Others,1,State Senate,"Hampden, Hampshire & Worcester"
E. Longmeadow,-,2,Blanks,33,State Senate,"Hampden, Hampshire & Worcester"
E. Longmeadow,-,2,Total Votes Cast,1235,State Senate,"Hampden, Hampshire & Worcester"
E. Longmeadow,-,2A,Jacob R. Oliveira,20,State Senate,"Hampden, Hampshire & Worcester"
E. Longmeadow,-,2A,William E. Johnson,18,State Senate,"Hampden, Hampshire & Worcester"
E. Longmeadow,-,2A,All Others,0,State Senate,"Hampden, Hampshire & Worcester"
E. Longmeadow,-,2A,Blanks,2,State Senate,"Hampden, Hampshire & Worcester"
E. Longmeadow,-,2A,Total Votes Cast,40,State Senate,"Hampden, Hampshire & Worcester"
E. Longmeadow,-,3,Jacob R. Oliveira,709,State Senate,"Hampden, Hampshire & Worcester"
E. Longmeadow,-,3,William E. Johnson,616,State Senate,"Hampden, Hampshire & Worcester"
E. Longmeadow,-,3,All Others,1,State Senate,"Hampden, Hampshire & Worcester"
E. Longmeadow,-,3,Blanks,42,State Senate,"Hampden, Hampshire & Worcester"
E. Longmeadow,-,3,Total Votes Cast,1368,State Senate,"Hampden, Hampshire & Worcester"
E. Longmeadow,-,3A,Jacob R. Oliveira,36,State Senate,"Hampden, Hampshire & Worcester"
E. Longmeadow,-,3A,William E. Johnson,34,State Senate,"Hampden, Hampshire & Worcester"
E. Longmeadow,-,3A,All Others,0,State Senate,"Hampden, Hampshire & Worcester"
E. Longmeadow,-,3A,Blanks,2,State Senate,"Hampden, Hampshire & Worcester"
E. Longmeadow,-,3A,Total Votes Cast,72,State Senate,"Hampden, Hampshire & Worcester"
E. Longmeadow,-,4,Jacob R. Oliveira,558,State Senate,"Hampden, Hampshire & Worcester"
E. Longmeadow,-,4,William E. Johnson,626,State Senate,"Hampden, Hampshire & Worcester"
E. Longmeadow,-,4,All Others,0,State Senate,"Hampden, Hampshire & Worcester"
E. Longmeadow,-,4,Blanks,35,State Senate,"Hampden, Hampshire & Worcester"
E. Longmeadow,-,4,Total Votes Cast,1219,State Senate,"Hampden, Hampshire & Worcester"
E. Longmeadow,-,4A,Jacob R. Oliveira,127,State Senate,"Hampden, Hampshire & Worcester"
E. Longmeadow,-,4A,William E. Johnson,134,State Senate,"Hampden, Hampshire & Worcester"
E. Longmeadow,-,4A,All Others,0,State Senate,"Hampden, Hampshire & Worcester"
E. Longmeadow,-,4A,Blanks,5,State Senate,"Hampden, Hampshire & Worcester"
E. Longmeadow,-,4A,Total Votes Cast,266,State Senate,"Hampden, Hampshire & Worcester"
E. Longmeadow,-,5,Jacob R. Oliveira,677,State Senate,"Hampden, Hampshire & Worcester"
E. Longmeadow,-,5,William E. Johnson,720,State Senate,"Hampden, Hampshire & Worcester"
E. Longmeadow,-,5,All Others,0,State Senate,"Hampden, Hampshire & Worcester"
E. Longmeadow,-,5,Blanks,37,State Senate,"Hampden, Hampshire & Worcester"
E. Longmeadow,-,5,Total Votes Cast,1434,State Senate,"Hampden, Hampshire & Worcester"
Eastham,,,Julian Andre Cyr,2359,State Senate,Cape and Islands
Eastham,,,Christopher Robert Lauzon,969,State Senate,Cape and Islands
Eastham,,,All Others,0,State Senate,Cape and Islands
Eastham,,,Blanks,58,State Senate,Cape and Islands
Eastham,,,Total Votes Cast,3386,State Senate,Cape and Islands
Easthampton,-,1,John C. Velis,1237,State Senate,Hampden and Hampshire
Easthampton,-,1,Cecilia P. Calabrese,341,State Senate,Hampden and Hampshire
Easthampton,-,1,All Others,3,State Senate,Hampden and Hampshire
Easthampton,-,1,Blanks,26,State Senate,Hampden and Hampshire
Easthampton,-,1,Total Votes Cast,1607,State Senate,Hampden and Hampshire
Easthampton,-,2,John C. Velis,1196,State Senate,Hampden and Hampshire
Easthampton,-,2,Cecilia P. Calabrese,218,State Senate,Hampden and Hampshire
Easthampton,-,2,All Others,1,State Senate,Hampden and Hampshire
Easthampton,-,2,Blanks,36,State Senate,Hampden and Hampshire
Easthampton,-,2,Total Votes Cast,1451,State Senate,Hampden and Hampshire
Easthampton,-,3,John C. Velis,1368,State Senate,Hampden and Hampshire
Easthampton,-,3,Cecilia P. Calabrese,253,State Senate,Hampden and Hampshire
Easthampton,-,3,All Others,1,State Senate,Hampden and Hampshire
Easthampton,-,3,Blanks,24,State Senate,Hampden and Hampshire
Easthampton,-,3,Total Votes Cast,1646,State Senate,Hampden and Hampshire
Easthampton,-,4,John C. Velis,1325,State Senate,Hampden and Hampshire
Easthampton,-,4,Cecilia P. Calabrese,248,State Senate,Hampden and Hampshire
Easthampton,-,4,All Others,3,State Senate,Hampden and Hampshire
Easthampton,-,4,Blanks,31,State Senate,Hampden and Hampshire
Easthampton,-,4,Total Votes Cast,1607,State Senate,Hampden and Hampshire
Easthampton,-,5,John C. Velis,1164,State Senate,Hampden and Hampshire
Easthampton,-,5,Cecilia P. Calabrese,528,State Senate,Hampden and Hampshire
Easthampton,-,5,All Others,0,State Senate,Hampden and Hampshire
Easthampton,-,5,Blanks,20,State Senate,Hampden and Hampshire
Easthampton,-,5,Total Votes Cast,1712,State Senate,Hampden and Hampshire
Easton,-,1,"Walter F. Timilty, Jr.",1072,State Senate,"Norfolk, Plymouth & Bristol"
Easton,-,1,Brian R. Muello,618,State Senate,"Norfolk, Plymouth & Bristol"
Easton,-,1,All Others,0,State Senate,"Norfolk, Plymouth & Bristol"
Easton,-,1,Blanks,92,State Senate,"Norfolk, Plymouth & Bristol"
Easton,-,1,Total Votes Cast,1782,State Senate,"Norfolk, Plymouth & Bristol"
Easton,-,2,"Walter F. Timilty, Jr.",1008,State Senate,"Norfolk, Plymouth & Bristol"
Easton,-,2,Brian R. Muello,532,State Senate,"Norfolk, Plymouth & Bristol"
Easton,-,2,All Others,1,State Senate,"Norfolk, Plymouth & Bristol"
Easton,-,2,Blanks,70,State Senate,"Norfolk, Plymouth & Bristol"
Easton,-,2,Total Votes Cast,1611,State Senate,"Norfolk, Plymouth & Bristol"
Easton,-,3,"Walter F. Timilty, Jr.",394,State Senate,"Norfolk, Plymouth & Bristol"
Easton,-,3,Brian R. Muello,253,State Senate,"Norfolk, Plymouth & Bristol"
Easton,-,3,All Others,0,State Senate,"Norfolk, Plymouth & Bristol"
Easton,-,3,Blanks,32,State Senate,"Norfolk, Plymouth & Bristol"
Easton,-,3,Total Votes Cast,679,State Senate,"Norfolk, Plymouth & Bristol"
Easton,-,4A,"Walter F. Timilty, Jr.",477,State Senate,"Norfolk, Plymouth & Bristol"
Easton,-,4A,Brian R. Muello,282,State Senate,"Norfolk, Plymouth & Bristol"
Easton,-,4A,All Others,0,State Senate,"Norfolk, Plymouth & Bristol"
Easton,-,4A,Blanks,41,State Senate,"Norfolk, Plymouth & Bristol"
Easton,-,4A,Total Votes Cast,800,State Senate,"Norfolk, Plymouth & Bristol"
Easton,-,4B,"Walter F. Timilty, Jr.",501,State Senate,"Norfolk, Plymouth & Bristol"
Easton,-,4B,Brian R. Muello,361,State Senate,"Norfolk, Plymouth & Bristol"
Easton,-,4B,All Others,2,State Senate,"Norfolk, Plymouth & Bristol"
Easton,-,4B,Blanks,46,State Senate,"Norfolk, Plymouth & Bristol"
Easton,-,4B,Total Votes Cast,910,State Senate,"Norfolk, Plymouth & Bristol"
Easton,-,5,"Walter F. Timilty, Jr.",908,State Senate,"Norfolk, Plymouth & Bristol"
Easton,-,5,Brian R. Muello,500,State Senate,"Norfolk, Plymouth & Bristol"
Easton,-,5,All Others,0,State Senate,"Norfolk, Plymouth & Bristol"
Easton,-,5,Blanks,63,State Senate,"Norfolk, Plymouth & Bristol"
Easton,-,5,Total Votes Cast,1471,State Senate,"Norfolk, Plymouth & Bristol"
Easton,-,6,"Walter F. Timilty, Jr.",855,State Senate,"Norfolk, Plymouth & Bristol"
Easton,-,6,Brian R. Muello,663,State Senate,"Norfolk, Plymouth & Bristol"
Easton,-,6,All Others,0,State Senate,"Norfolk, Plymouth & Bristol"
Easton,-,6,Blanks,45,State Senate,"Norfolk, Plymouth & Bristol"
Easton,-,6,Total Votes Cast,1563,State Senate,"Norfolk, Plymouth & Bristol"
Easton,-,7,"Walter F. Timilty, Jr.",855,State Senate,"Norfolk, Plymouth & Bristol"
Easton,-,7,Brian R. Muello,546,State Senate,"Norfolk, Plymouth & Bristol"
Easton,-,7,All Others,0,State Senate,"Norfolk, Plymouth & Bristol"
Easton,-,7,Blanks,53,State Senate,"Norfolk, Plymouth & Bristol"
Easton,-,7,Total Votes Cast,1454,State Senate,"Norfolk, Plymouth & Bristol"
Edgartown,,,Julian Andre Cyr,1516,State Senate,Cape and Islands
Edgartown,,,Christopher Robert Lauzon,618,State Senate,Cape and Islands
Edgartown,,,All Others,0,State Senate,Cape and Islands
Edgartown,,,Blanks,63,State Senate,Cape and Islands
Edgartown,,,Total Votes Cast,2197,State Senate,Cape and Islands
Egremont,,,Paul W. Mark,605,State Senate,"Berkshire, Hampden, Franklin & Hampshire"
Egremont,,,Brendan M. Phair,93,State Senate,"Berkshire, Hampden, Franklin & Hampshire"
Egremont,,,All Others,0,State Senate,"Berkshire, Hampden, Franklin & Hampshire"
Egremont,,,Blanks,62,State Senate,"Berkshire, Hampden, Franklin & Hampshire"
Egremont,,,Total Votes Cast,760,State Senate,"Berkshire, Hampden, Franklin & Hampshire"
Erving,,,Jo Comerford,499,State Senate,"Hampshire, Franklin and Worcester"
Erving,,,All Others,12,State Senate,"Hampshire, Franklin and Worcester"
Erving,,,Blanks,151,State Senate,"Hampshire, Franklin and Worcester"
Erving,,,Total Votes Cast,662,State Senate,"Hampshire, Franklin and Worcester"
Essex,,,Bruce E. Tarr,1312,State Senate,First Essex and Middlesex
Essex,,,Terence William Cudney,427,State Senate,First Essex and Middlesex
Essex,,,All Others,2,State Senate,First Essex and Middlesex
Essex,,,Blanks,103,State Senate,First Essex and Middlesex
Essex,,,Total Votes Cast,1844,State Senate,First Essex and Middlesex
Everett,1,1,Sal N. DiDomenico,358,State Senate,Middlesex and Suffolk
Everett,1,1,All Others,10,State Senate,Middlesex and Suffolk
Everett,1,1,Blanks,115,State Senate,Middlesex and Suffolk
Everett,1,1,Total Votes Cast,483,State Senate,Middlesex and Suffolk
Everett,1,2,Sal N. DiDomenico,224,State Senate,Middlesex and Suffolk
Everett,1,2,All Others,8,State Senate,Middlesex and Suffolk
Everett,1,2,Blanks,74,State Senate,Middlesex and Suffolk
Everett,1,2,Total Votes Cast,306,State Senate,Middlesex and Suffolk
Everett,1,3,Sal N. DiDomenico,151,State Senate,Middlesex and Suffolk
Everett,1,3,All Others,3,State Senate,Middlesex and Suffolk
Everett,1,3,Blanks,47,State Senate,Middlesex and Suffolk
Everett,1,3,Total Votes Cast,201,State Senate,Middlesex and Suffolk
Everett,1,3A,Sal N. DiDomenico,101,State Senate,Middlesex and Suffolk
Everett,1,3A,All Others,4,State Senate,Middlesex and Suffolk
Everett,1,3A,Blanks,36,State Senate,Middlesex and Suffolk
Everett,1,3A,Total Votes Cast,141,State Senate,Middlesex and Suffolk
Everett,2,1,Sal N. DiDomenico,377,State Senate,Middlesex and Suffolk
Everett,2,1,All Others,11,State Senate,Middlesex and Suffolk
Everett,2,1,Blanks,113,State Senate,Middlesex and Suffolk
Everett,2,1,Total Votes Cast,501,State Senate,Middlesex and Suffolk
Everett,2,2,Sal N. DiDomenico,181,State Senate,Middlesex and Suffolk
Everett,2,2,All Others,9,State Senate,Middlesex and Suffolk
Everett,2,2,Blanks,45,State Senate,Middlesex and Suffolk
Everett,2,2,Total Votes Cast,235,State Senate,Middlesex and Suffolk
Everett,2,2A,Sal N. DiDomenico,142,State Senate,Middlesex and Suffolk
Everett,2,2A,All Others,4,State Senate,Middlesex and Suffolk
Everett,2,2A,Blanks,42,State Senate,Middlesex and Suffolk
Everett,2,2A,Total Votes Cast,188,State Senate,Middlesex and Suffolk
Everett,2,3,Sal N. DiDomenico,317,State Senate,Middlesex and Suffolk
Everett,2,3,All Others,9,State Senate,Middlesex and Suffolk
Everett,2,3,Blanks,83,State Senate,Middlesex and Suffolk
Everett,2,3,Total Votes Cast,409,State Senate,Middlesex and Suffolk
Everett,3,1,Sal N. DiDomenico,495,State Senate,Middlesex and Suffolk
Everett,3,1,All Others,18,State Senate,Middlesex and Suffolk
Everett,3,1,Blanks,138,State Senate,Middlesex and Suffolk
Everett,3,1,Total Votes Cast,651,State Senate,Middlesex and Suffolk
Everett,3,2,Sal N. DiDomenico,408,State Senate,Middlesex and Suffolk
Everett,3,2,All Others,10,State Senate,Middlesex and Suffolk
Everett,3,2,Blanks,109,State Senate,Middlesex and Suffolk
Everett,3,2,Total Votes Cast,527,State Senate,Middlesex and Suffolk
Everett,3,3,Sal N. DiDomenico,254,State Senate,Middlesex and Suffolk
Everett,3,3,All Others,12,State Senate,Middlesex and Suffolk
Everett,3,3,Blanks,68,State Senate,Middlesex and Suffolk
Everett,3,3,Total Votes Cast,334,State Senate,Middlesex and Suffolk
Everett,4,1,Sal N. DiDomenico,462,State Senate,Middlesex and Suffolk
Everett,4,1,All Others,11,State Senate,Middlesex and Suffolk
Everett,4,1,Blanks,119,State Senate,Middlesex and Suffolk
Everett,4,1,Total Votes Cast,592,State Senate,Middlesex and Suffolk
Everett,4,2,Sal N. DiDomenico,384,State Senate,Middlesex and Suffolk
Everett,4,2,All Others,24,State Senate,Middlesex and Suffolk
Everett,4,2,Blanks,112,State Senate,Middlesex and Suffolk
Everett,4,2,Total Votes Cast,520,State Senate,Middlesex and Suffolk
Everett,4,3,Sal N. DiDomenico,359,State Senate,Middlesex and Suffolk
Everett,4,3,All Others,10,State Senate,Middlesex and Suffolk
Everett,4,3,Blanks,119,State Senate,Middlesex and Suffolk
Everett,4,3,Total Votes Cast,488,State Senate,Middlesex and Suffolk
Everett,5,1,Sal N. DiDomenico,358,State Senate,Middlesex and Suffolk
Everett,5,1,All Others,11,State Senate,Middlesex and Suffolk
Everett,5,1,Blanks,96,State Senate,Middlesex and Suffolk
Everett,5,1,Total Votes Cast,465,State Senate,Middlesex and Suffolk
Everett,5,2,Sal N. DiDomenico,326,State Senate,Middlesex and Suffolk
Everett,5,2,All Others,5,State Senate,Middlesex and Suffolk
Everett,5,2,Blanks,84,State Senate,Middlesex and Suffolk
Everett,5,2,Total Votes Cast,415,State Senate,Middlesex and Suffolk
Everett,5,3,Sal N. DiDomenico,306,State Senate,Middlesex and Suffolk
Everett,5,3,All Others,4,State Senate,Middlesex and Suffolk
Everett,5,3,Blanks,115,State Senate,Middlesex and Suffolk
Everett,5,3,Total Votes Cast,425,State Senate,Middlesex and Suffolk
Everett,6,1,Sal N. DiDomenico,400,State Senate,Middlesex and Suffolk
Everett,6,1,All Others,16,State Senate,Middlesex and Suffolk
Everett,6,1,Blanks,105,State Senate,Middlesex and Suffolk
Everett,6,1,Total Votes Cast,521,State Senate,Middlesex and Suffolk
Everett,6,2,Sal N. DiDomenico,308,State Senate,Middlesex and Suffolk
Everett,6,2,All Others,16,State Senate,Middlesex and Suffolk
Everett,6,2,Blanks,106,State Senate,Middlesex and Suffolk
Everett,6,2,Total Votes Cast,430,State Senate,Middlesex and Suffolk
Everett,6,3,Sal N. DiDomenico,426,State Senate,Middlesex and Suffolk
Everett,6,3,All Others,5,State Senate,Middlesex and Suffolk
Everett,6,3,Blanks,98,State Senate,Middlesex and Suffolk
Everett,6,3,Total Votes Cast,529,State Senate,Middlesex and Suffolk
Fairhaven,-,1,Mark C. Montigny,873,State Senate,Second Bristol and Plymouth
Fairhaven,-,1,All Others,19,State Senate,Second Bristol and Plymouth
Fairhaven,-,1,Blanks,311,State Senate,Second Bristol and Plymouth
Fairhaven,-,1,Total Votes Cast,1203,State Senate,Second Bristol and Plymouth
Fairhaven,-,2,Mark C. Montigny,853,State Senate,Second Bristol and Plymouth
Fairhaven,-,2,All Others,14,State Senate,Second Bristol and Plymouth
Fairhaven,-,2,Blanks,279,State Senate,Second Bristol and Plymouth
Fairhaven,-,2,Total Votes Cast,1146,State Senate,Second Bristol and Plymouth
Fairhaven,-,3,Mark C. Montigny,616,State Senate,Second Bristol and Plymouth
Fairhaven,-,3,All Others,29,State Senate,Second Bristol and Plymouth
Fairhaven,-,3,Blanks,215,State Senate,Second Bristol and Plymouth
Fairhaven,-,3,Total Votes Cast,860,State Senate,Second Bristol and Plymouth
Fairhaven,-,4,Mark C. Montigny,813,State Senate,Second Bristol and Plymouth
Fairhaven,-,4,All Others,27,State Senate,Second Bristol and Plymouth
Fairhaven,-,4,Blanks,330,State Senate,Second Bristol and Plymouth
Fairhaven,-,4,Total Votes Cast,1170,State Senate,Second Bristol and Plymouth
Fairhaven,-,5,Mark C. Montigny,852,State Senate,Second Bristol and Plymouth
Fairhaven,-,5,All Others,36,State Senate,Second Bristol and Plymouth
Fairhaven,-,5,Blanks,393,State Senate,Second Bristol and Plymouth
Fairhaven,-,5,Total Votes Cast,1281,State Senate,Second Bristol and Plymouth
Fairhaven,-,6,Mark C. Montigny,791,State Senate,Second Bristol and Plymouth
Fairhaven,-,6,All Others,24,State Senate,Second Bristol and Plymouth
Fairhaven,-,6,Blanks,357,State Senate,Second Bristol and Plymouth
Fairhaven,-,6,Total Votes Cast,1172,State Senate,Second Bristol and Plymouth
Fall River,1,A,Michael J. Rodrigues,579,State Senate,First Bristol and Plymouth
Fall River,1,A,Russell T. Protentis,408,State Senate,First Bristol and Plymouth
Fall River,1,A,All Others,1,State Senate,First Bristol and Plymouth
Fall River,1,A,Blanks,36,State Senate,First Bristol and Plymouth
Fall River,1,A,Total Votes Cast,1024,State Senate,First Bristol and Plymouth
Fall River,1,B,Michael J. Rodrigues,408,State Senate,First Bristol and Plymouth
Fall River,1,B,Russell T. Protentis,255,State Senate,First Bristol and Plymouth
Fall River,1,B,All Others,0,State Senate,First Bristol and Plymouth
Fall River,1,B,Blanks,28,State Senate,First Bristol and Plymouth
Fall River,1,B,Total Votes Cast,691,State Senate,First Bristol and Plymouth
Fall River,1,C,Michael J. Rodrigues,411,State Senate,First Bristol and Plymouth
Fall River,1,C,Russell T. Protentis,279,State Senate,First Bristol and Plymouth
Fall River,1,C,All Others,2,State Senate,First Bristol and Plymouth
Fall River,1,C,Blanks,35,State Senate,First Bristol and Plymouth
Fall River,1,C,Total Votes Cast,727,State Senate,First Bristol and Plymouth
Fall River,2,A,Michael J. Rodrigues,269,State Senate,First Bristol and Plymouth
Fall River,2,A,Russell T. Protentis,160,State Senate,First Bristol and Plymouth
Fall River,2,A,All Others,0,State Senate,First Bristol and Plymouth
Fall River,2,A,Blanks,18,State Senate,First Bristol and Plymouth
Fall River,2,A,Total Votes Cast,447,State Senate,First Bristol and Plymouth
Fall River,2,B,Michael J. Rodrigues,246,State Senate,First Bristol and Plymouth
Fall River,2,B,Russell T. Protentis,158,State Senate,First Bristol and Plymouth
Fall River,2,B,All Others,0,State Senate,First Bristol and Plymouth
Fall River,2,B,Blanks,13,State Senate,First Bristol and Plymouth
Fall River,2,B,Total Votes Cast,417,State Senate,First Bristol and Plymouth
Fall River,2,C,Michael J. Rodrigues,307,State Senate,First Bristol and Plymouth
Fall River,2,C,Russell T. Protentis,177,State Senate,First Bristol and Plymouth
Fall River,2,C,All Others,0,State Senate,First Bristol and Plymouth
Fall River,2,C,Blanks,46,State Senate,First Bristol and Plymouth
Fall River,2,C,Total Votes Cast,530,State Senate,First Bristol and Plymouth
Fall River,3,A,Michael J. Rodrigues,437,State Senate,First Bristol and Plymouth
Fall River,3,A,Russell T. Protentis,218,State Senate,First Bristol and Plymouth
Fall River,3,A,All Others,0,State Senate,First Bristol and Plymouth
Fall River,3,A,Blanks,35,State Senate,First Bristol and Plymouth
Fall River,3,A,Total Votes Cast,690,State Senate,First Bristol and Plymouth
Fall River,3,B,Michael J. Rodrigues,396,State Senate,First Bristol and Plymouth
Fall River,3,B,Russell T. Protentis,229,State Senate,First Bristol and Plymouth
Fall River,3,B,All Others,0,State Senate,First Bristol and Plymouth
Fall River,3,B,Blanks,29,State Senate,First Bristol and Plymouth
Fall River,3,B,Total Votes Cast,654,State Senate,First Bristol and Plymouth
Fall River,3,C,Michael J. Rodrigues,474,State Senate,First Bristol and Plymouth
Fall River,3,C,Russell T. Protentis,292,State Senate,First Bristol and Plymouth
Fall River,3,C,All Others,0,State Senate,First Bristol and Plymouth
Fall River,3,C,Blanks,27,State Senate,First Bristol and Plymouth
Fall River,3,C,Total Votes Cast,793,State Senate,First Bristol and Plymouth
Fall River,4,A,Michael J. Rodrigues,320,State Senate,First Bristol and Plymouth
Fall River,4,A,Russell T. Protentis,146,State Senate,First Bristol and Plymouth
Fall River,4,A,All Others,2,State Senate,First Bristol and Plymouth
Fall River,4,A,Blanks,21,State Senate,First Bristol and Plymouth
Fall River,4,A,Total Votes Cast,489,State Senate,First Bristol and Plymouth
Fall River,4,B,Michael J. Rodrigues,227,State Senate,First Bristol and Plymouth
Fall River,4,B,Russell T. Protentis,120,State Senate,First Bristol and Plymouth
Fall River,4,B,All Others,1,State Senate,First Bristol and Plymouth
Fall River,4,B,Blanks,18,State Senate,First Bristol and Plymouth
Fall River,4,B,Total Votes Cast,366,State Senate,First Bristol and Plymouth
Fall River,4,C,Michael J. Rodrigues,360,State Senate,First Bristol and Plymouth
Fall River,4,C,Russell T. Protentis,112,State Senate,First Bristol and Plymouth
Fall River,4,C,All Others,0,State Senate,First Bristol and Plymouth
Fall River,4,C,Blanks,26,State Senate,First Bristol and Plymouth
Fall River,4,C,Total Votes Cast,498,State Senate,First Bristol and Plymouth
Fall River,5,A,Michael J. Rodrigues,209,State Senate,First Bristol and Plymouth
Fall River,5,A,Russell T. Protentis,101,State Senate,First Bristol and Plymouth
Fall River,5,A,All Others,0,State Senate,First Bristol and Plymouth
Fall River,5,A,Blanks,14,State Senate,First Bristol and Plymouth
Fall River,5,A,Total Votes Cast,324,State Senate,First Bristol and Plymouth
Fall River,5,B,Michael J. Rodrigues,210,State Senate,First Bristol and Plymouth
Fall River,5,B,Russell T. Protentis,78,State Senate,First Bristol and Plymouth
Fall River,5,B,All Others,0,State Senate,First Bristol and Plymouth
Fall River,5,B,Blanks,12,State Senate,First Bristol and Plymouth
Fall River,5,B,Total Votes Cast,300,State Senate,First Bristol and Plymouth
Fall River,5,C,Michael J. Rodrigues,252,State Senate,First Bristol and Plymouth
Fall River,5,C,Russell T. Protentis,118,State Senate,First Bristol and Plymouth
Fall River,5,C,All Others,0,State Senate,First Bristol and Plymouth
Fall River,5,C,Blanks,21,State Senate,First Bristol and Plymouth
Fall River,5,C,Total Votes Cast,391,State Senate,First Bristol and Plymouth
Fall River,6,A,Michael J. Rodrigues,491,State Senate,First Bristol and Plymouth
Fall River,6,A,Russell T. Protentis,320,State Senate,First Bristol and Plymouth
Fall River,6,A,All Others,3,State Senate,First Bristol and Plymouth
Fall River,6,A,Blanks,35,State Senate,First Bristol and Plymouth
Fall River,6,A,Total Votes Cast,849,State Senate,First Bristol and Plymouth
Fall River,6,B,Michael J. Rodrigues,347,State Senate,First Bristol and Plymouth
Fall River,6,B,Russell T. Protentis,158,State Senate,First Bristol and Plymouth
Fall River,6,B,All Others,0,State Senate,First Bristol and Plymouth
Fall River,6,B,Blanks,21,State Senate,First Bristol and Plymouth
Fall River,6,B,Total Votes Cast,526,State Senate,First Bristol and Plymouth
Fall River,6,C,Michael J. Rodrigues,361,State Senate,First Bristol and Plymouth
Fall River,6,C,Russell T. Protentis,222,State Senate,First Bristol and Plymouth
Fall River,6,C,All Others,4,State Senate,First Bristol and Plymouth
Fall River,6,C,Blanks,39,State Senate,First Bristol and Plymouth
Fall River,6,C,Total Votes Cast,626,State Senate,First Bristol and Plymouth
Fall River,7,A,Michael J. Rodrigues,538,State Senate,First Bristol and Plymouth
Fall River,7,A,Russell T. Protentis,274,State Senate,First Bristol and Plymouth
Fall River,7,A,All Others,0,State Senate,First Bristol and Plymouth
Fall River,7,A,Blanks,28,State Senate,First Bristol and Plymouth
Fall River,7,A,Total Votes Cast,840,State Senate,First Bristol and Plymouth
Fall River,7,B,Michael J. Rodrigues,329,State Senate,First Bristol and Plymouth
Fall River,7,B,Russell T. Protentis,147,State Senate,First Bristol and Plymouth
Fall River,7,B,All Others,1,State Senate,First Bristol and Plymouth
Fall River,7,B,Blanks,16,State Senate,First Bristol and Plymouth
Fall River,7,B,Total Votes Cast,493,State Senate,First Bristol and Plymouth
Fall River,7,C,Michael J. Rodrigues,415,State Senate,First Bristol and Plymouth
Fall River,7,C,Russell T. Protentis,197,State Senate,First Bristol and Plymouth
Fall River,7,C,All Others,0,State Senate,First Bristol and Plymouth
Fall River,7,C,Blanks,27,State Senate,First Bristol and Plymouth
Fall River,7,C,Total Votes Cast,639,State Senate,First Bristol and Plymouth
Fall River,8,A,Michael J. Rodrigues,385,State Senate,First Bristol and Plymouth
Fall River,8,A,Russell T. Protentis,201,State Senate,First Bristol and Plymouth
Fall River,8,A,All Others,1,State Senate,First Bristol and Plymouth
Fall River,8,A,Blanks,39,State Senate,First Bristol and Plymouth
Fall River,8,A,Total Votes Cast,626,State Senate,First Bristol and Plymouth
Fall River,8,B,Michael J. Rodrigues,691,State Senate,First Bristol and Plymouth
Fall River,8,B,Russell T. Protentis,309,State Senate,First Bristol and Plymouth
Fall River,8,B,All Others,1,State Senate,First Bristol and Plymouth
Fall River,8,B,Blanks,56,State Senate,First Bristol and Plymouth
Fall River,8,B,Total Votes Cast,1057,State Senate,First Bristol and Plymouth
Fall River,8,C,Michael J. Rodrigues,638,State Senate,First Bristol and Plymouth
Fall River,8,C,Russell T. Protentis,341,State Senate,First Bristol and Plymouth
Fall River,8,C,All Others,0,State Senate,First Bristol and Plymouth
Fall River,8,C,Blanks,38,State Senate,First Bristol and Plymouth
Fall River,8,C,Total Votes Cast,1017,State Senate,First Bristol and Plymouth
Fall River,9,A,Michael J. Rodrigues,846,State Senate,First Bristol and Plymouth
Fall River,9,A,Russell T. Protentis,466,State Senate,First Bristol and Plymouth
Fall River,9,A,All Others,1,State Senate,First Bristol and Plymouth
Fall River,9,A,Blanks,79,State Senate,First Bristol and Plymouth
Fall River,9,A,Total Votes Cast,1392,State Senate,First Bristol and Plymouth
Fall River,9,B,Michael J. Rodrigues,639,State Senate,First Bristol and Plymouth
Fall River,9,B,Russell T. Protentis,324,State Senate,First Bristol and Plymouth
Fall River,9,B,All Others,0,State Senate,First Bristol and Plymouth
Fall River,9,B,Blanks,49,State Senate,First Bristol and Plymouth
Fall River,9,B,Total Votes Cast,1012,State Senate,First Bristol and Plymouth
Fall River,9,C,Michael J. Rodrigues,530,State Senate,First Bristol and Plymouth
Fall River,9,C,Russell T. Protentis,296,State Senate,First Bristol and Plymouth
Fall River,9,C,All Others,0,State Senate,First Bristol and Plymouth
Fall River,9,C,Blanks,30,State Senate,First Bristol and Plymouth
Fall River,9,C,Total Votes Cast,856,State Senate,First Bristol and Plymouth
Falmouth,-,1,Susan Lynn Moran,1642,State Senate,Plymouth and Barnstable
Falmouth,-,1,Kari Macrae,442,State Senate,Plymouth and Barnstable
Falmouth,-,1,All Others,1,State Senate,Plymouth and Barnstable
Falmouth,-,1,Blanks,61,State Senate,Plymouth and Barnstable
Falmouth,-,1,Total Votes Cast,2146,State Senate,Plymouth and Barnstable
Falmouth,-,2,Susan Lynn Moran,1278,State Senate,Plymouth and Barnstable
Falmouth,-,2,Kari Macrae,547,State Senate,Plymouth and Barnstable
Falmouth,-,2,All Others,1,State Senate,Plymouth and Barnstable
Falmouth,-,2,Blanks,58,State Senate,Plymouth and Barnstable
Falmouth,-,2,Total Votes Cast,1884,State Senate,Plymouth and Barnstable
Falmouth,-,3,Susan Lynn Moran,1160,State Senate,Plymouth and Barnstable
Falmouth,-,3,Kari Macrae,650,State Senate,Plymouth and Barnstable
Falmouth,-,3,All Others,3,State Senate,Plymouth and Barnstable
Falmouth,-,3,Blanks,56,State Senate,Plymouth and Barnstable
Falmouth,-,3,Total Votes Cast,1869,State Senate,Plymouth and Barnstable
Falmouth,-,4,Susan Lynn Moran,1120,State Senate,Plymouth and Barnstable
Falmouth,-,4,Kari Macrae,802,State Senate,Plymouth and Barnstable
Falmouth,-,4,All Others,0,State Senate,Plymouth and Barnstable
Falmouth,-,4,Blanks,53,State Senate,Plymouth and Barnstable
Falmouth,-,4,Total Votes Cast,1975,State Senate,Plymouth and Barnstable
Falmouth,-,5,Susan Lynn Moran,1392,State Senate,Plymouth and Barnstable
Falmouth,-,5,Kari Macrae,745,State Senate,Plymouth and Barnstable
Falmouth,-,5,All Others,4,State Senate,Plymouth and Barnstable
Falmouth,-,5,Blanks,62,State Senate,Plymouth and Barnstable
Falmouth,-,5,Total Votes Cast,2203,State Senate,Plymouth and Barnstable
Falmouth,-,6,Susan Lynn Moran,1307,State Senate,Plymouth and Barnstable
Falmouth,-,6,Kari Macrae,684,State Senate,Plymouth and Barnstable
Falmouth,-,6,All Others,1,State Senate,Plymouth and Barnstable
Falmouth,-,6,Blanks,60,State Senate,Plymouth and Barnstable
Falmouth,-,6,Total Votes Cast,2052,State Senate,Plymouth and Barnstable
Falmouth,-,7,Susan Lynn Moran,1077,State Senate,Plymouth and Barnstable
Falmouth,-,7,Kari Macrae,732,State Senate,Plymouth and Barnstable
Falmouth,-,7,All Others,2,State Senate,Plymouth and Barnstable
Falmouth,-,7,Blanks,65,State Senate,Plymouth and Barnstable
Falmouth,-,7,Total Votes Cast,1876,State Senate,Plymouth and Barnstable
Falmouth,-,8,Susan Lynn Moran,1067,State Senate,Plymouth and Barnstable
Falmouth,-,8,Kari Macrae,737,State Senate,Plymouth and Barnstable
Falmouth,-,8,All Others,1,State Senate,Plymouth and Barnstable
Falmouth,-,8,Blanks,67,State Senate,Plymouth and Barnstable
Falmouth,-,8,Total Votes Cast,1872,State Senate,Plymouth and Barnstable
Falmouth,-,9,Susan Lynn Moran,1003,State Senate,Plymouth and Barnstable
Falmouth,-,9,Kari Macrae,618,State Senate,Plymouth and Barnstable
Falmouth,-,9,All Others,0,State Senate,Plymouth and Barnstable
Falmouth,-,9,Blanks,47,State Senate,Plymouth and Barnstable
Falmouth,-,9,Total Votes Cast,1668,State Senate,Plymouth and Barnstable
Fitchburg,1,A,John J. Cronin,404,State Senate,Worcester and Middlesex
Fitchburg,1,A,Kenneth B. Hoyt,213,State Senate,Worcester and Middlesex
Fitchburg,1,A,All Others,0,State Senate,Worcester and Middlesex
Fitchburg,1,A,Blanks,24,State Senate,Worcester and Middlesex
Fitchburg,1,A,Total Votes Cast,641,State Senate,Worcester and Middlesex
Fitchburg,1,B,John J. Cronin,500,State Senate,Worcester and Middlesex
Fitchburg,1,B,Kenneth B. Hoyt,253,State Senate,Worcester and Middlesex
Fitchburg,1,B,All Others,1,State Senate,Worcester and Middlesex
Fitchburg,1,B,Blanks,31,State Senate,Worcester and Middlesex
Fitchburg,1,B,Total Votes Cast,785,State Senate,Worcester and Middlesex
Fitchburg,2,A,John J. Cronin,358,State Senate,Worcester and Middlesex
Fitchburg,2,A,Kenneth B. Hoyt,221,State Senate,Worcester and Middlesex
Fitchburg,2,A,All Others,1,State Senate,Worcester and Middlesex
Fitchburg,2,A,Blanks,27,State Senate,Worcester and Middlesex
Fitchburg,2,A,Total Votes Cast,607,State Senate,Worcester and Middlesex
Fitchburg,2,B,John J. Cronin,518,State Senate,Worcester and Middlesex
Fitchburg,2,B,Kenneth B. Hoyt,322,State Senate,Worcester and Middlesex
Fitchburg,2,B,All Others,1,State Senate,Worcester and Middlesex
Fitchburg,2,B,Blanks,23,State Senate,Worcester and Middlesex
Fitchburg,2,B,Total Votes Cast,864,State Senate,Worcester and Middlesex
Fitchburg,3,A,John J. Cronin,858,State Senate,Worcester and Middlesex
Fitchburg,3,A,Kenneth B. Hoyt,519,State Senate,Worcester and Middlesex
Fitchburg,3,A,All Others,0,State Senate,Worcester and Middlesex
Fitchburg,3,A,Blanks,77,State Senate,Worcester and Middlesex
Fitchburg,3,A,Total Votes Cast,1454,State Senate,Worcester and Middlesex
Fitchburg,3,B,John J. Cronin,546,State Senate,Worcester and Middlesex
Fitchburg,3,B,Kenneth B. Hoyt,400,State Senate,Worcester and Middlesex
Fitchburg,3,B,All Others,0,State Senate,Worcester and Middlesex
Fitchburg,3,B,Blanks,32,State Senate,Worcester and Middlesex
Fitchburg,3,B,Total Votes Cast,978,State Senate,Worcester and Middlesex
Fitchburg,4,A,John J. Cronin,345,State Senate,Worcester and Middlesex
Fitchburg,4,A,Kenneth B. Hoyt,217,State Senate,Worcester and Middlesex
Fitchburg,4,A,All Others,1,State Senate,Worcester and Middlesex
Fitchburg,4,A,Blanks,24,State Senate,Worcester and Middlesex
Fitchburg,4,A,Total Votes Cast,587,State Senate,Worcester and Middlesex
Fitchburg,4,B,John J. Cronin,352,State Senate,Worcester and Middlesex
Fitchburg,4,B,Kenneth B. Hoyt,159,State Senate,Worcester and Middlesex
Fitchburg,4,B,All Others,0,State Senate,Worcester and Middlesex
Fitchburg,4,B,Blanks,62,State Senate,Worcester and Middlesex
Fitchburg,4,B,Total Votes Cast,573,State Senate,Worcester and Middlesex
Fitchburg,5,A,John J. Cronin,810,State Senate,Worcester and Middlesex
Fitchburg,5,A,Kenneth B. Hoyt,606,State Senate,Worcester and Middlesex
Fitchburg,5,A,All Others,1,State Senate,Worcester and Middlesex
Fitchburg,5,A,Blanks,54,State Senate,Worcester and Middlesex
Fitchburg,5,A,Total Votes Cast,1471,State Senate,Worcester and Middlesex
Fitchburg,5,B,John J. Cronin,306,State Senate,Worcester and Middlesex
Fitchburg,5,B,Kenneth B. Hoyt,140,State Senate,Worcester and Middlesex
Fitchburg,5,B,All Others,1,State Senate,Worcester and Middlesex
Fitchburg,5,B,Blanks,12,State Senate,Worcester and Middlesex
Fitchburg,5,B,Total Votes Cast,459,State Senate,Worcester and Middlesex
Fitchburg,6,A,John J. Cronin,648,State Senate,Worcester and Middlesex
Fitchburg,6,A,Kenneth B. Hoyt,440,State Senate,Worcester and Middlesex
Fitchburg,6,A,All Others,1,State Senate,Worcester and Middlesex
Fitchburg,6,A,Blanks,42,State Senate,Worcester and Middlesex
Fitchburg,6,A,Total Votes Cast,1131,State Senate,Worcester and Middlesex
Fitchburg,6,B,John J. Cronin,409,State Senate,Worcester and Middlesex
Fitchburg,6,B,Kenneth B. Hoyt,188,State Senate,Worcester and Middlesex
Fitchburg,6,B,All Others,1,State Senate,Worcester and Middlesex
Fitchburg,6,B,Blanks,38,State Senate,Worcester and Middlesex
Fitchburg,6,B,Total Votes Cast,636,State Senate,Worcester and Middlesex
Florida,,,Paul W. Mark,158,State Senate,"Berkshire, Hampden, Franklin & Hampshire"
Florida,,,Brendan M. Phair,91,State Senate,"Berkshire, Hampden, Franklin & Hampshire"
Florida,,,All Others,0,State Senate,"Berkshire, Hampden, Franklin & Hampshire"
Florida,,,Blanks,38,State Senate,"Berkshire, Hampden, Franklin & Hampshire"
Florida,,,Total Votes Cast,287,State Senate,"Berkshire, Hampden, Franklin & Hampshire"
Foxborough,-,1,Paul R. Feeney,745,State Senate,Bristol and Norfolk
Foxborough,-,1,Michael Chaisson,525,State Senate,Bristol and Norfolk
Foxborough,-,1,Laura L. Saylor,35,State Senate,Bristol and Norfolk
Foxborough,-,1,All Others,0,State Senate,Bristol and Norfolk
Foxborough,-,1,Blanks,38,State Senate,Bristol and Norfolk
Foxborough,-,1,Total Votes Cast,1343,State Senate,Bristol and Norfolk
Foxborough,-,2,Paul R. Feeney,1066,State Senate,Bristol and Norfolk
Foxborough,-,2,Michael Chaisson,725,State Senate,Bristol and Norfolk
Foxborough,-,2,Laura L. Saylor,36,State Senate,Bristol and Norfolk
Foxborough,-,2,All Others,0,State Senate,Bristol and Norfolk
Foxborough,-,2,Blanks,82,State Senate,Bristol and Norfolk
Foxborough,-,2,Total Votes Cast,1909,State Senate,Bristol and Norfolk
Foxborough,-,3,Paul R. Feeney,812,State Senate,Bristol and Norfolk
Foxborough,-,3,Michael Chaisson,673,State Senate,Bristol and Norfolk
Foxborough,-,3,Laura L. Saylor,27,State Senate,Bristol and Norfolk
Foxborough,-,3,All Others,0,State Senate,Bristol and Norfolk
Foxborough,-,3,Blanks,49,State Senate,Bristol and Norfolk
Foxborough,-,3,Total Votes Cast,1561,State Senate,Bristol and Norfolk
Foxborough,-,4,Paul R. Feeney,957,State Senate,Bristol and Norfolk
Foxborough,-,4,Michael Chaisson,665,State Senate,Bristol and Norfolk
Foxborough,-,4,Laura L. Saylor,31,State Senate,Bristol and Norfolk
Foxborough,-,4,All Others,0,State Senate,Bristol and Norfolk
Foxborough,-,4,Blanks,49,State Senate,Bristol and Norfolk
Foxborough,-,4,Total Votes Cast,1702,State Senate,Bristol and Norfolk
Foxborough,-,5,Paul R. Feeney,860,State Senate,Bristol and Norfolk
Foxborough,-,5,Michael Chaisson,605,State Senate,Bristol and Norfolk
Foxborough,-,5,Laura L. Saylor,33,State Senate,Bristol and Norfolk
Foxborough,-,5,All Others,0,State Senate,Bristol and Norfolk
Foxborough,-,5,Blanks,62,State Senate,Bristol and Norfolk
Foxborough,-,5,Total Votes Cast,1560,State Senate,Bristol and Norfolk
Framingham,-,1,Karen E. Spilka,235,State Senate,Middlesex and Norfolk
Framingham,-,1,All Others,6,State Senate,Middlesex and Norfolk
Framingham,-,1,Blanks,55,State Senate,Middlesex and Norfolk
Framingham,-,1,Total Votes Cast,296,State Senate,Middlesex and Norfolk
Framingham,-,10,Karen E. Spilka,439,State Senate,Middlesex and Norfolk
Framingham,-,10,All Others,11,State Senate,Middlesex and Norfolk
Framingham,-,10,Blanks,100,State Senate,Middlesex and Norfolk
Framingham,-,10,Total Votes Cast,550,State Senate,Middlesex and Norfolk
Framingham,-,11,Karen E. Spilka,559,State Senate,Middlesex and Norfolk
Framingham,-,11,All Others,10,State Senate,Middlesex and Norfolk
Framingham,-,11,Blanks,117,State Senate,Middlesex and Norfolk
Framingham,-,11,Total Votes Cast,686,State Senate,Middlesex and Norfolk
Framingham,-,12,Karen E. Spilka,483,State Senate,Middlesex and Norfolk
Framingham,-,12,All Others,9,State Senate,Middlesex and Norfolk
Framingham,-,12,Blanks,92,State Senate,Middlesex and Norfolk
Framingham,-,12,Total Votes Cast,584,State Senate,Middlesex and Norfolk
Framingham,-,13,Karen E. Spilka,291,State Senate,Middlesex and Norfolk
Framingham,-,13,All Others,9,State Senate,Middlesex and Norfolk
Framingham,-,13,Blanks,45,State Senate,Middlesex and Norfolk
Framingham,-,13,Total Votes Cast,345,State Senate,Middlesex and Norfolk
Framingham,-,14,Karen E. Spilka,386,State Senate,Middlesex and Norfolk
Framingham,-,14,All Others,16,State Senate,Middlesex and Norfolk
Framingham,-,14,Blanks,79,State Senate,Middlesex and Norfolk
Framingham,-,14,Total Votes Cast,481,State Senate,Middlesex and Norfolk
Framingham,-,15,Karen E. Spilka,419,State Senate,Middlesex and Norfolk
Framingham,-,15,All Others,8,State Senate,Middlesex and Norfolk
Framingham,-,15,Blanks,88,State Senate,Middlesex and Norfolk
Framingham,-,15,Total Votes Cast,515,State Senate,Middlesex and Norfolk
Framingham,-,16,Karen E. Spilka,735,State Senate,Middlesex and Norfolk
Framingham,-,16,All Others,24,State Senate,Middlesex and Norfolk
Framingham,-,16,Blanks,177,State Senate,Middlesex and Norfolk
Framingham,-,16,Total Votes Cast,936,State Senate,Middlesex and Norfolk
Framingham,-,17,Karen E. Spilka,820,State Senate,Middlesex and Norfolk
Framingham,-,17,All Others,28,State Senate,Middlesex and Norfolk
Framingham,-,17,Blanks,196,State Senate,Middlesex and Norfolk
Framingham,-,17,Total Votes Cast,1044,State Senate,Middlesex and Norfolk
Framingham,-,18,Karen E. Spilka,962,State Senate,Middlesex and Norfolk
Framingham,-,18,All Others,21,State Senate,Middlesex and Norfolk
Framingham,-,18,Blanks,239,State Senate,Middlesex and Norfolk
Framingham,-,18,Total Votes Cast,1222,State Senate,Middlesex and Norfolk
Framingham,-,19,Karen E. Spilka,928,State Senate,Middlesex and Norfolk
Framingham,-,19,All Others,21,State Senate,Middlesex and Norfolk
Framingham,-,19,Blanks,260,State Senate,Middlesex and Norfolk
Framingham,-,19,Total Votes Cast,1209,State Senate,Middlesex and Norfolk
Framingham,-,2,Karen E. Spilka,162,State Senate,Middlesex and Norfolk
Framingham,-,2,All Others,5,State Senate,Middlesex and Norfolk
Framingham,-,2,Blanks,22,State Senate,Middlesex and Norfolk
Framingham,-,2,Total Votes Cast,189,State Senate,Middlesex and Norfolk
Framingham,-,20,Karen E. Spilka,979,State Senate,Middlesex and Norfolk
Framingham,-,20,All Others,27,State Senate,Middlesex and Norfolk
Framingham,-,20,Blanks,227,State Senate,Middlesex and Norfolk
Framingham,-,20,Total Votes Cast,1233,State Senate,Middlesex and Norfolk
Framingham,-,21A,Karen E. Spilka,701,State Senate,Middlesex and Norfolk
Framingham,-,21A,All Others,18,State Senate,Middlesex and Norfolk
Framingham,-,21A,Blanks,190,State Senate,Middlesex and Norfolk
Framingham,-,21A,Total Votes Cast,909,State Senate,Middlesex and Norfolk
Framingham,-,21B,Karen E. Spilka,432,State Senate,Middlesex and Norfolk
Framingham,-,21B,All Others,9,State Senate,Middlesex and Norfolk
Framingham,-,21B,Blanks,106,State Senate,Middlesex and Norfolk
Framingham,-,21B,Total Votes Cast,547,State Senate,Middlesex and Norfolk
Framingham,-,21C,Karen E. Spilka,24,State Senate,Middlesex and Norfolk
Framingham,-,21C,All Others,1,State Senate,Middlesex and Norfolk
Framingham,-,21C,Blanks,9,State Senate,Middlesex and Norfolk
Framingham,-,21C,Total Votes Cast,34,State Senate,Middlesex and Norfolk
Framingham,-,22,Karen E. Spilka,1008,State Senate,Middlesex and Norfolk
Framingham,-,22,All Others,18,State Senate,Middlesex and Norfolk
Framingham,-,22,Blanks,269,State Senate,Middlesex and Norfolk
Framingham,-,22,Total Votes Cast,1295,State Senate,Middlesex and Norfolk
Framingham,-,23,Karen E. Spilka,857,State Senate,Middlesex and Norfolk
Framingham,-,23,All Others,25,State Senate,Middlesex and Norfolk
Framingham,-,23,Blanks,234,State Senate,Middlesex and Norfolk
Framingham,-,23,Total Votes Cast,1116,State Senate,Middlesex and Norfolk
Framingham,-,24,Karen E. Spilka,905,State Senate,Middlesex and Norfolk
Framingham,-,24,All Others,22,State Senate,Middlesex and Norfolk
Framingham,-,24,Blanks,246,State Senate,Middlesex and Norfolk
Framingham,-,24,Total Votes Cast,1173,State Senate,Middlesex and Norfolk
Framingham,-,25,Karen E. Spilka,940,State Senate,Middlesex and Norfolk
Framingham,-,25,All Others,20,State Senate,Middlesex and Norfolk
Framingham,-,25,Blanks,223,State Senate,Middlesex and Norfolk
Framingham,-,25,Total Votes Cast,1183,State Senate,Middlesex and Norfolk
Framingham,-,26,Karen E. Spilka,824,State Senate,Middlesex and Norfolk
Framingham,-,26,All Others,20,State Senate,Middlesex and Norfolk
Framingham,-,26,Blanks,187,State Senate,Middlesex and Norfolk
Framingham,-,26,Total Votes Cast,1031,State Senate,Middlesex and Norfolk
Framingham,-,27,Karen E. Spilka,812,State Senate,Middlesex and Norfolk
Framingham,-,27,All Others,14,State Senate,Middlesex and Norfolk
Framingham,-,27,Blanks,199,State Senate,Middlesex and Norfolk
Framingham,-,27,Total Votes Cast,1025,State Senate,Middlesex and Norfolk
Framingham,-,3,Karen E. Spilka,248,State Senate,Middlesex and Norfolk
Framingham,-,3,All Others,4,State Senate,Middlesex and Norfolk
Framingham,-,3,Blanks,39,State Senate,Middlesex and Norfolk
Framingham,-,3,Total Votes Cast,291,State Senate,Middlesex and Norfolk
Framingham,-,4,Karen E. Spilka,319,State Senate,Middlesex and Norfolk
Framingham,-,4,All Others,17,State Senate,Middlesex and Norfolk
Framingham,-,4,Blanks,65,State Senate,Middlesex and Norfolk
Framingham,-,4,Total Votes Cast,401,State Senate,Middlesex and Norfolk
Framingham,-,5,Karen E. Spilka,454,State Senate,Middlesex and Norfolk
Framingham,-,5,All Others,32,State Senate,Middlesex and Norfolk
Framingham,-,5,Blanks,108,State Senate,Middlesex and Norfolk
Framingham,-,5,Total Votes Cast,594,State Senate,Middlesex and Norfolk
Framingham,-,6,Karen E. Spilka,757,State Senate,Middlesex and Norfolk
Framingham,-,6,All Others,17,State Senate,Middlesex and Norfolk
Framingham,-,6,Blanks,172,State Senate,Middlesex and Norfolk
Framingham,-,6,Total Votes Cast,946,State Senate,Middlesex and Norfolk
Framingham,-,7,Karen E. Spilka,910,State Senate,Middlesex and Norfolk
Framingham,-,7,All Others,22,State Senate,Middlesex and Norfolk
Framingham,-,7,Blanks,168,State Senate,Middlesex and Norfolk
Framingham,-,7,Total Votes Cast,1100,State Senate,Middlesex and Norfolk
Framingham,-,8,Karen E. Spilka,494,State Senate,Middlesex and Norfolk
Framingham,-,8,All Others,14,State Senate,Middlesex and Norfolk
Framingham,-,8,Blanks,100,State Senate,Middlesex and Norfolk
Framingham,-,8,Total Votes Cast,608,State Senate,Middlesex and Norfolk
Framingham,-,9A,Karen E. Spilka,611,State Senate,Middlesex and Norfolk
Framingham,-,9A,All Others,15,State Senate,Middlesex and Norfolk
Framingham,-,9A,Blanks,127,State Senate,Middlesex and Norfolk
Framingham,-,9A,Total Votes Cast,753,State Senate,Middlesex and Norfolk
Framingham,-,9B,Karen E. Spilka,34,State Senate,Middlesex and Norfolk
Framingham,-,9B,All Others,0,State Senate,Middlesex and Norfolk
Framingham,-,9B,Blanks,9,State Senate,Middlesex and Norfolk
Framingham,-,9B,Total Votes Cast,43,State Senate,Middlesex and Norfolk
Franklin,-,1,Rebecca L. Rausch,862,State Senate,"Norfolk, Worcester & Middlesex"
Franklin,-,1,Shawn C. Dooley,710,State Senate,"Norfolk, Worcester & Middlesex"
Franklin,-,1,All Others,0,State Senate,"Norfolk, Worcester & Middlesex"
Franklin,-,1,Blanks,31,State Senate,"Norfolk, Worcester & Middlesex"
Franklin,-,1,Total Votes Cast,1603,State Senate,"Norfolk, Worcester & Middlesex"
Franklin,-,2,Rebecca L. Rausch,714,State Senate,"Norfolk, Worcester & Middlesex"
Franklin,-,2,Shawn C. Dooley,653,State Senate,"Norfolk, Worcester & Middlesex"
Franklin,-,2,All Others,1,State Senate,"Norfolk, Worcester & Middlesex"
Franklin,-,2,Blanks,27,State Senate,"Norfolk, Worcester & Middlesex"
Franklin,-,2,Total Votes Cast,1395,State Senate,"Norfolk, Worcester & Middlesex"
Franklin,-,3,Rebecca L. Rausch,828,State Senate,"Norfolk, Worcester & Middlesex"
Franklin,-,3,Shawn C. Dooley,749,State Senate,"Norfolk, Worcester & Middlesex"
Franklin,-,3,All Others,0,State Senate,"Norfolk, Worcester & Middlesex"
Franklin,-,3,Blanks,30,State Senate,"Norfolk, Worcester & Middlesex"
Franklin,-,3,Total Votes Cast,1607,State Senate,"Norfolk, Worcester & Middlesex"
Franklin,-,4,Rebecca L. Rausch,877,State Senate,"Norfolk, Worcester & Middlesex"
Franklin,-,4,Shawn C. Dooley,870,State Senate,"Norfolk, Worcester & Middlesex"
Franklin,-,4,All Others,1,State Senate,"Norfolk, Worcester & Middlesex"
Franklin,-,4,Blanks,30,State Senate,"Norfolk, Worcester & Middlesex"
Franklin,-,4,Total Votes Cast,1778,State Senate,"Norfolk, Worcester & Middlesex"
Franklin,-,5,Rebecca L. Rausch,900,State Senate,"Norfolk, Worcester & Middlesex"
Franklin,-,5,Shawn C. Dooley,767,State Senate,"Norfolk, Worcester & Middlesex"
Franklin,-,5,All Others,1,State Senate,"Norfolk, Worcester & Middlesex"
Franklin,-,5,Blanks,33,State Senate,"Norfolk, Worcester & Middlesex"
Franklin,-,5,Total Votes Cast,1701,State Senate,"Norfolk, Worcester & Middlesex"
Franklin,-,6,Rebecca L. Rausch,915,State Senate,"Norfolk, Worcester & Middlesex"
Franklin,-,6,Shawn C. Dooley,684,State Senate,"Norfolk, Worcester & Middlesex"
Franklin,-,6,All Others,1,State Senate,"Norfolk, Worcester & Middlesex"
Franklin,-,6,Blanks,42,State Senate,"Norfolk, Worcester & Middlesex"
Franklin,-,6,Total Votes Cast,1642,State Senate,"Norfolk, Worcester & Middlesex"
Franklin,-,7,Rebecca L. Rausch,1008,State Senate,"Norfolk, Worcester & Middlesex"
Franklin,-,7,Shawn C. Dooley,854,State Senate,"Norfolk, Worcester & Middlesex"
Franklin,-,7,All Others,2,State Senate,"Norfolk, Worcester & Middlesex"
Franklin,-,7,Blanks,43,State Senate,"Norfolk, Worcester & Middlesex"
Franklin,-,7,Total Votes Cast,1907,State Senate,"Norfolk, Worcester & Middlesex"
Franklin,-,8,Rebecca L. Rausch,884,State Senate,"Norfolk, Worcester & Middlesex"
Franklin,-,8,Shawn C. Dooley,892,State Senate,"Norfolk, Worcester & Middlesex"
Franklin,-,8,All Others,0,State Senate,"Norfolk, Worcester & Middlesex"
Franklin,-,8,Blanks,31,State Senate,"Norfolk, Worcester & Middlesex"
Franklin,-,8,Total Votes Cast,1807,State Senate,"Norfolk, Worcester & Middlesex"
Franklin,-,9,Rebecca L. Rausch,671,State Senate,"Norfolk, Worcester & Middlesex"
Franklin,-,9,Shawn C. Dooley,518,State Senate,"Norfolk, Worcester & Middlesex"
Franklin,-,9,All Others,0,State Senate,"Norfolk, Worcester & Middlesex"
Franklin,-,9,Blanks,28,State Senate,"Norfolk, Worcester & Middlesex"
Franklin,-,9,Total Votes Cast,1217,State Senate,"Norfolk, Worcester & Middlesex"
Freetown,-,1,Michael J. Rodrigues,611,State Senate,First Bristol and Plymouth
Freetown,-,1,Russell T. Protentis,616,State Senate,First Bristol and Plymouth
Freetown,-,1,All Others,3,State Senate,First Bristol and Plymouth
Freetown,-,1,Blanks,47,State Senate,First Bristol and Plymouth
Freetown,-,1,Total Votes Cast,1277,State Senate,First Bristol and Plymouth
Freetown,-,2,Michael J. Rodrigues,588,State Senate,First Bristol and Plymouth
Freetown,-,2,Russell T. Protentis,679,State Senate,First Bristol and Plymouth
Freetown,-,2,All Others,1,State Senate,First Bristol and Plymouth
Freetown,-,2,Blanks,34,State Senate,First Bristol and Plymouth
Freetown,-,2,Total Votes Cast,1302,State Senate,First Bristol and Plymouth
Freetown,-,3,Michael J. Rodrigues,547,State Senate,First Bristol and Plymouth
Freetown,-,3,Russell T. Protentis,683,State Senate,First Bristol and Plymouth
Freetown,-,3,All Others,0,State Senate,First Bristol and Plymouth
Freetown,-,3,Blanks,36,State Senate,First Bristol and Plymouth
Freetown,-,3,Total Votes Cast,1266,State Senate,First Bristol and Plymouth
Gardner,1,A,Anne M. Gobi,487,State Senate,Worcester & Hampshire
Gardner,1,A,James Anthony Amorello,294,State Senate,Worcester & Hampshire
Gardner,1,A,All Others,0,State Senate,Worcester & Hampshire
Gardner,1,A,Blanks,24,State Senate,Worcester & Hampshire
Gardner,1,A,Total Votes Cast,805,State Senate,Worcester & Hampshire
Gardner,1,B,Anne M. Gobi,212,State Senate,Worcester & Hampshire
Gardner,1,B,James Anthony Amorello,192,State Senate,Worcester & Hampshire
Gardner,1,B,All Others,0,State Senate,Worcester & Hampshire
Gardner,1,B,Blanks,10,State Senate,Worcester & Hampshire
Gardner,1,B,Total Votes Cast,414,State Senate,Worcester & Hampshire
Gardner,2,A,Anne M. Gobi,378,State Senate,Worcester & Hampshire
Gardner,2,A,James Anthony Amorello,279,State Senate,Worcester & Hampshire
Gardner,2,A,All Others,0,State Senate,Worcester & Hampshire
Gardner,2,A,Blanks,23,State Senate,Worcester & Hampshire
Gardner,2,A,Total Votes Cast,680,State Senate,Worcester & Hampshire
Gardner,2,B,Anne M. Gobi,365,State Senate,Worcester & Hampshire
Gardner,2,B,James Anthony Amorello,351,State Senate,Worcester & Hampshire
Gardner,2,B,All Others,0,State Senate,Worcester & Hampshire
Gardner,2,B,Blanks,24,State Senate,Worcester & Hampshire
Gardner,2,B,Total Votes Cast,740,State Senate,Worcester & Hampshire
Gardner,3,A,Anne M. Gobi,281,State Senate,Worcester & Hampshire
Gardner,3,A,James Anthony Amorello,238,State Senate,Worcester & Hampshire
Gardner,3,A,All Others,0,State Senate,Worcester & Hampshire
Gardner,3,A,Blanks,11,State Senate,Worcester & Hampshire
Gardner,3,A,Total Votes Cast,530,State Senate,Worcester & Hampshire
Gardner,3,B,Anne M. Gobi,410,State Senate,Worcester & Hampshire
Gardner,3,B,James Anthony Amorello,265,State Senate,Worcester & Hampshire
Gardner,3,B,All Others,0,State Senate,Worcester & Hampshire
Gardner,3,B,Blanks,20,State Senate,Worcester & Hampshire
Gardner,3,B,Total Votes Cast,695,State Senate,Worcester & Hampshire
Gardner,4,A,Anne M. Gobi,354,State Senate,Worcester & Hampshire
Gardner,4,A,James Anthony Amorello,209,State Senate,Worcester & Hampshire
Gardner,4,A,All Others,0,State Senate,Worcester & Hampshire
Gardner,4,A,Blanks,11,State Senate,Worcester & Hampshire
Gardner,4,A,Total Votes Cast,574,State Senate,Worcester & Hampshire
Gardner,4,B,Anne M. Gobi,248,State Senate,Worcester & Hampshire
Gardner,4,B,James Anthony Amorello,166,State Senate,Worcester & Hampshire
Gardner,4,B,All Others,0,State Senate,Worcester & Hampshire
Gardner,4,B,Blanks,9,State Senate,Worcester & Hampshire
Gardner,4,B,Total Votes Cast,423,State Senate,Worcester & Hampshire
Gardner,5,A,Anne M. Gobi,277,State Senate,Worcester & Hampshire
Gardner,5,A,James Anthony Amorello,213,State Senate,Worcester & Hampshire
Gardner,5,A,All Others,0,State Senate,Worcester & Hampshire
Gardner,5,A,Blanks,11,State Senate,Worcester & Hampshire
Gardner,5,A,Total Votes Cast,501,State Senate,Worcester & Hampshire
Gardner,5,B,Anne M. Gobi,440,State Senate,Worcester & Hampshire
Gardner,5,B,James Anthony Amorello,348,State Senate,Worcester & Hampshire
Gardner,5,B,All Others,0,State Senate,Worcester & Hampshire
Gardner,5,B,Blanks,19,State Senate,Worcester & Hampshire
Gardner,5,B,Total Votes Cast,807,State Senate,Worcester & Hampshire
Georgetown,-,1,Bruce E. Tarr,991,State Senate,First Essex and Middlesex
Georgetown,-,1,Terence William Cudney,358,State Senate,First Essex and Middlesex
Georgetown,-,1,All Others,2,State Senate,First Essex and Middlesex
Georgetown,-,1,Blanks,86,State Senate,First Essex and Middlesex
Georgetown,-,1,Total Votes Cast,1437,State Senate,First Essex and Middlesex
Georgetown,-,2,Bruce E. Tarr,853,State Senate,First Essex and Middlesex
Georgetown,-,2,Terence William Cudney,369,State Senate,First Essex and Middlesex
Georgetown,-,2,All Others,4,State Senate,First Essex and Middlesex
Georgetown,-,2,Blanks,71,State Senate,First Essex and Middlesex
Georgetown,-,2,Total Votes Cast,1297,State Senate,First Essex and Middlesex
Georgetown,-,3,Bruce E. Tarr,871,State Senate,First Essex and Middlesex
Georgetown,-,3,Terence William Cudney,344,State Senate,First Essex and Middlesex
Georgetown,-,3,All Others,3,State Senate,First Essex and Middlesex
Georgetown,-,3,Blanks,92,State Senate,First Essex and Middlesex
Georgetown,-,3,Total Votes Cast,1310,State Senate,First Essex and Middlesex
Gill,,,Jo Comerford,622,State Senate,"Hampshire, Franklin and Worcester"
Gill,,,All Others,6,State Senate,"Hampshire, Franklin and Worcester"
Gill,,,Blanks,150,State Senate,"Hampshire, Franklin and Worcester"
Gill,,,Total Votes Cast,778,State Senate,"Hampshire, Franklin and Worcester"
Gloucester,1,1,Bruce E. Tarr,1212,State Senate,First Essex and Middlesex
Gloucester,1,1,Terence William Cudney,339,State Senate,First Essex and Middlesex
Gloucester,1,1,All Others,5,State Senate,First Essex and Middlesex
Gloucester,1,1,Blanks,146,State Senate,First Essex and Middlesex
Gloucester,1,1,Total Votes Cast,1702,State Senate,First Essex and Middlesex
Gloucester,1,2,Bruce E. Tarr,897,State Senate,First Essex and Middlesex
Gloucester,1,2,Terence William Cudney,285,State Senate,First Essex and Middlesex
Gloucester,1,2,All Others,4,State Senate,First Essex and Middlesex
Gloucester,1,2,Blanks,95,State Senate,First Essex and Middlesex
Gloucester,1,2,Total Votes Cast,1281,State Senate,First Essex and Middlesex
Gloucester,2,1,Bruce E. Tarr,698,State Senate,First Essex and Middlesex
Gloucester,2,1,Terence William Cudney,247,State Senate,First Essex and Middlesex
Gloucester,2,1,All Others,2,State Senate,First Essex and Middlesex
Gloucester,2,1,Blanks,49,State Senate,First Essex and Middlesex
Gloucester,2,1,Total Votes Cast,996,State Senate,First Essex and Middlesex
Gloucester,2,2,Bruce E. Tarr,623,State Senate,First Essex and Middlesex
Gloucester,2,2,Terence William Cudney,211,State Senate,First Essex and Middlesex
Gloucester,2,2,All Others,2,State Senate,First Essex and Middlesex
Gloucester,2,2,Blanks,58,State Senate,First Essex and Middlesex
Gloucester,2,2,Total Votes Cast,894,State Senate,First Essex and Middlesex
Gloucester,3,1,Bruce E. Tarr,698,State Senate,First Essex and Middlesex
Gloucester,3,1,Terence William Cudney,219,State Senate,First Essex and Middlesex
Gloucester,3,1,All Others,3,State Senate,First Essex and Middlesex
Gloucester,3,1,Blanks,49,State Senate,First Essex and Middlesex
Gloucester,3,1,Total Votes Cast,969,State Senate,First Essex and Middlesex
Gloucester,3,2,Bruce E. Tarr,829,State Senate,First Essex and Middlesex
Gloucester,3,2,Terence William Cudney,222,State Senate,First Essex and Middlesex
Gloucester,3,2,All Others,5,State Senate,First Essex and Middlesex
Gloucester,3,2,Blanks,53,State Senate,First Essex and Middlesex
Gloucester,3,2,Total Votes Cast,1109,State Senate,First Essex and Middlesex
Gloucester,4,1,Bruce E. Tarr,1046,State Senate,First Essex and Middlesex
Gloucester,4,1,Terence William Cudney,209,State Senate,First Essex and Middlesex
Gloucester,4,1,All Others,1,State Senate,First Essex and Middlesex
Gloucester,4,1,Blanks,72,State Senate,First Essex and Middlesex
Gloucester,4,1,Total Votes Cast,1328,State Senate,First Essex and Middlesex
Gloucester,4,2,Bruce E. Tarr,1261,State Senate,First Essex and Middlesex
Gloucester,4,2,Terence William Cudney,386,State Senate,First Essex and Middlesex
Gloucester,4,2,All Others,1,State Senate,First Essex and Middlesex
Gloucester,4,2,Blanks,135,State Senate,First Essex and Middlesex
Gloucester,4,2,Total Votes Cast,1783,State Senate,First Essex and Middlesex
Gloucester,5,1,Bruce E. Tarr,1210,State Senate,First Essex and Middlesex
Gloucester,5,1,Terence William Cudney,316,State Senate,First Essex and Middlesex
Gloucester,5,1,All Others,3,State Senate,First Essex and Middlesex
Gloucester,5,1,Blanks,99,State Senate,First Essex and Middlesex
Gloucester,5,1,Total Votes Cast,1628,State Senate,First Essex and Middlesex
Gloucester,5,2,Bruce E. Tarr,1229,State Senate,First Essex and Middlesex
Gloucester,5,2,Terence William Cudney,370,State Senate,First Essex and Middlesex
Gloucester,5,2,All Others,1,State Senate,First Essex and Middlesex
Gloucester,5,2,Blanks,108,State Senate,First Essex and Middlesex
Gloucester,5,2,Total Votes Cast,1708,State Senate,First Essex and Middlesex
Goshen,,,Paul W. Mark,341,State Senate,"Berkshire, Hampden, Franklin & Hampshire"
Goshen,,,Brendan M. Phair,118,State Senate,"Berkshire, Hampden, Franklin & Hampshire"
Goshen,,,All Others,0,State Senate,"Berkshire, Hampden, Franklin & Hampshire"
Goshen,,,Blanks,60,State Senate,"Berkshire, Hampden, Franklin & Hampshire"
Goshen,,,Total Votes Cast,519,State Senate,"Berkshire, Hampden, Franklin & Hampshire"
Gosnold,,,Julian Andre Cyr,35,State Senate,Cape and Islands
Gosnold,,,Christopher Robert Lauzon,15,State Senate,Cape and Islands
Gosnold,,,All Others,0,State Senate,Cape and Islands
Gosnold,,,Blanks,5,State Senate,Cape and Islands
Gosnold,,,Total Votes Cast,55,State Senate,Cape and Islands
Grafton,-,1,Michael O. Moore,1183,State Senate,Second Worcester
Grafton,-,1,All Others,13,State Senate,Second Worcester
Grafton,-,1,Blanks,378,State Senate,Second Worcester
Grafton,-,1,Total Votes Cast,1574,State Senate,Second Worcester
Grafton,-,2,Michael O. Moore,1245,State Senate,Second Worcester
Grafton,-,2,All Others,17,State Senate,Second Worcester
Grafton,-,2,Blanks,433,State Senate,Second Worcester
Grafton,-,2,Total Votes Cast,1695,State Senate,Second Worcester
Grafton,-,3,Michael O. Moore,1194,State Senate,Second Worcester
Grafton,-,3,All Others,16,State Senate,Second Worcester
Grafton,-,3,Blanks,415,State Senate,Second Worcester
Grafton,-,3,Total Votes Cast,1625,State Senate,Second Worcester
Grafton,-,4,Michael O. Moore,1051,State Senate,Second Worcester
Grafton,-,4,All Others,14,State Senate,Second Worcester
Grafton,-,4,Blanks,305,State Senate,Second Worcester
Grafton,-,4,Total Votes Cast,1370,State Senate,Second Worcester
Grafton,-,5,Michael O. Moore,1403,State Senate,Second Worcester
Grafton,-,5,All Others,13,State Senate,Second Worcester
Grafton,-,5,Blanks,436,State Senate,Second Worcester
Grafton,-,5,Total Votes Cast,1852,State Senate,Second Worcester
Granby,-,1,Jacob R. Oliveira,733,State Senate,"Hampden, Hampshire & Worcester"
Granby,-,1,William E. Johnson,714,State Senate,"Hampden, Hampshire & Worcester"
Granby,-,1,All Others,0,State Senate,"Hampden, Hampshire & Worcester"
Granby,-,1,Blanks,35,State Senate,"Hampden, Hampshire & Worcester"
Granby,-,1,Total Votes Cast,1482,State Senate,"Hampden, Hampshire & Worcester"
Granby,-,2,Jacob R. Oliveira,600,State Senate,"Hampden, Hampshire & Worcester"
Granby,-,2,William E. Johnson,769,State Senate,"Hampden, Hampshire & Worcester"
Granby,-,2,All Others,0,State Senate,"Hampden, Hampshire & Worcester"
Granby,-,2,Blanks,28,State Senate,"Hampden, Hampshire & Worcester"
Granby,-,2,Total Votes Cast,1397,State Senate,"Hampden, Hampshire & Worcester"
Granby,-,2A,Jacob R. Oliveira,9,State Senate,"Hampden, Hampshire & Worcester"
Granby,-,2A,William E. Johnson,18,State Senate,"Hampden, Hampshire & Worcester"
Granby,-,2A,All Others,0,State Senate,"Hampden, Hampshire & Worcester"
Granby,-,2A,Blanks,1,State Senate,"Hampden, Hampshire & Worcester"
Granby,-,2A,Total Votes Cast,28,State Senate,"Hampden, Hampshire & Worcester"
Granville,,,Paul W. Mark,306,State Senate,"Berkshire, Hampden, Franklin & Hampshire"
Granville,,,Brendan M. Phair,331,State Senate,"Berkshire, Hampden, Franklin & Hampshire"
Granville,,,All Others,0,State Senate,"Berkshire, Hampden, Franklin & Hampshire"
Granville,,,Blanks,113,State Senate,"Berkshire, Hampden, Franklin & Hampshire"
Granville,,,Total Votes Cast,750,State Senate,"Berkshire, Hampden, Franklin & Hampshire"
Great Barrington,-,A,Paul W. Mark,613,State Senate,"Berkshire, Hampden, Franklin & Hampshire"
Great Barrington,-,A,Brendan M. Phair,108,State Senate,"Berkshire, Hampden, Franklin & Hampshire"
Great Barrington,-,A,All Others,2,State Senate,"Berkshire, Hampden, Franklin & Hampshire"
Great Barrington,-,A,Blanks,52,State Senate,"Berkshire, Hampden, Franklin & Hampshire"
Great Barrington,-,A,Total Votes Cast,775,State Senate,"Berkshire, Hampden, Franklin & Hampshire"
Great Barrington,-,B,Paul W. Mark,631,State Senate,"Berkshire, Hampden, Franklin & Hampshire"
Great Barrington,-,B,Brendan M. Phair,96,State Senate,"Berkshire, Hampden, Franklin & Hampshire"
Great Barrington,-,B,All Others,1,State Senate,"Berkshire, Hampden, Franklin & Hampshire"
Great Barrington,-,B,Blanks,65,State Senate,"Berkshire, Hampden, Franklin & Hampshire"
Great Barrington,-,B,Total Votes Cast,793,State Senate,"Berkshire, Hampden, Franklin & Hampshire"
Great Barrington,-,C,Paul W. Mark,467,State Senate,"Berkshire, Hampden, Franklin & Hampshire"
Great Barrington,-,C,Brendan M. Phair,66,State Senate,"Berkshire, Hampden, Franklin & Hampshire"
Great Barrington,-,C,All Others,0,State Senate,"Berkshire, Hampden, Franklin & Hampshire"
Great Barrington,-,C,Blanks,31,State Senate,"Berkshire, Hampden, Franklin & Hampshire"
Great Barrington,-,C,Total Votes Cast,564,State Senate,"Berkshire, Hampden, Franklin & Hampshire"
Great Barrington,-,D,Paul W. Mark,698,State Senate,"Berkshire, Hampden, Franklin & Hampshire"
Great Barrington,-,D,Brendan M. Phair,100,State Senate,"Berkshire, Hampden, Franklin & Hampshire"
Great Barrington,-,D,All Others,2,State Senate,"Berkshire, Hampden, Franklin & Hampshire"
Great Barrington,-,D,Blanks,79,State Senate,"Berkshire, Hampden, Franklin & Hampshire"
Great Barrington,-,D,Total Votes Cast,879,State Senate,"Berkshire, Hampden, Franklin & Hampshire"
Greenfield,-,1,Jo Comerford,633,State Senate,"Hampshire, Franklin and Worcester"
Greenfield,-,1,All Others,14,State Senate,"Hampshire, Franklin and Worcester"
Greenfield,-,1,Blanks,212,State Senate,"Hampshire, Franklin and Worcester"
Greenfield,-,1,Total Votes Cast,859,State Senate,"Hampshire, Franklin and Worcester"
Greenfield,-,2,Jo Comerford,824,State Senate,"Hampshire, Franklin and Worcester"
Greenfield,-,2,All Others,9,State Senate,"Hampshire, Franklin and Worcester"
Greenfield,-,2,Blanks,199,State Senate,"Hampshire, Franklin and Worcester"
Greenfield,-,2,Total Votes Cast,1032,State Senate,"Hampshire, Franklin and Worcester"
Greenfield,-,3,Jo Comerford,714,State Senate,"Hampshire, Franklin and Worcester"
Greenfield,-,3,All Others,9,State Senate,"Hampshire, Franklin and Worcester"
Greenfield,-,3,Blanks,156,State Senate,"Hampshire, Franklin and Worcester"
Greenfield,-,3,Total Votes Cast,879,State Senate,"Hampshire, Franklin and Worcester"
Greenfield,-,4,Jo Comerford,734,State Senate,"Hampshire, Franklin and Worcester"
Greenfield,-,4,All Others,12,State Senate,"Hampshire, Franklin and Worcester"
Greenfield,-,4,Blanks,145,State Senate,"Hampshire, Franklin and Worcester"
Greenfield,-,4,Total Votes Cast,891,State Senate,"Hampshire, Franklin and Worcester"
Greenfield,-,5,Jo Comerford,726,State Senate,"Hampshire, Franklin and Worcester"
Greenfield,-,5,All Others,9,State Senate,"Hampshire, Franklin and Worcester"
Greenfield,-,5,Blanks,115,State Senate,"Hampshire, Franklin and Worcester"
Greenfield,-,5,Total Votes Cast,850,State Senate,"Hampshire, Franklin and Worcester"
Greenfield,-,6,Jo Comerford,686,State Senate,"Hampshire, Franklin and Worcester"
Greenfield,-,6,All Others,13,State Senate,"Hampshire, Franklin and Worcester"
Greenfield,-,6,Blanks,112,State Senate,"Hampshire, Franklin and Worcester"
Greenfield,-,6,Total Votes Cast,811,State Senate,"Hampshire, Franklin and Worcester"
Greenfield,-,7,Jo Comerford,498,State Senate,"Hampshire, Franklin and Worcester"
Greenfield,-,7,All Others,10,State Senate,"Hampshire, Franklin and Worcester"
Greenfield,-,7,Blanks,121,State Senate,"Hampshire, Franklin and Worcester"
Greenfield,-,7,Total Votes Cast,629,State Senate,"Hampshire, Franklin and Worcester"
Greenfield,-,8,Jo Comerford,517,State Senate,"Hampshire, Franklin and Worcester"
Greenfield,-,8,All Others,12,State Senate,"Hampshire, Franklin and Worcester"
Greenfield,-,8,Blanks,90,State Senate,"Hampshire, Franklin and Worcester"
Greenfield,-,8,Total Votes Cast,619,State Senate,"Hampshire, Franklin and Worcester"
Greenfield,-,9,Jo Comerford,380,State Senate,"Hampshire, Franklin and Worcester"
Greenfield,-,9,All Others,6,State Senate,"Hampshire, Franklin and Worcester"
Greenfield,-,9,Blanks,101,State Senate,"Hampshire, Franklin and Worcester"
Greenfield,-,9,Total Votes Cast,487,State Senate,"Hampshire, Franklin and Worcester"
Groton,-,1,John J. Cronin,1228,State Senate,Worcester and Middlesex
Groton,-,1,Kenneth B. Hoyt,567,State Senate,Worcester and Middlesex
Groton,-,1,All Others,2,State Senate,Worcester and Middlesex
Groton,-,1,Blanks,57,State Senate,Worcester and Middlesex
Groton,-,1,Total Votes Cast,1854,State Senate,Worcester and Middlesex
Groton,-,2,John J. Cronin,1090,State Senate,Worcester and Middlesex
Groton,-,2,Kenneth B. Hoyt,653,State Senate,Worcester and Middlesex
Groton,-,2,All Others,2,State Senate,Worcester and Middlesex
Groton,-,2,Blanks,55,State Senate,Worcester and Middlesex
Groton,-,2,Total Votes Cast,1800,State Senate,Worcester and Middlesex
Groton,-,3,John J. Cronin,1141,State Senate,Worcester and Middlesex
Groton,-,3,Kenneth B. Hoyt,564,State Senate,Worcester and Middlesex
Groton,-,3,All Others,2,State Senate,Worcester and Middlesex
Groton,-,3,Blanks,64,State Senate,Worcester and Middlesex
Groton,-,3,Total Votes Cast,1771,State Senate,Worcester and Middlesex
Groton,-,3A,John J. Cronin,77,State Senate,Worcester and Middlesex
Groton,-,3A,Kenneth B. Hoyt,44,State Senate,Worcester and Middlesex
Groton,-,3A,All Others,0,State Senate,Worcester and Middlesex
Groton,-,3A,Blanks,5,State Senate,Worcester and Middlesex
Groton,-,3A,Total Votes Cast,126,State Senate,Worcester and Middlesex
Groveland,-,1,Bruce E. Tarr,1155,State Senate,First Essex and Middlesex
Groveland,-,1,Terence William Cudney,458,State Senate,First Essex and Middlesex
Groveland,-,1,All Others,3,State Senate,First Essex and Middlesex
Groveland,-,1,Blanks,96,State Senate,First Essex and Middlesex
Groveland,-,1,Total Votes Cast,1712,State Senate,First Essex and Middlesex
Groveland,-,2,Bruce E. Tarr,1106,State Senate,First Essex and Middlesex
Groveland,-,2,Terence William Cudney,451,State Senate,First Essex and Middlesex
Groveland,-,2,All Others,2,State Senate,First Essex and Middlesex
Groveland,-,2,Blanks,104,State Senate,First Essex and Middlesex
Groveland,-,2,Total Votes Cast,1663,State Senate,First Essex and Middlesex
Hadley,,,Jo Comerford,2032,State Senate,"Hampshire, Franklin and Worcester"
Hadley,,,All Others,36,State Senate,"Hampshire, Franklin and Worcester"
Hadley,,,Blanks,500,State Senate,"Hampshire, Franklin and Worcester"
Hadley,,,Total Votes Cast,2568,State Senate,"Hampshire, Franklin and Worcester"
Halifax,-,1,Michael D. Brady,809,State Senate,Second Plymouth & Norfolk
Halifax,-,1,Jim Gordon,948,State Senate,Second Plymouth & Norfolk
Halifax,-,1,All Others,0,State Senate,Second Plymouth & Norfolk
Halifax,-,1,Blanks,51,State Senate,Second Plymouth & Norfolk
Halifax,-,1,Total Votes Cast,1808,State Senate,Second Plymouth & Norfolk
Halifax,-,2,Michael D. Brady,760,State Senate,Second Plymouth & Norfolk
Halifax,-,2,Jim Gordon,886,State Senate,Second Plymouth & Norfolk
Halifax,-,2,All Others,0,State Senate,Second Plymouth & Norfolk
Halifax,-,2,Blanks,35,State Senate,Second Plymouth & Norfolk
Halifax,-,2,Total Votes Cast,1681,State Senate,Second Plymouth & Norfolk
Halifax,-,2A,Michael D. Brady,23,State Senate,Second Plymouth & Norfolk
Halifax,-,2A,Jim Gordon,50,State Senate,Second Plymouth & Norfolk
Halifax,-,2A,All Others,0,State Senate,Second Plymouth & Norfolk
Halifax,-,2A,Blanks,2,State Senate,Second Plymouth & Norfolk
Halifax,-,2A,Total Votes Cast,75,State Senate,Second Plymouth & Norfolk
Hamilton,-,1,Bruce E. Tarr,1230,State Senate,First Essex and Middlesex
Hamilton,-,1,Terence William Cudney,487,State Senate,First Essex and Middlesex
Hamilton,-,1,All Others,4,State Senate,First Essex and Middlesex
Hamilton,-,1,Blanks,156,State Senate,First Essex and Middlesex
Hamilton,-,1,Total Votes Cast,1877,State Senate,First Essex and Middlesex
Hamilton,-,2,Bruce E. Tarr,1251,State Senate,First Essex and Middlesex
Hamilton,-,2,Terence William Cudney,466,State Senate,First Essex and Middlesex
Hamilton,-,2,All Others,2,State Senate,First Essex and Middlesex
Hamilton,-,2,Blanks,135,State Senate,First Essex and Middlesex
Hamilton,-,2,Total Votes Cast,1854,State Senate,First Essex and Middlesex
Hampden,,,Jacob R. Oliveira,1043,State Senate,"Hampden, Hampshire & Worcester"
Hampden,,,William E. Johnson,1251,State Senate,"Hampden, Hampshire & Worcester"
Hampden,,,All Others,0,State Senate,"Hampden, Hampshire & Worcester"
Hampden,,,Blanks,58,State Senate,"Hampden, Hampshire & Worcester"
Hampden,,,Total Votes Cast,2352,State Senate,"Hampden, Hampshire & Worcester"
Hancock,,,Paul W. Mark,203,State Senate,"Berkshire, Hampden, Franklin & Hampshire"
Hancock,,,Brendan M. Phair,112,State Senate,"Berkshire, Hampden, Franklin & Hampshire"
Hancock,,,All Others,39,State Senate,"Berkshire, Hampden, Franklin & Hampshire"
Hancock,,,Blanks,0,State Senate,"Berkshire, Hampden, Franklin & Hampshire"
Hancock,,,Total Votes Cast,354,State Senate,"Berkshire, Hampden, Franklin & Hampshire"
Hanover,-,1,John F. Keenan,874,State Senate,Norfolk and Plymouth
Hanover,-,1,Gary M. Innes,1022,State Senate,Norfolk and Plymouth
Hanover,-,1,All Others,0,State Senate,Norfolk and Plymouth
Hanover,-,1,Blanks,59,State Senate,Norfolk and Plymouth
Hanover,-,1,Total Votes Cast,1955,State Senate,Norfolk and Plymouth
Hanover,-,2,John F. Keenan,840,State Senate,Norfolk and Plymouth
Hanover,-,2,Gary M. Innes,912,State Senate,Norfolk and Plymouth
Hanover,-,2,All Others,0,State Senate,Norfolk and Plymouth
Hanover,-,2,Blanks,54,State Senate,Norfolk and Plymouth
Hanover,-,2,Total Votes Cast,1806,State Senate,Norfolk and Plymouth
Hanover,-,3,John F. Keenan,810,State Senate,Norfolk and Plymouth
Hanover,-,3,Gary M. Innes,842,State Senate,Norfolk and Plymouth
Hanover,-,3,All Others,1,State Senate,Norfolk and Plymouth
Hanover,-,3,Blanks,56,State Senate,Norfolk and Plymouth
Hanover,-,3,Total Votes Cast,1709,State Senate,Norfolk and Plymouth
Hanover,-,4,John F. Keenan,905,State Senate,Norfolk and Plymouth
Hanover,-,4,Gary M. Innes,974,State Senate,Norfolk and Plymouth
Hanover,-,4,All Others,0,State Senate,Norfolk and Plymouth
Hanover,-,4,Blanks,56,State Senate,Norfolk and Plymouth
Hanover,-,4,Total Votes Cast,1935,State Senate,Norfolk and Plymouth
Hanson,-,1,Michael D. Brady,729,State Senate,Second Plymouth & Norfolk
Hanson,-,1,Jim Gordon,935,State Senate,Second Plymouth & Norfolk
Hanson,-,1,All Others,0,State Senate,Second Plymouth & Norfolk
Hanson,-,1,Blanks,52,State Senate,Second Plymouth & Norfolk
Hanson,-,1,Total Votes Cast,1716,State Senate,Second Plymouth & Norfolk
Hanson,-,2,Michael D. Brady,832,State Senate,Second Plymouth & Norfolk
Hanson,-,2,Jim Gordon,980,State Senate,Second Plymouth & Norfolk
Hanson,-,2,All Others,0,State Senate,Second Plymouth & Norfolk
Hanson,-,2,Blanks,50,State Senate,Second Plymouth & Norfolk
Hanson,-,2,Total Votes Cast,1862,State Senate,Second Plymouth & Norfolk
Hanson,-,3,Michael D. Brady,659,State Senate,Second Plymouth & Norfolk
Hanson,-,3,Jim Gordon,768,State Senate,Second Plymouth & Norfolk
Hanson,-,3,All Others,0,State Senate,Second Plymouth & Norfolk
Hanson,-,3,Blanks,42,State Senate,Second Plymouth & Norfolk
Hanson,-,3,Total Votes Cast,1469,State Senate,Second Plymouth & Norfolk
Hardwick,,,Anne M. Gobi,614,State Senate,Worcester & Hampshire
Hardwick,,,James Anthony Amorello,491,State Senate,Worcester & Hampshire
Hardwick,,,All Others,2,State Senate,Worcester & Hampshire
Hardwick,,,Blanks,11,State Senate,Worcester & Hampshire
Hardwick,,,Total Votes Cast,1118,State Senate,Worcester & Hampshire
Harvard,,,James B. Eldridge,2351,State Senate,Middlesex and Worcester
Harvard,,,Anthony Christakis,779,State Senate,Middlesex and Worcester
Harvard,,,All Others,2,State Senate,Middlesex and Worcester
Harvard,,,Blanks,67,State Senate,Middlesex and Worcester
Harvard,,,Total Votes Cast,3199,State Senate,Middlesex and Worcester
Harwich,-,1,Julian Andre Cyr,1331,State Senate,Cape and Islands
Harwich,-,1,Christopher Robert Lauzon,784,State Senate,Cape and Islands
Harwich,-,1,All Others,0,State Senate,Cape and Islands
Harwich,-,1,Blanks,52,State Senate,Cape and Islands
Harwich,-,1,Total Votes Cast,2167,State Senate,Cape and Islands
Harwich,-,2,Julian Andre Cyr,1128,State Senate,Cape and Islands
Harwich,-,2,Christopher Robert Lauzon,722,State Senate,Cape and Islands
Harwich,-,2,All Others,0,State Senate,Cape and Islands
Harwich,-,2,Blanks,24,State Senate,Cape and Islands
Harwich,-,2,Total Votes Cast,1874,State Senate,Cape and Islands
Harwich,-,3,Julian Andre Cyr,1096,State Senate,Cape and Islands
Harwich,-,3,Christopher Robert Lauzon,701,State Senate,Cape and Islands
Harwich,-,3,All Others,0,State Senate,Cape and Islands
Harwich,-,3,Blanks,28,State Senate,Cape and Islands
Harwich,-,3,Total Votes Cast,1825,State Senate,Cape and Islands
Harwich,-,4,Julian Andre Cyr,953,State Senate,Cape and Islands
Harwich,-,4,Christopher Robert Lauzon,632,State Senate,Cape and Islands
Harwich,-,4,All Others,0,State Senate,Cape and Islands
Harwich,-,4,Blanks,26,State Senate,Cape and Islands
Harwich,-,4,Total Votes Cast,1611,State Senate,Cape and Islands
Hatfield,,,Jo Comerford,1365,State Senate,"Hampshire, Franklin and Worcester"
Hatfield,,,All Others,8,State Senate,"Hampshire, Franklin and Worcester"
Hatfield,,,Blanks,398,State Senate,"Hampshire, Franklin and Worcester"
Hatfield,,,Total Votes Cast,1771,State Senate,"Hampshire, Franklin and Worcester"
Haverhill,1,1,Pavel M. Payano,254,State Senate,First Essex
Haverhill,1,1,All Others,8,State Senate,First Essex
Haverhill,1,1,Blanks,70,State Senate,First Essex
Haverhill,1,1,Total Votes Cast,332,State Senate,First Essex
Haverhill,1,2,Pavel M. Payano,302,State Senate,First Essex
Haverhill,1,2,All Others,14,State Senate,First Essex
Haverhill,1,2,Blanks,75,State Senate,First Essex
Haverhill,1,2,Total Votes Cast,391,State Senate,First Essex
Haverhill,1,2A,Barry R. Finegold,120,State Senate,Second Essex and Middlesex
Haverhill,1,2A,SalvatorE Paul Defranco,72,State Senate,Second Essex and Middlesex
Haverhill,1,2A,All Others,0,State Senate,Second Essex and Middlesex
Haverhill,1,2A,Blanks,3,State Senate,Second Essex and Middlesex
Haverhill,1,2A,Total Votes Cast,195,State Senate,Second Essex and Middlesex
Haverhill,1,3,Pavel M. Payano,269,State Senate,First Essex
Haverhill,1,3,All Others,10,State Senate,First Essex
Haverhill,1,3,Blanks,100,State Senate,First Essex
Haverhill,1,3,Total Votes Cast,379,State Senate,First Essex
Haverhill,1,3A,Barry R. Finegold,153,State Senate,Second Essex and Middlesex
Haverhill,1,3A,SalvatorE Paul Defranco,126,State Senate,Second Essex and Middlesex
Haverhill,1,3A,All Others,0,State Senate,Second Essex and Middlesex
Haverhill,1,3A,Blanks,4,State Senate,Second Essex and Middlesex
Haverhill,1,3A,Total Votes Cast,283,State Senate,Second Essex and Middlesex
Haverhill,2,1,Barry R. Finegold,567,State Senate,Second Essex and Middlesex
Haverhill,2,1,SalvatorE Paul Defranco,444,State Senate,Second Essex and Middlesex
Haverhill,2,1,All Others,0,State Senate,Second Essex and Middlesex
Haverhill,2,1,Blanks,19,State Senate,Second Essex and Middlesex
Haverhill,2,1,Total Votes Cast,1030,State Senate,Second Essex and Middlesex
Haverhill,2,2,Barry R. Finegold,583,State Senate,Second Essex and Middlesex
Haverhill,2,2,SalvatorE Paul Defranco,434,State Senate,Second Essex and Middlesex
Haverhill,2,2,All Others,0,State Senate,Second Essex and Middlesex
Haverhill,2,2,Blanks,16,State Senate,Second Essex and Middlesex
Haverhill,2,2,Total Votes Cast,1033,State Senate,Second Essex and Middlesex
Haverhill,2,3,Pavel M. Payano,353,State Senate,First Essex
Haverhill,2,3,All Others,16,State Senate,First Essex
Haverhill,2,3,Blanks,115,State Senate,First Essex
Haverhill,2,3,Total Votes Cast,484,State Senate,First Essex
Haverhill,3,1,Pavel M. Payano,471,State Senate,First Essex
Haverhill,3,1,All Others,14,State Senate,First Essex
Haverhill,3,1,Blanks,107,State Senate,First Essex
Haverhill,3,1,Total Votes Cast,592,State Senate,First Essex
Haverhill,3,2,Pavel M. Payano,418,State Senate,First Essex
Haverhill,3,2,All Others,16,State Senate,First Essex
Haverhill,3,2,Blanks,130,State Senate,First Essex
Haverhill,3,2,Total Votes Cast,564,State Senate,First Essex
Haverhill,3,3,Pavel M. Payano,443,State Senate,First Essex
Haverhill,3,3,All Others,16,State Senate,First Essex
Haverhill,3,3,Blanks,120,State Senate,First Essex
Haverhill,3,3,Total Votes Cast,579,State Senate,First Essex
Haverhill,4,1,Barry R. Finegold,683,State Senate,Second Essex and Middlesex
Haverhill,4,1,SalvatorE Paul Defranco,596,State Senate,Second Essex and Middlesex
Haverhill,4,1,All Others,2,State Senate,Second Essex and Middlesex
Haverhill,4,1,Blanks,22,State Senate,Second Essex and Middlesex
Haverhill,4,1,Total Votes Cast,1303,State Senate,Second Essex and Middlesex
Haverhill,4,2,Barry R. Finegold,776,State Senate,Second Essex and Middlesex
Haverhill,4,2,SalvatorE Paul Defranco,820,State Senate,Second Essex and Middlesex
Haverhill,4,2,All Others,0,State Senate,Second Essex and Middlesex
Haverhill,4,2,Blanks,22,State Senate,Second Essex and Middlesex
Haverhill,4,2,Total Votes Cast,1618,State Senate,Second Essex and Middlesex
Haverhill,4,3,Barry R. Finegold,611,State Senate,Second Essex and Middlesex
Haverhill,4,3,SalvatorE Paul Defranco,604,State Senate,Second Essex and Middlesex
Haverhill,4,3,All Others,0,State Senate,Second Essex and Middlesex
Haverhill,4,3,Blanks,31,State Senate,Second Essex and Middlesex
Haverhill,4,3,Total Votes Cast,1246,State Senate,Second Essex and Middlesex
Haverhill,5,1,Barry R. Finegold,360,State Senate,Second Essex and Middlesex
Haverhill,5,1,SalvatorE Paul Defranco,286,State Senate,Second Essex and Middlesex
Haverhill,5,1,All Others,0,State Senate,Second Essex and Middlesex
Haverhill,5,1,Blanks,10,State Senate,Second Essex and Middlesex
Haverhill,5,1,Total Votes Cast,656,State Senate,Second Essex and Middlesex
Haverhill,5,1A,Pavel M. Payano,188,State Senate,First Essex
Haverhill,5,1A,All Others,223,State Senate,First Essex
Haverhill,5,1A,Blanks,17,State Senate,First Essex
Haverhill,5,1A,Total Votes Cast,428,State Senate,First Essex
Haverhill,5,2,Barry R. Finegold,704,State Senate,Second Essex and Middlesex
Haverhill,5,2,SalvatorE Paul Defranco,663,State Senate,Second Essex and Middlesex
Haverhill,5,2,All Others,0,State Senate,Second Essex and Middlesex
Haverhill,5,2,Blanks,25,State Senate,Second Essex and Middlesex
Haverhill,5,2,Total Votes Cast,1392,State Senate,Second Essex and Middlesex
Haverhill,5,3,Barry R. Finegold,652,State Senate,Second Essex and Middlesex
Haverhill,5,3,SalvatorE Paul Defranco,784,State Senate,Second Essex and Middlesex
Haverhill,5,3,All Others,0,State Senate,Second Essex and Middlesex
Haverhill,5,3,Blanks,27,State Senate,Second Essex and Middlesex
Haverhill,5,3,Total Votes Cast,1463,State Senate,Second Essex and Middlesex
Haverhill,5,3A,Barry R. Finegold,40,State Senate,Second Essex and Middlesex
Haverhill,5,3A,SalvatorE Paul Defranco,56,State Senate,Second Essex and Middlesex
Haverhill,5,3A,All Others,0,State Senate,Second Essex and Middlesex
Haverhill,5,3A,Blanks,2,State Senate,Second Essex and Middlesex
Haverhill,5,3A,Total Votes Cast,98,State Senate,Second Essex and Middlesex
Haverhill,6,1,Barry R. Finegold,511,State Senate,Second Essex and Middlesex
Haverhill,6,1,SalvatorE Paul Defranco,505,State Senate,Second Essex and Middlesex
Haverhill,6,1,All Others,0,State Senate,Second Essex and Middlesex
Haverhill,6,1,Blanks,23,State Senate,Second Essex and Middlesex
Haverhill,6,1,Total Votes Cast,1039,State Senate,Second Essex and Middlesex
Haverhill,6,2,Barry R. Finegold,418,State Senate,Second Essex and Middlesex
Haverhill,6,2,SalvatorE Paul Defranco,358,State Senate,Second Essex and Middlesex
Haverhill,6,2,All Others,1,State Senate,Second Essex and Middlesex
Haverhill,6,2,Blanks,24,State Senate,Second Essex and Middlesex
Haverhill,6,2,Total Votes Cast,801,State Senate,Second Essex and Middlesex
Haverhill,6,2A,Pavel M. Payano,206,State Senate,First Essex
Haverhill,6,2A,All Others,10,State Senate,First Essex
Haverhill,6,2A,Blanks,81,State Senate,First Essex
Haverhill,6,2A,Total Votes Cast,297,State Senate,First Essex
Haverhill,6,3,Barry R. Finegold,711,State Senate,Second Essex and Middlesex
Haverhill,6,3,SalvatorE Paul Defranco,526,State Senate,Second Essex and Middlesex
Haverhill,6,3,All Others,0,State Senate,Second Essex and Middlesex
Haverhill,6,3,Blanks,28,State Senate,Second Essex and Middlesex
Haverhill,6,3,Total Votes Cast,1265,State Senate,Second Essex and Middlesex
Haverhill,7,1,Barry R. Finegold,573,State Senate,Second Essex and Middlesex
Haverhill,7,1,SalvatorE Paul Defranco,475,State Senate,Second Essex and Middlesex
Haverhill,7,1,All Others,2,State Senate,Second Essex and Middlesex
Haverhill,7,1,Blanks,22,State Senate,Second Essex and Middlesex
Haverhill,7,1,Total Votes Cast,1072,State Senate,Second Essex and Middlesex
Haverhill,7,2,Barry R. Finegold,398,State Senate,Second Essex and Middlesex
Haverhill,7,2,SalvatorE Paul Defranco,366,State Senate,Second Essex and Middlesex
Haverhill,7,2,All Others,1,State Senate,Second Essex and Middlesex
Haverhill,7,2,Blanks,17,State Senate,Second Essex and Middlesex
Haverhill,7,2,Total Votes Cast,782,State Senate,Second Essex and Middlesex
Haverhill,7,2A,Pavel M. Payano,154,State Senate,First Essex
Haverhill,7,2A,All Others,6,State Senate,First Essex
Haverhill,7,2A,Blanks,51,State Senate,First Essex
Haverhill,7,2A,Total Votes Cast,211,State Senate,First Essex
Haverhill,7,3,Barry R. Finegold,718,State Senate,Second Essex and Middlesex
Haverhill,7,3,SalvatorE Paul Defranco,719,State Senate,Second Essex and Middlesex
Haverhill,7,3,All Others,1,State Senate,Second Essex and Middlesex
Haverhill,7,3,Blanks,26,State Senate,Second Essex and Middlesex
Haverhill,7,3,Total Votes Cast,1464,State Senate,Second Essex and Middlesex
Haverhill,7,3A,Barry R. Finegold,15,State Senate,Second Essex and Middlesex
Haverhill,7,3A,SalvatorE Paul Defranco,12,State Senate,Second Essex and Middlesex
Haverhill,7,3A,All Others,0,State Senate,Second Essex and Middlesex
Haverhill,7,3A,Blanks,0,State Senate,Second Essex and Middlesex
Haverhill,7,3A,Total Votes Cast,27,State Senate,Second Essex and Middlesex
Hawley,,,Paul W. Mark,115,State Senate,"Berkshire, Hampden, Franklin & Hampshire"
Hawley,,,Brendan M. Phair,31,State Senate,"Berkshire, Hampden, Franklin & Hampshire"
Hawley,,,All Others,0,State Senate,"Berkshire, Hampden, Franklin & Hampshire"
Hawley,,,Blanks,12,State Senate,"Berkshire, Hampden, Franklin & Hampshire"
Hawley,,,Total Votes Cast,158,State Senate,"Berkshire, Hampden, Franklin & Hampshire"
Heath,,,Paul W. Mark,267,State Senate,"Berkshire, Hampden, Franklin & Hampshire"
Heath,,,Brendan M. Phair,66,State Senate,"Berkshire, Hampden, Franklin & Hampshire"
Heath,,,All Others,0,State Senate,"Berkshire, Hampden, Franklin & Hampshire"
Heath,,,Blanks,30,State Senate,"Berkshire, Hampden, Franklin & Hampshire"
Heath,,,Total Votes Cast,363,State Senate,"Berkshire, Hampden, Franklin & Hampshire"
Hingham,-,1,Patrick Michael O'Connor,947,State Senate,First Plymouth & Norfolk
Hingham,-,1,"Robert William Stephens, Jr",731,State Senate,First Plymouth & Norfolk
Hingham,-,1,All Others,3,State Senate,First Plymouth & Norfolk
Hingham,-,1,Blanks,71,State Senate,First Plymouth & Norfolk
Hingham,-,1,Total Votes Cast,1752,State Senate,First Plymouth & Norfolk
Hingham,-,2,Patrick Michael O'Connor,982,State Senate,First Plymouth & Norfolk
Hingham,-,2,"Robert William Stephens, Jr",707,State Senate,First Plymouth & Norfolk
Hingham,-,2,All Others,2,State Senate,First Plymouth & Norfolk
Hingham,-,2,Blanks,82,State Senate,First Plymouth & Norfolk
Hingham,-,2,Total Votes Cast,1773,State Senate,First Plymouth & Norfolk
Hingham,-,3,Patrick Michael O'Connor,974,State Senate,First Plymouth & Norfolk
Hingham,-,3,"Robert William Stephens, Jr",647,State Senate,First Plymouth & Norfolk
Hingham,-,3,All Others,1,State Senate,First Plymouth & Norfolk
Hingham,-,3,Blanks,66,State Senate,First Plymouth & Norfolk
Hingham,-,3,Total Votes Cast,1688,State Senate,First Plymouth & Norfolk
Hingham,-,4,Patrick Michael O'Connor,1079,State Senate,First Plymouth & Norfolk
Hingham,-,4,"Robert William Stephens, Jr",650,State Senate,First Plymouth & Norfolk
Hingham,-,4,All Others,1,State Senate,First Plymouth & Norfolk
Hingham,-,4,Blanks,91,State Senate,First Plymouth & Norfolk
Hingham,-,4,Total Votes Cast,1821,State Senate,First Plymouth & Norfolk
Hingham,-,5,Patrick Michael O'Connor,1133,State Senate,First Plymouth & Norfolk
Hingham,-,5,"Robert William Stephens, Jr",568,State Senate,First Plymouth & Norfolk
Hingham,-,5,All Others,0,State Senate,First Plymouth & Norfolk
Hingham,-,5,Blanks,82,State Senate,First Plymouth & Norfolk
Hingham,-,5,Total Votes Cast,1783,State Senate,First Plymouth & Norfolk
Hingham,-,6,Patrick Michael O'Connor,953,State Senate,First Plymouth & Norfolk
Hingham,-,6,"Robert William Stephens, Jr",617,State Senate,First Plymouth & Norfolk
Hingham,-,6,All Others,0,State Senate,First Plymouth & Norfolk
Hingham,-,6,Blanks,76,State Senate,First Plymouth & Norfolk
Hingham,-,6,Total Votes Cast,1646,State Senate,First Plymouth & Norfolk
Hingham,-,7,Patrick Michael O'Connor,614,State Senate,First Plymouth & Norfolk
Hingham,-,7,"Robert William Stephens, Jr",384,State Senate,First Plymouth & Norfolk
Hingham,-,7,All Others,0,State Senate,First Plymouth & Norfolk
Hingham,-,7,Blanks,49,State Senate,First Plymouth & Norfolk
Hingham,-,7,Total Votes Cast,1047,State Senate,First Plymouth & Norfolk
Hingham,-,7A,Patrick Michael O'Connor,457,State Senate,First Plymouth & Norfolk
Hingham,-,7A,"Robert William Stephens, Jr",540,State Senate,First Plymouth & Norfolk
Hingham,-,7A,All Others,0,State Senate,First Plymouth & Norfolk
Hingham,-,7A,Blanks,46,State Senate,First Plymouth & Norfolk
Hingham,-,7A,Total Votes Cast,1043,State Senate,First Plymouth & Norfolk
Hinsdale,,,Paul W. Mark,582,State Senate,"Berkshire, Hampden, Franklin & Hampshire"
Hinsdale,,,Brendan M. Phair,218,State Senate,"Berkshire, Hampden, Franklin & Hampshire"
Hinsdale,,,All Others,0,State Senate,"Berkshire, Hampden, Franklin & Hampshire"
Hinsdale,,,Blanks,58,State Senate,"Berkshire, Hampden, Franklin & Hampshire"
Hinsdale,,,Total Votes Cast,858,State Senate,"Berkshire, Hampden, Franklin & Hampshire"
Holbrook,-,1,John F. Keenan,616,State Senate,Norfolk and Plymouth
Holbrook,-,1,Gary M. Innes,293,State Senate,Norfolk and Plymouth
Holbrook,-,1,All Others,2,State Senate,Norfolk and Plymouth
Holbrook,-,1,Blanks,33,State Senate,Norfolk and Plymouth
Holbrook,-,1,Total Votes Cast,944,State Senate,Norfolk and Plymouth
Holbrook,-,2,John F. Keenan,604,State Senate,Norfolk and Plymouth
Holbrook,-,2,Gary M. Innes,440,State Senate,Norfolk and Plymouth
Holbrook,-,2,All Others,1,State Senate,Norfolk and Plymouth
Holbrook,-,2,Blanks,43,State Senate,Norfolk and Plymouth
Holbrook,-,2,Total Votes Cast,1088,State Senate,Norfolk and Plymouth
Holbrook,-,3,John F. Keenan,579,State Senate,Norfolk and Plymouth
Holbrook,-,3,Gary M. Innes,354,State Senate,Norfolk and Plymouth
Holbrook,-,3,All Others,0,State Senate,Norfolk and Plymouth
Holbrook,-,3,Blanks,36,State Senate,Norfolk and Plymouth
Holbrook,-,3,Total Votes Cast,969,State Senate,Norfolk and Plymouth
Holbrook,-,4,John F. Keenan,532,State Senate,Norfolk and Plymouth
Holbrook,-,4,Gary M. Innes,344,State Senate,Norfolk and Plymouth
Holbrook,-,4,All Others,1,State Senate,Norfolk and Plymouth
Holbrook,-,4,Blanks,28,State Senate,Norfolk and Plymouth
Holbrook,-,4,Total Votes Cast,905,State Senate,Norfolk and Plymouth
Holden,-,1,Anne M. Gobi,790,State Senate,Worcester & Hampshire
Holden,-,1,James Anthony Amorello,735,State Senate,Worcester & Hampshire
Holden,-,1,All Others,0,State Senate,Worcester & Hampshire
Holden,-,1,Blanks,46,State Senate,Worcester & Hampshire
Holden,-,1,Total Votes Cast,1571,State Senate,Worcester & Hampshire
Holden,-,2,Anne M. Gobi,784,State Senate,Worcester & Hampshire
Holden,-,2,James Anthony Amorello,664,State Senate,Worcester & Hampshire
Holden,-,2,All Others,0,State Senate,Worcester & Hampshire
Holden,-,2,Blanks,56,State Senate,Worcester & Hampshire
Holden,-,2,Total Votes Cast,1504,State Senate,Worcester & Hampshire
Holden,-,3,Anne M. Gobi,853,State Senate,Worcester & Hampshire
Holden,-,3,James Anthony Amorello,694,State Senate,Worcester & Hampshire
Holden,-,3,All Others,0,State Senate,Worcester & Hampshire
Holden,-,3,Blanks,43,State Senate,Worcester & Hampshire
Holden,-,3,Total Votes Cast,1590,State Senate,Worcester & Hampshire
Holden,-,4,Anne M. Gobi,842,State Senate,Worcester & Hampshire
Holden,-,4,James Anthony Amorello,689,State Senate,Worcester & Hampshire
Holden,-,4,All Others,0,State Senate,Worcester & Hampshire
Holden,-,4,Blanks,36,State Senate,Worcester & Hampshire
Holden,-,4,Total Votes Cast,1567,State Senate,Worcester & Hampshire
Holden,-,5,Anne M. Gobi,863,State Senate,Worcester & Hampshire
Holden,-,5,James Anthony Amorello,681,State Senate,Worcester & Hampshire
Holden,-,5,All Others,1,State Senate,Worcester & Hampshire
Holden,-,5,Blanks,48,State Senate,Worcester & Hampshire
Holden,-,5,Total Votes Cast,1593,State Senate,Worcester & Hampshire
Holden,-,6,Anne M. Gobi,846,State Senate,Worcester & Hampshire
Holden,-,6,James Anthony Amorello,692,State Senate,Worcester & Hampshire
Holden,-,6,All Others,0,State Senate,Worcester & Hampshire
Holden,-,6,Blanks,51,State Senate,Worcester & Hampshire
Holden,-,6,Total Votes Cast,1589,State Senate,Worcester & Hampshire
Holland,,,Ryan C. Fattman,809,State Senate,Worcester & Hampden
Holland,,,All Others,15,State Senate,Worcester & Hampden
Holland,,,Blanks,244,State Senate,Worcester & Hampden
Holland,,,Total Votes Cast,1068,State Senate,Worcester & Hampden
Holliston,-,1,Karen E. Spilka,1496,State Senate,Middlesex and Norfolk
Holliston,-,1,All Others,41,State Senate,Middlesex and Norfolk
Holliston,-,1,Blanks,415,State Senate,Middlesex and Norfolk
Holliston,-,1,Total Votes Cast,1952,State Senate,Middlesex and Norfolk
Holliston,-,2,Karen E. Spilka,1385,State Senate,Middlesex and Norfolk
Holliston,-,2,All Others,29,State Senate,Middlesex and Norfolk
Holliston,-,2,Blanks,362,State Senate,Middlesex and Norfolk
Holliston,-,2,Total Votes Cast,1776,State Senate,Middlesex and Norfolk
Holliston,-,3,Karen E. Spilka,1244,State Senate,Middlesex and Norfolk
Holliston,-,3,All Others,25,State Senate,Middlesex and Norfolk
Holliston,-,3,Blanks,324,State Senate,Middlesex and Norfolk
Holliston,-,3,Total Votes Cast,1593,State Senate,Middlesex and Norfolk
Holliston,-,4,Karen E. Spilka,1480,State Senate,Middlesex and Norfolk
Holliston,-,4,All Others,51,State Senate,Middlesex and Norfolk
Holliston,-,4,Blanks,358,State Senate,Middlesex and Norfolk
Holliston,-,4,Total Votes Cast,1889,State Senate,Middlesex and Norfolk
Holyoke,1,A,John C. Velis,171,State Senate,Hampden and Hampshire
Holyoke,1,A,Cecilia P. Calabrese,60,State Senate,Hampden and Hampshire
Holyoke,1,A,All Others,2,State Senate,Hampden and Hampshire
Holyoke,1,A,Blanks,14,State Senate,Hampden and Hampshire
Holyoke,1,A,Total Votes Cast,247,State Senate,Hampden and Hampshire
Holyoke,1,B,John C. Velis,274,State Senate,Hampden and Hampshire
Holyoke,1,B,Cecilia P. Calabrese,66,State Senate,Hampden and Hampshire
Holyoke,1,B,All Others,3,State Senate,Hampden and Hampshire
Holyoke,1,B,Blanks,26,State Senate,Hampden and Hampshire
Holyoke,1,B,Total Votes Cast,369,State Senate,Hampden and Hampshire
Holyoke,2,A,John C. Velis,290,State Senate,Hampden and Hampshire
Holyoke,2,A,Cecilia P. Calabrese,109,State Senate,Hampden and Hampshire
Holyoke,2,A,All Others,1,State Senate,Hampden and Hampshire
Holyoke,2,A,Blanks,14,State Senate,Hampden and Hampshire
Holyoke,2,A,Total Votes Cast,414,State Senate,Hampden and Hampshire
Holyoke,2,B,John C. Velis,103,State Senate,Hampden and Hampshire
Holyoke,2,B,Cecilia P. Calabrese,43,State Senate,Hampden and Hampshire
Holyoke,2,B,All Others,1,State Senate,Hampden and Hampshire
Holyoke,2,B,Blanks,23,State Senate,Hampden and Hampshire
Holyoke,2,B,Total Votes Cast,170,State Senate,Hampden and Hampshire
Holyoke,3,A,John C. Velis,505,State Senate,Hampden and Hampshire
Holyoke,3,A,Cecilia P. Calabrese,139,State Senate,Hampden and Hampshire
Holyoke,3,A,All Others,1,State Senate,Hampden and Hampshire
Holyoke,3,A,Blanks,33,State Senate,Hampden and Hampshire
Holyoke,3,A,Total Votes Cast,678,State Senate,Hampden and Hampshire
Holyoke,3,B,John C. Velis,732,State Senate,Hampden and Hampshire
Holyoke,3,B,Cecilia P. Calabrese,249,State Senate,Hampden and Hampshire
Holyoke,3,B,All Others,2,State Senate,Hampden and Hampshire
Holyoke,3,B,Blanks,30,State Senate,Hampden and Hampshire
Holyoke,3,B,Total Votes Cast,1013,State Senate,Hampden and Hampshire
Holyoke,4,A,John C. Velis,209,State Senate,Hampden and Hampshire
Holyoke,4,A,Cecilia P. Calabrese,67,State Senate,Hampden and Hampshire
Holyoke,4,A,All Others,3,State Senate,Hampden and Hampshire
Holyoke,4,A,Blanks,15,State Senate,Hampden and Hampshire
Holyoke,4,A,Total Votes Cast,294,State Senate,Hampden and Hampshire
Holyoke,4,B,John C. Velis,398,State Senate,Hampden and Hampshire
Holyoke,4,B,Cecilia P. Calabrese,119,State Senate,Hampden and Hampshire
Holyoke,4,B,All Others,0,State Senate,Hampden and Hampshire
Holyoke,4,B,Blanks,38,State Senate,Hampden and Hampshire
Holyoke,4,B,Total Votes Cast,555,State Senate,Hampden and Hampshire
Holyoke,5,A,John C. Velis,910,State Senate,Hampden and Hampshire
Holyoke,5,A,Cecilia P. Calabrese,461,State Senate,Hampden and Hampshire
Holyoke,5,A,All Others,1,State Senate,Hampden and Hampshire
Holyoke,5,A,Blanks,46,State Senate,Hampden and Hampshire
Holyoke,5,A,Total Votes Cast,1418,State Senate,Hampden and Hampshire
Holyoke,5,B,John C. Velis,472,State Senate,Hampden and Hampshire
Holyoke,5,B,Cecilia P. Calabrese,252,State Senate,Hampden and Hampshire
Holyoke,5,B,All Others,2,State Senate,Hampden and Hampshire
Holyoke,5,B,Blanks,37,State Senate,Hampden and Hampshire
Holyoke,5,B,Total Votes Cast,763,State Senate,Hampden and Hampshire
Holyoke,6,A,John C. Velis,504,State Senate,Hampden and Hampshire
Holyoke,6,A,Cecilia P. Calabrese,118,State Senate,Hampden and Hampshire
Holyoke,6,A,All Others,1,State Senate,Hampden and Hampshire
Holyoke,6,A,Blanks,22,State Senate,Hampden and Hampshire
Holyoke,6,A,Total Votes Cast,645,State Senate,Hampden and Hampshire
Holyoke,6,B,John C. Velis,575,State Senate,Hampden and Hampshire
Holyoke,6,B,Cecilia P. Calabrese,171,State Senate,Hampden and Hampshire
Holyoke,6,B,All Others,1,State Senate,Hampden and Hampshire
Holyoke,6,B,Blanks,29,State Senate,Hampden and Hampshire
Holyoke,6,B,Total Votes Cast,776,State Senate,Hampden and Hampshire
Holyoke,7,A,John C. Velis,1029,State Senate,Hampden and Hampshire
Holyoke,7,A,Cecilia P. Calabrese,280,State Senate,Hampden and Hampshire
Holyoke,7,A,All Others,1,State Senate,Hampden and Hampshire
Holyoke,7,A,Blanks,51,State Senate,Hampden and Hampshire
Holyoke,7,A,Total Votes Cast,1361,State Senate,Hampden and Hampshire
Holyoke,7,B,John C. Velis,843,State Senate,Hampden and Hampshire
Holyoke,7,B,Cecilia P. Calabrese,188,State Senate,Hampden and Hampshire
Holyoke,7,B,All Others,2,State Senate,Hampden and Hampshire
Holyoke,7,B,Blanks,35,State Senate,Hampden and Hampshire
Holyoke,7,B,Total Votes Cast,1068,State Senate,Hampden and Hampshire
Hopedale,,,Ryan C. Fattman,1768,State Senate,Worcester & Hampden
Hopedale,,,All Others,27,State Senate,Worcester & Hampden
Hopedale,,,Blanks,721,State Senate,Worcester & Hampden
Hopedale,,,Total Votes Cast,2516,State Senate,Worcester & Hampden
Hopkinton,-,1,Karen E. Spilka,1015,State Senate,Middlesex and Norfolk
Hopkinton,-,1,All Others,12,State Senate,Middlesex and Norfolk
Hopkinton,-,1,Blanks,226,State Senate,Middlesex and Norfolk
Hopkinton,-,1,Total Votes Cast,1253,State Senate,Middlesex and Norfolk
Hopkinton,-,2,Karen E. Spilka,1240,State Senate,Middlesex and Norfolk
Hopkinton,-,2,All Others,16,State Senate,Middlesex and Norfolk
Hopkinton,-,2,Blanks,354,State Senate,Middlesex and Norfolk
Hopkinton,-,2,Total Votes Cast,1610,State Senate,Middlesex and Norfolk
Hopkinton,-,3,Karen E. Spilka,1172,State Senate,Middlesex and Norfolk
Hopkinton,-,3,All Others,17,State Senate,Middlesex and Norfolk
Hopkinton,-,3,Blanks,391,State Senate,Middlesex and Norfolk
Hopkinton,-,3,Total Votes Cast,1580,State Senate,Middlesex and Norfolk
Hopkinton,-,4,Karen E. Spilka,1346,State Senate,Middlesex and Norfolk
Hopkinton,-,4,All Others,15,State Senate,Middlesex and Norfolk
Hopkinton,-,4,Blanks,373,State Senate,Middlesex and Norfolk
Hopkinton,-,4,Total Votes Cast,1734,State Senate,Middlesex and Norfolk
Hopkinton,-,5,Karen E. Spilka,1332,State Senate,Middlesex and Norfolk
Hopkinton,-,5,All Others,22,State Senate,Middlesex and Norfolk
Hopkinton,-,5,Blanks,382,State Senate,Middlesex and Norfolk
Hopkinton,-,5,Total Votes Cast,1736,State Senate,Middlesex and Norfolk
Hubbardston,,,Anne M. Gobi,1048,State Senate,Worcester & Hampshire
Hubbardston,,,James Anthony Amorello,1124,State Senate,Worcester & Hampshire
Hubbardston,,,All Others,0,State Senate,Worcester & Hampshire
Hubbardston,,,Blanks,38,State Senate,Worcester & Hampshire
Hubbardston,,,Total Votes Cast,2210,State Senate,Worcester & Hampshire
Hudson,-,1,James B. Eldridge,851,State Senate,Middlesex and Worcester
Hudson,-,1,Anthony Christakis,434,State Senate,Middlesex and Worcester
Hudson,-,1,All Others,1,State Senate,Middlesex and Worcester
Hudson,-,1,Blanks,47,State Senate,Middlesex and Worcester
Hudson,-,1,Total Votes Cast,1333,State Senate,Middlesex and Worcester
Hudson,-,2,James B. Eldridge,718,State Senate,Middlesex and Worcester
Hudson,-,2,Anthony Christakis,384,State Senate,Middlesex and Worcester
Hudson,-,2,All Others,0,State Senate,Middlesex and Worcester
Hudson,-,2,Blanks,23,State Senate,Middlesex and Worcester
Hudson,-,2,Total Votes Cast,1125,State Senate,Middlesex and Worcester
Hudson,-,3,James B. Eldridge,861,State Senate,Middlesex and Worcester
Hudson,-,3,Anthony Christakis,518,State Senate,Middlesex and Worcester
Hudson,-,3,All Others,1,State Senate,Middlesex and Worcester
Hudson,-,3,Blanks,63,State Senate,Middlesex and Worcester
Hudson,-,3,Total Votes Cast,1443,State Senate,Middlesex and Worcester
Hudson,-,4,James B. Eldridge,1042,State Senate,Middlesex and Worcester
Hudson,-,4,Anthony Christakis,596,State Senate,Middlesex and Worcester
Hudson,-,4,All Others,1,State Senate,Middlesex and Worcester
Hudson,-,4,Blanks,56,State Senate,Middlesex and Worcester
Hudson,-,4,Total Votes Cast,1695,State Senate,Middlesex and Worcester
Hudson,-,5,James B. Eldridge,1106,State Senate,Middlesex and Worcester
Hudson,-,5,Anthony Christakis,515,State Senate,Middlesex and Worcester
Hudson,-,5,All Others,0,State Senate,Middlesex and Worcester
Hudson,-,5,Blanks,55,State Senate,Middlesex and Worcester
Hudson,-,5,Total Votes Cast,1676,State Senate,Middlesex and Worcester
Hudson,-,6,James B. Eldridge,668,State Senate,Middlesex and Worcester
Hudson,-,6,Anthony Christakis,379,State Senate,Middlesex and Worcester
Hudson,-,6,All Others,2,State Senate,Middlesex and Worcester
Hudson,-,6,Blanks,32,State Senate,Middlesex and Worcester
Hudson,-,6,Total Votes Cast,1081,State Senate,Middlesex and Worcester
Hull,-,1,Patrick Michael O'Connor,956,State Senate,First Plymouth & Norfolk
Hull,-,1,"Robert William Stephens, Jr",794,State Senate,First Plymouth & Norfolk
Hull,-,1,All Others,2,State Senate,First Plymouth & Norfolk
Hull,-,1,Blanks,70,State Senate,First Plymouth & Norfolk
Hull,-,1,Total Votes Cast,1822,State Senate,First Plymouth & Norfolk
Hull,-,2,Patrick Michael O'Connor,910,State Senate,First Plymouth & Norfolk
Hull,-,2,"Robert William Stephens, Jr",621,State Senate,First Plymouth & Norfolk
Hull,-,2,All Others,1,State Senate,First Plymouth & Norfolk
Hull,-,2,Blanks,58,State Senate,First Plymouth & Norfolk
Hull,-,2,Total Votes Cast,1590,State Senate,First Plymouth & Norfolk
Hull,-,3,Patrick Michael O'Connor,1067,State Senate,First Plymouth & Norfolk
Hull,-,3,"Robert William Stephens, Jr",820,State Senate,First Plymouth & Norfolk
Hull,-,3,All Others,0,State Senate,First Plymouth & Norfolk
Hull,-,3,Blanks,63,State Senate,First Plymouth & Norfolk
Hull,-,3,Total Votes Cast,1950,State Senate,First Plymouth & Norfolk
Huntington,,,Paul W. Mark,503,State Senate,"Berkshire, Hampden, Franklin & Hampshire"
Huntington,,,Brendan M. Phair,276,State Senate,"Berkshire, Hampden, Franklin & Hampshire"
Huntington,,,All Others,2,State Senate,"Berkshire, Hampden, Franklin & Hampshire"
Huntington,,,Blanks,115,State Senate,"Berkshire, Hampden, Franklin & Hampshire"
Huntington,,,Total Votes Cast,896,State Senate,"Berkshire, Hampden, Franklin & Hampshire"
Ipswich,-,1,Bruce E. Tarr,1076,State Senate,First Essex and Middlesex
Ipswich,-,1,Terence William Cudney,526,State Senate,First Essex and Middlesex
Ipswich,-,1,All Others,4,State Senate,First Essex and Middlesex
Ipswich,-,1,Blanks,164,State Senate,First Essex and Middlesex
Ipswich,-,1,Total Votes Cast,1770,State Senate,First Essex and Middlesex
Ipswich,-,2,Bruce E. Tarr,1294,State Senate,First Essex and Middlesex
Ipswich,-,2,Terence William Cudney,464,State Senate,First Essex and Middlesex
Ipswich,-,2,All Others,3,State Senate,First Essex and Middlesex
Ipswich,-,2,Blanks,157,State Senate,First Essex and Middlesex
Ipswich,-,2,Total Votes Cast,1918,State Senate,First Essex and Middlesex
Ipswich,-,3,Bruce E. Tarr,1325,State Senate,First Essex and Middlesex
Ipswich,-,3,Terence William Cudney,448,State Senate,First Essex and Middlesex
Ipswich,-,3,All Others,3,State Senate,First Essex and Middlesex
Ipswich,-,3,Blanks,110,State Senate,First Essex and Middlesex
Ipswich,-,3,Total Votes Cast,1886,State Senate,First Essex and Middlesex
Ipswich,-,4,Bruce E. Tarr,1263,State Senate,First Essex and Middlesex
Ipswich,-,4,Terence William Cudney,494,State Senate,First Essex and Middlesex
Ipswich,-,4,All Others,1,State Senate,First Essex and Middlesex
Ipswich,-,4,Blanks,125,State Senate,First Essex and Middlesex
Ipswich,-,4,Total Votes Cast,1883,State Senate,First Essex and Middlesex
Kingston,-,1,Susan Lynn Moran,782,State Senate,Plymouth and Barnstable
Kingston,-,1,Kari Macrae,634,State Senate,Plymouth and Barnstable
Kingston,-,1,All Others,0,State Senate,Plymouth and Barnstable
Kingston,-,1,Blanks,66,State Senate,Plymouth and Barnstable
Kingston,-,1,Total Votes Cast,1482,State Senate,Plymouth and Barnstable
Kingston,-,2,Susan Lynn Moran,815,State Senate,Plymouth and Barnstable
Kingston,-,2,Kari Macrae,830,State Senate,Plymouth and Barnstable
Kingston,-,2,All Others,0,State Senate,Plymouth and Barnstable
Kingston,-,2,Blanks,73,State Senate,Plymouth and Barnstable
Kingston,-,2,Total Votes Cast,1718,State Senate,Plymouth and Barnstable
Kingston,-,3,Susan Lynn Moran,797,State Senate,Plymouth and Barnstable
Kingston,-,3,Kari Macrae,798,State Senate,Plymouth and Barnstable
Kingston,-,3,All Others,1,State Senate,Plymouth and Barnstable
Kingston,-,3,Blanks,42,State Senate,Plymouth and Barnstable
Kingston,-,3,Total Votes Cast,1638,State Senate,Plymouth and Barnstable
Kingston,-,4,Susan Lynn Moran,769,State Senate,Plymouth and Barnstable
Kingston,-,4,Kari Macrae,660,State Senate,Plymouth and Barnstable
Kingston,-,4,All Others,1,State Senate,Plymouth and Barnstable
Kingston,-,4,Blanks,46,State Senate,Plymouth and Barnstable
Kingston,-,4,Total Votes Cast,1476,State Senate,Plymouth and Barnstable
Lakeville,-,1,Michael J. Rodrigues,735,State Senate,First Bristol and Plymouth
Lakeville,-,1,Russell T. Protentis,1005,State Senate,First Bristol and Plymouth
Lakeville,-,1,All Others,2,State Senate,First Bristol and Plymouth
Lakeville,-,1,Blanks,77,State Senate,First Bristol and Plymouth
Lakeville,-,1,Total Votes Cast,1819,State Senate,First Bristol and Plymouth
Lakeville,-,2,Michael J. Rodrigues,815,State Senate,First Bristol and Plymouth
Lakeville,-,2,Russell T. Protentis,1044,State Senate,First Bristol and Plymouth
Lakeville,-,2,All Others,2,State Senate,First Bristol and Plymouth
Lakeville,-,2,Blanks,86,State Senate,First Bristol and Plymouth
Lakeville,-,2,Total Votes Cast,1947,State Senate,First Bristol and Plymouth
Lakeville,-,3,Michael J. Rodrigues,758,State Senate,First Bristol and Plymouth
Lakeville,-,3,Russell T. Protentis,961,State Senate,First Bristol and Plymouth
Lakeville,-,3,All Others,2,State Senate,First Bristol and Plymouth
Lakeville,-,3,Blanks,63,State Senate,First Bristol and Plymouth
Lakeville,-,3,Total Votes Cast,1784,State Senate,First Bristol and Plymouth
Lancaster,-,1,John J. Cronin,712,State Senate,Worcester and Middlesex
Lancaster,-,1,Kenneth B. Hoyt,585,State Senate,Worcester and Middlesex
Lancaster,-,1,All Others,0,State Senate,Worcester and Middlesex
Lancaster,-,1,Blanks,51,State Senate,Worcester and Middlesex
Lancaster,-,1,Total Votes Cast,1348,State Senate,Worcester and Middlesex
Lancaster,-,2,John J. Cronin,1021,State Senate,Worcester and Middlesex
Lancaster,-,2,Kenneth B. Hoyt,693,State Senate,Worcester and Middlesex
Lancaster,-,2,All Others,0,State Senate,Worcester and Middlesex
Lancaster,-,2,Blanks,71,State Senate,Worcester and Middlesex
Lancaster,-,2,Total Votes Cast,1785,State Senate,Worcester and Middlesex
Lanesborough,,,Paul W. Mark,826,State Senate,"Berkshire, Hampden, Franklin & Hampshire"
Lanesborough,,,Brendan M. Phair,346,State Senate,"Berkshire, Hampden, Franklin & Hampshire"
Lanesborough,,,All Others,2,State Senate,"Berkshire, Hampden, Franklin & Hampshire"
Lanesborough,,,Blanks,111,State Senate,"Berkshire, Hampden, Franklin & Hampshire"
Lanesborough,,,Total Votes Cast,1285,State Senate,"Berkshire, Hampden, Franklin & Hampshire"
Lawrence,A,1,Pavel M. Payano,379,State Senate,First Essex
Lawrence,A,1,All Others,17,State Senate,First Essex
Lawrence,A,1,Blanks,79,State Senate,First Essex
Lawrence,A,1,Total Votes Cast,475,State Senate,First Essex
Lawrence,A,2,Pavel M. Payano,223,State Senate,First Essex
Lawrence,A,2,All Others,6,State Senate,First Essex
Lawrence,A,2,Blanks,37,State Senate,First Essex
Lawrence,A,2,Total Votes Cast,266,State Senate,First Essex
Lawrence,A,2A,Pavel M. Payano,2,State Senate,First Essex
Lawrence,A,2A,All Others,0,State Senate,First Essex
Lawrence,A,2A,Blanks,1,State Senate,First Essex
Lawrence,A,2A,Total Votes Cast,3,State Senate,First Essex
Lawrence,A,3,Pavel M. Payano,270,State Senate,First Essex
Lawrence,A,3,All Others,20,State Senate,First Essex
Lawrence,A,3,Blanks,78,State Senate,First Essex
Lawrence,A,3,Total Votes Cast,368,State Senate,First Essex
Lawrence,A,4,Pavel M. Payano,397,State Senate,First Essex
Lawrence,A,4,All Others,7,State Senate,First Essex
Lawrence,A,4,Blanks,70,State Senate,First Essex
Lawrence,A,4,Total Votes Cast,474,State Senate,First Essex
Lawrence,B,1,Pavel M. Payano,391,State Senate,First Essex
Lawrence,B,1,All Others,4,State Senate,First Essex
Lawrence,B,1,Blanks,60,State Senate,First Essex
Lawrence,B,1,Total Votes Cast,455,State Senate,First Essex
Lawrence,B,2,Pavel M. Payano,253,State Senate,First Essex
Lawrence,B,2,All Others,10,State Senate,First Essex
Lawrence,B,2,Blanks,44,State Senate,First Essex
Lawrence,B,2,Total Votes Cast,307,State Senate,First Essex
Lawrence,B,3,Pavel M. Payano,248,State Senate,First Essex
Lawrence,B,3,All Others,4,State Senate,First Essex
Lawrence,B,3,Blanks,57,State Senate,First Essex
Lawrence,B,3,Total Votes Cast,309,State Senate,First Essex
Lawrence,B,4,Pavel M. Payano,321,State Senate,First Essex
Lawrence,B,4,All Others,7,State Senate,First Essex
Lawrence,B,4,Blanks,62,State Senate,First Essex
Lawrence,B,4,Total Votes Cast,390,State Senate,First Essex
Lawrence,C,1,Pavel M. Payano,280,State Senate,First Essex
Lawrence,C,1,All Others,5,State Senate,First Essex
Lawrence,C,1,Blanks,40,State Senate,First Essex
Lawrence,C,1,Total Votes Cast,325,State Senate,First Essex
Lawrence,C,2,Pavel M. Payano,380,State Senate,First Essex
Lawrence,C,2,All Others,15,State Senate,First Essex
Lawrence,C,2,Blanks,75,State Senate,First Essex
Lawrence,C,2,Total Votes Cast,470,State Senate,First Essex
Lawrence,C,3,Pavel M. Payano,245,State Senate,First Essex
Lawrence,C,3,All Others,6,State Senate,First Essex
Lawrence,C,3,Blanks,44,State Senate,First Essex
Lawrence,C,3,Total Votes Cast,295,State Senate,First Essex
Lawrence,C,4,Pavel M. Payano,252,State Senate,First Essex
Lawrence,C,4,All Others,12,State Senate,First Essex
Lawrence,C,4,Blanks,32,State Senate,First Essex
Lawrence,C,4,Total Votes Cast,296,State Senate,First Essex
Lawrence,D,1,Pavel M. Payano,361,State Senate,First Essex
Lawrence,D,1,All Others,13,State Senate,First Essex
Lawrence,D,1,Blanks,92,State Senate,First Essex
Lawrence,D,1,Total Votes Cast,466,State Senate,First Essex
Lawrence,D,2,Pavel M. Payano,260,State Senate,First Essex
Lawrence,D,2,All Others,9,State Senate,First Essex
Lawrence,D,2,Blanks,46,State Senate,First Essex
Lawrence,D,2,Total Votes Cast,315,State Senate,First Essex
Lawrence,D,3,Pavel M. Payano,196,State Senate,First Essex
Lawrence,D,3,All Others,3,State Senate,First Essex
Lawrence,D,3,Blanks,26,State Senate,First Essex
Lawrence,D,3,Total Votes Cast,225,State Senate,First Essex
Lawrence,D,4,Pavel M. Payano,290,State Senate,First Essex
Lawrence,D,4,All Others,6,State Senate,First Essex
Lawrence,D,4,Blanks,34,State Senate,First Essex
Lawrence,D,4,Total Votes Cast,330,State Senate,First Essex
Lawrence,E,1,Pavel M. Payano,616,State Senate,First Essex
Lawrence,E,1,All Others,23,State Senate,First Essex
Lawrence,E,1,Blanks,226,State Senate,First Essex
Lawrence,E,1,Total Votes Cast,865,State Senate,First Essex
Lawrence,E,1A,Pavel M. Payano,16,State Senate,First Essex
Lawrence,E,1A,All Others,1,State Senate,First Essex
Lawrence,E,1A,Blanks,4,State Senate,First Essex
Lawrence,E,1A,Total Votes Cast,21,State Senate,First Essex
Lawrence,E,2,Pavel M. Payano,585,State Senate,First Essex
Lawrence,E,2,All Others,23,State Senate,First Essex
Lawrence,E,2,Blanks,195,State Senate,First Essex
Lawrence,E,2,Total Votes Cast,803,State Senate,First Essex
Lawrence,E,3,Pavel M. Payano,390,State Senate,First Essex
Lawrence,E,3,All Others,14,State Senate,First Essex
Lawrence,E,3,Blanks,67,State Senate,First Essex
Lawrence,E,3,Total Votes Cast,471,State Senate,First Essex
Lawrence,E,4,Pavel M. Payano,313,State Senate,First Essex
Lawrence,E,4,All Others,14,State Senate,First Essex
Lawrence,E,4,Blanks,48,State Senate,First Essex
Lawrence,E,4,Total Votes Cast,375,State Senate,First Essex
Lawrence,F,1,Pavel M. Payano,595,State Senate,First Essex
Lawrence,F,1,All Others,21,State Senate,First Essex
Lawrence,F,1,Blanks,174,State Senate,First Essex
Lawrence,F,1,Total Votes Cast,790,State Senate,First Essex
Lawrence,F,2,Pavel M. Payano,293,State Senate,First Essex
Lawrence,F,2,All Others,12,State Senate,First Essex
Lawrence,F,2,Blanks,32,State Senate,First Essex
Lawrence,F,2,Total Votes Cast,337,State Senate,First Essex
Lawrence,F,3,Pavel M. Payano,363,State Senate,First Essex
Lawrence,F,3,All Others,15,State Senate,First Essex
Lawrence,F,3,Blanks,56,State Senate,First Essex
Lawrence,F,3,Total Votes Cast,434,State Senate,First Essex
Lawrence,F,4,Pavel M. Payano,378,State Senate,First Essex
Lawrence,F,4,All Others,18,State Senate,First Essex
Lawrence,F,4,Blanks,60,State Senate,First Essex
Lawrence,F,4,Total Votes Cast,456,State Senate,First Essex
Lee,,,Paul W. Mark,1696,State Senate,"Berkshire, Hampden, Franklin & Hampshire"
Lee,,,Brendan M. Phair,501,State Senate,"Berkshire, Hampden, Franklin & Hampshire"
Lee,,,All Others,3,State Senate,"Berkshire, Hampden, Franklin & Hampshire"
Lee,,,Blanks,216,State Senate,"Berkshire, Hampden, Franklin & Hampshire"
Lee,,,Total Votes Cast,2416,State Senate,"Berkshire, Hampden, Franklin & Hampshire"
Leicester,-,1,Anne M. Gobi,559,State Senate,Worcester & Hampshire
Leicester,-,1,James Anthony Amorello,560,State Senate,Worcester & Hampshire
Leicester,-,1,All Others,0,State Senate,Worcester & Hampshire
Leicester,-,1,Blanks,24,State Senate,Worcester & Hampshire
Leicester,-,1,Total Votes Cast,1143,State Senate,Worcester & Hampshire
Leicester,-,2,Anne M. Gobi,576,State Senate,Worcester & Hampshire
Leicester,-,2,James Anthony Amorello,491,State Senate,Worcester & Hampshire
Leicester,-,2,All Others,0,State Senate,Worcester & Hampshire
Leicester,-,2,Blanks,26,State Senate,Worcester & Hampshire
Leicester,-,2,Total Votes Cast,1093,State Senate,Worcester & Hampshire
Leicester,-,3,Anne M. Gobi,540,State Senate,Worcester & Hampshire
Leicester,-,3,James Anthony Amorello,579,State Senate,Worcester & Hampshire
Leicester,-,3,All Others,0,State Senate,Worcester & Hampshire
Leicester,-,3,Blanks,19,State Senate,Worcester & Hampshire
Leicester,-,3,Total Votes Cast,1138,State Senate,Worcester & Hampshire
Leicester,-,4,Anne M. Gobi,558,State Senate,Worcester & Hampshire
Leicester,-,4,James Anthony Amorello,509,State Senate,Worcester & Hampshire
Leicester,-,4,All Others,0,State Senate,Worcester & Hampshire
Leicester,-,4,Blanks,28,State Senate,Worcester & Hampshire
Leicester,-,4,Total Votes Cast,1095,State Senate,Worcester & Hampshire
Lenox,,,Paul W. Mark,2033,State Senate,"Berkshire, Hampden, Franklin & Hampshire"
Lenox,,,Brendan M. Phair,319,State Senate,"Berkshire, Hampden, Franklin & Hampshire"
Lenox,,,All Others,1,State Senate,"Berkshire, Hampden, Franklin & Hampshire"
Lenox,,,Blanks,194,State Senate,"Berkshire, Hampden, Franklin & Hampshire"
Lenox,,,Total Votes Cast,2547,State Senate,"Berkshire, Hampden, Franklin & Hampshire"
Leominster,1,A,John J. Cronin,717,State Senate,Worcester and Middlesex
Leominster,1,A,Kenneth B. Hoyt,512,State Senate,Worcester and Middlesex
Leominster,1,A,All Others,2,State Senate,Worcester and Middlesex
Leominster,1,A,Blanks,46,State Senate,Worcester and Middlesex
Leominster,1,A,Total Votes Cast,1277,State Senate,Worcester and Middlesex
Leominster,1,B,John J. Cronin,726,State Senate,Worcester and Middlesex
Leominster,1,B,Kenneth B. Hoyt,401,State Senate,Worcester and Middlesex
Leominster,1,B,All Others,2,State Senate,Worcester and Middlesex
Leominster,1,B,Blanks,63,State Senate,Worcester and Middlesex
Leominster,1,B,Total Votes Cast,1192,State Senate,Worcester and Middlesex
Leominster,1,C,John J. Cronin,493,State Senate,Worcester and Middlesex
Leominster,1,C,Kenneth B. Hoyt,329,State Senate,Worcester and Middlesex
Leominster,1,C,All Others,0,State Senate,Worcester and Middlesex
Leominster,1,C,Blanks,32,State Senate,Worcester and Middlesex
Leominster,1,C,Total Votes Cast,854,State Senate,Worcester and Middlesex
Leominster,2,A,John J. Cronin,361,State Senate,Worcester and Middlesex
Leominster,2,A,Kenneth B. Hoyt,174,State Senate,Worcester and Middlesex
Leominster,2,A,All Others,0,State Senate,Worcester and Middlesex
Leominster,2,A,Blanks,18,State Senate,Worcester and Middlesex
Leominster,2,A,Total Votes Cast,553,State Senate,Worcester and Middlesex
Leominster,2,B,John J. Cronin,497,State Senate,Worcester and Middlesex
Leominster,2,B,Kenneth B. Hoyt,349,State Senate,Worcester and Middlesex
Leominster,2,B,All Others,0,State Senate,Worcester and Middlesex
Leominster,2,B,Blanks,29,State Senate,Worcester and Middlesex
Leominster,2,B,Total Votes Cast,875,State Senate,Worcester and Middlesex
Leominster,2,C,John J. Cronin,277,State Senate,Worcester and Middlesex
Leominster,2,C,Kenneth B. Hoyt,192,State Senate,Worcester and Middlesex
Leominster,2,C,All Others,0,State Senate,Worcester and Middlesex
Leominster,2,C,Blanks,22,State Senate,Worcester and Middlesex
Leominster,2,C,Total Votes Cast,491,State Senate,Worcester and Middlesex
Leominster,3,A,John J. Cronin,572,State Senate,Worcester and Middlesex
Leominster,3,A,Kenneth B. Hoyt,336,State Senate,Worcester and Middlesex
Leominster,3,A,All Others,0,State Senate,Worcester and Middlesex
Leominster,3,A,Blanks,35,State Senate,Worcester and Middlesex
Leominster,3,A,Total Votes Cast,943,State Senate,Worcester and Middlesex
Leominster,3,B,John J. Cronin,748,State Senate,Worcester and Middlesex
Leominster,3,B,Kenneth B. Hoyt,499,State Senate,Worcester and Middlesex
Leominster,3,B,All Others,0,State Senate,Worcester and Middlesex
Leominster,3,B,Blanks,62,State Senate,Worcester and Middlesex
Leominster,3,B,Total Votes Cast,1309,State Senate,Worcester and Middlesex
Leominster,3,C,John J. Cronin,590,State Senate,Worcester and Middlesex
Leominster,3,C,Kenneth B. Hoyt,436,State Senate,Worcester and Middlesex
Leominster,3,C,All Others,0,State Senate,Worcester and Middlesex
Leominster,3,C,Blanks,39,State Senate,Worcester and Middlesex
Leominster,3,C,Total Votes Cast,1065,State Senate,Worcester and Middlesex
Leominster,4,A,John J. Cronin,696,State Senate,Worcester and Middlesex
Leominster,4,A,Kenneth B. Hoyt,535,State Senate,Worcester and Middlesex
Leominster,4,A,All Others,0,State Senate,Worcester and Middlesex
Leominster,4,A,Blanks,56,State Senate,Worcester and Middlesex
Leominster,4,A,Total Votes Cast,1287,State Senate,Worcester and Middlesex
Leominster,4,B,John J. Cronin,676,State Senate,Worcester and Middlesex
Leominster,4,B,Kenneth B. Hoyt,479,State Senate,Worcester and Middlesex
Leominster,4,B,All Others,0,State Senate,Worcester and Middlesex
Leominster,4,B,Blanks,46,State Senate,Worcester and Middlesex
Leominster,4,B,Total Votes Cast,1201,State Senate,Worcester and Middlesex
Leominster,4,C,John J. Cronin,482,State Senate,Worcester and Middlesex
Leominster,4,C,Kenneth B. Hoyt,289,State Senate,Worcester and Middlesex
Leominster,4,C,All Others,0,State Senate,Worcester and Middlesex
Leominster,4,C,Blanks,42,State Senate,Worcester and Middlesex
Leominster,4,C,Total Votes Cast,813,State Senate,Worcester and Middlesex
Leominster,5,A,John J. Cronin,514,State Senate,Worcester and Middlesex
Leominster,5,A,Kenneth B. Hoyt,288,State Senate,Worcester and Middlesex
Leominster,5,A,All Others,0,State Senate,Worcester and Middlesex
Leominster,5,A,Blanks,31,State Senate,Worcester and Middlesex
Leominster,5,A,Total Votes Cast,833,State Senate,Worcester and Middlesex
Leominster,5,B,John J. Cronin,637,State Senate,Worcester and Middlesex
Leominster,5,B,Kenneth B. Hoyt,392,State Senate,Worcester and Middlesex
Leominster,5,B,All Others,0,State Senate,Worcester and Middlesex
Leominster,5,B,Blanks,31,State Senate,Worcester and Middlesex
Leominster,5,B,Total Votes Cast,1060,State Senate,Worcester and Middlesex
Leominster,5,C,John J. Cronin,418,State Senate,Worcester and Middlesex
Leominster,5,C,Kenneth B. Hoyt,258,State Senate,Worcester and Middlesex
Leominster,5,C,All Others,0,State Senate,Worcester and Middlesex
Leominster,5,C,Blanks,22,State Senate,Worcester and Middlesex
Leominster,5,C,Total Votes Cast,698,State Senate,Worcester and Middlesex
Leverett,,,Jo Comerford,957,State Senate,"Hampshire, Franklin and Worcester"
Leverett,,,All Others,5,State Senate,"Hampshire, Franklin and Worcester"
Leverett,,,Blanks,121,State Senate,"Hampshire, Franklin and Worcester"
Leverett,,,Total Votes Cast,1083,State Senate,"Hampshire, Franklin and Worcester"
Lexington,-,1,Cindy F. Friedman,1187,State Senate,Fourth Middlesex
Lexington,-,1,All Others,18,State Senate,Fourth Middlesex
Lexington,-,1,Blanks,323,State Senate,Fourth Middlesex
Lexington,-,1,Total Votes Cast,1528,State Senate,Fourth Middlesex
Lexington,-,2,Cindy F. Friedman,1412,State Senate,Fourth Middlesex
Lexington,-,2,All Others,13,State Senate,Fourth Middlesex
Lexington,-,2,Blanks,341,State Senate,Fourth Middlesex
Lexington,-,2,Total Votes Cast,1766,State Senate,Fourth Middlesex
Lexington,-,3,Michael J. Barrett,1127,State Senate,Third Middlesex
Lexington,-,3,All Others,8,State Senate,Third Middlesex
Lexington,-,3,Blanks,233,State Senate,Third Middlesex
Lexington,-,3,Total Votes Cast,1368,State Senate,Third Middlesex
Lexington,-,4,Cindy F. Friedman,1382,State Senate,Fourth Middlesex
Lexington,-,4,All Others,14,State Senate,Fourth Middlesex
Lexington,-,4,Blanks,345,State Senate,Fourth Middlesex
Lexington,-,4,Total Votes Cast,1741,State Senate,Fourth Middlesex
Lexington,-,5,Cindy F. Friedman,1213,State Senate,Fourth Middlesex
Lexington,-,5,All Others,25,State Senate,Fourth Middlesex
Lexington,-,5,Blanks,377,State Senate,Fourth Middlesex
Lexington,-,5,Total Votes Cast,1615,State Senate,Fourth Middlesex
Lexington,-,6,Cindy F. Friedman,1316,State Senate,Fourth Middlesex
Lexington,-,6,All Others,17,State Senate,Fourth Middlesex
Lexington,-,6,Blanks,401,State Senate,Fourth Middlesex
Lexington,-,6,Total Votes Cast,1734,State Senate,Fourth Middlesex
Lexington,-,7,Cindy F. Friedman,1316,State Senate,Fourth Middlesex
Lexington,-,7,All Others,19,State Senate,Fourth Middlesex
Lexington,-,7,Blanks,362,State Senate,Fourth Middlesex
Lexington,-,7,Total Votes Cast,1697,State Senate,Fourth Middlesex
Lexington,-,8,Michael J. Barrett,1251,State Senate,Third Middlesex
Lexington,-,8,All Others,24,State Senate,Third Middlesex
Lexington,-,8,Blanks,315,State Senate,Third Middlesex
Lexington,-,8,Total Votes Cast,1590,State Senate,Third Middlesex
Lexington,-,9,Michael J. Barrett,1364,State Senate,Third Middlesex
Lexington,-,9,All Others,21,State Senate,Third Middlesex
Lexington,-,9,Blanks,337,State Senate,Third Middlesex
Lexington,-,9,Total Votes Cast,1722,State Senate,Third Middlesex
Leyden,,,Jo Comerford,316,State Senate,"Hampshire, Franklin and Worcester"
Leyden,,,All Others,0,State Senate,"Hampshire, Franklin and Worcester"
Leyden,,,Blanks,79,State Senate,"Hampshire, Franklin and Worcester"
Leyden,,,Total Votes Cast,395,State Senate,"Hampshire, Franklin and Worcester"
Lincoln,-,1,Michael J. Barrett,1726,State Senate,Third Middlesex
Lincoln,-,1,All Others,8,State Senate,Third Middlesex
Lincoln,-,1,Blanks,374,State Senate,Third Middlesex
Lincoln,-,1,Total Votes Cast,2108,State Senate,Third Middlesex
Lincoln,-,2,Michael J. Barrett,959,State Senate,Third Middlesex
Lincoln,-,2,All Others,13,State Senate,Third Middlesex
Lincoln,-,2,Blanks,275,State Senate,Third Middlesex
Lincoln,-,2,Total Votes Cast,1247,State Senate,Third Middlesex
Littleton,-,1,James B. Eldridge,1099,State Senate,Middlesex and Worcester
Littleton,-,1,Anthony Christakis,511,State Senate,Middlesex and Worcester
Littleton,-,1,All Others,0,State Senate,Middlesex and Worcester
Littleton,-,1,Blanks,45,State Senate,Middlesex and Worcester
Littleton,-,1,Total Votes Cast,1655,State Senate,Middlesex and Worcester
Littleton,-,2,James B. Eldridge,1108,State Senate,Middlesex and Worcester
Littleton,-,2,Anthony Christakis,526,State Senate,Middlesex and Worcester
Littleton,-,2,All Others,0,State Senate,Middlesex and Worcester
Littleton,-,2,Blanks,36,State Senate,Middlesex and Worcester
Littleton,-,2,Total Votes Cast,1670,State Senate,Middlesex and Worcester
Littleton,-,3,James B. Eldridge,1159,State Senate,Middlesex and Worcester
Littleton,-,3,Anthony Christakis,537,State Senate,Middlesex and Worcester
Littleton,-,3,All Others,0,State Senate,Middlesex and Worcester
Littleton,-,3,Blanks,46,State Senate,Middlesex and Worcester
Littleton,-,3,Total Votes Cast,1742,State Senate,Middlesex and Worcester
Longmeadow,-,A,Jacob R. Oliveira,972,State Senate,"Hampden, Hampshire & Worcester"
Longmeadow,-,A,William E. Johnson,517,State Senate,"Hampden, Hampshire & Worcester"
Longmeadow,-,A,All Others,0,State Senate,"Hampden, Hampshire & Worcester"
Longmeadow,-,A,Blanks,37,State Senate,"Hampden, Hampshire & Worcester"
Longmeadow,-,A,Total Votes Cast,1526,State Senate,"Hampden, Hampshire & Worcester"
Longmeadow,-,B,Jacob R. Oliveira,895,State Senate,"Hampden, Hampshire & Worcester"
Longmeadow,-,B,William E. Johnson,463,State Senate,"Hampden, Hampshire & Worcester"
Longmeadow,-,B,All Others,2,State Senate,"Hampden, Hampshire & Worcester"
Longmeadow,-,B,Blanks,42,State Senate,"Hampden, Hampshire & Worcester"
Longmeadow,-,B,Total Votes Cast,1402,State Senate,"Hampden, Hampshire & Worcester"
Longmeadow,-,C,Jacob R. Oliveira,869,State Senate,"Hampden, Hampshire & Worcester"
Longmeadow,-,C,William E. Johnson,618,State Senate,"Hampden, Hampshire & Worcester"
Longmeadow,-,C,All Others,0,State Senate,"Hampden, Hampshire & Worcester"
Longmeadow,-,C,Blanks,45,State Senate,"Hampden, Hampshire & Worcester"
Longmeadow,-,C,Total Votes Cast,1532,State Senate,"Hampden, Hampshire & Worcester"
Longmeadow,-,D,Jacob R. Oliveira,864,State Senate,"Hampden, Hampshire & Worcester"
Longmeadow,-,D,William E. Johnson,569,State Senate,"Hampden, Hampshire & Worcester"
Longmeadow,-,D,All Others,0,State Senate,"Hampden, Hampshire & Worcester"
Longmeadow,-,D,Blanks,42,State Senate,"Hampden, Hampshire & Worcester"
Longmeadow,-,D,Total Votes Cast,1475,State Senate,"Hampden, Hampshire & Worcester"
Longmeadow,-,E,Jacob R. Oliveira,863,State Senate,"Hampden, Hampshire & Worcester"
Longmeadow,-,E,William E. Johnson,500,State Senate,"Hampden, Hampshire & Worcester"
Longmeadow,-,E,All Others,3,State Senate,"Hampden, Hampshire & Worcester"
Longmeadow,-,E,Blanks,33,State Senate,"Hampden, Hampshire & Worcester"
Longmeadow,-,E,Total Votes Cast,1399,State Senate,"Hampden, Hampshire & Worcester"
Lowell,1,1,"Edward J. Kennedy, Jr",456,State Senate,First Middlesex
Lowell,1,1,All Others,20,State Senate,First Middlesex
Lowell,1,1,Blanks,138,State Senate,First Middlesex
Lowell,1,1,Total Votes Cast,614,State Senate,First Middlesex
Lowell,1,1A,"Edward J. Kennedy, Jr",0,State Senate,First Middlesex
Lowell,1,1A,All Others,0,State Senate,First Middlesex
Lowell,1,1A,Blanks,0,State Senate,First Middlesex
Lowell,1,1A,Total Votes Cast,0,State Senate,First Middlesex
Lowell,1,2,"Edward J. Kennedy, Jr",622,State Senate,First Middlesex
Lowell,1,2,All Others,18,State Senate,First Middlesex
Lowell,1,2,Blanks,213,State Senate,First Middlesex
Lowell,1,2,Total Votes Cast,853,State Senate,First Middlesex
Lowell,1,3,"Edward J. Kennedy, Jr",792,State Senate,First Middlesex
Lowell,1,3,All Others,43,State Senate,First Middlesex
Lowell,1,3,Blanks,257,State Senate,First Middlesex
Lowell,1,3,Total Votes Cast,1092,State Senate,First Middlesex
Lowell,1,4,"Edward J. Kennedy, Jr",744,State Senate,First Middlesex
Lowell,1,4,All Others,28,State Senate,First Middlesex
Lowell,1,4,Blanks,216,State Senate,First Middlesex
Lowell,1,4,Total Votes Cast,988,State Senate,First Middlesex
Lowell,2,1,"Edward J. Kennedy, Jr",337,State Senate,First Middlesex
Lowell,2,1,All Others,13,State Senate,First Middlesex
Lowell,2,1,Blanks,125,State Senate,First Middlesex
Lowell,2,1,Total Votes Cast,475,State Senate,First Middlesex
Lowell,2,2,"Edward J. Kennedy, Jr",460,State Senate,First Middlesex
Lowell,2,2,All Others,23,State Senate,First Middlesex
Lowell,2,2,Blanks,118,State Senate,First Middlesex
Lowell,2,2,Total Votes Cast,601,State Senate,First Middlesex
Lowell,2,3,"Edward J. Kennedy, Jr",601,State Senate,First Middlesex
Lowell,2,3,All Others,30,State Senate,First Middlesex
Lowell,2,3,Blanks,183,State Senate,First Middlesex
Lowell,2,3,Total Votes Cast,814,State Senate,First Middlesex
Lowell,2,4,"Edward J. Kennedy, Jr",472,State Senate,First Middlesex
Lowell,2,4,All Others,21,State Senate,First Middlesex
Lowell,2,4,Blanks,176,State Senate,First Middlesex
Lowell,2,4,Total Votes Cast,669,State Senate,First Middlesex
Lowell,3,1,"Edward J. Kennedy, Jr",428,State Senate,First Middlesex
Lowell,3,1,All Others,20,State Senate,First Middlesex
Lowell,3,1,Blanks,116,State Senate,First Middlesex
Lowell,3,1,Total Votes Cast,564,State Senate,First Middlesex
Lowell,3,2,"Edward J. Kennedy, Jr",1246,State Senate,First Middlesex
Lowell,3,2,All Others,50,State Senate,First Middlesex
Lowell,3,2,Blanks,469,State Senate,First Middlesex
Lowell,3,2,Total Votes Cast,1765,State Senate,First Middlesex
Lowell,3,3,"Edward J. Kennedy, Jr",946,State Senate,First Middlesex
Lowell,3,3,All Others,42,State Senate,First Middlesex
Lowell,3,3,Blanks,326,State Senate,First Middlesex
Lowell,3,3,Total Votes Cast,1314,State Senate,First Middlesex
Lowell,3,4,"Edward J. Kennedy, Jr",571,State Senate,First Middlesex
Lowell,3,4,All Others,22,State Senate,First Middlesex
Lowell,3,4,Blanks,189,State Senate,First Middlesex
Lowell,3,4,Total Votes Cast,782,State Senate,First Middlesex
Lowell,4,1,"Edward J. Kennedy, Jr",339,State Senate,First Middlesex
Lowell,4,1,All Others,10,State Senate,First Middlesex
Lowell,4,1,Blanks,69,State Senate,First Middlesex
Lowell,4,1,Total Votes Cast,418,State Senate,First Middlesex
Lowell,4,2,"Edward J. Kennedy, Jr",638,State Senate,First Middlesex
Lowell,4,2,All Others,11,State Senate,First Middlesex
Lowell,4,2,Blanks,111,State Senate,First Middlesex
Lowell,4,2,Total Votes Cast,760,State Senate,First Middlesex
Lowell,4,3,"Edward J. Kennedy, Jr",196,State Senate,First Middlesex
Lowell,4,3,All Others,4,State Senate,First Middlesex
Lowell,4,3,Blanks,47,State Senate,First Middlesex
Lowell,4,3,Total Votes Cast,247,State Senate,First Middlesex
Lowell,4,3A,"Edward J. Kennedy, Jr",120,State Senate,First Middlesex
Lowell,4,3A,All Others,5,State Senate,First Middlesex
Lowell,4,3A,Blanks,19,State Senate,First Middlesex
Lowell,4,3A,Total Votes Cast,144,State Senate,First Middlesex
Lowell,4,4,"Edward J. Kennedy, Jr",348,State Senate,First Middlesex
Lowell,4,4,All Others,23,State Senate,First Middlesex
Lowell,4,4,Blanks,124,State Senate,First Middlesex
Lowell,4,4,Total Votes Cast,495,State Senate,First Middlesex
Lowell,4,4A,"Edward J. Kennedy, Jr",2,State Senate,First Middlesex
Lowell,4,4A,All Others,0,State Senate,First Middlesex
Lowell,4,4A,Blanks,0,State Senate,First Middlesex
Lowell,4,4A,Total Votes Cast,2,State Senate,First Middlesex
Lowell,5,1,"Edward J. Kennedy, Jr",501,State Senate,First Middlesex
Lowell,5,1,All Others,12,State Senate,First Middlesex
Lowell,5,1,Blanks,123,State Senate,First Middlesex
Lowell,5,1,Total Votes Cast,636,State Senate,First Middlesex
Lowell,5,1A,"Edward J. Kennedy, Jr",100,State Senate,First Middlesex
Lowell,5,1A,All Others,3,State Senate,First Middlesex
Lowell,5,1A,Blanks,13,State Senate,First Middlesex
Lowell,5,1A,Total Votes Cast,116,State Senate,First Middlesex
Lowell,5,2,"Edward J. Kennedy, Jr",453,State Senate,First Middlesex
Lowell,5,2,All Others,19,State Senate,First Middlesex
Lowell,5,2,Blanks,118,State Senate,First Middlesex
Lowell,5,2,Total Votes Cast,590,State Senate,First Middlesex
Lowell,5,3,"Edward J. Kennedy, Jr",293,State Senate,First Middlesex
Lowell,5,3,All Others,12,State Senate,First Middlesex
Lowell,5,3,Blanks,54,State Senate,First Middlesex
Lowell,5,3,Total Votes Cast,359,State Senate,First Middlesex
Lowell,5,4,"Edward J. Kennedy, Jr",594,State Senate,First Middlesex
Lowell,5,4,All Others,31,State Senate,First Middlesex
Lowell,5,4,Blanks,152,State Senate,First Middlesex
Lowell,5,4,Total Votes Cast,777,State Senate,First Middlesex
Lowell,6,1,"Edward J. Kennedy, Jr",424,State Senate,First Middlesex
Lowell,6,1,All Others,15,State Senate,First Middlesex
Lowell,6,1,Blanks,113,State Senate,First Middlesex
Lowell,6,1,Total Votes Cast,552,State Senate,First Middlesex
Lowell,6,2,"Edward J. Kennedy, Jr",269,State Senate,First Middlesex
Lowell,6,2,All Others,5,State Senate,First Middlesex
Lowell,6,2,Blanks,70,State Senate,First Middlesex
Lowell,6,2,Total Votes Cast,344,State Senate,First Middlesex
Lowell,6,3,"Edward J. Kennedy, Jr",205,State Senate,First Middlesex
Lowell,6,3,All Others,3,State Senate,First Middlesex
Lowell,6,3,Blanks,44,State Senate,First Middlesex
Lowell,6,3,Total Votes Cast,252,State Senate,First Middlesex
Lowell,6,3A,"Edward J. Kennedy, Jr",46,State Senate,First Middlesex
Lowell,6,3A,All Others,4,State Senate,First Middlesex
Lowell,6,3A,Blanks,18,State Senate,First Middlesex
Lowell,6,3A,Total Votes Cast,68,State Senate,First Middlesex
Lowell,6,4,"Edward J. Kennedy, Jr",292,State Senate,First Middlesex
Lowell,6,4,All Others,14,State Senate,First Middlesex
Lowell,6,4,Blanks,88,State Senate,First Middlesex
Lowell,6,4,Total Votes Cast,394,State Senate,First Middlesex
Lowell,6,4A,"Edward J. Kennedy, Jr",104,State Senate,First Middlesex
Lowell,6,4A,All Others,3,State Senate,First Middlesex
Lowell,6,4A,Blanks,31,State Senate,First Middlesex
Lowell,6,4A,Total Votes Cast,138,State Senate,First Middlesex
Lowell,7,1,"Edward J. Kennedy, Jr",327,State Senate,First Middlesex
Lowell,7,1,All Others,12,State Senate,First Middlesex
Lowell,7,1,Blanks,79,State Senate,First Middlesex
Lowell,7,1,Total Votes Cast,418,State Senate,First Middlesex
Lowell,7,2,"Edward J. Kennedy, Jr",289,State Senate,First Middlesex
Lowell,7,2,All Others,12,State Senate,First Middlesex
Lowell,7,2,Blanks,60,State Senate,First Middlesex
Lowell,7,2,Total Votes Cast,361,State Senate,First Middlesex
Lowell,7,3,"Edward J. Kennedy, Jr",368,State Senate,First Middlesex
Lowell,7,3,All Others,7,State Senate,First Middlesex
Lowell,7,3,Blanks,68,State Senate,First Middlesex
Lowell,7,3,Total Votes Cast,443,State Senate,First Middlesex
Lowell,7,4,"Edward J. Kennedy, Jr",201,State Senate,First Middlesex
Lowell,7,4,All Others,8,State Senate,First Middlesex
Lowell,7,4,Blanks,59,State Senate,First Middlesex
Lowell,7,4,Total Votes Cast,268,State Senate,First Middlesex
Lowell,8,1,"Edward J. Kennedy, Jr",437,State Senate,First Middlesex
Lowell,8,1,All Others,12,State Senate,First Middlesex
Lowell,8,1,Blanks,116,State Senate,First Middlesex
Lowell,8,1,Total Votes Cast,565,State Senate,First Middlesex
Lowell,8,2,"Edward J. Kennedy, Jr",401,State Senate,First Middlesex
Lowell,8,2,All Others,9,State Senate,First Middlesex
Lowell,8,2,Blanks,103,State Senate,First Middlesex
Lowell,8,2,Total Votes Cast,513,State Senate,First Middlesex
Lowell,8,3,"Edward J. Kennedy, Jr",745,State Senate,First Middlesex
Lowell,8,3,All Others,25,State Senate,First Middlesex
Lowell,8,3,Blanks,317,State Senate,First Middlesex
Lowell,8,3,Total Votes Cast,1087,State Senate,First Middlesex
Lowell,8,4,"Edward J. Kennedy, Jr",615,State Senate,First Middlesex
Lowell,8,4,All Others,33,State Senate,First Middlesex
Lowell,8,4,Blanks,198,State Senate,First Middlesex
Lowell,8,4,Total Votes Cast,846,State Senate,First Middlesex
Lowell,8,4A,"Edward J. Kennedy, Jr",27,State Senate,First Middlesex
Lowell,8,4A,All Others,1,State Senate,First Middlesex
Lowell,8,4A,Blanks,2,State Senate,First Middlesex
Lowell,8,4A,Total Votes Cast,30,State Senate,First Middlesex
Ludlow,-,1,Jacob R. Oliveira,719,State Senate,"Hampden, Hampshire & Worcester"
Ludlow,-,1,William E. Johnson,603,State Senate,"Hampden, Hampshire & Worcester"
Ludlow,-,1,All Others,0,State Senate,"Hampden, Hampshire & Worcester"
Ludlow,-,1,Blanks,29,State Senate,"Hampden, Hampshire & Worcester"
Ludlow,-,1,Total Votes Cast,1351,State Senate,"Hampden, Hampshire & Worcester"
Ludlow,-,2,Jacob R. Oliveira,517,State Senate,"Hampden, Hampshire & Worcester"
Ludlow,-,2,William E. Johnson,374,State Senate,"Hampden, Hampshire & Worcester"
Ludlow,-,2,All Others,1,State Senate,"Hampden, Hampshire & Worcester"
Ludlow,-,2,Blanks,27,State Senate,"Hampden, Hampshire & Worcester"
Ludlow,-,2,Total Votes Cast,919,State Senate,"Hampden, Hampshire & Worcester"
Ludlow,-,3,Jacob R. Oliveira,819,State Senate,"Hampden, Hampshire & Worcester"
Ludlow,-,3,William E. Johnson,818,State Senate,"Hampden, Hampshire & Worcester"
Ludlow,-,3,All Others,0,State Senate,"Hampden, Hampshire & Worcester"
Ludlow,-,3,Blanks,25,State Senate,"Hampden, Hampshire & Worcester"
Ludlow,-,3,Total Votes Cast,1662,State Senate,"Hampden, Hampshire & Worcester"
Ludlow,-,4,Jacob R. Oliveira,764,State Senate,"Hampden, Hampshire & Worcester"
Ludlow,-,4,William E. Johnson,559,State Senate,"Hampden, Hampshire & Worcester"
Ludlow,-,4,All Others,0,State Senate,"Hampden, Hampshire & Worcester"
Ludlow,-,4,Blanks,18,State Senate,"Hampden, Hampshire & Worcester"
Ludlow,-,4,Total Votes Cast,1341,State Senate,"Hampden, Hampshire & Worcester"
Ludlow,-,5,Jacob R. Oliveira,616,State Senate,"Hampden, Hampshire & Worcester"
Ludlow,-,5,William E. Johnson,516,State Senate,"Hampden, Hampshire & Worcester"
Ludlow,-,5,All Others,1,State Senate,"Hampden, Hampshire & Worcester"
Ludlow,-,5,Blanks,20,State Senate,"Hampden, Hampshire & Worcester"
Ludlow,-,5,Total Votes Cast,1153,State Senate,"Hampden, Hampshire & Worcester"
Ludlow,-,6,Jacob R. Oliveira,888,State Senate,"Hampden, Hampshire & Worcester"
Ludlow,-,6,William E. Johnson,701,State Senate,"Hampden, Hampshire & Worcester"
Ludlow,-,6,All Others,2,State Senate,"Hampden, Hampshire & Worcester"
Ludlow,-,6,Blanks,32,State Senate,"Hampden, Hampshire & Worcester"
Ludlow,-,6,Total Votes Cast,1623,State Senate,"Hampden, Hampshire & Worcester"
Lunenburg,-,A,John J. Cronin,781,State Senate,Worcester and Middlesex
Lunenburg,-,A,Kenneth B. Hoyt,504,State Senate,Worcester and Middlesex
Lunenburg,-,A,All Others,0,State Senate,Worcester and Middlesex
Lunenburg,-,A,Blanks,22,State Senate,Worcester and Middlesex
Lunenburg,-,A,Total Votes Cast,1307,State Senate,Worcester and Middlesex
Lunenburg,-,B,John J. Cronin,737,State Senate,Worcester and Middlesex
Lunenburg,-,B,Kenneth B. Hoyt,428,State Senate,Worcester and Middlesex
Lunenburg,-,B,All Others,0,State Senate,Worcester and Middlesex
Lunenburg,-,B,Blanks,29,State Senate,Worcester and Middlesex
Lunenburg,-,B,Total Votes Cast,1194,State Senate,Worcester and Middlesex
Lunenburg,-,B1,John J. Cronin,38,State Senate,Worcester and Middlesex
Lunenburg,-,B1,Kenneth B. Hoyt,25,State Senate,Worcester and Middlesex
Lunenburg,-,B1,All Others,0,State Senate,Worcester and Middlesex
Lunenburg,-,B1,Blanks,1,State Senate,Worcester and Middlesex
Lunenburg,-,B1,Total Votes Cast,64,State Senate,Worcester and Middlesex
Lunenburg,-,C,John J. Cronin,727,State Senate,Worcester and Middlesex
Lunenburg,-,C,Kenneth B. Hoyt,527,State Senate,Worcester and Middlesex
Lunenburg,-,C,All Others,1,State Senate,Worcester and Middlesex
Lunenburg,-,C,Blanks,22,State Senate,Worcester and Middlesex
Lunenburg,-,C,Total Votes Cast,1277,State Senate,Worcester and Middlesex
Lunenburg,-,C1,John J. Cronin,5,State Senate,Worcester and Middlesex
Lunenburg,-,C1,Kenneth B. Hoyt,5,State Senate,Worcester and Middlesex
Lunenburg,-,C1,All Others,0,State Senate,Worcester and Middlesex
Lunenburg,-,C1,Blanks,0,State Senate,Worcester and Middlesex
Lunenburg,-,C1,Total Votes Cast,10,State Senate,Worcester and Middlesex
Lunenburg,-,D,John J. Cronin,866,State Senate,Worcester and Middlesex
Lunenburg,-,D,Kenneth B. Hoyt,560,State Senate,Worcester and Middlesex
Lunenburg,-,D,All Others,1,State Senate,Worcester and Middlesex
Lunenburg,-,D,Blanks,29,State Senate,Worcester and Middlesex
Lunenburg,-,D,Total Votes Cast,1456,State Senate,Worcester and Middlesex
Lynn,1,1,Brendan P. Crighton,1040,State Senate,Third Essex
Lynn,1,1,Annalisa Salustri,412,State Senate,Third Essex
Lynn,1,1,All Others,25,State Senate,Third Essex
Lynn,1,1,Blanks,245,State Senate,Third Essex
Lynn,1,1,Total Votes Cast,1722,State Senate,Third Essex
Lynn,1,2,Brendan P. Crighton,775,State Senate,Third Essex
Lynn,1,2,Annalisa Salustri,276,State Senate,Third Essex
Lynn,1,2,All Others,6,State Senate,Third Essex
Lynn,1,2,Blanks,156,State Senate,Third Essex
Lynn,1,2,Total Votes Cast,1213,State Senate,Third Essex
Lynn,1,2A,Brendan P. Crighton,168,State Senate,Third Essex
Lynn,1,2A,Annalisa Salustri,51,State Senate,Third Essex
Lynn,1,2A,All Others,2,State Senate,Third Essex
Lynn,1,2A,Blanks,41,State Senate,Third Essex
Lynn,1,2A,Total Votes Cast,262,State Senate,Third Essex
Lynn,1,3,Brendan P. Crighton,827,State Senate,Third Essex
Lynn,1,3,Annalisa Salustri,265,State Senate,Third Essex
Lynn,1,3,All Others,13,State Senate,Third Essex
Lynn,1,3,Blanks,151,State Senate,Third Essex
Lynn,1,3,Total Votes Cast,1256,State Senate,Third Essex
Lynn,1,4,Brendan P. Crighton,620,State Senate,Third Essex
Lynn,1,4,Annalisa Salustri,190,State Senate,Third Essex
Lynn,1,4,All Others,7,State Senate,Third Essex
Lynn,1,4,Blanks,93,State Senate,Third Essex
Lynn,1,4,Total Votes Cast,910,State Senate,Third Essex
Lynn,2,1,Brendan P. Crighton,845,State Senate,Third Essex
Lynn,2,1,Annalisa Salustri,299,State Senate,Third Essex
Lynn,2,1,All Others,8,State Senate,Third Essex
Lynn,2,1,Blanks,171,State Senate,Third Essex
Lynn,2,1,Total Votes Cast,1323,State Senate,Third Essex
Lynn,2,2,Brendan P. Crighton,461,State Senate,Third Essex
Lynn,2,2,Annalisa Salustri,118,State Senate,Third Essex
Lynn,2,2,All Others,1,State Senate,Third Essex
Lynn,2,2,Blanks,76,State Senate,Third Essex
Lynn,2,2,Total Votes Cast,656,State Senate,Third Essex
Lynn,2,3,Brendan P. Crighton,290,State Senate,Third Essex
Lynn,2,3,Annalisa Salustri,58,State Senate,Third Essex
Lynn,2,3,All Others,1,State Senate,Third Essex
Lynn,2,3,Blanks,46,State Senate,Third Essex
Lynn,2,3,Total Votes Cast,395,State Senate,Third Essex
Lynn,2,4,Brendan P. Crighton,280,State Senate,Third Essex
Lynn,2,4,Annalisa Salustri,47,State Senate,Third Essex
Lynn,2,4,All Others,1,State Senate,Third Essex
Lynn,2,4,Blanks,48,State Senate,Third Essex
Lynn,2,4,Total Votes Cast,376,State Senate,Third Essex
Lynn,3,1,Brendan P. Crighton,536,State Senate,Third Essex
Lynn,3,1,Annalisa Salustri,189,State Senate,Third Essex
Lynn,3,1,All Others,8,State Senate,Third Essex
Lynn,3,1,Blanks,89,State Senate,Third Essex
Lynn,3,1,Total Votes Cast,822,State Senate,Third Essex
Lynn,3,2,Brendan P. Crighton,344,State Senate,Third Essex
Lynn,3,2,Annalisa Salustri,85,State Senate,Third Essex
Lynn,3,2,All Others,4,State Senate,Third Essex
Lynn,3,2,Blanks,44,State Senate,Third Essex
Lynn,3,2,Total Votes Cast,477,State Senate,Third Essex
Lynn,3,3,Brendan P. Crighton,557,State Senate,Third Essex
Lynn,3,3,Annalisa Salustri,141,State Senate,Third Essex
Lynn,3,3,All Others,4,State Senate,Third Essex
Lynn,3,3,Blanks,82,State Senate,Third Essex
Lynn,3,3,Total Votes Cast,784,State Senate,Third Essex
Lynn,3,4,Brendan P. Crighton,599,State Senate,Third Essex
Lynn,3,4,Annalisa Salustri,126,State Senate,Third Essex
Lynn,3,4,All Others,4,State Senate,Third Essex
Lynn,3,4,Blanks,70,State Senate,Third Essex
Lynn,3,4,Total Votes Cast,799,State Senate,Third Essex
Lynn,4,1,Brendan P. Crighton,189,State Senate,Third Essex
Lynn,4,1,Annalisa Salustri,71,State Senate,Third Essex
Lynn,4,1,All Others,2,State Senate,Third Essex
Lynn,4,1,Blanks,36,State Senate,Third Essex
Lynn,4,1,Total Votes Cast,298,State Senate,Third Essex
Lynn,4,2,Brendan P. Crighton,229,State Senate,Third Essex
Lynn,4,2,Annalisa Salustri,36,State Senate,Third Essex
Lynn,4,2,All Others,0,State Senate,Third Essex
Lynn,4,2,Blanks,27,State Senate,Third Essex
Lynn,4,2,Total Votes Cast,292,State Senate,Third Essex
Lynn,4,3,Brendan P. Crighton,352,State Senate,Third Essex
Lynn,4,3,Annalisa Salustri,82,State Senate,Third Essex
Lynn,4,3,All Others,5,State Senate,Third Essex
Lynn,4,3,Blanks,35,State Senate,Third Essex
Lynn,4,3,Total Votes Cast,474,State Senate,Third Essex
Lynn,4,3A,Brendan P. Crighton,67,State Senate,Third Essex
Lynn,4,3A,Annalisa Salustri,21,State Senate,Third Essex
Lynn,4,3A,All Others,0,State Senate,Third Essex
Lynn,4,3A,Blanks,2,State Senate,Third Essex
Lynn,4,3A,Total Votes Cast,90,State Senate,Third Essex
Lynn,4,4,Brendan P. Crighton,510,State Senate,Third Essex
Lynn,4,4,Annalisa Salustri,125,State Senate,Third Essex
Lynn,4,4,All Others,0,State Senate,Third Essex
Lynn,4,4,Blanks,74,State Senate,Third Essex
Lynn,4,4,Total Votes Cast,709,State Senate,Third Essex
Lynn,5,1,Brendan P. Crighton,615,State Senate,Third Essex
Lynn,5,1,Annalisa Salustri,152,State Senate,Third Essex
Lynn,5,1,All Others,9,State Senate,Third Essex
Lynn,5,1,Blanks,84,State Senate,Third Essex
Lynn,5,1,Total Votes Cast,860,State Senate,Third Essex
Lynn,5,2,Brendan P. Crighton,244,State Senate,Third Essex
Lynn,5,2,Annalisa Salustri,55,State Senate,Third Essex
Lynn,5,2,All Others,5,State Senate,Third Essex
Lynn,5,2,Blanks,48,State Senate,Third Essex
Lynn,5,2,Total Votes Cast,352,State Senate,Third Essex
Lynn,5,3,Brendan P. Crighton,197,State Senate,Third Essex
Lynn,5,3,Annalisa Salustri,46,State Senate,Third Essex
Lynn,5,3,All Others,0,State Senate,Third Essex
Lynn,5,3,Blanks,35,State Senate,Third Essex
Lynn,5,3,Total Votes Cast,278,State Senate,Third Essex
Lynn,5,4,Brendan P. Crighton,518,State Senate,Third Essex
Lynn,5,4,Annalisa Salustri,99,State Senate,Third Essex
Lynn,5,4,All Others,9,State Senate,Third Essex
Lynn,5,4,Blanks,79,State Senate,Third Essex
Lynn,5,4,Total Votes Cast,705,State Senate,Third Essex
Lynn,6,1,Brendan P. Crighton,342,State Senate,Third Essex
Lynn,6,1,Annalisa Salustri,78,State Senate,Third Essex
Lynn,6,1,All Others,3,State Senate,Third Essex
Lynn,6,1,Blanks,42,State Senate,Third Essex
Lynn,6,1,Total Votes Cast,465,State Senate,Third Essex
Lynn,6,2,Brendan P. Crighton,195,State Senate,Third Essex
Lynn,6,2,Annalisa Salustri,40,State Senate,Third Essex
Lynn,6,2,All Others,3,State Senate,Third Essex
Lynn,6,2,Blanks,28,State Senate,Third Essex
Lynn,6,2,Total Votes Cast,266,State Senate,Third Essex
Lynn,6,3,Brendan P. Crighton,279,State Senate,Third Essex
Lynn,6,3,Annalisa Salustri,41,State Senate,Third Essex
Lynn,6,3,All Others,1,State Senate,Third Essex
Lynn,6,3,Blanks,34,State Senate,Third Essex
Lynn,6,3,Total Votes Cast,355,State Senate,Third Essex
Lynn,6,4,Brendan P. Crighton,441,State Senate,Third Essex
Lynn,6,4,Annalisa Salustri,119,State Senate,Third Essex
Lynn,6,4,All Others,3,State Senate,Third Essex
Lynn,6,4,Blanks,84,State Senate,Third Essex
Lynn,6,4,Total Votes Cast,647,State Senate,Third Essex
Lynn,7,1,Brendan P. Crighton,710,State Senate,Third Essex
Lynn,7,1,Annalisa Salustri,200,State Senate,Third Essex
Lynn,7,1,All Others,7,State Senate,Third Essex
Lynn,7,1,Blanks,136,State Senate,Third Essex
Lynn,7,1,Total Votes Cast,1053,State Senate,Third Essex
Lynn,7,2,Brendan P. Crighton,704,State Senate,Third Essex
Lynn,7,2,Annalisa Salustri,181,State Senate,Third Essex
Lynn,7,2,All Others,7,State Senate,Third Essex
Lynn,7,2,Blanks,90,State Senate,Third Essex
Lynn,7,2,Total Votes Cast,982,State Senate,Third Essex
Lynn,7,3,Brendan P. Crighton,375,State Senate,Third Essex
Lynn,7,3,Annalisa Salustri,102,State Senate,Third Essex
Lynn,7,3,All Others,2,State Senate,Third Essex
Lynn,7,3,Blanks,70,State Senate,Third Essex
Lynn,7,3,Total Votes Cast,549,State Senate,Third Essex
Lynn,7,4,Brendan P. Crighton,460,State Senate,Third Essex
Lynn,7,4,Annalisa Salustri,113,State Senate,Third Essex
Lynn,7,4,All Others,3,State Senate,Third Essex
Lynn,7,4,Blanks,76,State Senate,Third Essex
Lynn,7,4,Total Votes Cast,652,State Senate,Third Essex
Lynnfield,-,1,Brendan P. Crighton,746,State Senate,Third Essex
Lynnfield,-,1,Annalisa Salustri,502,State Senate,Third Essex
Lynnfield,-,1,All Others,4,State Senate,Third Essex
Lynnfield,-,1,Blanks,243,State Senate,Third Essex
Lynnfield,-,1,Total Votes Cast,1495,State Senate,Third Essex
Lynnfield,-,2,Brendan P. Crighton,823,State Senate,Third Essex
Lynnfield,-,2,Annalisa Salustri,422,State Senate,Third Essex
Lynnfield,-,2,All Others,3,State Senate,Third Essex
Lynnfield,-,2,Blanks,233,State Senate,Third Essex
Lynnfield,-,2,Total Votes Cast,1481,State Senate,Third Essex
Lynnfield,-,3,Brendan P. Crighton,748,State Senate,Third Essex
Lynnfield,-,3,Annalisa Salustri,457,State Senate,Third Essex
Lynnfield,-,3,All Others,7,State Senate,Third Essex
Lynnfield,-,3,Blanks,235,State Senate,Third Essex
Lynnfield,-,3,Total Votes Cast,1447,State Senate,Third Essex
Lynnfield,-,4,Brendan P. Crighton,723,State Senate,Third Essex
Lynnfield,-,4,Annalisa Salustri,575,State Senate,Third Essex
Lynnfield,-,4,All Others,3,State Senate,Third Essex
Lynnfield,-,4,Blanks,292,State Senate,Third Essex
Lynnfield,-,4,Total Votes Cast,1593,State Senate,Third Essex
Malden,1,1,Jason M. Lewis,342,State Senate,Fifth Middlesex
Malden,1,1,"Edward F. Dombroski, Jr",86,State Senate,Fifth Middlesex
Malden,1,1,All Others,2,State Senate,Fifth Middlesex
Malden,1,1,Blanks,28,State Senate,Fifth Middlesex
Malden,1,1,Total Votes Cast,458,State Senate,Fifth Middlesex
Malden,1,2,Jason M. Lewis,413,State Senate,Fifth Middlesex
Malden,1,2,"Edward F. Dombroski, Jr",151,State Senate,Fifth Middlesex
Malden,1,2,All Others,1,State Senate,Fifth Middlesex
Malden,1,2,Blanks,34,State Senate,Fifth Middlesex
Malden,1,2,Total Votes Cast,599,State Senate,Fifth Middlesex
Malden,1,3,Jason M. Lewis,445,State Senate,Fifth Middlesex
Malden,1,3,"Edward F. Dombroski, Jr",152,State Senate,Fifth Middlesex
Malden,1,3,All Others,1,State Senate,Fifth Middlesex
Malden,1,3,Blanks,37,State Senate,Fifth Middlesex
Malden,1,3,Total Votes Cast,635,State Senate,Fifth Middlesex
Malden,2,1,Jason M. Lewis,348,State Senate,Fifth Middlesex
Malden,2,1,"Edward F. Dombroski, Jr",106,State Senate,Fifth Middlesex
Malden,2,1,All Others,4,State Senate,Fifth Middlesex
Malden,2,1,Blanks,24,State Senate,Fifth Middlesex
Malden,2,1,Total Votes Cast,482,State Senate,Fifth Middlesex
Malden,2,2,Jason M. Lewis,328,State Senate,Fifth Middlesex
Malden,2,2,"Edward F. Dombroski, Jr",179,State Senate,Fifth Middlesex
Malden,2,2,All Others,1,State Senate,Fifth Middlesex
Malden,2,2,Blanks,46,State Senate,Fifth Middlesex
Malden,2,2,Total Votes Cast,554,State Senate,Fifth Middlesex
Malden,2,3,Jason M. Lewis,466,State Senate,Fifth Middlesex
Malden,2,3,"Edward F. Dombroski, Jr",195,State Senate,Fifth Middlesex
Malden,2,3,All Others,1,State Senate,Fifth Middlesex
Malden,2,3,Blanks,41,State Senate,Fifth Middlesex
Malden,2,3,Total Votes Cast,703,State Senate,Fifth Middlesex
Malden,3,1,Jason M. Lewis,311,State Senate,Fifth Middlesex
Malden,3,1,"Edward F. Dombroski, Jr",113,State Senate,Fifth Middlesex
Malden,3,1,All Others,1,State Senate,Fifth Middlesex
Malden,3,1,Blanks,38,State Senate,Fifth Middlesex
Malden,3,1,Total Votes Cast,463,State Senate,Fifth Middlesex
Malden,3,1A,Jason M. Lewis,379,State Senate,Fifth Middlesex
Malden,3,1A,"Edward F. Dombroski, Jr",154,State Senate,Fifth Middlesex
Malden,3,1A,All Others,0,State Senate,Fifth Middlesex
Malden,3,1A,Blanks,31,State Senate,Fifth Middlesex
Malden,3,1A,Total Votes Cast,564,State Senate,Fifth Middlesex
Malden,3,2,Jason M. Lewis,488,State Senate,Fifth Middlesex
Malden,3,2,"Edward F. Dombroski, Jr",137,State Senate,Fifth Middlesex
Malden,3,2,All Others,3,State Senate,Fifth Middlesex
Malden,3,2,Blanks,34,State Senate,Fifth Middlesex
Malden,3,2,Total Votes Cast,662,State Senate,Fifth Middlesex
Malden,3,3,Jason M. Lewis,650,State Senate,Fifth Middlesex
Malden,3,3,"Edward F. Dombroski, Jr",202,State Senate,Fifth Middlesex
Malden,3,3,All Others,1,State Senate,Fifth Middlesex
Malden,3,3,Blanks,39,State Senate,Fifth Middlesex
Malden,3,3,Total Votes Cast,892,State Senate,Fifth Middlesex
Malden,4,1,Jason M. Lewis,406,State Senate,Fifth Middlesex
Malden,4,1,"Edward F. Dombroski, Jr",126,State Senate,Fifth Middlesex
Malden,4,1,All Others,0,State Senate,Fifth Middlesex
Malden,4,1,Blanks,22,State Senate,Fifth Middlesex
Malden,4,1,Total Votes Cast,554,State Senate,Fifth Middlesex
Malden,4,2,Jason M. Lewis,284,State Senate,Fifth Middlesex
Malden,4,2,"Edward F. Dombroski, Jr",67,State Senate,Fifth Middlesex
Malden,4,2,All Others,0,State Senate,Fifth Middlesex
Malden,4,2,Blanks,31,State Senate,Fifth Middlesex
Malden,4,2,Total Votes Cast,382,State Senate,Fifth Middlesex
Malden,4,3,Jason M. Lewis,421,State Senate,Fifth Middlesex
Malden,4,3,"Edward F. Dombroski, Jr",92,State Senate,Fifth Middlesex
Malden,4,3,All Others,0,State Senate,Fifth Middlesex
Malden,4,3,Blanks,29,State Senate,Fifth Middlesex
Malden,4,3,Total Votes Cast,542,State Senate,Fifth Middlesex
Malden,5,1,Jason M. Lewis,425,State Senate,Fifth Middlesex
Malden,5,1,"Edward F. Dombroski, Jr",179,State Senate,Fifth Middlesex
Malden,5,1,All Others,1,State Senate,Fifth Middlesex
Malden,5,1,Blanks,38,State Senate,Fifth Middlesex
Malden,5,1,Total Votes Cast,643,State Senate,Fifth Middlesex
Malden,5,2,Jason M. Lewis,698,State Senate,Fifth Middlesex
Malden,5,2,"Edward F. Dombroski, Jr",263,State Senate,Fifth Middlesex
Malden,5,2,All Others,1,State Senate,Fifth Middlesex
Malden,5,2,Blanks,46,State Senate,Fifth Middlesex
Malden,5,2,Total Votes Cast,1008,State Senate,Fifth Middlesex
Malden,5,3,Jason M. Lewis,262,State Senate,Fifth Middlesex
Malden,5,3,"Edward F. Dombroski, Jr",98,State Senate,Fifth Middlesex
Malden,5,3,All Others,2,State Senate,Fifth Middlesex
Malden,5,3,Blanks,11,State Senate,Fifth Middlesex
Malden,5,3,Total Votes Cast,373,State Senate,Fifth Middlesex
Malden,5,3A,Jason M. Lewis,134,State Senate,Fifth Middlesex
Malden,5,3A,"Edward F. Dombroski, Jr",20,State Senate,Fifth Middlesex
Malden,5,3A,All Others,0,State Senate,Fifth Middlesex
Malden,5,3A,Blanks,9,State Senate,Fifth Middlesex
Malden,5,3A,Total Votes Cast,163,State Senate,Fifth Middlesex
Malden,6,1,Jason M. Lewis,640,State Senate,Fifth Middlesex
Malden,6,1,"Edward F. Dombroski, Jr",231,State Senate,Fifth Middlesex
Malden,6,1,All Others,0,State Senate,Fifth Middlesex
Malden,6,1,Blanks,68,State Senate,Fifth Middlesex
Malden,6,1,Total Votes Cast,939,State Senate,Fifth Middlesex
Malden,6,2,Jason M. Lewis,385,State Senate,Fifth Middlesex
Malden,6,2,"Edward F. Dombroski, Jr",172,State Senate,Fifth Middlesex
Malden,6,2,All Others,2,State Senate,Fifth Middlesex
Malden,6,2,Blanks,29,State Senate,Fifth Middlesex
Malden,6,2,Total Votes Cast,588,State Senate,Fifth Middlesex
Malden,6,3,Jason M. Lewis,394,State Senate,Fifth Middlesex
Malden,6,3,"Edward F. Dombroski, Jr",212,State Senate,Fifth Middlesex
Malden,6,3,All Others,1,State Senate,Fifth Middlesex
Malden,6,3,Blanks,32,State Senate,Fifth Middlesex
Malden,6,3,Total Votes Cast,639,State Senate,Fifth Middlesex
Malden,7,1,Jason M. Lewis,347,State Senate,Fifth Middlesex
Malden,7,1,"Edward F. Dombroski, Jr",103,State Senate,Fifth Middlesex
Malden,7,1,All Others,1,State Senate,Fifth Middlesex
Malden,7,1,Blanks,28,State Senate,Fifth Middlesex
Malden,7,1,Total Votes Cast,479,State Senate,Fifth Middlesex
Malden,7,2,Jason M. Lewis,315,State Senate,Fifth Middlesex
Malden,7,2,"Edward F. Dombroski, Jr",129,State Senate,Fifth Middlesex
Malden,7,2,All Others,0,State Senate,Fifth Middlesex
Malden,7,2,Blanks,36,State Senate,Fifth Middlesex
Malden,7,2,Total Votes Cast,480,State Senate,Fifth Middlesex
Malden,7,3,Jason M. Lewis,198,State Senate,Fifth Middlesex
Malden,7,3,"Edward F. Dombroski, Jr",96,State Senate,Fifth Middlesex
Malden,7,3,All Others,1,State Senate,Fifth Middlesex
Malden,7,3,Blanks,25,State Senate,Fifth Middlesex
Malden,7,3,Total Votes Cast,320,State Senate,Fifth Middlesex
Malden,7,3A,Jason M. Lewis,160,State Senate,Fifth Middlesex
Malden,7,3A,"Edward F. Dombroski, Jr",47,State Senate,Fifth Middlesex
Malden,7,3A,All Others,1,State Senate,Fifth Middlesex
Malden,7,3A,Blanks,12,State Senate,Fifth Middlesex
Malden,7,3A,Total Votes Cast,220,State Senate,Fifth Middlesex
Malden,8,1,Jason M. Lewis,450,State Senate,Fifth Middlesex
Malden,8,1,"Edward F. Dombroski, Jr",253,State Senate,Fifth Middlesex
Malden,8,1,All Others,1,State Senate,Fifth Middlesex
Malden,8,1,Blanks,32,State Senate,Fifth Middlesex
Malden,8,1,Total Votes Cast,736,State Senate,Fifth Middlesex
Malden,8,2,Jason M. Lewis,368,State Senate,Fifth Middlesex
Malden,8,2,"Edward F. Dombroski, Jr",168,State Senate,Fifth Middlesex
Malden,8,2,All Others,2,State Senate,Fifth Middlesex
Malden,8,2,Blanks,24,State Senate,Fifth Middlesex
Malden,8,2,Total Votes Cast,562,State Senate,Fifth Middlesex
Malden,8,3,Jason M. Lewis,291,State Senate,Fifth Middlesex
Malden,8,3,"Edward F. Dombroski, Jr",114,State Senate,Fifth Middlesex
Malden,8,3,All Others,0,State Senate,Fifth Middlesex
Malden,8,3,Blanks,33,State Senate,Fifth Middlesex
Malden,8,3,Total Votes Cast,438,State Senate,Fifth Middlesex
Manchester-by-the-Sea,,,Bruce E. Tarr,2001,State Senate,First Essex and Middlesex
Manchester-by-the-Sea,,,Terence William Cudney,694,State Senate,First Essex and Middlesex
Manchester-by-the-Sea,,,All Others,3,State Senate,First Essex and Middlesex
Manchester-by-the-Sea,,,Blanks,209,State Senate,First Essex and Middlesex
Manchester-by-the-Sea,,,Total Votes Cast,2907,State Senate,First Essex and Middlesex
Mansfield,-,1,Paul R. Feeney,781,State Senate,Bristol and Norfolk
Mansfield,-,1,Michael Chaisson,668,State Senate,Bristol and Norfolk
Mansfield,-,1,Laura L. Saylor,62,State Senate,Bristol and Norfolk
Mansfield,-,1,All Others,0,State Senate,Bristol and Norfolk
Mansfield,-,1,Blanks,60,State Senate,Bristol and Norfolk
Mansfield,-,1,Total Votes Cast,1571,State Senate,Bristol and Norfolk
Mansfield,-,2,Paul R. Feeney,568,State Senate,Bristol and Norfolk
Mansfield,-,2,Michael Chaisson,393,State Senate,Bristol and Norfolk
Mansfield,-,2,Laura L. Saylor,47,State Senate,Bristol and Norfolk
Mansfield,-,2,All Others,0,State Senate,Bristol and Norfolk
Mansfield,-,2,Blanks,28,State Senate,Bristol and Norfolk
Mansfield,-,2,Total Votes Cast,1036,State Senate,Bristol and Norfolk
Mansfield,-,2A,Paul R. Feeney,240,State Senate,Bristol and Norfolk
Mansfield,-,2A,Michael Chaisson,164,State Senate,Bristol and Norfolk
Mansfield,-,2A,Laura L. Saylor,21,State Senate,Bristol and Norfolk
Mansfield,-,2A,All Others,0,State Senate,Bristol and Norfolk
Mansfield,-,2A,Blanks,17,State Senate,Bristol and Norfolk
Mansfield,-,2A,Total Votes Cast,442,State Senate,Bristol and Norfolk
Mansfield,-,3,Paul R. Feeney,991,State Senate,Bristol and Norfolk
Mansfield,-,3,Michael Chaisson,652,State Senate,Bristol and Norfolk
Mansfield,-,3,Laura L. Saylor,72,State Senate,Bristol and Norfolk
Mansfield,-,3,All Others,0,State Senate,Bristol and Norfolk
Mansfield,-,3,Blanks,91,State Senate,Bristol and Norfolk
Mansfield,-,3,Total Votes Cast,1806,State Senate,Bristol and Norfolk
Mansfield,-,4,Paul R. Feeney,793,State Senate,Bristol and Norfolk
Mansfield,-,4,Michael Chaisson,507,State Senate,Bristol and Norfolk
Mansfield,-,4,Laura L. Saylor,50,State Senate,Bristol and Norfolk
Mansfield,-,4,All Others,1,State Senate,Bristol and Norfolk
Mansfield,-,4,Blanks,69,State Senate,Bristol and Norfolk
Mansfield,-,4,Total Votes Cast,1420,State Senate,Bristol and Norfolk
Mansfield,-,5,Paul R. Feeney,804,State Senate,Bristol and Norfolk
Mansfield,-,5,Michael Chaisson,395,State Senate,Bristol and Norfolk
Mansfield,-,5,Laura L. Saylor,66,State Senate,Bristol and Norfolk
Mansfield,-,5,All Others,0,State Senate,Bristol and Norfolk
Mansfield,-,5,Blanks,48,State Senate,Bristol and Norfolk
Mansfield,-,5,Total Votes Cast,1313,State Senate,Bristol and Norfolk
Mansfield,-,6,Paul R. Feeney,597,State Senate,Bristol and Norfolk
Mansfield,-,6,Michael Chaisson,285,State Senate,Bristol and Norfolk
Mansfield,-,6,Laura L. Saylor,40,State Senate,Bristol and Norfolk
Mansfield,-,6,All Others,0,State Senate,Bristol and Norfolk
Mansfield,-,6,Blanks,38,State Senate,Bristol and Norfolk
Mansfield,-,6,Total Votes Cast,960,State Senate,Bristol and Norfolk
Mansfield,-,6A,Paul R. Feeney,132,State Senate,Bristol and Norfolk
Mansfield,-,6A,Michael Chaisson,81,State Senate,Bristol and Norfolk
Mansfield,-,6A,Laura L. Saylor,8,State Senate,Bristol and Norfolk
Mansfield,-,6A,All Others,0,State Senate,Bristol and Norfolk
Mansfield,-,6A,Blanks,9,State Senate,Bristol and Norfolk
Mansfield,-,6A,Total Votes Cast,230,State Senate,Bristol and Norfolk
Mansfield,-,7,Paul R. Feeney,850,State Senate,Bristol and Norfolk
Mansfield,-,7,Michael Chaisson,500,State Senate,Bristol and Norfolk
Mansfield,-,7,Laura L. Saylor,64,State Senate,Bristol and Norfolk
Mansfield,-,7,All Others,0,State Senate,Bristol and Norfolk
Mansfield,-,7,Blanks,40,State Senate,Bristol and Norfolk
Mansfield,-,7,Total Votes Cast,1454,State Senate,Bristol and Norfolk
Marblehead,-,1,Brendan P. Crighton,1182,State Senate,Third Essex
Marblehead,-,1,Annalisa Salustri,458,State Senate,Third Essex
Marblehead,-,1,All Others,1,State Senate,Third Essex
Marblehead,-,1,Blanks,259,State Senate,Third Essex
Marblehead,-,1,Total Votes Cast,1900,State Senate,Third Essex
Marblehead,-,2,Brendan P. Crighton,1167,State Senate,Third Essex
Marblehead,-,2,Annalisa Salustri,411,State Senate,Third Essex
Marblehead,-,2,All Others,1,State Senate,Third Essex
Marblehead,-,2,Blanks,201,State Senate,Third Essex
Marblehead,-,2,Total Votes Cast,1780,State Senate,Third Essex
Marblehead,-,3,Brendan P. Crighton,1010,State Senate,Third Essex
Marblehead,-,3,Annalisa Salustri,412,State Senate,Third Essex
Marblehead,-,3,All Others,4,State Senate,Third Essex
Marblehead,-,3,Blanks,198,State Senate,Third Essex
Marblehead,-,3,Total Votes Cast,1624,State Senate,Third Essex
Marblehead,-,4,Brendan P. Crighton,1081,State Senate,Third Essex
Marblehead,-,4,Annalisa Salustri,467,State Senate,Third Essex
Marblehead,-,4,All Others,2,State Senate,Third Essex
Marblehead,-,4,Blanks,282,State Senate,Third Essex
Marblehead,-,4,Total Votes Cast,1832,State Senate,Third Essex
Marblehead,-,5,Brendan P. Crighton,1062,State Senate,Third Essex
Marblehead,-,5,Annalisa Salustri,419,State Senate,Third Essex
Marblehead,-,5,All Others,1,State Senate,Third Essex
Marblehead,-,5,Blanks,199,State Senate,Third Essex
Marblehead,-,5,Total Votes Cast,1681,State Senate,Third Essex
Marblehead,-,6,Brendan P. Crighton,1156,State Senate,Third Essex
Marblehead,-,6,Annalisa Salustri,428,State Senate,Third Essex
Marblehead,-,6,All Others,5,State Senate,Third Essex
Marblehead,-,6,Blanks,230,State Senate,Third Essex
Marblehead,-,6,Total Votes Cast,1819,State Senate,Third Essex
Marion,,,Marc R. Pacheco,1703,State Senate,Third Bristol & Plymouth
Marion,,,Maria S. Collins,1012,State Senate,Third Bristol & Plymouth
Marion,,,All Others,2,State Senate,Third Bristol & Plymouth
Marion,,,Blanks,96,State Senate,Third Bristol & Plymouth
Marion,,,Total Votes Cast,2813,State Senate,Third Bristol & Plymouth
Marlborough,1,1,James B. Eldridge,531,State Senate,Middlesex and Worcester
Marlborough,1,1,Anthony Christakis,298,State Senate,Middlesex and Worcester
Marlborough,1,1,All Others,1,State Senate,Middlesex and Worcester
Marlborough,1,1,Blanks,31,State Senate,Middlesex and Worcester
Marlborough,1,1,Total Votes Cast,861,State Senate,Middlesex and Worcester
Marlborough,1,1A,James B. Eldridge,20,State Senate,Middlesex and Worcester
Marlborough,1,1A,Anthony Christakis,6,State Senate,Middlesex and Worcester
Marlborough,1,1A,All Others,0,State Senate,Middlesex and Worcester
Marlborough,1,1A,Blanks,0,State Senate,Middlesex and Worcester
Marlborough,1,1A,Total Votes Cast,26,State Senate,Middlesex and Worcester
Marlborough,1,2,James B. Eldridge,864,State Senate,Middlesex and Worcester
Marlborough,1,2,Anthony Christakis,480,State Senate,Middlesex and Worcester
Marlborough,1,2,All Others,0,State Senate,Middlesex and Worcester
Marlborough,1,2,Blanks,53,State Senate,Middlesex and Worcester
Marlborough,1,2,Total Votes Cast,1397,State Senate,Middlesex and Worcester
Marlborough,2,1,James B. Eldridge,689,State Senate,Middlesex and Worcester
Marlborough,2,1,Anthony Christakis,412,State Senate,Middlesex and Worcester
Marlborough,2,1,All Others,0,State Senate,Middlesex and Worcester
Marlborough,2,1,Blanks,40,State Senate,Middlesex and Worcester
Marlborough,2,1,Total Votes Cast,1141,State Senate,Middlesex and Worcester
Marlborough,2,2,James B. Eldridge,533,State Senate,Middlesex and Worcester
Marlborough,2,2,Anthony Christakis,276,State Senate,Middlesex and Worcester
Marlborough,2,2,All Others,1,State Senate,Middlesex and Worcester
Marlborough,2,2,Blanks,27,State Senate,Middlesex and Worcester
Marlborough,2,2,Total Votes Cast,837,State Senate,Middlesex and Worcester
Marlborough,2,2A,James B. Eldridge,4,State Senate,Middlesex and Worcester
Marlborough,2,2A,Anthony Christakis,4,State Senate,Middlesex and Worcester
Marlborough,2,2A,All Others,1,State Senate,Middlesex and Worcester
Marlborough,2,2A,Blanks,0,State Senate,Middlesex and Worcester
Marlborough,2,2A,Total Votes Cast,9,State Senate,Middlesex and Worcester
Marlborough,3,1,James B. Eldridge,371,State Senate,Middlesex and Worcester
Marlborough,3,1,Anthony Christakis,216,State Senate,Middlesex and Worcester
Marlborough,3,1,All Others,0,State Senate,Middlesex and Worcester
Marlborough,3,1,Blanks,20,State Senate,Middlesex and Worcester
Marlborough,3,1,Total Votes Cast,607,State Senate,Middlesex and Worcester
Marlborough,3,2,James B. Eldridge,783,State Senate,Middlesex and Worcester
Marlborough,3,2,Anthony Christakis,364,State Senate,Middlesex and Worcester
Marlborough,3,2,All Others,0,State Senate,Middlesex and Worcester
Marlborough,3,2,Blanks,49,State Senate,Middlesex and Worcester
Marlborough,3,2,Total Votes Cast,1196,State Senate,Middlesex and Worcester
Marlborough,4,1,James B. Eldridge,310,State Senate,Middlesex and Worcester
Marlborough,4,1,Anthony Christakis,185,State Senate,Middlesex and Worcester
Marlborough,4,1,All Others,0,State Senate,Middlesex and Worcester
Marlborough,4,1,Blanks,21,State Senate,Middlesex and Worcester
Marlborough,4,1,Total Votes Cast,516,State Senate,Middlesex and Worcester
Marlborough,4,2,James B. Eldridge,778,State Senate,Middlesex and Worcester
Marlborough,4,2,Anthony Christakis,448,State Senate,Middlesex and Worcester
Marlborough,4,2,All Others,4,State Senate,Middlesex and Worcester
Marlborough,4,2,Blanks,53,State Senate,Middlesex and Worcester
Marlborough,4,2,Total Votes Cast,1283,State Senate,Middlesex and Worcester
Marlborough,5,1,James B. Eldridge,385,State Senate,Middlesex and Worcester
Marlborough,5,1,Anthony Christakis,192,State Senate,Middlesex and Worcester
Marlborough,5,1,All Others,1,State Senate,Middlesex and Worcester
Marlborough,5,1,Blanks,22,State Senate,Middlesex and Worcester
Marlborough,5,1,Total Votes Cast,600,State Senate,Middlesex and Worcester
Marlborough,5,2,James B. Eldridge,676,State Senate,Middlesex and Worcester
Marlborough,5,2,Anthony Christakis,318,State Senate,Middlesex and Worcester
Marlborough,5,2,All Others,3,State Senate,Middlesex and Worcester
Marlborough,5,2,Blanks,35,State Senate,Middlesex and Worcester
Marlborough,5,2,Total Votes Cast,1032,State Senate,Middlesex and Worcester
Marlborough,6,1,James B. Eldridge,410,State Senate,Middlesex and Worcester
Marlborough,6,1,Anthony Christakis,222,State Senate,Middlesex and Worcester
Marlborough,6,1,All Others,2,State Senate,Middlesex and Worcester
Marlborough,6,1,Blanks,27,State Senate,Middlesex and Worcester
Marlborough,6,1,Total Votes Cast,661,State Senate,Middlesex and Worcester
Marlborough,6,2,James B. Eldridge,780,State Senate,Middlesex and Worcester
Marlborough,6,2,Anthony Christakis,478,State Senate,Middlesex and Worcester
Marlborough,6,2,All Others,0,State Senate,Middlesex and Worcester
Marlborough,6,2,Blanks,56,State Senate,Middlesex and Worcester
Marlborough,6,2,Total Votes Cast,1314,State Senate,Middlesex and Worcester
Marlborough,7,1,James B. Eldridge,525,State Senate,Middlesex and Worcester
Marlborough,7,1,Anthony Christakis,311,State Senate,Middlesex and Worcester
Marlborough,7,1,All Others,0,State Senate,Middlesex and Worcester
Marlborough,7,1,Blanks,34,State Senate,Middlesex and Worcester
Marlborough,7,1,Total Votes Cast,870,State Senate,Middlesex and Worcester
Marlborough,7,2,James B. Eldridge,533,State Senate,Middlesex and Worcester
Marlborough,7,2,Anthony Christakis,341,State Senate,Middlesex and Worcester
Marlborough,7,2,All Others,1,State Senate,Middlesex and Worcester
Marlborough,7,2,Blanks,37,State Senate,Middlesex and Worcester
Marlborough,7,2,Total Votes Cast,912,State Senate,Middlesex and Worcester
Marlborough,7,2A,James B. Eldridge,17,State Senate,Middlesex and Worcester
Marlborough,7,2A,Anthony Christakis,16,State Senate,Middlesex and Worcester
Marlborough,7,2A,All Others,0,State Senate,Middlesex and Worcester
Marlborough,7,2A,Blanks,3,State Senate,Middlesex and Worcester
Marlborough,7,2A,Total Votes Cast,36,State Senate,Middlesex and Worcester
Marshfield,-,1,Patrick Michael O'Connor,1188,State Senate,First Plymouth & Norfolk
Marshfield,-,1,"Robert William Stephens, Jr",701,State Senate,First Plymouth & Norfolk
Marshfield,-,1,All Others,0,State Senate,First Plymouth & Norfolk
Marshfield,-,1,Blanks,51,State Senate,First Plymouth & Norfolk
Marshfield,-,1,Total Votes Cast,1940,State Senate,First Plymouth & Norfolk
Marshfield,-,2,Patrick Michael O'Connor,1006,State Senate,First Plymouth & Norfolk
Marshfield,-,2,"Robert William Stephens, Jr",598,State Senate,First Plymouth & Norfolk
Marshfield,-,2,All Others,0,State Senate,First Plymouth & Norfolk
Marshfield,-,2,Blanks,40,State Senate,First Plymouth & Norfolk
Marshfield,-,2,Total Votes Cast,1644,State Senate,First Plymouth & Norfolk
Marshfield,-,2A,Patrick Michael O'Connor,105,State Senate,First Plymouth & Norfolk
Marshfield,-,2A,"Robert William Stephens, Jr",111,State Senate,First Plymouth & Norfolk
Marshfield,-,2A,All Others,0,State Senate,First Plymouth & Norfolk
Marshfield,-,2A,Blanks,3,State Senate,First Plymouth & Norfolk
Marshfield,-,2A,Total Votes Cast,219,State Senate,First Plymouth & Norfolk
Marshfield,-,3,Patrick Michael O'Connor,1160,State Senate,First Plymouth & Norfolk
Marshfield,-,3,"Robert William Stephens, Jr",679,State Senate,First Plymouth & Norfolk
Marshfield,-,3,All Others,0,State Senate,First Plymouth & Norfolk
Marshfield,-,3,Blanks,63,State Senate,First Plymouth & Norfolk
Marshfield,-,3,Total Votes Cast,1902,State Senate,First Plymouth & Norfolk
Marshfield,-,4,Patrick Michael O'Connor,977,State Senate,First Plymouth & Norfolk
Marshfield,-,4,"Robert William Stephens, Jr",579,State Senate,First Plymouth & Norfolk
Marshfield,-,4,All Others,0,State Senate,First Plymouth & Norfolk
Marshfield,-,4,Blanks,47,State Senate,First Plymouth & Norfolk
Marshfield,-,4,Total Votes Cast,1603,State Senate,First Plymouth & Norfolk
Marshfield,-,5,Patrick Michael O'Connor,995,State Senate,First Plymouth & Norfolk
Marshfield,-,5,"Robert William Stephens, Jr",605,State Senate,First Plymouth & Norfolk
Marshfield,-,5,All Others,0,State Senate,First Plymouth & Norfolk
Marshfield,-,5,Blanks,46,State Senate,First Plymouth & Norfolk
Marshfield,-,5,Total Votes Cast,1646,State Senate,First Plymouth & Norfolk
Marshfield,-,6,Patrick Michael O'Connor,1376,State Senate,First Plymouth & Norfolk
Marshfield,-,6,"Robert William Stephens, Jr",809,State Senate,First Plymouth & Norfolk
Marshfield,-,6,All Others,0,State Senate,First Plymouth & Norfolk
Marshfield,-,6,Blanks,63,State Senate,First Plymouth & Norfolk
Marshfield,-,6,Total Votes Cast,2248,State Senate,First Plymouth & Norfolk
Marshfield,-,7,Patrick Michael O'Connor,1243,State Senate,First Plymouth & Norfolk
Marshfield,-,7,"Robert William Stephens, Jr",669,State Senate,First Plymouth & Norfolk
Marshfield,-,7,All Others,0,State Senate,First Plymouth & Norfolk
Marshfield,-,7,Blanks,51,State Senate,First Plymouth & Norfolk
Marshfield,-,7,Total Votes Cast,1963,State Senate,First Plymouth & Norfolk
Mashpee,-,1,Susan Lynn Moran,1043,State Senate,Plymouth and Barnstable
Mashpee,-,1,Kari Macrae,614,State Senate,Plymouth and Barnstable
Mashpee,-,1,All Others,0,State Senate,Plymouth and Barnstable
Mashpee,-,1,Blanks,50,State Senate,Plymouth and Barnstable
Mashpee,-,1,Total Votes Cast,1707,State Senate,Plymouth and Barnstable
Mashpee,-,2,Susan Lynn Moran,723,State Senate,Plymouth and Barnstable
Mashpee,-,2,Kari Macrae,625,State Senate,Plymouth and Barnstable
Mashpee,-,2,All Others,1,State Senate,Plymouth and Barnstable
Mashpee,-,2,Blanks,49,State Senate,Plymouth and Barnstable
Mashpee,-,2,Total Votes Cast,1398,State Senate,Plymouth and Barnstable
Mashpee,-,3,Susan Lynn Moran,708,State Senate,Plymouth and Barnstable
Mashpee,-,3,Kari Macrae,596,State Senate,Plymouth and Barnstable
Mashpee,-,3,All Others,0,State Senate,Plymouth and Barnstable
Mashpee,-,3,Blanks,40,State Senate,Plymouth and Barnstable
Mashpee,-,3,Total Votes Cast,1344,State Senate,Plymouth and Barnstable
Mashpee,-,4,Susan Lynn Moran,823,State Senate,Plymouth and Barnstable
Mashpee,-,4,Kari Macrae,518,State Senate,Plymouth and Barnstable
Mashpee,-,4,All Others,0,State Senate,Plymouth and Barnstable
Mashpee,-,4,Blanks,35,State Senate,Plymouth and Barnstable
Mashpee,-,4,Total Votes Cast,1376,State Senate,Plymouth and Barnstable
Mashpee,-,5,Susan Lynn Moran,1158,State Senate,Plymouth and Barnstable
Mashpee,-,5,Kari Macrae,975,State Senate,Plymouth and Barnstable
Mashpee,-,5,All Others,1,State Senate,Plymouth and Barnstable
Mashpee,-,5,Blanks,81,State Senate,Plymouth and Barnstable
Mashpee,-,5,Total Votes Cast,2215,State Senate,Plymouth and Barnstable
Mattapoisett,-,1,Mark C. Montigny,1283,State Senate,Second Bristol and Plymouth
Mattapoisett,-,1,All Others,34,State Senate,Second Bristol and Plymouth
Mattapoisett,-,1,Blanks,578,State Senate,Second Bristol and Plymouth
Mattapoisett,-,1,Total Votes Cast,1895,State Senate,Second Bristol and Plymouth
Mattapoisett,-,2,Mark C. Montigny,1276,State Senate,Second Bristol and Plymouth
Mattapoisett,-,2,All Others,39,State Senate,Second Bristol and Plymouth
Mattapoisett,-,2,Blanks,575,State Senate,Second Bristol and Plymouth
Mattapoisett,-,2,Total Votes Cast,1890,State Senate,Second Bristol and Plymouth
Maynard,-,1,James B. Eldridge,966,State Senate,Middlesex and Worcester
Maynard,-,1,Anthony Christakis,350,State Senate,Middlesex and Worcester
Maynard,-,1,All Others,1,State Senate,Middlesex and Worcester
Maynard,-,1,Blanks,30,State Senate,Middlesex and Worcester
Maynard,-,1,Total Votes Cast,1347,State Senate,Middlesex and Worcester
Maynard,-,2,James B. Eldridge,844,State Senate,Middlesex and Worcester
Maynard,-,2,Anthony Christakis,261,State Senate,Middlesex and Worcester
Maynard,-,2,All Others,1,State Senate,Middlesex and Worcester
Maynard,-,2,Blanks,26,State Senate,Middlesex and Worcester
Maynard,-,2,Total Votes Cast,1132,State Senate,Middlesex and Worcester
Maynard,-,3,James B. Eldridge,1133,State Senate,Middlesex and Worcester
Maynard,-,3,Anthony Christakis,398,State Senate,Middlesex and Worcester
Maynard,-,3,All Others,3,State Senate,Middlesex and Worcester
Maynard,-,3,Blanks,39,State Senate,Middlesex and Worcester
Maynard,-,3,Total Votes Cast,1573,State Senate,Middlesex and Worcester
Maynard,-,4,James B. Eldridge,803,State Senate,Middlesex and Worcester
Maynard,-,4,Anthony Christakis,299,State Senate,Middlesex and Worcester
Maynard,-,4,All Others,0,State Senate,Middlesex and Worcester
Maynard,-,4,Blanks,28,State Senate,Middlesex and Worcester
Maynard,-,4,Total Votes Cast,1130,State Senate,Middlesex and Worcester
Medfield,-,1,Rebecca L. Rausch,914,State Senate,"Norfolk, Worcester & Middlesex"
Medfield,-,1,Shawn C. Dooley,691,State Senate,"Norfolk, Worcester & Middlesex"
Medfield,-,1,All Others,0,State Senate,"Norfolk, Worcester & Middlesex"
Medfield,-,1,Blanks,52,State Senate,"Norfolk, Worcester & Middlesex"
Medfield,-,1,Total Votes Cast,1657,State Senate,"Norfolk, Worcester & Middlesex"
Medfield,-,2,Rebecca L. Rausch,816,State Senate,"Norfolk, Worcester & Middlesex"
Medfield,-,2,Shawn C. Dooley,660,State Senate,"Norfolk, Worcester & Middlesex"
Medfield,-,2,All Others,1,State Senate,"Norfolk, Worcester & Middlesex"
Medfield,-,2,Blanks,46,State Senate,"Norfolk, Worcester & Middlesex"
Medfield,-,2,Total Votes Cast,1523,State Senate,"Norfolk, Worcester & Middlesex"
Medfield,-,3,Rebecca L. Rausch,814,State Senate,"Norfolk, Worcester & Middlesex"
Medfield,-,3,Shawn C. Dooley,777,State Senate,"Norfolk, Worcester & Middlesex"
Medfield,-,3,All Others,0,State Senate,"Norfolk, Worcester & Middlesex"
Medfield,-,3,Blanks,36,State Senate,"Norfolk, Worcester & Middlesex"
Medfield,-,3,Total Votes Cast,1627,State Senate,"Norfolk, Worcester & Middlesex"
Medfield,-,4,Rebecca L. Rausch,797,State Senate,"Norfolk, Worcester & Middlesex"
Medfield,-,4,Shawn C. Dooley,709,State Senate,"Norfolk, Worcester & Middlesex"
Medfield,-,4,All Others,0,State Senate,"Norfolk, Worcester & Middlesex"
Medfield,-,4,Blanks,40,State Senate,"Norfolk, Worcester & Middlesex"
Medfield,-,4,Total Votes Cast,1546,State Senate,"Norfolk, Worcester & Middlesex"
Medford,1,1,Patricia D. Jehlen,933,State Senate,Second Middlesex
Medford,1,1,All Others,0,State Senate,Second Middlesex
Medford,1,1,Blanks,335,State Senate,Second Middlesex
Medford,1,1,Total Votes Cast,1268,State Senate,Second Middlesex
Medford,1,2,Patricia D. Jehlen,1082,State Senate,Second Middlesex
Medford,1,2,All Others,0,State Senate,Second Middlesex
Medford,1,2,Blanks,345,State Senate,Second Middlesex
Medford,1,2,Total Votes Cast,1427,State Senate,Second Middlesex
Medford,2,1,Patricia D. Jehlen,903,State Senate,Second Middlesex
Medford,2,1,All Others,0,State Senate,Second Middlesex
Medford,2,1,Blanks,364,State Senate,Second Middlesex
Medford,2,1,Total Votes Cast,1267,State Senate,Second Middlesex
Medford,2,2,Patricia D. Jehlen,1271,State Senate,Second Middlesex
Medford,2,2,All Others,0,State Senate,Second Middlesex
Medford,2,2,Blanks,575,State Senate,Second Middlesex
Medford,2,2,Total Votes Cast,1846,State Senate,Second Middlesex
Medford,3,1,Patricia D. Jehlen,1219,State Senate,Second Middlesex
Medford,3,1,All Others,0,State Senate,Second Middlesex
Medford,3,1,Blanks,525,State Senate,Second Middlesex
Medford,3,1,Total Votes Cast,1744,State Senate,Second Middlesex
Medford,3,2,Patricia D. Jehlen,1346,State Senate,Second Middlesex
Medford,3,2,All Others,0,State Senate,Second Middlesex
Medford,3,2,Blanks,609,State Senate,Second Middlesex
Medford,3,2,Total Votes Cast,1955,State Senate,Second Middlesex
Medford,4,1,Patricia D. Jehlen,539,State Senate,Second Middlesex
Medford,4,1,All Others,0,State Senate,Second Middlesex
Medford,4,1,Blanks,127,State Senate,Second Middlesex
Medford,4,1,Total Votes Cast,666,State Senate,Second Middlesex
Medford,4,2,Patricia D. Jehlen,1139,State Senate,Second Middlesex
Medford,4,2,All Others,0,State Senate,Second Middlesex
Medford,4,2,Blanks,359,State Senate,Second Middlesex
Medford,4,2,Total Votes Cast,1498,State Senate,Second Middlesex
Medford,5,1,Patricia D. Jehlen,1039,State Senate,Second Middlesex
Medford,5,1,All Others,0,State Senate,Second Middlesex
Medford,5,1,Blanks,244,State Senate,Second Middlesex
Medford,5,1,Total Votes Cast,1283,State Senate,Second Middlesex
Medford,5,2,Patricia D. Jehlen,1000,State Senate,Second Middlesex
Medford,5,2,All Others,0,State Senate,Second Middlesex
Medford,5,2,Blanks,199,State Senate,Second Middlesex
Medford,5,2,Total Votes Cast,1199,State Senate,Second Middlesex
Medford,6,1,Patricia D. Jehlen,1370,State Senate,Second Middlesex
Medford,6,1,All Others,0,State Senate,Second Middlesex
Medford,6,1,Blanks,350,State Senate,Second Middlesex
Medford,6,1,Total Votes Cast,1720,State Senate,Second Middlesex
Medford,6,2,Patricia D. Jehlen,1192,State Senate,Second Middlesex
Medford,6,2,All Others,0,State Senate,Second Middlesex
Medford,6,2,Blanks,387,State Senate,Second Middlesex
Medford,6,2,Total Votes Cast,1579,State Senate,Second Middlesex
Medford,6,2A,Patricia D. Jehlen,55,State Senate,Second Middlesex
Medford,6,2A,All Others,0,State Senate,Second Middlesex
Medford,6,2A,Blanks,26,State Senate,Second Middlesex
Medford,6,2A,Total Votes Cast,81,State Senate,Second Middlesex
Medford,7,1,Patricia D. Jehlen,563,State Senate,Second Middlesex
Medford,7,1,All Others,0,State Senate,Second Middlesex
Medford,7,1,Blanks,153,State Senate,Second Middlesex
Medford,7,1,Total Votes Cast,716,State Senate,Second Middlesex
Medford,7,2,Patricia D. Jehlen,670,State Senate,Second Middlesex
Medford,7,2,All Others,0,State Senate,Second Middlesex
Medford,7,2,Blanks,166,State Senate,Second Middlesex
Medford,7,2,Total Votes Cast,836,State Senate,Second Middlesex
Medford,7,2A,Patricia D. Jehlen,70,State Senate,Second Middlesex
Medford,7,2A,All Others,0,State Senate,Second Middlesex
Medford,7,2A,Blanks,32,State Senate,Second Middlesex
Medford,7,2A,Total Votes Cast,102,State Senate,Second Middlesex
Medford,8,1,Patricia D. Jehlen,1145,State Senate,Second Middlesex
Medford,8,1,All Others,0,State Senate,Second Middlesex
Medford,8,1,Blanks,370,State Senate,Second Middlesex
Medford,8,1,Total Votes Cast,1515,State Senate,Second Middlesex
Medford,8,2,Patricia D. Jehlen,918,State Senate,Second Middlesex
Medford,8,2,All Others,0,State Senate,Second Middlesex
Medford,8,2,Blanks,322,State Senate,Second Middlesex
Medford,8,2,Total Votes Cast,1240,State Senate,Second Middlesex
Medway,-,1,Karen E. Spilka,1011,State Senate,Middlesex and Norfolk
Medway,-,1,All Others,46,State Senate,Middlesex and Norfolk
Medway,-,1,Blanks,395,State Senate,Middlesex and Norfolk
Medway,-,1,Total Votes Cast,1452,State Senate,Middlesex and Norfolk
Medway,-,2,Karen E. Spilka,1137,State Senate,Middlesex and Norfolk
Medway,-,2,All Others,54,State Senate,Middlesex and Norfolk
Medway,-,2,Blanks,364,State Senate,Middlesex and Norfolk
Medway,-,2,Total Votes Cast,1555,State Senate,Middlesex and Norfolk
Medway,-,3,Karen E. Spilka,1166,State Senate,Middlesex and Norfolk
Medway,-,3,All Others,46,State Senate,Middlesex and Norfolk
Medway,-,3,Blanks,443,State Senate,Middlesex and Norfolk
Medway,-,3,Total Votes Cast,1655,State Senate,Middlesex and Norfolk
Medway,-,4,Karen E. Spilka,1090,State Senate,Middlesex and Norfolk
Medway,-,4,All Others,38,State Senate,Middlesex and Norfolk
Medway,-,4,Blanks,419,State Senate,Middlesex and Norfolk
Medway,-,4,Total Votes Cast,1547,State Senate,Middlesex and Norfolk
Melrose,1,1,Jason M. Lewis,787,State Senate,Fifth Middlesex
Melrose,1,1,"Edward F. Dombroski, Jr",303,State Senate,Fifth Middlesex
Melrose,1,1,All Others,0,State Senate,Fifth Middlesex
Melrose,1,1,Blanks,39,State Senate,Fifth Middlesex
Melrose,1,1,Total Votes Cast,1129,State Senate,Fifth Middlesex
Melrose,1,2,Jason M. Lewis,638,State Senate,Fifth Middlesex
Melrose,1,2,"Edward F. Dombroski, Jr",242,State Senate,Fifth Middlesex
Melrose,1,2,All Others,2,State Senate,Fifth Middlesex
Melrose,1,2,Blanks,28,State Senate,Fifth Middlesex
Melrose,1,2,Total Votes Cast,910,State Senate,Fifth Middlesex
Melrose,2,1,Jason M. Lewis,670,State Senate,Fifth Middlesex
Melrose,2,1,"Edward F. Dombroski, Jr",395,State Senate,Fifth Middlesex
Melrose,2,1,All Others,2,State Senate,Fifth Middlesex
Melrose,2,1,Blanks,40,State Senate,Fifth Middlesex
Melrose,2,1,Total Votes Cast,1107,State Senate,Fifth Middlesex
Melrose,2,2,Jason M. Lewis,648,State Senate,Fifth Middlesex
Melrose,2,2,"Edward F. Dombroski, Jr",297,State Senate,Fifth Middlesex
Melrose,2,2,All Others,0,State Senate,Fifth Middlesex
Melrose,2,2,Blanks,30,State Senate,Fifth Middlesex
Melrose,2,2,Total Votes Cast,975,State Senate,Fifth Middlesex
Melrose,3,1,Jason M. Lewis,629,State Senate,Fifth Middlesex
Melrose,3,1,"Edward F. Dombroski, Jr",241,State Senate,Fifth Middlesex
Melrose,3,1,All Others,1,State Senate,Fifth Middlesex
Melrose,3,1,Blanks,37,State Senate,Fifth Middlesex
Melrose,3,1,Total Votes Cast,908,State Senate,Fifth Middlesex
Melrose,3,2,Jason M. Lewis,662,State Senate,Fifth Middlesex
Melrose,3,2,"Edward F. Dombroski, Jr",284,State Senate,Fifth Middlesex
Melrose,3,2,All Others,5,State Senate,Fifth Middlesex
Melrose,3,2,Blanks,36,State Senate,Fifth Middlesex
Melrose,3,2,Total Votes Cast,987,State Senate,Fifth Middlesex
Melrose,4,1,Jason M. Lewis,612,State Senate,Fifth Middlesex
Melrose,4,1,"Edward F. Dombroski, Jr",244,State Senate,Fifth Middlesex
Melrose,4,1,All Others,1,State Senate,Fifth Middlesex
Melrose,4,1,Blanks,24,State Senate,Fifth Middlesex
Melrose,4,1,Total Votes Cast,881,State Senate,Fifth Middlesex
Melrose,4,2,Jason M. Lewis,641,State Senate,Fifth Middlesex
Melrose,4,2,"Edward F. Dombroski, Jr",425,State Senate,Fifth Middlesex
Melrose,4,2,All Others,3,State Senate,Fifth Middlesex
Melrose,4,2,Blanks,47,State Senate,Fifth Middlesex
Melrose,4,2,Total Votes Cast,1116,State Senate,Fifth Middlesex
Melrose,5,1,Jason M. Lewis,464,State Senate,Fifth Middlesex
Melrose,5,1,"Edward F. Dombroski, Jr",172,State Senate,Fifth Middlesex
Melrose,5,1,All Others,0,State Senate,Fifth Middlesex
Melrose,5,1,Blanks,19,State Senate,Fifth Middlesex
Melrose,5,1,Total Votes Cast,655,State Senate,Fifth Middlesex
Melrose,5,2,Jason M. Lewis,491,State Senate,Fifth Middlesex
Melrose,5,2,"Edward F. Dombroski, Jr",144,State Senate,Fifth Middlesex
Melrose,5,2,All Others,0,State Senate,Fifth Middlesex
Melrose,5,2,Blanks,19,State Senate,Fifth Middlesex
Melrose,5,2,Total Votes Cast,654,State Senate,Fifth Middlesex
Melrose,6,1,Jason M. Lewis,619,State Senate,Fifth Middlesex
Melrose,6,1,"Edward F. Dombroski, Jr",243,State Senate,Fifth Middlesex
Melrose,6,1,All Others,0,State Senate,Fifth Middlesex
Melrose,6,1,Blanks,30,State Senate,Fifth Middlesex
Melrose,6,1,Total Votes Cast,892,State Senate,Fifth Middlesex
Melrose,6,2,Jason M. Lewis,726,State Senate,Fifth Middlesex
Melrose,6,2,"Edward F. Dombroski, Jr",366,State Senate,Fifth Middlesex
Melrose,6,2,All Others,1,State Senate,Fifth Middlesex
Melrose,6,2,Blanks,48,State Senate,Fifth Middlesex
Melrose,6,2,Total Votes Cast,1141,State Senate,Fifth Middlesex
Melrose,7,1,Jason M. Lewis,672,State Senate,Fifth Middlesex
Melrose,7,1,"Edward F. Dombroski, Jr",295,State Senate,Fifth Middlesex
Melrose,7,1,All Others,1,State Senate,Fifth Middlesex
Melrose,7,1,Blanks,30,State Senate,Fifth Middlesex
Melrose,7,1,Total Votes Cast,998,State Senate,Fifth Middlesex
Melrose,7,2,Jason M. Lewis,681,State Senate,Fifth Middlesex
Melrose,7,2,"Edward F. Dombroski, Jr",374,State Senate,Fifth Middlesex
Melrose,7,2,All Others,2,State Senate,Fifth Middlesex
Melrose,7,2,Blanks,27,State Senate,Fifth Middlesex
Melrose,7,2,Total Votes Cast,1084,State Senate,Fifth Middlesex
Mendon,-,1,Ryan C. Fattman,945,State Senate,Worcester & Hampden
Mendon,-,1,All Others,22,State Senate,Worcester & Hampden
Mendon,-,1,Blanks,414,State Senate,Worcester & Hampden
Mendon,-,1,Total Votes Cast,1381,State Senate,Worcester & Hampden
Mendon,-,2,Ryan C. Fattman,1027,State Senate,Worcester & Hampden
Mendon,-,2,All Others,18,State Senate,Worcester & Hampden
Mendon,-,2,Blanks,397,State Senate,Worcester & Hampden
Mendon,-,2,Total Votes Cast,1442,State Senate,Worcester & Hampden
Merrimac,-,1,Barry R. Finegold,827,State Senate,Second Essex and Middlesex
Merrimac,-,1,SalvatorE Paul Defranco,692,State Senate,Second Essex and Middlesex
Merrimac,-,1,All Others,1,State Senate,Second Essex and Middlesex
Merrimac,-,1,Blanks,42,State Senate,Second Essex and Middlesex
Merrimac,-,1,Total Votes Cast,1562,State Senate,Second Essex and Middlesex
Merrimac,-,2,Barry R. Finegold,876,State Senate,Second Essex and Middlesex
Merrimac,-,2,SalvatorE Paul Defranco,813,State Senate,Second Essex and Middlesex
Merrimac,-,2,All Others,0,State Senate,Second Essex and Middlesex
Merrimac,-,2,Blanks,39,State Senate,Second Essex and Middlesex
Merrimac,-,2,Total Votes Cast,1728,State Senate,Second Essex and Middlesex
Methuen,-,1,Pavel M. Payano,416,State Senate,First Essex
Methuen,-,1,All Others,18,State Senate,First Essex
Methuen,-,1,Blanks,123,State Senate,First Essex
Methuen,-,1,Total Votes Cast,557,State Senate,First Essex
Methuen,-,10,Pavel M. Payano,716,State Senate,First Essex
Methuen,-,10,All Others,48,State Senate,First Essex
Methuen,-,10,Blanks,412,State Senate,First Essex
Methuen,-,10,Total Votes Cast,1176,State Senate,First Essex
Methuen,-,11,Pavel M. Payano,908,State Senate,First Essex
Methuen,-,11,All Others,59,State Senate,First Essex
Methuen,-,11,Blanks,696,State Senate,First Essex
Methuen,-,11,Total Votes Cast,1663,State Senate,First Essex
Methuen,-,12,Pavel M. Payano,715,State Senate,First Essex
Methuen,-,12,All Others,36,State Senate,First Essex
Methuen,-,12,Blanks,434,State Senate,First Essex
Methuen,-,12,Total Votes Cast,1185,State Senate,First Essex
Methuen,-,13,Pavel M. Payano,467,State Senate,First Essex
Methuen,-,13,All Others,35,State Senate,First Essex
Methuen,-,13,Blanks,264,State Senate,First Essex
Methuen,-,13,Total Votes Cast,766,State Senate,First Essex
Methuen,-,13A,Pavel M. Payano,290,State Senate,First Essex
Methuen,-,13A,All Others,12,State Senate,First Essex
Methuen,-,13A,Blanks,113,State Senate,First Essex
Methuen,-,13A,Total Votes Cast,415,State Senate,First Essex
Methuen,-,14,Pavel M. Payano,660,State Senate,First Essex
Methuen,-,14,All Others,35,State Senate,First Essex
Methuen,-,14,Blanks,275,State Senate,First Essex
Methuen,-,14,Total Votes Cast,970,State Senate,First Essex
Methuen,-,15,Pavel M. Payano,506,State Senate,First Essex
Methuen,-,15,All Others,30,State Senate,First Essex
Methuen,-,15,Blanks,184,State Senate,First Essex
Methuen,-,15,Total Votes Cast,720,State Senate,First Essex
Methuen,-,2,Pavel M. Payano,463,State Senate,First Essex
Methuen,-,2,All Others,23,State Senate,First Essex
Methuen,-,2,Blanks,165,State Senate,First Essex
Methuen,-,2,Total Votes Cast,651,State Senate,First Essex
Methuen,-,3,Pavel M. Payano,701,State Senate,First Essex
Methuen,-,3,All Others,34,State Senate,First Essex
Methuen,-,3,Blanks,338,State Senate,First Essex
Methuen,-,3,Total Votes Cast,1073,State Senate,First Essex
Methuen,-,4,Pavel M. Payano,591,State Senate,First Essex
Methuen,-,4,All Others,42,State Senate,First Essex
Methuen,-,4,Blanks,264,State Senate,First Essex
Methuen,-,4,Total Votes Cast,897,State Senate,First Essex
Methuen,-,5,Pavel M. Payano,676,State Senate,First Essex
Methuen,-,5,All Others,48,State Senate,First Essex
Methuen,-,5,Blanks,355,State Senate,First Essex
Methuen,-,5,Total Votes Cast,1079,State Senate,First Essex
Methuen,-,6,Pavel M. Payano,588,State Senate,First Essex
Methuen,-,6,All Others,43,State Senate,First Essex
Methuen,-,6,Blanks,351,State Senate,First Essex
Methuen,-,6,Total Votes Cast,982,State Senate,First Essex
Methuen,-,6A,Pavel M. Payano,80,State Senate,First Essex
Methuen,-,6A,All Others,4,State Senate,First Essex
Methuen,-,6A,Blanks,30,State Senate,First Essex
Methuen,-,6A,Total Votes Cast,114,State Senate,First Essex
Methuen,-,7,Pavel M. Payano,871,State Senate,First Essex
Methuen,-,7,All Others,46,State Senate,First Essex
Methuen,-,7,Blanks,458,State Senate,First Essex
Methuen,-,7,Total Votes Cast,1375,State Senate,First Essex
Methuen,-,8,Pavel M. Payano,807,State Senate,First Essex
Methuen,-,8,All Others,71,State Senate,First Essex
Methuen,-,8,Blanks,510,State Senate,First Essex
Methuen,-,8,Total Votes Cast,1388,State Senate,First Essex
Methuen,-,9,Pavel M. Payano,781,State Senate,First Essex
Methuen,-,9,All Others,54,State Senate,First Essex
Methuen,-,9,Blanks,529,State Senate,First Essex
Methuen,-,9,Total Votes Cast,1364,State Senate,First Essex
Middleborough,-,1,Marc R. Pacheco,1047,State Senate,Third Bristol & Plymouth
Middleborough,-,1,Maria S. Collins,954,State Senate,Third Bristol & Plymouth
Middleborough,-,1,All Others,0,State Senate,Third Bristol & Plymouth
Middleborough,-,1,Blanks,64,State Senate,Third Bristol & Plymouth
Middleborough,-,1,Total Votes Cast,2065,State Senate,Third Bristol & Plymouth
Middleborough,-,2,Marc R. Pacheco,599,State Senate,Third Bristol & Plymouth
Middleborough,-,2,Maria S. Collins,504,State Senate,Third Bristol & Plymouth
Middleborough,-,2,All Others,1,State Senate,Third Bristol & Plymouth
Middleborough,-,2,Blanks,27,State Senate,Third Bristol & Plymouth
Middleborough,-,2,Total Votes Cast,1131,State Senate,Third Bristol & Plymouth
Middleborough,-,3,Marc R. Pacheco,692,State Senate,Third Bristol & Plymouth
Middleborough,-,3,Maria S. Collins,723,State Senate,Third Bristol & Plymouth
Middleborough,-,3,All Others,1,State Senate,Third Bristol & Plymouth
Middleborough,-,3,Blanks,35,State Senate,Third Bristol & Plymouth
Middleborough,-,3,Total Votes Cast,1451,State Senate,Third Bristol & Plymouth
Middleborough,-,4,Marc R. Pacheco,504,State Senate,Third Bristol & Plymouth
Middleborough,-,4,Maria S. Collins,416,State Senate,Third Bristol & Plymouth
Middleborough,-,4,All Others,0,State Senate,Third Bristol & Plymouth
Middleborough,-,4,Blanks,27,State Senate,Third Bristol & Plymouth
Middleborough,-,4,Total Votes Cast,947,State Senate,Third Bristol & Plymouth
Middleborough,-,5,Marc R. Pacheco,598,State Senate,Third Bristol & Plymouth
Middleborough,-,5,Maria S. Collins,649,State Senate,Third Bristol & Plymouth
Middleborough,-,5,All Others,0,State Senate,Third Bristol & Plymouth
Middleborough,-,5,Blanks,33,State Senate,Third Bristol & Plymouth
Middleborough,-,5,Total Votes Cast,1280,State Senate,Third Bristol & Plymouth
Middleborough,-,5A,Marc R. Pacheco,100,State Senate,Third Bristol & Plymouth
Middleborough,-,5A,Maria S. Collins,150,State Senate,Third Bristol & Plymouth
Middleborough,-,5A,All Others,0,State Senate,Third Bristol & Plymouth
Middleborough,-,5A,Blanks,12,State Senate,Third Bristol & Plymouth
Middleborough,-,5A,Total Votes Cast,262,State Senate,Third Bristol & Plymouth
Middleborough,-,6,Marc R. Pacheco,665,State Senate,Third Bristol & Plymouth
Middleborough,-,6,Maria S. Collins,676,State Senate,Third Bristol & Plymouth
Middleborough,-,6,All Others,1,State Senate,Third Bristol & Plymouth
Middleborough,-,6,Blanks,37,State Senate,Third Bristol & Plymouth
Middleborough,-,6,Total Votes Cast,1379,State Senate,Third Bristol & Plymouth
Middleborough,-,7,Marc R. Pacheco,462,State Senate,Third Bristol & Plymouth
Middleborough,-,7,Maria S. Collins,467,State Senate,Third Bristol & Plymouth
Middleborough,-,7,All Others,1,State Senate,Third Bristol & Plymouth
Middleborough,-,7,Blanks,36,State Senate,Third Bristol & Plymouth
Middleborough,-,7,Total Votes Cast,966,State Senate,Third Bristol & Plymouth
Middleborough,-,7A,Marc R. Pacheco,143,State Senate,Third Bristol & Plymouth
Middleborough,-,7A,Maria S. Collins,213,State Senate,Third Bristol & Plymouth
Middleborough,-,7A,All Others,0,State Senate,Third Bristol & Plymouth
Middleborough,-,7A,Blanks,8,State Senate,Third Bristol & Plymouth
Middleborough,-,7A,Total Votes Cast,364,State Senate,Third Bristol & Plymouth
Middlefield,,,Paul W. Mark,170,State Senate,"Berkshire, Hampden, Franklin & Hampshire"
Middlefield,,,Brendan M. Phair,73,State Senate,"Berkshire, Hampden, Franklin & Hampshire"
Middlefield,,,All Others,0,State Senate,"Berkshire, Hampden, Franklin & Hampshire"
Middlefield,,,Blanks,14,State Senate,"Berkshire, Hampden, Franklin & Hampshire"
Middlefield,,,Total Votes Cast,257,State Senate,"Berkshire, Hampden, Franklin & Hampshire"
Middleton,-,1,Bruce E. Tarr,1267,State Senate,First Essex and Middlesex
Middleton,-,1,Terence William Cudney,356,State Senate,First Essex and Middlesex
Middleton,-,1,All Others,8,State Senate,First Essex and Middlesex
Middleton,-,1,Blanks,115,State Senate,First Essex and Middlesex
Middleton,-,1,Total Votes Cast,1746,State Senate,First Essex and Middlesex
Middleton,-,2,Bruce E. Tarr,845,State Senate,First Essex and Middlesex
Middleton,-,2,Terence William Cudney,251,State Senate,First Essex and Middlesex
Middleton,-,2,All Others,3,State Senate,First Essex and Middlesex
Middleton,-,2,Blanks,71,State Senate,First Essex and Middlesex
Middleton,-,2,Total Votes Cast,1170,State Senate,First Essex and Middlesex
Middleton,-,3,Bruce E. Tarr,1084,State Senate,First Essex and Middlesex
Middleton,-,3,Terence William Cudney,310,State Senate,First Essex and Middlesex
Middleton,-,3,All Others,7,State Senate,First Essex and Middlesex
Middleton,-,3,Blanks,83,State Senate,First Essex and Middlesex
Middleton,-,3,Total Votes Cast,1484,State Senate,First Essex and Middlesex
Milford,-,1,Rebecca L. Rausch,380,State Senate,"Norfolk, Worcester & Middlesex"
Milford,-,1,Shawn C. Dooley,293,State Senate,"Norfolk, Worcester & Middlesex"
Milford,-,1,All Others,0,State Senate,"Norfolk, Worcester & Middlesex"
Milford,-,1,Blanks,21,State Senate,"Norfolk, Worcester & Middlesex"
Milford,-,1,Total Votes Cast,694,State Senate,"Norfolk, Worcester & Middlesex"
Milford,-,2,Rebecca L. Rausch,654,State Senate,"Norfolk, Worcester & Middlesex"
Milford,-,2,Shawn C. Dooley,554,State Senate,"Norfolk, Worcester & Middlesex"
Milford,-,2,All Others,2,State Senate,"Norfolk, Worcester & Middlesex"
Milford,-,2,Blanks,43,State Senate,"Norfolk, Worcester & Middlesex"
Milford,-,2,Total Votes Cast,1253,State Senate,"Norfolk, Worcester & Middlesex"
Milford,-,3,Rebecca L. Rausch,528,State Senate,"Norfolk, Worcester & Middlesex"
Milford,-,3,Shawn C. Dooley,491,State Senate,"Norfolk, Worcester & Middlesex"
Milford,-,3,All Others,0,State Senate,"Norfolk, Worcester & Middlesex"
Milford,-,3,Blanks,49,State Senate,"Norfolk, Worcester & Middlesex"
Milford,-,3,Total Votes Cast,1068,State Senate,"Norfolk, Worcester & Middlesex"
Milford,-,4,Rebecca L. Rausch,389,State Senate,"Norfolk, Worcester & Middlesex"
Milford,-,4,Shawn C. Dooley,347,State Senate,"Norfolk, Worcester & Middlesex"
Milford,-,4,All Others,0,State Senate,"Norfolk, Worcester & Middlesex"
Milford,-,4,Blanks,37,State Senate,"Norfolk, Worcester & Middlesex"
Milford,-,4,Total Votes Cast,773,State Senate,"Norfolk, Worcester & Middlesex"
Milford,-,5,Rebecca L. Rausch,815,State Senate,"Norfolk, Worcester & Middlesex"
Milford,-,5,Shawn C. Dooley,751,State Senate,"Norfolk, Worcester & Middlesex"
Milford,-,5,All Others,1,State Senate,"Norfolk, Worcester & Middlesex"
Milford,-,5,Blanks,51,State Senate,"Norfolk, Worcester & Middlesex"
Milford,-,5,Total Votes Cast,1618,State Senate,"Norfolk, Worcester & Middlesex"
Milford,-,6,Rebecca L. Rausch,703,State Senate,"Norfolk, Worcester & Middlesex"
Milford,-,6,Shawn C. Dooley,530,State Senate,"Norfolk, Worcester & Middlesex"
Milford,-,6,All Others,0,State Senate,"Norfolk, Worcester & Middlesex"
Milford,-,6,Blanks,41,State Senate,"Norfolk, Worcester & Middlesex"
Milford,-,6,Total Votes Cast,1274,State Senate,"Norfolk, Worcester & Middlesex"
Milford,-,7,Rebecca L. Rausch,896,State Senate,"Norfolk, Worcester & Middlesex"
Milford,-,7,Shawn C. Dooley,709,State Senate,"Norfolk, Worcester & Middlesex"
Milford,-,7,All Others,1,State Senate,"Norfolk, Worcester & Middlesex"
Milford,-,7,Blanks,62,State Senate,"Norfolk, Worcester & Middlesex"
Milford,-,7,Total Votes Cast,1668,State Senate,"Norfolk, Worcester & Middlesex"
Milford,-,8,Rebecca L. Rausch,801,State Senate,"Norfolk, Worcester & Middlesex"
Milford,-,8,Shawn C. Dooley,566,State Senate,"Norfolk, Worcester & Middlesex"
Milford,-,8,All Others,1,State Senate,"Norfolk, Worcester & Middlesex"
Milford,-,8,Blanks,53,State Senate,"Norfolk, Worcester & Middlesex"
Milford,-,8,Total Votes Cast,1421,State Senate,"Norfolk, Worcester & Middlesex"
Millbury,-,1,Michael O. Moore,1067,State Senate,Second Worcester
Millbury,-,1,All Others,6,State Senate,Second Worcester
Millbury,-,1,Blanks,312,State Senate,Second Worcester
Millbury,-,1,Total Votes Cast,1385,State Senate,Second Worcester
Millbury,-,2,Michael O. Moore,1231,State Senate,Second Worcester
Millbury,-,2,All Others,11,State Senate,Second Worcester
Millbury,-,2,Blanks,391,State Senate,Second Worcester
Millbury,-,2,Total Votes Cast,1633,State Senate,Second Worcester
Millbury,-,3,Michael O. Moore,988,State Senate,Second Worcester
Millbury,-,3,All Others,6,State Senate,Second Worcester
Millbury,-,3,Blanks,325,State Senate,Second Worcester
Millbury,-,3,Total Votes Cast,1319,State Senate,Second Worcester
Millbury,-,4,Michael O. Moore,1012,State Senate,Second Worcester
Millbury,-,4,All Others,10,State Senate,Second Worcester
Millbury,-,4,Blanks,314,State Senate,Second Worcester
Millbury,-,4,Total Votes Cast,1336,State Senate,Second Worcester
Millis,-,1,Rebecca L. Rausch,662,State Senate,"Norfolk, Worcester & Middlesex"
Millis,-,1,Shawn C. Dooley,656,State Senate,"Norfolk, Worcester & Middlesex"
Millis,-,1,All Others,0,State Senate,"Norfolk, Worcester & Middlesex"
Millis,-,1,Blanks,15,State Senate,"Norfolk, Worcester & Middlesex"
Millis,-,1,Total Votes Cast,1333,State Senate,"Norfolk, Worcester & Middlesex"
Millis,-,2,Rebecca L. Rausch,642,State Senate,"Norfolk, Worcester & Middlesex"
Millis,-,2,Shawn C. Dooley,696,State Senate,"Norfolk, Worcester & Middlesex"
Millis,-,2,All Others,0,State Senate,"Norfolk, Worcester & Middlesex"
Millis,-,2,Blanks,55,State Senate,"Norfolk, Worcester & Middlesex"
Millis,-,2,Total Votes Cast,1393,State Senate,"Norfolk, Worcester & Middlesex"
Millis,-,3,Rebecca L. Rausch,923,State Senate,"Norfolk, Worcester & Middlesex"
Millis,-,3,Shawn C. Dooley,795,State Senate,"Norfolk, Worcester & Middlesex"
Millis,-,3,All Others,0,State Senate,"Norfolk, Worcester & Middlesex"
Millis,-,3,Blanks,55,State Senate,"Norfolk, Worcester & Middlesex"
Millis,-,3,Total Votes Cast,1773,State Senate,"Norfolk, Worcester & Middlesex"
Millville,,,Ryan C. Fattman,989,State Senate,Worcester & Hampden
Millville,,,All Others,0,State Senate,Worcester & Hampden
Millville,,,Blanks,221,State Senate,Worcester & Hampden
Millville,,,Total Votes Cast,1210,State Senate,Worcester & Hampden
Milton,-,1,"Walter F. Timilty, Jr.",964,State Senate,"Norfolk, Plymouth & Bristol"
Milton,-,1,Brian R. Muello,112,State Senate,"Norfolk, Plymouth & Bristol"
Milton,-,1,All Others,6,State Senate,"Norfolk, Plymouth & Bristol"
Milton,-,1,Blanks,66,State Senate,"Norfolk, Plymouth & Bristol"
Milton,-,1,Total Votes Cast,1148,State Senate,"Norfolk, Plymouth & Bristol"
Milton,-,10,"Walter F. Timilty, Jr.",745,State Senate,"Norfolk, Plymouth & Bristol"
Milton,-,10,Brian R. Muello,126,State Senate,"Norfolk, Plymouth & Bristol"
Milton,-,10,All Others,7,State Senate,"Norfolk, Plymouth & Bristol"
Milton,-,10,Blanks,56,State Senate,"Norfolk, Plymouth & Bristol"
Milton,-,10,Total Votes Cast,934,State Senate,"Norfolk, Plymouth & Bristol"
Milton,-,2,"Walter F. Timilty, Jr.",1090,State Senate,"Norfolk, Plymouth & Bristol"
Milton,-,2,Brian R. Muello,171,State Senate,"Norfolk, Plymouth & Bristol"
Milton,-,2,All Others,14,State Senate,"Norfolk, Plymouth & Bristol"
Milton,-,2,Blanks,125,State Senate,"Norfolk, Plymouth & Bristol"
Milton,-,2,Total Votes Cast,1400,State Senate,"Norfolk, Plymouth & Bristol"
Milton,-,3,"Walter F. Timilty, Jr.",1125,State Senate,"Norfolk, Plymouth & Bristol"
Milton,-,3,Brian R. Muello,200,State Senate,"Norfolk, Plymouth & Bristol"
Milton,-,3,All Others,1,State Senate,"Norfolk, Plymouth & Bristol"
Milton,-,3,Blanks,86,State Senate,"Norfolk, Plymouth & Bristol"
Milton,-,3,Total Votes Cast,1412,State Senate,"Norfolk, Plymouth & Bristol"
Milton,-,4,"Walter F. Timilty, Jr.",620,State Senate,"Norfolk, Plymouth & Bristol"
Milton,-,4,Brian R. Muello,119,State Senate,"Norfolk, Plymouth & Bristol"
Milton,-,4,All Others,4,State Senate,"Norfolk, Plymouth & Bristol"
Milton,-,4,Blanks,52,State Senate,"Norfolk, Plymouth & Bristol"
Milton,-,4,Total Votes Cast,795,State Senate,"Norfolk, Plymouth & Bristol"
Milton,-,4A,"Walter F. Timilty, Jr.",357,State Senate,"Norfolk, Plymouth & Bristol"
Milton,-,4A,Brian R. Muello,57,State Senate,"Norfolk, Plymouth & Bristol"
Milton,-,4A,All Others,4,State Senate,"Norfolk, Plymouth & Bristol"
Milton,-,4A,Blanks,46,State Senate,"Norfolk, Plymouth & Bristol"
Milton,-,4A,Total Votes Cast,464,State Senate,"Norfolk, Plymouth & Bristol"
Milton,-,5,"Walter F. Timilty, Jr.",836,State Senate,"Norfolk, Plymouth & Bristol"
Milton,-,5,Brian R. Muello,209,State Senate,"Norfolk, Plymouth & Bristol"
Milton,-,5,All Others,2,State Senate,"Norfolk, Plymouth & Bristol"
Milton,-,5,Blanks,81,State Senate,"Norfolk, Plymouth & Bristol"
Milton,-,5,Total Votes Cast,1128,State Senate,"Norfolk, Plymouth & Bristol"
Milton,-,6,"Walter F. Timilty, Jr.",1039,State Senate,"Norfolk, Plymouth & Bristol"
Milton,-,6,Brian R. Muello,271,State Senate,"Norfolk, Plymouth & Bristol"
Milton,-,6,All Others,1,State Senate,"Norfolk, Plymouth & Bristol"
Milton,-,6,Blanks,77,State Senate,"Norfolk, Plymouth & Bristol"
Milton,-,6,Total Votes Cast,1388,State Senate,"Norfolk, Plymouth & Bristol"
Milton,-,7,"Walter F. Timilty, Jr.",956,State Senate,"Norfolk, Plymouth & Bristol"
Milton,-,7,Brian R. Muello,247,State Senate,"Norfolk, Plymouth & Bristol"
Milton,-,7,All Others,2,State Senate,"Norfolk, Plymouth & Bristol"
Milton,-,7,Blanks,59,State Senate,"Norfolk, Plymouth & Bristol"
Milton,-,7,Total Votes Cast,1264,State Senate,"Norfolk, Plymouth & Bristol"
Milton,-,8,"Walter F. Timilty, Jr.",1143,State Senate,"Norfolk, Plymouth & Bristol"
Milton,-,8,Brian R. Muello,240,State Senate,"Norfolk, Plymouth & Bristol"
Milton,-,8,All Others,3,State Senate,"Norfolk, Plymouth & Bristol"
Milton,-,8,Blanks,59,State Senate,"Norfolk, Plymouth & Bristol"
Milton,-,8,Total Votes Cast,1445,State Senate,"Norfolk, Plymouth & Bristol"
Milton,-,9,"Walter F. Timilty, Jr.",1050,State Senate,"Norfolk, Plymouth & Bristol"
Milton,-,9,Brian R. Muello,328,State Senate,"Norfolk, Plymouth & Bristol"
Milton,-,9,All Others,5,State Senate,"Norfolk, Plymouth & Bristol"
Milton,-,9,Blanks,76,State Senate,"Norfolk, Plymouth & Bristol"
Milton,-,9,Total Votes Cast,1459,State Senate,"Norfolk, Plymouth & Bristol"
Monroe,,,Paul W. Mark,26,State Senate,"Berkshire, Hampden, Franklin & Hampshire"
Monroe,,,Brendan M. Phair,7,State Senate,"Berkshire, Hampden, Franklin & Hampshire"
Monroe,,,All Others,0,State Senate,"Berkshire, Hampden, Franklin & Hampshire"
Monroe,,,Blanks,5,State Senate,"Berkshire, Hampden, Franklin & Hampshire"
Monroe,,,Total Votes Cast,38,State Senate,"Berkshire, Hampden, Franklin & Hampshire"
Monson,-,A,Ryan C. Fattman,872,State Senate,Worcester & Hampden
Monson,-,A,All Others,0,State Senate,Worcester & Hampden
Monson,-,A,Blanks,361,State Senate,Worcester & Hampden
Monson,-,A,Total Votes Cast,1233,State Senate,Worcester & Hampden
Monson,-,B,Ryan C. Fattman,818,State Senate,Worcester & Hampden
Monson,-,B,All Others,0,State Senate,Worcester & Hampden
Monson,-,B,Blanks,403,State Senate,Worcester & Hampden
Monson,-,B,Total Votes Cast,1221,State Senate,Worcester & Hampden
Monson,-,C,Ryan C. Fattman,902,State Senate,Worcester & Hampden
Monson,-,C,All Others,0,State Senate,Worcester & Hampden
Monson,-,C,Blanks,385,State Senate,Worcester & Hampden
Monson,-,C,Total Votes Cast,1287,State Senate,Worcester & Hampden
Montague,-,1,Jo Comerford,738,State Senate,"Hampshire, Franklin and Worcester"
Montague,-,1,All Others,9,State Senate,"Hampshire, Franklin and Worcester"
Montague,-,1,Blanks,93,State Senate,"Hampshire, Franklin and Worcester"
Montague,-,1,Total Votes Cast,840,State Senate,"Hampshire, Franklin and Worcester"
Montague,-,2,Jo Comerford,433,State Senate,"Hampshire, Franklin and Worcester"
Montague,-,2,All Others,6,State Senate,"Hampshire, Franklin and Worcester"
Montague,-,2,Blanks,104,State Senate,"Hampshire, Franklin and Worcester"
Montague,-,2,Total Votes Cast,543,State Senate,"Hampshire, Franklin and Worcester"
Montague,-,3,Jo Comerford,474,State Senate,"Hampshire, Franklin and Worcester"
Montague,-,3,All Others,9,State Senate,"Hampshire, Franklin and Worcester"
Montague,-,3,Blanks,118,State Senate,"Hampshire, Franklin and Worcester"
Montague,-,3,Total Votes Cast,601,State Senate,"Hampshire, Franklin and Worcester"
Montague,-,4,Jo Comerford,445,State Senate,"Hampshire, Franklin and Worcester"
Montague,-,4,All Others,9,State Senate,"Hampshire, Franklin and Worcester"
Montague,-,4,Blanks,99,State Senate,"Hampshire, Franklin and Worcester"
Montague,-,4,Total Votes Cast,553,State Senate,"Hampshire, Franklin and Worcester"
Montague,-,5,Jo Comerford,338,State Senate,"Hampshire, Franklin and Worcester"
Montague,-,5,All Others,2,State Senate,"Hampshire, Franklin and Worcester"
Montague,-,5,Blanks,52,State Senate,"Hampshire, Franklin and Worcester"
Montague,-,5,Total Votes Cast,392,State Senate,"Hampshire, Franklin and Worcester"
Montague,-,6,Jo Comerford,411,State Senate,"Hampshire, Franklin and Worcester"
Montague,-,6,All Others,1,State Senate,"Hampshire, Franklin and Worcester"
Montague,-,6,Blanks,88,State Senate,"Hampshire, Franklin and Worcester"
Montague,-,6,Total Votes Cast,500,State Senate,"Hampshire, Franklin and Worcester"
Monterey,,,Paul W. Mark,400,State Senate,"Berkshire, Hampden, Franklin & Hampshire"
Monterey,,,Brendan M. Phair,69,State Senate,"Berkshire, Hampden, Franklin & Hampshire"
Monterey,,,All Others,0,State Senate,"Berkshire, Hampden, Franklin & Hampshire"
Monterey,,,Blanks,31,State Senate,"Berkshire, Hampden, Franklin & Hampshire"
Monterey,,,Total Votes Cast,500,State Senate,"Berkshire, Hampden, Franklin & Hampshire"
Montgomery,,,John C. Velis,245,State Senate,Hampden and Hampshire
Montgomery,,,Cecilia P. Calabrese,198,State Senate,Hampden and Hampshire
Montgomery,,,All Others,0,State Senate,Hampden and Hampshire
Montgomery,,,Blanks,5,State Senate,Hampden and Hampshire
Montgomery,,,Total Votes Cast,448,State Senate,Hampden and Hampshire
Mount Washington,,,Paul W. Mark,82,State Senate,"Berkshire, Hampden, Franklin & Hampshire"
Mount Washington,,,Brendan M. Phair,17,State Senate,"Berkshire, Hampden, Franklin & Hampshire"
Mount Washington,,,All Others,0,State Senate,"Berkshire, Hampden, Franklin & Hampshire"
Mount Washington,,,Blanks,7,State Senate,"Berkshire, Hampden, Franklin & Hampshire"
Mount Washington,,,Total Votes Cast,106,State Senate,"Berkshire, Hampden, Franklin & Hampshire"
N. Adams,1,1,Paul W. Mark,611,State Senate,"Berkshire, Hampden, Franklin & Hampshire"
N. Adams,1,1,Brendan M. Phair,160,State Senate,"Berkshire, Hampden, Franklin & Hampshire"
N. Adams,1,1,All Others,0,State Senate,"Berkshire, Hampden, Franklin & Hampshire"
N. Adams,1,1,Blanks,96,State Senate,"Berkshire, Hampden, Franklin & Hampshire"
N. Adams,1,1,Total Votes Cast,867,State Senate,"Berkshire, Hampden, Franklin & Hampshire"
N. Adams,2,2,Paul W. Mark,594,State Senate,"Berkshire, Hampden, Franklin & Hampshire"
N. Adams,2,2,Brendan M. Phair,151,State Senate,"Berkshire, Hampden, Franklin & Hampshire"
N. Adams,2,2,All Others,0,State Senate,"Berkshire, Hampden, Franklin & Hampshire"
N. Adams,2,2,Blanks,58,State Senate,"Berkshire, Hampden, Franklin & Hampshire"
N. Adams,2,2,Total Votes Cast,803,State Senate,"Berkshire, Hampden, Franklin & Hampshire"
N. Adams,3,3,Paul W. Mark,425,State Senate,"Berkshire, Hampden, Franklin & Hampshire"
N. Adams,3,3,Brendan M. Phair,92,State Senate,"Berkshire, Hampden, Franklin & Hampshire"
N. Adams,3,3,All Others,0,State Senate,"Berkshire, Hampden, Franklin & Hampshire"
N. Adams,3,3,Blanks,39,State Senate,"Berkshire, Hampden, Franklin & Hampshire"
N. Adams,3,3,Total Votes Cast,556,State Senate,"Berkshire, Hampden, Franklin & Hampshire"
N. Adams,4,4,Paul W. Mark,658,State Senate,"Berkshire, Hampden, Franklin & Hampshire"
N. Adams,4,4,Brendan M. Phair,165,State Senate,"Berkshire, Hampden, Franklin & Hampshire"
N. Adams,4,4,All Others,0,State Senate,"Berkshire, Hampden, Franklin & Hampshire"
N. Adams,4,4,Blanks,113,State Senate,"Berkshire, Hampden, Franklin & Hampshire"
N. Adams,4,4,Total Votes Cast,936,State Senate,"Berkshire, Hampden, Franklin & Hampshire"
N. Adams,5,5,Paul W. Mark,528,State Senate,"Berkshire, Hampden, Franklin & Hampshire"
N. Adams,5,5,Brendan M. Phair,136,State Senate,"Berkshire, Hampden, Franklin & Hampshire"
N. Adams,5,5,All Others,0,State Senate,"Berkshire, Hampden, Franklin & Hampshire"
N. Adams,5,5,Blanks,76,State Senate,"Berkshire, Hampden, Franklin & Hampshire"
N. Adams,5,5,Total Votes Cast,740,State Senate,"Berkshire, Hampden, Franklin & Hampshire"
N. Andover,-,1,Barry R. Finegold,797,State Senate,Second Essex and Middlesex
N. Andover,-,1,SalvatorE Paul Defranco,470,State Senate,Second Essex and Middlesex
N. Andover,-,1,All Others,1,State Senate,Second Essex and Middlesex
N. Andover,-,1,Blanks,25,State Senate,Second Essex and Middlesex
N. Andover,-,1,Total Votes Cast,1293,State Senate,Second Essex and Middlesex
N. Andover,-,2,Barry R. Finegold,943,State Senate,Second Essex and Middlesex
N. Andover,-,2,SalvatorE Paul Defranco,581,State Senate,Second Essex and Middlesex
N. Andover,-,2,All Others,1,State Senate,Second Essex and Middlesex
N. Andover,-,2,Blanks,36,State Senate,Second Essex and Middlesex
N. Andover,-,2,Total Votes Cast,1561,State Senate,Second Essex and Middlesex
N. Andover,-,3,Barry R. Finegold,855,State Senate,Second Essex and Middlesex
N. Andover,-,3,SalvatorE Paul Defranco,568,State Senate,Second Essex and Middlesex
N. Andover,-,3,All Others,0,State Senate,Second Essex and Middlesex
N. Andover,-,3,Blanks,31,State Senate,Second Essex and Middlesex
N. Andover,-,3,Total Votes Cast,1454,State Senate,Second Essex and Middlesex
N. Andover,-,4,Barry R. Finegold,1228,State Senate,Second Essex and Middlesex
N. Andover,-,4,SalvatorE Paul Defranco,744,State Senate,Second Essex and Middlesex
N. Andover,-,4,All Others,0,State Senate,Second Essex and Middlesex
N. Andover,-,4,Blanks,67,State Senate,Second Essex and Middlesex
N. Andover,-,4,Total Votes Cast,2039,State Senate,Second Essex and Middlesex
N. Andover,-,5,Barry R. Finegold,525,State Senate,Second Essex and Middlesex
N. Andover,-,5,SalvatorE Paul Defranco,324,State Senate,Second Essex and Middlesex
N. Andover,-,5,All Others,0,State Senate,Second Essex and Middlesex
N. Andover,-,5,Blanks,18,State Senate,Second Essex and Middlesex
N. Andover,-,5,Total Votes Cast,867,State Senate,Second Essex and Middlesex
N. Andover,-,6,Barry R. Finegold,1067,State Senate,Second Essex and Middlesex
N. Andover,-,6,SalvatorE Paul Defranco,829,State Senate,Second Essex and Middlesex
N. Andover,-,6,All Others,2,State Senate,Second Essex and Middlesex
N. Andover,-,6,Blanks,46,State Senate,Second Essex and Middlesex
N. Andover,-,6,Total Votes Cast,1944,State Senate,Second Essex and Middlesex
N. Andover,-,7,Bruce E. Tarr,959,State Senate,First Essex and Middlesex
N. Andover,-,7,Terence William Cudney,572,State Senate,First Essex and Middlesex
N. Andover,-,7,All Others,6,State Senate,First Essex and Middlesex
N. Andover,-,7,Blanks,171,State Senate,First Essex and Middlesex
N. Andover,-,7,Total Votes Cast,1708,State Senate,First Essex and Middlesex
N. Andover,-,8,Bruce E. Tarr,1136,State Senate,First Essex and Middlesex
N. Andover,-,8,Terence William Cudney,498,State Senate,First Essex and Middlesex
N. Andover,-,8,All Others,2,State Senate,First Essex and Middlesex
N. Andover,-,8,Blanks,124,State Senate,First Essex and Middlesex
N. Andover,-,8,Total Votes Cast,1760,State Senate,First Essex and Middlesex
N. Attleborough,-,1,Paul R. Feeney,486,State Senate,Bristol and Norfolk
N. Attleborough,-,1,Michael Chaisson,326,State Senate,Bristol and Norfolk
N. Attleborough,-,1,Laura L. Saylor,38,State Senate,Bristol and Norfolk
N. Attleborough,-,1,All Others,0,State Senate,Bristol and Norfolk
N. Attleborough,-,1,Blanks,26,State Senate,Bristol and Norfolk
N. Attleborough,-,1,Total Votes Cast,876,State Senate,Bristol and Norfolk
N. Attleborough,-,2,Paul R. Feeney,698,State Senate,Bristol and Norfolk
N. Attleborough,-,2,Michael Chaisson,517,State Senate,Bristol and Norfolk
N. Attleborough,-,2,Laura L. Saylor,41,State Senate,Bristol and Norfolk
N. Attleborough,-,2,All Others,0,State Senate,Bristol and Norfolk
N. Attleborough,-,2,Blanks,42,State Senate,Bristol and Norfolk
N. Attleborough,-,2,Total Votes Cast,1298,State Senate,Bristol and Norfolk
N. Attleborough,-,3,Paul R. Feeney,615,State Senate,Bristol and Norfolk
N. Attleborough,-,3,Michael Chaisson,639,State Senate,Bristol and Norfolk
N. Attleborough,-,3,Laura L. Saylor,45,State Senate,Bristol and Norfolk
N. Attleborough,-,3,All Others,0,State Senate,Bristol and Norfolk
N. Attleborough,-,3,Blanks,56,State Senate,Bristol and Norfolk
N. Attleborough,-,3,Total Votes Cast,1355,State Senate,Bristol and Norfolk
N. Attleborough,-,4,Paul R. Feeney,603,State Senate,Bristol and Norfolk
N. Attleborough,-,4,Michael Chaisson,370,State Senate,Bristol and Norfolk
N. Attleborough,-,4,Laura L. Saylor,36,State Senate,Bristol and Norfolk
N. Attleborough,-,4,All Others,2,State Senate,Bristol and Norfolk
N. Attleborough,-,4,Blanks,35,State Senate,Bristol and Norfolk
N. Attleborough,-,4,Total Votes Cast,1046,State Senate,Bristol and Norfolk
N. Attleborough,-,5,Paul R. Feeney,599,State Senate,Bristol and Norfolk
N. Attleborough,-,5,Michael Chaisson,485,State Senate,Bristol and Norfolk
N. Attleborough,-,5,Laura L. Saylor,41,State Senate,Bristol and Norfolk
N. Attleborough,-,5,All Others,0,State Senate,Bristol and Norfolk
N. Attleborough,-,5,Blanks,36,State Senate,Bristol and Norfolk
N. Attleborough,-,5,Total Votes Cast,1161,State Senate,Bristol and Norfolk
N. Attleborough,-,6,Paul R. Feeney,729,State Senate,Bristol and Norfolk
N. Attleborough,-,6,Michael Chaisson,596,State Senate,Bristol and Norfolk
N. Attleborough,-,6,Laura L. Saylor,43,State Senate,Bristol and Norfolk
N. Attleborough,-,6,All Others,1,State Senate,Bristol and Norfolk
N. Attleborough,-,6,Blanks,63,State Senate,Bristol and Norfolk
N. Attleborough,-,6,Total Votes Cast,1432,State Senate,Bristol and Norfolk
N. Attleborough,-,7,Paul R. Feeney,799,State Senate,Bristol and Norfolk
N. Attleborough,-,7,Michael Chaisson,721,State Senate,Bristol and Norfolk
N. Attleborough,-,7,Laura L. Saylor,56,State Senate,Bristol and Norfolk
N. Attleborough,-,7,All Others,0,State Senate,Bristol and Norfolk
N. Attleborough,-,7,Blanks,56,State Senate,Bristol and Norfolk
N. Attleborough,-,7,Total Votes Cast,1632,State Senate,Bristol and Norfolk
N. Attleborough,-,8,Paul R. Feeney,704,State Senate,Bristol and Norfolk
N. Attleborough,-,8,Michael Chaisson,597,State Senate,Bristol and Norfolk
N. Attleborough,-,8,Laura L. Saylor,32,State Senate,Bristol and Norfolk
N. Attleborough,-,8,All Others,0,State Senate,Bristol and Norfolk
N. Attleborough,-,8,Blanks,48,State Senate,Bristol and Norfolk
N. Attleborough,-,8,Total Votes Cast,1381,State Senate,Bristol and Norfolk
N. Attleborough,-,9,Paul R. Feeney,618,State Senate,Bristol and Norfolk
N. Attleborough,-,9,Michael Chaisson,544,State Senate,Bristol and Norfolk
N. Attleborough,-,9,Laura L. Saylor,29,State Senate,Bristol and Norfolk
N. Attleborough,-,9,All Others,0,State Senate,Bristol and Norfolk
N. Attleborough,-,9,Blanks,48,State Senate,Bristol and Norfolk
N. Attleborough,-,9,Total Votes Cast,1239,State Senate,Bristol and Norfolk
N. Brookfield,,,Anne M. Gobi,1015,State Senate,Worcester & Hampshire
N. Brookfield,,,James Anthony Amorello,955,State Senate,Worcester & Hampshire
N. Brookfield,,,All Others,0,State Senate,Worcester & Hampshire
N. Brookfield,,,Blanks,34,State Senate,Worcester & Hampshire
N. Brookfield,,,Total Votes Cast,2004,State Senate,Worcester & Hampshire
N. Reading,-,1,Bruce E. Tarr,1294,State Senate,First Essex and Middlesex
N. Reading,-,1,Terence William Cudney,403,State Senate,First Essex and Middlesex
N. Reading,-,1,All Others,0,State Senate,First Essex and Middlesex
N. Reading,-,1,Blanks,144,State Senate,First Essex and Middlesex
N. Reading,-,1,Total Votes Cast,1841,State Senate,First Essex and Middlesex
N. Reading,-,2,Bruce E. Tarr,1127,State Senate,First Essex and Middlesex
N. Reading,-,2,Terence William Cudney,529,State Senate,First Essex and Middlesex
N. Reading,-,2,All Others,3,State Senate,First Essex and Middlesex
N. Reading,-,2,Blanks,200,State Senate,First Essex and Middlesex
N. Reading,-,2,Total Votes Cast,1859,State Senate,First Essex and Middlesex
N. Reading,-,3,Bruce E. Tarr,1196,State Senate,First Essex and Middlesex
N. Reading,-,3,Terence William Cudney,421,State Senate,First Essex and Middlesex
N. Reading,-,3,All Others,3,State Senate,First Essex and Middlesex
N. Reading,-,3,Blanks,165,State Senate,First Essex and Middlesex
N. Reading,-,3,Total Votes Cast,1785,State Senate,First Essex and Middlesex
N. Reading,-,4,Bruce E. Tarr,1255,State Senate,First Essex and Middlesex
N. Reading,-,4,Terence William Cudney,418,State Senate,First Essex and Middlesex
N. Reading,-,4,All Others,2,State Senate,First Essex and Middlesex
N. Reading,-,4,Blanks,178,State Senate,First Essex and Middlesex
N. Reading,-,4,Total Votes Cast,1853,State Senate,First Essex and Middlesex
Nahant,,,Brendan P. Crighton,1335,State Senate,Third Essex
Nahant,,,Annalisa Salustri,460,State Senate,Third Essex
Nahant,,,All Others,8,State Senate,Third Essex
Nahant,,,Blanks,172,State Senate,Third Essex
Nahant,,,Total Votes Cast,1975,State Senate,Third Essex
Nantucket,,,Julian Andre Cyr,3363,State Senate,Cape and Islands
Nantucket,,,Christopher Robert Lauzon,1471,State Senate,Cape and Islands
Nantucket,,,All Others,0,State Senate,Cape and Islands
Nantucket,,,Blanks,121,State Senate,Cape and Islands
Nantucket,,,Total Votes Cast,4955,State Senate,Cape and Islands
Natick,-,1,Karen E. Spilka,737,State Senate,Middlesex and Norfolk
Natick,-,1,All Others,5,State Senate,Middlesex and Norfolk
Natick,-,1,Blanks,167,State Senate,Middlesex and Norfolk
Natick,-,1,Total Votes Cast,909,State Senate,Middlesex and Norfolk
Natick,-,10,Karen E. Spilka,1606,State Senate,Middlesex and Norfolk
Natick,-,10,All Others,19,State Senate,Middlesex and Norfolk
Natick,-,10,Blanks,484,State Senate,Middlesex and Norfolk
Natick,-,10,Total Votes Cast,2109,State Senate,Middlesex and Norfolk
Natick,-,2,Karen E. Spilka,1250,State Senate,Middlesex and Norfolk
Natick,-,2,All Others,5,State Senate,Middlesex and Norfolk
Natick,-,2,Blanks,349,State Senate,Middlesex and Norfolk
Natick,-,2,Total Votes Cast,1604,State Senate,Middlesex and Norfolk
Natick,-,3,Karen E. Spilka,1209,State Senate,Middlesex and Norfolk
Natick,-,3,All Others,12,State Senate,Middlesex and Norfolk
Natick,-,3,Blanks,370,State Senate,Middlesex and Norfolk
Natick,-,3,Total Votes Cast,1591,State Senate,Middlesex and Norfolk
Natick,-,4,Karen E. Spilka,1178,State Senate,Middlesex and Norfolk
Natick,-,4,All Others,6,State Senate,Middlesex and Norfolk
Natick,-,4,Blanks,326,State Senate,Middlesex and Norfolk
Natick,-,4,Total Votes Cast,1510,State Senate,Middlesex and Norfolk
Natick,-,5,Karen E. Spilka,1232,State Senate,Middlesex and Norfolk
Natick,-,5,All Others,4,State Senate,Middlesex and Norfolk
Natick,-,5,Blanks,429,State Senate,Middlesex and Norfolk
Natick,-,5,Total Votes Cast,1665,State Senate,Middlesex and Norfolk
Natick,-,6,Karen E. Spilka,1183,State Senate,Middlesex and Norfolk
Natick,-,6,All Others,4,State Senate,Middlesex and Norfolk
Natick,-,6,Blanks,380,State Senate,Middlesex and Norfolk
Natick,-,6,Total Votes Cast,1567,State Senate,Middlesex and Norfolk
Natick,-,7,Karen E. Spilka,1531,State Senate,Middlesex and Norfolk
Natick,-,7,All Others,11,State Senate,Middlesex and Norfolk
Natick,-,7,Blanks,372,State Senate,Middlesex and Norfolk
Natick,-,7,Total Votes Cast,1914,State Senate,Middlesex and Norfolk
Natick,-,8,Karen E. Spilka,1370,State Senate,Middlesex and Norfolk
Natick,-,8,All Others,8,State Senate,Middlesex and Norfolk
Natick,-,8,Blanks,377,State Senate,Middlesex and Norfolk
Natick,-,8,Total Votes Cast,1755,State Senate,Middlesex and Norfolk
Natick,-,9,Karen E. Spilka,1401,State Senate,Middlesex and Norfolk
Natick,-,9,All Others,3,State Senate,Middlesex and Norfolk
Natick,-,9,Blanks,365,State Senate,Middlesex and Norfolk
Natick,-,9,Total Votes Cast,1769,State Senate,Middlesex and Norfolk
Needham,-,A,Rebecca L. Rausch,909,State Senate,"Norfolk, Worcester & Middlesex"
Needham,-,A,Shawn C. Dooley,351,State Senate,"Norfolk, Worcester & Middlesex"
Needham,-,A,All Others,1,State Senate,"Norfolk, Worcester & Middlesex"
Needham,-,A,Blanks,34,State Senate,"Norfolk, Worcester & Middlesex"
Needham,-,A,Total Votes Cast,1295,State Senate,"Norfolk, Worcester & Middlesex"
Needham,-,B,Rebecca L. Rausch,1086,State Senate,"Norfolk, Worcester & Middlesex"
Needham,-,B,Shawn C. Dooley,428,State Senate,"Norfolk, Worcester & Middlesex"
Needham,-,B,All Others,2,State Senate,"Norfolk, Worcester & Middlesex"
Needham,-,B,Blanks,43,State Senate,"Norfolk, Worcester & Middlesex"
Needham,-,B,Total Votes Cast,1559,State Senate,"Norfolk, Worcester & Middlesex"
Needham,-,C,Rebecca L. Rausch,1062,State Senate,"Norfolk, Worcester & Middlesex"
Needham,-,C,Shawn C. Dooley,430,State Senate,"Norfolk, Worcester & Middlesex"
Needham,-,C,All Others,0,State Senate,"Norfolk, Worcester & Middlesex"
Needham,-,C,Blanks,61,State Senate,"Norfolk, Worcester & Middlesex"
Needham,-,C,Total Votes Cast,1553,State Senate,"Norfolk, Worcester & Middlesex"
Needham,-,D,Rebecca L. Rausch,1012,State Senate,"Norfolk, Worcester & Middlesex"
Needham,-,D,Shawn C. Dooley,420,State Senate,"Norfolk, Worcester & Middlesex"
Needham,-,D,All Others,1,State Senate,"Norfolk, Worcester & Middlesex"
Needham,-,D,Blanks,39,State Senate,"Norfolk, Worcester & Middlesex"
Needham,-,D,Total Votes Cast,1472,State Senate,"Norfolk, Worcester & Middlesex"
Needham,-,E,Rebecca L. Rausch,1132,State Senate,"Norfolk, Worcester & Middlesex"
Needham,-,E,Shawn C. Dooley,458,State Senate,"Norfolk, Worcester & Middlesex"
Needham,-,E,All Others,0,State Senate,"Norfolk, Worcester & Middlesex"
Needham,-,E,Blanks,51,State Senate,"Norfolk, Worcester & Middlesex"
Needham,-,E,Total Votes Cast,1641,State Senate,"Norfolk, Worcester & Middlesex"
Needham,-,F,Rebecca L. Rausch,1085,State Senate,"Norfolk, Worcester & Middlesex"
Needham,-,F,Shawn C. Dooley,373,State Senate,"Norfolk, Worcester & Middlesex"
Needham,-,F,All Others,2,State Senate,"Norfolk, Worcester & Middlesex"
Needham,-,F,Blanks,41,State Senate,"Norfolk, Worcester & Middlesex"
Needham,-,F,Total Votes Cast,1501,State Senate,"Norfolk, Worcester & Middlesex"
Needham,-,G,Rebecca L. Rausch,1130,State Senate,"Norfolk, Worcester & Middlesex"
Needham,-,G,Shawn C. Dooley,474,State Senate,"Norfolk, Worcester & Middlesex"
Needham,-,G,All Others,1,State Senate,"Norfolk, Worcester & Middlesex"
Needham,-,G,Blanks,54,State Senate,"Norfolk, Worcester & Middlesex"
Needham,-,G,Total Votes Cast,1659,State Senate,"Norfolk, Worcester & Middlesex"
Needham,-,H,Rebecca L. Rausch,1118,State Senate,"Norfolk, Worcester & Middlesex"
Needham,-,H,Shawn C. Dooley,447,State Senate,"Norfolk, Worcester & Middlesex"
Needham,-,H,All Others,1,State Senate,"Norfolk, Worcester & Middlesex"
Needham,-,H,Blanks,50,State Senate,"Norfolk, Worcester & Middlesex"
Needham,-,H,Total Votes Cast,1616,State Senate,"Norfolk, Worcester & Middlesex"
Needham,-,I,Rebecca L. Rausch,1253,State Senate,"Norfolk, Worcester & Middlesex"
Needham,-,I,Shawn C. Dooley,400,State Senate,"Norfolk, Worcester & Middlesex"
Needham,-,I,All Others,2,State Senate,"Norfolk, Worcester & Middlesex"
Needham,-,I,Blanks,55,State Senate,"Norfolk, Worcester & Middlesex"
Needham,-,I,Total Votes Cast,1710,State Senate,"Norfolk, Worcester & Middlesex"
Needham,-,J,Rebecca L. Rausch,1106,State Senate,"Norfolk, Worcester & Middlesex"
Needham,-,J,Shawn C. Dooley,346,State Senate,"Norfolk, Worcester & Middlesex"
Needham,-,J,All Others,0,State Senate,"Norfolk, Worcester & Middlesex"
Needham,-,J,Blanks,40,State Senate,"Norfolk, Worcester & Middlesex"
Needham,-,J,Total Votes Cast,1492,State Senate,"Norfolk, Worcester & Middlesex"
New Ashford,,,Paul W. Mark,78,State Senate,"Berkshire, Hampden, Franklin & Hampshire"
New Ashford,,,Brendan M. Phair,29,State Senate,"Berkshire, Hampden, Franklin & Hampshire"
New Ashford,,,All Others,0,State Senate,"Berkshire, Hampden, Franklin & Hampshire"
New Ashford,,,Blanks,11,State Senate,"Berkshire, Hampden, Franklin & Hampshire"
New Ashford,,,Total Votes Cast,118,State Senate,"Berkshire, Hampden, Franklin & Hampshire"
New Bedford,1,A,Mark C. Montigny,551,State Senate,Second Bristol and Plymouth
New Bedford,1,A,All Others,16,State Senate,Second Bristol and Plymouth
New Bedford,1,A,Blanks,176,State Senate,Second Bristol and Plymouth
New Bedford,1,A,Total Votes Cast,743,State Senate,Second Bristol and Plymouth
New Bedford,1,A1,Mark C. Montigny,74,State Senate,Second Bristol and Plymouth
New Bedford,1,A1,All Others,2,State Senate,Second Bristol and Plymouth
New Bedford,1,A1,Blanks,20,State Senate,Second Bristol and Plymouth
New Bedford,1,A1,Total Votes Cast,96,State Senate,Second Bristol and Plymouth
New Bedford,1,B,Mark C. Montigny,601,State Senate,Second Bristol and Plymouth
New Bedford,1,B,All Others,31,State Senate,Second Bristol and Plymouth
New Bedford,1,B,Blanks,242,State Senate,Second Bristol and Plymouth
New Bedford,1,B,Total Votes Cast,874,State Senate,Second Bristol and Plymouth
New Bedford,1,B1,Mark C. Montigny,63,State Senate,Second Bristol and Plymouth
New Bedford,1,B1,All Others,1,State Senate,Second Bristol and Plymouth
New Bedford,1,B1,Blanks,25,State Senate,Second Bristol and Plymouth
New Bedford,1,B1,Total Votes Cast,89,State Senate,Second Bristol and Plymouth
New Bedford,1,C,Mark C. Montigny,452,State Senate,Second Bristol and Plymouth
New Bedford,1,C,All Others,26,State Senate,Second Bristol and Plymouth
New Bedford,1,C,Blanks,163,State Senate,Second Bristol and Plymouth
New Bedford,1,C,Total Votes Cast,641,State Senate,Second Bristol and Plymouth
New Bedford,1,C1,Mark C. Montigny,87,State Senate,Second Bristol and Plymouth
New Bedford,1,C1,All Others,0,State Senate,Second Bristol and Plymouth
New Bedford,1,C1,Blanks,24,State Senate,Second Bristol and Plymouth
New Bedford,1,C1,Total Votes Cast,111,State Senate,Second Bristol and Plymouth
New Bedford,1,D,Mark C. Montigny,720,State Senate,Second Bristol and Plymouth
New Bedford,1,D,All Others,32,State Senate,Second Bristol and Plymouth
New Bedford,1,D,Blanks,306,State Senate,Second Bristol and Plymouth
New Bedford,1,D,Total Votes Cast,1058,State Senate,Second Bristol and Plymouth
New Bedford,1,E,Mark C. Montigny,672,State Senate,Second Bristol and Plymouth
New Bedford,1,E,All Others,11,State Senate,Second Bristol and Plymouth
New Bedford,1,E,Blanks,185,State Senate,Second Bristol and Plymouth
New Bedford,1,E,Total Votes Cast,868,State Senate,Second Bristol and Plymouth
New Bedford,1,F,Mark C. Montigny,681,State Senate,Second Bristol and Plymouth
New Bedford,1,F,All Others,34,State Senate,Second Bristol and Plymouth
New Bedford,1,F,Blanks,234,State Senate,Second Bristol and Plymouth
New Bedford,1,F,Total Votes Cast,949,State Senate,Second Bristol and Plymouth
New Bedford,2,A,Mark C. Montigny,92,State Senate,Second Bristol and Plymouth
New Bedford,2,A,All Others,8,State Senate,Second Bristol and Plymouth
New Bedford,2,A,Blanks,16,State Senate,Second Bristol and Plymouth
New Bedford,2,A,Total Votes Cast,116,State Senate,Second Bristol and Plymouth
New Bedford,2,B,Mark C. Montigny,168,State Senate,Second Bristol and Plymouth
New Bedford,2,B,All Others,14,State Senate,Second Bristol and Plymouth
New Bedford,2,B,Blanks,45,State Senate,Second Bristol and Plymouth
New Bedford,2,B,Total Votes Cast,227,State Senate,Second Bristol and Plymouth
New Bedford,2,C,Mark C. Montigny,221,State Senate,Second Bristol and Plymouth
New Bedford,2,C,All Others,10,State Senate,Second Bristol and Plymouth
New Bedford,2,C,Blanks,58,State Senate,Second Bristol and Plymouth
New Bedford,2,C,Total Votes Cast,289,State Senate,Second Bristol and Plymouth
New Bedford,2,D,Mark C. Montigny,456,State Senate,Second Bristol and Plymouth
New Bedford,2,D,All Others,15,State Senate,Second Bristol and Plymouth
New Bedford,2,D,Blanks,149,State Senate,Second Bristol and Plymouth
New Bedford,2,D,Total Votes Cast,620,State Senate,Second Bristol and Plymouth
New Bedford,2,E,Mark C. Montigny,557,State Senate,Second Bristol and Plymouth
New Bedford,2,E,All Others,24,State Senate,Second Bristol and Plymouth
New Bedford,2,E,Blanks,200,State Senate,Second Bristol and Plymouth
New Bedford,2,E,Total Votes Cast,781,State Senate,Second Bristol and Plymouth
New Bedford,2,F,Mark C. Montigny,376,State Senate,Second Bristol and Plymouth
New Bedford,2,F,All Others,22,State Senate,Second Bristol and Plymouth
New Bedford,2,F,Blanks,88,State Senate,Second Bristol and Plymouth
New Bedford,2,F,Total Votes Cast,486,State Senate,Second Bristol and Plymouth
New Bedford,3,A,Mark C. Montigny,238,State Senate,Second Bristol and Plymouth
New Bedford,3,A,All Others,11,State Senate,Second Bristol and Plymouth
New Bedford,3,A,Blanks,46,State Senate,Second Bristol and Plymouth
New Bedford,3,A,Total Votes Cast,295,State Senate,Second Bristol and Plymouth
New Bedford,3,B,Mark C. Montigny,223,State Senate,Second Bristol and Plymouth
New Bedford,3,B,All Others,1,State Senate,Second Bristol and Plymouth
New Bedford,3,B,Blanks,43,State Senate,Second Bristol and Plymouth
New Bedford,3,B,Total Votes Cast,267,State Senate,Second Bristol and Plymouth
New Bedford,3,C,Mark C. Montigny,179,State Senate,Second Bristol and Plymouth
New Bedford,3,C,All Others,3,State Senate,Second Bristol and Plymouth
New Bedford,3,C,Blanks,62,State Senate,Second Bristol and Plymouth
New Bedford,3,C,Total Votes Cast,244,State Senate,Second Bristol and Plymouth
New Bedford,3,D,Mark C. Montigny,341,State Senate,Second Bristol and Plymouth
New Bedford,3,D,All Others,5,State Senate,Second Bristol and Plymouth
New Bedford,3,D,Blanks,102,State Senate,Second Bristol and Plymouth
New Bedford,3,D,Total Votes Cast,448,State Senate,Second Bristol and Plymouth
New Bedford,3,E,Mark C. Montigny,508,State Senate,Second Bristol and Plymouth
New Bedford,3,E,All Others,25,State Senate,Second Bristol and Plymouth
New Bedford,3,E,Blanks,159,State Senate,Second Bristol and Plymouth
New Bedford,3,E,Total Votes Cast,692,State Senate,Second Bristol and Plymouth
New Bedford,3,F,Mark C. Montigny,463,State Senate,Second Bristol and Plymouth
New Bedford,3,F,All Others,12,State Senate,Second Bristol and Plymouth
New Bedford,3,F,Blanks,162,State Senate,Second Bristol and Plymouth
New Bedford,3,F,Total Votes Cast,637,State Senate,Second Bristol and Plymouth
New Bedford,3,F1,Mark C. Montigny,212,State Senate,Second Bristol and Plymouth
New Bedford,3,F1,All Others,3,State Senate,Second Bristol and Plymouth
New Bedford,3,F1,Blanks,43,State Senate,Second Bristol and Plymouth
New Bedford,3,F1,Total Votes Cast,258,State Senate,Second Bristol and Plymouth
New Bedford,4,A,Mark C. Montigny,123,State Senate,Second Bristol and Plymouth
New Bedford,4,A,All Others,3,State Senate,Second Bristol and Plymouth
New Bedford,4,A,Blanks,25,State Senate,Second Bristol and Plymouth
New Bedford,4,A,Total Votes Cast,151,State Senate,Second Bristol and Plymouth
New Bedford,4,A1,Mark C. Montigny,149,State Senate,Second Bristol and Plymouth
New Bedford,4,A1,All Others,2,State Senate,Second Bristol and Plymouth
New Bedford,4,A1,Blanks,21,State Senate,Second Bristol and Plymouth
New Bedford,4,A1,Total Votes Cast,172,State Senate,Second Bristol and Plymouth
New Bedford,4,B,Mark C. Montigny,451,State Senate,Second Bristol and Plymouth
New Bedford,4,B,All Others,9,State Senate,Second Bristol and Plymouth
New Bedford,4,B,Blanks,89,State Senate,Second Bristol and Plymouth
New Bedford,4,B,Total Votes Cast,549,State Senate,Second Bristol and Plymouth
New Bedford,4,C,Mark C. Montigny,476,State Senate,Second Bristol and Plymouth
New Bedford,4,C,All Others,5,State Senate,Second Bristol and Plymouth
New Bedford,4,C,Blanks,78,State Senate,Second Bristol and Plymouth
New Bedford,4,C,Total Votes Cast,559,State Senate,Second Bristol and Plymouth
New Bedford,4,D,Mark C. Montigny,411,State Senate,Second Bristol and Plymouth
New Bedford,4,D,All Others,16,State Senate,Second Bristol and Plymouth
New Bedford,4,D,Blanks,88,State Senate,Second Bristol and Plymouth
New Bedford,4,D,Total Votes Cast,515,State Senate,Second Bristol and Plymouth
New Bedford,4,E,Mark C. Montigny,366,State Senate,Second Bristol and Plymouth
New Bedford,4,E,All Others,11,State Senate,Second Bristol and Plymouth
New Bedford,4,E,Blanks,93,State Senate,Second Bristol and Plymouth
New Bedford,4,E,Total Votes Cast,470,State Senate,Second Bristol and Plymouth
New Bedford,4,F,Mark C. Montigny,454,State Senate,Second Bristol and Plymouth
New Bedford,4,F,All Others,14,State Senate,Second Bristol and Plymouth
New Bedford,4,F,Blanks,85,State Senate,Second Bristol and Plymouth
New Bedford,4,F,Total Votes Cast,553,State Senate,Second Bristol and Plymouth
New Bedford,5,A,Mark C. Montigny,327,State Senate,Second Bristol and Plymouth
New Bedford,5,A,All Others,8,State Senate,Second Bristol and Plymouth
New Bedford,5,A,Blanks,71,State Senate,Second Bristol and Plymouth
New Bedford,5,A,Total Votes Cast,406,State Senate,Second Bristol and Plymouth
New Bedford,5,B,Mark C. Montigny,604,State Senate,Second Bristol and Plymouth
New Bedford,5,B,All Others,19,State Senate,Second Bristol and Plymouth
New Bedford,5,B,Blanks,164,State Senate,Second Bristol and Plymouth
New Bedford,5,B,Total Votes Cast,787,State Senate,Second Bristol and Plymouth
New Bedford,5,C,Mark C. Montigny,489,State Senate,Second Bristol and Plymouth
New Bedford,5,C,All Others,15,State Senate,Second Bristol and Plymouth
New Bedford,5,C,Blanks,164,State Senate,Second Bristol and Plymouth
New Bedford,5,C,Total Votes Cast,668,State Senate,Second Bristol and Plymouth
New Bedford,5,D,Mark C. Montigny,726,State Senate,Second Bristol and Plymouth
New Bedford,5,D,All Others,20,State Senate,Second Bristol and Plymouth
New Bedford,5,D,Blanks,163,State Senate,Second Bristol and Plymouth
New Bedford,5,D,Total Votes Cast,909,State Senate,Second Bristol and Plymouth
New Bedford,5,E,Mark C. Montigny,760,State Senate,Second Bristol and Plymouth
New Bedford,5,E,All Others,19,State Senate,Second Bristol and Plymouth
New Bedford,5,E,Blanks,279,State Senate,Second Bristol and Plymouth
New Bedford,5,E,Total Votes Cast,1058,State Senate,Second Bristol and Plymouth
New Bedford,5,F,Mark C. Montigny,718,State Senate,Second Bristol and Plymouth
New Bedford,5,F,All Others,25,State Senate,Second Bristol and Plymouth
New Bedford,5,F,Blanks,202,State Senate,Second Bristol and Plymouth
New Bedford,5,F,Total Votes Cast,945,State Senate,Second Bristol and Plymouth
New Bedford,6,A,Mark C. Montigny,591,State Senate,Second Bristol and Plymouth
New Bedford,6,A,All Others,16,State Senate,Second Bristol and Plymouth
New Bedford,6,A,Blanks,197,State Senate,Second Bristol and Plymouth
New Bedford,6,A,Total Votes Cast,804,State Senate,Second Bristol and Plymouth
New Bedford,6,B,Mark C. Montigny,448,State Senate,Second Bristol and Plymouth
New Bedford,6,B,All Others,10,State Senate,Second Bristol and Plymouth
New Bedford,6,B,Blanks,130,State Senate,Second Bristol and Plymouth
New Bedford,6,B,Total Votes Cast,588,State Senate,Second Bristol and Plymouth
New Bedford,6,C,Mark C. Montigny,216,State Senate,Second Bristol and Plymouth
New Bedford,6,C,All Others,8,State Senate,Second Bristol and Plymouth
New Bedford,6,C,Blanks,48,State Senate,Second Bristol and Plymouth
New Bedford,6,C,Total Votes Cast,272,State Senate,Second Bristol and Plymouth
New Bedford,6,D,Mark C. Montigny,186,State Senate,Second Bristol and Plymouth
New Bedford,6,D,All Others,6,State Senate,Second Bristol and Plymouth
New Bedford,6,D,Blanks,32,State Senate,Second Bristol and Plymouth
New Bedford,6,D,Total Votes Cast,224,State Senate,Second Bristol and Plymouth
New Bedford,6,E,Mark C. Montigny,217,State Senate,Second Bristol and Plymouth
New Bedford,6,E,All Others,8,State Senate,Second Bristol and Plymouth
New Bedford,6,E,Blanks,49,State Senate,Second Bristol and Plymouth
New Bedford,6,E,Total Votes Cast,274,State Senate,Second Bristol and Plymouth
New Bedford,6,F,Mark C. Montigny,362,State Senate,Second Bristol and Plymouth
New Bedford,6,F,All Others,15,State Senate,Second Bristol and Plymouth
New Bedford,6,F,Blanks,84,State Senate,Second Bristol and Plymouth
New Bedford,6,F,Total Votes Cast,461,State Senate,Second Bristol and Plymouth
New Braintree,,,Anne M. Gobi,277,State Senate,Worcester & Hampshire
New Braintree,,,James Anthony Amorello,203,State Senate,Worcester & Hampshire
New Braintree,,,All Others,0,State Senate,Worcester & Hampshire
New Braintree,,,Blanks,8,State Senate,Worcester & Hampshire
New Braintree,,,Total Votes Cast,488,State Senate,Worcester & Hampshire
New Marlborough,,,Paul W. Mark,518,State Senate,"Berkshire, Hampden, Franklin & Hampshire"
New Marlborough,,,Brendan M. Phair,163,State Senate,"Berkshire, Hampden, Franklin & Hampshire"
New Marlborough,,,All Others,2,State Senate,"Berkshire, Hampden, Franklin & Hampshire"
New Marlborough,,,Blanks,83,State Senate,"Berkshire, Hampden, Franklin & Hampshire"
New Marlborough,,,Total Votes Cast,766,State Senate,"Berkshire, Hampden, Franklin & Hampshire"
New Salem,,,Jo Comerford,416,State Senate,"Hampshire, Franklin and Worcester"
New Salem,,,All Others,8,State Senate,"Hampshire, Franklin and Worcester"
New Salem,,,Blanks,138,State Senate,"Hampshire, Franklin and Worcester"
New Salem,,,Total Votes Cast,562,State Senate,"Hampshire, Franklin and Worcester"
Newbury,-,1,Bruce E. Tarr,1276,State Senate,First Essex and Middlesex
Newbury,-,1,Terence William Cudney,555,State Senate,First Essex and Middlesex
Newbury,-,1,All Others,1,State Senate,First Essex and Middlesex
Newbury,-,1,Blanks,159,State Senate,First Essex and Middlesex
Newbury,-,1,Total Votes Cast,1991,State Senate,First Essex and Middlesex
Newbury,-,2,Bruce E. Tarr,1265,State Senate,First Essex and Middlesex
Newbury,-,2,Terence William Cudney,561,State Senate,First Essex and Middlesex
Newbury,-,2,All Others,1,State Senate,First Essex and Middlesex
Newbury,-,2,Blanks,148,State Senate,First Essex and Middlesex
Newbury,-,2,Total Votes Cast,1975,State Senate,First Essex and Middlesex
Newburyport,1,1,Bruce E. Tarr,598,State Senate,First Essex and Middlesex
Newburyport,1,1,Terence William Cudney,576,State Senate,First Essex and Middlesex
Newburyport,1,1,All Others,3,State Senate,First Essex and Middlesex
Newburyport,1,1,Blanks,212,State Senate,First Essex and Middlesex
Newburyport,1,1,Total Votes Cast,1389,State Senate,First Essex and Middlesex
Newburyport,1,P,Bruce E. Tarr,252,State Senate,First Essex and Middlesex
Newburyport,1,P,Terence William Cudney,101,State Senate,First Essex and Middlesex
Newburyport,1,P,All Others,1,State Senate,First Essex and Middlesex
Newburyport,1,P,Blanks,39,State Senate,First Essex and Middlesex
Newburyport,1,P,Total Votes Cast,393,State Senate,First Essex and Middlesex
Newburyport,2,1,Bruce E. Tarr,724,State Senate,First Essex and Middlesex
Newburyport,2,1,Terence William Cudney,687,State Senate,First Essex and Middlesex
Newburyport,2,1,All Others,5,State Senate,First Essex and Middlesex
Newburyport,2,1,Blanks,230,State Senate,First Essex and Middlesex
Newburyport,2,1,Total Votes Cast,1646,State Senate,First Essex and Middlesex
Newburyport,3,1,Bruce E. Tarr,803,State Senate,First Essex and Middlesex
Newburyport,3,1,Terence William Cudney,680,State Senate,First Essex and Middlesex
Newburyport,3,1,All Others,19,State Senate,First Essex and Middlesex
Newburyport,3,1,Blanks,242,State Senate,First Essex and Middlesex
Newburyport,3,1,Total Votes Cast,1744,State Senate,First Essex and Middlesex
Newburyport,4,1,Bruce E. Tarr,847,State Senate,First Essex and Middlesex
Newburyport,4,1,Terence William Cudney,635,State Senate,First Essex and Middlesex
Newburyport,4,1,All Others,7,State Senate,First Essex and Middlesex
Newburyport,4,1,Blanks,225,State Senate,First Essex and Middlesex
Newburyport,4,1,Total Votes Cast,1714,State Senate,First Essex and Middlesex
Newburyport,5,1,Bruce E. Tarr,806,State Senate,First Essex and Middlesex
Newburyport,5,1,Terence William Cudney,464,State Senate,First Essex and Middlesex
Newburyport,5,1,All Others,3,State Senate,First Essex and Middlesex
Newburyport,5,1,Blanks,174,State Senate,First Essex and Middlesex
Newburyport,5,1,Total Votes Cast,1447,State Senate,First Essex and Middlesex
Newburyport,6,1,Bruce E. Tarr,859,State Senate,First Essex and Middlesex
Newburyport,6,1,Terence William Cudney,525,State Senate,First Essex and Middlesex
Newburyport,6,1,All Others,1,State Senate,First Essex and Middlesex
Newburyport,6,1,Blanks,202,State Senate,First Essex and Middlesex
Newburyport,6,1,Total Votes Cast,1587,State Senate,First Essex and Middlesex
Newton,1,1,Cynthia Stone Creem,713,State Senate,Norfolk & Middlesex
Newton,1,1,All Others,16,State Senate,Norfolk & Middlesex
Newton,1,1,Blanks,238,State Senate,Norfolk & Middlesex
Newton,1,1,Total Votes Cast,967,State Senate,Norfolk & Middlesex
Newton,1,2,Cynthia Stone Creem,912,State Senate,Norfolk & Middlesex
Newton,1,2,All Others,18,State Senate,Norfolk & Middlesex
Newton,1,2,Blanks,214,State Senate,Norfolk & Middlesex
Newton,1,2,Total Votes Cast,1144,State Senate,Norfolk & Middlesex
Newton,1,2A,Cynthia Stone Creem,48,State Senate,Norfolk & Middlesex
Newton,1,2A,All Others,1,State Senate,Norfolk & Middlesex
Newton,1,2A,Blanks,7,State Senate,Norfolk & Middlesex
Newton,1,2A,Total Votes Cast,56,State Senate,Norfolk & Middlesex
Newton,1,3,Cynthia Stone Creem,942,State Senate,Norfolk & Middlesex
Newton,1,3,All Others,10,State Senate,Norfolk & Middlesex
Newton,1,3,Blanks,204,State Senate,Norfolk & Middlesex
Newton,1,3,Total Votes Cast,1156,State Senate,Norfolk & Middlesex
Newton,1,4,Cynthia Stone Creem,809,State Senate,Norfolk & Middlesex
Newton,1,4,All Others,13,State Senate,Norfolk & Middlesex
Newton,1,4,Blanks,289,State Senate,Norfolk & Middlesex
Newton,1,4,Total Votes Cast,1111,State Senate,Norfolk & Middlesex
Newton,2,1,Cynthia Stone Creem,837,State Senate,Norfolk & Middlesex
Newton,2,1,All Others,18,State Senate,Norfolk & Middlesex
Newton,2,1,Blanks,239,State Senate,Norfolk & Middlesex
Newton,2,1,Total Votes Cast,1094,State Senate,Norfolk & Middlesex
Newton,2,2,Cynthia Stone Creem,663,State Senate,Norfolk & Middlesex
Newton,2,2,All Others,9,State Senate,Norfolk & Middlesex
Newton,2,2,Blanks,193,State Senate,Norfolk & Middlesex
Newton,2,2,Total Votes Cast,865,State Senate,Norfolk & Middlesex
Newton,2,3,Cynthia Stone Creem,1061,State Senate,Norfolk & Middlesex
Newton,2,3,All Others,8,State Senate,Norfolk & Middlesex
Newton,2,3,Blanks,285,State Senate,Norfolk & Middlesex
Newton,2,3,Total Votes Cast,1354,State Senate,Norfolk & Middlesex
Newton,2,4,Cynthia Stone Creem,1162,State Senate,Norfolk & Middlesex
Newton,2,4,All Others,17,State Senate,Norfolk & Middlesex
Newton,2,4,Blanks,298,State Senate,Norfolk & Middlesex
Newton,2,4,Total Votes Cast,1477,State Senate,Norfolk & Middlesex
Newton,3,1,Cynthia Stone Creem,956,State Senate,Norfolk & Middlesex
Newton,3,1,All Others,15,State Senate,Norfolk & Middlesex
Newton,3,1,Blanks,295,State Senate,Norfolk & Middlesex
Newton,3,1,Total Votes Cast,1266,State Senate,Norfolk & Middlesex
Newton,3,1A,Cynthia Stone Creem,0,State Senate,Norfolk & Middlesex
Newton,3,1A,All Others,0,State Senate,Norfolk & Middlesex
Newton,3,1A,Blanks,0,State Senate,Norfolk & Middlesex
Newton,3,1A,Total Votes Cast,0,State Senate,Norfolk & Middlesex
Newton,3,2,Cynthia Stone Creem,1035,State Senate,Norfolk & Middlesex
Newton,3,2,All Others,17,State Senate,Norfolk & Middlesex
Newton,3,2,Blanks,268,State Senate,Norfolk & Middlesex
Newton,3,2,Total Votes Cast,1320,State Senate,Norfolk & Middlesex
Newton,3,3,Cynthia Stone Creem,920,State Senate,Norfolk & Middlesex
Newton,3,3,All Others,16,State Senate,Norfolk & Middlesex
Newton,3,3,Blanks,333,State Senate,Norfolk & Middlesex
Newton,3,3,Total Votes Cast,1269,State Senate,Norfolk & Middlesex
Newton,3,4,Cynthia Stone Creem,928,State Senate,Norfolk & Middlesex
Newton,3,4,All Others,28,State Senate,Norfolk & Middlesex
Newton,3,4,Blanks,304,State Senate,Norfolk & Middlesex
Newton,3,4,Total Votes Cast,1260,State Senate,Norfolk & Middlesex
Newton,4,1,Cynthia Stone Creem,882,State Senate,Norfolk & Middlesex
Newton,4,1,All Others,10,State Senate,Norfolk & Middlesex
Newton,4,1,Blanks,243,State Senate,Norfolk & Middlesex
Newton,4,1,Total Votes Cast,1135,State Senate,Norfolk & Middlesex
Newton,4,2,Cynthia Stone Creem,843,State Senate,Norfolk & Middlesex
Newton,4,2,All Others,20,State Senate,Norfolk & Middlesex
Newton,4,2,Blanks,233,State Senate,Norfolk & Middlesex
Newton,4,2,Total Votes Cast,1096,State Senate,Norfolk & Middlesex
Newton,4,3,Cynthia Stone Creem,633,State Senate,Norfolk & Middlesex
Newton,4,3,All Others,8,State Senate,Norfolk & Middlesex
Newton,4,3,Blanks,166,State Senate,Norfolk & Middlesex
Newton,4,3,Total Votes Cast,807,State Senate,Norfolk & Middlesex
Newton,4,4,Cynthia Stone Creem,759,State Senate,Norfolk & Middlesex
Newton,4,4,All Others,24,State Senate,Norfolk & Middlesex
Newton,4,4,Blanks,285,State Senate,Norfolk & Middlesex
Newton,4,4,Total Votes Cast,1068,State Senate,Norfolk & Middlesex
Newton,5,1,Cynthia Stone Creem,873,State Senate,Norfolk & Middlesex
Newton,5,1,All Others,23,State Senate,Norfolk & Middlesex
Newton,5,1,Blanks,222,State Senate,Norfolk & Middlesex
Newton,5,1,Total Votes Cast,1118,State Senate,Norfolk & Middlesex
Newton,5,2,Cynthia Stone Creem,1003,State Senate,Norfolk & Middlesex
Newton,5,2,All Others,10,State Senate,Norfolk & Middlesex
Newton,5,2,Blanks,216,State Senate,Norfolk & Middlesex
Newton,5,2,Total Votes Cast,1229,State Senate,Norfolk & Middlesex
Newton,5,3,Cynthia Stone Creem,1128,State Senate,Norfolk & Middlesex
Newton,5,3,All Others,10,State Senate,Norfolk & Middlesex
Newton,5,3,Blanks,297,State Senate,Norfolk & Middlesex
Newton,5,3,Total Votes Cast,1435,State Senate,Norfolk & Middlesex
Newton,5,4,Cynthia Stone Creem,1122,State Senate,Norfolk & Middlesex
Newton,5,4,All Others,10,State Senate,Norfolk & Middlesex
Newton,5,4,Blanks,284,State Senate,Norfolk & Middlesex
Newton,5,4,Total Votes Cast,1416,State Senate,Norfolk & Middlesex
Newton,6,1,Cynthia Stone Creem,913,State Senate,Norfolk & Middlesex
Newton,6,1,All Others,14,State Senate,Norfolk & Middlesex
Newton,6,1,Blanks,228,State Senate,Norfolk & Middlesex
Newton,6,1,Total Votes Cast,1155,State Senate,Norfolk & Middlesex
Newton,6,2,Cynthia Stone Creem,916,State Senate,Norfolk & Middlesex
Newton,6,2,All Others,14,State Senate,Norfolk & Middlesex
Newton,6,2,Blanks,245,State Senate,Norfolk & Middlesex
Newton,6,2,Total Votes Cast,1175,State Senate,Norfolk & Middlesex
Newton,6,3,Cynthia Stone Creem,1105,State Senate,Norfolk & Middlesex
Newton,6,3,All Others,11,State Senate,Norfolk & Middlesex
Newton,6,3,Blanks,243,State Senate,Norfolk & Middlesex
Newton,6,3,Total Votes Cast,1359,State Senate,Norfolk & Middlesex
Newton,6,4,Cynthia Stone Creem,1160,State Senate,Norfolk & Middlesex
Newton,6,4,All Others,9,State Senate,Norfolk & Middlesex
Newton,6,4,Blanks,308,State Senate,Norfolk & Middlesex
Newton,6,4,Total Votes Cast,1477,State Senate,Norfolk & Middlesex
Newton,7,1,Cynthia Stone Creem,747,State Senate,Norfolk & Middlesex
Newton,7,1,All Others,8,State Senate,Norfolk & Middlesex
Newton,7,1,Blanks,251,State Senate,Norfolk & Middlesex
Newton,7,1,Total Votes Cast,1006,State Senate,Norfolk & Middlesex
Newton,7,2,Cynthia Stone Creem,1109,State Senate,Norfolk & Middlesex
Newton,7,2,All Others,16,State Senate,Norfolk & Middlesex
Newton,7,2,Blanks,268,State Senate,Norfolk & Middlesex
Newton,7,2,Total Votes Cast,1393,State Senate,Norfolk & Middlesex
Newton,7,3,Cynthia Stone Creem,300,State Senate,Norfolk & Middlesex
Newton,7,3,All Others,8,State Senate,Norfolk & Middlesex
Newton,7,3,Blanks,79,State Senate,Norfolk & Middlesex
Newton,7,3,Total Votes Cast,387,State Senate,Norfolk & Middlesex
Newton,7,4,Cynthia Stone Creem,495,State Senate,Norfolk & Middlesex
Newton,7,4,All Others,4,State Senate,Norfolk & Middlesex
Newton,7,4,Blanks,150,State Senate,Norfolk & Middlesex
Newton,7,4,Total Votes Cast,649,State Senate,Norfolk & Middlesex
Newton,8,1,Cynthia Stone Creem,875,State Senate,Norfolk & Middlesex
Newton,8,1,All Others,20,State Senate,Norfolk & Middlesex
Newton,8,1,Blanks,326,State Senate,Norfolk & Middlesex
Newton,8,1,Total Votes Cast,1221,State Senate,Norfolk & Middlesex
Newton,8,2,Cynthia Stone Creem,823,State Senate,Norfolk & Middlesex
Newton,8,2,All Others,19,State Senate,Norfolk & Middlesex
Newton,8,2,Blanks,272,State Senate,Norfolk & Middlesex
Newton,8,2,Total Votes Cast,1114,State Senate,Norfolk & Middlesex
Newton,8,3,Cynthia Stone Creem,922,State Senate,Norfolk & Middlesex
Newton,8,3,All Others,17,State Senate,Norfolk & Middlesex
Newton,8,3,Blanks,280,State Senate,Norfolk & Middlesex
Newton,8,3,Total Votes Cast,1219,State Senate,Norfolk & Middlesex
Newton,8,4,Cynthia Stone Creem,814,State Senate,Norfolk & Middlesex
Newton,8,4,All Others,20,State Senate,Norfolk & Middlesex
Newton,8,4,Blanks,267,State Senate,Norfolk & Middlesex
Newton,8,4,Total Votes Cast,1101,State Senate,Norfolk & Middlesex
Norfolk,-,1,Rebecca L. Rausch,432,State Senate,"Norfolk, Worcester & Middlesex"
Norfolk,-,1,Shawn C. Dooley,465,State Senate,"Norfolk, Worcester & Middlesex"
Norfolk,-,1,All Others,1,State Senate,"Norfolk, Worcester & Middlesex"
Norfolk,-,1,Blanks,8,State Senate,"Norfolk, Worcester & Middlesex"
Norfolk,-,1,Total Votes Cast,906,State Senate,"Norfolk, Worcester & Middlesex"
Norfolk,-,2,Rebecca L. Rausch,732,State Senate,"Norfolk, Worcester & Middlesex"
Norfolk,-,2,Shawn C. Dooley,874,State Senate,"Norfolk, Worcester & Middlesex"
Norfolk,-,2,All Others,1,State Senate,"Norfolk, Worcester & Middlesex"
Norfolk,-,2,Blanks,25,State Senate,"Norfolk, Worcester & Middlesex"
Norfolk,-,2,Total Votes Cast,1632,State Senate,"Norfolk, Worcester & Middlesex"
Norfolk,-,3,Rebecca L. Rausch,593,State Senate,"Norfolk, Worcester & Middlesex"
Norfolk,-,3,Shawn C. Dooley,785,State Senate,"Norfolk, Worcester & Middlesex"
Norfolk,-,3,All Others,4,State Senate,"Norfolk, Worcester & Middlesex"
Norfolk,-,3,Blanks,5,State Senate,"Norfolk, Worcester & Middlesex"
Norfolk,-,3,Total Votes Cast,1387,State Senate,"Norfolk, Worcester & Middlesex"
Norfolk,-,4,Rebecca L. Rausch,677,State Senate,"Norfolk, Worcester & Middlesex"
Norfolk,-,4,Shawn C. Dooley,755,State Senate,"Norfolk, Worcester & Middlesex"
Norfolk,-,4,All Others,2,State Senate,"Norfolk, Worcester & Middlesex"
Norfolk,-,4,Blanks,18,State Senate,"Norfolk, Worcester & Middlesex"
Norfolk,-,4,Total Votes Cast,1452,State Senate,"Norfolk, Worcester & Middlesex"
Northampton,1,A,Jo Comerford,826,State Senate,"Hampshire, Franklin and Worcester"
Northampton,1,A,All Others,0,State Senate,"Hampshire, Franklin and Worcester"
Northampton,1,A,Blanks,103,State Senate,"Hampshire, Franklin and Worcester"
Northampton,1,A,Total Votes Cast,929,State Senate,"Hampshire, Franklin and Worcester"
Northampton,1,B,Jo Comerford,1006,State Senate,"Hampshire, Franklin and Worcester"
Northampton,1,B,All Others,2,State Senate,"Hampshire, Franklin and Worcester"
Northampton,1,B,Blanks,100,State Senate,"Hampshire, Franklin and Worcester"
Northampton,1,B,Total Votes Cast,1108,State Senate,"Hampshire, Franklin and Worcester"
Northampton,2,A,Jo Comerford,775,State Senate,"Hampshire, Franklin and Worcester"
Northampton,2,A,All Others,5,State Senate,"Hampshire, Franklin and Worcester"
Northampton,2,A,Blanks,48,State Senate,"Hampshire, Franklin and Worcester"
Northampton,2,A,Total Votes Cast,828,State Senate,"Hampshire, Franklin and Worcester"
Northampton,2,B,Jo Comerford,607,State Senate,"Hampshire, Franklin and Worcester"
Northampton,2,B,All Others,0,State Senate,"Hampshire, Franklin and Worcester"
Northampton,2,B,Blanks,44,State Senate,"Hampshire, Franklin and Worcester"
Northampton,2,B,Total Votes Cast,651,State Senate,"Hampshire, Franklin and Worcester"
Northampton,3,A,Jo Comerford,781,State Senate,"Hampshire, Franklin and Worcester"
Northampton,3,A,All Others,7,State Senate,"Hampshire, Franklin and Worcester"
Northampton,3,A,Blanks,95,State Senate,"Hampshire, Franklin and Worcester"
Northampton,3,A,Total Votes Cast,883,State Senate,"Hampshire, Franklin and Worcester"
Northampton,3,B,Jo Comerford,906,State Senate,"Hampshire, Franklin and Worcester"
Northampton,3,B,All Others,4,State Senate,"Hampshire, Franklin and Worcester"
Northampton,3,B,Blanks,99,State Senate,"Hampshire, Franklin and Worcester"
Northampton,3,B,Total Votes Cast,1009,State Senate,"Hampshire, Franklin and Worcester"
Northampton,4,A,Jo Comerford,669,State Senate,"Hampshire, Franklin and Worcester"
Northampton,4,A,All Others,1,State Senate,"Hampshire, Franklin and Worcester"
Northampton,4,A,Blanks,64,State Senate,"Hampshire, Franklin and Worcester"
Northampton,4,A,Total Votes Cast,734,State Senate,"Hampshire, Franklin and Worcester"
Northampton,4,B,Jo Comerford,1017,State Senate,"Hampshire, Franklin and Worcester"
Northampton,4,B,All Others,3,State Senate,"Hampshire, Franklin and Worcester"
Northampton,4,B,Blanks,102,State Senate,"Hampshire, Franklin and Worcester"
Northampton,4,B,Total Votes Cast,1122,State Senate,"Hampshire, Franklin and Worcester"
Northampton,5,A,Jo Comerford,816,State Senate,"Hampshire, Franklin and Worcester"
Northampton,5,A,All Others,4,State Senate,"Hampshire, Franklin and Worcester"
Northampton,5,A,Blanks,84,State Senate,"Hampshire, Franklin and Worcester"
Northampton,5,A,Total Votes Cast,904,State Senate,"Hampshire, Franklin and Worcester"
Northampton,5,B,Jo Comerford,1013,State Senate,"Hampshire, Franklin and Worcester"
Northampton,5,B,All Others,2,State Senate,"Hampshire, Franklin and Worcester"
Northampton,5,B,Blanks,97,State Senate,"Hampshire, Franklin and Worcester"
Northampton,5,B,Total Votes Cast,1112,State Senate,"Hampshire, Franklin and Worcester"
Northampton,6,A,Jo Comerford,1031,State Senate,"Hampshire, Franklin and Worcester"
Northampton,6,A,All Others,5,State Senate,"Hampshire, Franklin and Worcester"
Northampton,6,A,Blanks,196,State Senate,"Hampshire, Franklin and Worcester"
Northampton,6,A,Total Votes Cast,1232,State Senate,"Hampshire, Franklin and Worcester"
Northampton,6,B,Jo Comerford,1043,State Senate,"Hampshire, Franklin and Worcester"
Northampton,6,B,All Others,4,State Senate,"Hampshire, Franklin and Worcester"
Northampton,6,B,Blanks,174,State Senate,"Hampshire, Franklin and Worcester"
Northampton,6,B,Total Votes Cast,1221,State Senate,"Hampshire, Franklin and Worcester"
Northampton,7,A,Jo Comerford,938,State Senate,"Hampshire, Franklin and Worcester"
Northampton,7,A,All Others,1,State Senate,"Hampshire, Franklin and Worcester"
Northampton,7,A,Blanks,143,State Senate,"Hampshire, Franklin and Worcester"
Northampton,7,A,Total Votes Cast,1082,State Senate,"Hampshire, Franklin and Worcester"
Northampton,7,B,Jo Comerford,945,State Senate,"Hampshire, Franklin and Worcester"
Northampton,7,B,All Others,5,State Senate,"Hampshire, Franklin and Worcester"
Northampton,7,B,Blanks,155,State Senate,"Hampshire, Franklin and Worcester"
Northampton,7,B,Total Votes Cast,1105,State Senate,"Hampshire, Franklin and Worcester"
Northborough,-,1,Robyn K. Kennedy,1076,State Senate,First Worcester
Northborough,-,1,Lisa K. Mair,497,State Senate,First Worcester
Northborough,-,1,All Others,4,State Senate,First Worcester
Northborough,-,1,Blanks,133,State Senate,First Worcester
Northborough,-,1,Total Votes Cast,1710,State Senate,First Worcester
Northborough,-,2,Robyn K. Kennedy,1088,State Senate,First Worcester
Northborough,-,2,Lisa K. Mair,481,State Senate,First Worcester
Northborough,-,2,All Others,4,State Senate,First Worcester
Northborough,-,2,Blanks,121,State Senate,First Worcester
Northborough,-,2,Total Votes Cast,1694,State Senate,First Worcester
Northborough,-,3,Robyn K. Kennedy,1112,State Senate,First Worcester
Northborough,-,3,Lisa K. Mair,539,State Senate,First Worcester
Northborough,-,3,All Others,2,State Senate,First Worcester
Northborough,-,3,Blanks,147,State Senate,First Worcester
Northborough,-,3,Total Votes Cast,1800,State Senate,First Worcester
Northborough,-,4,Robyn K. Kennedy,1121,State Senate,First Worcester
Northborough,-,4,Lisa K. Mair,626,State Senate,First Worcester
Northborough,-,4,All Others,8,State Senate,First Worcester
Northborough,-,4,Blanks,129,State Senate,First Worcester
Northborough,-,4,Total Votes Cast,1884,State Senate,First Worcester
Northbridge,-,1,Ryan C. Fattman,1000,State Senate,Worcester & Hampden
Northbridge,-,1,All Others,6,State Senate,Worcester & Hampden
Northbridge,-,1,Blanks,329,State Senate,Worcester & Hampden
Northbridge,-,1,Total Votes Cast,1335,State Senate,Worcester & Hampden
Northbridge,-,2,Ryan C. Fattman,829,State Senate,Worcester & Hampden
Northbridge,-,2,All Others,6,State Senate,Worcester & Hampden
Northbridge,-,2,Blanks,264,State Senate,Worcester & Hampden
Northbridge,-,2,Total Votes Cast,1099,State Senate,Worcester & Hampden
Northbridge,-,3,Ryan C. Fattman,859,State Senate,Worcester & Hampden
Northbridge,-,3,All Others,8,State Senate,Worcester & Hampden
Northbridge,-,3,Blanks,214,State Senate,Worcester & Hampden
Northbridge,-,3,Total Votes Cast,1081,State Senate,Worcester & Hampden
Northbridge,-,4,Ryan C. Fattman,1145,State Senate,Worcester & Hampden
Northbridge,-,4,All Others,15,State Senate,Worcester & Hampden
Northbridge,-,4,Blanks,330,State Senate,Worcester & Hampden
Northbridge,-,4,Total Votes Cast,1490,State Senate,Worcester & Hampden
Northbridge,-,5,Ryan C. Fattman,1037,State Senate,Worcester & Hampden
Northbridge,-,5,All Others,7,State Senate,Worcester & Hampden
Northbridge,-,5,Blanks,314,State Senate,Worcester & Hampden
Northbridge,-,5,Total Votes Cast,1358,State Senate,Worcester & Hampden
Northfield,,,Jo Comerford,1113,State Senate,"Hampshire, Franklin and Worcester"
Northfield,,,All Others,11,State Senate,"Hampshire, Franklin and Worcester"
Northfield,,,Blanks,339,State Senate,"Hampshire, Franklin and Worcester"
Northfield,,,Total Votes Cast,1463,State Senate,"Hampshire, Franklin and Worcester"
Norton,-,1,Paul R. Feeney,825,State Senate,Bristol and Norfolk
Norton,-,1,Michael Chaisson,707,State Senate,Bristol and Norfolk
Norton,-,1,Laura L. Saylor,57,State Senate,Bristol and Norfolk
Norton,-,1,All Others,1,State Senate,Bristol and Norfolk
Norton,-,1,Blanks,69,State Senate,Bristol and Norfolk
Norton,-,1,Total Votes Cast,1659,State Senate,Bristol and Norfolk
Norton,-,2,Paul R. Feeney,808,State Senate,Bristol and Norfolk
Norton,-,2,Michael Chaisson,694,State Senate,Bristol and Norfolk
Norton,-,2,Laura L. Saylor,48,State Senate,Bristol and Norfolk
Norton,-,2,All Others,4,State Senate,Bristol and Norfolk
Norton,-,2,Blanks,47,State Senate,Bristol and Norfolk
Norton,-,2,Total Votes Cast,1601,State Senate,Bristol and Norfolk
Norton,-,3,Paul R. Feeney,779,State Senate,Bristol and Norfolk
Norton,-,3,Michael Chaisson,641,State Senate,Bristol and Norfolk
Norton,-,3,Laura L. Saylor,61,State Senate,Bristol and Norfolk
Norton,-,3,All Others,0,State Senate,Bristol and Norfolk
Norton,-,3,Blanks,58,State Senate,Bristol and Norfolk
Norton,-,3,Total Votes Cast,1539,State Senate,Bristol and Norfolk
Norton,-,4,Paul R. Feeney,830,State Senate,Bristol and Norfolk
Norton,-,4,Michael Chaisson,704,State Senate,Bristol and Norfolk
Norton,-,4,Laura L. Saylor,42,State Senate,Bristol and Norfolk
Norton,-,4,All Others,0,State Senate,Bristol and Norfolk
Norton,-,4,Blanks,61,State Senate,Bristol and Norfolk
Norton,-,4,Total Votes Cast,1637,State Senate,Bristol and Norfolk
Norton,-,5,Paul R. Feeney,487,State Senate,Bristol and Norfolk
Norton,-,5,Michael Chaisson,434,State Senate,Bristol and Norfolk
Norton,-,5,Laura L. Saylor,37,State Senate,Bristol and Norfolk
Norton,-,5,All Others,0,State Senate,Bristol and Norfolk
Norton,-,5,Blanks,28,State Senate,Bristol and Norfolk
Norton,-,5,Total Votes Cast,986,State Senate,Bristol and Norfolk
Norwell,-,1,Patrick Michael O'Connor,1025,State Senate,First Plymouth & Norfolk
Norwell,-,1,"Robert William Stephens, Jr",644,State Senate,First Plymouth & Norfolk
Norwell,-,1,All Others,1,State Senate,First Plymouth & Norfolk
Norwell,-,1,Blanks,81,State Senate,First Plymouth & Norfolk
Norwell,-,1,Total Votes Cast,1751,State Senate,First Plymouth & Norfolk
Norwell,-,2,Patrick Michael O'Connor,1217,State Senate,First Plymouth & Norfolk
Norwell,-,2,"Robert William Stephens, Jr",706,State Senate,First Plymouth & Norfolk
Norwell,-,2,All Others,2,State Senate,First Plymouth & Norfolk
Norwell,-,2,Blanks,75,State Senate,First Plymouth & Norfolk
Norwell,-,2,Total Votes Cast,2000,State Senate,First Plymouth & Norfolk
Norwell,-,3,Patrick Michael O'Connor,1087,State Senate,First Plymouth & Norfolk
Norwell,-,3,"Robert William Stephens, Jr",722,State Senate,First Plymouth & Norfolk
Norwell,-,3,All Others,3,State Senate,First Plymouth & Norfolk
Norwell,-,3,Blanks,63,State Senate,First Plymouth & Norfolk
Norwell,-,3,Total Votes Cast,1875,State Senate,First Plymouth & Norfolk
Norwood,-,1,Michael F. Rush,1023,State Senate,Norfolk and Suffolk
Norwood,-,1,All Others,21,State Senate,Norfolk and Suffolk
Norwood,-,1,Blanks,367,State Senate,Norfolk and Suffolk
Norwood,-,1,Total Votes Cast,1411,State Senate,Norfolk and Suffolk
Norwood,-,2,Michael F. Rush,941,State Senate,Norfolk and Suffolk
Norwood,-,2,All Others,15,State Senate,Norfolk and Suffolk
Norwood,-,2,Blanks,328,State Senate,Norfolk and Suffolk
Norwood,-,2,Total Votes Cast,1284,State Senate,Norfolk and Suffolk
Norwood,-,3,Michael F. Rush,1020,State Senate,Norfolk and Suffolk
Norwood,-,3,All Others,25,State Senate,Norfolk and Suffolk
Norwood,-,3,Blanks,386,State Senate,Norfolk and Suffolk
Norwood,-,3,Total Votes Cast,1431,State Senate,Norfolk and Suffolk
Norwood,-,4,Michael F. Rush,1130,State Senate,Norfolk and Suffolk
Norwood,-,4,All Others,24,State Senate,Norfolk and Suffolk
Norwood,-,4,Blanks,482,State Senate,Norfolk and Suffolk
Norwood,-,4,Total Votes Cast,1636,State Senate,Norfolk and Suffolk
Norwood,-,5,Michael F. Rush,631,State Senate,Norfolk and Suffolk
Norwood,-,5,All Others,13,State Senate,Norfolk and Suffolk
Norwood,-,5,Blanks,198,State Senate,Norfolk and Suffolk
Norwood,-,5,Total Votes Cast,842,State Senate,Norfolk and Suffolk
Norwood,-,6,Michael F. Rush,679,State Senate,Norfolk and Suffolk
Norwood,-,6,All Others,11,State Senate,Norfolk and Suffolk
Norwood,-,6,Blanks,304,State Senate,Norfolk and Suffolk
Norwood,-,6,Total Votes Cast,994,State Senate,Norfolk and Suffolk
Norwood,-,7,Michael F. Rush,932,State Senate,Norfolk and Suffolk
Norwood,-,7,All Others,32,State Senate,Norfolk and Suffolk
Norwood,-,7,Blanks,365,State Senate,Norfolk and Suffolk
Norwood,-,7,Total Votes Cast,1329,State Senate,Norfolk and Suffolk
Norwood,-,8,Michael F. Rush,1076,State Senate,Norfolk and Suffolk
Norwood,-,8,All Others,28,State Senate,Norfolk and Suffolk
Norwood,-,8,Blanks,386,State Senate,Norfolk and Suffolk
Norwood,-,8,Total Votes Cast,1490,State Senate,Norfolk and Suffolk
Norwood,-,9,Michael F. Rush,1026,State Senate,Norfolk and Suffolk
Norwood,-,9,All Others,33,State Senate,Norfolk and Suffolk
Norwood,-,9,Blanks,407,State Senate,Norfolk and Suffolk
Norwood,-,9,Total Votes Cast,1466,State Senate,Norfolk and Suffolk
Oak Bluffs,,,Julian Andre Cyr,1723,State Senate,Cape and Islands
Oak Bluffs,,,Christopher Robert Lauzon,534,State Senate,Cape and Islands
Oak Bluffs,,,All Others,1,State Senate,Cape and Islands
Oak Bluffs,,,Blanks,62,State Senate,Cape and Islands
Oak Bluffs,,,Total Votes Cast,2320,State Senate,Cape and Islands
Oakham,,,Anne M. Gobi,464,State Senate,Worcester & Hampshire
Oakham,,,James Anthony Amorello,454,State Senate,Worcester & Hampshire
Oakham,,,All Others,0,State Senate,Worcester & Hampshire
Oakham,,,Blanks,16,State Senate,Worcester & Hampshire
Oakham,,,Total Votes Cast,934,State Senate,Worcester & Hampshire
Orange,-,1,Jo Comerford,899,State Senate,"Hampshire, Franklin and Worcester"
Orange,-,1,All Others,41,State Senate,"Hampshire, Franklin and Worcester"
Orange,-,1,Blanks,408,State Senate,"Hampshire, Franklin and Worcester"
Orange,-,1,Total Votes Cast,1348,State Senate,"Hampshire, Franklin and Worcester"
Orange,-,2,Jo Comerford,949,State Senate,"Hampshire, Franklin and Worcester"
Orange,-,2,All Others,39,State Senate,"Hampshire, Franklin and Worcester"
Orange,-,2,Blanks,367,State Senate,"Hampshire, Franklin and Worcester"
Orange,-,2,Total Votes Cast,1355,State Senate,"Hampshire, Franklin and Worcester"
Orleans,-,1,Julian Andre Cyr,1404,State Senate,Cape and Islands
Orleans,-,1,Christopher Robert Lauzon,556,State Senate,Cape and Islands
Orleans,-,1,All Others,0,State Senate,Cape and Islands
Orleans,-,1,Blanks,37,State Senate,Cape and Islands
Orleans,-,1,Total Votes Cast,1997,State Senate,Cape and Islands
Orleans,-,2,Julian Andre Cyr,1276,State Senate,Cape and Islands
Orleans,-,2,Christopher Robert Lauzon,732,State Senate,Cape and Islands
Orleans,-,2,All Others,0,State Senate,Cape and Islands
Orleans,-,2,Blanks,31,State Senate,Cape and Islands
Orleans,-,2,Total Votes Cast,2039,State Senate,Cape and Islands
Otis,,,Paul W. Mark,461,State Senate,"Berkshire, Hampden, Franklin & Hampshire"
Otis,,,Brendan M. Phair,224,State Senate,"Berkshire, Hampden, Franklin & Hampshire"
Otis,,,All Others,1,State Senate,"Berkshire, Hampden, Franklin & Hampshire"
Otis,,,Blanks,83,State Senate,"Berkshire, Hampden, Franklin & Hampshire"
Otis,,,Total Votes Cast,769,State Senate,"Berkshire, Hampden, Franklin & Hampshire"
Oxford,-,1,Ryan C. Fattman,1068,State Senate,Worcester & Hampden
Oxford,-,1,All Others,0,State Senate,Worcester & Hampden
Oxford,-,1,Blanks,290,State Senate,Worcester & Hampden
Oxford,-,1,Total Votes Cast,1358,State Senate,Worcester & Hampden
Oxford,-,2,Ryan C. Fattman,1012,State Senate,Worcester & Hampden
Oxford,-,2,All Others,0,State Senate,Worcester & Hampden
Oxford,-,2,Blanks,281,State Senate,Worcester & Hampden
Oxford,-,2,Total Votes Cast,1293,State Senate,Worcester & Hampden
Oxford,-,3,Ryan C. Fattman,1009,State Senate,Worcester & Hampden
Oxford,-,3,All Others,0,State Senate,Worcester & Hampden
Oxford,-,3,Blanks,300,State Senate,Worcester & Hampden
Oxford,-,3,Total Votes Cast,1309,State Senate,Worcester & Hampden
Oxford,-,4,Ryan C. Fattman,974,State Senate,Worcester & Hampden
Oxford,-,4,All Others,0,State Senate,Worcester & Hampden
Oxford,-,4,Blanks,248,State Senate,Worcester & Hampden
Oxford,-,4,Total Votes Cast,1222,State Senate,Worcester & Hampden
Oxford,-,4A,Ryan C. Fattman,18,State Senate,Worcester & Hampden
Oxford,-,4A,All Others,0,State Senate,Worcester & Hampden
Oxford,-,4A,Blanks,2,State Senate,Worcester & Hampden
Oxford,-,4A,Total Votes Cast,20,State Senate,Worcester & Hampden
Palmer,-,1,Jacob R. Oliveira,599,State Senate,"Hampden, Hampshire & Worcester"
Palmer,-,1,William E. Johnson,606,State Senate,"Hampden, Hampshire & Worcester"
Palmer,-,1,All Others,0,State Senate,"Hampden, Hampshire & Worcester"
Palmer,-,1,Blanks,26,State Senate,"Hampden, Hampshire & Worcester"
Palmer,-,1,Total Votes Cast,1231,State Senate,"Hampden, Hampshire & Worcester"
Palmer,-,2,Jacob R. Oliveira,545,State Senate,"Hampden, Hampshire & Worcester"
Palmer,-,2,William E. Johnson,659,State Senate,"Hampden, Hampshire & Worcester"
Palmer,-,2,All Others,2,State Senate,"Hampden, Hampshire & Worcester"
Palmer,-,2,Blanks,30,State Senate,"Hampden, Hampshire & Worcester"
Palmer,-,2,Total Votes Cast,1236,State Senate,"Hampden, Hampshire & Worcester"
Palmer,-,3,Jacob R. Oliveira,522,State Senate,"Hampden, Hampshire & Worcester"
Palmer,-,3,William E. Johnson,383,State Senate,"Hampden, Hampshire & Worcester"
Palmer,-,3,All Others,0,State Senate,"Hampden, Hampshire & Worcester"
Palmer,-,3,Blanks,24,State Senate,"Hampden, Hampshire & Worcester"
Palmer,-,3,Total Votes Cast,929,State Senate,"Hampden, Hampshire & Worcester"
Palmer,-,4,Jacob R. Oliveira,460,State Senate,"Hampden, Hampshire & Worcester"
Palmer,-,4,William E. Johnson,561,State Senate,"Hampden, Hampshire & Worcester"
Palmer,-,4,All Others,0,State Senate,"Hampden, Hampshire & Worcester"
Palmer,-,4,Blanks,23,State Senate,"Hampden, Hampshire & Worcester"
Palmer,-,4,Total Votes Cast,1044,State Senate,"Hampden, Hampshire & Worcester"
Paxton,,,Anne M. Gobi,1202,State Senate,Worcester & Hampshire
Paxton,,,James Anthony Amorello,960,State Senate,Worcester & Hampshire
Paxton,,,All Others,0,State Senate,Worcester & Hampshire
Paxton,,,Blanks,52,State Senate,Worcester & Hampshire
Paxton,,,Total Votes Cast,2214,State Senate,Worcester & Hampshire
Peabody,1,1,Joan B. Lovely,754,State Senate,Second Essex
Peabody,1,1,Damian M. Anketell,467,State Senate,Second Essex
Peabody,1,1,All Others,3,State Senate,Second Essex
Peabody,1,1,Blanks,35,State Senate,Second Essex
Peabody,1,1,Total Votes Cast,1259,State Senate,Second Essex
Peabody,1,2,Joan B. Lovely,755,State Senate,Second Essex
Peabody,1,2,Damian M. Anketell,584,State Senate,Second Essex
Peabody,1,2,All Others,0,State Senate,Second Essex
Peabody,1,2,Blanks,42,State Senate,Second Essex
Peabody,1,2,Total Votes Cast,1381,State Senate,Second Essex
Peabody,1,3,Joan B. Lovely,728,State Senate,Second Essex
Peabody,1,3,Damian M. Anketell,621,State Senate,Second Essex
Peabody,1,3,All Others,1,State Senate,Second Essex
Peabody,1,3,Blanks,52,State Senate,Second Essex
Peabody,1,3,Total Votes Cast,1402,State Senate,Second Essex
Peabody,2,1,Joan B. Lovely,489,State Senate,Second Essex
Peabody,2,1,Damian M. Anketell,214,State Senate,Second Essex
Peabody,2,1,All Others,1,State Senate,Second Essex
Peabody,2,1,Blanks,22,State Senate,Second Essex
Peabody,2,1,Total Votes Cast,726,State Senate,Second Essex
Peabody,2,2,Joan B. Lovely,441,State Senate,Second Essex
Peabody,2,2,Damian M. Anketell,231,State Senate,Second Essex
Peabody,2,2,All Others,0,State Senate,Second Essex
Peabody,2,2,Blanks,19,State Senate,Second Essex
Peabody,2,2,Total Votes Cast,691,State Senate,Second Essex
Peabody,2,3,Joan B. Lovely,556,State Senate,Second Essex
Peabody,2,3,Damian M. Anketell,367,State Senate,Second Essex
Peabody,2,3,All Others,1,State Senate,Second Essex
Peabody,2,3,Blanks,18,State Senate,Second Essex
Peabody,2,3,Total Votes Cast,942,State Senate,Second Essex
Peabody,3,1,Joan B. Lovely,353,State Senate,Second Essex
Peabody,3,1,Damian M. Anketell,168,State Senate,Second Essex
Peabody,3,1,All Others,1,State Senate,Second Essex
Peabody,3,1,Blanks,15,State Senate,Second Essex
Peabody,3,1,Total Votes Cast,537,State Senate,Second Essex
Peabody,3,2,Joan B. Lovely,544,State Senate,Second Essex
Peabody,3,2,Damian M. Anketell,302,State Senate,Second Essex
Peabody,3,2,All Others,2,State Senate,Second Essex
Peabody,3,2,Blanks,32,State Senate,Second Essex
Peabody,3,2,Total Votes Cast,880,State Senate,Second Essex
Peabody,3,3,Joan B. Lovely,618,State Senate,Second Essex
Peabody,3,3,Damian M. Anketell,383,State Senate,Second Essex
Peabody,3,3,All Others,2,State Senate,Second Essex
Peabody,3,3,Blanks,34,State Senate,Second Essex
Peabody,3,3,Total Votes Cast,1037,State Senate,Second Essex
Peabody,4,1,Joan B. Lovely,672,State Senate,Second Essex
Peabody,4,1,Damian M. Anketell,421,State Senate,Second Essex
Peabody,4,1,All Others,1,State Senate,Second Essex
Peabody,4,1,Blanks,30,State Senate,Second Essex
Peabody,4,1,Total Votes Cast,1124,State Senate,Second Essex
Peabody,4,2,Joan B. Lovely,406,State Senate,Second Essex
Peabody,4,2,Damian M. Anketell,298,State Senate,Second Essex
Peabody,4,2,All Others,0,State Senate,Second Essex
Peabody,4,2,Blanks,21,State Senate,Second Essex
Peabody,4,2,Total Votes Cast,725,State Senate,Second Essex
Peabody,4,3,Joan B. Lovely,287,State Senate,Second Essex
Peabody,4,3,Damian M. Anketell,187,State Senate,Second Essex
Peabody,4,3,All Others,0,State Senate,Second Essex
Peabody,4,3,Blanks,9,State Senate,Second Essex
Peabody,4,3,Total Votes Cast,483,State Senate,Second Essex
Peabody,4,3A,Joan B. Lovely,980,State Senate,Second Essex
Peabody,4,3A,Damian M. Anketell,287,State Senate,Second Essex
Peabody,4,3A,All Others,2,State Senate,Second Essex
Peabody,4,3A,Blanks,35,State Senate,Second Essex
Peabody,4,3A,Total Votes Cast,1304,State Senate,Second Essex
Peabody,5,1,Joan B. Lovely,823,State Senate,Second Essex
Peabody,5,1,Damian M. Anketell,628,State Senate,Second Essex
Peabody,5,1,All Others,1,State Senate,Second Essex
Peabody,5,1,Blanks,46,State Senate,Second Essex
Peabody,5,1,Total Votes Cast,1498,State Senate,Second Essex
Peabody,5,2,Joan B. Lovely,507,State Senate,Second Essex
Peabody,5,2,Damian M. Anketell,491,State Senate,Second Essex
Peabody,5,2,All Others,1,State Senate,Second Essex
Peabody,5,2,Blanks,27,State Senate,Second Essex
Peabody,5,2,Total Votes Cast,1026,State Senate,Second Essex
Peabody,5,3,Joan B. Lovely,570,State Senate,Second Essex
Peabody,5,3,Damian M. Anketell,471,State Senate,Second Essex
Peabody,5,3,All Others,1,State Senate,Second Essex
Peabody,5,3,Blanks,28,State Senate,Second Essex
Peabody,5,3,Total Votes Cast,1070,State Senate,Second Essex
Peabody,6,1,Joan B. Lovely,844,State Senate,Second Essex
Peabody,6,1,Damian M. Anketell,756,State Senate,Second Essex
Peabody,6,1,All Others,2,State Senate,Second Essex
Peabody,6,1,Blanks,45,State Senate,Second Essex
Peabody,6,1,Total Votes Cast,1647,State Senate,Second Essex
Peabody,6,2,Joan B. Lovely,663,State Senate,Second Essex
Peabody,6,2,Damian M. Anketell,705,State Senate,Second Essex
Peabody,6,2,All Others,2,State Senate,Second Essex
Peabody,6,2,Blanks,52,State Senate,Second Essex
Peabody,6,2,Total Votes Cast,1422,State Senate,Second Essex
Peabody,6,3,Joan B. Lovely,776,State Senate,Second Essex
Peabody,6,3,Damian M. Anketell,771,State Senate,Second Essex
Peabody,6,3,All Others,1,State Senate,Second Essex
Peabody,6,3,Blanks,43,State Senate,Second Essex
Peabody,6,3,Total Votes Cast,1591,State Senate,Second Essex
Pelham,,,Jo Comerford,648,State Senate,"Hampshire, Franklin and Worcester"
Pelham,,,All Others,1,State Senate,"Hampshire, Franklin and Worcester"
Pelham,,,Blanks,89,State Senate,"Hampshire, Franklin and Worcester"
Pelham,,,Total Votes Cast,738,State Senate,"Hampshire, Franklin and Worcester"
Pembroke,-,1,Susan Lynn Moran,942,State Senate,Plymouth and Barnstable
Pembroke,-,1,Kari Macrae,850,State Senate,Plymouth and Barnstable
Pembroke,-,1,All Others,1,State Senate,Plymouth and Barnstable
Pembroke,-,1,Blanks,69,State Senate,Plymouth and Barnstable
Pembroke,-,1,Total Votes Cast,1862,State Senate,Plymouth and Barnstable
Pembroke,-,2,Susan Lynn Moran,751,State Senate,Plymouth and Barnstable
Pembroke,-,2,Kari Macrae,785,State Senate,Plymouth and Barnstable
Pembroke,-,2,All Others,0,State Senate,Plymouth and Barnstable
Pembroke,-,2,Blanks,61,State Senate,Plymouth and Barnstable
Pembroke,-,2,Total Votes Cast,1597,State Senate,Plymouth and Barnstable
Pembroke,-,3,Susan Lynn Moran,830,State Senate,Plymouth and Barnstable
Pembroke,-,3,Kari Macrae,853,State Senate,Plymouth and Barnstable
Pembroke,-,3,All Others,3,State Senate,Plymouth and Barnstable
Pembroke,-,3,Blanks,53,State Senate,Plymouth and Barnstable
Pembroke,-,3,Total Votes Cast,1739,State Senate,Plymouth and Barnstable
Pembroke,-,3A,Susan Lynn Moran,8,State Senate,Plymouth and Barnstable
Pembroke,-,3A,Kari Macrae,4,State Senate,Plymouth and Barnstable
Pembroke,-,3A,All Others,0,State Senate,Plymouth and Barnstable
Pembroke,-,3A,Blanks,0,State Senate,Plymouth and Barnstable
Pembroke,-,3A,Total Votes Cast,12,State Senate,Plymouth and Barnstable
Pembroke,-,4,Susan Lynn Moran,832,State Senate,Plymouth and Barnstable
Pembroke,-,4,Kari Macrae,806,State Senate,Plymouth and Barnstable
Pembroke,-,4,All Others,2,State Senate,Plymouth and Barnstable
Pembroke,-,4,Blanks,69,State Senate,Plymouth and Barnstable
Pembroke,-,4,Total Votes Cast,1709,State Senate,Plymouth and Barnstable
Pembroke,-,5,Susan Lynn Moran,816,State Senate,Plymouth and Barnstable
Pembroke,-,5,Kari Macrae,731,State Senate,Plymouth and Barnstable
Pembroke,-,5,All Others,0,State Senate,Plymouth and Barnstable
Pembroke,-,5,Blanks,60,State Senate,Plymouth and Barnstable
Pembroke,-,5,Total Votes Cast,1607,State Senate,Plymouth and Barnstable
Pepperell,-,1,"Edward J. Kennedy, Jr",836,State Senate,First Middlesex
Pepperell,-,1,All Others,34,State Senate,First Middlesex
Pepperell,-,1,Blanks,406,State Senate,First Middlesex
Pepperell,-,1,Total Votes Cast,1276,State Senate,First Middlesex
Pepperell,-,2,"Edward J. Kennedy, Jr",1051,State Senate,First Middlesex
Pepperell,-,2,All Others,63,State Senate,First Middlesex
Pepperell,-,2,Blanks,495,State Senate,First Middlesex
Pepperell,-,2,Total Votes Cast,1609,State Senate,First Middlesex
Pepperell,-,3,"Edward J. Kennedy, Jr",953,State Senate,First Middlesex
Pepperell,-,3,All Others,58,State Senate,First Middlesex
Pepperell,-,3,Blanks,418,State Senate,First Middlesex
Pepperell,-,3,Total Votes Cast,1429,State Senate,First Middlesex
Pepperell,-,4,"Edward J. Kennedy, Jr",827,State Senate,First Middlesex
Pepperell,-,4,All Others,33,State Senate,First Middlesex
Pepperell,-,4,Blanks,265,State Senate,First Middlesex
Pepperell,-,4,Total Votes Cast,1125,State Senate,First Middlesex
Peru,,,Paul W. Mark,228,State Senate,"Berkshire, Hampden, Franklin & Hampshire"
Peru,,,Brendan M. Phair,108,State Senate,"Berkshire, Hampden, Franklin & Hampshire"
Peru,,,All Others,0,State Senate,"Berkshire, Hampden, Franklin & Hampshire"
Peru,,,Blanks,28,State Senate,"Berkshire, Hampden, Franklin & Hampshire"
Peru,,,Total Votes Cast,364,State Senate,"Berkshire, Hampden, Franklin & Hampshire"
Petersham,,,Jo Comerford,502,State Senate,"Hampshire, Franklin and Worcester"
Petersham,,,All Others,8,State Senate,"Hampshire, Franklin and Worcester"
Petersham,,,Blanks,234,State Senate,"Hampshire, Franklin and Worcester"
Petersham,,,Total Votes Cast,744,State Senate,"Hampshire, Franklin and Worcester"
Phillipston,,,Anne M. Gobi,386,State Senate,Worcester & Hampshire
Phillipston,,,James Anthony Amorello,411,State Senate,Worcester & Hampshire
Phillipston,,,All Others,0,State Senate,Worcester & Hampshire
Phillipston,,,Blanks,12,State Senate,Worcester & Hampshire
Phillipston,,,Total Votes Cast,809,State Senate,Worcester & Hampshire
Pittsfield,1,A,Paul W. Mark,470,State Senate,"Berkshire, Hampden, Franklin & Hampshire"
Pittsfield,1,A,Brendan M. Phair,163,State Senate,"Berkshire, Hampden, Franklin & Hampshire"
Pittsfield,1,A,All Others,0,State Senate,"Berkshire, Hampden, Franklin & Hampshire"
Pittsfield,1,A,Blanks,49,State Senate,"Berkshire, Hampden, Franklin & Hampshire"
Pittsfield,1,A,Total Votes Cast,682,State Senate,"Berkshire, Hampden, Franklin & Hampshire"
Pittsfield,1,B,Paul W. Mark,795,State Senate,"Berkshire, Hampden, Franklin & Hampshire"
Pittsfield,1,B,Brendan M. Phair,239,State Senate,"Berkshire, Hampden, Franklin & Hampshire"
Pittsfield,1,B,All Others,0,State Senate,"Berkshire, Hampden, Franklin & Hampshire"
Pittsfield,1,B,Blanks,81,State Senate,"Berkshire, Hampden, Franklin & Hampshire"
Pittsfield,1,B,Total Votes Cast,1115,State Senate,"Berkshire, Hampden, Franklin & Hampshire"
Pittsfield,2,A,Paul W. Mark,306,State Senate,"Berkshire, Hampden, Franklin & Hampshire"
Pittsfield,2,A,Brendan M. Phair,106,State Senate,"Berkshire, Hampden, Franklin & Hampshire"
Pittsfield,2,A,All Others,0,State Senate,"Berkshire, Hampden, Franklin & Hampshire"
Pittsfield,2,A,Blanks,36,State Senate,"Berkshire, Hampden, Franklin & Hampshire"
Pittsfield,2,A,Total Votes Cast,448,State Senate,"Berkshire, Hampden, Franklin & Hampshire"
Pittsfield,2,B,Paul W. Mark,769,State Senate,"Berkshire, Hampden, Franklin & Hampshire"
Pittsfield,2,B,Brendan M. Phair,232,State Senate,"Berkshire, Hampden, Franklin & Hampshire"
Pittsfield,2,B,All Others,0,State Senate,"Berkshire, Hampden, Franklin & Hampshire"
Pittsfield,2,B,Blanks,79,State Senate,"Berkshire, Hampden, Franklin & Hampshire"
Pittsfield,2,B,Total Votes Cast,1080,State Senate,"Berkshire, Hampden, Franklin & Hampshire"
Pittsfield,3,A,Paul W. Mark,873,State Senate,"Berkshire, Hampden, Franklin & Hampshire"
Pittsfield,3,A,Brendan M. Phair,237,State Senate,"Berkshire, Hampden, Franklin & Hampshire"
Pittsfield,3,A,All Others,0,State Senate,"Berkshire, Hampden, Franklin & Hampshire"
Pittsfield,3,A,Blanks,94,State Senate,"Berkshire, Hampden, Franklin & Hampshire"
Pittsfield,3,A,Total Votes Cast,1204,State Senate,"Berkshire, Hampden, Franklin & Hampshire"
Pittsfield,3,B,Paul W. Mark,951,State Senate,"Berkshire, Hampden, Franklin & Hampshire"
Pittsfield,3,B,Brendan M. Phair,273,State Senate,"Berkshire, Hampden, Franklin & Hampshire"
Pittsfield,3,B,All Others,0,State Senate,"Berkshire, Hampden, Franklin & Hampshire"
Pittsfield,3,B,Blanks,87,State Senate,"Berkshire, Hampden, Franklin & Hampshire"
Pittsfield,3,B,Total Votes Cast,1311,State Senate,"Berkshire, Hampden, Franklin & Hampshire"
Pittsfield,4,A,Paul W. Mark,922,State Senate,"Berkshire, Hampden, Franklin & Hampshire"
Pittsfield,4,A,Brendan M. Phair,243,State Senate,"Berkshire, Hampden, Franklin & Hampshire"
Pittsfield,4,A,All Others,1,State Senate,"Berkshire, Hampden, Franklin & Hampshire"
Pittsfield,4,A,Blanks,89,State Senate,"Berkshire, Hampden, Franklin & Hampshire"
Pittsfield,4,A,Total Votes Cast,1255,State Senate,"Berkshire, Hampden, Franklin & Hampshire"
Pittsfield,4,B,Paul W. Mark,1083,State Senate,"Berkshire, Hampden, Franklin & Hampshire"
Pittsfield,4,B,Brendan M. Phair,350,State Senate,"Berkshire, Hampden, Franklin & Hampshire"
Pittsfield,4,B,All Others,2,State Senate,"Berkshire, Hampden, Franklin & Hampshire"
Pittsfield,4,B,Blanks,120,State Senate,"Berkshire, Hampden, Franklin & Hampshire"
Pittsfield,4,B,Total Votes Cast,1555,State Senate,"Berkshire, Hampden, Franklin & Hampshire"
Pittsfield,5,A,Paul W. Mark,739,State Senate,"Berkshire, Hampden, Franklin & Hampshire"
Pittsfield,5,A,Brendan M. Phair,182,State Senate,"Berkshire, Hampden, Franklin & Hampshire"
Pittsfield,5,A,All Others,1,State Senate,"Berkshire, Hampden, Franklin & Hampshire"
Pittsfield,5,A,Blanks,87,State Senate,"Berkshire, Hampden, Franklin & Hampshire"
Pittsfield,5,A,Total Votes Cast,1009,State Senate,"Berkshire, Hampden, Franklin & Hampshire"
Pittsfield,5,B,Paul W. Mark,790,State Senate,"Berkshire, Hampden, Franklin & Hampshire"
Pittsfield,5,B,Brendan M. Phair,254,State Senate,"Berkshire, Hampden, Franklin & Hampshire"
Pittsfield,5,B,All Others,1,State Senate,"Berkshire, Hampden, Franklin & Hampshire"
Pittsfield,5,B,Blanks,74,State Senate,"Berkshire, Hampden, Franklin & Hampshire"
Pittsfield,5,B,Total Votes Cast,1119,State Senate,"Berkshire, Hampden, Franklin & Hampshire"
Pittsfield,6,A,Paul W. Mark,814,State Senate,"Berkshire, Hampden, Franklin & Hampshire"
Pittsfield,6,A,Brendan M. Phair,166,State Senate,"Berkshire, Hampden, Franklin & Hampshire"
Pittsfield,6,A,All Others,0,State Senate,"Berkshire, Hampden, Franklin & Hampshire"
Pittsfield,6,A,Blanks,74,State Senate,"Berkshire, Hampden, Franklin & Hampshire"
Pittsfield,6,A,Total Votes Cast,1054,State Senate,"Berkshire, Hampden, Franklin & Hampshire"
Pittsfield,6,B,Paul W. Mark,546,State Senate,"Berkshire, Hampden, Franklin & Hampshire"
Pittsfield,6,B,Brendan M. Phair,149,State Senate,"Berkshire, Hampden, Franklin & Hampshire"
Pittsfield,6,B,All Others,0,State Senate,"Berkshire, Hampden, Franklin & Hampshire"
Pittsfield,6,B,Blanks,57,State Senate,"Berkshire, Hampden, Franklin & Hampshire"
Pittsfield,6,B,Total Votes Cast,752,State Senate,"Berkshire, Hampden, Franklin & Hampshire"
Pittsfield,7,A,Paul W. Mark,379,State Senate,"Berkshire, Hampden, Franklin & Hampshire"
Pittsfield,7,A,Brendan M. Phair,189,State Senate,"Berkshire, Hampden, Franklin & Hampshire"
Pittsfield,7,A,All Others,0,State Senate,"Berkshire, Hampden, Franklin & Hampshire"
Pittsfield,7,A,Blanks,41,State Senate,"Berkshire, Hampden, Franklin & Hampshire"
Pittsfield,7,A,Total Votes Cast,609,State Senate,"Berkshire, Hampden, Franklin & Hampshire"
Pittsfield,7,B,Paul W. Mark,721,State Senate,"Berkshire, Hampden, Franklin & Hampshire"
Pittsfield,7,B,Brendan M. Phair,239,State Senate,"Berkshire, Hampden, Franklin & Hampshire"
Pittsfield,7,B,All Others,0,State Senate,"Berkshire, Hampden, Franklin & Hampshire"
Pittsfield,7,B,Blanks,81,State Senate,"Berkshire, Hampden, Franklin & Hampshire"
Pittsfield,7,B,Total Votes Cast,1041,State Senate,"Berkshire, Hampden, Franklin & Hampshire"
Plainfield,,,Paul W. Mark,267,State Senate,"Berkshire, Hampden, Franklin & Hampshire"
Plainfield,,,Brendan M. Phair,61,State Senate,"Berkshire, Hampden, Franklin & Hampshire"
Plainfield,,,All Others,2,State Senate,"Berkshire, Hampden, Franklin & Hampshire"
Plainfield,,,Blanks,38,State Senate,"Berkshire, Hampden, Franklin & Hampshire"
Plainfield,,,Total Votes Cast,368,State Senate,"Berkshire, Hampden, Franklin & Hampshire"
Plainville,-,1,Rebecca L. Rausch,512,State Senate,"Norfolk, Worcester & Middlesex"
Plainville,-,1,Shawn C. Dooley,722,State Senate,"Norfolk, Worcester & Middlesex"
Plainville,-,1,All Others,1,State Senate,"Norfolk, Worcester & Middlesex"
Plainville,-,1,Blanks,19,State Senate,"Norfolk, Worcester & Middlesex"
Plainville,-,1,Total Votes Cast,1254,State Senate,"Norfolk, Worcester & Middlesex"
Plainville,-,2,Rebecca L. Rausch,599,State Senate,"Norfolk, Worcester & Middlesex"
Plainville,-,2,Shawn C. Dooley,792,State Senate,"Norfolk, Worcester & Middlesex"
Plainville,-,2,All Others,1,State Senate,"Norfolk, Worcester & Middlesex"
Plainville,-,2,Blanks,18,State Senate,"Norfolk, Worcester & Middlesex"
Plainville,-,2,Total Votes Cast,1410,State Senate,"Norfolk, Worcester & Middlesex"
Plainville,-,3,Rebecca L. Rausch,569,State Senate,"Norfolk, Worcester & Middlesex"
Plainville,-,3,Shawn C. Dooley,929,State Senate,"Norfolk, Worcester & Middlesex"
Plainville,-,3,All Others,2,State Senate,"Norfolk, Worcester & Middlesex"
Plainville,-,3,Blanks,18,State Senate,"Norfolk, Worcester & Middlesex"
Plainville,-,3,Total Votes Cast,1518,State Senate,"Norfolk, Worcester & Middlesex"
Plymouth,-,1,Susan Lynn Moran,641,State Senate,Plymouth and Barnstable
Plymouth,-,1,Kari Macrae,411,State Senate,Plymouth and Barnstable
Plymouth,-,1,All Others,0,State Senate,Plymouth and Barnstable
Plymouth,-,1,Blanks,25,State Senate,Plymouth and Barnstable
Plymouth,-,1,Total Votes Cast,1077,State Senate,Plymouth and Barnstable
Plymouth,-,10,Susan Lynn Moran,816,State Senate,Plymouth and Barnstable
Plymouth,-,10,Kari Macrae,771,State Senate,Plymouth and Barnstable
Plymouth,-,10,All Others,0,State Senate,Plymouth and Barnstable
Plymouth,-,10,Blanks,44,State Senate,Plymouth and Barnstable
Plymouth,-,10,Total Votes Cast,1631,State Senate,Plymouth and Barnstable
Plymouth,-,11,Susan Lynn Moran,899,State Senate,Plymouth and Barnstable
Plymouth,-,11,Kari Macrae,803,State Senate,Plymouth and Barnstable
Plymouth,-,11,All Others,1,State Senate,Plymouth and Barnstable
Plymouth,-,11,Blanks,63,State Senate,Plymouth and Barnstable
Plymouth,-,11,Total Votes Cast,1766,State Senate,Plymouth and Barnstable
Plymouth,-,12,Susan Lynn Moran,655,State Senate,Plymouth and Barnstable
Plymouth,-,12,Kari Macrae,630,State Senate,Plymouth and Barnstable
Plymouth,-,12,All Others,0,State Senate,Plymouth and Barnstable
Plymouth,-,12,Blanks,30,State Senate,Plymouth and Barnstable
Plymouth,-,12,Total Votes Cast,1315,State Senate,Plymouth and Barnstable
Plymouth,-,13,Susan Lynn Moran,884,State Senate,Plymouth and Barnstable
Plymouth,-,13,Kari Macrae,745,State Senate,Plymouth and Barnstable
Plymouth,-,13,All Others,0,State Senate,Plymouth and Barnstable
Plymouth,-,13,Blanks,56,State Senate,Plymouth and Barnstable
Plymouth,-,13,Total Votes Cast,1685,State Senate,Plymouth and Barnstable
Plymouth,-,14,Susan Lynn Moran,781,State Senate,Plymouth and Barnstable
Plymouth,-,14,Kari Macrae,893,State Senate,Plymouth and Barnstable
Plymouth,-,14,All Others,0,State Senate,Plymouth and Barnstable
Plymouth,-,14,Blanks,58,State Senate,Plymouth and Barnstable
Plymouth,-,14,Total Votes Cast,1732,State Senate,Plymouth and Barnstable
Plymouth,-,15,Susan Lynn Moran,1569,State Senate,Plymouth and Barnstable
Plymouth,-,15,Kari Macrae,981,State Senate,Plymouth and Barnstable
Plymouth,-,15,All Others,0,State Senate,Plymouth and Barnstable
Plymouth,-,15,Blanks,84,State Senate,Plymouth and Barnstable
Plymouth,-,15,Total Votes Cast,2634,State Senate,Plymouth and Barnstable
Plymouth,-,16,Susan Lynn Moran,1223,State Senate,Plymouth and Barnstable
Plymouth,-,16,Kari Macrae,850,State Senate,Plymouth and Barnstable
Plymouth,-,16,All Others,0,State Senate,Plymouth and Barnstable
Plymouth,-,16,Blanks,54,State Senate,Plymouth and Barnstable
Plymouth,-,16,Total Votes Cast,2127,State Senate,Plymouth and Barnstable
Plymouth,-,17,Susan Lynn Moran,964,State Senate,Plymouth and Barnstable
Plymouth,-,17,Kari Macrae,793,State Senate,Plymouth and Barnstable
Plymouth,-,17,All Others,1,State Senate,Plymouth and Barnstable
Plymouth,-,17,Blanks,48,State Senate,Plymouth and Barnstable
Plymouth,-,17,Total Votes Cast,1806,State Senate,Plymouth and Barnstable
Plymouth,-,18,Susan Lynn Moran,542,State Senate,Plymouth and Barnstable
Plymouth,-,18,Kari Macrae,569,State Senate,Plymouth and Barnstable
Plymouth,-,18,All Others,1,State Senate,Plymouth and Barnstable
Plymouth,-,18,Blanks,33,State Senate,Plymouth and Barnstable
Plymouth,-,18,Total Votes Cast,1145,State Senate,Plymouth and Barnstable
Plymouth,-,2,Susan Lynn Moran,813,State Senate,Plymouth and Barnstable
Plymouth,-,2,Kari Macrae,527,State Senate,Plymouth and Barnstable
Plymouth,-,2,All Others,0,State Senate,Plymouth and Barnstable
Plymouth,-,2,Blanks,35,State Senate,Plymouth and Barnstable
Plymouth,-,2,Total Votes Cast,1375,State Senate,Plymouth and Barnstable
Plymouth,-,3,Susan Lynn Moran,890,State Senate,Plymouth and Barnstable
Plymouth,-,3,Kari Macrae,509,State Senate,Plymouth and Barnstable
Plymouth,-,3,All Others,0,State Senate,Plymouth and Barnstable
Plymouth,-,3,Blanks,52,State Senate,Plymouth and Barnstable
Plymouth,-,3,Total Votes Cast,1451,State Senate,Plymouth and Barnstable
Plymouth,-,4,Susan Lynn Moran,811,State Senate,Plymouth and Barnstable
Plymouth,-,4,Kari Macrae,604,State Senate,Plymouth and Barnstable
Plymouth,-,4,All Others,0,State Senate,Plymouth and Barnstable
Plymouth,-,4,Blanks,43,State Senate,Plymouth and Barnstable
Plymouth,-,4,Total Votes Cast,1458,State Senate,Plymouth and Barnstable
Plymouth,-,5,Susan Lynn Moran,814,State Senate,Plymouth and Barnstable
Plymouth,-,5,Kari Macrae,619,State Senate,Plymouth and Barnstable
Plymouth,-,5,All Others,0,State Senate,Plymouth and Barnstable
Plymouth,-,5,Blanks,47,State Senate,Plymouth and Barnstable
Plymouth,-,5,Total Votes Cast,1480,State Senate,Plymouth and Barnstable
Plymouth,-,6,Susan Lynn Moran,1029,State Senate,Plymouth and Barnstable
Plymouth,-,6,Kari Macrae,719,State Senate,Plymouth and Barnstable
Plymouth,-,6,All Others,0,State Senate,Plymouth and Barnstable
Plymouth,-,6,Blanks,48,State Senate,Plymouth and Barnstable
Plymouth,-,6,Total Votes Cast,1796,State Senate,Plymouth and Barnstable
Plymouth,-,7,Susan Lynn Moran,879,State Senate,Plymouth and Barnstable
Plymouth,-,7,Kari Macrae,637,State Senate,Plymouth and Barnstable
Plymouth,-,7,All Others,0,State Senate,Plymouth and Barnstable
Plymouth,-,7,Blanks,41,State Senate,Plymouth and Barnstable
Plymouth,-,7,Total Votes Cast,1557,State Senate,Plymouth and Barnstable
Plymouth,-,8,Susan Lynn Moran,930,State Senate,Plymouth and Barnstable
Plymouth,-,8,Kari Macrae,851,State Senate,Plymouth and Barnstable
Plymouth,-,8,All Others,0,State Senate,Plymouth and Barnstable
Plymouth,-,8,Blanks,52,State Senate,Plymouth and Barnstable
Plymouth,-,8,Total Votes Cast,1833,State Senate,Plymouth and Barnstable
Plymouth,-,9,Susan Lynn Moran,673,State Senate,Plymouth and Barnstable
Plymouth,-,9,Kari Macrae,695,State Senate,Plymouth and Barnstable
Plymouth,-,9,All Others,1,State Senate,Plymouth and Barnstable
Plymouth,-,9,Blanks,29,State Senate,Plymouth and Barnstable
Plymouth,-,9,Total Votes Cast,1398,State Senate,Plymouth and Barnstable
Plympton,,,Susan Lynn Moran,722,State Senate,Plymouth and Barnstable
Plympton,,,Kari Macrae,712,State Senate,Plymouth and Barnstable
Plympton,,,All Others,0,State Senate,Plymouth and Barnstable
Plympton,,,Blanks,59,State Senate,Plymouth and Barnstable
Plympton,,,Total Votes Cast,1493,State Senate,Plymouth and Barnstable
Princeton,,,Anne M. Gobi,1174,State Senate,Worcester & Hampshire
Princeton,,,James Anthony Amorello,720,State Senate,Worcester & Hampshire
Princeton,,,All Others,1,State Senate,Worcester & Hampshire
Princeton,,,Blanks,65,State Senate,Worcester & Hampshire
Princeton,,,Total Votes Cast,1960,State Senate,Worcester & Hampshire
Provincetown,,,Julian Andre Cyr,2076,State Senate,Cape and Islands
Provincetown,,,Christopher Robert Lauzon,134,State Senate,Cape and Islands
Provincetown,,,All Others,0,State Senate,Cape and Islands
Provincetown,,,Blanks,27,State Senate,Cape and Islands
Provincetown,,,Total Votes Cast,2237,State Senate,Cape and Islands
Quincy,1,1,John F. Keenan,597,State Senate,Norfolk and Plymouth
Quincy,1,1,Gary M. Innes,240,State Senate,Norfolk and Plymouth
Quincy,1,1,All Others,0,State Senate,Norfolk and Plymouth
Quincy,1,1,Blanks,37,State Senate,Norfolk and Plymouth
Quincy,1,1,Total Votes Cast,874,State Senate,Norfolk and Plymouth
Quincy,1,2,John F. Keenan,504,State Senate,Norfolk and Plymouth
Quincy,1,2,Gary M. Innes,216,State Senate,Norfolk and Plymouth
Quincy,1,2,All Others,1,State Senate,Norfolk and Plymouth
Quincy,1,2,Blanks,55,State Senate,Norfolk and Plymouth
Quincy,1,2,Total Votes Cast,776,State Senate,Norfolk and Plymouth
Quincy,1,3,John F. Keenan,732,State Senate,Norfolk and Plymouth
Quincy,1,3,Gary M. Innes,185,State Senate,Norfolk and Plymouth
Quincy,1,3,All Others,0,State Senate,Norfolk and Plymouth
Quincy,1,3,Blanks,53,State Senate,Norfolk and Plymouth
Quincy,1,3,Total Votes Cast,970,State Senate,Norfolk and Plymouth
Quincy,1,4,John F. Keenan,1033,State Senate,Norfolk and Plymouth
Quincy,1,4,Gary M. Innes,502,State Senate,Norfolk and Plymouth
Quincy,1,4,All Others,1,State Senate,Norfolk and Plymouth
Quincy,1,4,Blanks,70,State Senate,Norfolk and Plymouth
Quincy,1,4,Total Votes Cast,1606,State Senate,Norfolk and Plymouth
Quincy,1,5,John F. Keenan,988,State Senate,Norfolk and Plymouth
Quincy,1,5,Gary M. Innes,520,State Senate,Norfolk and Plymouth
Quincy,1,5,All Others,2,State Senate,Norfolk and Plymouth
Quincy,1,5,Blanks,66,State Senate,Norfolk and Plymouth
Quincy,1,5,Total Votes Cast,1576,State Senate,Norfolk and Plymouth
Quincy,2,1,John F. Keenan,512,State Senate,Norfolk and Plymouth
Quincy,2,1,Gary M. Innes,180,State Senate,Norfolk and Plymouth
Quincy,2,1,All Others,1,State Senate,Norfolk and Plymouth
Quincy,2,1,Blanks,41,State Senate,Norfolk and Plymouth
Quincy,2,1,Total Votes Cast,734,State Senate,Norfolk and Plymouth
Quincy,2,2,John F. Keenan,543,State Senate,Norfolk and Plymouth
Quincy,2,2,Gary M. Innes,212,State Senate,Norfolk and Plymouth
Quincy,2,2,All Others,1,State Senate,Norfolk and Plymouth
Quincy,2,2,Blanks,38,State Senate,Norfolk and Plymouth
Quincy,2,2,Total Votes Cast,794,State Senate,Norfolk and Plymouth
Quincy,2,3,John F. Keenan,403,State Senate,Norfolk and Plymouth
Quincy,2,3,Gary M. Innes,156,State Senate,Norfolk and Plymouth
Quincy,2,3,All Others,1,State Senate,Norfolk and Plymouth
Quincy,2,3,Blanks,36,State Senate,Norfolk and Plymouth
Quincy,2,3,Total Votes Cast,596,State Senate,Norfolk and Plymouth
Quincy,2,4,John F. Keenan,505,State Senate,Norfolk and Plymouth
Quincy,2,4,Gary M. Innes,214,State Senate,Norfolk and Plymouth
Quincy,2,4,All Others,0,State Senate,Norfolk and Plymouth
Quincy,2,4,Blanks,28,State Senate,Norfolk and Plymouth
Quincy,2,4,Total Votes Cast,747,State Senate,Norfolk and Plymouth
Quincy,2,5,John F. Keenan,697,State Senate,Norfolk and Plymouth
Quincy,2,5,Gary M. Innes,282,State Senate,Norfolk and Plymouth
Quincy,2,5,All Others,1,State Senate,Norfolk and Plymouth
Quincy,2,5,Blanks,53,State Senate,Norfolk and Plymouth
Quincy,2,5,Total Votes Cast,1033,State Senate,Norfolk and Plymouth
Quincy,3,1,John F. Keenan,907,State Senate,Norfolk and Plymouth
Quincy,3,1,Gary M. Innes,286,State Senate,Norfolk and Plymouth
Quincy,3,1,All Others,2,State Senate,Norfolk and Plymouth
Quincy,3,1,Blanks,52,State Senate,Norfolk and Plymouth
Quincy,3,1,Total Votes Cast,1247,State Senate,Norfolk and Plymouth
Quincy,3,2,John F. Keenan,766,State Senate,Norfolk and Plymouth
Quincy,3,2,Gary M. Innes,249,State Senate,Norfolk and Plymouth
Quincy,3,2,All Others,2,State Senate,Norfolk and Plymouth
Quincy,3,2,Blanks,42,State Senate,Norfolk and Plymouth
Quincy,3,2,Total Votes Cast,1059,State Senate,Norfolk and Plymouth
Quincy,3,3,John F. Keenan,588,State Senate,Norfolk and Plymouth
Quincy,3,3,Gary M. Innes,252,State Senate,Norfolk and Plymouth
Quincy,3,3,All Others,1,State Senate,Norfolk and Plymouth
Quincy,3,3,Blanks,38,State Senate,Norfolk and Plymouth
Quincy,3,3,Total Votes Cast,879,State Senate,Norfolk and Plymouth
Quincy,3,4,John F. Keenan,909,State Senate,Norfolk and Plymouth
Quincy,3,4,Gary M. Innes,364,State Senate,Norfolk and Plymouth
Quincy,3,4,All Others,0,State Senate,Norfolk and Plymouth
Quincy,3,4,Blanks,37,State Senate,Norfolk and Plymouth
Quincy,3,4,Total Votes Cast,1310,State Senate,Norfolk and Plymouth
Quincy,3,5,John F. Keenan,541,State Senate,Norfolk and Plymouth
Quincy,3,5,Gary M. Innes,170,State Senate,Norfolk and Plymouth
Quincy,3,5,All Others,0,State Senate,Norfolk and Plymouth
Quincy,3,5,Blanks,32,State Senate,Norfolk and Plymouth
Quincy,3,5,Total Votes Cast,743,State Senate,Norfolk and Plymouth
Quincy,4,1,John F. Keenan,625,State Senate,Norfolk and Plymouth
Quincy,4,1,Gary M. Innes,218,State Senate,Norfolk and Plymouth
Quincy,4,1,All Others,0,State Senate,Norfolk and Plymouth
Quincy,4,1,Blanks,30,State Senate,Norfolk and Plymouth
Quincy,4,1,Total Votes Cast,873,State Senate,Norfolk and Plymouth
Quincy,4,2,John F. Keenan,780,State Senate,Norfolk and Plymouth
Quincy,4,2,Gary M. Innes,363,State Senate,Norfolk and Plymouth
Quincy,4,2,All Others,2,State Senate,Norfolk and Plymouth
Quincy,4,2,Blanks,51,State Senate,Norfolk and Plymouth
Quincy,4,2,Total Votes Cast,1196,State Senate,Norfolk and Plymouth
Quincy,4,3,John F. Keenan,829,State Senate,Norfolk and Plymouth
Quincy,4,3,Gary M. Innes,412,State Senate,Norfolk and Plymouth
Quincy,4,3,All Others,0,State Senate,Norfolk and Plymouth
Quincy,4,3,Blanks,64,State Senate,Norfolk and Plymouth
Quincy,4,3,Total Votes Cast,1305,State Senate,Norfolk and Plymouth
Quincy,4,4,John F. Keenan,546,State Senate,Norfolk and Plymouth
Quincy,4,4,Gary M. Innes,159,State Senate,Norfolk and Plymouth
Quincy,4,4,All Others,1,State Senate,Norfolk and Plymouth
Quincy,4,4,Blanks,27,State Senate,Norfolk and Plymouth
Quincy,4,4,Total Votes Cast,733,State Senate,Norfolk and Plymouth
Quincy,4,5,John F. Keenan,567,State Senate,Norfolk and Plymouth
Quincy,4,5,Gary M. Innes,202,State Senate,Norfolk and Plymouth
Quincy,4,5,All Others,1,State Senate,Norfolk and Plymouth
Quincy,4,5,Blanks,20,State Senate,Norfolk and Plymouth
Quincy,4,5,Total Votes Cast,790,State Senate,Norfolk and Plymouth
Quincy,5,1,John F. Keenan,337,State Senate,Norfolk and Plymouth
Quincy,5,1,Gary M. Innes,106,State Senate,Norfolk and Plymouth
Quincy,5,1,All Others,0,State Senate,Norfolk and Plymouth
Quincy,5,1,Blanks,17,State Senate,Norfolk and Plymouth
Quincy,5,1,Total Votes Cast,460,State Senate,Norfolk and Plymouth
Quincy,5,1A,John F. Keenan,222,State Senate,Norfolk and Plymouth
Quincy,5,1A,Gary M. Innes,79,State Senate,Norfolk and Plymouth
Quincy,5,1A,All Others,0,State Senate,Norfolk and Plymouth
Quincy,5,1A,Blanks,19,State Senate,Norfolk and Plymouth
Quincy,5,1A,Total Votes Cast,320,State Senate,Norfolk and Plymouth
Quincy,5,2,John F. Keenan,685,State Senate,Norfolk and Plymouth
Quincy,5,2,Gary M. Innes,173,State Senate,Norfolk and Plymouth
Quincy,5,2,All Others,2,State Senate,Norfolk and Plymouth
Quincy,5,2,Blanks,65,State Senate,Norfolk and Plymouth
Quincy,5,2,Total Votes Cast,925,State Senate,Norfolk and Plymouth
Quincy,5,3,John F. Keenan,834,State Senate,Norfolk and Plymouth
Quincy,5,3,Gary M. Innes,272,State Senate,Norfolk and Plymouth
Quincy,5,3,All Others,2,State Senate,Norfolk and Plymouth
Quincy,5,3,Blanks,47,State Senate,Norfolk and Plymouth
Quincy,5,3,Total Votes Cast,1155,State Senate,Norfolk and Plymouth
Quincy,5,4,John F. Keenan,632,State Senate,Norfolk and Plymouth
Quincy,5,4,Gary M. Innes,209,State Senate,Norfolk and Plymouth
Quincy,5,4,All Others,1,State Senate,Norfolk and Plymouth
Quincy,5,4,Blanks,40,State Senate,Norfolk and Plymouth
Quincy,5,4,Total Votes Cast,882,State Senate,Norfolk and Plymouth
Quincy,5,5,John F. Keenan,872,State Senate,Norfolk and Plymouth
Quincy,5,5,Gary M. Innes,318,State Senate,Norfolk and Plymouth
Quincy,5,5,All Others,0,State Senate,Norfolk and Plymouth
Quincy,5,5,Blanks,43,State Senate,Norfolk and Plymouth
Quincy,5,5,Total Votes Cast,1233,State Senate,Norfolk and Plymouth
Quincy,6,1,John F. Keenan,648,State Senate,Norfolk and Plymouth
Quincy,6,1,Gary M. Innes,261,State Senate,Norfolk and Plymouth
Quincy,6,1,All Others,0,State Senate,Norfolk and Plymouth
Quincy,6,1,Blanks,45,State Senate,Norfolk and Plymouth
Quincy,6,1,Total Votes Cast,954,State Senate,Norfolk and Plymouth
Quincy,6,2,John F. Keenan,566,State Senate,Norfolk and Plymouth
Quincy,6,2,Gary M. Innes,161,State Senate,Norfolk and Plymouth
Quincy,6,2,All Others,0,State Senate,Norfolk and Plymouth
Quincy,6,2,Blanks,36,State Senate,Norfolk and Plymouth
Quincy,6,2,Total Votes Cast,763,State Senate,Norfolk and Plymouth
Quincy,6,3,John F. Keenan,753,State Senate,Norfolk and Plymouth
Quincy,6,3,Gary M. Innes,378,State Senate,Norfolk and Plymouth
Quincy,6,3,All Others,1,State Senate,Norfolk and Plymouth
Quincy,6,3,Blanks,54,State Senate,Norfolk and Plymouth
Quincy,6,3,Total Votes Cast,1186,State Senate,Norfolk and Plymouth
Quincy,6,4,John F. Keenan,627,State Senate,Norfolk and Plymouth
Quincy,6,4,Gary M. Innes,196,State Senate,Norfolk and Plymouth
Quincy,6,4,All Others,0,State Senate,Norfolk and Plymouth
Quincy,6,4,Blanks,30,State Senate,Norfolk and Plymouth
Quincy,6,4,Total Votes Cast,853,State Senate,Norfolk and Plymouth
Quincy,6,5,John F. Keenan,1150,State Senate,Norfolk and Plymouth
Quincy,6,5,Gary M. Innes,540,State Senate,Norfolk and Plymouth
Quincy,6,5,All Others,1,State Senate,Norfolk and Plymouth
Quincy,6,5,Blanks,70,State Senate,Norfolk and Plymouth
Quincy,6,5,Total Votes Cast,1761,State Senate,Norfolk and Plymouth
Randolph,-,1,Michael D. Brady,766,State Senate,Second Plymouth & Norfolk
Randolph,-,1,Jim Gordon,205,State Senate,Second Plymouth & Norfolk
Randolph,-,1,All Others,4,State Senate,Second Plymouth & Norfolk
Randolph,-,1,Blanks,58,State Senate,Second Plymouth & Norfolk
Randolph,-,1,Total Votes Cast,1033,State Senate,Second Plymouth & Norfolk
Randolph,-,10,"Walter F. Timilty, Jr.",666,State Senate,"Norfolk, Plymouth & Bristol"
Randolph,-,10,Brian R. Muello,173,State Senate,"Norfolk, Plymouth & Bristol"
Randolph,-,10,All Others,1,State Senate,"Norfolk, Plymouth & Bristol"
Randolph,-,10,Blanks,30,State Senate,"Norfolk, Plymouth & Bristol"
Randolph,-,10,Total Votes Cast,870,State Senate,"Norfolk, Plymouth & Bristol"
Randolph,-,11,"Walter F. Timilty, Jr.",604,State Senate,"Norfolk, Plymouth & Bristol"
Randolph,-,11,Brian R. Muello,203,State Senate,"Norfolk, Plymouth & Bristol"
Randolph,-,11,All Others,1,State Senate,"Norfolk, Plymouth & Bristol"
Randolph,-,11,Blanks,40,State Senate,"Norfolk, Plymouth & Bristol"
Randolph,-,11,Total Votes Cast,848,State Senate,"Norfolk, Plymouth & Bristol"
Randolph,-,12,"Walter F. Timilty, Jr.",594,State Senate,"Norfolk, Plymouth & Bristol"
Randolph,-,12,Brian R. Muello,148,State Senate,"Norfolk, Plymouth & Bristol"
Randolph,-,12,All Others,1,State Senate,"Norfolk, Plymouth & Bristol"
Randolph,-,12,Blanks,26,State Senate,"Norfolk, Plymouth & Bristol"
Randolph,-,12,Total Votes Cast,769,State Senate,"Norfolk, Plymouth & Bristol"
Randolph,-,2,Michael D. Brady,608,State Senate,Second Plymouth & Norfolk
Randolph,-,2,Jim Gordon,148,State Senate,Second Plymouth & Norfolk
Randolph,-,2,All Others,1,State Senate,Second Plymouth & Norfolk
Randolph,-,2,Blanks,41,State Senate,Second Plymouth & Norfolk
Randolph,-,2,Total Votes Cast,798,State Senate,Second Plymouth & Norfolk
Randolph,-,3,Michael D. Brady,522,State Senate,Second Plymouth & Norfolk
Randolph,-,3,Jim Gordon,107,State Senate,Second Plymouth & Norfolk
Randolph,-,3,All Others,1,State Senate,Second Plymouth & Norfolk
Randolph,-,3,Blanks,41,State Senate,Second Plymouth & Norfolk
Randolph,-,3,Total Votes Cast,671,State Senate,Second Plymouth & Norfolk
Randolph,-,4,"Walter F. Timilty, Jr.",658,State Senate,"Norfolk, Plymouth & Bristol"
Randolph,-,4,Brian R. Muello,184,State Senate,"Norfolk, Plymouth & Bristol"
Randolph,-,4,All Others,3,State Senate,"Norfolk, Plymouth & Bristol"
Randolph,-,4,Blanks,40,State Senate,"Norfolk, Plymouth & Bristol"
Randolph,-,4,Total Votes Cast,885,State Senate,"Norfolk, Plymouth & Bristol"
Randolph,-,5,"Walter F. Timilty, Jr.",702,State Senate,"Norfolk, Plymouth & Bristol"
Randolph,-,5,Brian R. Muello,157,State Senate,"Norfolk, Plymouth & Bristol"
Randolph,-,5,All Others,4,State Senate,"Norfolk, Plymouth & Bristol"
Randolph,-,5,Blanks,47,State Senate,"Norfolk, Plymouth & Bristol"
Randolph,-,5,Total Votes Cast,910,State Senate,"Norfolk, Plymouth & Bristol"
Randolph,-,6,"Walter F. Timilty, Jr.",388,State Senate,"Norfolk, Plymouth & Bristol"
Randolph,-,6,Brian R. Muello,67,State Senate,"Norfolk, Plymouth & Bristol"
Randolph,-,6,All Others,1,State Senate,"Norfolk, Plymouth & Bristol"
Randolph,-,6,Blanks,14,State Senate,"Norfolk, Plymouth & Bristol"
Randolph,-,6,Total Votes Cast,470,State Senate,"Norfolk, Plymouth & Bristol"
Randolph,-,7,Michael D. Brady,565,State Senate,Second Plymouth & Norfolk
Randolph,-,7,Jim Gordon,165,State Senate,Second Plymouth & Norfolk
Randolph,-,7,All Others,0,State Senate,Second Plymouth & Norfolk
Randolph,-,7,Blanks,47,State Senate,Second Plymouth & Norfolk
Randolph,-,7,Total Votes Cast,777,State Senate,Second Plymouth & Norfolk
Randolph,-,8,Michael D. Brady,547,State Senate,Second Plymouth & Norfolk
Randolph,-,8,Jim Gordon,183,State Senate,Second Plymouth & Norfolk
Randolph,-,8,All Others,2,State Senate,Second Plymouth & Norfolk
Randolph,-,8,Blanks,38,State Senate,Second Plymouth & Norfolk
Randolph,-,8,Total Votes Cast,770,State Senate,Second Plymouth & Norfolk
Randolph,-,9,"Walter F. Timilty, Jr.",673,State Senate,"Norfolk, Plymouth & Bristol"
Randolph,-,9,Brian R. Muello,136,State Senate,"Norfolk, Plymouth & Bristol"
Randolph,-,9,All Others,4,State Senate,"Norfolk, Plymouth & Bristol"
Randolph,-,9,Blanks,32,State Senate,"Norfolk, Plymouth & Bristol"
Randolph,-,9,Total Votes Cast,845,State Senate,"Norfolk, Plymouth & Bristol"
Raynham,-,1,Marc R. Pacheco,831,State Senate,Third Bristol & Plymouth
Raynham,-,1,Maria S. Collins,616,State Senate,Third Bristol & Plymouth
Raynham,-,1,All Others,0,State Senate,Third Bristol & Plymouth
Raynham,-,1,Blanks,64,State Senate,Third Bristol & Plymouth
Raynham,-,1,Total Votes Cast,1511,State Senate,Third Bristol & Plymouth
Raynham,-,2,Marc R. Pacheco,487,State Senate,Third Bristol & Plymouth
Raynham,-,2,Maria S. Collins,412,State Senate,Third Bristol & Plymouth
Raynham,-,2,All Others,0,State Senate,Third Bristol & Plymouth
Raynham,-,2,Blanks,30,State Senate,Third Bristol & Plymouth
Raynham,-,2,Total Votes Cast,929,State Senate,Third Bristol & Plymouth
Raynham,-,2A,Marc R. Pacheco,277,State Senate,Third Bristol & Plymouth
Raynham,-,2A,Maria S. Collins,302,State Senate,Third Bristol & Plymouth
Raynham,-,2A,All Others,0,State Senate,Third Bristol & Plymouth
Raynham,-,2A,Blanks,29,State Senate,Third Bristol & Plymouth
Raynham,-,2A,Total Votes Cast,608,State Senate,Third Bristol & Plymouth
Raynham,-,3,Marc R. Pacheco,909,State Senate,Third Bristol & Plymouth
Raynham,-,3,Maria S. Collins,721,State Senate,Third Bristol & Plymouth
Raynham,-,3,All Others,0,State Senate,Third Bristol & Plymouth
Raynham,-,3,Blanks,52,State Senate,Third Bristol & Plymouth
Raynham,-,3,Total Votes Cast,1682,State Senate,Third Bristol & Plymouth
Raynham,-,4,Marc R. Pacheco,737,State Senate,Third Bristol & Plymouth
Raynham,-,4,Maria S. Collins,633,State Senate,Third Bristol & Plymouth
Raynham,-,4,All Others,0,State Senate,Third Bristol & Plymouth
Raynham,-,4,Blanks,50,State Senate,Third Bristol & Plymouth
Raynham,-,4,Total Votes Cast,1420,State Senate,Third Bristol & Plymouth
Raynham,-,4A,Marc R. Pacheco,18,State Senate,Third Bristol & Plymouth
Raynham,-,4A,Maria S. Collins,28,State Senate,Third Bristol & Plymouth
Raynham,-,4A,All Others,0,State Senate,Third Bristol & Plymouth
Raynham,-,4A,Blanks,1,State Senate,Third Bristol & Plymouth
Raynham,-,4A,Total Votes Cast,47,State Senate,Third Bristol & Plymouth
Reading,-,1,Jason M. Lewis,942,State Senate,Fifth Middlesex
Reading,-,1,"Edward F. Dombroski, Jr",749,State Senate,Fifth Middlesex
Reading,-,1,All Others,0,State Senate,Fifth Middlesex
Reading,-,1,Blanks,64,State Senate,Fifth Middlesex
Reading,-,1,Total Votes Cast,1755,State Senate,Fifth Middlesex
Reading,-,2,Jason M. Lewis,849,State Senate,Fifth Middlesex
Reading,-,2,"Edward F. Dombroski, Jr",557,State Senate,Fifth Middlesex
Reading,-,2,All Others,0,State Senate,Fifth Middlesex
Reading,-,2,Blanks,49,State Senate,Fifth Middlesex
Reading,-,2,Total Votes Cast,1455,State Senate,Fifth Middlesex
Reading,-,3,Jason M. Lewis,933,State Senate,Fifth Middlesex
Reading,-,3,"Edward F. Dombroski, Jr",655,State Senate,Fifth Middlesex
Reading,-,3,All Others,0,State Senate,Fifth Middlesex
Reading,-,3,Blanks,72,State Senate,Fifth Middlesex
Reading,-,3,Total Votes Cast,1660,State Senate,Fifth Middlesex
Reading,-,4,Jason M. Lewis,946,State Senate,Fifth Middlesex
Reading,-,4,"Edward F. Dombroski, Jr",572,State Senate,Fifth Middlesex
Reading,-,4,All Others,0,State Senate,Fifth Middlesex
Reading,-,4,Blanks,54,State Senate,Fifth Middlesex
Reading,-,4,Total Votes Cast,1572,State Senate,Fifth Middlesex
Reading,-,5,Jason M. Lewis,962,State Senate,Fifth Middlesex
Reading,-,5,"Edward F. Dombroski, Jr",511,State Senate,Fifth Middlesex
Reading,-,5,All Others,0,State Senate,Fifth Middlesex
Reading,-,5,Blanks,59,State Senate,Fifth Middlesex
Reading,-,5,Total Votes Cast,1532,State Senate,Fifth Middlesex
Reading,-,6,Jason M. Lewis,970,State Senate,Fifth Middlesex
Reading,-,6,"Edward F. Dombroski, Jr",602,State Senate,Fifth Middlesex
Reading,-,6,All Others,0,State Senate,Fifth Middlesex
Reading,-,6,Blanks,64,State Senate,Fifth Middlesex
Reading,-,6,Total Votes Cast,1636,State Senate,Fifth Middlesex
Reading,-,7,Jason M. Lewis,954,State Senate,Fifth Middlesex
Reading,-,7,"Edward F. Dombroski, Jr",625,State Senate,Fifth Middlesex
Reading,-,7,All Others,0,State Senate,Fifth Middlesex
Reading,-,7,Blanks,65,State Senate,Fifth Middlesex
Reading,-,7,Total Votes Cast,1644,State Senate,Fifth Middlesex
Reading,-,8,Jason M. Lewis,759,State Senate,Fifth Middlesex
Reading,-,8,"Edward F. Dombroski, Jr",665,State Senate,Fifth Middlesex
Reading,-,8,All Others,0,State Senate,Fifth Middlesex
Reading,-,8,Blanks,83,State Senate,Fifth Middlesex
Reading,-,8,Total Votes Cast,1507,State Senate,Fifth Middlesex
Rehoboth,-,1,Marc R. Pacheco,620,State Senate,Third Bristol & Plymouth
Rehoboth,-,1,Maria S. Collins,713,State Senate,Third Bristol & Plymouth
Rehoboth,-,1,All Others,0,State Senate,Third Bristol & Plymouth
Rehoboth,-,1,Blanks,43,State Senate,Third Bristol & Plymouth
Rehoboth,-,1,Total Votes Cast,1376,State Senate,Third Bristol & Plymouth
Rehoboth,-,2,Marc R. Pacheco,621,State Senate,Third Bristol & Plymouth
Rehoboth,-,2,Maria S. Collins,659,State Senate,Third Bristol & Plymouth
Rehoboth,-,2,All Others,0,State Senate,Third Bristol & Plymouth
Rehoboth,-,2,Blanks,37,State Senate,Third Bristol & Plymouth
Rehoboth,-,2,Total Votes Cast,1317,State Senate,Third Bristol & Plymouth
Rehoboth,-,3,Marc R. Pacheco,620,State Senate,Third Bristol & Plymouth
Rehoboth,-,3,Maria S. Collins,733,State Senate,Third Bristol & Plymouth
Rehoboth,-,3,All Others,0,State Senate,Third Bristol & Plymouth
Rehoboth,-,3,Blanks,44,State Senate,Third Bristol & Plymouth
Rehoboth,-,3,Total Votes Cast,1397,State Senate,Third Bristol & Plymouth
Rehoboth,-,4,Marc R. Pacheco,584,State Senate,Third Bristol & Plymouth
Rehoboth,-,4,Maria S. Collins,700,State Senate,Third Bristol & Plymouth
Rehoboth,-,4,All Others,0,State Senate,Third Bristol & Plymouth
Rehoboth,-,4,Blanks,55,State Senate,Third Bristol & Plymouth
Rehoboth,-,4,Total Votes Cast,1339,State Senate,Third Bristol & Plymouth
Revere,1,1,Lydia Marie Edwards,541,State Senate,Third Suffolk
Revere,1,1,All Others,19,State Senate,Third Suffolk
Revere,1,1,Blanks,201,State Senate,Third Suffolk
Revere,1,1,Total Votes Cast,761,State Senate,Third Suffolk
Revere,1,2,Lydia Marie Edwards,489,State Senate,Third Suffolk
Revere,1,2,All Others,23,State Senate,Third Suffolk
Revere,1,2,Blanks,204,State Senate,Third Suffolk
Revere,1,2,Total Votes Cast,716,State Senate,Third Suffolk
Revere,1,3,Lydia Marie Edwards,390,State Senate,Third Suffolk
Revere,1,3,All Others,8,State Senate,Third Suffolk
Revere,1,3,Blanks,150,State Senate,Third Suffolk
Revere,1,3,Total Votes Cast,548,State Senate,Third Suffolk
Revere,2,1,Lydia Marie Edwards,336,State Senate,Third Suffolk
Revere,2,1,All Others,7,State Senate,Third Suffolk
Revere,2,1,Blanks,108,State Senate,Third Suffolk
Revere,2,1,Total Votes Cast,451,State Senate,Third Suffolk
Revere,2,2,Lydia Marie Edwards,408,State Senate,Third Suffolk
Revere,2,2,All Others,13,State Senate,Third Suffolk
Revere,2,2,Blanks,122,State Senate,Third Suffolk
Revere,2,2,Total Votes Cast,543,State Senate,Third Suffolk
Revere,2,3,Lydia Marie Edwards,119,State Senate,Third Suffolk
Revere,2,3,All Others,4,State Senate,Third Suffolk
Revere,2,3,Blanks,24,State Senate,Third Suffolk
Revere,2,3,Total Votes Cast,147,State Senate,Third Suffolk
Revere,2,3A,Lydia Marie Edwards,29,State Senate,Third Suffolk
Revere,2,3A,All Others,0,State Senate,Third Suffolk
Revere,2,3A,Blanks,5,State Senate,Third Suffolk
Revere,2,3A,Total Votes Cast,34,State Senate,Third Suffolk
Revere,3,1,Lydia Marie Edwards,311,State Senate,Third Suffolk
Revere,3,1,All Others,17,State Senate,Third Suffolk
Revere,3,1,Blanks,199,State Senate,Third Suffolk
Revere,3,1,Total Votes Cast,527,State Senate,Third Suffolk
Revere,3,2,Lydia Marie Edwards,344,State Senate,Third Suffolk
Revere,3,2,All Others,17,State Senate,Third Suffolk
Revere,3,2,Blanks,173,State Senate,Third Suffolk
Revere,3,2,Total Votes Cast,534,State Senate,Third Suffolk
Revere,3,3,Lydia Marie Edwards,368,State Senate,Third Suffolk
Revere,3,3,All Others,16,State Senate,Third Suffolk
Revere,3,3,Blanks,185,State Senate,Third Suffolk
Revere,3,3,Total Votes Cast,569,State Senate,Third Suffolk
Revere,4,1,Lydia Marie Edwards,443,State Senate,Third Suffolk
Revere,4,1,All Others,20,State Senate,Third Suffolk
Revere,4,1,Blanks,245,State Senate,Third Suffolk
Revere,4,1,Total Votes Cast,708,State Senate,Third Suffolk
Revere,4,2,Lydia Marie Edwards,346,State Senate,Third Suffolk
Revere,4,2,All Others,16,State Senate,Third Suffolk
Revere,4,2,Blanks,172,State Senate,Third Suffolk
Revere,4,2,Total Votes Cast,534,State Senate,Third Suffolk
Revere,4,3,Lydia Marie Edwards,444,State Senate,Third Suffolk
Revere,4,3,All Others,21,State Senate,Third Suffolk
Revere,4,3,Blanks,237,State Senate,Third Suffolk
Revere,4,3,Total Votes Cast,702,State Senate,Third Suffolk
Revere,5,1,Lydia Marie Edwards,682,State Senate,Third Suffolk
Revere,5,1,All Others,23,State Senate,Third Suffolk
Revere,5,1,Blanks,390,State Senate,Third Suffolk
Revere,5,1,Total Votes Cast,1095,State Senate,Third Suffolk
Revere,5,2,Lydia Marie Edwards,474,State Senate,Third Suffolk
Revere,5,2,All Others,25,State Senate,Third Suffolk
Revere,5,2,Blanks,188,State Senate,Third Suffolk
Revere,5,2,Total Votes Cast,687,State Senate,Third Suffolk
Revere,5,3,Lydia Marie Edwards,336,State Senate,Third Suffolk
Revere,5,3,All Others,16,State Senate,Third Suffolk
Revere,5,3,Blanks,148,State Senate,Third Suffolk
Revere,5,3,Total Votes Cast,500,State Senate,Third Suffolk
Revere,6,1,Lydia Marie Edwards,469,State Senate,Third Suffolk
Revere,6,1,All Others,28,State Senate,Third Suffolk
Revere,6,1,Blanks,370,State Senate,Third Suffolk
Revere,6,1,Total Votes Cast,867,State Senate,Third Suffolk
Revere,6,2,Lydia Marie Edwards,440,State Senate,Third Suffolk
Revere,6,2,All Others,20,State Senate,Third Suffolk
Revere,6,2,Blanks,358,State Senate,Third Suffolk
Revere,6,2,Total Votes Cast,818,State Senate,Third Suffolk
Revere,6,3,Lydia Marie Edwards,397,State Senate,Third Suffolk
Revere,6,3,All Others,13,State Senate,Third Suffolk
Revere,6,3,Blanks,171,State Senate,Third Suffolk
Revere,6,3,Total Votes Cast,581,State Senate,Third Suffolk
Richmond,,,Paul W. Mark,637,State Senate,"Berkshire, Hampden, Franklin & Hampshire"
Richmond,,,Brendan M. Phair,128,State Senate,"Berkshire, Hampden, Franklin & Hampshire"
Richmond,,,All Others,1,State Senate,"Berkshire, Hampden, Franklin & Hampshire"
Richmond,,,Blanks,58,State Senate,"Berkshire, Hampden, Franklin & Hampshire"
Richmond,,,Total Votes Cast,824,State Senate,"Berkshire, Hampden, Franklin & Hampshire"
Rochester,,,Michael J. Rodrigues,1218,State Senate,First Bristol and Plymouth
Rochester,,,Russell T. Protentis,1576,State Senate,First Bristol and Plymouth
Rochester,,,All Others,1,State Senate,First Bristol and Plymouth
Rochester,,,Blanks,94,State Senate,First Bristol and Plymouth
Rochester,,,Total Votes Cast,2889,State Senate,First Bristol and Plymouth
Rockland,-,1,John F. Keenan,703,State Senate,Norfolk and Plymouth
Rockland,-,1,Gary M. Innes,551,State Senate,Norfolk and Plymouth
Rockland,-,1,All Others,0,State Senate,Norfolk and Plymouth
Rockland,-,1,Blanks,34,State Senate,Norfolk and Plymouth
Rockland,-,1,Total Votes Cast,1288,State Senate,Norfolk and Plymouth
Rockland,-,2,John F. Keenan,706,State Senate,Norfolk and Plymouth
Rockland,-,2,Gary M. Innes,569,State Senate,Norfolk and Plymouth
Rockland,-,2,All Others,1,State Senate,Norfolk and Plymouth
Rockland,-,2,Blanks,35,State Senate,Norfolk and Plymouth
Rockland,-,2,Total Votes Cast,1311,State Senate,Norfolk and Plymouth
Rockland,-,3,John F. Keenan,533,State Senate,Norfolk and Plymouth
Rockland,-,3,Gary M. Innes,381,State Senate,Norfolk and Plymouth
Rockland,-,3,All Others,0,State Senate,Norfolk and Plymouth
Rockland,-,3,Blanks,20,State Senate,Norfolk and Plymouth
Rockland,-,3,Total Votes Cast,934,State Senate,Norfolk and Plymouth
Rockland,-,4,John F. Keenan,558,State Senate,Norfolk and Plymouth
Rockland,-,4,Gary M. Innes,448,State Senate,Norfolk and Plymouth
Rockland,-,4,All Others,0,State Senate,Norfolk and Plymouth
Rockland,-,4,Blanks,20,State Senate,Norfolk and Plymouth
Rockland,-,4,Total Votes Cast,1026,State Senate,Norfolk and Plymouth
Rockland,-,5,John F. Keenan,575,State Senate,Norfolk and Plymouth
Rockland,-,5,Gary M. Innes,549,State Senate,Norfolk and Plymouth
Rockland,-,5,All Others,1,State Senate,Norfolk and Plymouth
Rockland,-,5,Blanks,19,State Senate,Norfolk and Plymouth
Rockland,-,5,Total Votes Cast,1144,State Senate,Norfolk and Plymouth
Rockland,-,6,John F. Keenan,658,State Senate,Norfolk and Plymouth
Rockland,-,6,Gary M. Innes,555,State Senate,Norfolk and Plymouth
Rockland,-,6,All Others,2,State Senate,Norfolk and Plymouth
Rockland,-,6,Blanks,42,State Senate,Norfolk and Plymouth
Rockland,-,6,Total Votes Cast,1257,State Senate,Norfolk and Plymouth
Rockport,-,1,Bruce E. Tarr,758,State Senate,First Essex and Middlesex
Rockport,-,1,Terence William Cudney,244,State Senate,First Essex and Middlesex
Rockport,-,1,All Others,0,State Senate,First Essex and Middlesex
Rockport,-,1,Blanks,79,State Senate,First Essex and Middlesex
Rockport,-,1,Total Votes Cast,1081,State Senate,First Essex and Middlesex
Rockport,-,2,Bruce E. Tarr,1010,State Senate,First Essex and Middlesex
Rockport,-,2,Terence William Cudney,313,State Senate,First Essex and Middlesex
Rockport,-,2,All Others,4,State Senate,First Essex and Middlesex
Rockport,-,2,Blanks,97,State Senate,First Essex and Middlesex
Rockport,-,2,Total Votes Cast,1424,State Senate,First Essex and Middlesex
Rockport,-,3,Bruce E. Tarr,1277,State Senate,First Essex and Middlesex
Rockport,-,3,Terence William Cudney,376,State Senate,First Essex and Middlesex
Rockport,-,3,All Others,3,State Senate,First Essex and Middlesex
Rockport,-,3,Blanks,134,State Senate,First Essex and Middlesex
Rockport,-,3,Total Votes Cast,1790,State Senate,First Essex and Middlesex
Rowe,,,Paul W. Mark,129,State Senate,"Berkshire, Hampden, Franklin & Hampshire"
Rowe,,,Brendan M. Phair,48,State Senate,"Berkshire, Hampden, Franklin & Hampshire"
Rowe,,,All Others,0,State Senate,"Berkshire, Hampden, Franklin & Hampshire"
Rowe,,,Blanks,36,State Senate,"Berkshire, Hampden, Franklin & Hampshire"
Rowe,,,Total Votes Cast,213,State Senate,"Berkshire, Hampden, Franklin & Hampshire"
Rowley,,,Bruce E. Tarr,2325,State Senate,First Essex and Middlesex
Rowley,,,Terence William Cudney,707,State Senate,First Essex and Middlesex
Rowley,,,All Others,8,State Senate,First Essex and Middlesex
Rowley,,,Blanks,163,State Senate,First Essex and Middlesex
Rowley,,,Total Votes Cast,3203,State Senate,First Essex and Middlesex
Royalston,,,Jo Comerford,449,State Senate,"Hampshire, Franklin and Worcester"
Royalston,,,All Others,7,State Senate,"Hampshire, Franklin and Worcester"
Royalston,,,Blanks,177,State Senate,"Hampshire, Franklin and Worcester"
Royalston,,,Total Votes Cast,633,State Senate,"Hampshire, Franklin and Worcester"
Russell,,,John C. Velis,360,State Senate,Hampden and Hampshire
Russell,,,Cecilia P. Calabrese,271,State Senate,Hampden and Hampshire
Russell,,,All Others,0,State Senate,Hampden and Hampshire
Russell,,,Blanks,8,State Senate,Hampden and Hampshire
Russell,,,Total Votes Cast,639,State Senate,Hampden and Hampshire
Rutland,-,1,Anne M. Gobi,703,State Senate,Worcester & Hampshire
Rutland,-,1,James Anthony Amorello,707,State Senate,Worcester & Hampshire
Rutland,-,1,All Others,0,State Senate,Worcester & Hampshire
Rutland,-,1,Blanks,32,State Senate,Worcester & Hampshire
Rutland,-,1,Total Votes Cast,1442,State Senate,Worcester & Hampshire
Rutland,-,2,Anne M. Gobi,619,State Senate,Worcester & Hampshire
Rutland,-,2,James Anthony Amorello,611,State Senate,Worcester & Hampshire
Rutland,-,2,All Others,0,State Senate,Worcester & Hampshire
Rutland,-,2,Blanks,23,State Senate,Worcester & Hampshire
Rutland,-,2,Total Votes Cast,1253,State Senate,Worcester & Hampshire
Rutland,-,3,Anne M. Gobi,812,State Senate,Worcester & Hampshire
Rutland,-,3,James Anthony Amorello,649,State Senate,Worcester & Hampshire
Rutland,-,3,All Others,0,State Senate,Worcester & Hampshire
Rutland,-,3,Blanks,33,State Senate,Worcester & Hampshire
Rutland,-,3,Total Votes Cast,1494,State Senate,Worcester & Hampshire
S. Hadley,-,A,Jacob R. Oliveira,880,State Senate,"Hampden, Hampshire & Worcester"
S. Hadley,-,A,William E. Johnson,466,State Senate,"Hampden, Hampshire & Worcester"
S. Hadley,-,A,All Others,0,State Senate,"Hampden, Hampshire & Worcester"
S. Hadley,-,A,Blanks,16,State Senate,"Hampden, Hampshire & Worcester"
S. Hadley,-,A,Total Votes Cast,1362,State Senate,"Hampden, Hampshire & Worcester"
S. Hadley,-,B,Jacob R. Oliveira,1079,State Senate,"Hampden, Hampshire & Worcester"
S. Hadley,-,B,William E. Johnson,562,State Senate,"Hampden, Hampshire & Worcester"
S. Hadley,-,B,All Others,0,State Senate,"Hampden, Hampshire & Worcester"
S. Hadley,-,B,Blanks,36,State Senate,"Hampden, Hampshire & Worcester"
S. Hadley,-,B,Total Votes Cast,1677,State Senate,"Hampden, Hampshire & Worcester"
S. Hadley,-,C,Jacob R. Oliveira,986,State Senate,"Hampden, Hampshire & Worcester"
S. Hadley,-,C,William E. Johnson,676,State Senate,"Hampden, Hampshire & Worcester"
S. Hadley,-,C,All Others,0,State Senate,"Hampden, Hampshire & Worcester"
S. Hadley,-,C,Blanks,30,State Senate,"Hampden, Hampshire & Worcester"
S. Hadley,-,C,Total Votes Cast,1692,State Senate,"Hampden, Hampshire & Worcester"
S. Hadley,-,D,Jacob R. Oliveira,668,State Senate,"Hampden, Hampshire & Worcester"
S. Hadley,-,D,William E. Johnson,291,State Senate,"Hampden, Hampshire & Worcester"
S. Hadley,-,D,All Others,0,State Senate,"Hampden, Hampshire & Worcester"
S. Hadley,-,D,Blanks,19,State Senate,"Hampden, Hampshire & Worcester"
S. Hadley,-,D,Total Votes Cast,978,State Senate,"Hampden, Hampshire & Worcester"
S. Hadley,-,E,Jacob R. Oliveira,990,State Senate,"Hampden, Hampshire & Worcester"
S. Hadley,-,E,William E. Johnson,680,State Senate,"Hampden, Hampshire & Worcester"
S. Hadley,-,E,All Others,0,State Senate,"Hampden, Hampshire & Worcester"
S. Hadley,-,E,Blanks,37,State Senate,"Hampden, Hampshire & Worcester"
S. Hadley,-,E,Total Votes Cast,1707,State Senate,"Hampden, Hampshire & Worcester"
Salem,1,1,Joan B. Lovely,1251,State Senate,Second Essex
Salem,1,1,Damian M. Anketell,277,State Senate,Second Essex
Salem,1,1,All Others,2,State Senate,Second Essex
Salem,1,1,Blanks,57,State Senate,Second Essex
Salem,1,1,Total Votes Cast,1587,State Senate,Second Essex
Salem,1,2,Joan B. Lovely,379,State Senate,Second Essex
Salem,1,2,Damian M. Anketell,76,State Senate,Second Essex
Salem,1,2,All Others,0,State Senate,Second Essex
Salem,1,2,Blanks,20,State Senate,Second Essex
Salem,1,2,Total Votes Cast,475,State Senate,Second Essex
Salem,2,1,Joan B. Lovely,1186,State Senate,Second Essex
Salem,2,1,Damian M. Anketell,202,State Senate,Second Essex
Salem,2,1,All Others,0,State Senate,Second Essex
Salem,2,1,Blanks,44,State Senate,Second Essex
Salem,2,1,Total Votes Cast,1432,State Senate,Second Essex
Salem,2,2,Joan B. Lovely,1298,State Senate,Second Essex
Salem,2,2,Damian M. Anketell,181,State Senate,Second Essex
Salem,2,2,All Others,0,State Senate,Second Essex
Salem,2,2,Blanks,48,State Senate,Second Essex
Salem,2,2,Total Votes Cast,1527,State Senate,Second Essex
Salem,3,1,Joan B. Lovely,822,State Senate,Second Essex
Salem,3,1,Damian M. Anketell,177,State Senate,Second Essex
Salem,3,1,All Others,0,State Senate,Second Essex
Salem,3,1,Blanks,46,State Senate,Second Essex
Salem,3,1,Total Votes Cast,1045,State Senate,Second Essex
Salem,3,2,Joan B. Lovely,845,State Senate,Second Essex
Salem,3,2,Damian M. Anketell,290,State Senate,Second Essex
Salem,3,2,All Others,0,State Senate,Second Essex
Salem,3,2,Blanks,35,State Senate,Second Essex
Salem,3,2,Total Votes Cast,1170,State Senate,Second Essex
Salem,4,1,Joan B. Lovely,795,State Senate,Second Essex
Salem,4,1,Damian M. Anketell,287,State Senate,Second Essex
Salem,4,1,All Others,0,State Senate,Second Essex
Salem,4,1,Blanks,35,State Senate,Second Essex
Salem,4,1,Total Votes Cast,1117,State Senate,Second Essex
Salem,4,2,Joan B. Lovely,854,State Senate,Second Essex
Salem,4,2,Damian M. Anketell,350,State Senate,Second Essex
Salem,4,2,All Others,0,State Senate,Second Essex
Salem,4,2,Blanks,44,State Senate,Second Essex
Salem,4,2,Total Votes Cast,1248,State Senate,Second Essex
Salem,5,1,Joan B. Lovely,1051,State Senate,Second Essex
Salem,5,1,Damian M. Anketell,176,State Senate,Second Essex
Salem,5,1,All Others,0,State Senate,Second Essex
Salem,5,1,Blanks,44,State Senate,Second Essex
Salem,5,1,Total Votes Cast,1271,State Senate,Second Essex
Salem,5,2,Joan B. Lovely,853,State Senate,Second Essex
Salem,5,2,Damian M. Anketell,147,State Senate,Second Essex
Salem,5,2,All Others,0,State Senate,Second Essex
Salem,5,2,Blanks,39,State Senate,Second Essex
Salem,5,2,Total Votes Cast,1039,State Senate,Second Essex
Salem,6,1,Joan B. Lovely,946,State Senate,Second Essex
Salem,6,1,Damian M. Anketell,226,State Senate,Second Essex
Salem,6,1,All Others,1,State Senate,Second Essex
Salem,6,1,Blanks,50,State Senate,Second Essex
Salem,6,1,Total Votes Cast,1223,State Senate,Second Essex
Salem,6,2,Joan B. Lovely,1074,State Senate,Second Essex
Salem,6,2,Damian M. Anketell,256,State Senate,Second Essex
Salem,6,2,All Others,1,State Senate,Second Essex
Salem,6,2,Blanks,36,State Senate,Second Essex
Salem,6,2,Total Votes Cast,1367,State Senate,Second Essex
Salem,7,1,Joan B. Lovely,657,State Senate,Second Essex
Salem,7,1,Damian M. Anketell,181,State Senate,Second Essex
Salem,7,1,All Others,1,State Senate,Second Essex
Salem,7,1,Blanks,30,State Senate,Second Essex
Salem,7,1,Total Votes Cast,869,State Senate,Second Essex
Salem,7,2,Joan B. Lovely,977,State Senate,Second Essex
Salem,7,2,Damian M. Anketell,299,State Senate,Second Essex
Salem,7,2,All Others,1,State Senate,Second Essex
Salem,7,2,Blanks,55,State Senate,Second Essex
Salem,7,2,Total Votes Cast,1332,State Senate,Second Essex
Salisbury,-,1,Bruce E. Tarr,835,State Senate,First Essex and Middlesex
Salisbury,-,1,Terence William Cudney,423,State Senate,First Essex and Middlesex
Salisbury,-,1,All Others,1,State Senate,First Essex and Middlesex
Salisbury,-,1,Blanks,115,State Senate,First Essex and Middlesex
Salisbury,-,1,Total Votes Cast,1374,State Senate,First Essex and Middlesex
Salisbury,-,2,Bruce E. Tarr,868,State Senate,First Essex and Middlesex
Salisbury,-,2,Terence William Cudney,411,State Senate,First Essex and Middlesex
Salisbury,-,2,All Others,0,State Senate,First Essex and Middlesex
Salisbury,-,2,Blanks,93,State Senate,First Essex and Middlesex
Salisbury,-,2,Total Votes Cast,1372,State Senate,First Essex and Middlesex
Salisbury,-,3,Bruce E. Tarr,874,State Senate,First Essex and Middlesex
Salisbury,-,3,Terence William Cudney,354,State Senate,First Essex and Middlesex
Salisbury,-,3,All Others,0,State Senate,First Essex and Middlesex
Salisbury,-,3,Blanks,82,State Senate,First Essex and Middlesex
Salisbury,-,3,Total Votes Cast,1310,State Senate,First Essex and Middlesex
Sandisfield,,,Paul W. Mark,229,State Senate,"Berkshire, Hampden, Franklin & Hampshire"
Sandisfield,,,Brendan M. Phair,91,State Senate,"Berkshire, Hampden, Franklin & Hampshire"
Sandisfield,,,All Others,0,State Senate,"Berkshire, Hampden, Franklin & Hampshire"
Sandisfield,,,Blanks,38,State Senate,"Berkshire, Hampden, Franklin & Hampshire"
Sandisfield,,,Total Votes Cast,358,State Senate,"Berkshire, Hampden, Franklin & Hampshire"
Sandwich,-,1,Susan Lynn Moran,1159,State Senate,Plymouth and Barnstable
Sandwich,-,1,Kari Macrae,824,State Senate,Plymouth and Barnstable
Sandwich,-,1,All Others,2,State Senate,Plymouth and Barnstable
Sandwich,-,1,Blanks,74,State Senate,Plymouth and Barnstable
Sandwich,-,1,Total Votes Cast,2059,State Senate,Plymouth and Barnstable
Sandwich,-,2,Susan Lynn Moran,1071,State Senate,Plymouth and Barnstable
Sandwich,-,2,Kari Macrae,805,State Senate,Plymouth and Barnstable
Sandwich,-,2,All Others,0,State Senate,Plymouth and Barnstable
Sandwich,-,2,Blanks,57,State Senate,Plymouth and Barnstable
Sandwich,-,2,Total Votes Cast,1933,State Senate,Plymouth and Barnstable
Sandwich,-,3,Susan Lynn Moran,922,State Senate,Plymouth and Barnstable
Sandwich,-,3,Kari Macrae,740,State Senate,Plymouth and Barnstable
Sandwich,-,3,All Others,3,State Senate,Plymouth and Barnstable
Sandwich,-,3,Blanks,47,State Senate,Plymouth and Barnstable
Sandwich,-,3,Total Votes Cast,1712,State Senate,Plymouth and Barnstable
Sandwich,-,4,Susan Lynn Moran,926,State Senate,Plymouth and Barnstable
Sandwich,-,4,Kari Macrae,828,State Senate,Plymouth and Barnstable
Sandwich,-,4,All Others,4,State Senate,Plymouth and Barnstable
Sandwich,-,4,Blanks,52,State Senate,Plymouth and Barnstable
Sandwich,-,4,Total Votes Cast,1810,State Senate,Plymouth and Barnstable
Sandwich,-,5,Susan Lynn Moran,806,State Senate,Plymouth and Barnstable
Sandwich,-,5,Kari Macrae,729,State Senate,Plymouth and Barnstable
Sandwich,-,5,All Others,0,State Senate,Plymouth and Barnstable
Sandwich,-,5,Blanks,51,State Senate,Plymouth and Barnstable
Sandwich,-,5,Total Votes Cast,1586,State Senate,Plymouth and Barnstable
Sandwich,-,6,Susan Lynn Moran,738,State Senate,Plymouth and Barnstable
Sandwich,-,6,Kari Macrae,792,State Senate,Plymouth and Barnstable
Sandwich,-,6,All Others,2,State Senate,Plymouth and Barnstable
Sandwich,-,6,Blanks,46,State Senate,Plymouth and Barnstable
Sandwich,-,6,Total Votes Cast,1578,State Senate,Plymouth and Barnstable
Saugus,-,1,Brendan P. Crighton,552,State Senate,Third Essex
Saugus,-,1,Annalisa Salustri,325,State Senate,Third Essex
Saugus,-,1,All Others,0,State Senate,Third Essex
Saugus,-,1,Blanks,168,State Senate,Third Essex
Saugus,-,1,Total Votes Cast,1045,State Senate,Third Essex
Saugus,-,10,Brendan P. Crighton,447,State Senate,Third Essex
Saugus,-,10,Annalisa Salustri,286,State Senate,Third Essex
Saugus,-,10,All Others,0,State Senate,Third Essex
Saugus,-,10,Blanks,153,State Senate,Third Essex
Saugus,-,10,Total Votes Cast,886,State Senate,Third Essex
Saugus,-,2,Brendan P. Crighton,530,State Senate,Third Essex
Saugus,-,2,Annalisa Salustri,274,State Senate,Third Essex
Saugus,-,2,All Others,0,State Senate,Third Essex
Saugus,-,2,Blanks,156,State Senate,Third Essex
Saugus,-,2,Total Votes Cast,960,State Senate,Third Essex
Saugus,-,3,Brendan P. Crighton,498,State Senate,Third Essex
Saugus,-,3,Annalisa Salustri,334,State Senate,Third Essex
Saugus,-,3,All Others,0,State Senate,Third Essex
Saugus,-,3,Blanks,166,State Senate,Third Essex
Saugus,-,3,Total Votes Cast,998,State Senate,Third Essex
Saugus,-,4,Brendan P. Crighton,535,State Senate,Third Essex
Saugus,-,4,Annalisa Salustri,290,State Senate,Third Essex
Saugus,-,4,All Others,0,State Senate,Third Essex
Saugus,-,4,Blanks,180,State Senate,Third Essex
Saugus,-,4,Total Votes Cast,1005,State Senate,Third Essex
Saugus,-,5,Brendan P. Crighton,564,State Senate,Third Essex
Saugus,-,5,Annalisa Salustri,390,State Senate,Third Essex
Saugus,-,5,All Others,0,State Senate,Third Essex
Saugus,-,5,Blanks,235,State Senate,Third Essex
Saugus,-,5,Total Votes Cast,1189,State Senate,Third Essex
Saugus,-,6,Brendan P. Crighton,517,State Senate,Third Essex
Saugus,-,6,Annalisa Salustri,331,State Senate,Third Essex
Saugus,-,6,All Others,0,State Senate,Third Essex
Saugus,-,6,Blanks,153,State Senate,Third Essex
Saugus,-,6,Total Votes Cast,1001,State Senate,Third Essex
Saugus,-,7,Brendan P. Crighton,508,State Senate,Third Essex
Saugus,-,7,Annalisa Salustri,410,State Senate,Third Essex
Saugus,-,7,All Others,0,State Senate,Third Essex
Saugus,-,7,Blanks,234,State Senate,Third Essex
Saugus,-,7,Total Votes Cast,1152,State Senate,Third Essex
Saugus,-,8,Brendan P. Crighton,535,State Senate,Third Essex
Saugus,-,8,Annalisa Salustri,322,State Senate,Third Essex
Saugus,-,8,All Others,0,State Senate,Third Essex
Saugus,-,8,Blanks,183,State Senate,Third Essex
Saugus,-,8,Total Votes Cast,1040,State Senate,Third Essex
Saugus,-,9,Brendan P. Crighton,565,State Senate,Third Essex
Saugus,-,9,Annalisa Salustri,381,State Senate,Third Essex
Saugus,-,9,All Others,0,State Senate,Third Essex
Saugus,-,9,Blanks,214,State Senate,Third Essex
Saugus,-,9,Total Votes Cast,1160,State Senate,Third Essex
Savoy,,,Paul W. Mark,158,State Senate,"Berkshire, Hampden, Franklin & Hampshire"
Savoy,,,Brendan M. Phair,88,State Senate,"Berkshire, Hampden, Franklin & Hampshire"
Savoy,,,All Others,0,State Senate,"Berkshire, Hampden, Franklin & Hampshire"
Savoy,,,Blanks,59,State Senate,"Berkshire, Hampden, Franklin & Hampshire"
Savoy,,,Total Votes Cast,305,State Senate,"Berkshire, Hampden, Franklin & Hampshire"
Scituate,-,1,Patrick Michael O'Connor,992,State Senate,First Plymouth & Norfolk
Scituate,-,1,"Robert William Stephens, Jr",687,State Senate,First Plymouth & Norfolk
Scituate,-,1,All Others,0,State Senate,First Plymouth & Norfolk
Scituate,-,1,Blanks,86,State Senate,First Plymouth & Norfolk
Scituate,-,1,Total Votes Cast,1765,State Senate,First Plymouth & Norfolk
Scituate,-,2,Patrick Michael O'Connor,1024,State Senate,First Plymouth & Norfolk
Scituate,-,2,"Robert William Stephens, Jr",671,State Senate,First Plymouth & Norfolk
Scituate,-,2,All Others,0,State Senate,First Plymouth & Norfolk
Scituate,-,2,Blanks,55,State Senate,First Plymouth & Norfolk
Scituate,-,2,Total Votes Cast,1750,State Senate,First Plymouth & Norfolk
Scituate,-,3,Patrick Michael O'Connor,977,State Senate,First Plymouth & Norfolk
Scituate,-,3,"Robert William Stephens, Jr",695,State Senate,First Plymouth & Norfolk
Scituate,-,3,All Others,0,State Senate,First Plymouth & Norfolk
Scituate,-,3,Blanks,53,State Senate,First Plymouth & Norfolk
Scituate,-,3,Total Votes Cast,1725,State Senate,First Plymouth & Norfolk
Scituate,-,4,Patrick Michael O'Connor,1062,State Senate,First Plymouth & Norfolk
Scituate,-,4,"Robert William Stephens, Jr",662,State Senate,First Plymouth & Norfolk
Scituate,-,4,All Others,0,State Senate,First Plymouth & Norfolk
Scituate,-,4,Blanks,67,State Senate,First Plymouth & Norfolk
Scituate,-,4,Total Votes Cast,1791,State Senate,First Plymouth & Norfolk
Scituate,-,5,Patrick Michael O'Connor,909,State Senate,First Plymouth & Norfolk
Scituate,-,5,"Robert William Stephens, Jr",686,State Senate,First Plymouth & Norfolk
Scituate,-,5,All Others,0,State Senate,First Plymouth & Norfolk
Scituate,-,5,Blanks,64,State Senate,First Plymouth & Norfolk
Scituate,-,5,Total Votes Cast,1659,State Senate,First Plymouth & Norfolk
Scituate,-,6,Patrick Michael O'Connor,1060,State Senate,First Plymouth & Norfolk
Scituate,-,6,"Robert William Stephens, Jr",698,State Senate,First Plymouth & Norfolk
Scituate,-,6,All Others,1,State Senate,First Plymouth & Norfolk
Scituate,-,6,Blanks,72,State Senate,First Plymouth & Norfolk
Scituate,-,6,Total Votes Cast,1831,State Senate,First Plymouth & Norfolk
Seekonk,-,1,Marc R. Pacheco,740,State Senate,Third Bristol & Plymouth
Seekonk,-,1,Maria S. Collins,725,State Senate,Third Bristol & Plymouth
Seekonk,-,1,All Others,2,State Senate,Third Bristol & Plymouth
Seekonk,-,1,Blanks,48,State Senate,Third Bristol & Plymouth
Seekonk,-,1,Total Votes Cast,1515,State Senate,Third Bristol & Plymouth
Seekonk,-,2,Marc R. Pacheco,973,State Senate,Third Bristol & Plymouth
Seekonk,-,2,Maria S. Collins,806,State Senate,Third Bristol & Plymouth
Seekonk,-,2,All Others,2,State Senate,Third Bristol & Plymouth
Seekonk,-,2,Blanks,59,State Senate,Third Bristol & Plymouth
Seekonk,-,2,Total Votes Cast,1840,State Senate,Third Bristol & Plymouth
Seekonk,-,3,Marc R. Pacheco,735,State Senate,Third Bristol & Plymouth
Seekonk,-,3,Maria S. Collins,644,State Senate,Third Bristol & Plymouth
Seekonk,-,3,All Others,1,State Senate,Third Bristol & Plymouth
Seekonk,-,3,Blanks,25,State Senate,Third Bristol & Plymouth
Seekonk,-,3,Total Votes Cast,1405,State Senate,Third Bristol & Plymouth
Seekonk,-,4,Marc R. Pacheco,805,State Senate,Third Bristol & Plymouth
Seekonk,-,4,Maria S. Collins,632,State Senate,Third Bristol & Plymouth
Seekonk,-,4,All Others,1,State Senate,Third Bristol & Plymouth
Seekonk,-,4,Blanks,38,State Senate,Third Bristol & Plymouth
Seekonk,-,4,Total Votes Cast,1476,State Senate,Third Bristol & Plymouth
Sharon,-,1,Paul R. Feeney,1274,State Senate,Bristol and Norfolk
Sharon,-,1,Michael Chaisson,338,State Senate,Bristol and Norfolk
Sharon,-,1,Laura L. Saylor,42,State Senate,Bristol and Norfolk
Sharon,-,1,All Others,1,State Senate,Bristol and Norfolk
Sharon,-,1,Blanks,73,State Senate,Bristol and Norfolk
Sharon,-,1,Total Votes Cast,1728,State Senate,Bristol and Norfolk
Sharon,-,2,Paul R. Feeney,1059,State Senate,Bristol and Norfolk
Sharon,-,2,Michael Chaisson,358,State Senate,Bristol and Norfolk
Sharon,-,2,Laura L. Saylor,26,State Senate,Bristol and Norfolk
Sharon,-,2,All Others,1,State Senate,Bristol and Norfolk
Sharon,-,2,Blanks,85,State Senate,Bristol and Norfolk
Sharon,-,2,Total Votes Cast,1529,State Senate,Bristol and Norfolk
Sharon,-,3,Paul R. Feeney,1170,State Senate,Bristol and Norfolk
Sharon,-,3,Michael Chaisson,400,State Senate,Bristol and Norfolk
Sharon,-,3,Laura L. Saylor,38,State Senate,Bristol and Norfolk
Sharon,-,3,All Others,0,State Senate,Bristol and Norfolk
Sharon,-,3,Blanks,83,State Senate,Bristol and Norfolk
Sharon,-,3,Total Votes Cast,1691,State Senate,Bristol and Norfolk
Sharon,-,4,Paul R. Feeney,1162,State Senate,Bristol and Norfolk
Sharon,-,4,Michael Chaisson,331,State Senate,Bristol and Norfolk
Sharon,-,4,Laura L. Saylor,31,State Senate,Bristol and Norfolk
Sharon,-,4,All Others,1,State Senate,Bristol and Norfolk
Sharon,-,4,Blanks,76,State Senate,Bristol and Norfolk
Sharon,-,4,Total Votes Cast,1601,State Senate,Bristol and Norfolk
Sharon,-,5,Paul R. Feeney,1080,State Senate,Bristol and Norfolk
Sharon,-,5,Michael Chaisson,408,State Senate,Bristol and Norfolk
Sharon,-,5,Laura L. Saylor,28,State Senate,Bristol and Norfolk
Sharon,-,5,All Others,1,State Senate,Bristol and Norfolk
Sharon,-,5,Blanks,74,State Senate,Bristol and Norfolk
Sharon,-,5,Total Votes Cast,1591,State Senate,Bristol and Norfolk
Sheffield,,,Paul W. Mark,1068,State Senate,"Berkshire, Hampden, Franklin & Hampshire"
Sheffield,,,Brendan M. Phair,282,State Senate,"Berkshire, Hampden, Franklin & Hampshire"
Sheffield,,,All Others,4,State Senate,"Berkshire, Hampden, Franklin & Hampshire"
Sheffield,,,Blanks,180,State Senate,"Berkshire, Hampden, Franklin & Hampshire"
Sheffield,,,Total Votes Cast,1534,State Senate,"Berkshire, Hampden, Franklin & Hampshire"
Shelburne,,,Paul W. Mark,720,State Senate,"Berkshire, Hampden, Franklin & Hampshire"
Shelburne,,,Brendan M. Phair,130,State Senate,"Berkshire, Hampden, Franklin & Hampshire"
Shelburne,,,All Others,5,State Senate,"Berkshire, Hampden, Franklin & Hampshire"
Shelburne,,,Blanks,166,State Senate,"Berkshire, Hampden, Franklin & Hampshire"
Shelburne,,,Total Votes Cast,1021,State Senate,"Berkshire, Hampden, Franklin & Hampshire"
Sherborn,,,Rebecca L. Rausch,1502,State Senate,"Norfolk, Worcester & Middlesex"
Sherborn,,,Shawn C. Dooley,655,State Senate,"Norfolk, Worcester & Middlesex"
Sherborn,,,All Others,1,State Senate,"Norfolk, Worcester & Middlesex"
Sherborn,,,Blanks,62,State Senate,"Norfolk, Worcester & Middlesex"
Sherborn,,,Total Votes Cast,2220,State Senate,"Norfolk, Worcester & Middlesex"
Shirley,,,John J. Cronin,1559,State Senate,Worcester and Middlesex
Shirley,,,Kenneth B. Hoyt,1071,State Senate,Worcester and Middlesex
Shirley,,,All Others,2,State Senate,Worcester and Middlesex
Shirley,,,Blanks,64,State Senate,Worcester and Middlesex
Shirley,,,Total Votes Cast,2696,State Senate,Worcester and Middlesex
Shrewsbury,-,1,Michael O. Moore,1290,State Senate,Second Worcester
Shrewsbury,-,1,All Others,9,State Senate,Second Worcester
Shrewsbury,-,1,Blanks,490,State Senate,Second Worcester
Shrewsbury,-,1,Total Votes Cast,1789,State Senate,Second Worcester
Shrewsbury,-,10,Michael O. Moore,1095,State Senate,Second Worcester
Shrewsbury,-,10,All Others,7,State Senate,Second Worcester
Shrewsbury,-,10,Blanks,355,State Senate,Second Worcester
Shrewsbury,-,10,Total Votes Cast,1457,State Senate,Second Worcester
Shrewsbury,-,2,Michael O. Moore,1064,State Senate,Second Worcester
Shrewsbury,-,2,All Others,12,State Senate,Second Worcester
Shrewsbury,-,2,Blanks,362,State Senate,Second Worcester
Shrewsbury,-,2,Total Votes Cast,1438,State Senate,Second Worcester
Shrewsbury,-,3,Michael O. Moore,878,State Senate,Second Worcester
Shrewsbury,-,3,All Others,11,State Senate,Second Worcester
Shrewsbury,-,3,Blanks,283,State Senate,Second Worcester
Shrewsbury,-,3,Total Votes Cast,1172,State Senate,Second Worcester
Shrewsbury,-,4,Michael O. Moore,1205,State Senate,Second Worcester
Shrewsbury,-,4,All Others,13,State Senate,Second Worcester
Shrewsbury,-,4,Blanks,371,State Senate,Second Worcester
Shrewsbury,-,4,Total Votes Cast,1589,State Senate,Second Worcester
Shrewsbury,-,5,Michael O. Moore,1075,State Senate,Second Worcester
Shrewsbury,-,5,All Others,10,State Senate,Second Worcester
Shrewsbury,-,5,Blanks,335,State Senate,Second Worcester
Shrewsbury,-,5,Total Votes Cast,1420,State Senate,Second Worcester
Shrewsbury,-,6,Michael O. Moore,1092,State Senate,Second Worcester
Shrewsbury,-,6,All Others,10,State Senate,Second Worcester
Shrewsbury,-,6,Blanks,386,State Senate,Second Worcester
Shrewsbury,-,6,Total Votes Cast,1488,State Senate,Second Worcester
Shrewsbury,-,7,Michael O. Moore,1319,State Senate,Second Worcester
Shrewsbury,-,7,All Others,19,State Senate,Second Worcester
Shrewsbury,-,7,Blanks,457,State Senate,Second Worcester
Shrewsbury,-,7,Total Votes Cast,1795,State Senate,Second Worcester
Shrewsbury,-,8,Michael O. Moore,1420,State Senate,Second Worcester
Shrewsbury,-,8,All Others,14,State Senate,Second Worcester
Shrewsbury,-,8,Blanks,472,State Senate,Second Worcester
Shrewsbury,-,8,Total Votes Cast,1906,State Senate,Second Worcester
Shrewsbury,-,9,Michael O. Moore,819,State Senate,Second Worcester
Shrewsbury,-,9,All Others,13,State Senate,Second Worcester
Shrewsbury,-,9,Blanks,229,State Senate,Second Worcester
Shrewsbury,-,9,Total Votes Cast,1061,State Senate,Second Worcester
Shutesbury,,,Jo Comerford,945,State Senate,"Hampshire, Franklin and Worcester"
Shutesbury,,,All Others,3,State Senate,"Hampshire, Franklin and Worcester"
Shutesbury,,,Blanks,115,State Senate,"Hampshire, Franklin and Worcester"
Shutesbury,,,Total Votes Cast,1063,State Senate,"Hampshire, Franklin and Worcester"
Somerset,-,1,Michael J. Rodrigues,985,State Senate,First Bristol and Plymouth
Somerset,-,1,Russell T. Protentis,625,State Senate,First Bristol and Plymouth
Somerset,-,1,All Others,0,State Senate,First Bristol and Plymouth
Somerset,-,1,Blanks,43,State Senate,First Bristol and Plymouth
Somerset,-,1,Total Votes Cast,1653,State Senate,First Bristol and Plymouth
Somerset,-,2,Michael J. Rodrigues,936,State Senate,First Bristol and Plymouth
Somerset,-,2,Russell T. Protentis,602,State Senate,First Bristol and Plymouth
Somerset,-,2,All Others,0,State Senate,First Bristol and Plymouth
Somerset,-,2,Blanks,59,State Senate,First Bristol and Plymouth
Somerset,-,2,Total Votes Cast,1597,State Senate,First Bristol and Plymouth
Somerset,-,3,Michael J. Rodrigues,960,State Senate,First Bristol and Plymouth
Somerset,-,3,Russell T. Protentis,571,State Senate,First Bristol and Plymouth
Somerset,-,3,All Others,1,State Senate,First Bristol and Plymouth
Somerset,-,3,Blanks,58,State Senate,First Bristol and Plymouth
Somerset,-,3,Total Votes Cast,1590,State Senate,First Bristol and Plymouth
Somerset,-,4,Michael J. Rodrigues,842,State Senate,First Bristol and Plymouth
Somerset,-,4,Russell T. Protentis,579,State Senate,First Bristol and Plymouth
Somerset,-,4,All Others,0,State Senate,First Bristol and Plymouth
Somerset,-,4,Blanks,56,State Senate,First Bristol and Plymouth
Somerset,-,4,Total Votes Cast,1477,State Senate,First Bristol and Plymouth
Somerset,-,5,Michael J. Rodrigues,775,State Senate,First Bristol and Plymouth
Somerset,-,5,Russell T. Protentis,604,State Senate,First Bristol and Plymouth
Somerset,-,5,All Others,0,State Senate,First Bristol and Plymouth
Somerset,-,5,Blanks,45,State Senate,First Bristol and Plymouth
Somerset,-,5,Total Votes Cast,1424,State Senate,First Bristol and Plymouth
Somerville,1,1,Patricia D. Jehlen,660,State Senate,Second Middlesex
Somerville,1,1,All Others,20,State Senate,Second Middlesex
Somerville,1,1,Blanks,124,State Senate,Second Middlesex
Somerville,1,1,Total Votes Cast,804,State Senate,Second Middlesex
Somerville,1,2,Patricia D. Jehlen,576,State Senate,Second Middlesex
Somerville,1,2,All Others,11,State Senate,Second Middlesex
Somerville,1,2,Blanks,104,State Senate,Second Middlesex
Somerville,1,2,Total Votes Cast,691,State Senate,Second Middlesex
Somerville,1,3,Patricia D. Jehlen,580,State Senate,Second Middlesex
Somerville,1,3,All Others,11,State Senate,Second Middlesex
Somerville,1,3,Blanks,117,State Senate,Second Middlesex
Somerville,1,3,Total Votes Cast,708,State Senate,Second Middlesex
Somerville,1,4,Patricia D. Jehlen,389,State Senate,Second Middlesex
Somerville,1,4,All Others,6,State Senate,Second Middlesex
Somerville,1,4,Blanks,68,State Senate,Second Middlesex
Somerville,1,4,Total Votes Cast,463,State Senate,Second Middlesex
Somerville,1,4A,Patricia D. Jehlen,229,State Senate,Second Middlesex
Somerville,1,4A,All Others,6,State Senate,Second Middlesex
Somerville,1,4A,Blanks,33,State Senate,Second Middlesex
Somerville,1,4A,Total Votes Cast,268,State Senate,Second Middlesex
Somerville,2,1,Patricia D. Jehlen,566,State Senate,Second Middlesex
Somerville,2,1,All Others,6,State Senate,Second Middlesex
Somerville,2,1,Blanks,55,State Senate,Second Middlesex
Somerville,2,1,Total Votes Cast,627,State Senate,Second Middlesex
Somerville,2,1A,Patricia D. Jehlen,259,State Senate,Second Middlesex
Somerville,2,1A,All Others,1,State Senate,Second Middlesex
Somerville,2,1A,Blanks,39,State Senate,Second Middlesex
Somerville,2,1A,Total Votes Cast,299,State Senate,Second Middlesex
Somerville,2,2,Patricia D. Jehlen,910,State Senate,Second Middlesex
Somerville,2,2,All Others,8,State Senate,Second Middlesex
Somerville,2,2,Blanks,119,State Senate,Second Middlesex
Somerville,2,2,Total Votes Cast,1037,State Senate,Second Middlesex
Somerville,2,3,Patricia D. Jehlen,874,State Senate,Second Middlesex
Somerville,2,3,All Others,9,State Senate,Second Middlesex
Somerville,2,3,Blanks,109,State Senate,Second Middlesex
Somerville,2,3,Total Votes Cast,992,State Senate,Second Middlesex
Somerville,2,4,Patricia D. Jehlen,992,State Senate,Second Middlesex
Somerville,2,4,All Others,8,State Senate,Second Middlesex
Somerville,2,4,Blanks,110,State Senate,Second Middlesex
Somerville,2,4,Total Votes Cast,1110,State Senate,Second Middlesex
Somerville,3,1,Patricia D. Jehlen,1025,State Senate,Second Middlesex
Somerville,3,1,All Others,10,State Senate,Second Middlesex
Somerville,3,1,Blanks,128,State Senate,Second Middlesex
Somerville,3,1,Total Votes Cast,1163,State Senate,Second Middlesex
Somerville,3,2,Patricia D. Jehlen,897,State Senate,Second Middlesex
Somerville,3,2,All Others,22,State Senate,Second Middlesex
Somerville,3,2,Blanks,148,State Senate,Second Middlesex
Somerville,3,2,Total Votes Cast,1067,State Senate,Second Middlesex
Somerville,3,3,Patricia D. Jehlen,1080,State Senate,Second Middlesex
Somerville,3,3,All Others,10,State Senate,Second Middlesex
Somerville,3,3,Blanks,149,State Senate,Second Middlesex
Somerville,3,3,Total Votes Cast,1239,State Senate,Second Middlesex
Somerville,3,4,Patricia D. Jehlen,951,State Senate,Second Middlesex
Somerville,3,4,All Others,6,State Senate,Second Middlesex
Somerville,3,4,Blanks,146,State Senate,Second Middlesex
Somerville,3,4,Total Votes Cast,1103,State Senate,Second Middlesex
Somerville,4,1,Patricia D. Jehlen,645,State Senate,Second Middlesex
Somerville,4,1,All Others,9,State Senate,Second Middlesex
Somerville,4,1,Blanks,161,State Senate,Second Middlesex
Somerville,4,1,Total Votes Cast,815,State Senate,Second Middlesex
Somerville,4,2,Patricia D. Jehlen,531,State Senate,Second Middlesex
Somerville,4,2,All Others,10,State Senate,Second Middlesex
Somerville,4,2,Blanks,81,State Senate,Second Middlesex
Somerville,4,2,Total Votes Cast,622,State Senate,Second Middlesex
Somerville,4,2A,Patricia D. Jehlen,204,State Senate,Second Middlesex
Somerville,4,2A,All Others,4,State Senate,Second Middlesex
Somerville,4,2A,Blanks,32,State Senate,Second Middlesex
Somerville,4,2A,Total Votes Cast,240,State Senate,Second Middlesex
Somerville,4,3,Patricia D. Jehlen,934,State Senate,Second Middlesex
Somerville,4,3,All Others,10,State Senate,Second Middlesex
Somerville,4,3,Blanks,138,State Senate,Second Middlesex
Somerville,4,3,Total Votes Cast,1082,State Senate,Second Middlesex
Somerville,4,4,Patricia D. Jehlen,526,State Senate,Second Middlesex
Somerville,4,4,All Others,10,State Senate,Second Middlesex
Somerville,4,4,Blanks,112,State Senate,Second Middlesex
Somerville,4,4,Total Votes Cast,648,State Senate,Second Middlesex
Somerville,5,1,Patricia D. Jehlen,1009,State Senate,Second Middlesex
Somerville,5,1,All Others,10,State Senate,Second Middlesex
Somerville,5,1,Blanks,170,State Senate,Second Middlesex
Somerville,5,1,Total Votes Cast,1189,State Senate,Second Middlesex
Somerville,5,2,Patricia D. Jehlen,1072,State Senate,Second Middlesex
Somerville,5,2,All Others,19,State Senate,Second Middlesex
Somerville,5,2,Blanks,136,State Senate,Second Middlesex
Somerville,5,2,Total Votes Cast,1227,State Senate,Second Middlesex
Somerville,5,3,Patricia D. Jehlen,1083,State Senate,Second Middlesex
Somerville,5,3,All Others,6,State Senate,Second Middlesex
Somerville,5,3,Blanks,146,State Senate,Second Middlesex
Somerville,5,3,Total Votes Cast,1235,State Senate,Second Middlesex
Somerville,5,4,Patricia D. Jehlen,1158,State Senate,Second Middlesex
Somerville,5,4,All Others,9,State Senate,Second Middlesex
Somerville,5,4,Blanks,133,State Senate,Second Middlesex
Somerville,5,4,Total Votes Cast,1300,State Senate,Second Middlesex
Somerville,6,1,Patricia D. Jehlen,1110,State Senate,Second Middlesex
Somerville,6,1,All Others,23,State Senate,Second Middlesex
Somerville,6,1,Blanks,123,State Senate,Second Middlesex
Somerville,6,1,Total Votes Cast,1256,State Senate,Second Middlesex
Somerville,6,2,Patricia D. Jehlen,1209,State Senate,Second Middlesex
Somerville,6,2,All Others,20,State Senate,Second Middlesex
Somerville,6,2,Blanks,183,State Senate,Second Middlesex
Somerville,6,2,Total Votes Cast,1412,State Senate,Second Middlesex
Somerville,6,3,Patricia D. Jehlen,312,State Senate,Second Middlesex
Somerville,6,3,All Others,2,State Senate,Second Middlesex
Somerville,6,3,Blanks,38,State Senate,Second Middlesex
Somerville,6,3,Total Votes Cast,352,State Senate,Second Middlesex
Somerville,6,3A,Patricia D. Jehlen,163,State Senate,Second Middlesex
Somerville,6,3A,All Others,1,State Senate,Second Middlesex
Somerville,6,3A,Blanks,34,State Senate,Second Middlesex
Somerville,6,3A,Total Votes Cast,198,State Senate,Second Middlesex
Somerville,6,4,Patricia D. Jehlen,1201,State Senate,Second Middlesex
Somerville,6,4,All Others,7,State Senate,Second Middlesex
Somerville,6,4,Blanks,162,State Senate,Second Middlesex
Somerville,6,4,Total Votes Cast,1370,State Senate,Second Middlesex
Somerville,7,1,Patricia D. Jehlen,1239,State Senate,Second Middlesex
Somerville,7,1,All Others,7,State Senate,Second Middlesex
Somerville,7,1,Blanks,149,State Senate,Second Middlesex
Somerville,7,1,Total Votes Cast,1395,State Senate,Second Middlesex
Somerville,7,2,Patricia D. Jehlen,827,State Senate,Second Middlesex
Somerville,7,2,All Others,7,State Senate,Second Middlesex
Somerville,7,2,Blanks,103,State Senate,Second Middlesex
Somerville,7,2,Total Votes Cast,937,State Senate,Second Middlesex
Somerville,7,3,Patricia D. Jehlen,772,State Senate,Second Middlesex
Somerville,7,3,All Others,10,State Senate,Second Middlesex
Somerville,7,3,Blanks,145,State Senate,Second Middlesex
Somerville,7,3,Total Votes Cast,927,State Senate,Second Middlesex
Somerville,7,4,Patricia D. Jehlen,887,State Senate,Second Middlesex
Somerville,7,4,All Others,17,State Senate,Second Middlesex
Somerville,7,4,Blanks,140,State Senate,Second Middlesex
Somerville,7,4,Total Votes Cast,1044,State Senate,Second Middlesex
Southampton,-,1,John C. Velis,979,State Senate,Hampden and Hampshire
Southampton,-,1,Cecilia P. Calabrese,568,State Senate,Hampden and Hampshire
Southampton,-,1,All Others,0,State Senate,Hampden and Hampshire
Southampton,-,1,Blanks,32,State Senate,Hampden and Hampshire
Southampton,-,1,Total Votes Cast,1579,State Senate,Hampden and Hampshire
Southampton,-,2,John C. Velis,946,State Senate,Hampden and Hampshire
Southampton,-,2,Cecilia P. Calabrese,572,State Senate,Hampden and Hampshire
Southampton,-,2,All Others,36,State Senate,Hampden and Hampshire
Southampton,-,2,Blanks,16,State Senate,Hampden and Hampshire
Southampton,-,2,Total Votes Cast,1570,State Senate,Hampden and Hampshire
Southborough,-,1,James B. Eldridge,1019,State Senate,Middlesex and Worcester
Southborough,-,1,Anthony Christakis,545,State Senate,Middlesex and Worcester
Southborough,-,1,All Others,1,State Senate,Middlesex and Worcester
Southborough,-,1,Blanks,74,State Senate,Middlesex and Worcester
Southborough,-,1,Total Votes Cast,1639,State Senate,Middlesex and Worcester
Southborough,-,2,James B. Eldridge,996,State Senate,Middlesex and Worcester
Southborough,-,2,Anthony Christakis,590,State Senate,Middlesex and Worcester
Southborough,-,2,All Others,0,State Senate,Middlesex and Worcester
Southborough,-,2,Blanks,51,State Senate,Middlesex and Worcester
Southborough,-,2,Total Votes Cast,1637,State Senate,Middlesex and Worcester
Southborough,-,3,James B. Eldridge,1017,State Senate,Middlesex and Worcester
Southborough,-,3,Anthony Christakis,506,State Senate,Middlesex and Worcester
Southborough,-,3,All Others,1,State Senate,Middlesex and Worcester
Southborough,-,3,Blanks,71,State Senate,Middlesex and Worcester
Southborough,-,3,Total Votes Cast,1595,State Senate,Middlesex and Worcester
Southbridge,-,1,Ryan C. Fattman,551,State Senate,Worcester & Hampden
Southbridge,-,1,All Others,34,State Senate,Worcester & Hampden
Southbridge,-,1,Blanks,218,State Senate,Worcester & Hampden
Southbridge,-,1,Total Votes Cast,803,State Senate,Worcester & Hampden
Southbridge,-,2,Ryan C. Fattman,423,State Senate,Worcester & Hampden
Southbridge,-,2,All Others,22,State Senate,Worcester & Hampden
Southbridge,-,2,Blanks,145,State Senate,Worcester & Hampden
Southbridge,-,2,Total Votes Cast,590,State Senate,Worcester & Hampden
Southbridge,-,3,Ryan C. Fattman,679,State Senate,Worcester & Hampden
Southbridge,-,3,All Others,32,State Senate,Worcester & Hampden
Southbridge,-,3,Blanks,231,State Senate,Worcester & Hampden
Southbridge,-,3,Total Votes Cast,942,State Senate,Worcester & Hampden
Southbridge,-,4,Ryan C. Fattman,937,State Senate,Worcester & Hampden
Southbridge,-,4,All Others,37,State Senate,Worcester & Hampden
Southbridge,-,4,Blanks,401,State Senate,Worcester & Hampden
Southbridge,-,4,Total Votes Cast,1375,State Senate,Worcester & Hampden
Southbridge,-,5,Ryan C. Fattman,378,State Senate,Worcester & Hampden
Southbridge,-,5,All Others,24,State Senate,Worcester & Hampden
Southbridge,-,5,Blanks,168,State Senate,Worcester & Hampden
Southbridge,-,5,Total Votes Cast,570,State Senate,Worcester & Hampden
Southwick,-,1,Paul W. Mark,623,State Senate,"Berkshire, Hampden, Franklin & Hampshire"
Southwick,-,1,Brendan M. Phair,665,State Senate,"Berkshire, Hampden, Franklin & Hampshire"
Southwick,-,1,All Others,13,State Senate,"Berkshire, Hampden, Franklin & Hampshire"
Southwick,-,1,Blanks,297,State Senate,"Berkshire, Hampden, Franklin & Hampshire"
Southwick,-,1,Total Votes Cast,1598,State Senate,"Berkshire, Hampden, Franklin & Hampshire"
Southwick,-,2,Paul W. Mark,536,State Senate,"Berkshire, Hampden, Franklin & Hampshire"
Southwick,-,2,Brendan M. Phair,457,State Senate,"Berkshire, Hampden, Franklin & Hampshire"
Southwick,-,2,All Others,12,State Senate,"Berkshire, Hampden, Franklin & Hampshire"
Southwick,-,2,Blanks,179,State Senate,"Berkshire, Hampden, Franklin & Hampshire"
Southwick,-,2,Total Votes Cast,1184,State Senate,"Berkshire, Hampden, Franklin & Hampshire"
Southwick,-,3,Paul W. Mark,651,State Senate,"Berkshire, Hampden, Franklin & Hampshire"
Southwick,-,3,Brendan M. Phair,544,State Senate,"Berkshire, Hampden, Franklin & Hampshire"
Southwick,-,3,All Others,16,State Senate,"Berkshire, Hampden, Franklin & Hampshire"
Southwick,-,3,Blanks,220,State Senate,"Berkshire, Hampden, Franklin & Hampshire"
Southwick,-,3,Total Votes Cast,1431,State Senate,"Berkshire, Hampden, Franklin & Hampshire"
Spencer,-,1,Anne M. Gobi,591,State Senate,Worcester & Hampshire
Spencer,-,1,James Anthony Amorello,473,State Senate,Worcester & Hampshire
Spencer,-,1,All Others,0,State Senate,Worcester & Hampshire
Spencer,-,1,Blanks,18,State Senate,Worcester & Hampshire
Spencer,-,1,Total Votes Cast,1082,State Senate,Worcester & Hampshire
Spencer,-,2,Anne M. Gobi,529,State Senate,Worcester & Hampshire
Spencer,-,2,James Anthony Amorello,411,State Senate,Worcester & Hampshire
Spencer,-,2,All Others,0,State Senate,Worcester & Hampshire
Spencer,-,2,Blanks,10,State Senate,Worcester & Hampshire
Spencer,-,2,Total Votes Cast,950,State Senate,Worcester & Hampshire
Spencer,-,3,Anne M. Gobi,597,State Senate,Worcester & Hampshire
Spencer,-,3,James Anthony Amorello,586,State Senate,Worcester & Hampshire
Spencer,-,3,All Others,1,State Senate,Worcester & Hampshire
Spencer,-,3,Blanks,17,State Senate,Worcester & Hampshire
Spencer,-,3,Total Votes Cast,1201,State Senate,Worcester & Hampshire
Spencer,-,4,Anne M. Gobi,691,State Senate,Worcester & Hampshire
Spencer,-,4,James Anthony Amorello,533,State Senate,Worcester & Hampshire
Spencer,-,4,All Others,2,State Senate,Worcester & Hampshire
Spencer,-,4,Blanks,9,State Senate,Worcester & Hampshire
Spencer,-,4,Total Votes Cast,1235,State Senate,Worcester & Hampshire
Springfield,1,A,Adam Gomez,232,State Senate,Hampden
Springfield,1,A,All Others,9,State Senate,Hampden
Springfield,1,A,Blanks,24,State Senate,Hampden
Springfield,1,A,Total Votes Cast,265,State Senate,Hampden
Springfield,1,B,Adam Gomez,245,State Senate,Hampden
Springfield,1,B,All Others,8,State Senate,Hampden
Springfield,1,B,Blanks,41,State Senate,Hampden
Springfield,1,B,Total Votes Cast,294,State Senate,Hampden
Springfield,1,C,Adam Gomez,153,State Senate,Hampden
Springfield,1,C,All Others,5,State Senate,Hampden
Springfield,1,C,Blanks,14,State Senate,Hampden
Springfield,1,C,Total Votes Cast,172,State Senate,Hampden
Springfield,1,C1,Adam Gomez,17,State Senate,Hampden
Springfield,1,C1,All Others,1,State Senate,Hampden
Springfield,1,C1,Blanks,3,State Senate,Hampden
Springfield,1,C1,Total Votes Cast,21,State Senate,Hampden
Springfield,1,D,Adam Gomez,171,State Senate,Hampden
Springfield,1,D,All Others,2,State Senate,Hampden
Springfield,1,D,Blanks,19,State Senate,Hampden
Springfield,1,D,Total Votes Cast,192,State Senate,Hampden
Springfield,1,D1,Adam Gomez,43,State Senate,Hampden
Springfield,1,D1,All Others,1,State Senate,Hampden
Springfield,1,D1,Blanks,10,State Senate,Hampden
Springfield,1,D1,Total Votes Cast,54,State Senate,Hampden
Springfield,1,E,Adam Gomez,173,State Senate,Hampden
Springfield,1,E,All Others,3,State Senate,Hampden
Springfield,1,E,Blanks,29,State Senate,Hampden
Springfield,1,E,Total Votes Cast,205,State Senate,Hampden
Springfield,1,F,Adam Gomez,238,State Senate,Hampden
Springfield,1,F,All Others,7,State Senate,Hampden
Springfield,1,F,Blanks,31,State Senate,Hampden
Springfield,1,F,Total Votes Cast,276,State Senate,Hampden
Springfield,1,G,Adam Gomez,190,State Senate,Hampden
Springfield,1,G,All Others,6,State Senate,Hampden
Springfield,1,G,Blanks,25,State Senate,Hampden
Springfield,1,G,Total Votes Cast,221,State Senate,Hampden
Springfield,1,H,Adam Gomez,343,State Senate,Hampden
Springfield,1,H,All Others,6,State Senate,Hampden
Springfield,1,H,Blanks,55,State Senate,Hampden
Springfield,1,H,Total Votes Cast,404,State Senate,Hampden
Springfield,2,A,Adam Gomez,239,State Senate,Hampden
Springfield,2,A,All Others,7,State Senate,Hampden
Springfield,2,A,Blanks,53,State Senate,Hampden
Springfield,2,A,Total Votes Cast,299,State Senate,Hampden
Springfield,2,B,Adam Gomez,458,State Senate,Hampden
Springfield,2,B,All Others,16,State Senate,Hampden
Springfield,2,B,Blanks,134,State Senate,Hampden
Springfield,2,B,Total Votes Cast,608,State Senate,Hampden
Springfield,2,C,Adam Gomez,243,State Senate,Hampden
Springfield,2,C,All Others,7,State Senate,Hampden
Springfield,2,C,Blanks,58,State Senate,Hampden
Springfield,2,C,Total Votes Cast,308,State Senate,Hampden
Springfield,2,D,Adam Gomez,396,State Senate,Hampden
Springfield,2,D,All Others,17,State Senate,Hampden
Springfield,2,D,Blanks,88,State Senate,Hampden
Springfield,2,D,Total Votes Cast,501,State Senate,Hampden
Springfield,2,E,Adam Gomez,400,State Senate,Hampden
Springfield,2,E,All Others,14,State Senate,Hampden
Springfield,2,E,Blanks,96,State Senate,Hampden
Springfield,2,E,Total Votes Cast,510,State Senate,Hampden
Springfield,2,F,Adam Gomez,401,State Senate,Hampden
Springfield,2,F,All Others,12,State Senate,Hampden
Springfield,2,F,Blanks,67,State Senate,Hampden
Springfield,2,F,Total Votes Cast,480,State Senate,Hampden
Springfield,2,G,Adam Gomez,439,State Senate,Hampden
Springfield,2,G,All Others,15,State Senate,Hampden
Springfield,2,G,Blanks,147,State Senate,Hampden
Springfield,2,G,Total Votes Cast,601,State Senate,Hampden
Springfield,2,H,Adam Gomez,469,State Senate,Hampden
Springfield,2,H,All Others,15,State Senate,Hampden
Springfield,2,H,Blanks,117,State Senate,Hampden
Springfield,2,H,Total Votes Cast,601,State Senate,Hampden
Springfield,3,A,Adam Gomez,205,State Senate,Hampden
Springfield,3,A,All Others,3,State Senate,Hampden
Springfield,3,A,Blanks,30,State Senate,Hampden
Springfield,3,A,Total Votes Cast,238,State Senate,Hampden
Springfield,3,B,Adam Gomez,186,State Senate,Hampden
Springfield,3,B,All Others,5,State Senate,Hampden
Springfield,3,B,Blanks,34,State Senate,Hampden
Springfield,3,B,Total Votes Cast,225,State Senate,Hampden
Springfield,3,C,Adam Gomez,163,State Senate,Hampden
Springfield,3,C,All Others,3,State Senate,Hampden
Springfield,3,C,Blanks,39,State Senate,Hampden
Springfield,3,C,Total Votes Cast,205,State Senate,Hampden
Springfield,3,D,Adam Gomez,211,State Senate,Hampden
Springfield,3,D,All Others,6,State Senate,Hampden
Springfield,3,D,Blanks,14,State Senate,Hampden
Springfield,3,D,Total Votes Cast,231,State Senate,Hampden
Springfield,3,E,Adam Gomez,122,State Senate,Hampden
Springfield,3,E,All Others,5,State Senate,Hampden
Springfield,3,E,Blanks,14,State Senate,Hampden
Springfield,3,E,Total Votes Cast,141,State Senate,Hampden
Springfield,3,F,Adam Gomez,179,State Senate,Hampden
Springfield,3,F,All Others,5,State Senate,Hampden
Springfield,3,F,Blanks,28,State Senate,Hampden
Springfield,3,F,Total Votes Cast,212,State Senate,Hampden
Springfield,3,G,Adam Gomez,134,State Senate,Hampden
Springfield,3,G,All Others,2,State Senate,Hampden
Springfield,3,G,Blanks,29,State Senate,Hampden
Springfield,3,G,Total Votes Cast,165,State Senate,Hampden
Springfield,3,H,Adam Gomez,175,State Senate,Hampden
Springfield,3,H,All Others,9,State Senate,Hampden
Springfield,3,H,Blanks,41,State Senate,Hampden
Springfield,3,H,Total Votes Cast,225,State Senate,Hampden
Springfield,4,A,Adam Gomez,453,State Senate,Hampden
Springfield,4,A,All Others,14,State Senate,Hampden
Springfield,4,A,Blanks,55,State Senate,Hampden
Springfield,4,A,Total Votes Cast,522,State Senate,Hampden
Springfield,4,B,Adam Gomez,254,State Senate,Hampden
Springfield,4,B,All Others,3,State Senate,Hampden
Springfield,4,B,Blanks,18,State Senate,Hampden
Springfield,4,B,Total Votes Cast,275,State Senate,Hampden
Springfield,4,C,Adam Gomez,199,State Senate,Hampden
Springfield,4,C,All Others,5,State Senate,Hampden
Springfield,4,C,Blanks,20,State Senate,Hampden
Springfield,4,C,Total Votes Cast,224,State Senate,Hampden
Springfield,4,D,Adam Gomez,210,State Senate,Hampden
Springfield,4,D,All Others,3,State Senate,Hampden
Springfield,4,D,Blanks,27,State Senate,Hampden
Springfield,4,D,Total Votes Cast,240,State Senate,Hampden
Springfield,4,E,Adam Gomez,223,State Senate,Hampden
Springfield,4,E,All Others,2,State Senate,Hampden
Springfield,4,E,Blanks,16,State Senate,Hampden
Springfield,4,E,Total Votes Cast,241,State Senate,Hampden
Springfield,4,F,Adam Gomez,84,State Senate,Hampden
Springfield,4,F,All Others,2,State Senate,Hampden
Springfield,4,F,Blanks,13,State Senate,Hampden
Springfield,4,F,Total Votes Cast,99,State Senate,Hampden
Springfield,4,G,Adam Gomez,317,State Senate,Hampden
Springfield,4,G,All Others,3,State Senate,Hampden
Springfield,4,G,Blanks,42,State Senate,Hampden
Springfield,4,G,Total Votes Cast,362,State Senate,Hampden
Springfield,4,H,Adam Gomez,303,State Senate,Hampden
Springfield,4,H,All Others,5,State Senate,Hampden
Springfield,4,H,Blanks,32,State Senate,Hampden
Springfield,4,H,Total Votes Cast,340,State Senate,Hampden
Springfield,5,A,Adam Gomez,372,State Senate,Hampden
Springfield,5,A,All Others,10,State Senate,Hampden
Springfield,5,A,Blanks,53,State Senate,Hampden
Springfield,5,A,Total Votes Cast,435,State Senate,Hampden
Springfield,5,B,Adam Gomez,459,State Senate,Hampden
Springfield,5,B,All Others,20,State Senate,Hampden
Springfield,5,B,Blanks,74,State Senate,Hampden
Springfield,5,B,Total Votes Cast,553,State Senate,Hampden
Springfield,5,C,Adam Gomez,337,State Senate,Hampden
Springfield,5,C,All Others,20,State Senate,Hampden
Springfield,5,C,Blanks,102,State Senate,Hampden
Springfield,5,C,Total Votes Cast,459,State Senate,Hampden
Springfield,5,C1,Adam Gomez,8,State Senate,Hampden
Springfield,5,C1,All Others,0,State Senate,Hampden
Springfield,5,C1,Blanks,3,State Senate,Hampden
Springfield,5,C1,Total Votes Cast,11,State Senate,Hampden
Springfield,5,D,Adam Gomez,632,State Senate,Hampden
Springfield,5,D,All Others,21,State Senate,Hampden
Springfield,5,D,Blanks,199,State Senate,Hampden
Springfield,5,D,Total Votes Cast,852,State Senate,Hampden
Springfield,5,E,Adam Gomez,527,State Senate,Hampden
Springfield,5,E,All Others,8,State Senate,Hampden
Springfield,5,E,Blanks,79,State Senate,Hampden
Springfield,5,E,Total Votes Cast,614,State Senate,Hampden
Springfield,5,F,Adam Gomez,533,State Senate,Hampden
Springfield,5,F,All Others,20,State Senate,Hampden
Springfield,5,F,Blanks,155,State Senate,Hampden
Springfield,5,F,Total Votes Cast,708,State Senate,Hampden
Springfield,5,G,Adam Gomez,632,State Senate,Hampden
Springfield,5,G,All Others,21,State Senate,Hampden
Springfield,5,G,Blanks,221,State Senate,Hampden
Springfield,5,G,Total Votes Cast,874,State Senate,Hampden
Springfield,5,H,Adam Gomez,483,State Senate,Hampden
Springfield,5,H,All Others,19,State Senate,Hampden
Springfield,5,H,Blanks,136,State Senate,Hampden
Springfield,5,H,Total Votes Cast,638,State Senate,Hampden
Springfield,6,A,Adam Gomez,291,State Senate,Hampden
Springfield,6,A,All Others,13,State Senate,Hampden
Springfield,6,A,Blanks,58,State Senate,Hampden
Springfield,6,A,Total Votes Cast,362,State Senate,Hampden
Springfield,6,B,Jacob R. Oliveira,468,State Senate,"Hampden, Hampshire & Worcester"
Springfield,6,B,William E. Johnson,140,State Senate,"Hampden, Hampshire & Worcester"
Springfield,6,B,All Others,0,State Senate,"Hampden, Hampshire & Worcester"
Springfield,6,B,Blanks,26,State Senate,"Hampden, Hampshire & Worcester"
Springfield,6,B,Total Votes Cast,634,State Senate,"Hampden, Hampshire & Worcester"
Springfield,6,C,Adam Gomez,351,State Senate,Hampden
Springfield,6,C,All Others,27,State Senate,Hampden
Springfield,6,C,Blanks,115,State Senate,Hampden
Springfield,6,C,Total Votes Cast,493,State Senate,Hampden
Springfield,6,D,Jacob R. Oliveira,518,State Senate,"Hampden, Hampshire & Worcester"
Springfield,6,D,William E. Johnson,275,State Senate,"Hampden, Hampshire & Worcester"
Springfield,6,D,All Others,0,State Senate,"Hampden, Hampshire & Worcester"
Springfield,6,D,Blanks,31,State Senate,"Hampden, Hampshire & Worcester"
Springfield,6,D,Total Votes Cast,824,State Senate,"Hampden, Hampshire & Worcester"
Springfield,6,D1,Adam Gomez,29,State Senate,Hampden
Springfield,6,D1,All Others,0,State Senate,Hampden
Springfield,6,D1,Blanks,5,State Senate,Hampden
Springfield,6,D1,Total Votes Cast,34,State Senate,Hampden
Springfield,6,E,Adam Gomez,230,State Senate,Hampden
Springfield,6,E,All Others,10,State Senate,Hampden
Springfield,6,E,Blanks,33,State Senate,Hampden
Springfield,6,E,Total Votes Cast,273,State Senate,Hampden
Springfield,6,F,Adam Gomez,270,State Senate,Hampden
Springfield,6,F,All Others,9,State Senate,Hampden
Springfield,6,F,Blanks,46,State Senate,Hampden
Springfield,6,F,Total Votes Cast,325,State Senate,Hampden
Springfield,6,G,Adam Gomez,405,State Senate,Hampden
Springfield,6,G,All Others,10,State Senate,Hampden
Springfield,6,G,Blanks,79,State Senate,Hampden
Springfield,6,G,Total Votes Cast,494,State Senate,Hampden
Springfield,6,H,Adam Gomez,478,State Senate,Hampden
Springfield,6,H,All Others,31,State Senate,Hampden
Springfield,6,H,Blanks,130,State Senate,Hampden
Springfield,6,H,Total Votes Cast,639,State Senate,Hampden
Springfield,7,A,Adam Gomez,538,State Senate,Hampden
Springfield,7,A,All Others,25,State Senate,Hampden
Springfield,7,A,Blanks,153,State Senate,Hampden
Springfield,7,A,Total Votes Cast,716,State Senate,Hampden
Springfield,7,A1,Adam Gomez,20,State Senate,Hampden
Springfield,7,A1,All Others,0,State Senate,Hampden
Springfield,7,A1,Blanks,5,State Senate,Hampden
Springfield,7,A1,Total Votes Cast,25,State Senate,Hampden
Springfield,7,B,Jacob R. Oliveira,635,State Senate,"Hampden, Hampshire & Worcester"
Springfield,7,B,William E. Johnson,297,State Senate,"Hampden, Hampshire & Worcester"
Springfield,7,B,All Others,1,State Senate,"Hampden, Hampshire & Worcester"
Springfield,7,B,Blanks,27,State Senate,"Hampden, Hampshire & Worcester"
Springfield,7,B,Total Votes Cast,960,State Senate,"Hampden, Hampshire & Worcester"
Springfield,7,B1,Adam Gomez,5,State Senate,Hampden
Springfield,7,B1,All Others,0,State Senate,Hampden
Springfield,7,B1,Blanks,1,State Senate,Hampden
Springfield,7,B1,Total Votes Cast,6,State Senate,Hampden
Springfield,7,C,Jacob R. Oliveira,566,State Senate,"Hampden, Hampshire & Worcester"
Springfield,7,C,William E. Johnson,302,State Senate,"Hampden, Hampshire & Worcester"
Springfield,7,C,All Others,2,State Senate,"Hampden, Hampshire & Worcester"
Springfield,7,C,Blanks,27,State Senate,"Hampden, Hampshire & Worcester"
Springfield,7,C,Total Votes Cast,897,State Senate,"Hampden, Hampshire & Worcester"
Springfield,7,D,Jacob R. Oliveira,396,State Senate,"Hampden, Hampshire & Worcester"
Springfield,7,D,William E. Johnson,276,State Senate,"Hampden, Hampshire & Worcester"
Springfield,7,D,All Others,0,State Senate,"Hampden, Hampshire & Worcester"
Springfield,7,D,Blanks,31,State Senate,"Hampden, Hampshire & Worcester"
Springfield,7,D,Total Votes Cast,703,State Senate,"Hampden, Hampshire & Worcester"
Springfield,7,E,Jacob R. Oliveira,283,State Senate,"Hampden, Hampshire & Worcester"
Springfield,7,E,William E. Johnson,98,State Senate,"Hampden, Hampshire & Worcester"
Springfield,7,E,All Others,0,State Senate,"Hampden, Hampshire & Worcester"
Springfield,7,E,Blanks,17,State Senate,"Hampden, Hampshire & Worcester"
Springfield,7,E,Total Votes Cast,398,State Senate,"Hampden, Hampshire & Worcester"
Springfield,7,F,Jacob R. Oliveira,619,State Senate,"Hampden, Hampshire & Worcester"
Springfield,7,F,William E. Johnson,299,State Senate,"Hampden, Hampshire & Worcester"
Springfield,7,F,All Others,2,State Senate,"Hampden, Hampshire & Worcester"
Springfield,7,F,Blanks,29,State Senate,"Hampden, Hampshire & Worcester"
Springfield,7,F,Total Votes Cast,949,State Senate,"Hampden, Hampshire & Worcester"
Springfield,7,G,Jacob R. Oliveira,596,State Senate,"Hampden, Hampshire & Worcester"
Springfield,7,G,William E. Johnson,351,State Senate,"Hampden, Hampshire & Worcester"
Springfield,7,G,All Others,3,State Senate,"Hampden, Hampshire & Worcester"
Springfield,7,G,Blanks,27,State Senate,"Hampden, Hampshire & Worcester"
Springfield,7,G,Total Votes Cast,977,State Senate,"Hampden, Hampshire & Worcester"
Springfield,7,H,Adam Gomez,271,State Senate,Hampden
Springfield,7,H,All Others,9,State Senate,Hampden
Springfield,7,H,Blanks,99,State Senate,Hampden
Springfield,7,H,Total Votes Cast,379,State Senate,Hampden
Springfield,7,H1,Jacob R. Oliveira,42,State Senate,"Hampden, Hampshire & Worcester"
Springfield,7,H1,William E. Johnson,27,State Senate,"Hampden, Hampshire & Worcester"
Springfield,7,H1,All Others,0,State Senate,"Hampden, Hampshire & Worcester"
Springfield,7,H1,Blanks,4,State Senate,"Hampden, Hampshire & Worcester"
Springfield,7,H1,Total Votes Cast,73,State Senate,"Hampden, Hampshire & Worcester"
Springfield,8,A,Adam Gomez,390,State Senate,Hampden
Springfield,8,A,All Others,19,State Senate,Hampden
Springfield,8,A,Blanks,130,State Senate,Hampden
Springfield,8,A,Total Votes Cast,539,State Senate,Hampden
Springfield,8,B,Adam Gomez,415,State Senate,Hampden
Springfield,8,B,All Others,12,State Senate,Hampden
Springfield,8,B,Blanks,56,State Senate,Hampden
Springfield,8,B,Total Votes Cast,483,State Senate,Hampden
Springfield,8,B1,Adam Gomez,27,State Senate,Hampden
Springfield,8,B1,All Others,2,State Senate,Hampden
Springfield,8,B1,Blanks,17,State Senate,Hampden
Springfield,8,B1,Total Votes Cast,46,State Senate,Hampden
Springfield,8,C,Adam Gomez,379,State Senate,Hampden
Springfield,8,C,All Others,19,State Senate,Hampden
Springfield,8,C,Blanks,91,State Senate,Hampden
Springfield,8,C,Total Votes Cast,489,State Senate,Hampden
Springfield,8,D,Adam Gomez,210,State Senate,Hampden
Springfield,8,D,All Others,10,State Senate,Hampden
Springfield,8,D,Blanks,45,State Senate,Hampden
Springfield,8,D,Total Votes Cast,265,State Senate,Hampden
Springfield,8,E,Adam Gomez,220,State Senate,Hampden
Springfield,8,E,All Others,10,State Senate,Hampden
Springfield,8,E,Blanks,50,State Senate,Hampden
Springfield,8,E,Total Votes Cast,280,State Senate,Hampden
Springfield,8,F,Adam Gomez,350,State Senate,Hampden
Springfield,8,F,All Others,19,State Senate,Hampden
Springfield,8,F,Blanks,83,State Senate,Hampden
Springfield,8,F,Total Votes Cast,452,State Senate,Hampden
Springfield,8,G,Adam Gomez,375,State Senate,Hampden
Springfield,8,G,All Others,13,State Senate,Hampden
Springfield,8,G,Blanks,108,State Senate,Hampden
Springfield,8,G,Total Votes Cast,496,State Senate,Hampden
Springfield,8,G1,Adam Gomez,9,State Senate,Hampden
Springfield,8,G1,All Others,1,State Senate,Hampden
Springfield,8,G1,Blanks,4,State Senate,Hampden
Springfield,8,G1,Total Votes Cast,14,State Senate,Hampden
Springfield,8,H,Adam Gomez,393,State Senate,Hampden
Springfield,8,H,All Others,9,State Senate,Hampden
Springfield,8,H,Blanks,67,State Senate,Hampden
Springfield,8,H,Total Votes Cast,469,State Senate,Hampden
Sterling,-,1,Anne M. Gobi,969,State Senate,Worcester & Hampshire
Sterling,-,1,James Anthony Amorello,1012,State Senate,Worcester & Hampshire
Sterling,-,1,All Others,0,State Senate,Worcester & Hampshire
Sterling,-,1,Blanks,70,State Senate,Worcester & Hampshire
Sterling,-,1,Total Votes Cast,2051,State Senate,Worcester & Hampshire
Sterling,-,2,Anne M. Gobi,1039,State Senate,Worcester & Hampshire
Sterling,-,2,James Anthony Amorello,1026,State Senate,Worcester & Hampshire
Sterling,-,2,All Others,1,State Senate,Worcester & Hampshire
Sterling,-,2,Blanks,64,State Senate,Worcester & Hampshire
Sterling,-,2,Total Votes Cast,2130,State Senate,Worcester & Hampshire
Stockbridge,,,Paul W. Mark,840,State Senate,"Berkshire, Hampden, Franklin & Hampshire"
Stockbridge,,,Brendan M. Phair,141,State Senate,"Berkshire, Hampden, Franklin & Hampshire"
Stockbridge,,,All Others,3,State Senate,"Berkshire, Hampden, Franklin & Hampshire"
Stockbridge,,,Blanks,85,State Senate,"Berkshire, Hampden, Franklin & Hampshire"
Stockbridge,,,Total Votes Cast,1069,State Senate,"Berkshire, Hampden, Franklin & Hampshire"
Stoneham,-,1,Jason M. Lewis,811,State Senate,Fifth Middlesex
Stoneham,-,1,"Edward F. Dombroski, Jr",481,State Senate,Fifth Middlesex
Stoneham,-,1,All Others,0,State Senate,Fifth Middlesex
Stoneham,-,1,Blanks,38,State Senate,Fifth Middlesex
Stoneham,-,1,Total Votes Cast,1330,State Senate,Fifth Middlesex
Stoneham,-,2,Jason M. Lewis,861,State Senate,Fifth Middlesex
Stoneham,-,2,"Edward F. Dombroski, Jr",519,State Senate,Fifth Middlesex
Stoneham,-,2,All Others,1,State Senate,Fifth Middlesex
Stoneham,-,2,Blanks,55,State Senate,Fifth Middlesex
Stoneham,-,2,Total Votes Cast,1436,State Senate,Fifth Middlesex
Stoneham,-,3,Jason M. Lewis,886,State Senate,Fifth Middlesex
Stoneham,-,3,"Edward F. Dombroski, Jr",692,State Senate,Fifth Middlesex
Stoneham,-,3,All Others,1,State Senate,Fifth Middlesex
Stoneham,-,3,Blanks,52,State Senate,Fifth Middlesex
Stoneham,-,3,Total Votes Cast,1631,State Senate,Fifth Middlesex
Stoneham,-,4,Jason M. Lewis,751,State Senate,Fifth Middlesex
Stoneham,-,4,"Edward F. Dombroski, Jr",622,State Senate,Fifth Middlesex
Stoneham,-,4,All Others,3,State Senate,Fifth Middlesex
Stoneham,-,4,Blanks,41,State Senate,Fifth Middlesex
Stoneham,-,4,Total Votes Cast,1417,State Senate,Fifth Middlesex
Stoneham,-,5,Jason M. Lewis,861,State Senate,Fifth Middlesex
Stoneham,-,5,"Edward F. Dombroski, Jr",674,State Senate,Fifth Middlesex
Stoneham,-,5,All Others,1,State Senate,Fifth Middlesex
Stoneham,-,5,Blanks,48,State Senate,Fifth Middlesex
Stoneham,-,5,Total Votes Cast,1584,State Senate,Fifth Middlesex
Stoneham,-,6,Jason M. Lewis,1011,State Senate,Fifth Middlesex
Stoneham,-,6,"Edward F. Dombroski, Jr",640,State Senate,Fifth Middlesex
Stoneham,-,6,All Others,0,State Senate,Fifth Middlesex
Stoneham,-,6,Blanks,59,State Senate,Fifth Middlesex
Stoneham,-,6,Total Votes Cast,1710,State Senate,Fifth Middlesex
Stoneham,-,7,Jason M. Lewis,786,State Senate,Fifth Middlesex
Stoneham,-,7,"Edward F. Dombroski, Jr",541,State Senate,Fifth Middlesex
Stoneham,-,7,All Others,2,State Senate,Fifth Middlesex
Stoneham,-,7,Blanks,36,State Senate,Fifth Middlesex
Stoneham,-,7,Total Votes Cast,1365,State Senate,Fifth Middlesex
Stoughton,-,1,"Walter F. Timilty, Jr.",813,State Senate,"Norfolk, Plymouth & Bristol"
Stoughton,-,1,Brian R. Muello,392,State Senate,"Norfolk, Plymouth & Bristol"
Stoughton,-,1,All Others,1,State Senate,"Norfolk, Plymouth & Bristol"
Stoughton,-,1,Blanks,49,State Senate,"Norfolk, Plymouth & Bristol"
Stoughton,-,1,Total Votes Cast,1255,State Senate,"Norfolk, Plymouth & Bristol"
Stoughton,-,2,"Walter F. Timilty, Jr.",765,State Senate,"Norfolk, Plymouth & Bristol"
Stoughton,-,2,Brian R. Muello,342,State Senate,"Norfolk, Plymouth & Bristol"
Stoughton,-,2,All Others,0,State Senate,"Norfolk, Plymouth & Bristol"
Stoughton,-,2,Blanks,54,State Senate,"Norfolk, Plymouth & Bristol"
Stoughton,-,2,Total Votes Cast,1161,State Senate,"Norfolk, Plymouth & Bristol"
Stoughton,-,2A,"Walter F. Timilty, Jr.",113,State Senate,"Norfolk, Plymouth & Bristol"
Stoughton,-,2A,Brian R. Muello,40,State Senate,"Norfolk, Plymouth & Bristol"
Stoughton,-,2A,All Others,0,State Senate,"Norfolk, Plymouth & Bristol"
Stoughton,-,2A,Blanks,9,State Senate,"Norfolk, Plymouth & Bristol"
Stoughton,-,2A,Total Votes Cast,162,State Senate,"Norfolk, Plymouth & Bristol"
Stoughton,-,3,"Walter F. Timilty, Jr.",941,State Senate,"Norfolk, Plymouth & Bristol"
Stoughton,-,3,Brian R. Muello,384,State Senate,"Norfolk, Plymouth & Bristol"
Stoughton,-,3,All Others,0,State Senate,"Norfolk, Plymouth & Bristol"
Stoughton,-,3,Blanks,51,State Senate,"Norfolk, Plymouth & Bristol"
Stoughton,-,3,Total Votes Cast,1376,State Senate,"Norfolk, Plymouth & Bristol"
Stoughton,-,4,"Walter F. Timilty, Jr.",994,State Senate,"Norfolk, Plymouth & Bristol"
Stoughton,-,4,Brian R. Muello,534,State Senate,"Norfolk, Plymouth & Bristol"
Stoughton,-,4,All Others,1,State Senate,"Norfolk, Plymouth & Bristol"
Stoughton,-,4,Blanks,69,State Senate,"Norfolk, Plymouth & Bristol"
Stoughton,-,4,Total Votes Cast,1598,State Senate,"Norfolk, Plymouth & Bristol"
Stoughton,-,4A,"Walter F. Timilty, Jr.",71,State Senate,"Norfolk, Plymouth & Bristol"
Stoughton,-,4A,Brian R. Muello,29,State Senate,"Norfolk, Plymouth & Bristol"
Stoughton,-,4A,All Others,0,State Senate,"Norfolk, Plymouth & Bristol"
Stoughton,-,4A,Blanks,3,State Senate,"Norfolk, Plymouth & Bristol"
Stoughton,-,4A,Total Votes Cast,103,State Senate,"Norfolk, Plymouth & Bristol"
Stoughton,-,5,"Walter F. Timilty, Jr.",725,State Senate,"Norfolk, Plymouth & Bristol"
Stoughton,-,5,Brian R. Muello,383,State Senate,"Norfolk, Plymouth & Bristol"
Stoughton,-,5,All Others,1,State Senate,"Norfolk, Plymouth & Bristol"
Stoughton,-,5,Blanks,42,State Senate,"Norfolk, Plymouth & Bristol"
Stoughton,-,5,Total Votes Cast,1151,State Senate,"Norfolk, Plymouth & Bristol"
Stoughton,-,5A,"Walter F. Timilty, Jr.",48,State Senate,"Norfolk, Plymouth & Bristol"
Stoughton,-,5A,Brian R. Muello,43,State Senate,"Norfolk, Plymouth & Bristol"
Stoughton,-,5A,All Others,0,State Senate,"Norfolk, Plymouth & Bristol"
Stoughton,-,5A,Blanks,5,State Senate,"Norfolk, Plymouth & Bristol"
Stoughton,-,5A,Total Votes Cast,96,State Senate,"Norfolk, Plymouth & Bristol"
Stoughton,-,6,"Walter F. Timilty, Jr.",963,State Senate,"Norfolk, Plymouth & Bristol"
Stoughton,-,6,Brian R. Muello,399,State Senate,"Norfolk, Plymouth & Bristol"
Stoughton,-,6,All Others,0,State Senate,"Norfolk, Plymouth & Bristol"
Stoughton,-,6,Blanks,62,State Senate,"Norfolk, Plymouth & Bristol"
Stoughton,-,6,Total Votes Cast,1424,State Senate,"Norfolk, Plymouth & Bristol"
Stoughton,-,7,"Walter F. Timilty, Jr.",850,State Senate,"Norfolk, Plymouth & Bristol"
Stoughton,-,7,Brian R. Muello,343,State Senate,"Norfolk, Plymouth & Bristol"
Stoughton,-,7,All Others,1,State Senate,"Norfolk, Plymouth & Bristol"
Stoughton,-,7,Blanks,43,State Senate,"Norfolk, Plymouth & Bristol"
Stoughton,-,7,Total Votes Cast,1237,State Senate,"Norfolk, Plymouth & Bristol"
Stoughton,-,7A,"Walter F. Timilty, Jr.",45,State Senate,"Norfolk, Plymouth & Bristol"
Stoughton,-,7A,Brian R. Muello,12,State Senate,"Norfolk, Plymouth & Bristol"
Stoughton,-,7A,All Others,0,State Senate,"Norfolk, Plymouth & Bristol"
Stoughton,-,7A,Blanks,3,State Senate,"Norfolk, Plymouth & Bristol"
Stoughton,-,7A,Total Votes Cast,60,State Senate,"Norfolk, Plymouth & Bristol"
Stoughton,-,8,"Walter F. Timilty, Jr.",570,State Senate,"Norfolk, Plymouth & Bristol"
Stoughton,-,8,Brian R. Muello,232,State Senate,"Norfolk, Plymouth & Bristol"
Stoughton,-,8,All Others,0,State Senate,"Norfolk, Plymouth & Bristol"
Stoughton,-,8,Blanks,35,State Senate,"Norfolk, Plymouth & Bristol"
Stoughton,-,8,Total Votes Cast,837,State Senate,"Norfolk, Plymouth & Bristol"
Stoughton,-,8A,"Walter F. Timilty, Jr.",37,State Senate,"Norfolk, Plymouth & Bristol"
Stoughton,-,8A,Brian R. Muello,22,State Senate,"Norfolk, Plymouth & Bristol"
Stoughton,-,8A,All Others,0,State Senate,"Norfolk, Plymouth & Bristol"
Stoughton,-,8A,Blanks,0,State Senate,"Norfolk, Plymouth & Bristol"
Stoughton,-,8A,Total Votes Cast,59,State Senate,"Norfolk, Plymouth & Bristol"
Stow,-,1,James B. Eldridge,1340,State Senate,Middlesex and Worcester
Stow,-,1,Anthony Christakis,589,State Senate,Middlesex and Worcester
Stow,-,1,All Others,1,State Senate,Middlesex and Worcester
Stow,-,1,Blanks,54,State Senate,Middlesex and Worcester
Stow,-,1,Total Votes Cast,1984,State Senate,Middlesex and Worcester
Stow,-,2,James B. Eldridge,1375,State Senate,Middlesex and Worcester
Stow,-,2,Anthony Christakis,476,State Senate,Middlesex and Worcester
Stow,-,2,All Others,1,State Senate,Middlesex and Worcester
Stow,-,2,Blanks,58,State Senate,Middlesex and Worcester
Stow,-,2,Total Votes Cast,1910,State Senate,Middlesex and Worcester
Sturbridge,-,1,Ryan C. Fattman,994,State Senate,Worcester & Hampden
Sturbridge,-,1,All Others,34,State Senate,Worcester & Hampden
Sturbridge,-,1,Blanks,403,State Senate,Worcester & Hampden
Sturbridge,-,1,Total Votes Cast,1431,State Senate,Worcester & Hampden
Sturbridge,-,2,Ryan C. Fattman,1092,State Senate,Worcester & Hampden
Sturbridge,-,2,All Others,25,State Senate,Worcester & Hampden
Sturbridge,-,2,Blanks,400,State Senate,Worcester & Hampden
Sturbridge,-,2,Total Votes Cast,1517,State Senate,Worcester & Hampden
Sturbridge,-,3,Ryan C. Fattman,965,State Senate,Worcester & Hampden
Sturbridge,-,3,All Others,34,State Senate,Worcester & Hampden
Sturbridge,-,3,Blanks,398,State Senate,Worcester & Hampden
Sturbridge,-,3,Total Votes Cast,1397,State Senate,Worcester & Hampden
Sudbury,-,1,James B. Eldridge,1116,State Senate,Middlesex and Worcester
Sudbury,-,1,Anthony Christakis,419,State Senate,Middlesex and Worcester
Sudbury,-,1,All Others,0,State Senate,Middlesex and Worcester
Sudbury,-,1,Blanks,59,State Senate,Middlesex and Worcester
Sudbury,-,1,Total Votes Cast,1594,State Senate,Middlesex and Worcester
Sudbury,-,2,James B. Eldridge,1143,State Senate,Middlesex and Worcester
Sudbury,-,2,Anthony Christakis,376,State Senate,Middlesex and Worcester
Sudbury,-,2,All Others,0,State Senate,Middlesex and Worcester
Sudbury,-,2,Blanks,59,State Senate,Middlesex and Worcester
Sudbury,-,2,Total Votes Cast,1578,State Senate,Middlesex and Worcester
Sudbury,-,3,James B. Eldridge,943,State Senate,Middlesex and Worcester
Sudbury,-,3,Anthony Christakis,418,State Senate,Middlesex and Worcester
Sudbury,-,3,All Others,0,State Senate,Middlesex and Worcester
Sudbury,-,3,Blanks,47,State Senate,Middlesex and Worcester
Sudbury,-,3,Total Votes Cast,1408,State Senate,Middlesex and Worcester
Sudbury,-,4,James B. Eldridge,1065,State Senate,Middlesex and Worcester
Sudbury,-,4,Anthony Christakis,393,State Senate,Middlesex and Worcester
Sudbury,-,4,All Others,0,State Senate,Middlesex and Worcester
Sudbury,-,4,Blanks,73,State Senate,Middlesex and Worcester
Sudbury,-,4,Total Votes Cast,1531,State Senate,Middlesex and Worcester
Sudbury,-,5,James B. Eldridge,1006,State Senate,Middlesex and Worcester
Sudbury,-,5,Anthony Christakis,423,State Senate,Middlesex and Worcester
Sudbury,-,5,All Others,0,State Senate,Middlesex and Worcester
Sudbury,-,5,Blanks,61,State Senate,Middlesex and Worcester
Sudbury,-,5,Total Votes Cast,1490,State Senate,Middlesex and Worcester
Sudbury,-,6,James B. Eldridge,1098,State Senate,Middlesex and Worcester
Sudbury,-,6,Anthony Christakis,394,State Senate,Middlesex and Worcester
Sudbury,-,6,All Others,0,State Senate,Middlesex and Worcester
Sudbury,-,6,Blanks,57,State Senate,Middlesex and Worcester
Sudbury,-,6,Total Votes Cast,1549,State Senate,Middlesex and Worcester
Sunderland,,,Jo Comerford,1152,State Senate,"Hampshire, Franklin and Worcester"
Sunderland,,,All Others,3,State Senate,"Hampshire, Franklin and Worcester"
Sunderland,,,Blanks,229,State Senate,"Hampshire, Franklin and Worcester"
Sunderland,,,Total Votes Cast,1384,State Senate,"Hampshire, Franklin and Worcester"
Sutton,-,1,Ryan C. Fattman,1178,State Senate,Worcester & Hampden
Sutton,-,1,All Others,17,State Senate,Worcester & Hampden
Sutton,-,1,Blanks,398,State Senate,Worcester & Hampden
Sutton,-,1,Total Votes Cast,1593,State Senate,Worcester & Hampden
Sutton,-,2,Ryan C. Fattman,1135,State Senate,Worcester & Hampden
Sutton,-,2,All Others,13,State Senate,Worcester & Hampden
Sutton,-,2,Blanks,359,State Senate,Worcester & Hampden
Sutton,-,2,Total Votes Cast,1507,State Senate,Worcester & Hampden
Sutton,-,3,Ryan C. Fattman,1152,State Senate,Worcester & Hampden
Sutton,-,3,All Others,14,State Senate,Worcester & Hampden
Sutton,-,3,Blanks,333,State Senate,Worcester & Hampden
Sutton,-,3,Total Votes Cast,1499,State Senate,Worcester & Hampden
Swampscott,-,1,Brendan P. Crighton,708,State Senate,Third Essex
Swampscott,-,1,Annalisa Salustri,262,State Senate,Third Essex
Swampscott,-,1,All Others,2,State Senate,Third Essex
Swampscott,-,1,Blanks,94,State Senate,Third Essex
Swampscott,-,1,Total Votes Cast,1066,State Senate,Third Essex
Swampscott,-,2,Brendan P. Crighton,640,State Senate,Third Essex
Swampscott,-,2,Annalisa Salustri,317,State Senate,Third Essex
Swampscott,-,2,All Others,5,State Senate,Third Essex
Swampscott,-,2,Blanks,138,State Senate,Third Essex
Swampscott,-,2,Total Votes Cast,1100,State Senate,Third Essex
Swampscott,-,3,Brendan P. Crighton,821,State Senate,Third Essex
Swampscott,-,3,Annalisa Salustri,245,State Senate,Third Essex
Swampscott,-,3,All Others,3,State Senate,Third Essex
Swampscott,-,3,Blanks,106,State Senate,Third Essex
Swampscott,-,3,Total Votes Cast,1175,State Senate,Third Essex
Swampscott,-,4,Brendan P. Crighton,855,State Senate,Third Essex
Swampscott,-,4,Annalisa Salustri,297,State Senate,Third Essex
Swampscott,-,4,All Others,5,State Senate,Third Essex
Swampscott,-,4,Blanks,137,State Senate,Third Essex
Swampscott,-,4,Total Votes Cast,1294,State Senate,Third Essex
Swampscott,-,5,Brendan P. Crighton,754,State Senate,Third Essex
Swampscott,-,5,Annalisa Salustri,339,State Senate,Third Essex
Swampscott,-,5,All Others,3,State Senate,Third Essex
Swampscott,-,5,Blanks,152,State Senate,Third Essex
Swampscott,-,5,Total Votes Cast,1248,State Senate,Third Essex
Swampscott,-,6,Brendan P. Crighton,789,State Senate,Third Essex
Swampscott,-,6,Annalisa Salustri,278,State Senate,Third Essex
Swampscott,-,6,All Others,5,State Senate,Third Essex
Swampscott,-,6,Blanks,138,State Senate,Third Essex
Swampscott,-,6,Total Votes Cast,1210,State Senate,Third Essex
Swansea,-,1,Michael J. Rodrigues,640,State Senate,First Bristol and Plymouth
Swansea,-,1,Russell T. Protentis,691,State Senate,First Bristol and Plymouth
Swansea,-,1,All Others,2,State Senate,First Bristol and Plymouth
Swansea,-,1,Blanks,30,State Senate,First Bristol and Plymouth
Swansea,-,1,Total Votes Cast,1363,State Senate,First Bristol and Plymouth
Swansea,-,2,Michael J. Rodrigues,775,State Senate,First Bristol and Plymouth
Swansea,-,2,Russell T. Protentis,543,State Senate,First Bristol and Plymouth
Swansea,-,2,All Others,1,State Senate,First Bristol and Plymouth
Swansea,-,2,Blanks,42,State Senate,First Bristol and Plymouth
Swansea,-,2,Total Votes Cast,1361,State Senate,First Bristol and Plymouth
Swansea,-,3,Michael J. Rodrigues,784,State Senate,First Bristol and Plymouth
Swansea,-,3,Russell T. Protentis,562,State Senate,First Bristol and Plymouth
Swansea,-,3,All Others,0,State Senate,First Bristol and Plymouth
Swansea,-,3,Blanks,34,State Senate,First Bristol and Plymouth
Swansea,-,3,Total Votes Cast,1380,State Senate,First Bristol and Plymouth
Swansea,-,4,Michael J. Rodrigues,735,State Senate,First Bristol and Plymouth
Swansea,-,4,Russell T. Protentis,654,State Senate,First Bristol and Plymouth
Swansea,-,4,All Others,1,State Senate,First Bristol and Plymouth
Swansea,-,4,Blanks,29,State Senate,First Bristol and Plymouth
Swansea,-,4,Total Votes Cast,1419,State Senate,First Bristol and Plymouth
Swansea,-,5,Michael J. Rodrigues,679,State Senate,First Bristol and Plymouth
Swansea,-,5,Russell T. Protentis,713,State Senate,First Bristol and Plymouth
Swansea,-,5,All Others,1,State Senate,First Bristol and Plymouth
Swansea,-,5,Blanks,36,State Senate,First Bristol and Plymouth
Swansea,-,5,Total Votes Cast,1429,State Senate,First Bristol and Plymouth
Taunton,1,A,Marc R. Pacheco,531,State Senate,Third Bristol & Plymouth
Taunton,1,A,Maria S. Collins,291,State Senate,Third Bristol & Plymouth
Taunton,1,A,All Others,0,State Senate,Third Bristol & Plymouth
Taunton,1,A,Blanks,27,State Senate,Third Bristol & Plymouth
Taunton,1,A,Total Votes Cast,849,State Senate,Third Bristol & Plymouth
Taunton,1,A1,Marc R. Pacheco,32,State Senate,Third Bristol & Plymouth
Taunton,1,A1,Maria S. Collins,8,State Senate,Third Bristol & Plymouth
Taunton,1,A1,All Others,0,State Senate,Third Bristol & Plymouth
Taunton,1,A1,Blanks,1,State Senate,Third Bristol & Plymouth
Taunton,1,A1,Total Votes Cast,41,State Senate,Third Bristol & Plymouth
Taunton,1,B,Marc R. Pacheco,702,State Senate,Third Bristol & Plymouth
Taunton,1,B,Maria S. Collins,578,State Senate,Third Bristol & Plymouth
Taunton,1,B,All Others,0,State Senate,Third Bristol & Plymouth
Taunton,1,B,Blanks,47,State Senate,Third Bristol & Plymouth
Taunton,1,B,Total Votes Cast,1327,State Senate,Third Bristol & Plymouth
Taunton,2,A,Marc R. Pacheco,312,State Senate,Third Bristol & Plymouth
Taunton,2,A,Maria S. Collins,152,State Senate,Third Bristol & Plymouth
Taunton,2,A,All Others,0,State Senate,Third Bristol & Plymouth
Taunton,2,A,Blanks,10,State Senate,Third Bristol & Plymouth
Taunton,2,A,Total Votes Cast,474,State Senate,Third Bristol & Plymouth
Taunton,2,B,Marc R. Pacheco,452,State Senate,Third Bristol & Plymouth
Taunton,2,B,Maria S. Collins,268,State Senate,Third Bristol & Plymouth
Taunton,2,B,All Others,0,State Senate,Third Bristol & Plymouth
Taunton,2,B,Blanks,27,State Senate,Third Bristol & Plymouth
Taunton,2,B,Total Votes Cast,747,State Senate,Third Bristol & Plymouth
Taunton,3,A,Marc R. Pacheco,567,State Senate,Third Bristol & Plymouth
Taunton,3,A,Maria S. Collins,338,State Senate,Third Bristol & Plymouth
Taunton,3,A,All Others,2,State Senate,Third Bristol & Plymouth
Taunton,3,A,Blanks,43,State Senate,Third Bristol & Plymouth
Taunton,3,A,Total Votes Cast,950,State Senate,Third Bristol & Plymouth
Taunton,3,B,Marc R. Pacheco,691,State Senate,Third Bristol & Plymouth
Taunton,3,B,Maria S. Collins,480,State Senate,Third Bristol & Plymouth
Taunton,3,B,All Others,0,State Senate,Third Bristol & Plymouth
Taunton,3,B,Blanks,48,State Senate,Third Bristol & Plymouth
Taunton,3,B,Total Votes Cast,1219,State Senate,Third Bristol & Plymouth
Taunton,4,A,Marc R. Pacheco,640,State Senate,Third Bristol & Plymouth
Taunton,4,A,Maria S. Collins,536,State Senate,Third Bristol & Plymouth
Taunton,4,A,All Others,1,State Senate,Third Bristol & Plymouth
Taunton,4,A,Blanks,50,State Senate,Third Bristol & Plymouth
Taunton,4,A,Total Votes Cast,1227,State Senate,Third Bristol & Plymouth
Taunton,4,B,Marc R. Pacheco,665,State Senate,Third Bristol & Plymouth
Taunton,4,B,Maria S. Collins,439,State Senate,Third Bristol & Plymouth
Taunton,4,B,All Others,0,State Senate,Third Bristol & Plymouth
Taunton,4,B,Blanks,40,State Senate,Third Bristol & Plymouth
Taunton,4,B,Total Votes Cast,1144,State Senate,Third Bristol & Plymouth
Taunton,4,B1,Marc R. Pacheco,10,State Senate,Third Bristol & Plymouth
Taunton,4,B1,Maria S. Collins,14,State Senate,Third Bristol & Plymouth
Taunton,4,B1,All Others,0,State Senate,Third Bristol & Plymouth
Taunton,4,B1,Blanks,4,State Senate,Third Bristol & Plymouth
Taunton,4,B1,Total Votes Cast,28,State Senate,Third Bristol & Plymouth
Taunton,5,A,Marc R. Pacheco,497,State Senate,Third Bristol & Plymouth
Taunton,5,A,Maria S. Collins,265,State Senate,Third Bristol & Plymouth
Taunton,5,A,All Others,0,State Senate,Third Bristol & Plymouth
Taunton,5,A,Blanks,36,State Senate,Third Bristol & Plymouth
Taunton,5,A,Total Votes Cast,798,State Senate,Third Bristol & Plymouth
Taunton,5,B,Marc R. Pacheco,460,State Senate,Third Bristol & Plymouth
Taunton,5,B,Maria S. Collins,247,State Senate,Third Bristol & Plymouth
Taunton,5,B,All Others,1,State Senate,Third Bristol & Plymouth
Taunton,5,B,Blanks,22,State Senate,Third Bristol & Plymouth
Taunton,5,B,Total Votes Cast,730,State Senate,Third Bristol & Plymouth
Taunton,6,A,Marc R. Pacheco,444,State Senate,Third Bristol & Plymouth
Taunton,6,A,Maria S. Collins,266,State Senate,Third Bristol & Plymouth
Taunton,6,A,All Others,0,State Senate,Third Bristol & Plymouth
Taunton,6,A,Blanks,22,State Senate,Third Bristol & Plymouth
Taunton,6,A,Total Votes Cast,732,State Senate,Third Bristol & Plymouth
Taunton,6,B,Marc R. Pacheco,594,State Senate,Third Bristol & Plymouth
Taunton,6,B,Maria S. Collins,357,State Senate,Third Bristol & Plymouth
Taunton,6,B,All Others,0,State Senate,Third Bristol & Plymouth
Taunton,6,B,Blanks,32,State Senate,Third Bristol & Plymouth
Taunton,6,B,Total Votes Cast,983,State Senate,Third Bristol & Plymouth
Taunton,7,A,Marc R. Pacheco,744,State Senate,Third Bristol & Plymouth
Taunton,7,A,Maria S. Collins,523,State Senate,Third Bristol & Plymouth
Taunton,7,A,All Others,0,State Senate,Third Bristol & Plymouth
Taunton,7,A,Blanks,52,State Senate,Third Bristol & Plymouth
Taunton,7,A,Total Votes Cast,1319,State Senate,Third Bristol & Plymouth
Taunton,7,B,Marc R. Pacheco,746,State Senate,Third Bristol & Plymouth
Taunton,7,B,Maria S. Collins,718,State Senate,Third Bristol & Plymouth
Taunton,7,B,All Others,1,State Senate,Third Bristol & Plymouth
Taunton,7,B,Blanks,62,State Senate,Third Bristol & Plymouth
Taunton,7,B,Total Votes Cast,1527,State Senate,Third Bristol & Plymouth
Taunton,8,A,Marc R. Pacheco,779,State Senate,Third Bristol & Plymouth
Taunton,8,A,Maria S. Collins,550,State Senate,Third Bristol & Plymouth
Taunton,8,A,All Others,0,State Senate,Third Bristol & Plymouth
Taunton,8,A,Blanks,58,State Senate,Third Bristol & Plymouth
Taunton,8,A,Total Votes Cast,1387,State Senate,Third Bristol & Plymouth
Taunton,8,B,Marc R. Pacheco,841,State Senate,Third Bristol & Plymouth
Taunton,8,B,Maria S. Collins,587,State Senate,Third Bristol & Plymouth
Taunton,8,B,All Others,0,State Senate,Third Bristol & Plymouth
Taunton,8,B,Blanks,68,State Senate,Third Bristol & Plymouth
Taunton,8,B,Total Votes Cast,1496,State Senate,Third Bristol & Plymouth
Templeton,-,A,Anne M. Gobi,561,State Senate,Worcester & Hampshire
Templeton,-,A,James Anthony Amorello,618,State Senate,Worcester & Hampshire
Templeton,-,A,All Others,1,State Senate,Worcester & Hampshire
Templeton,-,A,Blanks,23,State Senate,Worcester & Hampshire
Templeton,-,A,Total Votes Cast,1203,State Senate,Worcester & Hampshire
Templeton,-,B,Anne M. Gobi,501,State Senate,Worcester & Hampshire
Templeton,-,B,James Anthony Amorello,495,State Senate,Worcester & Hampshire
Templeton,-,B,All Others,0,State Senate,Worcester & Hampshire
Templeton,-,B,Blanks,20,State Senate,Worcester & Hampshire
Templeton,-,B,Total Votes Cast,1016,State Senate,Worcester & Hampshire
Templeton,-,C,Anne M. Gobi,505,State Senate,Worcester & Hampshire
Templeton,-,C,James Anthony Amorello,425,State Senate,Worcester & Hampshire
Templeton,-,C,All Others,0,State Senate,Worcester & Hampshire
Templeton,-,C,Blanks,14,State Senate,Worcester & Hampshire
Templeton,-,C,Total Votes Cast,944,State Senate,Worcester & Hampshire
Tewksbury,-,1,Barry R. Finegold,765,State Senate,Second Essex and Middlesex
Tewksbury,-,1,SalvatorE Paul Defranco,678,State Senate,Second Essex and Middlesex
Tewksbury,-,1,All Others,1,State Senate,Second Essex and Middlesex
Tewksbury,-,1,Blanks,32,State Senate,Second Essex and Middlesex
Tewksbury,-,1,Total Votes Cast,1476,State Senate,Second Essex and Middlesex
Tewksbury,-,2,Barry R. Finegold,898,State Senate,Second Essex and Middlesex
Tewksbury,-,2,SalvatorE Paul Defranco,833,State Senate,Second Essex and Middlesex
Tewksbury,-,2,All Others,1,State Senate,Second Essex and Middlesex
Tewksbury,-,2,Blanks,30,State Senate,Second Essex and Middlesex
Tewksbury,-,2,Total Votes Cast,1762,State Senate,Second Essex and Middlesex
Tewksbury,-,3,Barry R. Finegold,758,State Senate,Second Essex and Middlesex
Tewksbury,-,3,SalvatorE Paul Defranco,788,State Senate,Second Essex and Middlesex
Tewksbury,-,3,All Others,0,State Senate,Second Essex and Middlesex
Tewksbury,-,3,Blanks,25,State Senate,Second Essex and Middlesex
Tewksbury,-,3,Total Votes Cast,1571,State Senate,Second Essex and Middlesex
Tewksbury,-,4,Barry R. Finegold,847,State Senate,Second Essex and Middlesex
Tewksbury,-,4,SalvatorE Paul Defranco,688,State Senate,Second Essex and Middlesex
Tewksbury,-,4,All Others,1,State Senate,Second Essex and Middlesex
Tewksbury,-,4,Blanks,41,State Senate,Second Essex and Middlesex
Tewksbury,-,4,Total Votes Cast,1577,State Senate,Second Essex and Middlesex
Tewksbury,-,5,Barry R. Finegold,791,State Senate,Second Essex and Middlesex
Tewksbury,-,5,SalvatorE Paul Defranco,696,State Senate,Second Essex and Middlesex
Tewksbury,-,5,All Others,1,State Senate,Second Essex and Middlesex
Tewksbury,-,5,Blanks,37,State Senate,Second Essex and Middlesex
Tewksbury,-,5,Total Votes Cast,1525,State Senate,Second Essex and Middlesex
Tewksbury,-,5A,Barry R. Finegold,163,State Senate,Second Essex and Middlesex
Tewksbury,-,5A,SalvatorE Paul Defranco,78,State Senate,Second Essex and Middlesex
Tewksbury,-,5A,All Others,0,State Senate,Second Essex and Middlesex
Tewksbury,-,5A,Blanks,4,State Senate,Second Essex and Middlesex
Tewksbury,-,5A,Total Votes Cast,245,State Senate,Second Essex and Middlesex
Tewksbury,-,6,Barry R. Finegold,774,State Senate,Second Essex and Middlesex
Tewksbury,-,6,SalvatorE Paul Defranco,821,State Senate,Second Essex and Middlesex
Tewksbury,-,6,All Others,0,State Senate,Second Essex and Middlesex
Tewksbury,-,6,Blanks,36,State Senate,Second Essex and Middlesex
Tewksbury,-,6,Total Votes Cast,1631,State Senate,Second Essex and Middlesex
Tewksbury,-,7,Barry R. Finegold,971,State Senate,Second Essex and Middlesex
Tewksbury,-,7,SalvatorE Paul Defranco,943,State Senate,Second Essex and Middlesex
Tewksbury,-,7,All Others,1,State Senate,Second Essex and Middlesex
Tewksbury,-,7,Blanks,22,State Senate,Second Essex and Middlesex
Tewksbury,-,7,Total Votes Cast,1937,State Senate,Second Essex and Middlesex
Tewksbury,-,8,Barry R. Finegold,890,State Senate,Second Essex and Middlesex
Tewksbury,-,8,SalvatorE Paul Defranco,779,State Senate,Second Essex and Middlesex
Tewksbury,-,8,All Others,0,State Senate,Second Essex and Middlesex
Tewksbury,-,8,Blanks,38,State Senate,Second Essex and Middlesex
Tewksbury,-,8,Total Votes Cast,1707,State Senate,Second Essex and Middlesex
Tisbury,,,Julian Andre Cyr,1593,State Senate,Cape and Islands
Tisbury,,,Christopher Robert Lauzon,382,State Senate,Cape and Islands
Tisbury,,,All Others,1,State Senate,Cape and Islands
Tisbury,,,Blanks,65,State Senate,Cape and Islands
Tisbury,,,Total Votes Cast,2041,State Senate,Cape and Islands
Tolland,,,Paul W. Mark,110,State Senate,"Berkshire, Hampden, Franklin & Hampshire"
Tolland,,,Brendan M. Phair,104,State Senate,"Berkshire, Hampden, Franklin & Hampshire"
Tolland,,,All Others,0,State Senate,"Berkshire, Hampden, Franklin & Hampshire"
Tolland,,,Blanks,35,State Senate,"Berkshire, Hampden, Franklin & Hampshire"
Tolland,,,Total Votes Cast,249,State Senate,"Berkshire, Hampden, Franklin & Hampshire"
Topsfield,-,1,Bruce E. Tarr,1144,State Senate,First Essex and Middlesex
Topsfield,-,1,Terence William Cudney,466,State Senate,First Essex and Middlesex
Topsfield,-,1,All Others,4,State Senate,First Essex and Middlesex
Topsfield,-,1,Blanks,140,State Senate,First Essex and Middlesex
Topsfield,-,1,Total Votes Cast,1754,State Senate,First Essex and Middlesex
Topsfield,-,2,Bruce E. Tarr,991,State Senate,First Essex and Middlesex
Topsfield,-,2,Terence William Cudney,462,State Senate,First Essex and Middlesex
Topsfield,-,2,All Others,2,State Senate,First Essex and Middlesex
Topsfield,-,2,Blanks,153,State Senate,First Essex and Middlesex
Topsfield,-,2,Total Votes Cast,1608,State Senate,First Essex and Middlesex
Townsend,-,1,John J. Cronin,605,State Senate,Worcester and Middlesex
Townsend,-,1,Kenneth B. Hoyt,671,State Senate,Worcester and Middlesex
Townsend,-,1,All Others,0,State Senate,Worcester and Middlesex
Townsend,-,1,Blanks,48,State Senate,Worcester and Middlesex
Townsend,-,1,Total Votes Cast,1324,State Senate,Worcester and Middlesex
Townsend,-,2,John J. Cronin,650,State Senate,Worcester and Middlesex
Townsend,-,2,Kenneth B. Hoyt,627,State Senate,Worcester and Middlesex
Townsend,-,2,All Others,1,State Senate,Worcester and Middlesex
Townsend,-,2,Blanks,52,State Senate,Worcester and Middlesex
Townsend,-,2,Total Votes Cast,1330,State Senate,Worcester and Middlesex
Townsend,-,3,John J. Cronin,687,State Senate,Worcester and Middlesex
Townsend,-,3,Kenneth B. Hoyt,617,State Senate,Worcester and Middlesex
Townsend,-,3,All Others,0,State Senate,Worcester and Middlesex
Townsend,-,3,Blanks,38,State Senate,Worcester and Middlesex
Townsend,-,3,Total Votes Cast,1342,State Senate,Worcester and Middlesex
Truro,,,Julian Andre Cyr,1144,State Senate,Cape and Islands
Truro,,,Christopher Robert Lauzon,315,State Senate,Cape and Islands
Truro,,,All Others,2,State Senate,Cape and Islands
Truro,,,Blanks,29,State Senate,Cape and Islands
Truro,,,Total Votes Cast,1490,State Senate,Cape and Islands
Tyngsborough,-,1,"Edward J. Kennedy, Jr",868,State Senate,First Middlesex
Tyngsborough,-,1,All Others,0,State Senate,First Middlesex
Tyngsborough,-,1,Blanks,467,State Senate,First Middlesex
Tyngsborough,-,1,Total Votes Cast,1335,State Senate,First Middlesex
Tyngsborough,-,2,"Edward J. Kennedy, Jr",791,State Senate,First Middlesex
Tyngsborough,-,2,All Others,0,State Senate,First Middlesex
Tyngsborough,-,2,Blanks,444,State Senate,First Middlesex
Tyngsborough,-,2,Total Votes Cast,1235,State Senate,First Middlesex
Tyngsborough,-,3,"Edward J. Kennedy, Jr",811,State Senate,First Middlesex
Tyngsborough,-,3,All Others,0,State Senate,First Middlesex
Tyngsborough,-,3,Blanks,347,State Senate,First Middlesex
Tyngsborough,-,3,Total Votes Cast,1158,State Senate,First Middlesex
Tyngsborough,-,4,"Edward J. Kennedy, Jr",1058,State Senate,First Middlesex
Tyngsborough,-,4,All Others,0,State Senate,First Middlesex
Tyngsborough,-,4,Blanks,552,State Senate,First Middlesex
Tyngsborough,-,4,Total Votes Cast,1610,State Senate,First Middlesex
Tyringham,,,Paul W. Mark,184,State Senate,"Berkshire, Hampden, Franklin & Hampshire"
Tyringham,,,Brendan M. Phair,41,State Senate,"Berkshire, Hampden, Franklin & Hampshire"
Tyringham,,,All Others,0,State Senate,"Berkshire, Hampden, Franklin & Hampshire"
Tyringham,,,Blanks,20,State Senate,"Berkshire, Hampden, Franklin & Hampshire"
Tyringham,,,Total Votes Cast,245,State Senate,"Berkshire, Hampden, Franklin & Hampshire"
Upton,-,1,Ryan C. Fattman,846,State Senate,Worcester & Hampden
Upton,-,1,All Others,22,State Senate,Worcester & Hampden
Upton,-,1,Blanks,455,State Senate,Worcester & Hampden
Upton,-,1,Total Votes Cast,1323,State Senate,Worcester & Hampden
Upton,-,2,Ryan C. Fattman,974,State Senate,Worcester & Hampden
Upton,-,2,All Others,24,State Senate,Worcester & Hampden
Upton,-,2,Blanks,413,State Senate,Worcester & Hampden
Upton,-,2,Total Votes Cast,1411,State Senate,Worcester & Hampden
Upton,-,3,Ryan C. Fattman,811,State Senate,Worcester & Hampden
Upton,-,3,All Others,22,State Senate,Worcester & Hampden
Upton,-,3,Blanks,380,State Senate,Worcester & Hampden
Upton,-,3,Total Votes Cast,1213,State Senate,Worcester & Hampden
Uxbridge,-,1,Ryan C. Fattman,1188,State Senate,Worcester & Hampden
Uxbridge,-,1,All Others,24,State Senate,Worcester & Hampden
Uxbridge,-,1,Blanks,302,State Senate,Worcester & Hampden
Uxbridge,-,1,Total Votes Cast,1514,State Senate,Worcester & Hampden
Uxbridge,-,1A,Ryan C. Fattman,109,State Senate,Worcester & Hampden
Uxbridge,-,1A,All Others,12,State Senate,Worcester & Hampden
Uxbridge,-,1A,Blanks,23,State Senate,Worcester & Hampden
Uxbridge,-,1A,Total Votes Cast,144,State Senate,Worcester & Hampden
Uxbridge,-,2,Ryan C. Fattman,1011,State Senate,Worcester & Hampden
Uxbridge,-,2,All Others,22,State Senate,Worcester & Hampden
Uxbridge,-,2,Blanks,347,State Senate,Worcester & Hampden
Uxbridge,-,2,Total Votes Cast,1380,State Senate,Worcester & Hampden
Uxbridge,-,3,Ryan C. Fattman,1166,State Senate,Worcester & Hampden
Uxbridge,-,3,All Others,32,State Senate,Worcester & Hampden
Uxbridge,-,3,Blanks,338,State Senate,Worcester & Hampden
Uxbridge,-,3,Total Votes Cast,1536,State Senate,Worcester & Hampden
Uxbridge,-,4,Ryan C. Fattman,1154,State Senate,Worcester & Hampden
Uxbridge,-,4,All Others,25,State Senate,Worcester & Hampden
Uxbridge,-,4,Blanks,422,State Senate,Worcester & Hampden
Uxbridge,-,4,Total Votes Cast,1601,State Senate,Worcester & Hampden
W. Boylston,-,1,Robyn K. Kennedy,940,State Senate,First Worcester
W. Boylston,-,1,Lisa K. Mair,527,State Senate,First Worcester
W. Boylston,-,1,All Others,11,State Senate,First Worcester
W. Boylston,-,1,Blanks,144,State Senate,First Worcester
W. Boylston,-,1,Total Votes Cast,1622,State Senate,First Worcester
W. Boylston,-,2,Robyn K. Kennedy,1105,State Senate,First Worcester
W. Boylston,-,2,Lisa K. Mair,637,State Senate,First Worcester
W. Boylston,-,2,All Others,14,State Senate,First Worcester
W. Boylston,-,2,Blanks,170,State Senate,First Worcester
W. Boylston,-,2,Total Votes Cast,1926,State Senate,First Worcester
W. Bridgewater,-,1,"Walter F. Timilty, Jr.",751,State Senate,"Norfolk, Plymouth & Bristol"
W. Bridgewater,-,1,Brian R. Muello,792,State Senate,"Norfolk, Plymouth & Bristol"
W. Bridgewater,-,1,All Others,0,State Senate,"Norfolk, Plymouth & Bristol"
W. Bridgewater,-,1,Blanks,68,State Senate,"Norfolk, Plymouth & Bristol"
W. Bridgewater,-,1,Total Votes Cast,1611,State Senate,"Norfolk, Plymouth & Bristol"
W. Bridgewater,-,2,"Walter F. Timilty, Jr.",828,State Senate,"Norfolk, Plymouth & Bristol"
W. Bridgewater,-,2,Brian R. Muello,772,State Senate,"Norfolk, Plymouth & Bristol"
W. Bridgewater,-,2,All Others,0,State Senate,"Norfolk, Plymouth & Bristol"
W. Bridgewater,-,2,Blanks,68,State Senate,"Norfolk, Plymouth & Bristol"
W. Bridgewater,-,2,Total Votes Cast,1668,State Senate,"Norfolk, Plymouth & Bristol"
W. Brookfield,,,Anne M. Gobi,949,State Senate,Worcester & Hampshire
W. Brookfield,,,James Anthony Amorello,773,State Senate,Worcester & Hampshire
W. Brookfield,,,All Others,1,State Senate,Worcester & Hampshire
W. Brookfield,,,Blanks,26,State Senate,Worcester & Hampshire
W. Brookfield,,,Total Votes Cast,1749,State Senate,Worcester & Hampshire
W. Newbury,,,Bruce E. Tarr,1540,State Senate,First Essex and Middlesex
W. Newbury,,,Terence William Cudney,800,State Senate,First Essex and Middlesex
W. Newbury,,,All Others,2,State Senate,First Essex and Middlesex
W. Newbury,,,Blanks,244,State Senate,First Essex and Middlesex
W. Newbury,,,Total Votes Cast,2586,State Senate,First Essex and Middlesex
W. Springfield,-,1,John C. Velis,218,State Senate,Hampden and Hampshire
W. Springfield,-,1,Cecilia P. Calabrese,148,State Senate,Hampden and Hampshire
W. Springfield,-,1,All Others,0,State Senate,Hampden and Hampshire
W. Springfield,-,1,Blanks,9,State Senate,Hampden and Hampshire
W. Springfield,-,1,Total Votes Cast,375,State Senate,Hampden and Hampshire
W. Springfield,-,2,John C. Velis,349,State Senate,Hampden and Hampshire
W. Springfield,-,2,Cecilia P. Calabrese,192,State Senate,Hampden and Hampshire
W. Springfield,-,2,All Others,0,State Senate,Hampden and Hampshire
W. Springfield,-,2,Blanks,15,State Senate,Hampden and Hampshire
W. Springfield,-,2,Total Votes Cast,556,State Senate,Hampden and Hampshire
W. Springfield,-,3,John C. Velis,569,State Senate,Hampden and Hampshire
W. Springfield,-,3,Cecilia P. Calabrese,377,State Senate,Hampden and Hampshire
W. Springfield,-,3,All Others,1,State Senate,Hampden and Hampshire
W. Springfield,-,3,Blanks,19,State Senate,Hampden and Hampshire
W. Springfield,-,3,Total Votes Cast,966,State Senate,Hampden and Hampshire
W. Springfield,-,4,John C. Velis,683,State Senate,Hampden and Hampshire
W. Springfield,-,4,Cecilia P. Calabrese,360,State Senate,Hampden and Hampshire
W. Springfield,-,4,All Others,0,State Senate,Hampden and Hampshire
W. Springfield,-,4,Blanks,20,State Senate,Hampden and Hampshire
W. Springfield,-,4,Total Votes Cast,1063,State Senate,Hampden and Hampshire
W. Springfield,-,5,John C. Velis,985,State Senate,Hampden and Hampshire
W. Springfield,-,5,Cecilia P. Calabrese,603,State Senate,Hampden and Hampshire
W. Springfield,-,5,All Others,0,State Senate,Hampden and Hampshire
W. Springfield,-,5,Blanks,38,State Senate,Hampden and Hampshire
W. Springfield,-,5,Total Votes Cast,1626,State Senate,Hampden and Hampshire
W. Springfield,-,6,John C. Velis,856,State Senate,Hampden and Hampshire
W. Springfield,-,6,Cecilia P. Calabrese,582,State Senate,Hampden and Hampshire
W. Springfield,-,6,All Others,0,State Senate,Hampden and Hampshire
W. Springfield,-,6,Blanks,33,State Senate,Hampden and Hampshire
W. Springfield,-,6,Total Votes Cast,1471,State Senate,Hampden and Hampshire
W. Springfield,-,7,John C. Velis,819,State Senate,Hampden and Hampshire
W. Springfield,-,7,Cecilia P. Calabrese,589,State Senate,Hampden and Hampshire
W. Springfield,-,7,All Others,1,State Senate,Hampden and Hampshire
W. Springfield,-,7,Blanks,35,State Senate,Hampden and Hampshire
W. Springfield,-,7,Total Votes Cast,1444,State Senate,Hampden and Hampshire
W. Springfield,-,8,John C. Velis,639,State Senate,Hampden and Hampshire
W. Springfield,-,8,Cecilia P. Calabrese,385,State Senate,Hampden and Hampshire
W. Springfield,-,8,All Others,0,State Senate,Hampden and Hampshire
W. Springfield,-,8,Blanks,33,State Senate,Hampden and Hampshire
W. Springfield,-,8,Total Votes Cast,1057,State Senate,Hampden and Hampshire
W. Stockbridge,,,Paul W. Mark,596,State Senate,"Berkshire, Hampden, Franklin & Hampshire"
W. Stockbridge,,,Brendan M. Phair,101,State Senate,"Berkshire, Hampden, Franklin & Hampshire"
W. Stockbridge,,,All Others,0,State Senate,"Berkshire, Hampden, Franklin & Hampshire"
W. Stockbridge,,,Blanks,53,State Senate,"Berkshire, Hampden, Franklin & Hampshire"
W. Stockbridge,,,Total Votes Cast,750,State Senate,"Berkshire, Hampden, Franklin & Hampshire"
W. Tisbury,,,Julian Andre Cyr,1450,State Senate,Cape and Islands
W. Tisbury,,,Christopher Robert Lauzon,274,State Senate,Cape and Islands
W. Tisbury,,,All Others,0,State Senate,Cape and Islands
W. Tisbury,,,Blanks,49,State Senate,Cape and Islands
W. Tisbury,,,Total Votes Cast,1773,State Senate,Cape and Islands
Wakefield,-,1,Jason M. Lewis,725,State Senate,Fifth Middlesex
Wakefield,-,1,"Edward F. Dombroski, Jr",882,State Senate,Fifth Middlesex
Wakefield,-,1,All Others,0,State Senate,Fifth Middlesex
Wakefield,-,1,Blanks,38,State Senate,Fifth Middlesex
Wakefield,-,1,Total Votes Cast,1645,State Senate,Fifth Middlesex
Wakefield,-,2,Jason M. Lewis,803,State Senate,Fifth Middlesex
Wakefield,-,2,"Edward F. Dombroski, Jr",719,State Senate,Fifth Middlesex
Wakefield,-,2,All Others,2,State Senate,Fifth Middlesex
Wakefield,-,2,Blanks,46,State Senate,Fifth Middlesex
Wakefield,-,2,Total Votes Cast,1570,State Senate,Fifth Middlesex
Wakefield,-,3,Jason M. Lewis,888,State Senate,Fifth Middlesex
Wakefield,-,3,"Edward F. Dombroski, Jr",904,State Senate,Fifth Middlesex
Wakefield,-,3,All Others,1,State Senate,Fifth Middlesex
Wakefield,-,3,Blanks,51,State Senate,Fifth Middlesex
Wakefield,-,3,Total Votes Cast,1844,State Senate,Fifth Middlesex
Wakefield,-,4,Jason M. Lewis,797,State Senate,Fifth Middlesex
Wakefield,-,4,"Edward F. Dombroski, Jr",697,State Senate,Fifth Middlesex
Wakefield,-,4,All Others,1,State Senate,Fifth Middlesex
Wakefield,-,4,Blanks,44,State Senate,Fifth Middlesex
Wakefield,-,4,Total Votes Cast,1539,State Senate,Fifth Middlesex
Wakefield,-,5,Jason M. Lewis,967,State Senate,Fifth Middlesex
Wakefield,-,5,"Edward F. Dombroski, Jr",818,State Senate,Fifth Middlesex
Wakefield,-,5,All Others,0,State Senate,Fifth Middlesex
Wakefield,-,5,Blanks,47,State Senate,Fifth Middlesex
Wakefield,-,5,Total Votes Cast,1832,State Senate,Fifth Middlesex
Wakefield,-,6,Jason M. Lewis,1080,State Senate,Fifth Middlesex
Wakefield,-,6,"Edward F. Dombroski, Jr",863,State Senate,Fifth Middlesex
Wakefield,-,6,All Others,0,State Senate,Fifth Middlesex
Wakefield,-,6,Blanks,51,State Senate,Fifth Middlesex
Wakefield,-,6,Total Votes Cast,1994,State Senate,Fifth Middlesex
Wakefield,-,7,Jason M. Lewis,888,State Senate,Fifth Middlesex
Wakefield,-,7,"Edward F. Dombroski, Jr",913,State Senate,Fifth Middlesex
Wakefield,-,7,All Others,2,State Senate,Fifth Middlesex
Wakefield,-,7,Blanks,52,State Senate,Fifth Middlesex
Wakefield,-,7,Total Votes Cast,1855,State Senate,Fifth Middlesex
Wales,,,Ryan C. Fattman,597,State Senate,Worcester & Hampden
Wales,,,All Others,12,State Senate,Worcester & Hampden
Wales,,,Blanks,150,State Senate,Worcester & Hampden
Wales,,,Total Votes Cast,759,State Senate,Worcester & Hampden
Walpole,-,1,Michael F. Rush,1024,State Senate,Norfolk and Suffolk
Walpole,-,1,All Others,18,State Senate,Norfolk and Suffolk
Walpole,-,1,Blanks,367,State Senate,Norfolk and Suffolk
Walpole,-,1,Total Votes Cast,1409,State Senate,Norfolk and Suffolk
Walpole,-,2,Michael F. Rush,1033,State Senate,Norfolk and Suffolk
Walpole,-,2,All Others,10,State Senate,Norfolk and Suffolk
Walpole,-,2,Blanks,579,State Senate,Norfolk and Suffolk
Walpole,-,2,Total Votes Cast,1622,State Senate,Norfolk and Suffolk
Walpole,-,2A,Michael F. Rush,20,State Senate,Norfolk and Suffolk
Walpole,-,2A,All Others,0,State Senate,Norfolk and Suffolk
Walpole,-,2A,Blanks,8,State Senate,Norfolk and Suffolk
Walpole,-,2A,Total Votes Cast,28,State Senate,Norfolk and Suffolk
Walpole,-,3,Michael F. Rush,1226,State Senate,Norfolk and Suffolk
Walpole,-,3,All Others,14,State Senate,Norfolk and Suffolk
Walpole,-,3,Blanks,587,State Senate,Norfolk and Suffolk
Walpole,-,3,Total Votes Cast,1827,State Senate,Norfolk and Suffolk
Walpole,-,4,Michael F. Rush,842,State Senate,Norfolk and Suffolk
Walpole,-,4,All Others,12,State Senate,Norfolk and Suffolk
Walpole,-,4,Blanks,377,State Senate,Norfolk and Suffolk
Walpole,-,4,Total Votes Cast,1231,State Senate,Norfolk and Suffolk
Walpole,-,5,Michael F. Rush,796,State Senate,Norfolk and Suffolk
Walpole,-,5,All Others,14,State Senate,Norfolk and Suffolk
Walpole,-,5,Blanks,416,State Senate,Norfolk and Suffolk
Walpole,-,5,Total Votes Cast,1226,State Senate,Norfolk and Suffolk
Walpole,-,5A,Michael F. Rush,36,State Senate,Norfolk and Suffolk
Walpole,-,5A,All Others,1,State Senate,Norfolk and Suffolk
Walpole,-,5A,Blanks,37,State Senate,Norfolk and Suffolk
Walpole,-,5A,Total Votes Cast,74,State Senate,Norfolk and Suffolk
Walpole,-,6,Michael F. Rush,1061,State Senate,Norfolk and Suffolk
Walpole,-,6,All Others,22,State Senate,Norfolk and Suffolk
Walpole,-,6,Blanks,476,State Senate,Norfolk and Suffolk
Walpole,-,6,Total Votes Cast,1559,State Senate,Norfolk and Suffolk
Walpole,-,7,Michael F. Rush,1002,State Senate,Norfolk and Suffolk
Walpole,-,7,All Others,12,State Senate,Norfolk and Suffolk
Walpole,-,7,Blanks,558,State Senate,Norfolk and Suffolk
Walpole,-,7,Total Votes Cast,1572,State Senate,Norfolk and Suffolk
Walpole,-,8,Michael F. Rush,1001,State Senate,Norfolk and Suffolk
Walpole,-,8,All Others,15,State Senate,Norfolk and Suffolk
Walpole,-,8,Blanks,562,State Senate,Norfolk and Suffolk
Walpole,-,8,Total Votes Cast,1578,State Senate,Norfolk and Suffolk
Waltham,1,1,Michael J. Barrett,1065,State Senate,Third Middlesex
Waltham,1,1,All Others,21,State Senate,Third Middlesex
Waltham,1,1,Blanks,446,State Senate,Third Middlesex
Waltham,1,1,Total Votes Cast,1532,State Senate,Third Middlesex
Waltham,1,2,Michael J. Barrett,1063,State Senate,Third Middlesex
Waltham,1,2,All Others,23,State Senate,Third Middlesex
Waltham,1,2,Blanks,482,State Senate,Third Middlesex
Waltham,1,2,Total Votes Cast,1568,State Senate,Third Middlesex
Waltham,1,2A,Michael J. Barrett,8,State Senate,Third Middlesex
Waltham,1,2A,All Others,2,State Senate,Third Middlesex
Waltham,1,2A,Blanks,5,State Senate,Third Middlesex
Waltham,1,2A,Total Votes Cast,15,State Senate,Third Middlesex
Waltham,2,1,Michael J. Barrett,1058,State Senate,Third Middlesex
Waltham,2,1,All Others,24,State Senate,Third Middlesex
Waltham,2,1,Blanks,370,State Senate,Third Middlesex
Waltham,2,1,Total Votes Cast,1452,State Senate,Third Middlesex
Waltham,2,2,Michael J. Barrett,790,State Senate,Third Middlesex
Waltham,2,2,All Others,14,State Senate,Third Middlesex
Waltham,2,2,Blanks,173,State Senate,Third Middlesex
Waltham,2,2,Total Votes Cast,977,State Senate,Third Middlesex
Waltham,3,1,Michael J. Barrett,1039,State Senate,Third Middlesex
Waltham,3,1,All Others,15,State Senate,Third Middlesex
Waltham,3,1,Blanks,539,State Senate,Third Middlesex
Waltham,3,1,Total Votes Cast,1593,State Senate,Third Middlesex
Waltham,3,2,Michael J. Barrett,1113,State Senate,Third Middlesex
Waltham,3,2,All Others,14,State Senate,Third Middlesex
Waltham,3,2,Blanks,359,State Senate,Third Middlesex
Waltham,3,2,Total Votes Cast,1486,State Senate,Third Middlesex
Waltham,3,2A,Michael J. Barrett,21,State Senate,Third Middlesex
Waltham,3,2A,All Others,0,State Senate,Third Middlesex
Waltham,3,2A,Blanks,9,State Senate,Third Middlesex
Waltham,3,2A,Total Votes Cast,30,State Senate,Third Middlesex
Waltham,4,1,Michael J. Barrett,1117,State Senate,Third Middlesex
Waltham,4,1,All Others,24,State Senate,Third Middlesex
Waltham,4,1,Blanks,397,State Senate,Third Middlesex
Waltham,4,1,Total Votes Cast,1538,State Senate,Third Middlesex
Waltham,4,1A,Michael J. Barrett,21,State Senate,Third Middlesex
Waltham,4,1A,All Others,1,State Senate,Third Middlesex
Waltham,4,1A,Blanks,4,State Senate,Third Middlesex
Waltham,4,1A,Total Votes Cast,26,State Senate,Third Middlesex
Waltham,4,2,Michael J. Barrett,192,State Senate,Third Middlesex
Waltham,4,2,All Others,5,State Senate,Third Middlesex
Waltham,4,2,Blanks,67,State Senate,Third Middlesex
Waltham,4,2,Total Votes Cast,264,State Senate,Third Middlesex
Waltham,5,1,Michael J. Barrett,795,State Senate,Third Middlesex
Waltham,5,1,All Others,23,State Senate,Third Middlesex
Waltham,5,1,Blanks,307,State Senate,Third Middlesex
Waltham,5,1,Total Votes Cast,1125,State Senate,Third Middlesex
Waltham,5,2,Michael J. Barrett,564,State Senate,Third Middlesex
Waltham,5,2,All Others,10,State Senate,Third Middlesex
Waltham,5,2,Blanks,127,State Senate,Third Middlesex
Waltham,5,2,Total Votes Cast,701,State Senate,Third Middlesex
Waltham,5,2A,Michael J. Barrett,98,State Senate,Third Middlesex
Waltham,5,2A,All Others,0,State Senate,Third Middlesex
Waltham,5,2A,Blanks,26,State Senate,Third Middlesex
Waltham,5,2A,Total Votes Cast,124,State Senate,Third Middlesex
Waltham,6,1,Michael J. Barrett,857,State Senate,Third Middlesex
Waltham,6,1,All Others,21,State Senate,Third Middlesex
Waltham,6,1,Blanks,206,State Senate,Third Middlesex
Waltham,6,1,Total Votes Cast,1084,State Senate,Third Middlesex
Waltham,6,2,Michael J. Barrett,486,State Senate,Third Middlesex
Waltham,6,2,All Others,6,State Senate,Third Middlesex
Waltham,6,2,Blanks,156,State Senate,Third Middlesex
Waltham,6,2,Total Votes Cast,648,State Senate,Third Middlesex
Waltham,6,2A,Michael J. Barrett,113,State Senate,Third Middlesex
Waltham,6,2A,All Others,1,State Senate,Third Middlesex
Waltham,6,2A,Blanks,32,State Senate,Third Middlesex
Waltham,6,2A,Total Votes Cast,146,State Senate,Third Middlesex
Waltham,7,1,Michael J. Barrett,1035,State Senate,Third Middlesex
Waltham,7,1,All Others,15,State Senate,Third Middlesex
Waltham,7,1,Blanks,389,State Senate,Third Middlesex
Waltham,7,1,Total Votes Cast,1439,State Senate,Third Middlesex
Waltham,7,2,Michael J. Barrett,341,State Senate,Third Middlesex
Waltham,7,2,All Others,5,State Senate,Third Middlesex
Waltham,7,2,Blanks,88,State Senate,Third Middlesex
Waltham,7,2,Total Votes Cast,434,State Senate,Third Middlesex
Waltham,8,1,Michael J. Barrett,841,State Senate,Third Middlesex
Waltham,8,1,All Others,10,State Senate,Third Middlesex
Waltham,8,1,Blanks,192,State Senate,Third Middlesex
Waltham,8,1,Total Votes Cast,1043,State Senate,Third Middlesex
Waltham,8,2,Michael J. Barrett,852,State Senate,Third Middlesex
Waltham,8,2,All Others,13,State Senate,Third Middlesex
Waltham,8,2,Blanks,235,State Senate,Third Middlesex
Waltham,8,2,Total Votes Cast,1100,State Senate,Third Middlesex
Waltham,8,2A,Michael J. Barrett,11,State Senate,Third Middlesex
Waltham,8,2A,All Others,0,State Senate,Third Middlesex
Waltham,8,2A,Blanks,0,State Senate,Third Middlesex
Waltham,8,2A,Total Votes Cast,11,State Senate,Third Middlesex
Waltham,9,1,Michael J. Barrett,665,State Senate,Third Middlesex
Waltham,9,1,All Others,15,State Senate,Third Middlesex
Waltham,9,1,Blanks,122,State Senate,Third Middlesex
Waltham,9,1,Total Votes Cast,802,State Senate,Third Middlesex
Waltham,9,2,Michael J. Barrett,599,State Senate,Third Middlesex
Waltham,9,2,All Others,19,State Senate,Third Middlesex
Waltham,9,2,Blanks,153,State Senate,Third Middlesex
Waltham,9,2,Total Votes Cast,771,State Senate,Third Middlesex
Ware,-,A,Anne M. Gobi,539,State Senate,Worcester & Hampshire
Ware,-,A,James Anthony Amorello,322,State Senate,Worcester & Hampshire
Ware,-,A,All Others,0,State Senate,Worcester & Hampshire
Ware,-,A,Blanks,16,State Senate,Worcester & Hampshire
Ware,-,A,Total Votes Cast,877,State Senate,Worcester & Hampshire
Ware,-,B,Anne M. Gobi,546,State Senate,Worcester & Hampshire
Ware,-,B,James Anthony Amorello,506,State Senate,Worcester & Hampshire
Ware,-,B,All Others,0,State Senate,Worcester & Hampshire
Ware,-,B,Blanks,20,State Senate,Worcester & Hampshire
Ware,-,B,Total Votes Cast,1072,State Senate,Worcester & Hampshire
Ware,-,C,Anne M. Gobi,752,State Senate,Worcester & Hampshire
Ware,-,C,James Anthony Amorello,680,State Senate,Worcester & Hampshire
Ware,-,C,All Others,1,State Senate,Worcester & Hampshire
Ware,-,C,Blanks,31,State Senate,Worcester & Hampshire
Ware,-,C,Total Votes Cast,1464,State Senate,Worcester & Hampshire
Wareham,-,1,Marc R. Pacheco,831,State Senate,Third Bristol & Plymouth
Wareham,-,1,Maria S. Collins,592,State Senate,Third Bristol & Plymouth
Wareham,-,1,All Others,4,State Senate,Third Bristol & Plymouth
Wareham,-,1,Blanks,39,State Senate,Third Bristol & Plymouth
Wareham,-,1,Total Votes Cast,1466,State Senate,Third Bristol & Plymouth
Wareham,-,2,Marc R. Pacheco,926,State Senate,Third Bristol & Plymouth
Wareham,-,2,Maria S. Collins,669,State Senate,Third Bristol & Plymouth
Wareham,-,2,All Others,1,State Senate,Third Bristol & Plymouth
Wareham,-,2,Blanks,35,State Senate,Third Bristol & Plymouth
Wareham,-,2,Total Votes Cast,1631,State Senate,Third Bristol & Plymouth
Wareham,-,3,Marc R. Pacheco,874,State Senate,Third Bristol & Plymouth
Wareham,-,3,Maria S. Collins,640,State Senate,Third Bristol & Plymouth
Wareham,-,3,All Others,3,State Senate,Third Bristol & Plymouth
Wareham,-,3,Blanks,42,State Senate,Third Bristol & Plymouth
Wareham,-,3,Total Votes Cast,1559,State Senate,Third Bristol & Plymouth
Wareham,-,4,Marc R. Pacheco,812,State Senate,Third Bristol & Plymouth
Wareham,-,4,Maria S. Collins,611,State Senate,Third Bristol & Plymouth
Wareham,-,4,All Others,0,State Senate,Third Bristol & Plymouth
Wareham,-,4,Blanks,36,State Senate,Third Bristol & Plymouth
Wareham,-,4,Total Votes Cast,1459,State Senate,Third Bristol & Plymouth
Wareham,-,5,Marc R. Pacheco,815,State Senate,Third Bristol & Plymouth
Wareham,-,5,Maria S. Collins,726,State Senate,Third Bristol & Plymouth
Wareham,-,5,All Others,2,State Senate,Third Bristol & Plymouth
Wareham,-,5,Blanks,31,State Senate,Third Bristol & Plymouth
Wareham,-,5,Total Votes Cast,1574,State Senate,Third Bristol & Plymouth
Wareham,-,6,Marc R. Pacheco,705,State Senate,Third Bristol & Plymouth
Wareham,-,6,Maria S. Collins,578,State Senate,Third Bristol & Plymouth
Wareham,-,6,All Others,0,State Senate,Third Bristol & Plymouth
Wareham,-,6,Blanks,39,State Senate,Third Bristol & Plymouth
Wareham,-,6,Total Votes Cast,1322,State Senate,Third Bristol & Plymouth
Warren,-,A,Jacob R. Oliveira,543,State Senate,"Hampden, Hampshire & Worcester"
Warren,-,A,William E. Johnson,758,State Senate,"Hampden, Hampshire & Worcester"
Warren,-,A,All Others,0,State Senate,"Hampden, Hampshire & Worcester"
Warren,-,A,Blanks,53,State Senate,"Hampden, Hampshire & Worcester"
Warren,-,A,Total Votes Cast,1354,State Senate,"Hampden, Hampshire & Worcester"
Warren,-,B,Jacob R. Oliveira,196,State Senate,"Hampden, Hampshire & Worcester"
Warren,-,B,William E. Johnson,241,State Senate,"Hampden, Hampshire & Worcester"
Warren,-,B,All Others,0,State Senate,"Hampden, Hampshire & Worcester"
Warren,-,B,Blanks,12,State Senate,"Hampden, Hampshire & Worcester"
Warren,-,B,Total Votes Cast,449,State Senate,"Hampden, Hampshire & Worcester"
Warwick,,,Jo Comerford,314,State Senate,"Hampshire, Franklin and Worcester"
Warwick,,,All Others,0,State Senate,"Hampshire, Franklin and Worcester"
Warwick,,,Blanks,89,State Senate,"Hampshire, Franklin and Worcester"
Warwick,,,Total Votes Cast,403,State Senate,"Hampshire, Franklin and Worcester"
Washington,,,Paul W. Mark,194,State Senate,"Berkshire, Hampden, Franklin & Hampshire"
Washington,,,Brendan M. Phair,62,State Senate,"Berkshire, Hampden, Franklin & Hampshire"
Washington,,,All Others,0,State Senate,"Berkshire, Hampden, Franklin & Hampshire"
Washington,,,Blanks,29,State Senate,"Berkshire, Hampden, Franklin & Hampshire"
Washington,,,Total Votes Cast,285,State Senate,"Berkshire, Hampden, Franklin & Hampshire"
Watertown,-,1,William N. Brownsberger,763,State Senate,Suffolk and Middlesex
Watertown,-,1,All Others,1,State Senate,Suffolk and Middlesex
Watertown,-,1,Blanks,194,State Senate,Suffolk and Middlesex
Watertown,-,1,Total Votes Cast,958,State Senate,Suffolk and Middlesex
Watertown,-,10,William N. Brownsberger,1001,State Senate,Suffolk and Middlesex
Watertown,-,10,All Others,3,State Senate,Suffolk and Middlesex
Watertown,-,10,Blanks,262,State Senate,Suffolk and Middlesex
Watertown,-,10,Total Votes Cast,1266,State Senate,Suffolk and Middlesex
Watertown,-,11,William N. Brownsberger,957,State Senate,Suffolk and Middlesex
Watertown,-,11,All Others,2,State Senate,Suffolk and Middlesex
Watertown,-,11,Blanks,293,State Senate,Suffolk and Middlesex
Watertown,-,11,Total Votes Cast,1252,State Senate,Suffolk and Middlesex
Watertown,-,12,William N. Brownsberger,894,State Senate,Suffolk and Middlesex
Watertown,-,12,All Others,4,State Senate,Suffolk and Middlesex
Watertown,-,12,Blanks,267,State Senate,Suffolk and Middlesex
Watertown,-,12,Total Votes Cast,1165,State Senate,Suffolk and Middlesex
Watertown,-,2,William N. Brownsberger,921,State Senate,Suffolk and Middlesex
Watertown,-,2,All Others,2,State Senate,Suffolk and Middlesex
Watertown,-,2,Blanks,193,State Senate,Suffolk and Middlesex
Watertown,-,2,Total Votes Cast,1116,State Senate,Suffolk and Middlesex
Watertown,-,3,William N. Brownsberger,1070,State Senate,Suffolk and Middlesex
Watertown,-,3,All Others,3,State Senate,Suffolk and Middlesex
Watertown,-,3,Blanks,202,State Senate,Suffolk and Middlesex
Watertown,-,3,Total Votes Cast,1275,State Senate,Suffolk and Middlesex
Watertown,-,4,William N. Brownsberger,1223,State Senate,Suffolk and Middlesex
Watertown,-,4,All Others,4,State Senate,Suffolk and Middlesex
Watertown,-,4,Blanks,251,State Senate,Suffolk and Middlesex
Watertown,-,4,Total Votes Cast,1478,State Senate,Suffolk and Middlesex
Watertown,-,5,William N. Brownsberger,767,State Senate,Suffolk and Middlesex
Watertown,-,5,All Others,1,State Senate,Suffolk and Middlesex
Watertown,-,5,Blanks,153,State Senate,Suffolk and Middlesex
Watertown,-,5,Total Votes Cast,921,State Senate,Suffolk and Middlesex
Watertown,-,6,William N. Brownsberger,859,State Senate,Suffolk and Middlesex
Watertown,-,6,All Others,7,State Senate,Suffolk and Middlesex
Watertown,-,6,Blanks,196,State Senate,Suffolk and Middlesex
Watertown,-,6,Total Votes Cast,1062,State Senate,Suffolk and Middlesex
Watertown,-,7,William N. Brownsberger,1029,State Senate,Suffolk and Middlesex
Watertown,-,7,All Others,13,State Senate,Suffolk and Middlesex
Watertown,-,7,Blanks,264,State Senate,Suffolk and Middlesex
Watertown,-,7,Total Votes Cast,1306,State Senate,Suffolk and Middlesex
Watertown,-,8,William N. Brownsberger,1036,State Senate,Suffolk and Middlesex
Watertown,-,8,All Others,1,State Senate,Suffolk and Middlesex
Watertown,-,8,Blanks,219,State Senate,Suffolk and Middlesex
Watertown,-,8,Total Votes Cast,1256,State Senate,Suffolk and Middlesex
Watertown,-,9,William N. Brownsberger,795,State Senate,Suffolk and Middlesex
Watertown,-,9,All Others,5,State Senate,Suffolk and Middlesex
Watertown,-,9,Blanks,197,State Senate,Suffolk and Middlesex
Watertown,-,9,Total Votes Cast,997,State Senate,Suffolk and Middlesex
Wayland,-,1,James B. Eldridge,1294,State Senate,Middlesex and Worcester
Wayland,-,1,Anthony Christakis,463,State Senate,Middlesex and Worcester
Wayland,-,1,All Others,0,State Senate,Middlesex and Worcester
Wayland,-,1,Blanks,87,State Senate,Middlesex and Worcester
Wayland,-,1,Total Votes Cast,1844,State Senate,Middlesex and Worcester
Wayland,-,2,James B. Eldridge,1100,State Senate,Middlesex and Worcester
Wayland,-,2,Anthony Christakis,457,State Senate,Middlesex and Worcester
Wayland,-,2,All Others,1,State Senate,Middlesex and Worcester
Wayland,-,2,Blanks,62,State Senate,Middlesex and Worcester
Wayland,-,2,Total Votes Cast,1620,State Senate,Middlesex and Worcester
Wayland,-,3,James B. Eldridge,1064,State Senate,Middlesex and Worcester
Wayland,-,3,Anthony Christakis,400,State Senate,Middlesex and Worcester
Wayland,-,3,All Others,0,State Senate,Middlesex and Worcester
Wayland,-,3,Blanks,81,State Senate,Middlesex and Worcester
Wayland,-,3,Total Votes Cast,1545,State Senate,Middlesex and Worcester
Wayland,-,4,James B. Eldridge,1246,State Senate,Middlesex and Worcester
Wayland,-,4,Anthony Christakis,527,State Senate,Middlesex and Worcester
Wayland,-,4,All Others,0,State Senate,Middlesex and Worcester
Wayland,-,4,Blanks,82,State Senate,Middlesex and Worcester
Wayland,-,4,Total Votes Cast,1855,State Senate,Middlesex and Worcester
Webster,-,1,Ryan C. Fattman,461,State Senate,Worcester & Hampden
Webster,-,1,All Others,12,State Senate,Worcester & Hampden
Webster,-,1,Blanks,113,State Senate,Worcester & Hampden
Webster,-,1,Total Votes Cast,586,State Senate,Worcester & Hampden
Webster,-,1A,Ryan C. Fattman,182,State Senate,Worcester & Hampden
Webster,-,1A,All Others,6,State Senate,Worcester & Hampden
Webster,-,1A,Blanks,61,State Senate,Worcester & Hampden
Webster,-,1A,Total Votes Cast,249,State Senate,Worcester & Hampden
Webster,-,2,Ryan C. Fattman,413,State Senate,Worcester & Hampden
Webster,-,2,All Others,28,State Senate,Worcester & Hampden
Webster,-,2,Blanks,144,State Senate,Worcester & Hampden
Webster,-,2,Total Votes Cast,585,State Senate,Worcester & Hampden
Webster,-,3,Ryan C. Fattman,784,State Senate,Worcester & Hampden
Webster,-,3,All Others,30,State Senate,Worcester & Hampden
Webster,-,3,Blanks,186,State Senate,Worcester & Hampden
Webster,-,3,Total Votes Cast,1000,State Senate,Worcester & Hampden
Webster,-,4,Ryan C. Fattman,1389,State Senate,Worcester & Hampden
Webster,-,4,All Others,30,State Senate,Worcester & Hampden
Webster,-,4,Blanks,293,State Senate,Worcester & Hampden
Webster,-,4,Total Votes Cast,1712,State Senate,Worcester & Hampden
Webster,-,5,Ryan C. Fattman,943,State Senate,Worcester & Hampden
Webster,-,5,All Others,27,State Senate,Worcester & Hampden
Webster,-,5,Blanks,234,State Senate,Worcester & Hampden
Webster,-,5,Total Votes Cast,1204,State Senate,Worcester & Hampden
Wellesley,-,A,Cynthia Stone Creem,1195,State Senate,Norfolk & Middlesex
Wellesley,-,A,All Others,21,State Senate,Norfolk & Middlesex
Wellesley,-,A,Blanks,435,State Senate,Norfolk & Middlesex
Wellesley,-,A,Total Votes Cast,1651,State Senate,Norfolk & Middlesex
Wellesley,-,B,Cynthia Stone Creem,1338,State Senate,Norfolk & Middlesex
Wellesley,-,B,All Others,7,State Senate,Norfolk & Middlesex
Wellesley,-,B,Blanks,436,State Senate,Norfolk & Middlesex
Wellesley,-,B,Total Votes Cast,1781,State Senate,Norfolk & Middlesex
Wellesley,-,C,Cynthia Stone Creem,1170,State Senate,Norfolk & Middlesex
Wellesley,-,C,All Others,21,State Senate,Norfolk & Middlesex
Wellesley,-,C,Blanks,634,State Senate,Norfolk & Middlesex
Wellesley,-,C,Total Votes Cast,1825,State Senate,Norfolk & Middlesex
Wellesley,-,D,Cynthia Stone Creem,1251,State Senate,Norfolk & Middlesex
Wellesley,-,D,All Others,6,State Senate,Norfolk & Middlesex
Wellesley,-,D,Blanks,426,State Senate,Norfolk & Middlesex
Wellesley,-,D,Total Votes Cast,1683,State Senate,Norfolk & Middlesex
Wellesley,-,E,Cynthia Stone Creem,1169,State Senate,Norfolk & Middlesex
Wellesley,-,E,All Others,11,State Senate,Norfolk & Middlesex
Wellesley,-,E,Blanks,392,State Senate,Norfolk & Middlesex
Wellesley,-,E,Total Votes Cast,1572,State Senate,Norfolk & Middlesex
Wellesley,-,F,Cynthia Stone Creem,777,State Senate,Norfolk & Middlesex
Wellesley,-,F,All Others,2,State Senate,Norfolk & Middlesex
Wellesley,-,F,Blanks,282,State Senate,Norfolk & Middlesex
Wellesley,-,F,Total Votes Cast,1061,State Senate,Norfolk & Middlesex
Wellesley,-,G,Cynthia Stone Creem,631,State Senate,Norfolk & Middlesex
Wellesley,-,G,All Others,5,State Senate,Norfolk & Middlesex
Wellesley,-,G,Blanks,203,State Senate,Norfolk & Middlesex
Wellesley,-,G,Total Votes Cast,839,State Senate,Norfolk & Middlesex
Wellesley,-,H,Cynthia Stone Creem,1228,State Senate,Norfolk & Middlesex
Wellesley,-,H,All Others,12,State Senate,Norfolk & Middlesex
Wellesley,-,H,Blanks,494,State Senate,Norfolk & Middlesex
Wellesley,-,H,Total Votes Cast,1734,State Senate,Norfolk & Middlesex
Wellfleet,,,Julian Andre Cyr,1607,State Senate,Cape and Islands
Wellfleet,,,Christopher Robert Lauzon,392,State Senate,Cape and Islands
Wellfleet,,,All Others,2,State Senate,Cape and Islands
Wellfleet,,,Blanks,31,State Senate,Cape and Islands
Wellfleet,,,Total Votes Cast,2032,State Senate,Cape and Islands
Wendell,,,Jo Comerford,409,State Senate,"Hampshire, Franklin and Worcester"
Wendell,,,All Others,2,State Senate,"Hampshire, Franklin and Worcester"
Wendell,,,Blanks,73,State Senate,"Hampshire, Franklin and Worcester"
Wendell,,,Total Votes Cast,484,State Senate,"Hampshire, Franklin and Worcester"
Wenham,-,1,Bruce E. Tarr,497,State Senate,First Essex and Middlesex
Wenham,-,1,Terence William Cudney,176,State Senate,First Essex and Middlesex
Wenham,-,1,All Others,1,State Senate,First Essex and Middlesex
Wenham,-,1,Blanks,66,State Senate,First Essex and Middlesex
Wenham,-,1,Total Votes Cast,740,State Senate,First Essex and Middlesex
Wenham,-,1A,Bruce E. Tarr,832,State Senate,First Essex and Middlesex
Wenham,-,1A,Terence William Cudney,286,State Senate,First Essex and Middlesex
Wenham,-,1A,All Others,2,State Senate,First Essex and Middlesex
Wenham,-,1A,Blanks,115,State Senate,First Essex and Middlesex
Wenham,-,1A,Total Votes Cast,1235,State Senate,First Essex and Middlesex
Westborough,-,1,Michael O. Moore,734,State Senate,Second Worcester
Westborough,-,1,All Others,0,State Senate,Second Worcester
Westborough,-,1,Blanks,192,State Senate,Second Worcester
Westborough,-,1,Total Votes Cast,926,State Senate,Second Worcester
Westborough,-,2,Michael O. Moore,739,State Senate,Second Worcester
Westborough,-,2,All Others,4,State Senate,Second Worcester
Westborough,-,2,Blanks,213,State Senate,Second Worcester
Westborough,-,2,Total Votes Cast,956,State Senate,Second Worcester
Westborough,-,3,Michael O. Moore,859,State Senate,Second Worcester
Westborough,-,3,All Others,10,State Senate,Second Worcester
Westborough,-,3,Blanks,249,State Senate,Second Worcester
Westborough,-,3,Total Votes Cast,1118,State Senate,Second Worcester
Westborough,-,4,Michael O. Moore,781,State Senate,Second Worcester
Westborough,-,4,All Others,13,State Senate,Second Worcester
Westborough,-,4,Blanks,252,State Senate,Second Worcester
Westborough,-,4,Total Votes Cast,1046,State Senate,Second Worcester
Westborough,-,5,Michael O. Moore,1339,State Senate,Second Worcester
Westborough,-,5,All Others,15,State Senate,Second Worcester
Westborough,-,5,Blanks,431,State Senate,Second Worcester
Westborough,-,5,Total Votes Cast,1785,State Senate,Second Worcester
Westborough,-,6,Michael O. Moore,1454,State Senate,Second Worcester
Westborough,-,6,All Others,17,State Senate,Second Worcester
Westborough,-,6,Blanks,398,State Senate,Second Worcester
Westborough,-,6,Total Votes Cast,1869,State Senate,Second Worcester
Westfield,1,A,John C. Velis,1008,State Senate,Hampden and Hampshire
Westfield,1,A,Cecilia P. Calabrese,517,State Senate,Hampden and Hampshire
Westfield,1,A,All Others,2,State Senate,Hampden and Hampshire
Westfield,1,A,Blanks,26,State Senate,Hampden and Hampshire
Westfield,1,A,Total Votes Cast,1553,State Senate,Hampden and Hampshire
Westfield,1,B,John C. Velis,852,State Senate,Hampden and Hampshire
Westfield,1,B,Cecilia P. Calabrese,502,State Senate,Hampden and Hampshire
Westfield,1,B,All Others,1,State Senate,Hampden and Hampshire
Westfield,1,B,Blanks,17,State Senate,Hampden and Hampshire
Westfield,1,B,Total Votes Cast,1372,State Senate,Hampden and Hampshire
Westfield,2,A,John C. Velis,390,State Senate,Hampden and Hampshire
Westfield,2,A,Cecilia P. Calabrese,136,State Senate,Hampden and Hampshire
Westfield,2,A,All Others,0,State Senate,Hampden and Hampshire
Westfield,2,A,Blanks,12,State Senate,Hampden and Hampshire
Westfield,2,A,Total Votes Cast,538,State Senate,Hampden and Hampshire
Westfield,2,A1,John C. Velis,25,State Senate,Hampden and Hampshire
Westfield,2,A1,Cecilia P. Calabrese,15,State Senate,Hampden and Hampshire
Westfield,2,A1,All Others,0,State Senate,Hampden and Hampshire
Westfield,2,A1,Blanks,0,State Senate,Hampden and Hampshire
Westfield,2,A1,Total Votes Cast,40,State Senate,Hampden and Hampshire
Westfield,2,B,John C. Velis,643,State Senate,Hampden and Hampshire
Westfield,2,B,Cecilia P. Calabrese,278,State Senate,Hampden and Hampshire
Westfield,2,B,All Others,0,State Senate,Hampden and Hampshire
Westfield,2,B,Blanks,14,State Senate,Hampden and Hampshire
Westfield,2,B,Total Votes Cast,935,State Senate,Hampden and Hampshire
Westfield,3,A,John C. Velis,480,State Senate,Hampden and Hampshire
Westfield,3,A,Cecilia P. Calabrese,207,State Senate,Hampden and Hampshire
Westfield,3,A,All Others,0,State Senate,Hampden and Hampshire
Westfield,3,A,Blanks,10,State Senate,Hampden and Hampshire
Westfield,3,A,Total Votes Cast,697,State Senate,Hampden and Hampshire
Westfield,3,B,John C. Velis,885,State Senate,Hampden and Hampshire
Westfield,3,B,Cecilia P. Calabrese,342,State Senate,Hampden and Hampshire
Westfield,3,B,All Others,1,State Senate,Hampden and Hampshire
Westfield,3,B,Blanks,14,State Senate,Hampden and Hampshire
Westfield,3,B,Total Votes Cast,1242,State Senate,Hampden and Hampshire
Westfield,4,A,John C. Velis,374,State Senate,Hampden and Hampshire
Westfield,4,A,Cecilia P. Calabrese,253,State Senate,Hampden and Hampshire
Westfield,4,A,All Others,0,State Senate,Hampden and Hampshire
Westfield,4,A,Blanks,4,State Senate,Hampden and Hampshire
Westfield,4,A,Total Votes Cast,631,State Senate,Hampden and Hampshire
Westfield,4,B,John C. Velis,1120,State Senate,Hampden and Hampshire
Westfield,4,B,Cecilia P. Calabrese,483,State Senate,Hampden and Hampshire
Westfield,4,B,All Others,2,State Senate,Hampden and Hampshire
Westfield,4,B,Blanks,20,State Senate,Hampden and Hampshire
Westfield,4,B,Total Votes Cast,1625,State Senate,Hampden and Hampshire
Westfield,5,A,John C. Velis,1082,State Senate,Hampden and Hampshire
Westfield,5,A,Cecilia P. Calabrese,525,State Senate,Hampden and Hampshire
Westfield,5,A,All Others,0,State Senate,Hampden and Hampshire
Westfield,5,A,Blanks,25,State Senate,Hampden and Hampshire
Westfield,5,A,Total Votes Cast,1632,State Senate,Hampden and Hampshire
Westfield,5,B,John C. Velis,965,State Senate,Hampden and Hampshire
Westfield,5,B,Cecilia P. Calabrese,574,State Senate,Hampden and Hampshire
Westfield,5,B,All Others,0,State Senate,Hampden and Hampshire
Westfield,5,B,Blanks,20,State Senate,Hampden and Hampshire
Westfield,5,B,Total Votes Cast,1559,State Senate,Hampden and Hampshire
Westfield,6,A,John C. Velis,811,State Senate,Hampden and Hampshire
Westfield,6,A,Cecilia P. Calabrese,509,State Senate,Hampden and Hampshire
Westfield,6,A,All Others,0,State Senate,Hampden and Hampshire
Westfield,6,A,Blanks,19,State Senate,Hampden and Hampshire
Westfield,6,A,Total Votes Cast,1339,State Senate,Hampden and Hampshire
Westfield,6,B,John C. Velis,681,State Senate,Hampden and Hampshire
Westfield,6,B,Cecilia P. Calabrese,356,State Senate,Hampden and Hampshire
Westfield,6,B,All Others,0,State Senate,Hampden and Hampshire
Westfield,6,B,Blanks,12,State Senate,Hampden and Hampshire
Westfield,6,B,Total Votes Cast,1049,State Senate,Hampden and Hampshire
Westfield,6,B1,John C. Velis,45,State Senate,Hampden and Hampshire
Westfield,6,B1,Cecilia P. Calabrese,30,State Senate,Hampden and Hampshire
Westfield,6,B1,All Others,0,State Senate,Hampden and Hampshire
Westfield,6,B1,Blanks,2,State Senate,Hampden and Hampshire
Westfield,6,B1,Total Votes Cast,77,State Senate,Hampden and Hampshire
Westford,-,1,John J. Cronin,828,State Senate,Worcester and Middlesex
Westford,-,1,Kenneth B. Hoyt,590,State Senate,Worcester and Middlesex
Westford,-,1,All Others,3,State Senate,Worcester and Middlesex
Westford,-,1,Blanks,69,State Senate,Worcester and Middlesex
Westford,-,1,Total Votes Cast,1490,State Senate,Worcester and Middlesex
Westford,-,2,John J. Cronin,891,State Senate,Worcester and Middlesex
Westford,-,2,Kenneth B. Hoyt,532,State Senate,Worcester and Middlesex
Westford,-,2,All Others,1,State Senate,Worcester and Middlesex
Westford,-,2,Blanks,52,State Senate,Worcester and Middlesex
Westford,-,2,Total Votes Cast,1476,State Senate,Worcester and Middlesex
Westford,-,3,John J. Cronin,1004,State Senate,Worcester and Middlesex
Westford,-,3,Kenneth B. Hoyt,670,State Senate,Worcester and Middlesex
Westford,-,3,All Others,2,State Senate,Worcester and Middlesex
Westford,-,3,Blanks,64,State Senate,Worcester and Middlesex
Westford,-,3,Total Votes Cast,1740,State Senate,Worcester and Middlesex
Westford,-,4,John J. Cronin,965,State Senate,Worcester and Middlesex
Westford,-,4,Kenneth B. Hoyt,570,State Senate,Worcester and Middlesex
Westford,-,4,All Others,0,State Senate,Worcester and Middlesex
Westford,-,4,Blanks,58,State Senate,Worcester and Middlesex
Westford,-,4,Total Votes Cast,1593,State Senate,Worcester and Middlesex
Westford,-,5,John J. Cronin,942,State Senate,Worcester and Middlesex
Westford,-,5,Kenneth B. Hoyt,638,State Senate,Worcester and Middlesex
Westford,-,5,All Others,0,State Senate,Worcester and Middlesex
Westford,-,5,Blanks,55,State Senate,Worcester and Middlesex
Westford,-,5,Total Votes Cast,1635,State Senate,Worcester and Middlesex
Westford,-,6,John J. Cronin,910,State Senate,Worcester and Middlesex
Westford,-,6,Kenneth B. Hoyt,672,State Senate,Worcester and Middlesex
Westford,-,6,All Others,1,State Senate,Worcester and Middlesex
Westford,-,6,Blanks,54,State Senate,Worcester and Middlesex
Westford,-,6,Total Votes Cast,1637,State Senate,Worcester and Middlesex
Westford,-,7,John J. Cronin,1104,State Senate,Worcester and Middlesex
Westford,-,7,Kenneth B. Hoyt,603,State Senate,Worcester and Middlesex
Westford,-,7,All Others,0,State Senate,Worcester and Middlesex
Westford,-,7,Blanks,52,State Senate,Worcester and Middlesex
Westford,-,7,Total Votes Cast,1759,State Senate,Worcester and Middlesex
Westhampton,,,Paul W. Mark,659,State Senate,"Berkshire, Hampden, Franklin & Hampshire"
Westhampton,,,Brendan M. Phair,202,State Senate,"Berkshire, Hampden, Franklin & Hampshire"
Westhampton,,,All Others,1,State Senate,"Berkshire, Hampden, Franklin & Hampshire"
Westhampton,,,Blanks,112,State Senate,"Berkshire, Hampden, Franklin & Hampshire"
Westhampton,,,Total Votes Cast,974,State Senate,"Berkshire, Hampden, Franklin & Hampshire"
Westminster,-,1,Anne M. Gobi,639,State Senate,Worcester & Hampshire
Westminster,-,1,James Anthony Amorello,645,State Senate,Worcester & Hampshire
Westminster,-,1,All Others,0,State Senate,Worcester & Hampshire
Westminster,-,1,Blanks,30,State Senate,Worcester & Hampshire
Westminster,-,1,Total Votes Cast,1314,State Senate,Worcester & Hampshire
Westminster,-,2,Anne M. Gobi,487,State Senate,Worcester & Hampshire
Westminster,-,2,James Anthony Amorello,509,State Senate,Worcester & Hampshire
Westminster,-,2,All Others,0,State Senate,Worcester & Hampshire
Westminster,-,2,Blanks,33,State Senate,Worcester & Hampshire
Westminster,-,2,Total Votes Cast,1029,State Senate,Worcester & Hampshire
Westminster,-,2A,Anne M. Gobi,170,State Senate,Worcester & Hampshire
Westminster,-,2A,James Anthony Amorello,198,State Senate,Worcester & Hampshire
Westminster,-,2A,All Others,0,State Senate,Worcester & Hampshire
Westminster,-,2A,Blanks,7,State Senate,Worcester & Hampshire
Westminster,-,2A,Total Votes Cast,375,State Senate,Worcester & Hampshire
Westminster,-,3,Anne M. Gobi,656,State Senate,Worcester & Hampshire
Westminster,-,3,James Anthony Amorello,542,State Senate,Worcester & Hampshire
Westminster,-,3,All Others,0,State Senate,Worcester & Hampshire
Westminster,-,3,Blanks,29,State Senate,Worcester & Hampshire
Westminster,-,3,Total Votes Cast,1227,State Senate,Worcester & Hampshire
Weston,-,1,Michael J. Barrett,1058,State Senate,Third Middlesex
Weston,-,1,All Others,24,State Senate,Third Middlesex
Weston,-,1,Blanks,370,State Senate,Third Middlesex
Weston,-,1,Total Votes Cast,1452,State Senate,Third Middlesex
Weston,-,2,Michael J. Barrett,889,State Senate,Third Middlesex
Weston,-,2,All Others,14,State Senate,Third Middlesex
Weston,-,2,Blanks,369,State Senate,Third Middlesex
Weston,-,2,Total Votes Cast,1272,State Senate,Third Middlesex
Weston,-,3,Michael J. Barrett,805,State Senate,Third Middlesex
Weston,-,3,All Others,11,State Senate,Third Middlesex
Weston,-,3,Blanks,350,State Senate,Third Middlesex
Weston,-,3,Total Votes Cast,1166,State Senate,Third Middlesex
Weston,-,4,Michael J. Barrett,866,State Senate,Third Middlesex
Weston,-,4,All Others,20,State Senate,Third Middlesex
Weston,-,4,Blanks,400,State Senate,Third Middlesex
Weston,-,4,Total Votes Cast,1286,State Senate,Third Middlesex
Westport,-,A,Michael J. Rodrigues,798,State Senate,First Bristol and Plymouth
Westport,-,A,Russell T. Protentis,535,State Senate,First Bristol and Plymouth
Westport,-,A,All Others,0,State Senate,First Bristol and Plymouth
Westport,-,A,Blanks,37,State Senate,First Bristol and Plymouth
Westport,-,A,Total Votes Cast,1370,State Senate,First Bristol and Plymouth
Westport,-,B,Michael J. Rodrigues,1185,State Senate,First Bristol and Plymouth
Westport,-,B,Russell T. Protentis,620,State Senate,First Bristol and Plymouth
Westport,-,B,All Others,0,State Senate,First Bristol and Plymouth
Westport,-,B,Blanks,62,State Senate,First Bristol and Plymouth
Westport,-,B,Total Votes Cast,1867,State Senate,First Bristol and Plymouth
Westport,-,C,Michael J. Rodrigues,781,State Senate,First Bristol and Plymouth
Westport,-,C,Russell T. Protentis,525,State Senate,First Bristol and Plymouth
Westport,-,C,All Others,0,State Senate,First Bristol and Plymouth
Westport,-,C,Blanks,25,State Senate,First Bristol and Plymouth
Westport,-,C,Total Votes Cast,1331,State Senate,First Bristol and Plymouth
Westport,-,D,Michael J. Rodrigues,816,State Senate,First Bristol and Plymouth
Westport,-,D,Russell T. Protentis,483,State Senate,First Bristol and Plymouth
Westport,-,D,All Others,0,State Senate,First Bristol and Plymouth
Westport,-,D,Blanks,32,State Senate,First Bristol and Plymouth
Westport,-,D,Total Votes Cast,1331,State Senate,First Bristol and Plymouth
Westport,-,E,Michael J. Rodrigues,1142,State Senate,First Bristol and Plymouth
Westport,-,E,Russell T. Protentis,623,State Senate,First Bristol and Plymouth
Westport,-,E,All Others,0,State Senate,First Bristol and Plymouth
Westport,-,E,Blanks,59,State Senate,First Bristol and Plymouth
Westport,-,E,Total Votes Cast,1824,State Senate,First Bristol and Plymouth
Westwood,-,1,Michael F. Rush,1162,State Senate,Norfolk and Suffolk
Westwood,-,1,All Others,15,State Senate,Norfolk and Suffolk
Westwood,-,1,Blanks,459,State Senate,Norfolk and Suffolk
Westwood,-,1,Total Votes Cast,1636,State Senate,Norfolk and Suffolk
Westwood,-,2,Michael F. Rush,1085,State Senate,Norfolk and Suffolk
Westwood,-,2,All Others,32,State Senate,Norfolk and Suffolk
Westwood,-,2,Blanks,502,State Senate,Norfolk and Suffolk
Westwood,-,2,Total Votes Cast,1619,State Senate,Norfolk and Suffolk
Westwood,-,3,Michael F. Rush,1039,State Senate,Norfolk and Suffolk
Westwood,-,3,All Others,14,State Senate,Norfolk and Suffolk
Westwood,-,3,Blanks,467,State Senate,Norfolk and Suffolk
Westwood,-,3,Total Votes Cast,1520,State Senate,Norfolk and Suffolk
Westwood,-,4,Michael F. Rush,865,State Senate,Norfolk and Suffolk
Westwood,-,4,All Others,3,State Senate,Norfolk and Suffolk
Westwood,-,4,Blanks,520,State Senate,Norfolk and Suffolk
Westwood,-,4,Total Votes Cast,1388,State Senate,Norfolk and Suffolk
Westwood,-,5,Michael F. Rush,1141,State Senate,Norfolk and Suffolk
Westwood,-,5,All Others,13,State Senate,Norfolk and Suffolk
Westwood,-,5,Blanks,534,State Senate,Norfolk and Suffolk
Westwood,-,5,Total Votes Cast,1688,State Senate,Norfolk and Suffolk
Weymouth,-,1,Patrick Michael O'Connor,755,State Senate,First Plymouth & Norfolk
Weymouth,-,1,"Robert William Stephens, Jr",486,State Senate,First Plymouth & Norfolk
Weymouth,-,1,All Others,0,State Senate,First Plymouth & Norfolk
Weymouth,-,1,Blanks,31,State Senate,First Plymouth & Norfolk
Weymouth,-,1,Total Votes Cast,1272,State Senate,First Plymouth & Norfolk
Weymouth,-,10,Patrick Michael O'Connor,614,State Senate,First Plymouth & Norfolk
Weymouth,-,10,"Robert William Stephens, Jr",415,State Senate,First Plymouth & Norfolk
Weymouth,-,10,All Others,1,State Senate,First Plymouth & Norfolk
Weymouth,-,10,Blanks,36,State Senate,First Plymouth & Norfolk
Weymouth,-,10,Total Votes Cast,1066,State Senate,First Plymouth & Norfolk
Weymouth,-,11,Patrick Michael O'Connor,511,State Senate,First Plymouth & Norfolk
Weymouth,-,11,"Robert William Stephens, Jr",436,State Senate,First Plymouth & Norfolk
Weymouth,-,11,All Others,2,State Senate,First Plymouth & Norfolk
Weymouth,-,11,Blanks,27,State Senate,First Plymouth & Norfolk
Weymouth,-,11,Total Votes Cast,976,State Senate,First Plymouth & Norfolk
Weymouth,-,12,Patrick Michael O'Connor,984,State Senate,First Plymouth & Norfolk
Weymouth,-,12,"Robert William Stephens, Jr",467,State Senate,First Plymouth & Norfolk
Weymouth,-,12,All Others,0,State Senate,First Plymouth & Norfolk
Weymouth,-,12,Blanks,37,State Senate,First Plymouth & Norfolk
Weymouth,-,12,Total Votes Cast,1488,State Senate,First Plymouth & Norfolk
Weymouth,-,13,Patrick Michael O'Connor,455,State Senate,First Plymouth & Norfolk
Weymouth,-,13,"Robert William Stephens, Jr",358,State Senate,First Plymouth & Norfolk
Weymouth,-,13,All Others,0,State Senate,First Plymouth & Norfolk
Weymouth,-,13,Blanks,27,State Senate,First Plymouth & Norfolk
Weymouth,-,13,Total Votes Cast,840,State Senate,First Plymouth & Norfolk
Weymouth,-,14,Patrick Michael O'Connor,888,State Senate,First Plymouth & Norfolk
Weymouth,-,14,"Robert William Stephens, Jr",538,State Senate,First Plymouth & Norfolk
Weymouth,-,14,All Others,0,State Senate,First Plymouth & Norfolk
Weymouth,-,14,Blanks,43,State Senate,First Plymouth & Norfolk
Weymouth,-,14,Total Votes Cast,1469,State Senate,First Plymouth & Norfolk
Weymouth,-,15,Patrick Michael O'Connor,1052,State Senate,First Plymouth & Norfolk
Weymouth,-,15,"Robert William Stephens, Jr",465,State Senate,First Plymouth & Norfolk
Weymouth,-,15,All Others,1,State Senate,First Plymouth & Norfolk
Weymouth,-,15,Blanks,47,State Senate,First Plymouth & Norfolk
Weymouth,-,15,Total Votes Cast,1565,State Senate,First Plymouth & Norfolk
Weymouth,-,16,Patrick Michael O'Connor,980,State Senate,First Plymouth & Norfolk
Weymouth,-,16,"Robert William Stephens, Jr",606,State Senate,First Plymouth & Norfolk
Weymouth,-,16,All Others,2,State Senate,First Plymouth & Norfolk
Weymouth,-,16,Blanks,62,State Senate,First Plymouth & Norfolk
Weymouth,-,16,Total Votes Cast,1650,State Senate,First Plymouth & Norfolk
Weymouth,-,17,Patrick Michael O'Connor,638,State Senate,First Plymouth & Norfolk
Weymouth,-,17,"Robert William Stephens, Jr",397,State Senate,First Plymouth & Norfolk
Weymouth,-,17,All Others,1,State Senate,First Plymouth & Norfolk
Weymouth,-,17,Blanks,26,State Senate,First Plymouth & Norfolk
Weymouth,-,17,Total Votes Cast,1062,State Senate,First Plymouth & Norfolk
Weymouth,-,18,Patrick Michael O'Connor,562,State Senate,First Plymouth & Norfolk
Weymouth,-,18,"Robert William Stephens, Jr",509,State Senate,First Plymouth & Norfolk
Weymouth,-,18,All Others,1,State Senate,First Plymouth & Norfolk
Weymouth,-,18,Blanks,27,State Senate,First Plymouth & Norfolk
Weymouth,-,18,Total Votes Cast,1099,State Senate,First Plymouth & Norfolk
Weymouth,-,2,Patrick Michael O'Connor,963,State Senate,First Plymouth & Norfolk
Weymouth,-,2,"Robert William Stephens, Jr",591,State Senate,First Plymouth & Norfolk
Weymouth,-,2,All Others,1,State Senate,First Plymouth & Norfolk
Weymouth,-,2,Blanks,56,State Senate,First Plymouth & Norfolk
Weymouth,-,2,Total Votes Cast,1611,State Senate,First Plymouth & Norfolk
Weymouth,-,3,Patrick Michael O'Connor,1029,State Senate,First Plymouth & Norfolk
Weymouth,-,3,"Robert William Stephens, Jr",452,State Senate,First Plymouth & Norfolk
Weymouth,-,3,All Others,1,State Senate,First Plymouth & Norfolk
Weymouth,-,3,Blanks,44,State Senate,First Plymouth & Norfolk
Weymouth,-,3,Total Votes Cast,1526,State Senate,First Plymouth & Norfolk
Weymouth,-,4,Patrick Michael O'Connor,831,State Senate,First Plymouth & Norfolk
Weymouth,-,4,"Robert William Stephens, Jr",437,State Senate,First Plymouth & Norfolk
Weymouth,-,4,All Others,2,State Senate,First Plymouth & Norfolk
Weymouth,-,4,Blanks,40,State Senate,First Plymouth & Norfolk
Weymouth,-,4,Total Votes Cast,1310,State Senate,First Plymouth & Norfolk
Weymouth,-,5,Patrick Michael O'Connor,642,State Senate,First Plymouth & Norfolk
Weymouth,-,5,"Robert William Stephens, Jr",512,State Senate,First Plymouth & Norfolk
Weymouth,-,5,All Others,0,State Senate,First Plymouth & Norfolk
Weymouth,-,5,Blanks,39,State Senate,First Plymouth & Norfolk
Weymouth,-,5,Total Votes Cast,1193,State Senate,First Plymouth & Norfolk
Weymouth,-,6,Patrick Michael O'Connor,965,State Senate,First Plymouth & Norfolk
Weymouth,-,6,"Robert William Stephens, Jr",540,State Senate,First Plymouth & Norfolk
Weymouth,-,6,All Others,2,State Senate,First Plymouth & Norfolk
Weymouth,-,6,Blanks,36,State Senate,First Plymouth & Norfolk
Weymouth,-,6,Total Votes Cast,1543,State Senate,First Plymouth & Norfolk
Weymouth,-,7,Patrick Michael O'Connor,613,State Senate,First Plymouth & Norfolk
Weymouth,-,7,"Robert William Stephens, Jr",415,State Senate,First Plymouth & Norfolk
Weymouth,-,7,All Others,1,State Senate,First Plymouth & Norfolk
Weymouth,-,7,Blanks,32,State Senate,First Plymouth & Norfolk
Weymouth,-,7,Total Votes Cast,1061,State Senate,First Plymouth & Norfolk
Weymouth,-,8,Patrick Michael O'Connor,776,State Senate,First Plymouth & Norfolk
Weymouth,-,8,"Robert William Stephens, Jr",479,State Senate,First Plymouth & Norfolk
Weymouth,-,8,All Others,2,State Senate,First Plymouth & Norfolk
Weymouth,-,8,Blanks,37,State Senate,First Plymouth & Norfolk
Weymouth,-,8,Total Votes Cast,1294,State Senate,First Plymouth & Norfolk
Weymouth,-,9,Patrick Michael O'Connor,596,State Senate,First Plymouth & Norfolk
Weymouth,-,9,"Robert William Stephens, Jr",327,State Senate,First Plymouth & Norfolk
Weymouth,-,9,All Others,0,State Senate,First Plymouth & Norfolk
Weymouth,-,9,Blanks,31,State Senate,First Plymouth & Norfolk
Weymouth,-,9,Total Votes Cast,954,State Senate,First Plymouth & Norfolk
Weymouth,-,9A,Patrick Michael O'Connor,222,State Senate,First Plymouth & Norfolk
Weymouth,-,9A,"Robert William Stephens, Jr",108,State Senate,First Plymouth & Norfolk
Weymouth,-,9A,All Others,1,State Senate,First Plymouth & Norfolk
Weymouth,-,9A,Blanks,7,State Senate,First Plymouth & Norfolk
Weymouth,-,9A,Total Votes Cast,338,State Senate,First Plymouth & Norfolk
Whately,,,Paul W. Mark,637,State Senate,"Berkshire, Hampden, Franklin & Hampshire"
Whately,,,Brendan M. Phair,175,State Senate,"Berkshire, Hampden, Franklin & Hampshire"
Whately,,,All Others,0,State Senate,"Berkshire, Hampden, Franklin & Hampshire"
Whately,,,Blanks,88,State Senate,"Berkshire, Hampden, Franklin & Hampshire"
Whately,,,Total Votes Cast,900,State Senate,"Berkshire, Hampden, Franklin & Hampshire"
Whitman,-,1,Michael D. Brady,890,State Senate,Second Plymouth & Norfolk
Whitman,-,1,Jim Gordon,811,State Senate,Second Plymouth & Norfolk
Whitman,-,1,All Others,2,State Senate,Second Plymouth & Norfolk
Whitman,-,1,Blanks,57,State Senate,Second Plymouth & Norfolk
Whitman,-,1,Total Votes Cast,1760,State Senate,Second Plymouth & Norfolk
Whitman,-,2,Michael D. Brady,709,State Senate,Second Plymouth & Norfolk
Whitman,-,2,Jim Gordon,730,State Senate,Second Plymouth & Norfolk
Whitman,-,2,All Others,0,State Senate,Second Plymouth & Norfolk
Whitman,-,2,Blanks,35,State Senate,Second Plymouth & Norfolk
Whitman,-,2,Total Votes Cast,1474,State Senate,Second Plymouth & Norfolk
Whitman,-,3,Michael D. Brady,764,State Senate,Second Plymouth & Norfolk
Whitman,-,3,Jim Gordon,737,State Senate,Second Plymouth & Norfolk
Whitman,-,3,All Others,0,State Senate,Second Plymouth & Norfolk
Whitman,-,3,Blanks,48,State Senate,Second Plymouth & Norfolk
Whitman,-,3,Total Votes Cast,1549,State Senate,Second Plymouth & Norfolk
Whitman,-,4,Michael D. Brady,748,State Senate,Second Plymouth & Norfolk
Whitman,-,4,Jim Gordon,704,State Senate,Second Plymouth & Norfolk
Whitman,-,4,All Others,0,State Senate,Second Plymouth & Norfolk
Whitman,-,4,Blanks,67,State Senate,Second Plymouth & Norfolk
Whitman,-,4,Total Votes Cast,1519,State Senate,Second Plymouth & Norfolk
Wilbraham,-,A,Jacob R. Oliveira,923,State Senate,"Hampden, Hampshire & Worcester"
Wilbraham,-,A,William E. Johnson,732,State Senate,"Hampden, Hampshire & Worcester"
Wilbraham,-,A,All Others,2,State Senate,"Hampden, Hampshire & Worcester"
Wilbraham,-,A,Blanks,41,State Senate,"Hampden, Hampshire & Worcester"
Wilbraham,-,A,Total Votes Cast,1698,State Senate,"Hampden, Hampshire & Worcester"
Wilbraham,-,B,Jacob R. Oliveira,805,State Senate,"Hampden, Hampshire & Worcester"
Wilbraham,-,B,William E. Johnson,699,State Senate,"Hampden, Hampshire & Worcester"
Wilbraham,-,B,All Others,1,State Senate,"Hampden, Hampshire & Worcester"
Wilbraham,-,B,Blanks,46,State Senate,"Hampden, Hampshire & Worcester"
Wilbraham,-,B,Total Votes Cast,1551,State Senate,"Hampden, Hampshire & Worcester"
Wilbraham,-,C,Jacob R. Oliveira,813,State Senate,"Hampden, Hampshire & Worcester"
Wilbraham,-,C,William E. Johnson,844,State Senate,"Hampden, Hampshire & Worcester"
Wilbraham,-,C,All Others,1,State Senate,"Hampden, Hampshire & Worcester"
Wilbraham,-,C,Blanks,38,State Senate,"Hampden, Hampshire & Worcester"
Wilbraham,-,C,Total Votes Cast,1696,State Senate,"Hampden, Hampshire & Worcester"
Wilbraham,-,D,Jacob R. Oliveira,929,State Senate,"Hampden, Hampshire & Worcester"
Wilbraham,-,D,William E. Johnson,816,State Senate,"Hampden, Hampshire & Worcester"
Wilbraham,-,D,All Others,1,State Senate,"Hampden, Hampshire & Worcester"
Wilbraham,-,D,Blanks,42,State Senate,"Hampden, Hampshire & Worcester"
Wilbraham,-,D,Total Votes Cast,1788,State Senate,"Hampden, Hampshire & Worcester"
Williamsburg,,,Paul W. Mark,1164,State Senate,"Berkshire, Hampden, Franklin & Hampshire"
Williamsburg,,,Brendan M. Phair,166,State Senate,"Berkshire, Hampden, Franklin & Hampshire"
Williamsburg,,,All Others,0,State Senate,"Berkshire, Hampden, Franklin & Hampshire"
Williamsburg,,,Blanks,123,State Senate,"Berkshire, Hampden, Franklin & Hampshire"
Williamsburg,,,Total Votes Cast,1453,State Senate,"Berkshire, Hampden, Franklin & Hampshire"
Williamstown,-,1,Paul W. Mark,1008,State Senate,"Berkshire, Hampden, Franklin & Hampshire"
Williamstown,-,1,Brendan M. Phair,124,State Senate,"Berkshire, Hampden, Franklin & Hampshire"
Williamstown,-,1,All Others,1,State Senate,"Berkshire, Hampden, Franklin & Hampshire"
Williamstown,-,1,Blanks,89,State Senate,"Berkshire, Hampden, Franklin & Hampshire"
Williamstown,-,1,Total Votes Cast,1222,State Senate,"Berkshire, Hampden, Franklin & Hampshire"
Williamstown,-,2,Paul W. Mark,291,State Senate,"Berkshire, Hampden, Franklin & Hampshire"
Williamstown,-,2,Brendan M. Phair,24,State Senate,"Berkshire, Hampden, Franklin & Hampshire"
Williamstown,-,2,All Others,2,State Senate,"Berkshire, Hampden, Franklin & Hampshire"
Williamstown,-,2,Blanks,24,State Senate,"Berkshire, Hampden, Franklin & Hampshire"
Williamstown,-,2,Total Votes Cast,341,State Senate,"Berkshire, Hampden, Franklin & Hampshire"
Williamstown,-,3,Paul W. Mark,1104,State Senate,"Berkshire, Hampden, Franklin & Hampshire"
Williamstown,-,3,Brendan M. Phair,154,State Senate,"Berkshire, Hampden, Franklin & Hampshire"
Williamstown,-,3,All Others,2,State Senate,"Berkshire, Hampden, Franklin & Hampshire"
Williamstown,-,3,Blanks,101,State Senate,"Berkshire, Hampden, Franklin & Hampshire"
Williamstown,-,3,Total Votes Cast,1361,State Senate,"Berkshire, Hampden, Franklin & Hampshire"
Wilmington,-,1,Barry R. Finegold,962,State Senate,Second Essex and Middlesex
Wilmington,-,1,SalvatorE Paul Defranco,822,State Senate,Second Essex and Middlesex
Wilmington,-,1,All Others,0,State Senate,Second Essex and Middlesex
Wilmington,-,1,Blanks,35,State Senate,Second Essex and Middlesex
Wilmington,-,1,Total Votes Cast,1819,State Senate,Second Essex and Middlesex
Wilmington,-,2,Barry R. Finegold,869,State Senate,Second Essex and Middlesex
Wilmington,-,2,SalvatorE Paul Defranco,845,State Senate,Second Essex and Middlesex
Wilmington,-,2,All Others,1,State Senate,Second Essex and Middlesex
Wilmington,-,2,Blanks,49,State Senate,Second Essex and Middlesex
Wilmington,-,2,Total Votes Cast,1764,State Senate,Second Essex and Middlesex
Wilmington,-,3,Barry R. Finegold,848,State Senate,Second Essex and Middlesex
Wilmington,-,3,SalvatorE Paul Defranco,783,State Senate,Second Essex and Middlesex
Wilmington,-,3,All Others,1,State Senate,Second Essex and Middlesex
Wilmington,-,3,Blanks,49,State Senate,Second Essex and Middlesex
Wilmington,-,3,Total Votes Cast,1681,State Senate,Second Essex and Middlesex
Wilmington,-,4,Barry R. Finegold,898,State Senate,Second Essex and Middlesex
Wilmington,-,4,SalvatorE Paul Defranco,840,State Senate,Second Essex and Middlesex
Wilmington,-,4,All Others,2,State Senate,Second Essex and Middlesex
Wilmington,-,4,Blanks,39,State Senate,Second Essex and Middlesex
Wilmington,-,4,Total Votes Cast,1779,State Senate,Second Essex and Middlesex
Wilmington,-,5,Barry R. Finegold,832,State Senate,Second Essex and Middlesex
Wilmington,-,5,SalvatorE Paul Defranco,763,State Senate,Second Essex and Middlesex
Wilmington,-,5,All Others,0,State Senate,Second Essex and Middlesex
Wilmington,-,5,Blanks,45,State Senate,Second Essex and Middlesex
Wilmington,-,5,Total Votes Cast,1640,State Senate,Second Essex and Middlesex
Wilmington,-,6,Barry R. Finegold,932,State Senate,Second Essex and Middlesex
Wilmington,-,6,SalvatorE Paul Defranco,899,State Senate,Second Essex and Middlesex
Wilmington,-,6,All Others,1,State Senate,Second Essex and Middlesex
Wilmington,-,6,Blanks,32,State Senate,Second Essex and Middlesex
Wilmington,-,6,Total Votes Cast,1864,State Senate,Second Essex and Middlesex
Winchendon,-,1,Jo Comerford,638,State Senate,"Hampshire, Franklin and Worcester"
Winchendon,-,1,All Others,45,State Senate,"Hampshire, Franklin and Worcester"
Winchendon,-,1,Blanks,316,State Senate,"Hampshire, Franklin and Worcester"
Winchendon,-,1,Total Votes Cast,999,State Senate,"Hampshire, Franklin and Worcester"
Winchendon,-,2,Jo Comerford,749,State Senate,"Hampshire, Franklin and Worcester"
Winchendon,-,2,All Others,61,State Senate,"Hampshire, Franklin and Worcester"
Winchendon,-,2,Blanks,420,State Senate,"Hampshire, Franklin and Worcester"
Winchendon,-,2,Total Votes Cast,1230,State Senate,"Hampshire, Franklin and Worcester"
Winchendon,-,3,Jo Comerford,741,State Senate,"Hampshire, Franklin and Worcester"
Winchendon,-,3,All Others,61,State Senate,"Hampshire, Franklin and Worcester"
Winchendon,-,3,Blanks,412,State Senate,"Hampshire, Franklin and Worcester"
Winchendon,-,3,Total Votes Cast,1214,State Senate,"Hampshire, Franklin and Worcester"
Winchester,-,1,Jason M. Lewis,946,State Senate,Fifth Middlesex
Winchester,-,1,"Edward F. Dombroski, Jr",361,State Senate,Fifth Middlesex
Winchester,-,1,All Others,2,State Senate,Fifth Middlesex
Winchester,-,1,Blanks,30,State Senate,Fifth Middlesex
Winchester,-,1,Total Votes Cast,1339,State Senate,Fifth Middlesex
Winchester,-,2,Jason M. Lewis,783,State Senate,Fifth Middlesex
Winchester,-,2,"Edward F. Dombroski, Jr",325,State Senate,Fifth Middlesex
Winchester,-,2,All Others,1,State Senate,Fifth Middlesex
Winchester,-,2,Blanks,27,State Senate,Fifth Middlesex
Winchester,-,2,Total Votes Cast,1136,State Senate,Fifth Middlesex
Winchester,-,3,Jason M. Lewis,1080,State Senate,Fifth Middlesex
Winchester,-,3,"Edward F. Dombroski, Jr",331,State Senate,Fifth Middlesex
Winchester,-,3,All Others,0,State Senate,Fifth Middlesex
Winchester,-,3,Blanks,57,State Senate,Fifth Middlesex
Winchester,-,3,Total Votes Cast,1468,State Senate,Fifth Middlesex
Winchester,-,4,Patricia D. Jehlen,928,State Senate,Second Middlesex
Winchester,-,4,All Others,25,State Senate,Second Middlesex
Winchester,-,4,Blanks,474,State Senate,Second Middlesex
Winchester,-,4,Total Votes Cast,1427,State Senate,Second Middlesex
Winchester,-,5,Patricia D. Jehlen,865,State Senate,Second Middlesex
Winchester,-,5,All Others,24,State Senate,Second Middlesex
Winchester,-,5,Blanks,437,State Senate,Second Middlesex
Winchester,-,5,Total Votes Cast,1326,State Senate,Second Middlesex
Winchester,-,6,Patricia D. Jehlen,878,State Senate,Second Middlesex
Winchester,-,6,All Others,18,State Senate,Second Middlesex
Winchester,-,6,Blanks,454,State Senate,Second Middlesex
Winchester,-,6,Total Votes Cast,1350,State Senate,Second Middlesex
Winchester,-,7,Patricia D. Jehlen,936,State Senate,Second Middlesex
Winchester,-,7,All Others,23,State Senate,Second Middlesex
Winchester,-,7,Blanks,449,State Senate,Second Middlesex
Winchester,-,7,Total Votes Cast,1408,State Senate,Second Middlesex
Winchester,-,8,Jason M. Lewis,603,State Senate,Fifth Middlesex
Winchester,-,8,"Edward F. Dombroski, Jr",316,State Senate,Fifth Middlesex
Winchester,-,8,All Others,0,State Senate,Fifth Middlesex
Winchester,-,8,Blanks,32,State Senate,Fifth Middlesex
Winchester,-,8,Total Votes Cast,951,State Senate,Fifth Middlesex
Windsor,,,Paul W. Mark,278,State Senate,"Berkshire, Hampden, Franklin & Hampshire"
Windsor,,,Brendan M. Phair,86,State Senate,"Berkshire, Hampden, Franklin & Hampshire"
Windsor,,,All Others,0,State Senate,"Berkshire, Hampden, Franklin & Hampshire"
Windsor,,,Blanks,33,State Senate,"Berkshire, Hampden, Franklin & Hampshire"
Windsor,,,Total Votes Cast,397,State Senate,"Berkshire, Hampden, Franklin & Hampshire"
Winthrop,-,1,Lydia Marie Edwards,756,State Senate,Third Suffolk
Winthrop,-,1,All Others,25,State Senate,Third Suffolk
Winthrop,-,1,Blanks,385,State Senate,Third Suffolk
Winthrop,-,1,Total Votes Cast,1166,State Senate,Third Suffolk
Winthrop,-,2,Lydia Marie Edwards,783,State Senate,Third Suffolk
Winthrop,-,2,All Others,30,State Senate,Third Suffolk
Winthrop,-,2,Blanks,408,State Senate,Third Suffolk
Winthrop,-,2,Total Votes Cast,1221,State Senate,Third Suffolk
Winthrop,-,3,Lydia Marie Edwards,750,State Senate,Third Suffolk
Winthrop,-,3,All Others,25,State Senate,Third Suffolk
Winthrop,-,3,Blanks,292,State Senate,Third Suffolk
Winthrop,-,3,Total Votes Cast,1067,State Senate,Third Suffolk
Winthrop,-,4,Lydia Marie Edwards,623,State Senate,Third Suffolk
Winthrop,-,4,All Others,24,State Senate,Third Suffolk
Winthrop,-,4,Blanks,270,State Senate,Third Suffolk
Winthrop,-,4,Total Votes Cast,917,State Senate,Third Suffolk
Winthrop,-,5,Lydia Marie Edwards,827,State Senate,Third Suffolk
Winthrop,-,5,All Others,32,State Senate,Third Suffolk
Winthrop,-,5,Blanks,401,State Senate,Third Suffolk
Winthrop,-,5,Total Votes Cast,1260,State Senate,Third Suffolk
Winthrop,-,6,Lydia Marie Edwards,804,State Senate,Third Suffolk
Winthrop,-,6,All Others,25,State Senate,Third Suffolk
Winthrop,-,6,Blanks,274,State Senate,Third Suffolk
Winthrop,-,6,Total Votes Cast,1103,State Senate,Third Suffolk
Woburn,1,1,Cindy F. Friedman,577,State Senate,Fourth Middlesex
Woburn,1,1,All Others,6,State Senate,Fourth Middlesex
Woburn,1,1,Blanks,336,State Senate,Fourth Middlesex
Woburn,1,1,Total Votes Cast,919,State Senate,Fourth Middlesex
Woburn,1,2,Cindy F. Friedman,650,State Senate,Fourth Middlesex
Woburn,1,2,All Others,14,State Senate,Fourth Middlesex
Woburn,1,2,Blanks,345,State Senate,Fourth Middlesex
Woburn,1,2,Total Votes Cast,1009,State Senate,Fourth Middlesex
Woburn,1,2A,Cindy F. Friedman,60,State Senate,Fourth Middlesex
Woburn,1,2A,All Others,0,State Senate,Fourth Middlesex
Woburn,1,2A,Blanks,16,State Senate,Fourth Middlesex
Woburn,1,2A,Total Votes Cast,76,State Senate,Fourth Middlesex
Woburn,2,1,Cindy F. Friedman,733,State Senate,Fourth Middlesex
Woburn,2,1,All Others,15,State Senate,Fourth Middlesex
Woburn,2,1,Blanks,432,State Senate,Fourth Middlesex
Woburn,2,1,Total Votes Cast,1180,State Senate,Fourth Middlesex
Woburn,2,2,Cindy F. Friedman,655,State Senate,Fourth Middlesex
Woburn,2,2,All Others,4,State Senate,Fourth Middlesex
Woburn,2,2,Blanks,248,State Senate,Fourth Middlesex
Woburn,2,2,Total Votes Cast,907,State Senate,Fourth Middlesex
Woburn,3,1,Cindy F. Friedman,756,State Senate,Fourth Middlesex
Woburn,3,1,All Others,11,State Senate,Fourth Middlesex
Woburn,3,1,Blanks,362,State Senate,Fourth Middlesex
Woburn,3,1,Total Votes Cast,1129,State Senate,Fourth Middlesex
Woburn,3,2,Cindy F. Friedman,873,State Senate,Fourth Middlesex
Woburn,3,2,All Others,11,State Senate,Fourth Middlesex
Woburn,3,2,Blanks,582,State Senate,Fourth Middlesex
Woburn,3,2,Total Votes Cast,1466,State Senate,Fourth Middlesex
Woburn,4,1,Cindy F. Friedman,748,State Senate,Fourth Middlesex
Woburn,4,1,All Others,7,State Senate,Fourth Middlesex
Woburn,4,1,Blanks,501,State Senate,Fourth Middlesex
Woburn,4,1,Total Votes Cast,1256,State Senate,Fourth Middlesex
Woburn,4,2,Cindy F. Friedman,672,State Senate,Fourth Middlesex
Woburn,4,2,All Others,6,State Senate,Fourth Middlesex
Woburn,4,2,Blanks,370,State Senate,Fourth Middlesex
Woburn,4,2,Total Votes Cast,1048,State Senate,Fourth Middlesex
Woburn,5,1,Cindy F. Friedman,728,State Senate,Fourth Middlesex
Woburn,5,1,All Others,3,State Senate,Fourth Middlesex
Woburn,5,1,Blanks,282,State Senate,Fourth Middlesex
Woburn,5,1,Total Votes Cast,1013,State Senate,Fourth Middlesex
Woburn,5,2,Cindy F. Friedman,669,State Senate,Fourth Middlesex
Woburn,5,2,All Others,8,State Senate,Fourth Middlesex
Woburn,5,2,Blanks,380,State Senate,Fourth Middlesex
Woburn,5,2,Total Votes Cast,1057,State Senate,Fourth Middlesex
Woburn,6,1,Cindy F. Friedman,476,State Senate,Fourth Middlesex
Woburn,6,1,All Others,9,State Senate,Fourth Middlesex
Woburn,6,1,Blanks,228,State Senate,Fourth Middlesex
Woburn,6,1,Total Votes Cast,713,State Senate,Fourth Middlesex
Woburn,6,2,Cindy F. Friedman,699,State Senate,Fourth Middlesex
Woburn,6,2,All Others,10,State Senate,Fourth Middlesex
Woburn,6,2,Blanks,440,State Senate,Fourth Middlesex
Woburn,6,2,Total Votes Cast,1149,State Senate,Fourth Middlesex
Woburn,7,1,Cindy F. Friedman,783,State Senate,Fourth Middlesex
Woburn,7,1,All Others,2,State Senate,Fourth Middlesex
Woburn,7,1,Blanks,659,State Senate,Fourth Middlesex
Woburn,7,1,Total Votes Cast,1444,State Senate,Fourth Middlesex
Woburn,7,2,Cindy F. Friedman,873,State Senate,Fourth Middlesex
Woburn,7,2,All Others,5,State Senate,Fourth Middlesex
Woburn,7,2,Blanks,587,State Senate,Fourth Middlesex
Woburn,7,2,Total Votes Cast,1465,State Senate,Fourth Middlesex
Worcester,1,1,Robyn K. Kennedy,525,State Senate,First Worcester
Worcester,1,1,Lisa K. Mair,132,State Senate,First Worcester
Worcester,1,1,All Others,2,State Senate,First Worcester
Worcester,1,1,Blanks,40,State Senate,First Worcester
Worcester,1,1,Total Votes Cast,699,State Senate,First Worcester
Worcester,1,2,Robyn K. Kennedy,1139,State Senate,First Worcester
Worcester,1,2,Lisa K. Mair,311,State Senate,First Worcester
Worcester,1,2,All Others,8,State Senate,First Worcester
Worcester,1,2,Blanks,146,State Senate,First Worcester
Worcester,1,2,Total Votes Cast,1604,State Senate,First Worcester
Worcester,1,3,Robyn K. Kennedy,613,State Senate,First Worcester
Worcester,1,3,Lisa K. Mair,182,State Senate,First Worcester
Worcester,1,3,All Others,3,State Senate,First Worcester
Worcester,1,3,Blanks,72,State Senate,First Worcester
Worcester,1,3,Total Votes Cast,870,State Senate,First Worcester
Worcester,1,4,Robyn K. Kennedy,1120,State Senate,First Worcester
Worcester,1,4,Lisa K. Mair,236,State Senate,First Worcester
Worcester,1,4,All Others,5,State Senate,First Worcester
Worcester,1,4,Blanks,89,State Senate,First Worcester
Worcester,1,4,Total Votes Cast,1450,State Senate,First Worcester
Worcester,1,5,Robyn K. Kennedy,637,State Senate,First Worcester
Worcester,1,5,Lisa K. Mair,229,State Senate,First Worcester
Worcester,1,5,All Others,6,State Senate,First Worcester
Worcester,1,5,Blanks,89,State Senate,First Worcester
Worcester,1,5,Total Votes Cast,961,State Senate,First Worcester
Worcester,1,6,Robyn K. Kennedy,1010,State Senate,First Worcester
Worcester,1,6,Lisa K. Mair,321,State Senate,First Worcester
Worcester,1,6,All Others,9,State Senate,First Worcester
Worcester,1,6,Blanks,126,State Senate,First Worcester
Worcester,1,6,Total Votes Cast,1466,State Senate,First Worcester
Worcester,10,1,Robyn K. Kennedy,268,State Senate,First Worcester
Worcester,10,1,Lisa K. Mair,57,State Senate,First Worcester
Worcester,10,1,All Others,3,State Senate,First Worcester
Worcester,10,1,Blanks,34,State Senate,First Worcester
Worcester,10,1,Total Votes Cast,362,State Senate,First Worcester
Worcester,10,2,Robyn K. Kennedy,386,State Senate,First Worcester
Worcester,10,2,Lisa K. Mair,60,State Senate,First Worcester
Worcester,10,2,All Others,1,State Senate,First Worcester
Worcester,10,2,Blanks,34,State Senate,First Worcester
Worcester,10,2,Total Votes Cast,481,State Senate,First Worcester
Worcester,10,3,Robyn K. Kennedy,317,State Senate,First Worcester
Worcester,10,3,Lisa K. Mair,33,State Senate,First Worcester
Worcester,10,3,All Others,3,State Senate,First Worcester
Worcester,10,3,Blanks,37,State Senate,First Worcester
Worcester,10,3,Total Votes Cast,390,State Senate,First Worcester
Worcester,10,4,Robyn K. Kennedy,255,State Senate,First Worcester
Worcester,10,4,Lisa K. Mair,54,State Senate,First Worcester
Worcester,10,4,All Others,4,State Senate,First Worcester
Worcester,10,4,Blanks,29,State Senate,First Worcester
Worcester,10,4,Total Votes Cast,342,State Senate,First Worcester
Worcester,10,5,Robyn K. Kennedy,219,State Senate,First Worcester
Worcester,10,5,Lisa K. Mair,45,State Senate,First Worcester
Worcester,10,5,All Others,5,State Senate,First Worcester
Worcester,10,5,Blanks,20,State Senate,First Worcester
Worcester,10,5,Total Votes Cast,289,State Senate,First Worcester
Worcester,10,6,Robyn K. Kennedy,211,State Senate,First Worcester
Worcester,10,6,Lisa K. Mair,28,State Senate,First Worcester
Worcester,10,6,All Others,2,State Senate,First Worcester
Worcester,10,6,Blanks,23,State Senate,First Worcester
Worcester,10,6,Total Votes Cast,264,State Senate,First Worcester
Worcester,2,1,Robyn K. Kennedy,911,State Senate,First Worcester
Worcester,2,1,Lisa K. Mair,275,State Senate,First Worcester
Worcester,2,1,All Others,6,State Senate,First Worcester
Worcester,2,1,Blanks,114,State Senate,First Worcester
Worcester,2,1,Total Votes Cast,1306,State Senate,First Worcester
Worcester,2,2,Robyn K. Kennedy,731,State Senate,First Worcester
Worcester,2,2,Lisa K. Mair,246,State Senate,First Worcester
Worcester,2,2,All Others,11,State Senate,First Worcester
Worcester,2,2,Blanks,75,State Senate,First Worcester
Worcester,2,2,Total Votes Cast,1063,State Senate,First Worcester
Worcester,2,3,Robyn K. Kennedy,792,State Senate,First Worcester
Worcester,2,3,Lisa K. Mair,252,State Senate,First Worcester
Worcester,2,3,All Others,4,State Senate,First Worcester
Worcester,2,3,Blanks,91,State Senate,First Worcester
Worcester,2,3,Total Votes Cast,1139,State Senate,First Worcester
Worcester,2,4,Robyn K. Kennedy,584,State Senate,First Worcester
Worcester,2,4,Lisa K. Mair,85,State Senate,First Worcester
Worcester,2,4,All Others,4,State Senate,First Worcester
Worcester,2,4,Blanks,57,State Senate,First Worcester
Worcester,2,4,Total Votes Cast,730,State Senate,First Worcester
Worcester,2,5,Robyn K. Kennedy,368,State Senate,First Worcester
Worcester,2,5,Lisa K. Mair,79,State Senate,First Worcester
Worcester,2,5,All Others,2,State Senate,First Worcester
Worcester,2,5,Blanks,37,State Senate,First Worcester
Worcester,2,5,Total Votes Cast,486,State Senate,First Worcester
Worcester,2,6,Robyn K. Kennedy,631,State Senate,First Worcester
Worcester,2,6,Lisa K. Mair,177,State Senate,First Worcester
Worcester,2,6,All Others,1,State Senate,First Worcester
Worcester,2,6,Blanks,69,State Senate,First Worcester
Worcester,2,6,Total Votes Cast,878,State Senate,First Worcester
Worcester,3,1,Robyn K. Kennedy,265,State Senate,First Worcester
Worcester,3,1,Lisa K. Mair,58,State Senate,First Worcester
Worcester,3,1,All Others,2,State Senate,First Worcester
Worcester,3,1,Blanks,21,State Senate,First Worcester
Worcester,3,1,Total Votes Cast,346,State Senate,First Worcester
Worcester,3,2,Robyn K. Kennedy,225,State Senate,First Worcester
Worcester,3,2,Lisa K. Mair,26,State Senate,First Worcester
Worcester,3,2,All Others,1,State Senate,First Worcester
Worcester,3,2,Blanks,21,State Senate,First Worcester
Worcester,3,2,Total Votes Cast,273,State Senate,First Worcester
Worcester,3,3,Robyn K. Kennedy,584,State Senate,First Worcester
Worcester,3,3,Lisa K. Mair,193,State Senate,First Worcester
Worcester,3,3,All Others,14,State Senate,First Worcester
Worcester,3,3,Blanks,76,State Senate,First Worcester
Worcester,3,3,Total Votes Cast,867,State Senate,First Worcester
Worcester,3,4,Robyn K. Kennedy,287,State Senate,First Worcester
Worcester,3,4,Lisa K. Mair,38,State Senate,First Worcester
Worcester,3,4,All Others,2,State Senate,First Worcester
Worcester,3,4,Blanks,27,State Senate,First Worcester
Worcester,3,4,Total Votes Cast,354,State Senate,First Worcester
Worcester,3,5,Robyn K. Kennedy,541,State Senate,First Worcester
Worcester,3,5,Lisa K. Mair,132,State Senate,First Worcester
Worcester,3,5,All Others,9,State Senate,First Worcester
Worcester,3,5,Blanks,53,State Senate,First Worcester
Worcester,3,5,Total Votes Cast,735,State Senate,First Worcester
Worcester,3,6,Robyn K. Kennedy,568,State Senate,First Worcester
Worcester,3,6,Lisa K. Mair,145,State Senate,First Worcester
Worcester,3,6,All Others,3,State Senate,First Worcester
Worcester,3,6,Blanks,52,State Senate,First Worcester
Worcester,3,6,Total Votes Cast,768,State Senate,First Worcester
Worcester,4,1,Michael O. Moore,229,State Senate,Second Worcester
Worcester,4,1,All Others,7,State Senate,Second Worcester
Worcester,4,1,Blanks,37,State Senate,Second Worcester
Worcester,4,1,Total Votes Cast,273,State Senate,Second Worcester
Worcester,4,2,Robyn K. Kennedy,184,State Senate,First Worcester
Worcester,4,2,Lisa K. Mair,36,State Senate,First Worcester
Worcester,4,2,All Others,3,State Senate,First Worcester
Worcester,4,2,Blanks,29,State Senate,First Worcester
Worcester,4,2,Total Votes Cast,252,State Senate,First Worcester
Worcester,4,2A,Michael O. Moore,158,State Senate,Second Worcester
Worcester,4,2A,All Others,5,State Senate,Second Worcester
Worcester,4,2A,Blanks,44,State Senate,Second Worcester
Worcester,4,2A,Total Votes Cast,207,State Senate,Second Worcester
Worcester,4,3,Robyn K. Kennedy,284,State Senate,First Worcester
Worcester,4,3,Lisa K. Mair,31,State Senate,First Worcester
Worcester,4,3,All Others,3,State Senate,First Worcester
Worcester,4,3,Blanks,33,State Senate,First Worcester
Worcester,4,3,Total Votes Cast,351,State Senate,First Worcester
Worcester,4,4,Michael O. Moore,438,State Senate,Second Worcester
Worcester,4,4,All Others,16,State Senate,Second Worcester
Worcester,4,4,Blanks,120,State Senate,Second Worcester
Worcester,4,4,Total Votes Cast,574,State Senate,Second Worcester
Worcester,4,5,Michael O. Moore,669,State Senate,Second Worcester
Worcester,4,5,All Others,17,State Senate,Second Worcester
Worcester,4,5,Blanks,177,State Senate,Second Worcester
Worcester,4,5,Total Votes Cast,863,State Senate,Second Worcester
Worcester,4,6,Michael O. Moore,572,State Senate,Second Worcester
Worcester,4,6,All Others,21,State Senate,Second Worcester
Worcester,4,6,Blanks,187,State Senate,Second Worcester
Worcester,4,6,Total Votes Cast,780,State Senate,Second Worcester
Worcester,5,1,Michael O. Moore,329,State Senate,Second Worcester
Worcester,5,1,All Others,15,State Senate,Second Worcester
Worcester,5,1,Blanks,65,State Senate,Second Worcester
Worcester,5,1,Total Votes Cast,409,State Senate,Second Worcester
Worcester,5,2,Michael O. Moore,632,State Senate,Second Worcester
Worcester,5,2,All Others,28,State Senate,Second Worcester
Worcester,5,2,Blanks,165,State Senate,Second Worcester
Worcester,5,2,Total Votes Cast,825,State Senate,Second Worcester
Worcester,5,3,Michael O. Moore,882,State Senate,Second Worcester
Worcester,5,3,All Others,31,State Senate,Second Worcester
Worcester,5,3,Blanks,285,State Senate,Second Worcester
Worcester,5,3,Total Votes Cast,1198,State Senate,Second Worcester
Worcester,5,4,Michael O. Moore,762,State Senate,Second Worcester
Worcester,5,4,All Others,27,State Senate,Second Worcester
Worcester,5,4,Blanks,225,State Senate,Second Worcester
Worcester,5,4,Total Votes Cast,1014,State Senate,Second Worcester
Worcester,5,5,Michael O. Moore,707,State Senate,Second Worcester
Worcester,5,5,All Others,31,State Senate,Second Worcester
Worcester,5,5,Blanks,219,State Senate,Second Worcester
Worcester,5,5,Total Votes Cast,957,State Senate,Second Worcester
Worcester,5,6,Michael O. Moore,551,State Senate,Second Worcester
Worcester,5,6,All Others,26,State Senate,Second Worcester
Worcester,5,6,Blanks,158,State Senate,Second Worcester
Worcester,5,6,Total Votes Cast,735,State Senate,Second Worcester
Worcester,6,1,Michael O. Moore,201,State Senate,Second Worcester
Worcester,6,1,All Others,3,State Senate,Second Worcester
Worcester,6,1,Blanks,41,State Senate,Second Worcester
Worcester,6,1,Total Votes Cast,245,State Senate,Second Worcester
Worcester,6,2,Michael O. Moore,355,State Senate,Second Worcester
Worcester,6,2,All Others,16,State Senate,Second Worcester
Worcester,6,2,Blanks,67,State Senate,Second Worcester
Worcester,6,2,Total Votes Cast,438,State Senate,Second Worcester
Worcester,6,3,Robyn K. Kennedy,278,State Senate,First Worcester
Worcester,6,3,Lisa K. Mair,58,State Senate,First Worcester
Worcester,6,3,All Others,3,State Senate,First Worcester
Worcester,6,3,Blanks,30,State Senate,First Worcester
Worcester,6,3,Total Votes Cast,369,State Senate,First Worcester
Worcester,6,4,Michael O. Moore,64,State Senate,Second Worcester
Worcester,6,4,All Others,4,State Senate,Second Worcester
Worcester,6,4,Blanks,18,State Senate,Second Worcester
Worcester,6,4,Total Votes Cast,86,State Senate,Second Worcester
Worcester,6,5,Michael O. Moore,424,State Senate,Second Worcester
Worcester,6,5,All Others,20,State Senate,Second Worcester
Worcester,6,5,Blanks,109,State Senate,Second Worcester
Worcester,6,5,Total Votes Cast,553,State Senate,Second Worcester
Worcester,6,6,Michael O. Moore,626,State Senate,Second Worcester
Worcester,6,6,All Others,40,State Senate,Second Worcester
Worcester,6,6,Blanks,161,State Senate,Second Worcester
Worcester,6,6,Total Votes Cast,827,State Senate,Second Worcester
Worcester,7,1,Robyn K. Kennedy,669,State Senate,First Worcester
Worcester,7,1,Lisa K. Mair,144,State Senate,First Worcester
Worcester,7,1,All Others,10,State Senate,First Worcester
Worcester,7,1,Blanks,71,State Senate,First Worcester
Worcester,7,1,Total Votes Cast,894,State Senate,First Worcester
Worcester,7,2,Anne M. Gobi,477,State Senate,Worcester & Hampshire
Worcester,7,2,James Anthony Amorello,282,State Senate,Worcester & Hampshire
Worcester,7,2,All Others,2,State Senate,Worcester & Hampshire
Worcester,7,2,Blanks,23,State Senate,Worcester & Hampshire
Worcester,7,2,Total Votes Cast,784,State Senate,Worcester & Hampshire
Worcester,7,3,Robyn K. Kennedy,383,State Senate,First Worcester
Worcester,7,3,Lisa K. Mair,92,State Senate,First Worcester
Worcester,7,3,All Others,3,State Senate,First Worcester
Worcester,7,3,Blanks,37,State Senate,First Worcester
Worcester,7,3,Total Votes Cast,515,State Senate,First Worcester
Worcester,7,4,Anne M. Gobi,533,State Senate,Worcester & Hampshire
Worcester,7,4,James Anthony Amorello,272,State Senate,Worcester & Hampshire
Worcester,7,4,All Others,1,State Senate,Worcester & Hampshire
Worcester,7,4,Blanks,26,State Senate,Worcester & Hampshire
Worcester,7,4,Total Votes Cast,832,State Senate,Worcester & Hampshire
Worcester,7,5,Anne M. Gobi,350,State Senate,Worcester & Hampshire
Worcester,7,5,James Anthony Amorello,279,State Senate,Worcester & Hampshire
Worcester,7,5,All Others,0,State Senate,Worcester & Hampshire
Worcester,7,5,Blanks,28,State Senate,Worcester & Hampshire
Worcester,7,5,Total Votes Cast,657,State Senate,Worcester & Hampshire
Worcester,7,5A,Michael O. Moore,172,State Senate,Second Worcester
Worcester,7,5A,All Others,9,State Senate,Second Worcester
Worcester,7,5A,Blanks,28,State Senate,Second Worcester
Worcester,7,5A,Total Votes Cast,209,State Senate,Second Worcester
Worcester,7,6,Anne M. Gobi,543,State Senate,Worcester & Hampshire
Worcester,7,6,James Anthony Amorello,297,State Senate,Worcester & Hampshire
Worcester,7,6,All Others,0,State Senate,Worcester & Hampshire
Worcester,7,6,Blanks,40,State Senate,Worcester & Hampshire
Worcester,7,6,Total Votes Cast,880,State Senate,Worcester & Hampshire
Worcester,8,1,Robyn K. Kennedy,257,State Senate,First Worcester
Worcester,8,1,Lisa K. Mair,57,State Senate,First Worcester
Worcester,8,1,All Others,5,State Senate,First Worcester
Worcester,8,1,Blanks,20,State Senate,First Worcester
Worcester,8,1,Total Votes Cast,339,State Senate,First Worcester
Worcester,8,2,Robyn K. Kennedy,187,State Senate,First Worcester
Worcester,8,2,Lisa K. Mair,51,State Senate,First Worcester
Worcester,8,2,All Others,1,State Senate,First Worcester
Worcester,8,2,Blanks,21,State Senate,First Worcester
Worcester,8,2,Total Votes Cast,260,State Senate,First Worcester
Worcester,8,3,Robyn K. Kennedy,126,State Senate,First Worcester
Worcester,8,3,Lisa K. Mair,21,State Senate,First Worcester
Worcester,8,3,All Others,0,State Senate,First Worcester
Worcester,8,3,Blanks,3,State Senate,First Worcester
Worcester,8,3,Total Votes Cast,150,State Senate,First Worcester
Worcester,8,4,Robyn K. Kennedy,362,State Senate,First Worcester
Worcester,8,4,Lisa K. Mair,58,State Senate,First Worcester
Worcester,8,4,All Others,5,State Senate,First Worcester
Worcester,8,4,Blanks,52,State Senate,First Worcester
Worcester,8,4,Total Votes Cast,477,State Senate,First Worcester
Worcester,8,5,Michael O. Moore,305,State Senate,Second Worcester
Worcester,8,5,All Others,16,State Senate,Second Worcester
Worcester,8,5,Blanks,61,State Senate,Second Worcester
Worcester,8,5,Total Votes Cast,382,State Senate,Second Worcester
Worcester,8,6,Robyn K. Kennedy,215,State Senate,First Worcester
Worcester,8,6,Lisa K. Mair,50,State Senate,First Worcester
Worcester,8,6,All Others,0,State Senate,First Worcester
Worcester,8,6,Blanks,24,State Senate,First Worcester
Worcester,8,6,Total Votes Cast,289,State Senate,First Worcester
Worcester,9,1,Robyn K. Kennedy,565,State Senate,First Worcester
Worcester,9,1,Lisa K. Mair,99,State Senate,First Worcester
Worcester,9,1,All Others,2,State Senate,First Worcester
Worcester,9,1,Blanks,47,State Senate,First Worcester
Worcester,9,1,Total Votes Cast,713,State Senate,First Worcester
Worcester,9,2,Robyn K. Kennedy,914,State Senate,First Worcester
Worcester,9,2,Lisa K. Mair,190,State Senate,First Worcester
Worcester,9,2,All Others,3,State Senate,First Worcester
Worcester,9,2,Blanks,94,State Senate,First Worcester
Worcester,9,2,Total Votes Cast,1201,State Senate,First Worcester
Worcester,9,3,Anne M. Gobi,445,State Senate,Worcester & Hampshire
Worcester,9,3,James Anthony Amorello,188,State Senate,Worcester & Hampshire
Worcester,9,3,All Others,1,State Senate,Worcester & Hampshire
Worcester,9,3,Blanks,26,State Senate,Worcester & Hampshire
Worcester,9,3,Total Votes Cast,660,State Senate,Worcester & Hampshire
Worcester,9,4,Anne M. Gobi,880,State Senate,Worcester & Hampshire
Worcester,9,4,James Anthony Amorello,418,State Senate,Worcester & Hampshire
Worcester,9,4,All Others,0,State Senate,Worcester & Hampshire
Worcester,9,4,Blanks,65,State Senate,Worcester & Hampshire
Worcester,9,4,Total Votes Cast,1363,State Senate,Worcester & Hampshire
Worcester,9,5,Robyn K. Kennedy,1061,State Senate,First Worcester
Worcester,9,5,Lisa K. Mair,332,State Senate,First Worcester
Worcester,9,5,All Others,7,State Senate,First Worcester
Worcester,9,5,Blanks,128,State Senate,First Worcester
Worcester,9,5,Total Votes Cast,1528,State Senate,First Worcester
Worcester,9,6,Robyn K. Kennedy,871,State Senate,First Worcester
Worcester,9,6,Lisa K. Mair,271,State Senate,First Worcester
Worcester,9,6,All Others,8,State Senate,First Worcester
Worcester,9,6,Blanks,91,State Senate,First Worcester
Worcester,9,6,Total Votes Cast,1241,State Senate,First Worcester
Worthington,,,Paul W. Mark,485,State Senate,"Berkshire, Hampden, Franklin & Hampshire"
Worthington,,,Brendan M. Phair,154,State Senate,"Berkshire, Hampden, Franklin & Hampshire"
Worthington,,,All Others,1,State Senate,"Berkshire, Hampden, Franklin & Hampshire"
Worthington,,,Blanks,51,State Senate,"Berkshire, Hampden, Franklin & Hampshire"
Worthington,,,Total Votes Cast,691,State Senate,"Berkshire, Hampden, Franklin & Hampshire"
Wrentham,-,1,Rebecca L. Rausch,535,State Senate,"Norfolk, Worcester & Middlesex"
Wrentham,-,1,Shawn C. Dooley,902,State Senate,"Norfolk, Worcester & Middlesex"
Wrentham,-,1,All Others,1,State Senate,"Norfolk, Worcester & Middlesex"
Wrentham,-,1,Blanks,24,State Senate,"Norfolk, Worcester & Middlesex"
Wrentham,-,1,Total Votes Cast,1462,State Senate,"Norfolk, Worcester & Middlesex"
Wrentham,-,2,Rebecca L. Rausch,618,State Senate,"Norfolk, Worcester & Middlesex"
Wrentham,-,2,Shawn C. Dooley,938,State Senate,"Norfolk, Worcester & Middlesex"
Wrentham,-,2,All Others,3,State Senate,"Norfolk, Worcester & Middlesex"
Wrentham,-,2,Blanks,20,State Senate,"Norfolk, Worcester & Middlesex"
Wrentham,-,2,Total Votes Cast,1579,State Senate,"Norfolk, Worcester & Middlesex"
Wrentham,-,3,Rebecca L. Rausch,604,State Senate,"Norfolk, Worcester & Middlesex"
Wrentham,-,3,Shawn C. Dooley,853,State Senate,"Norfolk, Worcester & Middlesex"
Wrentham,-,3,All Others,1,State Senate,"Norfolk, Worcester & Middlesex"
Wrentham,-,3,Blanks,14,State Senate,"Norfolk, Worcester & Middlesex"
Wrentham,-,3,Total Votes Cast,1472,State Senate,"Norfolk, Worcester & Middlesex"
Wrentham,-,4,Rebecca L. Rausch,519,State Senate,"Norfolk, Worcester & Middlesex"
Wrentham,-,4,Shawn C. Dooley,963,State Senate,"Norfolk, Worcester & Middlesex"
Wrentham,-,4,All Others,2,State Senate,"Norfolk, Worcester & Middlesex"
Wrentham,-,4,Blanks,14,State Senate,"Norfolk, Worcester & Middlesex"
Wrentham,-,4,Total Votes Cast,1498,State Senate,"Norfolk, Worcester & Middlesex"
Yarmouth,-,1,Julian Andre Cyr,1079,State Senate,Cape and Islands
Yarmouth,-,1,Christopher Robert Lauzon,724,State Senate,Cape and Islands
Yarmouth,-,1,All Others,0,State Senate,Cape and Islands
Yarmouth,-,1,Blanks,34,State Senate,Cape and Islands
Yarmouth,-,1,Total Votes Cast,1837,State Senate,Cape and Islands
Yarmouth,-,2,Julian Andre Cyr,962,State Senate,Cape and Islands
Yarmouth,-,2,Christopher Robert Lauzon,684,State Senate,Cape and Islands
Yarmouth,-,2,All Others,0,State Senate,Cape and Islands
Yarmouth,-,2,Blanks,41,State Senate,Cape and Islands
Yarmouth,-,2,Total Votes Cast,1687,State Senate,Cape and Islands
Yarmouth,-,3,Julian Andre Cyr,628,State Senate,Cape and Islands
Yarmouth,-,3,Christopher Robert Lauzon,494,State Senate,Cape and Islands
Yarmouth,-,3,All Others,1,State Senate,Cape and Islands
Yarmouth,-,3,Blanks,22,State Senate,Cape and Islands
Yarmouth,-,3,Total Votes Cast,1145,State Senate,Cape and Islands
Yarmouth,-,4,Julian Andre Cyr,851,State Senate,Cape and Islands
Yarmouth,-,4,Christopher Robert Lauzon,581,State Senate,Cape and Islands
Yarmouth,-,4,All Others,1,State Senate,Cape and Islands
Yarmouth,-,4,Blanks,26,State Senate,Cape and Islands
Yarmouth,-,4,Total Votes Cast,1459,State Senate,Cape and Islands
Yarmouth,-,5,Julian Andre Cyr,702,State Senate,Cape and Islands
Yarmouth,-,5,Christopher Robert Lauzon,592,State Senate,Cape and Islands
Yarmouth,-,5,All Others,0,State Senate,Cape and Islands
Yarmouth,-,5,Blanks,16,State Senate,Cape and Islands
Yarmouth,-,5,Total Votes Cast,1310,State Senate,Cape and Islands
Yarmouth,-,6,Julian Andre Cyr,808,State Senate,Cape and Islands
Yarmouth,-,6,Christopher Robert Lauzon,520,State Senate,Cape and Islands
Yarmouth,-,6,All Others,2,State Senate,Cape and Islands
Yarmouth,-,6,Blanks,26,State Senate,Cape and Islands
Yarmouth,-,6,Total Votes Cast,1356,State Senate,Cape and Islands
Yarmouth,-,7,Julian Andre Cyr,1100,State Senate,Cape and Islands
Yarmouth,-,7,Christopher Robert Lauzon,800,State Senate,Cape and Islands
Yarmouth,-,7,All Others,0,State Senate,Cape and Islands
Yarmouth,-,7,Blanks,41,State Senate,Cape and Islands
Yarmouth,-,7,Total Votes Cast,1941,State Senate,Cape and Islands
Yarmouth,-,8,Julian Andre Cyr,620,State Senate,Cape and Islands
Yarmouth,-,8,Christopher Robert Lauzon,444,State Senate,Cape and Islands
Yarmouth,-,8,All Others,0,State Senate,Cape and Islands
Yarmouth,-,8,Blanks,21,State Senate,Cape and Islands
Yarmouth,-,8,Total Votes Cast,1085,State Senate,Cape and Islands
Yarmouth,-,8A,Julian Andre Cyr,111,State Senate,Cape and Islands
Yarmouth,-,8A,Christopher Robert Lauzon,80,State Senate,Cape and Islands
Yarmouth,-,8A,All Others,0,State Senate,Cape and Islands
Yarmouth,-,8A,Blanks,3,State Senate,Cape and Islands
Yarmouth,-,8A,Total Votes Cast,194,State Senate,Cape and Islands
