city_town,ward,precinct,receiver,votes,office,district
Abington,-,1,Stephen F. Lynch,1179,U.S. House,8
Abington,-,1,Robert G. Burke,739,U.S. House,8
Abington,-,1,All Others,1,U.S. House,8
Abington,-,1,Blanks,82,U.S. House,8
Abington,-,1,Total Votes Cast,2001,U.S. House,8
Abington,-,2,Stephen F. Lynch,996,U.S. House,8
Abington,-,2,Robert G. Burke,712,U.S. House,8
Abington,-,2,All Others,1,U.S. House,8
Abington,-,2,Blanks,65,U.S. House,8
Abington,-,2,Total Votes Cast,1774,U.S. House,8
Abington,-,3,Stephen F. Lynch,1043,U.S. House,8
Abington,-,3,Robert G. Burke,791,U.S. House,8
Abington,-,3,All Others,2,U.S. House,8
Abington,-,3,Blanks,73,U.S. House,8
Abington,-,3,Total Votes Cast,1909,U.S. House,8
Abington,-,4,Stephen F. Lynch,1154,U.S. House,8
Abington,-,4,Robert G. Burke,776,U.S. House,8
Abington,-,4,All Others,1,U.S. House,8
Abington,-,4,Blanks,71,U.S. House,8
Abington,-,4,Total Votes Cast,2002,U.S. House,8
Abington,-,5,Stephen F. Lynch,1195,U.S. House,8
Abington,-,5,Robert G. Burke,723,U.S. House,8
Abington,-,5,All Others,1,U.S. House,8
Abington,-,5,Blanks,70,U.S. House,8
Abington,-,5,Total Votes Cast,1989,U.S. House,8
Acton,-,1,Lori Loureiro Trahan,1194,U.S. House,3
Acton,-,1,All Others,28,U.S. House,3
Acton,-,1,Blanks,251,U.S. House,3
Acton,-,1,Total Votes Cast,1473,U.S. House,3
Acton,-,2,Lori Loureiro Trahan,1584,U.S. House,3
Acton,-,2,All Others,29,U.S. House,3
Acton,-,2,Blanks,391,U.S. House,3
Acton,-,2,Total Votes Cast,2004,U.S. House,3
Acton,-,3,Lori Loureiro Trahan,1827,U.S. House,3
Acton,-,3,All Others,44,U.S. House,3
Acton,-,3,Blanks,370,U.S. House,3
Acton,-,3,Total Votes Cast,2241,U.S. House,3
Acton,-,4,Lori Loureiro Trahan,1693,U.S. House,3
Acton,-,4,All Others,29,U.S. House,3
Acton,-,4,Blanks,335,U.S. House,3
Acton,-,4,Total Votes Cast,2057,U.S. House,3
Acton,-,5,Lori Loureiro Trahan,1636,U.S. House,3
Acton,-,5,All Others,34,U.S. House,3
Acton,-,5,Blanks,330,U.S. House,3
Acton,-,5,Total Votes Cast,2000,U.S. House,3
Acton,-,6,Lori Loureiro Trahan,1132,U.S. House,3
Acton,-,6,All Others,26,U.S. House,3
Acton,-,6,Blanks,217,U.S. House,3
Acton,-,6,Total Votes Cast,1375,U.S. House,3
Acton,-,6A,Lori Loureiro Trahan,486,U.S. House,3
Acton,-,6A,All Others,10,U.S. House,3
Acton,-,6A,Blanks,88,U.S. House,3
Acton,-,6A,Total Votes Cast,584,U.S. House,3
Acton,-,7,Lori Loureiro Trahan,1256,U.S. House,3
Acton,-,7,All Others,35,U.S. House,3
Acton,-,7,Blanks,306,U.S. House,3
Acton,-,7,Total Votes Cast,1597,U.S. House,3
Acushnet,-,1,Bill Keating,834,U.S. House,9
Acushnet,-,1,Dan Sullivan,996,U.S. House,9
Acushnet,-,1,All Others,3,U.S. House,9
Acushnet,-,1,Blanks,97,U.S. House,9
Acushnet,-,1,Total Votes Cast,1930,U.S. House,9
Acushnet,-,2,Bill Keating,751,U.S. House,9
Acushnet,-,2,Dan Sullivan,1054,U.S. House,9
Acushnet,-,2,All Others,109,U.S. House,9
Acushnet,-,2,Blanks,4,U.S. House,9
Acushnet,-,2,Total Votes Cast,1918,U.S. House,9
Acushnet,-,2A,Bill Keating,99,U.S. House,9
Acushnet,-,2A,Dan Sullivan,121,U.S. House,9
Acushnet,-,2A,All Others,0,U.S. House,9
Acushnet,-,2A,Blanks,13,U.S. House,9
Acushnet,-,2A,Total Votes Cast,233,U.S. House,9
Acushnet,-,3,Bill Keating,924,U.S. House,9
Acushnet,-,3,Dan Sullivan,1153,U.S. House,9
Acushnet,-,3,All Others,0,U.S. House,9
Acushnet,-,3,Blanks,113,U.S. House,9
Acushnet,-,3,Total Votes Cast,2190,U.S. House,9
Adams,-,1,Richard E. Neal,470,U.S. House,1
Adams,-,1,Nadia Donya Milleron,242,U.S. House,1
Adams,-,1,All Others,1,U.S. House,1
Adams,-,1,Blanks,52,U.S. House,1
Adams,-,1,Total Votes Cast,765,U.S. House,1
Adams,-,2,Richard E. Neal,570,U.S. House,1
Adams,-,2,Nadia Donya Milleron,313,U.S. House,1
Adams,-,2,All Others,2,U.S. House,1
Adams,-,2,Blanks,39,U.S. House,1
Adams,-,2,Total Votes Cast,924,U.S. House,1
Adams,-,3,Richard E. Neal,548,U.S. House,1
Adams,-,3,Nadia Donya Milleron,313,U.S. House,1
Adams,-,3,All Others,0,U.S. House,1
Adams,-,3,Blanks,54,U.S. House,1
Adams,-,3,Total Votes Cast,915,U.S. House,1
Adams,-,4,Richard E. Neal,491,U.S. House,1
Adams,-,4,Nadia Donya Milleron,254,U.S. House,1
Adams,-,4,All Others,0,U.S. House,1
Adams,-,4,Blanks,57,U.S. House,1
Adams,-,4,Total Votes Cast,802,U.S. House,1
Adams,-,5,Richard E. Neal,626,U.S. House,1
Adams,-,5,Nadia Donya Milleron,311,U.S. House,1
Adams,-,5,All Others,0,U.S. House,1
Adams,-,5,Blanks,52,U.S. House,1
Adams,-,5,Total Votes Cast,989,U.S. House,1
Agawam,-,1,Richard E. Neal,877,U.S. House,1
Agawam,-,1,Nadia Donya Milleron,761,U.S. House,1
Agawam,-,1,All Others,7,U.S. House,1
Agawam,-,1,Blanks,101,U.S. House,1
Agawam,-,1,Total Votes Cast,1746,U.S. House,1
Agawam,-,2,Richard E. Neal,1059,U.S. House,1
Agawam,-,2,Nadia Donya Milleron,970,U.S. House,1
Agawam,-,2,All Others,10,U.S. House,1
Agawam,-,2,Blanks,151,U.S. House,1
Agawam,-,2,Total Votes Cast,2190,U.S. House,1
Agawam,-,3,Richard E. Neal,956,U.S. House,1
Agawam,-,3,Nadia Donya Milleron,834,U.S. House,1
Agawam,-,3,All Others,4,U.S. House,1
Agawam,-,3,Blanks,125,U.S. House,1
Agawam,-,3,Total Votes Cast,1919,U.S. House,1
Agawam,-,4,Richard E. Neal,857,U.S. House,1
Agawam,-,4,Nadia Donya Milleron,678,U.S. House,1
Agawam,-,4,All Others,9,U.S. House,1
Agawam,-,4,Blanks,110,U.S. House,1
Agawam,-,4,Total Votes Cast,1654,U.S. House,1
Agawam,-,5,Richard E. Neal,1151,U.S. House,1
Agawam,-,5,Nadia Donya Milleron,872,U.S. House,1
Agawam,-,5,All Others,7,U.S. House,1
Agawam,-,5,Blanks,149,U.S. House,1
Agawam,-,5,Total Votes Cast,2179,U.S. House,1
Agawam,-,6,Richard E. Neal,987,U.S. House,1
Agawam,-,6,Nadia Donya Milleron,848,U.S. House,1
Agawam,-,6,All Others,3,U.S. House,1
Agawam,-,6,Blanks,134,U.S. House,1
Agawam,-,6,Total Votes Cast,1972,U.S. House,1
Agawam,-,7,Richard E. Neal,1031,U.S. House,1
Agawam,-,7,Nadia Donya Milleron,942,U.S. House,1
Agawam,-,7,All Others,7,U.S. House,1
Agawam,-,7,Blanks,159,U.S. House,1
Agawam,-,7,Total Votes Cast,2139,U.S. House,1
Agawam,-,8,Richard E. Neal,1034,U.S. House,1
Agawam,-,8,Nadia Donya Milleron,856,U.S. House,1
Agawam,-,8,All Others,5,U.S. House,1
Agawam,-,8,Blanks,138,U.S. House,1
Agawam,-,8,Total Votes Cast,2033,U.S. House,1
Alford,-,1,Richard E. Neal,180,U.S. House,1
Alford,-,1,Nadia Donya Milleron,122,U.S. House,1
Alford,-,1,All Others,0,U.S. House,1
Alford,-,1,Blanks,24,U.S. House,1
Alford,-,1,Total Votes Cast,326,U.S. House,1
Amesbury,-,1,Seth W. Moulton,1572,U.S. House,6
Amesbury,-,1,All Others,0,U.S. House,6
Amesbury,-,1,Blanks,523,U.S. House,6
Amesbury,-,1,Total Votes Cast,2095,U.S. House,6
Amesbury,-,2,Seth W. Moulton,1347,U.S. House,6
Amesbury,-,2,All Others,0,U.S. House,6
Amesbury,-,2,Blanks,373,U.S. House,6
Amesbury,-,2,Total Votes Cast,1720,U.S. House,6
Amesbury,-,3,Seth W. Moulton,1385,U.S. House,6
Amesbury,-,3,All Others,0,U.S. House,6
Amesbury,-,3,Blanks,417,U.S. House,6
Amesbury,-,3,Total Votes Cast,1802,U.S. House,6
Amesbury,-,4,Seth W. Moulton,1059,U.S. House,6
Amesbury,-,4,All Others,0,U.S. House,6
Amesbury,-,4,Blanks,370,U.S. House,6
Amesbury,-,4,Total Votes Cast,1429,U.S. House,6
Amesbury,-,5,Seth W. Moulton,1406,U.S. House,6
Amesbury,-,5,All Others,0,U.S. House,6
Amesbury,-,5,Blanks,489,U.S. House,6
Amesbury,-,5,Total Votes Cast,1895,U.S. House,6
Amesbury,-,6,Seth W. Moulton,1147,U.S. House,6
Amesbury,-,6,All Others,0,U.S. House,6
Amesbury,-,6,Blanks,333,U.S. House,6
Amesbury,-,6,Total Votes Cast,1480,U.S. House,6
Amherst,-,1A,James P. McGovern,915,U.S. House,2
Amherst,-,1A,Cornelius Shea,103,U.S. House,2
Amherst,-,1A,All Others,7,U.S. House,2
Amherst,-,1A,Blanks,36,U.S. House,2
Amherst,-,1A,Total Votes Cast,1061,U.S. House,2
Amherst,-,1B,James P. McGovern,477,U.S. House,2
Amherst,-,1B,Cornelius Shea,50,U.S. House,2
Amherst,-,1B,All Others,4,U.S. House,2
Amherst,-,1B,Blanks,25,U.S. House,2
Amherst,-,1B,Total Votes Cast,556,U.S. House,2
Amherst,-,2A,James P. McGovern,547,U.S. House,2
Amherst,-,2A,Cornelius Shea,64,U.S. House,2
Amherst,-,2A,All Others,2,U.S. House,2
Amherst,-,2A,Blanks,28,U.S. House,2
Amherst,-,2A,Total Votes Cast,641,U.S. House,2
Amherst,-,2B,James P. McGovern,1507,U.S. House,2
Amherst,-,2B,Cornelius Shea,139,U.S. House,2
Amherst,-,2B,All Others,12,U.S. House,2
Amherst,-,2B,Blanks,86,U.S. House,2
Amherst,-,2B,Total Votes Cast,1744,U.S. House,2
Amherst,-,3A,James P. McGovern,502,U.S. House,2
Amherst,-,3A,Cornelius Shea,69,U.S. House,2
Amherst,-,3A,All Others,2,U.S. House,2
Amherst,-,3A,Blanks,33,U.S. House,2
Amherst,-,3A,Total Votes Cast,606,U.S. House,2
Amherst,-,3B,James P. McGovern,1405,U.S. House,2
Amherst,-,3B,Cornelius Shea,155,U.S. House,2
Amherst,-,3B,All Others,8,U.S. House,2
Amherst,-,3B,Blanks,64,U.S. House,2
Amherst,-,3B,Total Votes Cast,1632,U.S. House,2
Amherst,-,4A,James P. McGovern,762,U.S. House,2
Amherst,-,4A,Cornelius Shea,61,U.S. House,2
Amherst,-,4A,All Others,7,U.S. House,2
Amherst,-,4A,Blanks,33,U.S. House,2
Amherst,-,4A,Total Votes Cast,863,U.S. House,2
Amherst,-,4B,James P. McGovern,486,U.S. House,2
Amherst,-,4B,Cornelius Shea,31,U.S. House,2
Amherst,-,4B,All Others,0,U.S. House,2
Amherst,-,4B,Blanks,19,U.S. House,2
Amherst,-,4B,Total Votes Cast,536,U.S. House,2
Amherst,-,5A,James P. McGovern,603,U.S. House,2
Amherst,-,5A,Cornelius Shea,49,U.S. House,2
Amherst,-,5A,All Others,0,U.S. House,2
Amherst,-,5A,Blanks,41,U.S. House,2
Amherst,-,5A,Total Votes Cast,693,U.S. House,2
Amherst,-,5B,James P. McGovern,2162,U.S. House,2
Amherst,-,5B,Cornelius Shea,170,U.S. House,2
Amherst,-,5B,All Others,6,U.S. House,2
Amherst,-,5B,Blanks,73,U.S. House,2
Amherst,-,5B,Total Votes Cast,2411,U.S. House,2
Andover,-,1,Seth W. Moulton,1178,U.S. House,6
Andover,-,1,All Others,8,U.S. House,6
Andover,-,1,Blanks,264,U.S. House,6
Andover,-,1,Total Votes Cast,1450,U.S. House,6
Andover,-,10,Seth W. Moulton,1646,U.S. House,6
Andover,-,10,All Others,28,U.S. House,6
Andover,-,10,Blanks,528,U.S. House,6
Andover,-,10,Total Votes Cast,2202,U.S. House,6
Andover,-,2,Seth W. Moulton,1558,U.S. House,6
Andover,-,2,All Others,10,U.S. House,6
Andover,-,2,Blanks,536,U.S. House,6
Andover,-,2,Total Votes Cast,2104,U.S. House,6
Andover,-,3,Seth W. Moulton,1785,U.S. House,6
Andover,-,3,All Others,26,U.S. House,6
Andover,-,3,Blanks,509,U.S. House,6
Andover,-,3,Total Votes Cast,2320,U.S. House,6
Andover,-,4,Seth W. Moulton,879,U.S. House,6
Andover,-,4,All Others,15,U.S. House,6
Andover,-,4,Blanks,366,U.S. House,6
Andover,-,4,Total Votes Cast,1260,U.S. House,6
Andover,-,4A,Seth W. Moulton,519,U.S. House,6
Andover,-,4A,All Others,10,U.S. House,6
Andover,-,4A,Blanks,171,U.S. House,6
Andover,-,4A,Total Votes Cast,700,U.S. House,6
Andover,-,5,Seth W. Moulton,1541,U.S. House,6
Andover,-,5,All Others,65,U.S. House,6
Andover,-,5,Blanks,547,U.S. House,6
Andover,-,5,Total Votes Cast,2153,U.S. House,6
Andover,-,6,Seth W. Moulton,1506,U.S. House,6
Andover,-,6,All Others,20,U.S. House,6
Andover,-,6,Blanks,505,U.S. House,6
Andover,-,6,Total Votes Cast,2031,U.S. House,6
Andover,-,7,Seth W. Moulton,1624,U.S. House,6
Andover,-,7,All Others,15,U.S. House,6
Andover,-,7,Blanks,550,U.S. House,6
Andover,-,7,Total Votes Cast,2189,U.S. House,6
Andover,-,8,Seth W. Moulton,1756,U.S. House,6
Andover,-,8,All Others,28,U.S. House,6
Andover,-,8,Blanks,511,U.S. House,6
Andover,-,8,Total Votes Cast,2295,U.S. House,6
Andover,-,9,Seth W. Moulton,1451,U.S. House,6
Andover,-,9,All Others,28,U.S. House,6
Andover,-,9,Blanks,496,U.S. House,6
Andover,-,9,Total Votes Cast,1975,U.S. House,6
Aquinnah,-,1,Bill Keating,293,U.S. House,9
Aquinnah,-,1,Dan Sullivan,39,U.S. House,9
Aquinnah,-,1,All Others,0,U.S. House,9
Aquinnah,-,1,Blanks,19,U.S. House,9
Aquinnah,-,1,Total Votes Cast,351,U.S. House,9
Arlington,-,1,Katherine M. Clark,811,U.S. House,5
Arlington,-,1,All Others,21,U.S. House,5
Arlington,-,1,Blanks,156,U.S. House,5
Arlington,-,1,Total Votes Cast,988,U.S. House,5
Arlington,-,10,Katherine M. Clark,1216,U.S. House,5
Arlington,-,10,All Others,9,U.S. House,5
Arlington,-,10,Blanks,208,U.S. House,5
Arlington,-,10,Total Votes Cast,1433,U.S. House,5
Arlington,-,11,Katherine M. Clark,1196,U.S. House,5
Arlington,-,11,All Others,13,U.S. House,5
Arlington,-,11,Blanks,280,U.S. House,5
Arlington,-,11,Total Votes Cast,1489,U.S. House,5
Arlington,-,12,Katherine M. Clark,1282,U.S. House,5
Arlington,-,12,All Others,10,U.S. House,5
Arlington,-,12,Blanks,240,U.S. House,5
Arlington,-,12,Total Votes Cast,1532,U.S. House,5
Arlington,-,13,Katherine M. Clark,1091,U.S. House,5
Arlington,-,13,All Others,16,U.S. House,5
Arlington,-,13,Blanks,324,U.S. House,5
Arlington,-,13,Total Votes Cast,1431,U.S. House,5
Arlington,-,14,Katherine M. Clark,1031,U.S. House,5
Arlington,-,14,All Others,7,U.S. House,5
Arlington,-,14,Blanks,195,U.S. House,5
Arlington,-,14,Total Votes Cast,1233,U.S. House,5
Arlington,-,15,Katherine M. Clark,1032,U.S. House,5
Arlington,-,15,All Others,11,U.S. House,5
Arlington,-,15,Blanks,234,U.S. House,5
Arlington,-,15,Total Votes Cast,1277,U.S. House,5
Arlington,-,16,Katherine M. Clark,1103,U.S. House,5
Arlington,-,16,All Others,10,U.S. House,5
Arlington,-,16,Blanks,241,U.S. House,5
Arlington,-,16,Total Votes Cast,1354,U.S. House,5
Arlington,-,17,Katherine M. Clark,978,U.S. House,5
Arlington,-,17,All Others,4,U.S. House,5
Arlington,-,17,Blanks,223,U.S. House,5
Arlington,-,17,Total Votes Cast,1205,U.S. House,5
Arlington,-,18,Katherine M. Clark,1088,U.S. House,5
Arlington,-,18,All Others,11,U.S. House,5
Arlington,-,18,Blanks,272,U.S. House,5
Arlington,-,18,Total Votes Cast,1371,U.S. House,5
Arlington,-,19,Katherine M. Clark,1134,U.S. House,5
Arlington,-,19,All Others,5,U.S. House,5
Arlington,-,19,Blanks,217,U.S. House,5
Arlington,-,19,Total Votes Cast,1356,U.S. House,5
Arlington,-,2,Katherine M. Clark,1134,U.S. House,5
Arlington,-,2,All Others,10,U.S. House,5
Arlington,-,2,Blanks,239,U.S. House,5
Arlington,-,2,Total Votes Cast,1383,U.S. House,5
Arlington,-,20,Katherine M. Clark,1063,U.S. House,5
Arlington,-,20,All Others,9,U.S. House,5
Arlington,-,20,Blanks,225,U.S. House,5
Arlington,-,20,Total Votes Cast,1297,U.S. House,5
Arlington,-,21,Katherine M. Clark,1150,U.S. House,5
Arlington,-,21,All Others,13,U.S. House,5
Arlington,-,21,Blanks,192,U.S. House,5
Arlington,-,21,Total Votes Cast,1355,U.S. House,5
Arlington,-,3,Katherine M. Clark,1117,U.S. House,5
Arlington,-,3,All Others,8,U.S. House,5
Arlington,-,3,Blanks,187,U.S. House,5
Arlington,-,3,Total Votes Cast,1312,U.S. House,5
Arlington,-,4,Katherine M. Clark,1018,U.S. House,5
Arlington,-,4,All Others,12,U.S. House,5
Arlington,-,4,Blanks,211,U.S. House,5
Arlington,-,4,Total Votes Cast,1241,U.S. House,5
Arlington,-,5,Katherine M. Clark,1177,U.S. House,5
Arlington,-,5,All Others,12,U.S. House,5
Arlington,-,5,Blanks,215,U.S. House,5
Arlington,-,5,Total Votes Cast,1404,U.S. House,5
Arlington,-,6,Katherine M. Clark,1047,U.S. House,5
Arlington,-,6,All Others,1,U.S. House,5
Arlington,-,6,Blanks,211,U.S. House,5
Arlington,-,6,Total Votes Cast,1259,U.S. House,5
Arlington,-,7,Katherine M. Clark,1070,U.S. House,5
Arlington,-,7,All Others,6,U.S. House,5
Arlington,-,7,Blanks,220,U.S. House,5
Arlington,-,7,Total Votes Cast,1296,U.S. House,5
Arlington,-,8,Katherine M. Clark,1162,U.S. House,5
Arlington,-,8,All Others,8,U.S. House,5
Arlington,-,8,Blanks,259,U.S. House,5
Arlington,-,8,Total Votes Cast,1429,U.S. House,5
Arlington,-,9,Katherine M. Clark,889,U.S. House,5
Arlington,-,9,All Others,10,U.S. House,5
Arlington,-,9,Blanks,220,U.S. House,5
Arlington,-,9,Total Votes Cast,1119,U.S. House,5
Ashburnham,-,1,Lori Loureiro Trahan,1358,U.S. House,3
Ashburnham,-,1,All Others,68,U.S. House,3
Ashburnham,-,1,Blanks,520,U.S. House,3
Ashburnham,-,1,Total Votes Cast,1946,U.S. House,3
Ashburnham,-,2,Lori Loureiro Trahan,1393,U.S. House,3
Ashburnham,-,2,All Others,61,U.S. House,3
Ashburnham,-,2,Blanks,493,U.S. House,3
Ashburnham,-,2,Total Votes Cast,1947,U.S. House,3
Ashby,-,1,Lori Loureiro Trahan,1329,U.S. House,3
Ashby,-,1,All Others,0,U.S. House,3
Ashby,-,1,Blanks,674,U.S. House,3
Ashby,-,1,Total Votes Cast,2003,U.S. House,3
Ashfield,-,1,James P. McGovern,946,U.S. House,2
Ashfield,-,1,Cornelius Shea,208,U.S. House,2
Ashfield,-,1,All Others,0,U.S. House,2
Ashfield,-,1,Blanks,62,U.S. House,2
Ashfield,-,1,Total Votes Cast,1216,U.S. House,2
Ashland,-,1,James P. McGovern,977,U.S. House,2
Ashland,-,1,Cornelius Shea,405,U.S. House,2
Ashland,-,1,All Others,0,U.S. House,2
Ashland,-,1,Blanks,116,U.S. House,2
Ashland,-,1,Total Votes Cast,1498,U.S. House,2
Ashland,-,2,James P. McGovern,1387,U.S. House,2
Ashland,-,2,Cornelius Shea,486,U.S. House,2
Ashland,-,2,All Others,0,U.S. House,2
Ashland,-,2,Blanks,140,U.S. House,2
Ashland,-,2,Total Votes Cast,2013,U.S. House,2
Ashland,-,3,James P. McGovern,1035,U.S. House,2
Ashland,-,3,Cornelius Shea,374,U.S. House,2
Ashland,-,3,All Others,0,U.S. House,2
Ashland,-,3,Blanks,105,U.S. House,2
Ashland,-,3,Total Votes Cast,1514,U.S. House,2
Ashland,-,4,James P. McGovern,1009,U.S. House,2
Ashland,-,4,Cornelius Shea,408,U.S. House,2
Ashland,-,4,All Others,0,U.S. House,2
Ashland,-,4,Blanks,104,U.S. House,2
Ashland,-,4,Total Votes Cast,1521,U.S. House,2
Ashland,-,5,James P. McGovern,1074,U.S. House,2
Ashland,-,5,Cornelius Shea,416,U.S. House,2
Ashland,-,5,All Others,0,U.S. House,2
Ashland,-,5,Blanks,108,U.S. House,2
Ashland,-,5,Total Votes Cast,1598,U.S. House,2
Ashland,-,6,James P. McGovern,1206,U.S. House,2
Ashland,-,6,Cornelius Shea,417,U.S. House,2
Ashland,-,6,All Others,0,U.S. House,2
Ashland,-,6,Blanks,139,U.S. House,2
Ashland,-,6,Total Votes Cast,1762,U.S. House,2
Athol,-,1,James P. McGovern,1049,U.S. House,2
Athol,-,1,Cornelius Shea,902,U.S. House,2
Athol,-,1,All Others,3,U.S. House,2
Athol,-,1,Blanks,126,U.S. House,2
Athol,-,1,Total Votes Cast,2080,U.S. House,2
Athol,-,2,James P. McGovern,922,U.S. House,2
Athol,-,2,Cornelius Shea,813,U.S. House,2
Athol,-,2,All Others,2,U.S. House,2
Athol,-,2,Blanks,129,U.S. House,2
Athol,-,2,Total Votes Cast,1866,U.S. House,2
Athol,-,3,James P. McGovern,973,U.S. House,2
Athol,-,3,Cornelius Shea,704,U.S. House,2
Athol,-,3,All Others,1,U.S. House,2
Athol,-,3,Blanks,105,U.S. House,2
Athol,-,3,Total Votes Cast,1783,U.S. House,2
Attleboro,1,A,Jake Auchincloss,1358,U.S. House,4
Attleboro,1,A,Sana A. Fadel,1,U.S. House,4
Attleboro,1,A,All Others,21,U.S. House,4
Attleboro,1,A,Blanks,563,U.S. House,4
Attleboro,1,A,Total Votes Cast,1943,U.S. House,4
Attleboro,1,B,Jake Auchincloss,1298,U.S. House,4
Attleboro,1,B,Sana A. Fadel,1,U.S. House,4
Attleboro,1,B,All Others,15,U.S. House,4
Attleboro,1,B,Blanks,524,U.S. House,4
Attleboro,1,B,Total Votes Cast,1838,U.S. House,4
Attleboro,2,A,Jake Auchincloss,1477,U.S. House,4
Attleboro,2,A,Sana A. Fadel,3,U.S. House,4
Attleboro,2,A,All Others,33,U.S. House,4
Attleboro,2,A,Blanks,648,U.S. House,4
Attleboro,2,A,Total Votes Cast,2161,U.S. House,4
Attleboro,2,B,Jake Auchincloss,1393,U.S. House,4
Attleboro,2,B,Sana A. Fadel,8,U.S. House,4
Attleboro,2,B,All Others,22,U.S. House,4
Attleboro,2,B,Blanks,549,U.S. House,4
Attleboro,2,B,Total Votes Cast,1972,U.S. House,4
Attleboro,3,A,Jake Auchincloss,1355,U.S. House,4
Attleboro,3,A,Sana A. Fadel,7,U.S. House,4
Attleboro,3,A,All Others,21,U.S. House,4
Attleboro,3,A,Blanks,508,U.S. House,4
Attleboro,3,A,Total Votes Cast,1891,U.S. House,4
Attleboro,3,B,Jake Auchincloss,1442,U.S. House,4
Attleboro,3,B,Sana A. Fadel,4,U.S. House,4
Attleboro,3,B,All Others,17,U.S. House,4
Attleboro,3,B,Blanks,598,U.S. House,4
Attleboro,3,B,Total Votes Cast,2061,U.S. House,4
Attleboro,4,A,Jake Auchincloss,1230,U.S. House,4
Attleboro,4,A,Sana A. Fadel,3,U.S. House,4
Attleboro,4,A,All Others,22,U.S. House,4
Attleboro,4,A,Blanks,471,U.S. House,4
Attleboro,4,A,Total Votes Cast,1726,U.S. House,4
Attleboro,4,B,Jake Auchincloss,1735,U.S. House,4
Attleboro,4,B,Sana A. Fadel,2,U.S. House,4
Attleboro,4,B,All Others,48,U.S. House,4
Attleboro,4,B,Blanks,698,U.S. House,4
Attleboro,4,B,Total Votes Cast,2483,U.S. House,4
Attleboro,5,A,Jake Auchincloss,1032,U.S. House,4
Attleboro,5,A,Sana A. Fadel,7,U.S. House,4
Attleboro,5,A,All Others,16,U.S. House,4
Attleboro,5,A,Blanks,308,U.S. House,4
Attleboro,5,A,Total Votes Cast,1363,U.S. House,4
Attleboro,5,B,Jake Auchincloss,1493,U.S. House,4
Attleboro,5,B,Sana A. Fadel,0,U.S. House,4
Attleboro,5,B,All Others,25,U.S. House,4
Attleboro,5,B,Blanks,460,U.S. House,4
Attleboro,5,B,Total Votes Cast,1978,U.S. House,4
Attleboro,6,A,Jake Auchincloss,1369,U.S. House,4
Attleboro,6,A,Sana A. Fadel,4,U.S. House,4
Attleboro,6,A,All Others,26,U.S. House,4
Attleboro,6,A,Blanks,550,U.S. House,4
Attleboro,6,A,Total Votes Cast,1949,U.S. House,4
Attleboro,6,B,Jake Auchincloss,1539,U.S. House,4
Attleboro,6,B,Sana A. Fadel,8,U.S. House,4
Attleboro,6,B,All Others,25,U.S. House,4
Attleboro,6,B,Blanks,540,U.S. House,4
Attleboro,6,B,Total Votes Cast,2112,U.S. House,4
Auburn,-,1,James P. McGovern,1257,U.S. House,2
Auburn,-,1,Cornelius Shea,643,U.S. House,2
Auburn,-,1,All Others,0,U.S. House,2
Auburn,-,1,Blanks,95,U.S. House,2
Auburn,-,1,Total Votes Cast,1995,U.S. House,2
Auburn,-,2,James P. McGovern,1193,U.S. House,2
Auburn,-,2,Cornelius Shea,702,U.S. House,2
Auburn,-,2,All Others,1,U.S. House,2
Auburn,-,2,Blanks,114,U.S. House,2
Auburn,-,2,Total Votes Cast,2010,U.S. House,2
Auburn,-,3,James P. McGovern,1305,U.S. House,2
Auburn,-,3,Cornelius Shea,731,U.S. House,2
Auburn,-,3,All Others,1,U.S. House,2
Auburn,-,3,Blanks,109,U.S. House,2
Auburn,-,3,Total Votes Cast,2146,U.S. House,2
Auburn,-,4,James P. McGovern,1280,U.S. House,2
Auburn,-,4,Cornelius Shea,648,U.S. House,2
Auburn,-,4,All Others,6,U.S. House,2
Auburn,-,4,Blanks,106,U.S. House,2
Auburn,-,4,Total Votes Cast,2040,U.S. House,2
Auburn,-,5,James P. McGovern,1125,U.S. House,2
Auburn,-,5,Cornelius Shea,636,U.S. House,2
Auburn,-,5,All Others,3,U.S. House,2
Auburn,-,5,Blanks,118,U.S. House,2
Auburn,-,5,Total Votes Cast,1882,U.S. House,2
Avon,-,1,Stephen F. Lynch,1608,U.S. House,8
Avon,-,1,Robert G. Burke,850,U.S. House,8
Avon,-,1,All Others,1,U.S. House,8
Avon,-,1,Blanks,124,U.S. House,8
Avon,-,1,Total Votes Cast,2583,U.S. House,8
Ayer,-,1,Lori Loureiro Trahan,1126,U.S. House,3
Ayer,-,1,All Others,0,U.S. House,3
Ayer,-,1,Blanks,393,U.S. House,3
Ayer,-,1,Total Votes Cast,1519,U.S. House,3
Ayer,-,2,Lori Loureiro Trahan,1274,U.S. House,3
Ayer,-,2,All Others,0,U.S. House,3
Ayer,-,2,Blanks,484,U.S. House,3
Ayer,-,2,Total Votes Cast,1758,U.S. House,3
Ayer,-,3,Lori Loureiro Trahan,1070,U.S. House,3
Ayer,-,3,All Others,0,U.S. House,3
Ayer,-,3,Blanks,357,U.S. House,3
Ayer,-,3,Total Votes Cast,1427,U.S. House,3
Barnstable,-,1,Bill Keating,1606,U.S. House,9
Barnstable,-,1,Dan Sullivan,948,U.S. House,9
Barnstable,-,1,All Others,1,U.S. House,9
Barnstable,-,1,Blanks,81,U.S. House,9
Barnstable,-,1,Total Votes Cast,2636,U.S. House,9
Barnstable,-,10,Bill Keating,1119,U.S. House,9
Barnstable,-,10,Dan Sullivan,976,U.S. House,9
Barnstable,-,10,All Others,4,U.S. House,9
Barnstable,-,10,Blanks,80,U.S. House,9
Barnstable,-,10,Total Votes Cast,2179,U.S. House,9
Barnstable,-,11,Bill Keating,1301,U.S. House,9
Barnstable,-,11,Dan Sullivan,1126,U.S. House,9
Barnstable,-,11,All Others,2,U.S. House,9
Barnstable,-,11,Blanks,55,U.S. House,9
Barnstable,-,11,Total Votes Cast,2484,U.S. House,9
Barnstable,-,12,Bill Keating,1291,U.S. House,9
Barnstable,-,12,Dan Sullivan,1098,U.S. House,9
Barnstable,-,12,All Others,3,U.S. House,9
Barnstable,-,12,Blanks,62,U.S. House,9
Barnstable,-,12,Total Votes Cast,2454,U.S. House,9
Barnstable,-,13,Bill Keating,879,U.S. House,9
Barnstable,-,13,Dan Sullivan,589,U.S. House,9
Barnstable,-,13,All Others,1,U.S. House,9
Barnstable,-,13,Blanks,61,U.S. House,9
Barnstable,-,13,Total Votes Cast,1530,U.S. House,9
Barnstable,-,2,Bill Keating,1331,U.S. House,9
Barnstable,-,2,Dan Sullivan,1024,U.S. House,9
Barnstable,-,2,All Others,1,U.S. House,9
Barnstable,-,2,Blanks,54,U.S. House,9
Barnstable,-,2,Total Votes Cast,2410,U.S. House,9
Barnstable,-,3,Bill Keating,1015,U.S. House,9
Barnstable,-,3,Dan Sullivan,720,U.S. House,9
Barnstable,-,3,All Others,4,U.S. House,9
Barnstable,-,3,Blanks,77,U.S. House,9
Barnstable,-,3,Total Votes Cast,1816,U.S. House,9
Barnstable,-,4,Bill Keating,1235,U.S. House,9
Barnstable,-,4,Dan Sullivan,889,U.S. House,9
Barnstable,-,4,All Others,2,U.S. House,9
Barnstable,-,4,Blanks,63,U.S. House,9
Barnstable,-,4,Total Votes Cast,2189,U.S. House,9
Barnstable,-,5,Bill Keating,1337,U.S. House,9
Barnstable,-,5,Dan Sullivan,1276,U.S. House,9
Barnstable,-,5,All Others,2,U.S. House,9
Barnstable,-,5,Blanks,82,U.S. House,9
Barnstable,-,5,Total Votes Cast,2697,U.S. House,9
Barnstable,-,6,Bill Keating,1313,U.S. House,9
Barnstable,-,6,Dan Sullivan,1070,U.S. House,9
Barnstable,-,6,All Others,3,U.S. House,9
Barnstable,-,6,Blanks,72,U.S. House,9
Barnstable,-,6,Total Votes Cast,2458,U.S. House,9
Barnstable,-,7,Bill Keating,1513,U.S. House,9
Barnstable,-,7,Dan Sullivan,1106,U.S. House,9
Barnstable,-,7,All Others,1,U.S. House,9
Barnstable,-,7,Blanks,80,U.S. House,9
Barnstable,-,7,Total Votes Cast,2700,U.S. House,9
Barnstable,-,8,Bill Keating,895,U.S. House,9
Barnstable,-,8,Dan Sullivan,603,U.S. House,9
Barnstable,-,8,All Others,6,U.S. House,9
Barnstable,-,8,Blanks,67,U.S. House,9
Barnstable,-,8,Total Votes Cast,1571,U.S. House,9
Barnstable,-,9,Bill Keating,518,U.S. House,9
Barnstable,-,9,Dan Sullivan,313,U.S. House,9
Barnstable,-,9,All Others,1,U.S. House,9
Barnstable,-,9,Blanks,41,U.S. House,9
Barnstable,-,9,Total Votes Cast,873,U.S. House,9
Barre,-,1,James P. McGovern,840,U.S. House,2
Barre,-,1,Cornelius Shea,620,U.S. House,2
Barre,-,1,All Others,4,U.S. House,2
Barre,-,1,Blanks,107,U.S. House,2
Barre,-,1,Total Votes Cast,1571,U.S. House,2
Barre,-,2,James P. McGovern,839,U.S. House,2
Barre,-,2,Cornelius Shea,612,U.S. House,2
Barre,-,2,All Others,1,U.S. House,2
Barre,-,2,Blanks,102,U.S. House,2
Barre,-,2,Total Votes Cast,1554,U.S. House,2
Becket,-,1,Richard E. Neal,692,U.S. House,1
Becket,-,1,Nadia Donya Milleron,474,U.S. House,1
Becket,-,1,All Others,4,U.S. House,1
Becket,-,1,Blanks,77,U.S. House,1
Becket,-,1,Total Votes Cast,1247,U.S. House,1
Bedford,-,1,Seth W. Moulton,1771,U.S. House,6
Bedford,-,1,All Others,39,U.S. House,6
Bedford,-,1,Blanks,428,U.S. House,6
Bedford,-,1,Total Votes Cast,2238,U.S. House,6
Bedford,-,2,Seth W. Moulton,1087,U.S. House,6
Bedford,-,2,All Others,32,U.S. House,6
Bedford,-,2,Blanks,336,U.S. House,6
Bedford,-,2,Total Votes Cast,1455,U.S. House,6
Bedford,-,2A,Katherine M. Clark,295,U.S. House,5
Bedford,-,2A,All Others,4,U.S. House,5
Bedford,-,2A,Blanks,137,U.S. House,5
Bedford,-,2A,Total Votes Cast,436,U.S. House,5
Bedford,-,3,Seth W. Moulton,1737,U.S. House,6
Bedford,-,3,All Others,40,U.S. House,6
Bedford,-,3,Blanks,453,U.S. House,6
Bedford,-,3,Total Votes Cast,2230,U.S. House,6
Bedford,-,4,Seth W. Moulton,1617,U.S. House,6
Bedford,-,4,All Others,36,U.S. House,6
Bedford,-,4,Blanks,420,U.S. House,6
Bedford,-,4,Total Votes Cast,2073,U.S. House,6
Belchertown,-,A,Richard E. Neal,1436,U.S. House,1
Belchertown,-,A,Nadia Donya Milleron,783,U.S. House,1
Belchertown,-,A,All Others,3,U.S. House,1
Belchertown,-,A,Blanks,177,U.S. House,1
Belchertown,-,A,Total Votes Cast,2399,U.S. House,1
Belchertown,-,B,Richard E. Neal,1401,U.S. House,1
Belchertown,-,B,Nadia Donya Milleron,1000,U.S. House,1
Belchertown,-,B,All Others,3,U.S. House,1
Belchertown,-,B,Blanks,207,U.S. House,1
Belchertown,-,B,Total Votes Cast,2611,U.S. House,1
Belchertown,-,C,Richard E. Neal,1398,U.S. House,1
Belchertown,-,C,Nadia Donya Milleron,871,U.S. House,1
Belchertown,-,C,All Others,0,U.S. House,1
Belchertown,-,C,Blanks,180,U.S. House,1
Belchertown,-,C,Total Votes Cast,2449,U.S. House,1
Belchertown,-,D,Richard E. Neal,1346,U.S. House,1
Belchertown,-,D,Nadia Donya Milleron,676,U.S. House,1
Belchertown,-,D,All Others,3,U.S. House,1
Belchertown,-,D,Blanks,147,U.S. House,1
Belchertown,-,D,Total Votes Cast,2172,U.S. House,1
Bellingham,-,1,Jake Auchincloss,1247,U.S. House,4
Bellingham,-,1,Sana A. Fadel,0,U.S. House,4
Bellingham,-,1,All Others,57,U.S. House,4
Bellingham,-,1,Blanks,543,U.S. House,4
Bellingham,-,1,Total Votes Cast,1847,U.S. House,4
Bellingham,-,2,Jake Auchincloss,1423,U.S. House,4
Bellingham,-,2,Sana A. Fadel,0,U.S. House,4
Bellingham,-,2,All Others,59,U.S. House,4
Bellingham,-,2,Blanks,638,U.S. House,4
Bellingham,-,2,Total Votes Cast,2120,U.S. House,4
Bellingham,-,3,Jake Auchincloss,1547,U.S. House,4
Bellingham,-,3,Sana A. Fadel,0,U.S. House,4
Bellingham,-,3,All Others,68,U.S. House,4
Bellingham,-,3,Blanks,623,U.S. House,4
Bellingham,-,3,Total Votes Cast,2238,U.S. House,4
Bellingham,-,4,Jake Auchincloss,1291,U.S. House,4
Bellingham,-,4,Sana A. Fadel,0,U.S. House,4
Bellingham,-,4,All Others,60,U.S. House,4
Bellingham,-,4,Blanks,547,U.S. House,4
Bellingham,-,4,Total Votes Cast,1898,U.S. House,4
Bellingham,-,5,Jake Auchincloss,1294,U.S. House,4
Bellingham,-,5,Sana A. Fadel,0,U.S. House,4
Bellingham,-,5,All Others,57,U.S. House,4
Bellingham,-,5,Blanks,632,U.S. House,4
Bellingham,-,5,Total Votes Cast,1983,U.S. House,4
Belmont,-,1,Katherine M. Clark,1401,U.S. House,5
Belmont,-,1,All Others,10,U.S. House,5
Belmont,-,1,Blanks,382,U.S. House,5
Belmont,-,1,Total Votes Cast,1793,U.S. House,5
Belmont,-,2,Katherine M. Clark,1566,U.S. House,5
Belmont,-,2,All Others,17,U.S. House,5
Belmont,-,2,Blanks,557,U.S. House,5
Belmont,-,2,Total Votes Cast,2140,U.S. House,5
Belmont,-,3,Katherine M. Clark,1399,U.S. House,5
Belmont,-,3,All Others,17,U.S. House,5
Belmont,-,3,Blanks,362,U.S. House,5
Belmont,-,3,Total Votes Cast,1778,U.S. House,5
Belmont,-,4,Katherine M. Clark,1214,U.S. House,5
Belmont,-,4,All Others,13,U.S. House,5
Belmont,-,4,Blanks,323,U.S. House,5
Belmont,-,4,Total Votes Cast,1550,U.S. House,5
Belmont,-,5,Katherine M. Clark,1412,U.S. House,5
Belmont,-,5,All Others,21,U.S. House,5
Belmont,-,5,Blanks,357,U.S. House,5
Belmont,-,5,Total Votes Cast,1790,U.S. House,5
Belmont,-,6,Katherine M. Clark,1707,U.S. House,5
Belmont,-,6,All Others,12,U.S. House,5
Belmont,-,6,Blanks,420,U.S. House,5
Belmont,-,6,Total Votes Cast,2139,U.S. House,5
Belmont,-,7,Katherine M. Clark,1449,U.S. House,5
Belmont,-,7,All Others,17,U.S. House,5
Belmont,-,7,Blanks,349,U.S. House,5
Belmont,-,7,Total Votes Cast,1815,U.S. House,5
Belmont,-,8,Katherine M. Clark,1196,U.S. House,5
Belmont,-,8,All Others,11,U.S. House,5
Belmont,-,8,Blanks,442,U.S. House,5
Belmont,-,8,Total Votes Cast,1649,U.S. House,5
Berkley,-,1,Jake Auchincloss,1384,U.S. House,4
Berkley,-,1,Sana A. Fadel,0,U.S. House,4
Berkley,-,1,All Others,66,U.S. House,4
Berkley,-,1,Blanks,817,U.S. House,4
Berkley,-,1,Total Votes Cast,2267,U.S. House,4
Berkley,-,2,Jake Auchincloss,1211,U.S. House,4
Berkley,-,2,Sana A. Fadel,0,U.S. House,4
Berkley,-,2,All Others,57,U.S. House,4
Berkley,-,2,Blanks,728,U.S. House,4
Berkley,-,2,Total Votes Cast,1996,U.S. House,4
Berlin,-,1,Lori Loureiro Trahan,1741,U.S. House,3
Berlin,-,1,All Others,23,U.S. House,3
Berlin,-,1,Blanks,665,U.S. House,3
Berlin,-,1,Total Votes Cast,2429,U.S. House,3
Bernardston,-,1,James P. McGovern,894,U.S. House,2
Bernardston,-,1,Cornelius Shea,406,U.S. House,2
Bernardston,-,1,All Others,2,U.S. House,2
Bernardston,-,1,Blanks,109,U.S. House,2
Bernardston,-,1,Total Votes Cast,1411,U.S. House,2
Beverly,1,1,Seth W. Moulton,1534,U.S. House,6
Beverly,1,1,All Others,8,U.S. House,6
Beverly,1,1,Blanks,485,U.S. House,6
Beverly,1,1,Total Votes Cast,2027,U.S. House,6
Beverly,1,2,Seth W. Moulton,1766,U.S. House,6
Beverly,1,2,All Others,3,U.S. House,6
Beverly,1,2,Blanks,546,U.S. House,6
Beverly,1,2,Total Votes Cast,2315,U.S. House,6
Beverly,2,1,Seth W. Moulton,1681,U.S. House,6
Beverly,2,1,All Others,27,U.S. House,6
Beverly,2,1,Blanks,417,U.S. House,6
Beverly,2,1,Total Votes Cast,2125,U.S. House,6
Beverly,2,2,Seth W. Moulton,1590,U.S. House,6
Beverly,2,2,All Others,2,U.S. House,6
Beverly,2,2,Blanks,378,U.S. House,6
Beverly,2,2,Total Votes Cast,1970,U.S. House,6
Beverly,3,1,Seth W. Moulton,1147,U.S. House,6
Beverly,3,1,All Others,0,U.S. House,6
Beverly,3,1,Blanks,271,U.S. House,6
Beverly,3,1,Total Votes Cast,1418,U.S. House,6
Beverly,3,2,Seth W. Moulton,1455,U.S. House,6
Beverly,3,2,All Others,1,U.S. House,6
Beverly,3,2,Blanks,414,U.S. House,6
Beverly,3,2,Total Votes Cast,1870,U.S. House,6
Beverly,4,1,Seth W. Moulton,810,U.S. House,6
Beverly,4,1,All Others,3,U.S. House,6
Beverly,4,1,Blanks,241,U.S. House,6
Beverly,4,1,Total Votes Cast,1054,U.S. House,6
Beverly,4,2,Seth W. Moulton,1992,U.S. House,6
Beverly,4,2,All Others,4,U.S. House,6
Beverly,4,2,Blanks,432,U.S. House,6
Beverly,4,2,Total Votes Cast,2428,U.S. House,6
Beverly,5,1,Seth W. Moulton,1492,U.S. House,6
Beverly,5,1,All Others,0,U.S. House,6
Beverly,5,1,Blanks,517,U.S. House,6
Beverly,5,1,Total Votes Cast,2009,U.S. House,6
Beverly,5,2,Seth W. Moulton,1489,U.S. House,6
Beverly,5,2,All Others,4,U.S. House,6
Beverly,5,2,Blanks,474,U.S. House,6
Beverly,5,2,Total Votes Cast,1967,U.S. House,6
Beverly,6,1,Seth W. Moulton,1796,U.S. House,6
Beverly,6,1,All Others,5,U.S. House,6
Beverly,6,1,Blanks,523,U.S. House,6
Beverly,6,1,Total Votes Cast,2324,U.S. House,6
Beverly,6,2,Seth W. Moulton,1783,U.S. House,6
Beverly,6,2,All Others,5,U.S. House,6
Beverly,6,2,Blanks,613,U.S. House,6
Beverly,6,2,Total Votes Cast,2401,U.S. House,6
Billerica,-,1,Lori Loureiro Trahan,1085,U.S. House,3
Billerica,-,1,All Others,39,U.S. House,3
Billerica,-,1,Blanks,448,U.S. House,3
Billerica,-,1,Total Votes Cast,1572,U.S. House,3
Billerica,-,10,Seth W. Moulton,1585,U.S. House,6
Billerica,-,10,All Others,81,U.S. House,6
Billerica,-,10,Blanks,670,U.S. House,6
Billerica,-,10,Total Votes Cast,2336,U.S. House,6
Billerica,-,11,Lori Loureiro Trahan,1160,U.S. House,3
Billerica,-,11,All Others,58,U.S. House,3
Billerica,-,11,Blanks,517,U.S. House,3
Billerica,-,11,Total Votes Cast,1735,U.S. House,3
Billerica,-,12,Lori Loureiro Trahan,1309,U.S. House,3
Billerica,-,12,All Others,39,U.S. House,3
Billerica,-,12,Blanks,562,U.S. House,3
Billerica,-,12,Total Votes Cast,1910,U.S. House,3
Billerica,-,2,Lori Loureiro Trahan,1464,U.S. House,3
Billerica,-,2,All Others,65,U.S. House,3
Billerica,-,2,Blanks,578,U.S. House,3
Billerica,-,2,Total Votes Cast,2107,U.S. House,3
Billerica,-,3,Seth W. Moulton,1426,U.S. House,6
Billerica,-,3,All Others,56,U.S. House,6
Billerica,-,3,Blanks,613,U.S. House,6
Billerica,-,3,Total Votes Cast,2095,U.S. House,6
Billerica,-,4,Seth W. Moulton,1249,U.S. House,6
Billerica,-,4,All Others,46,U.S. House,6
Billerica,-,4,Blanks,524,U.S. House,6
Billerica,-,4,Total Votes Cast,1819,U.S. House,6
Billerica,-,5,Seth W. Moulton,1602,U.S. House,6
Billerica,-,5,All Others,58,U.S. House,6
Billerica,-,5,Blanks,756,U.S. House,6
Billerica,-,5,Total Votes Cast,2416,U.S. House,6
Billerica,-,6,Lori Loureiro Trahan,1237,U.S. House,3
Billerica,-,6,All Others,44,U.S. House,3
Billerica,-,6,Blanks,501,U.S. House,3
Billerica,-,6,Total Votes Cast,1782,U.S. House,3
Billerica,-,7,Lori Loureiro Trahan,1321,U.S. House,3
Billerica,-,7,All Others,62,U.S. House,3
Billerica,-,7,Blanks,535,U.S. House,3
Billerica,-,7,Total Votes Cast,1918,U.S. House,3
Billerica,-,8,Lori Loureiro Trahan,1354,U.S. House,3
Billerica,-,8,All Others,48,U.S. House,3
Billerica,-,8,Blanks,591,U.S. House,3
Billerica,-,8,Total Votes Cast,1993,U.S. House,3
Billerica,-,9,Seth W. Moulton,1484,U.S. House,6
Billerica,-,9,All Others,62,U.S. House,6
Billerica,-,9,Blanks,652,U.S. House,6
Billerica,-,9,Total Votes Cast,2198,U.S. House,6
Blackstone,-,1,Jake Auchincloss,1073,U.S. House,4
Blackstone,-,1,Sana A. Fadel,0,U.S. House,4
Blackstone,-,1,All Others,7,U.S. House,4
Blackstone,-,1,Blanks,494,U.S. House,4
Blackstone,-,1,Total Votes Cast,1574,U.S. House,4
Blackstone,-,2,Jake Auchincloss,1158,U.S. House,4
Blackstone,-,2,Sana A. Fadel,0,U.S. House,4
Blackstone,-,2,All Others,8,U.S. House,4
Blackstone,-,2,Blanks,540,U.S. House,4
Blackstone,-,2,Total Votes Cast,1706,U.S. House,4
Blackstone,-,3,Jake Auchincloss,1221,U.S. House,4
Blackstone,-,3,Sana A. Fadel,0,U.S. House,4
Blackstone,-,3,All Others,26,U.S. House,4
Blackstone,-,3,Blanks,627,U.S. House,4
Blackstone,-,3,Total Votes Cast,1874,U.S. House,4
Blandford,-,1,Richard E. Neal,327,U.S. House,1
Blandford,-,1,Nadia Donya Milleron,445,U.S. House,1
Blandford,-,1,All Others,4,U.S. House,1
Blandford,-,1,Blanks,44,U.S. House,1
Blandford,-,1,Total Votes Cast,820,U.S. House,1
Bolton,-,1,Lori Loureiro Trahan,2783,U.S. House,3
Bolton,-,1,All Others,99,U.S. House,3
Bolton,-,1,Blanks,824,U.S. House,3
Bolton,-,1,Total Votes Cast,3706,U.S. House,3
Boston,1,1,Ayanna S. Pressley,868,U.S. House,7
Boston,1,1,All Others,38,U.S. House,7
Boston,1,1,Blanks,193,U.S. House,7
Boston,1,1,Total Votes Cast,1099,U.S. House,7
Boston,1,10,Ayanna S. Pressley,356,U.S. House,7
Boston,1,10,All Others,20,U.S. House,7
Boston,1,10,Blanks,102,U.S. House,7
Boston,1,10,Total Votes Cast,478,U.S. House,7
Boston,1,11,Ayanna S. Pressley,791,U.S. House,7
Boston,1,11,All Others,51,U.S. House,7
Boston,1,11,Blanks,239,U.S. House,7
Boston,1,11,Total Votes Cast,1081,U.S. House,7
Boston,1,12,Ayanna S. Pressley,671,U.S. House,7
Boston,1,12,All Others,61,U.S. House,7
Boston,1,12,Blanks,278,U.S. House,7
Boston,1,12,Total Votes Cast,1010,U.S. House,7
Boston,1,13,Ayanna S. Pressley,958,U.S. House,7
Boston,1,13,All Others,62,U.S. House,7
Boston,1,13,Blanks,321,U.S. House,7
Boston,1,13,Total Votes Cast,1341,U.S. House,7
Boston,1,14,Ayanna S. Pressley,429,U.S. House,7
Boston,1,14,All Others,42,U.S. House,7
Boston,1,14,Blanks,211,U.S. House,7
Boston,1,14,Total Votes Cast,682,U.S. House,7
Boston,1,15,Stephen F. Lynch,0,U.S. House,8
Boston,1,15,Robert G. Burke,0,U.S. House,8
Boston,1,15,All Others,0,U.S. House,8
Boston,1,15,Blanks,0,U.S. House,8
Boston,1,15,Total Votes Cast,0,U.S. House,8
Boston,1,2,Ayanna S. Pressley,685,U.S. House,7
Boston,1,2,All Others,38,U.S. House,7
Boston,1,2,Blanks,137,U.S. House,7
Boston,1,2,Total Votes Cast,860,U.S. House,7
Boston,1,3,Ayanna S. Pressley,1792,U.S. House,7
Boston,1,3,All Others,75,U.S. House,7
Boston,1,3,Blanks,345,U.S. House,7
Boston,1,3,Total Votes Cast,2212,U.S. House,7
Boston,1,4,Ayanna S. Pressley,715,U.S. House,7
Boston,1,4,All Others,21,U.S. House,7
Boston,1,4,Blanks,142,U.S. House,7
Boston,1,4,Total Votes Cast,878,U.S. House,7
Boston,1,5,Ayanna S. Pressley,756,U.S. House,7
Boston,1,5,All Others,33,U.S. House,7
Boston,1,5,Blanks,171,U.S. House,7
Boston,1,5,Total Votes Cast,960,U.S. House,7
Boston,1,6,Ayanna S. Pressley,617,U.S. House,7
Boston,1,6,All Others,29,U.S. House,7
Boston,1,6,Blanks,151,U.S. House,7
Boston,1,6,Total Votes Cast,797,U.S. House,7
Boston,1,7,Ayanna S. Pressley,687,U.S. House,7
Boston,1,7,All Others,38,U.S. House,7
Boston,1,7,Blanks,150,U.S. House,7
Boston,1,7,Total Votes Cast,875,U.S. House,7
Boston,1,8,Ayanna S. Pressley,869,U.S. House,7
Boston,1,8,All Others,37,U.S. House,7
Boston,1,8,Blanks,182,U.S. House,7
Boston,1,8,Total Votes Cast,1088,U.S. House,7
Boston,1,9,Ayanna S. Pressley,631,U.S. House,7
Boston,1,9,All Others,30,U.S. House,7
Boston,1,9,Blanks,143,U.S. House,7
Boston,1,9,Total Votes Cast,804,U.S. House,7
Boston,10,1,Ayanna S. Pressley,448,U.S. House,7
Boston,10,1,All Others,11,U.S. House,7
Boston,10,1,Blanks,82,U.S. House,7
Boston,10,1,Total Votes Cast,541,U.S. House,7
Boston,10,2,Ayanna S. Pressley,428,U.S. House,7
Boston,10,2,All Others,9,U.S. House,7
Boston,10,2,Blanks,85,U.S. House,7
Boston,10,2,Total Votes Cast,522,U.S. House,7
Boston,10,3,Ayanna S. Pressley,374,U.S. House,7
Boston,10,3,All Others,10,U.S. House,7
Boston,10,3,Blanks,51,U.S. House,7
Boston,10,3,Total Votes Cast,435,U.S. House,7
Boston,10,4,Ayanna S. Pressley,754,U.S. House,7
Boston,10,4,All Others,21,U.S. House,7
Boston,10,4,Blanks,193,U.S. House,7
Boston,10,4,Total Votes Cast,968,U.S. House,7
Boston,10,5,Ayanna S. Pressley,480,U.S. House,7
Boston,10,5,All Others,21,U.S. House,7
Boston,10,5,Blanks,88,U.S. House,7
Boston,10,5,Total Votes Cast,589,U.S. House,7
Boston,10,6,Ayanna S. Pressley,595,U.S. House,7
Boston,10,6,All Others,19,U.S. House,7
Boston,10,6,Blanks,101,U.S. House,7
Boston,10,6,Total Votes Cast,715,U.S. House,7
Boston,10,7,Ayanna S. Pressley,781,U.S. House,7
Boston,10,7,All Others,13,U.S. House,7
Boston,10,7,Blanks,104,U.S. House,7
Boston,10,7,Total Votes Cast,898,U.S. House,7
Boston,10,8,Ayanna S. Pressley,1037,U.S. House,7
Boston,10,8,All Others,21,U.S. House,7
Boston,10,8,Blanks,142,U.S. House,7
Boston,10,8,Total Votes Cast,1200,U.S. House,7
Boston,10,9,Ayanna S. Pressley,1242,U.S. House,7
Boston,10,9,All Others,17,U.S. House,7
Boston,10,9,Blanks,150,U.S. House,7
Boston,10,9,Total Votes Cast,1409,U.S. House,7
Boston,10,9A,Stephen F. Lynch,0,U.S. House,8
Boston,10,9A,Robert G. Burke,0,U.S. House,8
Boston,10,9A,All Others,0,U.S. House,8
Boston,10,9A,Blanks,0,U.S. House,8
Boston,10,9A,Total Votes Cast,0,U.S. House,8
Boston,11,1,Ayanna S. Pressley,541,U.S. House,7
Boston,11,1,All Others,8,U.S. House,7
Boston,11,1,Blanks,41,U.S. House,7
Boston,11,1,Total Votes Cast,590,U.S. House,7
Boston,11,10,Stephen F. Lynch,799,U.S. House,8
Boston,11,10,Robert G. Burke,51,U.S. House,8
Boston,11,10,All Others,8,U.S. House,8
Boston,11,10,Blanks,96,U.S. House,8
Boston,11,10,Total Votes Cast,954,U.S. House,8
Boston,11,2,Ayanna S. Pressley,836,U.S. House,7
Boston,11,2,All Others,16,U.S. House,7
Boston,11,2,Blanks,88,U.S. House,7
Boston,11,2,Total Votes Cast,940,U.S. House,7
Boston,11,3,Ayanna S. Pressley,617,U.S. House,7
Boston,11,3,All Others,12,U.S. House,7
Boston,11,3,Blanks,67,U.S. House,7
Boston,11,3,Total Votes Cast,696,U.S. House,7
Boston,11,4,Ayanna S. Pressley,1085,U.S. House,7
Boston,11,4,All Others,22,U.S. House,7
Boston,11,4,Blanks,104,U.S. House,7
Boston,11,4,Total Votes Cast,1211,U.S. House,7
Boston,11,5,Ayanna S. Pressley,878,U.S. House,7
Boston,11,5,All Others,17,U.S. House,7
Boston,11,5,Blanks,123,U.S. House,7
Boston,11,5,Total Votes Cast,1018,U.S. House,7
Boston,11,6,Ayanna S. Pressley,822,U.S. House,7
Boston,11,6,All Others,15,U.S. House,7
Boston,11,6,Blanks,77,U.S. House,7
Boston,11,6,Total Votes Cast,914,U.S. House,7
Boston,11,7,Ayanna S. Pressley,1024,U.S. House,7
Boston,11,7,All Others,16,U.S. House,7
Boston,11,7,Blanks,126,U.S. House,7
Boston,11,7,Total Votes Cast,1166,U.S. House,7
Boston,11,8,Ayanna S. Pressley,1513,U.S. House,7
Boston,11,8,All Others,28,U.S. House,7
Boston,11,8,Blanks,130,U.S. House,7
Boston,11,8,Total Votes Cast,1671,U.S. House,7
Boston,11,9,Stephen F. Lynch,696,U.S. House,8
Boston,11,9,Robert G. Burke,38,U.S. House,8
Boston,11,9,All Others,10,U.S. House,8
Boston,11,9,Blanks,95,U.S. House,8
Boston,11,9,Total Votes Cast,839,U.S. House,8
Boston,12,1,Ayanna S. Pressley,825,U.S. House,7
Boston,12,1,All Others,16,U.S. House,7
Boston,12,1,Blanks,76,U.S. House,7
Boston,12,1,Total Votes Cast,917,U.S. House,7
Boston,12,2,Ayanna S. Pressley,1017,U.S. House,7
Boston,12,2,All Others,21,U.S. House,7
Boston,12,2,Blanks,88,U.S. House,7
Boston,12,2,Total Votes Cast,1126,U.S. House,7
Boston,12,3,Ayanna S. Pressley,471,U.S. House,7
Boston,12,3,All Others,12,U.S. House,7
Boston,12,3,Blanks,42,U.S. House,7
Boston,12,3,Total Votes Cast,525,U.S. House,7
Boston,12,4,Ayanna S. Pressley,587,U.S. House,7
Boston,12,4,All Others,8,U.S. House,7
Boston,12,4,Blanks,67,U.S. House,7
Boston,12,4,Total Votes Cast,662,U.S. House,7
Boston,12,5,Ayanna S. Pressley,340,U.S. House,7
Boston,12,5,All Others,3,U.S. House,7
Boston,12,5,Blanks,37,U.S. House,7
Boston,12,5,Total Votes Cast,380,U.S. House,7
Boston,12,6,Ayanna S. Pressley,480,U.S. House,7
Boston,12,6,All Others,3,U.S. House,7
Boston,12,6,Blanks,46,U.S. House,7
Boston,12,6,Total Votes Cast,529,U.S. House,7
Boston,12,7,Ayanna S. Pressley,1098,U.S. House,7
Boston,12,7,All Others,21,U.S. House,7
Boston,12,7,Blanks,132,U.S. House,7
Boston,12,7,Total Votes Cast,1251,U.S. House,7
Boston,12,8,Ayanna S. Pressley,401,U.S. House,7
Boston,12,8,All Others,3,U.S. House,7
Boston,12,8,Blanks,30,U.S. House,7
Boston,12,8,Total Votes Cast,434,U.S. House,7
Boston,12,9,Ayanna S. Pressley,520,U.S. House,7
Boston,12,9,All Others,11,U.S. House,7
Boston,12,9,Blanks,38,U.S. House,7
Boston,12,9,Total Votes Cast,569,U.S. House,7
Boston,13,1,Ayanna S. Pressley,691,U.S. House,7
Boston,13,1,All Others,7,U.S. House,7
Boston,13,1,Blanks,67,U.S. House,7
Boston,13,1,Total Votes Cast,765,U.S. House,7
Boston,13,10,Stephen F. Lynch,1006,U.S. House,8
Boston,13,10,Robert G. Burke,234,U.S. House,8
Boston,13,10,All Others,6,U.S. House,8
Boston,13,10,Blanks,80,U.S. House,8
Boston,13,10,Total Votes Cast,1326,U.S. House,8
Boston,13,2,Ayanna S. Pressley,269,U.S. House,7
Boston,13,2,All Others,11,U.S. House,7
Boston,13,2,Blanks,34,U.S. House,7
Boston,13,2,Total Votes Cast,314,U.S. House,7
Boston,13,3,Stephen F. Lynch,662,U.S. House,8
Boston,13,3,Robert G. Burke,106,U.S. House,8
Boston,13,3,All Others,2,U.S. House,8
Boston,13,3,Blanks,63,U.S. House,8
Boston,13,3,Total Votes Cast,833,U.S. House,8
Boston,13,4,Ayanna S. Pressley,530,U.S. House,7
Boston,13,4,All Others,8,U.S. House,7
Boston,13,4,Blanks,63,U.S. House,7
Boston,13,4,Total Votes Cast,601,U.S. House,7
Boston,13,5,Ayanna S. Pressley,479,U.S. House,7
Boston,13,5,All Others,9,U.S. House,7
Boston,13,5,Blanks,72,U.S. House,7
Boston,13,5,Total Votes Cast,560,U.S. House,7
Boston,13,6,Ayanna S. Pressley,678,U.S. House,7
Boston,13,6,All Others,18,U.S. House,7
Boston,13,6,Blanks,90,U.S. House,7
Boston,13,6,Total Votes Cast,786,U.S. House,7
Boston,13,7,Stephen F. Lynch,666,U.S. House,8
Boston,13,7,Robert G. Burke,196,U.S. House,8
Boston,13,7,All Others,5,U.S. House,8
Boston,13,7,Blanks,68,U.S. House,8
Boston,13,7,Total Votes Cast,935,U.S. House,8
Boston,13,8,Stephen F. Lynch,592,U.S. House,8
Boston,13,8,Robert G. Burke,139,U.S. House,8
Boston,13,8,All Others,3,U.S. House,8
Boston,13,8,Blanks,56,U.S. House,8
Boston,13,8,Total Votes Cast,790,U.S. House,8
Boston,13,9,Stephen F. Lynch,697,U.S. House,8
Boston,13,9,Robert G. Burke,131,U.S. House,8
Boston,13,9,All Others,4,U.S. House,8
Boston,13,9,Blanks,58,U.S. House,8
Boston,13,9,Total Votes Cast,890,U.S. House,8
Boston,14,1,Ayanna S. Pressley,1029,U.S. House,7
Boston,14,1,All Others,25,U.S. House,7
Boston,14,1,Blanks,135,U.S. House,7
Boston,14,1,Total Votes Cast,1189,U.S. House,7
Boston,14,10,Ayanna S. Pressley,607,U.S. House,7
Boston,14,10,All Others,11,U.S. House,7
Boston,14,10,Blanks,90,U.S. House,7
Boston,14,10,Total Votes Cast,708,U.S. House,7
Boston,14,11,Ayanna S. Pressley,601,U.S. House,7
Boston,14,11,All Others,12,U.S. House,7
Boston,14,11,Blanks,55,U.S. House,7
Boston,14,11,Total Votes Cast,668,U.S. House,7
Boston,14,12,Ayanna S. Pressley,353,U.S. House,7
Boston,14,12,All Others,4,U.S. House,7
Boston,14,12,Blanks,31,U.S. House,7
Boston,14,12,Total Votes Cast,388,U.S. House,7
Boston,14,13,Ayanna S. Pressley,556,U.S. House,7
Boston,14,13,All Others,9,U.S. House,7
Boston,14,13,Blanks,32,U.S. House,7
Boston,14,13,Total Votes Cast,597,U.S. House,7
Boston,14,14,Ayanna S. Pressley,604,U.S. House,7
Boston,14,14,All Others,10,U.S. House,7
Boston,14,14,Blanks,47,U.S. House,7
Boston,14,14,Total Votes Cast,661,U.S. House,7
Boston,14,2,Ayanna S. Pressley,1157,U.S. House,7
Boston,14,2,All Others,23,U.S. House,7
Boston,14,2,Blanks,105,U.S. House,7
Boston,14,2,Total Votes Cast,1285,U.S. House,7
Boston,14,3,Ayanna S. Pressley,295,U.S. House,7
Boston,14,3,All Others,5,U.S. House,7
Boston,14,3,Blanks,29,U.S. House,7
Boston,14,3,Total Votes Cast,329,U.S. House,7
Boston,14,4,Ayanna S. Pressley,645,U.S. House,7
Boston,14,4,All Others,19,U.S. House,7
Boston,14,4,Blanks,69,U.S. House,7
Boston,14,4,Total Votes Cast,733,U.S. House,7
Boston,14,5,Ayanna S. Pressley,504,U.S. House,7
Boston,14,5,All Others,5,U.S. House,7
Boston,14,5,Blanks,35,U.S. House,7
Boston,14,5,Total Votes Cast,544,U.S. House,7
Boston,14,6,Ayanna S. Pressley,532,U.S. House,7
Boston,14,6,All Others,6,U.S. House,7
Boston,14,6,Blanks,56,U.S. House,7
Boston,14,6,Total Votes Cast,594,U.S. House,7
Boston,14,7,Ayanna S. Pressley,506,U.S. House,7
Boston,14,7,All Others,15,U.S. House,7
Boston,14,7,Blanks,41,U.S. House,7
Boston,14,7,Total Votes Cast,562,U.S. House,7
Boston,14,8,Ayanna S. Pressley,620,U.S. House,7
Boston,14,8,All Others,5,U.S. House,7
Boston,14,8,Blanks,67,U.S. House,7
Boston,14,8,Total Votes Cast,692,U.S. House,7
Boston,14,9,Ayanna S. Pressley,558,U.S. House,7
Boston,14,9,All Others,12,U.S. House,7
Boston,14,9,Blanks,62,U.S. House,7
Boston,14,9,Total Votes Cast,632,U.S. House,7
Boston,15,1,Ayanna S. Pressley,735,U.S. House,7
Boston,15,1,All Others,13,U.S. House,7
Boston,15,1,Blanks,93,U.S. House,7
Boston,15,1,Total Votes Cast,841,U.S. House,7
Boston,15,2,Ayanna S. Pressley,456,U.S. House,7
Boston,15,2,All Others,9,U.S. House,7
Boston,15,2,Blanks,58,U.S. House,7
Boston,15,2,Total Votes Cast,523,U.S. House,7
Boston,15,3,Ayanna S. Pressley,310,U.S. House,7
Boston,15,3,All Others,9,U.S. House,7
Boston,15,3,Blanks,59,U.S. House,7
Boston,15,3,Total Votes Cast,378,U.S. House,7
Boston,15,4,Ayanna S. Pressley,843,U.S. House,7
Boston,15,4,All Others,45,U.S. House,7
Boston,15,4,Blanks,116,U.S. House,7
Boston,15,4,Total Votes Cast,1004,U.S. House,7
Boston,15,5,Ayanna S. Pressley,545,U.S. House,7
Boston,15,5,All Others,8,U.S. House,7
Boston,15,5,Blanks,84,U.S. House,7
Boston,15,5,Total Votes Cast,637,U.S. House,7
Boston,15,6,Ayanna S. Pressley,407,U.S. House,7
Boston,15,6,All Others,17,U.S. House,7
Boston,15,6,Blanks,146,U.S. House,7
Boston,15,6,Total Votes Cast,570,U.S. House,7
Boston,15,7,Ayanna S. Pressley,476,U.S. House,7
Boston,15,7,All Others,12,U.S. House,7
Boston,15,7,Blanks,62,U.S. House,7
Boston,15,7,Total Votes Cast,550,U.S. House,7
Boston,15,8,Ayanna S. Pressley,384,U.S. House,7
Boston,15,8,All Others,16,U.S. House,7
Boston,15,8,Blanks,128,U.S. House,7
Boston,15,8,Total Votes Cast,528,U.S. House,7
Boston,15,9,Ayanna S. Pressley,429,U.S. House,7
Boston,15,9,All Others,9,U.S. House,7
Boston,15,9,Blanks,136,U.S. House,7
Boston,15,9,Total Votes Cast,574,U.S. House,7
Boston,16,1,Ayanna S. Pressley,515,U.S. House,7
Boston,16,1,All Others,24,U.S. House,7
Boston,16,1,Blanks,125,U.S. House,7
Boston,16,1,Total Votes Cast,664,U.S. House,7
Boston,16,10,Stephen F. Lynch,696,U.S. House,8
Boston,16,10,Robert G. Burke,234,U.S. House,8
Boston,16,10,All Others,2,U.S. House,8
Boston,16,10,Blanks,53,U.S. House,8
Boston,16,10,Total Votes Cast,985,U.S. House,8
Boston,16,11,Stephen F. Lynch,499,U.S. House,8
Boston,16,11,Robert G. Burke,114,U.S. House,8
Boston,16,11,All Others,0,U.S. House,8
Boston,16,11,Blanks,35,U.S. House,8
Boston,16,11,Total Votes Cast,648,U.S. House,8
Boston,16,12,Stephen F. Lynch,749,U.S. House,8
Boston,16,12,Robert G. Burke,225,U.S. House,8
Boston,16,12,All Others,3,U.S. House,8
Boston,16,12,Blanks,67,U.S. House,8
Boston,16,12,Total Votes Cast,1044,U.S. House,8
Boston,16,2,Stephen F. Lynch,497,U.S. House,8
Boston,16,2,Robert G. Burke,152,U.S. House,8
Boston,16,2,All Others,3,U.S. House,8
Boston,16,2,Blanks,43,U.S. House,8
Boston,16,2,Total Votes Cast,695,U.S. House,8
Boston,16,3,Ayanna S. Pressley,679,U.S. House,7
Boston,16,3,All Others,10,U.S. House,7
Boston,16,3,Blanks,135,U.S. House,7
Boston,16,3,Total Votes Cast,824,U.S. House,7
Boston,16,4,Ayanna S. Pressley,665,U.S. House,7
Boston,16,4,All Others,21,U.S. House,7
Boston,16,4,Blanks,146,U.S. House,7
Boston,16,4,Total Votes Cast,832,U.S. House,7
Boston,16,5,Stephen F. Lynch,751,U.S. House,8
Boston,16,5,Robert G. Burke,188,U.S. House,8
Boston,16,5,All Others,2,U.S. House,8
Boston,16,5,Blanks,58,U.S. House,8
Boston,16,5,Total Votes Cast,999,U.S. House,8
Boston,16,6,Ayanna S. Pressley,916,U.S. House,7
Boston,16,6,All Others,32,U.S. House,7
Boston,16,6,Blanks,264,U.S. House,7
Boston,16,6,Total Votes Cast,1212,U.S. House,7
Boston,16,7,Stephen F. Lynch,725,U.S. House,8
Boston,16,7,Robert G. Burke,193,U.S. House,8
Boston,16,7,All Others,3,U.S. House,8
Boston,16,7,Blanks,55,U.S. House,8
Boston,16,7,Total Votes Cast,976,U.S. House,8
Boston,16,8,Stephen F. Lynch,1103,U.S. House,8
Boston,16,8,Robert G. Burke,267,U.S. House,8
Boston,16,8,All Others,8,U.S. House,8
Boston,16,8,Blanks,110,U.S. House,8
Boston,16,8,Total Votes Cast,1488,U.S. House,8
Boston,16,9,Stephen F. Lynch,860,U.S. House,8
Boston,16,9,Robert G. Burke,295,U.S. House,8
Boston,16,9,All Others,2,U.S. House,8
Boston,16,9,Blanks,75,U.S. House,8
Boston,16,9,Total Votes Cast,1232,U.S. House,8
Boston,17,1,Ayanna S. Pressley,570,U.S. House,7
Boston,17,1,All Others,11,U.S. House,7
Boston,17,1,Blanks,65,U.S. House,7
Boston,17,1,Total Votes Cast,646,U.S. House,7
Boston,17,10,Ayanna S. Pressley,821,U.S. House,7
Boston,17,10,All Others,7,U.S. House,7
Boston,17,10,Blanks,81,U.S. House,7
Boston,17,10,Total Votes Cast,909,U.S. House,7
Boston,17,11,Ayanna S. Pressley,318,U.S. House,7
Boston,17,11,All Others,4,U.S. House,7
Boston,17,11,Blanks,42,U.S. House,7
Boston,17,11,Total Votes Cast,364,U.S. House,7
Boston,17,12,Ayanna S. Pressley,595,U.S. House,7
Boston,17,12,All Others,9,U.S. House,7
Boston,17,12,Blanks,54,U.S. House,7
Boston,17,12,Total Votes Cast,658,U.S. House,7
Boston,17,13,Stephen F. Lynch,738,U.S. House,8
Boston,17,13,Robert G. Burke,113,U.S. House,8
Boston,17,13,All Others,4,U.S. House,8
Boston,17,13,Blanks,66,U.S. House,8
Boston,17,13,Total Votes Cast,921,U.S. House,8
Boston,17,14,Ayanna S. Pressley,803,U.S. House,7
Boston,17,14,All Others,24,U.S. House,7
Boston,17,14,Blanks,123,U.S. House,7
Boston,17,14,Total Votes Cast,950,U.S. House,7
Boston,17,2,Ayanna S. Pressley,437,U.S. House,7
Boston,17,2,All Others,14,U.S. House,7
Boston,17,2,Blanks,47,U.S. House,7
Boston,17,2,Total Votes Cast,498,U.S. House,7
Boston,17,3,Ayanna S. Pressley,962,U.S. House,7
Boston,17,3,All Others,15,U.S. House,7
Boston,17,3,Blanks,105,U.S. House,7
Boston,17,3,Total Votes Cast,1082,U.S. House,7
Boston,17,4,Ayanna S. Pressley,1143,U.S. House,7
Boston,17,4,All Others,27,U.S. House,7
Boston,17,4,Blanks,175,U.S. House,7
Boston,17,4,Total Votes Cast,1345,U.S. House,7
Boston,17,5,Ayanna S. Pressley,445,U.S. House,7
Boston,17,5,All Others,7,U.S. House,7
Boston,17,5,Blanks,34,U.S. House,7
Boston,17,5,Total Votes Cast,486,U.S. House,7
Boston,17,6,Ayanna S. Pressley,755,U.S. House,7
Boston,17,6,All Others,24,U.S. House,7
Boston,17,6,Blanks,79,U.S. House,7
Boston,17,6,Total Votes Cast,858,U.S. House,7
Boston,17,7,Ayanna S. Pressley,374,U.S. House,7
Boston,17,7,All Others,12,U.S. House,7
Boston,17,7,Blanks,28,U.S. House,7
Boston,17,7,Total Votes Cast,414,U.S. House,7
Boston,17,8,Ayanna S. Pressley,610,U.S. House,7
Boston,17,8,All Others,15,U.S. House,7
Boston,17,8,Blanks,67,U.S. House,7
Boston,17,8,Total Votes Cast,692,U.S. House,7
Boston,17,9,Ayanna S. Pressley,556,U.S. House,7
Boston,17,9,All Others,10,U.S. House,7
Boston,17,9,Blanks,62,U.S. House,7
Boston,17,9,Total Votes Cast,628,U.S. House,7
Boston,18,1,Ayanna S. Pressley,1234,U.S. House,7
Boston,18,1,All Others,18,U.S. House,7
Boston,18,1,Blanks,106,U.S. House,7
Boston,18,1,Total Votes Cast,1358,U.S. House,7
Boston,18,10,Ayanna S. Pressley,1327,U.S. House,7
Boston,18,10,All Others,45,U.S. House,7
Boston,18,10,Blanks,261,U.S. House,7
Boston,18,10,Total Votes Cast,1633,U.S. House,7
Boston,18,11,Ayanna S. Pressley,726,U.S. House,7
Boston,18,11,All Others,18,U.S. House,7
Boston,18,11,Blanks,105,U.S. House,7
Boston,18,11,Total Votes Cast,849,U.S. House,7
Boston,18,12,Ayanna S. Pressley,906,U.S. House,7
Boston,18,12,All Others,23,U.S. House,7
Boston,18,12,Blanks,194,U.S. House,7
Boston,18,12,Total Votes Cast,1123,U.S. House,7
Boston,18,13,Ayanna S. Pressley,569,U.S. House,7
Boston,18,13,All Others,20,U.S. House,7
Boston,18,13,Blanks,64,U.S. House,7
Boston,18,13,Total Votes Cast,653,U.S. House,7
Boston,18,14,Ayanna S. Pressley,561,U.S. House,7
Boston,18,14,All Others,14,U.S. House,7
Boston,18,14,Blanks,85,U.S. House,7
Boston,18,14,Total Votes Cast,660,U.S. House,7
Boston,18,15,Ayanna S. Pressley,910,U.S. House,7
Boston,18,15,All Others,13,U.S. House,7
Boston,18,15,Blanks,90,U.S. House,7
Boston,18,15,Total Votes Cast,1013,U.S. House,7
Boston,18,16,Ayanna S. Pressley,869,U.S. House,7
Boston,18,16,All Others,63,U.S. House,7
Boston,18,16,Blanks,295,U.S. House,7
Boston,18,16,Total Votes Cast,1227,U.S. House,7
Boston,18,17,Ayanna S. Pressley,890,U.S. House,7
Boston,18,17,All Others,32,U.S. House,7
Boston,18,17,Blanks,178,U.S. House,7
Boston,18,17,Total Votes Cast,1100,U.S. House,7
Boston,18,18,Ayanna S. Pressley,1091,U.S. House,7
Boston,18,18,All Others,31,U.S. House,7
Boston,18,18,Blanks,203,U.S. House,7
Boston,18,18,Total Votes Cast,1325,U.S. House,7
Boston,18,19,Ayanna S. Pressley,1453,U.S. House,7
Boston,18,19,All Others,49,U.S. House,7
Boston,18,19,Blanks,299,U.S. House,7
Boston,18,19,Total Votes Cast,1801,U.S. House,7
Boston,18,2,Ayanna S. Pressley,741,U.S. House,7
Boston,18,2,All Others,6,U.S. House,7
Boston,18,2,Blanks,74,U.S. House,7
Boston,18,2,Total Votes Cast,821,U.S. House,7
Boston,18,20,Ayanna S. Pressley,1064,U.S. House,7
Boston,18,20,All Others,58,U.S. House,7
Boston,18,20,Blanks,384,U.S. House,7
Boston,18,20,Total Votes Cast,1506,U.S. House,7
Boston,18,21,Ayanna S. Pressley,1119,U.S. House,7
Boston,18,21,All Others,13,U.S. House,7
Boston,18,21,Blanks,88,U.S. House,7
Boston,18,21,Total Votes Cast,1220,U.S. House,7
Boston,18,22,Ayanna S. Pressley,996,U.S. House,7
Boston,18,22,All Others,61,U.S. House,7
Boston,18,22,Blanks,306,U.S. House,7
Boston,18,22,Total Votes Cast,1363,U.S. House,7
Boston,18,23,Ayanna S. Pressley,725,U.S. House,7
Boston,18,23,All Others,17,U.S. House,7
Boston,18,23,Blanks,79,U.S. House,7
Boston,18,23,Total Votes Cast,821,U.S. House,7
Boston,18,3,Ayanna S. Pressley,924,U.S. House,7
Boston,18,3,All Others,9,U.S. House,7
Boston,18,3,Blanks,69,U.S. House,7
Boston,18,3,Total Votes Cast,1002,U.S. House,7
Boston,18,4,Ayanna S. Pressley,950,U.S. House,7
Boston,18,4,All Others,15,U.S. House,7
Boston,18,4,Blanks,84,U.S. House,7
Boston,18,4,Total Votes Cast,1049,U.S. House,7
Boston,18,5,Ayanna S. Pressley,1010,U.S. House,7
Boston,18,5,All Others,10,U.S. House,7
Boston,18,5,Blanks,78,U.S. House,7
Boston,18,5,Total Votes Cast,1098,U.S. House,7
Boston,18,6,Ayanna S. Pressley,1282,U.S. House,7
Boston,18,6,All Others,17,U.S. House,7
Boston,18,6,Blanks,86,U.S. House,7
Boston,18,6,Total Votes Cast,1385,U.S. House,7
Boston,18,7,Ayanna S. Pressley,906,U.S. House,7
Boston,18,7,All Others,23,U.S. House,7
Boston,18,7,Blanks,127,U.S. House,7
Boston,18,7,Total Votes Cast,1056,U.S. House,7
Boston,18,8,Ayanna S. Pressley,1497,U.S. House,7
Boston,18,8,All Others,35,U.S. House,7
Boston,18,8,Blanks,195,U.S. House,7
Boston,18,8,Total Votes Cast,1727,U.S. House,7
Boston,18,9,Ayanna S. Pressley,898,U.S. House,7
Boston,18,9,All Others,29,U.S. House,7
Boston,18,9,Blanks,206,U.S. House,7
Boston,18,9,Total Votes Cast,1133,U.S. House,7
Boston,19,1,Stephen F. Lynch,875,U.S. House,8
Boston,19,1,Robert G. Burke,52,U.S. House,8
Boston,19,1,All Others,13,U.S. House,8
Boston,19,1,Blanks,90,U.S. House,8
Boston,19,1,Total Votes Cast,1030,U.S. House,8
Boston,19,10,Ayanna S. Pressley,1136,U.S. House,7
Boston,19,10,All Others,40,U.S. House,7
Boston,19,10,Blanks,174,U.S. House,7
Boston,19,10,Total Votes Cast,1350,U.S. House,7
Boston,19,11,Ayanna S. Pressley,817,U.S. House,7
Boston,19,11,All Others,17,U.S. House,7
Boston,19,11,Blanks,103,U.S. House,7
Boston,19,11,Total Votes Cast,937,U.S. House,7
Boston,19,12,Ayanna S. Pressley,837,U.S. House,7
Boston,19,12,All Others,10,U.S. House,7
Boston,19,12,Blanks,142,U.S. House,7
Boston,19,12,Total Votes Cast,989,U.S. House,7
Boston,19,13,Ayanna S. Pressley,671,U.S. House,7
Boston,19,13,All Others,21,U.S. House,7
Boston,19,13,Blanks,105,U.S. House,7
Boston,19,13,Total Votes Cast,797,U.S. House,7
Boston,19,2,Stephen F. Lynch,1003,U.S. House,8
Boston,19,2,Robert G. Burke,175,U.S. House,8
Boston,19,2,All Others,9,U.S. House,8
Boston,19,2,Blanks,114,U.S. House,8
Boston,19,2,Total Votes Cast,1301,U.S. House,8
Boston,19,3,Stephen F. Lynch,545,U.S. House,8
Boston,19,3,Robert G. Burke,48,U.S. House,8
Boston,19,3,All Others,8,U.S. House,8
Boston,19,3,Blanks,49,U.S. House,8
Boston,19,3,Total Votes Cast,650,U.S. House,8
Boston,19,4,Stephen F. Lynch,1230,U.S. House,8
Boston,19,4,Robert G. Burke,54,U.S. House,8
Boston,19,4,All Others,10,U.S. House,8
Boston,19,4,Blanks,112,U.S. House,8
Boston,19,4,Total Votes Cast,1406,U.S. House,8
Boston,19,5,Stephen F. Lynch,844,U.S. House,8
Boston,19,5,Robert G. Burke,70,U.S. House,8
Boston,19,5,All Others,5,U.S. House,8
Boston,19,5,Blanks,83,U.S. House,8
Boston,19,5,Total Votes Cast,1002,U.S. House,8
Boston,19,6,Stephen F. Lynch,1234,U.S. House,8
Boston,19,6,Robert G. Burke,53,U.S. House,8
Boston,19,6,All Others,14,U.S. House,8
Boston,19,6,Blanks,121,U.S. House,8
Boston,19,6,Total Votes Cast,1422,U.S. House,8
Boston,19,7,Ayanna S. Pressley,1060,U.S. House,7
Boston,19,7,All Others,21,U.S. House,7
Boston,19,7,Blanks,130,U.S. House,7
Boston,19,7,Total Votes Cast,1211,U.S. House,7
Boston,19,8,Stephen F. Lynch,758,U.S. House,8
Boston,19,8,Robert G. Burke,57,U.S. House,8
Boston,19,8,All Others,9,U.S. House,8
Boston,19,8,Blanks,89,U.S. House,8
Boston,19,8,Total Votes Cast,913,U.S. House,8
Boston,19,9,Stephen F. Lynch,583,U.S. House,8
Boston,19,9,Robert G. Burke,50,U.S. House,8
Boston,19,9,All Others,5,U.S. House,8
Boston,19,9,Blanks,61,U.S. House,8
Boston,19,9,Total Votes Cast,699,U.S. House,8
Boston,2,1,Ayanna S. Pressley,1091,U.S. House,7
Boston,2,1,All Others,72,U.S. House,7
Boston,2,1,Blanks,381,U.S. House,7
Boston,2,1,Total Votes Cast,1544,U.S. House,7
Boston,2,2,Ayanna S. Pressley,960,U.S. House,7
Boston,2,2,All Others,64,U.S. House,7
Boston,2,2,Blanks,360,U.S. House,7
Boston,2,2,Total Votes Cast,1384,U.S. House,7
Boston,2,3,Ayanna S. Pressley,1096,U.S. House,7
Boston,2,3,All Others,67,U.S. House,7
Boston,2,3,Blanks,394,U.S. House,7
Boston,2,3,Total Votes Cast,1557,U.S. House,7
Boston,2,4,Ayanna S. Pressley,1022,U.S. House,7
Boston,2,4,All Others,64,U.S. House,7
Boston,2,4,Blanks,300,U.S. House,7
Boston,2,4,Total Votes Cast,1386,U.S. House,7
Boston,2,5,Ayanna S. Pressley,1098,U.S. House,7
Boston,2,5,All Others,56,U.S. House,7
Boston,2,5,Blanks,321,U.S. House,7
Boston,2,5,Total Votes Cast,1475,U.S. House,7
Boston,2,6,Ayanna S. Pressley,910,U.S. House,7
Boston,2,6,All Others,46,U.S. House,7
Boston,2,6,Blanks,318,U.S. House,7
Boston,2,6,Total Votes Cast,1274,U.S. House,7
Boston,2,7,Ayanna S. Pressley,697,U.S. House,7
Boston,2,7,All Others,24,U.S. House,7
Boston,2,7,Blanks,160,U.S. House,7
Boston,2,7,Total Votes Cast,881,U.S. House,7
Boston,2,8,Ayanna S. Pressley,614,U.S. House,7
Boston,2,8,All Others,22,U.S. House,7
Boston,2,8,Blanks,191,U.S. House,7
Boston,2,8,Total Votes Cast,827,U.S. House,7
Boston,20,1,Stephen F. Lynch,985,U.S. House,8
Boston,20,1,Robert G. Burke,162,U.S. House,8
Boston,20,1,All Others,6,U.S. House,8
Boston,20,1,Blanks,113,U.S. House,8
Boston,20,1,Total Votes Cast,1266,U.S. House,8
Boston,20,10,Stephen F. Lynch,1101,U.S. House,8
Boston,20,10,Robert G. Burke,367,U.S. House,8
Boston,20,10,All Others,3,U.S. House,8
Boston,20,10,Blanks,97,U.S. House,8
Boston,20,10,Total Votes Cast,1568,U.S. House,8
Boston,20,11,Stephen F. Lynch,561,U.S. House,8
Boston,20,11,Robert G. Burke,118,U.S. House,8
Boston,20,11,All Others,6,U.S. House,8
Boston,20,11,Blanks,48,U.S. House,8
Boston,20,11,Total Votes Cast,733,U.S. House,8
Boston,20,12,Stephen F. Lynch,658,U.S. House,8
Boston,20,12,Robert G. Burke,178,U.S. House,8
Boston,20,12,All Others,5,U.S. House,8
Boston,20,12,Blanks,86,U.S. House,8
Boston,20,12,Total Votes Cast,927,U.S. House,8
Boston,20,13,Stephen F. Lynch,611,U.S. House,8
Boston,20,13,Robert G. Burke,174,U.S. House,8
Boston,20,13,All Others,2,U.S. House,8
Boston,20,13,Blanks,50,U.S. House,8
Boston,20,13,Total Votes Cast,837,U.S. House,8
Boston,20,14,Stephen F. Lynch,570,U.S. House,8
Boston,20,14,Robert G. Burke,194,U.S. House,8
Boston,20,14,All Others,3,U.S. House,8
Boston,20,14,Blanks,47,U.S. House,8
Boston,20,14,Total Votes Cast,814,U.S. House,8
Boston,20,15,Stephen F. Lynch,955,U.S. House,8
Boston,20,15,Robert G. Burke,364,U.S. House,8
Boston,20,15,All Others,2,U.S. House,8
Boston,20,15,Blanks,80,U.S. House,8
Boston,20,15,Total Votes Cast,1401,U.S. House,8
Boston,20,16,Stephen F. Lynch,1061,U.S. House,8
Boston,20,16,Robert G. Burke,429,U.S. House,8
Boston,20,16,All Others,3,U.S. House,8
Boston,20,16,Blanks,104,U.S. House,8
Boston,20,16,Total Votes Cast,1597,U.S. House,8
Boston,20,17,Stephen F. Lynch,1129,U.S. House,8
Boston,20,17,Robert G. Burke,405,U.S. House,8
Boston,20,17,All Others,2,U.S. House,8
Boston,20,17,Blanks,108,U.S. House,8
Boston,20,17,Total Votes Cast,1644,U.S. House,8
Boston,20,18,Stephen F. Lynch,622,U.S. House,8
Boston,20,18,Robert G. Burke,165,U.S. House,8
Boston,20,18,All Others,4,U.S. House,8
Boston,20,18,Blanks,52,U.S. House,8
Boston,20,18,Total Votes Cast,843,U.S. House,8
Boston,20,19,Stephen F. Lynch,633,U.S. House,8
Boston,20,19,Robert G. Burke,182,U.S. House,8
Boston,20,19,All Others,1,U.S. House,8
Boston,20,19,Blanks,61,U.S. House,8
Boston,20,19,Total Votes Cast,877,U.S. House,8
Boston,20,2,Stephen F. Lynch,996,U.S. House,8
Boston,20,2,Robert G. Burke,162,U.S. House,8
Boston,20,2,All Others,13,U.S. House,8
Boston,20,2,Blanks,84,U.S. House,8
Boston,20,2,Total Votes Cast,1255,U.S. House,8
Boston,20,20,Stephen F. Lynch,1056,U.S. House,8
Boston,20,20,Robert G. Burke,278,U.S. House,8
Boston,20,20,All Others,2,U.S. House,8
Boston,20,20,Blanks,81,U.S. House,8
Boston,20,20,Total Votes Cast,1417,U.S. House,8
Boston,20,21,Stephen F. Lynch,82,U.S. House,8
Boston,20,21,Robert G. Burke,37,U.S. House,8
Boston,20,21,All Others,1,U.S. House,8
Boston,20,21,Blanks,11,U.S. House,8
Boston,20,21,Total Votes Cast,131,U.S. House,8
Boston,20,3,Ayanna S. Pressley,838,U.S. House,7
Boston,20,3,All Others,49,U.S. House,7
Boston,20,3,Blanks,289,U.S. House,7
Boston,20,3,Total Votes Cast,1176,U.S. House,7
Boston,20,4,Stephen F. Lynch,868,U.S. House,8
Boston,20,4,Robert G. Burke,73,U.S. House,8
Boston,20,4,All Others,6,U.S. House,8
Boston,20,4,Blanks,94,U.S. House,8
Boston,20,4,Total Votes Cast,1041,U.S. House,8
Boston,20,5,Stephen F. Lynch,936,U.S. House,8
Boston,20,5,Robert G. Burke,310,U.S. House,8
Boston,20,5,All Others,7,U.S. House,8
Boston,20,5,Blanks,107,U.S. House,8
Boston,20,5,Total Votes Cast,1360,U.S. House,8
Boston,20,6,Stephen F. Lynch,1028,U.S. House,8
Boston,20,6,Robert G. Burke,262,U.S. House,8
Boston,20,6,All Others,4,U.S. House,8
Boston,20,6,Blanks,116,U.S. House,8
Boston,20,6,Total Votes Cast,1410,U.S. House,8
Boston,20,7,Stephen F. Lynch,666,U.S. House,8
Boston,20,7,Robert G. Burke,134,U.S. House,8
Boston,20,7,All Others,4,U.S. House,8
Boston,20,7,Blanks,55,U.S. House,8
Boston,20,7,Total Votes Cast,859,U.S. House,8
Boston,20,8,Stephen F. Lynch,761,U.S. House,8
Boston,20,8,Robert G. Burke,142,U.S. House,8
Boston,20,8,All Others,6,U.S. House,8
Boston,20,8,Blanks,62,U.S. House,8
Boston,20,8,Total Votes Cast,971,U.S. House,8
Boston,20,9,Stephen F. Lynch,853,U.S. House,8
Boston,20,9,Robert G. Burke,165,U.S. House,8
Boston,20,9,All Others,1,U.S. House,8
Boston,20,9,Blanks,72,U.S. House,8
Boston,20,9,Total Votes Cast,1091,U.S. House,8
Boston,21,1,Ayanna S. Pressley,965,U.S. House,7
Boston,21,1,All Others,26,U.S. House,7
Boston,21,1,Blanks,124,U.S. House,7
Boston,21,1,Total Votes Cast,1115,U.S. House,7
Boston,21,10,Ayanna S. Pressley,791,U.S. House,7
Boston,21,10,All Others,23,U.S. House,7
Boston,21,10,Blanks,131,U.S. House,7
Boston,21,10,Total Votes Cast,945,U.S. House,7
Boston,21,11,Ayanna S. Pressley,949,U.S. House,7
Boston,21,11,All Others,21,U.S. House,7
Boston,21,11,Blanks,133,U.S. House,7
Boston,21,11,Total Votes Cast,1103,U.S. House,7
Boston,21,12,Ayanna S. Pressley,751,U.S. House,7
Boston,21,12,All Others,20,U.S. House,7
Boston,21,12,Blanks,194,U.S. House,7
Boston,21,12,Total Votes Cast,965,U.S. House,7
Boston,21,13,Ayanna S. Pressley,955,U.S. House,7
Boston,21,13,All Others,40,U.S. House,7
Boston,21,13,Blanks,357,U.S. House,7
Boston,21,13,Total Votes Cast,1352,U.S. House,7
Boston,21,14,Ayanna S. Pressley,587,U.S. House,7
Boston,21,14,All Others,6,U.S. House,7
Boston,21,14,Blanks,95,U.S. House,7
Boston,21,14,Total Votes Cast,688,U.S. House,7
Boston,21,15,Ayanna S. Pressley,734,U.S. House,7
Boston,21,15,All Others,16,U.S. House,7
Boston,21,15,Blanks,88,U.S. House,7
Boston,21,15,Total Votes Cast,838,U.S. House,7
Boston,21,16,Ayanna S. Pressley,885,U.S. House,7
Boston,21,16,All Others,28,U.S. House,7
Boston,21,16,Blanks,200,U.S. House,7
Boston,21,16,Total Votes Cast,1113,U.S. House,7
Boston,21,2,Ayanna S. Pressley,268,U.S. House,7
Boston,21,2,All Others,6,U.S. House,7
Boston,21,2,Blanks,25,U.S. House,7
Boston,21,2,Total Votes Cast,299,U.S. House,7
Boston,21,3,Ayanna S. Pressley,553,U.S. House,7
Boston,21,3,All Others,11,U.S. House,7
Boston,21,3,Blanks,77,U.S. House,7
Boston,21,3,Total Votes Cast,641,U.S. House,7
Boston,21,4,Ayanna S. Pressley,489,U.S. House,7
Boston,21,4,All Others,11,U.S. House,7
Boston,21,4,Blanks,77,U.S. House,7
Boston,21,4,Total Votes Cast,577,U.S. House,7
Boston,21,5,Ayanna S. Pressley,815,U.S. House,7
Boston,21,5,All Others,21,U.S. House,7
Boston,21,5,Blanks,97,U.S. House,7
Boston,21,5,Total Votes Cast,933,U.S. House,7
Boston,21,6,Ayanna S. Pressley,597,U.S. House,7
Boston,21,6,All Others,16,U.S. House,7
Boston,21,6,Blanks,90,U.S. House,7
Boston,21,6,Total Votes Cast,703,U.S. House,7
Boston,21,7,Ayanna S. Pressley,715,U.S. House,7
Boston,21,7,All Others,21,U.S. House,7
Boston,21,7,Blanks,109,U.S. House,7
Boston,21,7,Total Votes Cast,845,U.S. House,7
Boston,21,8,Ayanna S. Pressley,978,U.S. House,7
Boston,21,8,All Others,26,U.S. House,7
Boston,21,8,Blanks,99,U.S. House,7
Boston,21,8,Total Votes Cast,1103,U.S. House,7
Boston,21,9,Ayanna S. Pressley,1178,U.S. House,7
Boston,21,9,All Others,34,U.S. House,7
Boston,21,9,Blanks,145,U.S. House,7
Boston,21,9,Total Votes Cast,1357,U.S. House,7
Boston,22,1,Ayanna S. Pressley,1029,U.S. House,7
Boston,22,1,All Others,43,U.S. House,7
Boston,22,1,Blanks,188,U.S. House,7
Boston,22,1,Total Votes Cast,1260,U.S. House,7
Boston,22,10,Ayanna S. Pressley,879,U.S. House,7
Boston,22,10,All Others,27,U.S. House,7
Boston,22,10,Blanks,184,U.S. House,7
Boston,22,10,Total Votes Cast,1090,U.S. House,7
Boston,22,11,Ayanna S. Pressley,584,U.S. House,7
Boston,22,11,All Others,23,U.S. House,7
Boston,22,11,Blanks,156,U.S. House,7
Boston,22,11,Total Votes Cast,763,U.S. House,7
Boston,22,12,Ayanna S. Pressley,608,U.S. House,7
Boston,22,12,All Others,36,U.S. House,7
Boston,22,12,Blanks,185,U.S. House,7
Boston,22,12,Total Votes Cast,829,U.S. House,7
Boston,22,13,Ayanna S. Pressley,540,U.S. House,7
Boston,22,13,All Others,21,U.S. House,7
Boston,22,13,Blanks,117,U.S. House,7
Boston,22,13,Total Votes Cast,678,U.S. House,7
Boston,22,2,Ayanna S. Pressley,1201,U.S. House,7
Boston,22,2,All Others,34,U.S. House,7
Boston,22,2,Blanks,231,U.S. House,7
Boston,22,2,Total Votes Cast,1466,U.S. House,7
Boston,22,3,Ayanna S. Pressley,1027,U.S. House,7
Boston,22,3,All Others,47,U.S. House,7
Boston,22,3,Blanks,227,U.S. House,7
Boston,22,3,Total Votes Cast,1301,U.S. House,7
Boston,22,4,Ayanna S. Pressley,772,U.S. House,7
Boston,22,4,All Others,29,U.S. House,7
Boston,22,4,Blanks,171,U.S. House,7
Boston,22,4,Total Votes Cast,972,U.S. House,7
Boston,22,5,Ayanna S. Pressley,783,U.S. House,7
Boston,22,5,All Others,23,U.S. House,7
Boston,22,5,Blanks,149,U.S. House,7
Boston,22,5,Total Votes Cast,955,U.S. House,7
Boston,22,6,Ayanna S. Pressley,598,U.S. House,7
Boston,22,6,All Others,26,U.S. House,7
Boston,22,6,Blanks,120,U.S. House,7
Boston,22,6,Total Votes Cast,744,U.S. House,7
Boston,22,7,Ayanna S. Pressley,890,U.S. House,7
Boston,22,7,All Others,25,U.S. House,7
Boston,22,7,Blanks,205,U.S. House,7
Boston,22,7,Total Votes Cast,1120,U.S. House,7
Boston,22,8,Ayanna S. Pressley,585,U.S. House,7
Boston,22,8,All Others,29,U.S. House,7
Boston,22,8,Blanks,173,U.S. House,7
Boston,22,8,Total Votes Cast,787,U.S. House,7
Boston,22,9,Ayanna S. Pressley,650,U.S. House,7
Boston,22,9,All Others,49,U.S. House,7
Boston,22,9,Blanks,228,U.S. House,7
Boston,22,9,Total Votes Cast,927,U.S. House,7
Boston,3,1,Stephen F. Lynch,935,U.S. House,8
Boston,3,1,Robert G. Burke,318,U.S. House,8
Boston,3,1,All Others,3,U.S. House,8
Boston,3,1,Blanks,94,U.S. House,8
Boston,3,1,Total Votes Cast,1350,U.S. House,8
Boston,3,10,Stephen F. Lynch,1109,U.S. House,8
Boston,3,10,Robert G. Burke,284,U.S. House,8
Boston,3,10,All Others,7,U.S. House,8
Boston,3,10,Blanks,69,U.S. House,8
Boston,3,10,Total Votes Cast,1469,U.S. House,8
Boston,3,11,Stephen F. Lynch,791,U.S. House,8
Boston,3,11,Robert G. Burke,254,U.S. House,8
Boston,3,11,All Others,2,U.S. House,8
Boston,3,11,Blanks,69,U.S. House,8
Boston,3,11,Total Votes Cast,1116,U.S. House,8
Boston,3,12,Stephen F. Lynch,923,U.S. House,8
Boston,3,12,Robert G. Burke,227,U.S. House,8
Boston,3,12,All Others,4,U.S. House,8
Boston,3,12,Blanks,126,U.S. House,8
Boston,3,12,Total Votes Cast,1280,U.S. House,8
Boston,3,13,Stephen F. Lynch,606,U.S. House,8
Boston,3,13,Robert G. Burke,253,U.S. House,8
Boston,3,13,All Others,2,U.S. House,8
Boston,3,13,Blanks,59,U.S. House,8
Boston,3,13,Total Votes Cast,920,U.S. House,8
Boston,3,13A,Stephen F. Lynch,0,U.S. House,8
Boston,3,13A,Robert G. Burke,0,U.S. House,8
Boston,3,13A,All Others,0,U.S. House,8
Boston,3,13A,Blanks,0,U.S. House,8
Boston,3,13A,Total Votes Cast,0,U.S. House,8
Boston,3,14,Ayanna S. Pressley,742,U.S. House,7
Boston,3,14,All Others,30,U.S. House,7
Boston,3,14,Blanks,266,U.S. House,7
Boston,3,14,Total Votes Cast,1038,U.S. House,7
Boston,3,15,Ayanna S. Pressley,917,U.S. House,7
Boston,3,15,All Others,35,U.S. House,7
Boston,3,15,Blanks,168,U.S. House,7
Boston,3,15,Total Votes Cast,1120,U.S. House,7
Boston,3,16,Ayanna S. Pressley,1197,U.S. House,7
Boston,3,16,All Others,37,U.S. House,7
Boston,3,16,Blanks,220,U.S. House,7
Boston,3,16,Total Votes Cast,1454,U.S. House,7
Boston,3,17,Stephen F. Lynch,719,U.S. House,8
Boston,3,17,Robert G. Burke,146,U.S. House,8
Boston,3,17,All Others,4,U.S. House,8
Boston,3,17,Blanks,49,U.S. House,8
Boston,3,17,Total Votes Cast,918,U.S. House,8
Boston,3,2,Stephen F. Lynch,950,U.S. House,8
Boston,3,2,Robert G. Burke,343,U.S. House,8
Boston,3,2,All Others,7,U.S. House,8
Boston,3,2,Blanks,101,U.S. House,8
Boston,3,2,Total Votes Cast,1401,U.S. House,8
Boston,3,3,Stephen F. Lynch,624,U.S. House,8
Boston,3,3,Robert G. Burke,206,U.S. House,8
Boston,3,3,All Others,4,U.S. House,8
Boston,3,3,Blanks,35,U.S. House,8
Boston,3,3,Total Votes Cast,869,U.S. House,8
Boston,3,4,Stephen F. Lynch,697,U.S. House,8
Boston,3,4,Robert G. Burke,220,U.S. House,8
Boston,3,4,All Others,1,U.S. House,8
Boston,3,4,Blanks,59,U.S. House,8
Boston,3,4,Total Votes Cast,977,U.S. House,8
Boston,3,5,Stephen F. Lynch,975,U.S. House,8
Boston,3,5,Robert G. Burke,225,U.S. House,8
Boston,3,5,All Others,3,U.S. House,8
Boston,3,5,Blanks,87,U.S. House,8
Boston,3,5,Total Votes Cast,1290,U.S. House,8
Boston,3,6,Stephen F. Lynch,664,U.S. House,8
Boston,3,6,Robert G. Burke,185,U.S. House,8
Boston,3,6,All Others,2,U.S. House,8
Boston,3,6,Blanks,53,U.S. House,8
Boston,3,6,Total Votes Cast,904,U.S. House,8
Boston,3,7,Ayanna S. Pressley,920,U.S. House,7
Boston,3,7,All Others,31,U.S. House,7
Boston,3,7,Blanks,204,U.S. House,7
Boston,3,7,Total Votes Cast,1155,U.S. House,7
Boston,3,8,Ayanna S. Pressley,894,U.S. House,7
Boston,3,8,All Others,34,U.S. House,7
Boston,3,8,Blanks,198,U.S. House,7
Boston,3,8,Total Votes Cast,1126,U.S. House,7
Boston,3,9,Stephen F. Lynch,662,U.S. House,8
Boston,3,9,Robert G. Burke,133,U.S. House,8
Boston,3,9,All Others,3,U.S. House,8
Boston,3,9,Blanks,52,U.S. House,8
Boston,3,9,Total Votes Cast,850,U.S. House,8
Boston,4,1,Ayanna S. Pressley,890,U.S. House,7
Boston,4,1,All Others,29,U.S. House,7
Boston,4,1,Blanks,201,U.S. House,7
Boston,4,1,Total Votes Cast,1120,U.S. House,7
Boston,4,10,Ayanna S. Pressley,238,U.S. House,7
Boston,4,10,All Others,7,U.S. House,7
Boston,4,10,Blanks,33,U.S. House,7
Boston,4,10,Total Votes Cast,278,U.S. House,7
Boston,4,11,Ayanna S. Pressley,49,U.S. House,7
Boston,4,11,All Others,0,U.S. House,7
Boston,4,11,Blanks,9,U.S. House,7
Boston,4,11,Total Votes Cast,58,U.S. House,7
Boston,4,12,Ayanna S. Pressley,215,U.S. House,7
Boston,4,12,All Others,11,U.S. House,7
Boston,4,12,Blanks,39,U.S. House,7
Boston,4,12,Total Votes Cast,265,U.S. House,7
Boston,4,2,Ayanna S. Pressley,733,U.S. House,7
Boston,4,2,All Others,68,U.S. House,7
Boston,4,2,Blanks,189,U.S. House,7
Boston,4,2,Total Votes Cast,990,U.S. House,7
Boston,4,3,Ayanna S. Pressley,1052,U.S. House,7
Boston,4,3,All Others,44,U.S. House,7
Boston,4,3,Blanks,234,U.S. House,7
Boston,4,3,Total Votes Cast,1330,U.S. House,7
Boston,4,4,Ayanna S. Pressley,1145,U.S. House,7
Boston,4,4,All Others,38,U.S. House,7
Boston,4,4,Blanks,230,U.S. House,7
Boston,4,4,Total Votes Cast,1413,U.S. House,7
Boston,4,5,Ayanna S. Pressley,896,U.S. House,7
Boston,4,5,All Others,36,U.S. House,7
Boston,4,5,Blanks,224,U.S. House,7
Boston,4,5,Total Votes Cast,1156,U.S. House,7
Boston,4,6,Ayanna S. Pressley,653,U.S. House,7
Boston,4,6,All Others,37,U.S. House,7
Boston,4,6,Blanks,247,U.S. House,7
Boston,4,6,Total Votes Cast,937,U.S. House,7
Boston,4,7,Ayanna S. Pressley,643,U.S. House,7
Boston,4,7,All Others,13,U.S. House,7
Boston,4,7,Blanks,132,U.S. House,7
Boston,4,7,Total Votes Cast,788,U.S. House,7
Boston,4,8,Ayanna S. Pressley,663,U.S. House,7
Boston,4,8,All Others,22,U.S. House,7
Boston,4,8,Blanks,140,U.S. House,7
Boston,4,8,Total Votes Cast,825,U.S. House,7
Boston,4,9,Ayanna S. Pressley,222,U.S. House,7
Boston,4,9,All Others,6,U.S. House,7
Boston,4,9,Blanks,36,U.S. House,7
Boston,4,9,Total Votes Cast,264,U.S. House,7
Boston,5,1,Ayanna S. Pressley,567,U.S. House,7
Boston,5,1,All Others,17,U.S. House,7
Boston,5,1,Blanks,141,U.S. House,7
Boston,5,1,Total Votes Cast,725,U.S. House,7
Boston,5,10,Ayanna S. Pressley,559,U.S. House,7
Boston,5,10,All Others,23,U.S. House,7
Boston,5,10,Blanks,108,U.S. House,7
Boston,5,10,Total Votes Cast,690,U.S. House,7
Boston,5,11,Stephen F. Lynch,467,U.S. House,8
Boston,5,11,Robert G. Burke,109,U.S. House,8
Boston,5,11,All Others,0,U.S. House,8
Boston,5,11,Blanks,25,U.S. House,8
Boston,5,11,Total Votes Cast,601,U.S. House,8
Boston,5,12,Ayanna S. Pressley,589,U.S. House,7
Boston,5,12,All Others,23,U.S. House,7
Boston,5,12,Blanks,82,U.S. House,7
Boston,5,12,Total Votes Cast,694,U.S. House,7
Boston,5,13,Ayanna S. Pressley,820,U.S. House,7
Boston,5,13,All Others,40,U.S. House,7
Boston,5,13,Blanks,254,U.S. House,7
Boston,5,13,Total Votes Cast,1114,U.S. House,7
Boston,5,14,Ayanna S. Pressley,760,U.S. House,7
Boston,5,14,All Others,28,U.S. House,7
Boston,5,14,Blanks,184,U.S. House,7
Boston,5,14,Total Votes Cast,972,U.S. House,7
Boston,5,15,Ayanna S. Pressley,641,U.S. House,7
Boston,5,15,All Others,28,U.S. House,7
Boston,5,15,Blanks,152,U.S. House,7
Boston,5,15,Total Votes Cast,821,U.S. House,7
Boston,5,2,Ayanna S. Pressley,756,U.S. House,7
Boston,5,2,All Others,16,U.S. House,7
Boston,5,2,Blanks,130,U.S. House,7
Boston,5,2,Total Votes Cast,902,U.S. House,7
Boston,5,3,Stephen F. Lynch,1117,U.S. House,8
Boston,5,3,Robert G. Burke,305,U.S. House,8
Boston,5,3,All Others,9,U.S. House,8
Boston,5,3,Blanks,93,U.S. House,8
Boston,5,3,Total Votes Cast,1524,U.S. House,8
Boston,5,4,Stephen F. Lynch,696,U.S. House,8
Boston,5,4,Robert G. Burke,107,U.S. House,8
Boston,5,4,All Others,2,U.S. House,8
Boston,5,4,Blanks,40,U.S. House,8
Boston,5,4,Total Votes Cast,845,U.S. House,8
Boston,5,5,Stephen F. Lynch,734,U.S. House,8
Boston,5,5,Robert G. Burke,226,U.S. House,8
Boston,5,5,All Others,6,U.S. House,8
Boston,5,5,Blanks,71,U.S. House,8
Boston,5,5,Total Votes Cast,1037,U.S. House,8
Boston,5,6,Stephen F. Lynch,860,U.S. House,8
Boston,5,6,Robert G. Burke,270,U.S. House,8
Boston,5,6,All Others,3,U.S. House,8
Boston,5,6,Blanks,85,U.S. House,8
Boston,5,6,Total Votes Cast,1218,U.S. House,8
Boston,5,7,Stephen F. Lynch,1149,U.S. House,8
Boston,5,7,Robert G. Burke,309,U.S. House,8
Boston,5,7,All Others,1,U.S. House,8
Boston,5,7,Blanks,93,U.S. House,8
Boston,5,7,Total Votes Cast,1552,U.S. House,8
Boston,5,8,Stephen F. Lynch,983,U.S. House,8
Boston,5,8,Robert G. Burke,277,U.S. House,8
Boston,5,8,All Others,4,U.S. House,8
Boston,5,8,Blanks,71,U.S. House,8
Boston,5,8,Total Votes Cast,1335,U.S. House,8
Boston,5,9,Ayanna S. Pressley,992,U.S. House,7
Boston,5,9,All Others,52,U.S. House,7
Boston,5,9,Blanks,258,U.S. House,7
Boston,5,9,Total Votes Cast,1302,U.S. House,7
Boston,6,1,Stephen F. Lynch,1129,U.S. House,8
Boston,6,1,Robert G. Burke,286,U.S. House,8
Boston,6,1,All Others,4,U.S. House,8
Boston,6,1,Blanks,78,U.S. House,8
Boston,6,1,Total Votes Cast,1497,U.S. House,8
Boston,6,10,Stephen F. Lynch,698,U.S. House,8
Boston,6,10,Robert G. Burke,306,U.S. House,8
Boston,6,10,All Others,1,U.S. House,8
Boston,6,10,Blanks,56,U.S. House,8
Boston,6,10,Total Votes Cast,1061,U.S. House,8
Boston,6,11,Stephen F. Lynch,834,U.S. House,8
Boston,6,11,Robert G. Burke,273,U.S. House,8
Boston,6,11,All Others,2,U.S. House,8
Boston,6,11,Blanks,71,U.S. House,8
Boston,6,11,Total Votes Cast,1180,U.S. House,8
Boston,6,12,Stephen F. Lynch,1302,U.S. House,8
Boston,6,12,Robert G. Burke,684,U.S. House,8
Boston,6,12,All Others,2,U.S. House,8
Boston,6,12,Blanks,111,U.S. House,8
Boston,6,12,Total Votes Cast,2099,U.S. House,8
Boston,6,12A,Ayanna S. Pressley,0,U.S. House,7
Boston,6,12A,All Others,0,U.S. House,7
Boston,6,12A,Blanks,0,U.S. House,7
Boston,6,12A,Total Votes Cast,0,U.S. House,7
Boston,6,2,Stephen F. Lynch,674,U.S. House,8
Boston,6,2,Robert G. Burke,241,U.S. House,8
Boston,6,2,All Others,2,U.S. House,8
Boston,6,2,Blanks,68,U.S. House,8
Boston,6,2,Total Votes Cast,985,U.S. House,8
Boston,6,3,Stephen F. Lynch,822,U.S. House,8
Boston,6,3,Robert G. Burke,317,U.S. House,8
Boston,6,3,All Others,2,U.S. House,8
Boston,6,3,Blanks,55,U.S. House,8
Boston,6,3,Total Votes Cast,1196,U.S. House,8
Boston,6,4,Stephen F. Lynch,651,U.S. House,8
Boston,6,4,Robert G. Burke,244,U.S. House,8
Boston,6,4,All Others,0,U.S. House,8
Boston,6,4,Blanks,55,U.S. House,8
Boston,6,4,Total Votes Cast,950,U.S. House,8
Boston,6,5,Stephen F. Lynch,847,U.S. House,8
Boston,6,5,Robert G. Burke,318,U.S. House,8
Boston,6,5,All Others,1,U.S. House,8
Boston,6,5,Blanks,66,U.S. House,8
Boston,6,5,Total Votes Cast,1232,U.S. House,8
Boston,6,6,Stephen F. Lynch,858,U.S. House,8
Boston,6,6,Robert G. Burke,394,U.S. House,8
Boston,6,6,All Others,1,U.S. House,8
Boston,6,6,Blanks,53,U.S. House,8
Boston,6,6,Total Votes Cast,1306,U.S. House,8
Boston,6,7,Stephen F. Lynch,757,U.S. House,8
Boston,6,7,Robert G. Burke,390,U.S. House,8
Boston,6,7,All Others,4,U.S. House,8
Boston,6,7,Blanks,69,U.S. House,8
Boston,6,7,Total Votes Cast,1220,U.S. House,8
Boston,6,8,Stephen F. Lynch,950,U.S. House,8
Boston,6,8,Robert G. Burke,375,U.S. House,8
Boston,6,8,All Others,0,U.S. House,8
Boston,6,8,Blanks,101,U.S. House,8
Boston,6,8,Total Votes Cast,1426,U.S. House,8
Boston,6,9,Stephen F. Lynch,901,U.S. House,8
Boston,6,9,Robert G. Burke,384,U.S. House,8
Boston,6,9,All Others,1,U.S. House,8
Boston,6,9,Blanks,73,U.S. House,8
Boston,6,9,Total Votes Cast,1359,U.S. House,8
Boston,7,1,Stephen F. Lynch,730,U.S. House,8
Boston,7,1,Robert G. Burke,286,U.S. House,8
Boston,7,1,All Others,3,U.S. House,8
Boston,7,1,Blanks,64,U.S. House,8
Boston,7,1,Total Votes Cast,1083,U.S. House,8
Boston,7,10,Stephen F. Lynch,613,U.S. House,8
Boston,7,10,Robert G. Burke,67,U.S. House,8
Boston,7,10,All Others,2,U.S. House,8
Boston,7,10,Blanks,38,U.S. House,8
Boston,7,10,Total Votes Cast,720,U.S. House,8
Boston,7,2,Stephen F. Lynch,841,U.S. House,8
Boston,7,2,Robert G. Burke,348,U.S. House,8
Boston,7,2,All Others,2,U.S. House,8
Boston,7,2,Blanks,69,U.S. House,8
Boston,7,2,Total Votes Cast,1260,U.S. House,8
Boston,7,3,Stephen F. Lynch,974,U.S. House,8
Boston,7,3,Robert G. Burke,367,U.S. House,8
Boston,7,3,All Others,4,U.S. House,8
Boston,7,3,Blanks,54,U.S. House,8
Boston,7,3,Total Votes Cast,1399,U.S. House,8
Boston,7,4,Stephen F. Lynch,685,U.S. House,8
Boston,7,4,Robert G. Burke,298,U.S. House,8
Boston,7,4,All Others,2,U.S. House,8
Boston,7,4,Blanks,41,U.S. House,8
Boston,7,4,Total Votes Cast,1026,U.S. House,8
Boston,7,5,Stephen F. Lynch,836,U.S. House,8
Boston,7,5,Robert G. Burke,280,U.S. House,8
Boston,7,5,All Others,3,U.S. House,8
Boston,7,5,Blanks,66,U.S. House,8
Boston,7,5,Total Votes Cast,1185,U.S. House,8
Boston,7,6,Stephen F. Lynch,678,U.S. House,8
Boston,7,6,Robert G. Burke,209,U.S. House,8
Boston,7,6,All Others,6,U.S. House,8
Boston,7,6,Blanks,68,U.S. House,8
Boston,7,6,Total Votes Cast,961,U.S. House,8
Boston,7,7,Stephen F. Lynch,444,U.S. House,8
Boston,7,7,Robert G. Burke,103,U.S. House,8
Boston,7,7,All Others,1,U.S. House,8
Boston,7,7,Blanks,41,U.S. House,8
Boston,7,7,Total Votes Cast,589,U.S. House,8
Boston,7,8,Stephen F. Lynch,734,U.S. House,8
Boston,7,8,Robert G. Burke,187,U.S. House,8
Boston,7,8,All Others,2,U.S. House,8
Boston,7,8,Blanks,47,U.S. House,8
Boston,7,8,Total Votes Cast,970,U.S. House,8
Boston,7,9,Stephen F. Lynch,562,U.S. House,8
Boston,7,9,Robert G. Burke,144,U.S. House,8
Boston,7,9,All Others,2,U.S. House,8
Boston,7,9,Blanks,45,U.S. House,8
Boston,7,9,Total Votes Cast,753,U.S. House,8
Boston,8,1,Ayanna S. Pressley,1122,U.S. House,7
Boston,8,1,All Others,35,U.S. House,7
Boston,8,1,Blanks,234,U.S. House,7
Boston,8,1,Total Votes Cast,1391,U.S. House,7
Boston,8,2,Ayanna S. Pressley,774,U.S. House,7
Boston,8,2,All Others,18,U.S. House,7
Boston,8,2,Blanks,133,U.S. House,7
Boston,8,2,Total Votes Cast,925,U.S. House,7
Boston,8,3,Ayanna S. Pressley,754,U.S. House,7
Boston,8,3,All Others,19,U.S. House,7
Boston,8,3,Blanks,92,U.S. House,7
Boston,8,3,Total Votes Cast,865,U.S. House,7
Boston,8,4,Ayanna S. Pressley,545,U.S. House,7
Boston,8,4,All Others,16,U.S. House,7
Boston,8,4,Blanks,77,U.S. House,7
Boston,8,4,Total Votes Cast,638,U.S. House,7
Boston,8,5,Ayanna S. Pressley,841,U.S. House,7
Boston,8,5,All Others,19,U.S. House,7
Boston,8,5,Blanks,102,U.S. House,7
Boston,8,5,Total Votes Cast,962,U.S. House,7
Boston,8,6,Ayanna S. Pressley,160,U.S. House,7
Boston,8,6,All Others,8,U.S. House,7
Boston,8,6,Blanks,38,U.S. House,7
Boston,8,6,Total Votes Cast,206,U.S. House,7
Boston,8,6A,Stephen F. Lynch,0,U.S. House,8
Boston,8,6A,Robert G. Burke,0,U.S. House,8
Boston,8,6A,All Others,0,U.S. House,8
Boston,8,6A,Blanks,0,U.S. House,8
Boston,8,6A,Total Votes Cast,0,U.S. House,8
Boston,9,1,Ayanna S. Pressley,992,U.S. House,7
Boston,9,1,All Others,30,U.S. House,7
Boston,9,1,Blanks,204,U.S. House,7
Boston,9,1,Total Votes Cast,1226,U.S. House,7
Boston,9,2,Ayanna S. Pressley,953,U.S. House,7
Boston,9,2,All Others,34,U.S. House,7
Boston,9,2,Blanks,135,U.S. House,7
Boston,9,2,Total Votes Cast,1122,U.S. House,7
Boston,9,3,Ayanna S. Pressley,764,U.S. House,7
Boston,9,3,All Others,15,U.S. House,7
Boston,9,3,Blanks,147,U.S. House,7
Boston,9,3,Total Votes Cast,926,U.S. House,7
Boston,9,4,Ayanna S. Pressley,745,U.S. House,7
Boston,9,4,All Others,16,U.S. House,7
Boston,9,4,Blanks,109,U.S. House,7
Boston,9,4,Total Votes Cast,870,U.S. House,7
Boston,9,5,Ayanna S. Pressley,788,U.S. House,7
Boston,9,5,All Others,7,U.S. House,7
Boston,9,5,Blanks,90,U.S. House,7
Boston,9,5,Total Votes Cast,885,U.S. House,7
Boston,9,6,Ayanna S. Pressley,921,U.S. House,7
Boston,9,6,All Others,21,U.S. House,7
Boston,9,6,Blanks,135,U.S. House,7
Boston,9,6,Total Votes Cast,1077,U.S. House,7
Boston,9,7,Ayanna S. Pressley,292,U.S. House,7
Boston,9,7,All Others,10,U.S. House,7
Boston,9,7,Blanks,52,U.S. House,7
Boston,9,7,Total Votes Cast,354,U.S. House,7
Bourne,-,1,Bill Keating,939,U.S. House,9
Bourne,-,1,Dan Sullivan,959,U.S. House,9
Bourne,-,1,All Others,1,U.S. House,9
Bourne,-,1,Blanks,86,U.S. House,9
Bourne,-,1,Total Votes Cast,1985,U.S. House,9
Bourne,-,2,Bill Keating,984,U.S. House,9
Bourne,-,2,Dan Sullivan,914,U.S. House,9
Bourne,-,2,All Others,1,U.S. House,9
Bourne,-,2,Blanks,63,U.S. House,9
Bourne,-,2,Total Votes Cast,1962,U.S. House,9
Bourne,-,3,Bill Keating,548,U.S. House,9
Bourne,-,3,Dan Sullivan,465,U.S. House,9
Bourne,-,3,All Others,1,U.S. House,9
Bourne,-,3,Blanks,33,U.S. House,9
Bourne,-,3,Total Votes Cast,1047,U.S. House,9
Bourne,-,4,Bill Keating,1234,U.S. House,9
Bourne,-,4,Dan Sullivan,802,U.S. House,9
Bourne,-,4,All Others,3,U.S. House,9
Bourne,-,4,Blanks,81,U.S. House,9
Bourne,-,4,Total Votes Cast,2120,U.S. House,9
Bourne,-,5,Bill Keating,992,U.S. House,9
Bourne,-,5,Dan Sullivan,663,U.S. House,9
Bourne,-,5,All Others,1,U.S. House,9
Bourne,-,5,Blanks,58,U.S. House,9
Bourne,-,5,Total Votes Cast,1714,U.S. House,9
Bourne,-,5A,Bill Keating,197,U.S. House,9
Bourne,-,5A,Dan Sullivan,143,U.S. House,9
Bourne,-,5A,All Others,0,U.S. House,9
Bourne,-,5A,Blanks,10,U.S. House,9
Bourne,-,5A,Total Votes Cast,350,U.S. House,9
Bourne,-,6,Bill Keating,903,U.S. House,9
Bourne,-,6,Dan Sullivan,524,U.S. House,9
Bourne,-,6,All Others,0,U.S. House,9
Bourne,-,6,Blanks,37,U.S. House,9
Bourne,-,6,Total Votes Cast,1464,U.S. House,9
Bourne,-,7,Bill Keating,884,U.S. House,9
Bourne,-,7,Dan Sullivan,677,U.S. House,9
Bourne,-,7,All Others,0,U.S. House,9
Bourne,-,7,Blanks,69,U.S. House,9
Bourne,-,7,Total Votes Cast,1630,U.S. House,9
Boxborough,-,1,Lori Loureiro Trahan,2528,U.S. House,3
Boxborough,-,1,All Others,0,U.S. House,3
Boxborough,-,1,Blanks,664,U.S. House,3
Boxborough,-,1,Total Votes Cast,3192,U.S. House,3
Boxford,-,1,Seth W. Moulton,1266,U.S. House,6
Boxford,-,1,All Others,54,U.S. House,6
Boxford,-,1,Blanks,508,U.S. House,6
Boxford,-,1,Total Votes Cast,1828,U.S. House,6
Boxford,-,2,Seth W. Moulton,1347,U.S. House,6
Boxford,-,2,All Others,59,U.S. House,6
Boxford,-,2,Blanks,527,U.S. House,6
Boxford,-,2,Total Votes Cast,1933,U.S. House,6
Boxford,-,3,Seth W. Moulton,1183,U.S. House,6
Boxford,-,3,All Others,58,U.S. House,6
Boxford,-,3,Blanks,461,U.S. House,6
Boxford,-,3,Total Votes Cast,1702,U.S. House,6
Boylston,-,1,James P. McGovern,2013,U.S. House,2
Boylston,-,1,Cornelius Shea,1184,U.S. House,2
Boylston,-,1,All Others,7,U.S. House,2
Boylston,-,1,Blanks,183,U.S. House,2
Boylston,-,1,Total Votes Cast,3387,U.S. House,2
Braintree,-,1A,Stephen F. Lynch,1129,U.S. House,8
Braintree,-,1A,Robert G. Burke,643,U.S. House,8
Braintree,-,1A,All Others,2,U.S. House,8
Braintree,-,1A,Blanks,82,U.S. House,8
Braintree,-,1A,Total Votes Cast,1856,U.S. House,8
Braintree,-,1B,Stephen F. Lynch,934,U.S. House,8
Braintree,-,1B,Robert G. Burke,639,U.S. House,8
Braintree,-,1B,All Others,37,U.S. House,8
Braintree,-,1B,Blanks,52,U.S. House,8
Braintree,-,1B,Total Votes Cast,1662,U.S. House,8
Braintree,-,2A,Stephen F. Lynch,1141,U.S. House,8
Braintree,-,2A,Robert G. Burke,571,U.S. House,8
Braintree,-,2A,All Others,2,U.S. House,8
Braintree,-,2A,Blanks,77,U.S. House,8
Braintree,-,2A,Total Votes Cast,1791,U.S. House,8
Braintree,-,2B,Stephen F. Lynch,1046,U.S. House,8
Braintree,-,2B,Robert G. Burke,593,U.S. House,8
Braintree,-,2B,All Others,3,U.S. House,8
Braintree,-,2B,Blanks,70,U.S. House,8
Braintree,-,2B,Total Votes Cast,1712,U.S. House,8
Braintree,-,3A,Stephen F. Lynch,943,U.S. House,8
Braintree,-,3A,Robert G. Burke,455,U.S. House,8
Braintree,-,3A,All Others,1,U.S. House,8
Braintree,-,3A,Blanks,79,U.S. House,8
Braintree,-,3A,Total Votes Cast,1478,U.S. House,8
Braintree,-,3B,Stephen F. Lynch,1001,U.S. House,8
Braintree,-,3B,Robert G. Burke,516,U.S. House,8
Braintree,-,3B,All Others,30,U.S. House,8
Braintree,-,3B,Blanks,48,U.S. House,8
Braintree,-,3B,Total Votes Cast,1595,U.S. House,8
Braintree,-,4A,Stephen F. Lynch,1000,U.S. House,8
Braintree,-,4A,Robert G. Burke,521,U.S. House,8
Braintree,-,4A,All Others,5,U.S. House,8
Braintree,-,4A,Blanks,73,U.S. House,8
Braintree,-,4A,Total Votes Cast,1599,U.S. House,8
Braintree,-,4B,Stephen F. Lynch,958,U.S. House,8
Braintree,-,4B,Robert G. Burke,456,U.S. House,8
Braintree,-,4B,All Others,2,U.S. House,8
Braintree,-,4B,Blanks,75,U.S. House,8
Braintree,-,4B,Total Votes Cast,1491,U.S. House,8
Braintree,-,5A,Stephen F. Lynch,1016,U.S. House,8
Braintree,-,5A,Robert G. Burke,598,U.S. House,8
Braintree,-,5A,All Others,1,U.S. House,8
Braintree,-,5A,Blanks,73,U.S. House,8
Braintree,-,5A,Total Votes Cast,1688,U.S. House,8
Braintree,-,5B,Stephen F. Lynch,1103,U.S. House,8
Braintree,-,5B,Robert G. Burke,588,U.S. House,8
Braintree,-,5B,All Others,5,U.S. House,8
Braintree,-,5B,Blanks,98,U.S. House,8
Braintree,-,5B,Total Votes Cast,1794,U.S. House,8
Braintree,-,6A,Stephen F. Lynch,1226,U.S. House,8
Braintree,-,6A,Robert G. Burke,671,U.S. House,8
Braintree,-,6A,All Others,2,U.S. House,8
Braintree,-,6A,Blanks,114,U.S. House,8
Braintree,-,6A,Total Votes Cast,2013,U.S. House,8
Braintree,-,6B,Stephen F. Lynch,1213,U.S. House,8
Braintree,-,6B,Robert G. Burke,598,U.S. House,8
Braintree,-,6B,All Others,4,U.S. House,8
Braintree,-,6B,Blanks,89,U.S. House,8
Braintree,-,6B,Total Votes Cast,1904,U.S. House,8
Brewster,-,1,Bill Keating,1646,U.S. House,9
Brewster,-,1,Dan Sullivan,912,U.S. House,9
Brewster,-,1,All Others,0,U.S. House,9
Brewster,-,1,Blanks,72,U.S. House,9
Brewster,-,1,Total Votes Cast,2630,U.S. House,9
Brewster,-,2,Bill Keating,1519,U.S. House,9
Brewster,-,2,Dan Sullivan,752,U.S. House,9
Brewster,-,2,All Others,1,U.S. House,9
Brewster,-,2,Blanks,67,U.S. House,9
Brewster,-,2,Total Votes Cast,2339,U.S. House,9
Brewster,-,3,Bill Keating,1505,U.S. House,9
Brewster,-,3,Dan Sullivan,821,U.S. House,9
Brewster,-,3,All Others,1,U.S. House,9
Brewster,-,3,Blanks,53,U.S. House,9
Brewster,-,3,Total Votes Cast,2380,U.S. House,9
Bridgewater,-,1,Bill Keating,892,U.S. House,9
Bridgewater,-,1,Dan Sullivan,976,U.S. House,9
Bridgewater,-,1,All Others,0,U.S. House,9
Bridgewater,-,1,Blanks,97,U.S. House,9
Bridgewater,-,1,Total Votes Cast,1965,U.S. House,9
Bridgewater,-,2,Bill Keating,901,U.S. House,9
Bridgewater,-,2,Dan Sullivan,917,U.S. House,9
Bridgewater,-,2,All Others,1,U.S. House,9
Bridgewater,-,2,Blanks,97,U.S. House,9
Bridgewater,-,2,Total Votes Cast,1916,U.S. House,9
Bridgewater,-,3,Bill Keating,1079,U.S. House,9
Bridgewater,-,3,Dan Sullivan,1109,U.S. House,9
Bridgewater,-,3,All Others,1,U.S. House,9
Bridgewater,-,3,Blanks,137,U.S. House,9
Bridgewater,-,3,Total Votes Cast,2326,U.S. House,9
Bridgewater,-,4,Bill Keating,454,U.S. House,9
Bridgewater,-,4,Dan Sullivan,544,U.S. House,9
Bridgewater,-,4,All Others,2,U.S. House,9
Bridgewater,-,4,Blanks,62,U.S. House,9
Bridgewater,-,4,Total Votes Cast,1062,U.S. House,9
Bridgewater,-,5,Bill Keating,135,U.S. House,9
Bridgewater,-,5,Dan Sullivan,78,U.S. House,9
Bridgewater,-,5,All Others,0,U.S. House,9
Bridgewater,-,5,Blanks,15,U.S. House,9
Bridgewater,-,5,Total Votes Cast,228,U.S. House,9
Bridgewater,-,6,Bill Keating,760,U.S. House,9
Bridgewater,-,6,Dan Sullivan,640,U.S. House,9
Bridgewater,-,6,All Others,0,U.S. House,9
Bridgewater,-,6,Blanks,75,U.S. House,9
Bridgewater,-,6,Total Votes Cast,1475,U.S. House,9
Bridgewater,-,7,Bill Keating,947,U.S. House,9
Bridgewater,-,7,Dan Sullivan,878,U.S. House,9
Bridgewater,-,7,All Others,1,U.S. House,9
Bridgewater,-,7,Blanks,114,U.S. House,9
Bridgewater,-,7,Total Votes Cast,1940,U.S. House,9
Bridgewater,-,8,Bill Keating,912,U.S. House,9
Bridgewater,-,8,Dan Sullivan,646,U.S. House,9
Bridgewater,-,8,All Others,0,U.S. House,9
Bridgewater,-,8,Blanks,101,U.S. House,9
Bridgewater,-,8,Total Votes Cast,1659,U.S. House,9
Bridgewater,-,9,Bill Keating,990,U.S. House,9
Bridgewater,-,9,Dan Sullivan,987,U.S. House,9
Bridgewater,-,9,All Others,0,U.S. House,9
Bridgewater,-,9,Blanks,109,U.S. House,9
Bridgewater,-,9,Total Votes Cast,2086,U.S. House,9
Brimfield,-,1,Richard E. Neal,1131,U.S. House,1
Brimfield,-,1,Nadia Donya Milleron,1071,U.S. House,1
Brimfield,-,1,All Others,75,U.S. House,1
Brimfield,-,1,Blanks,86,U.S. House,1
Brimfield,-,1,Total Votes Cast,2363,U.S. House,1
Brockton,1,A,Stephen F. Lynch,834,U.S. House,8
Brockton,1,A,Robert G. Burke,147,U.S. House,8
Brockton,1,A,All Others,0,U.S. House,8
Brockton,1,A,Blanks,57,U.S. House,8
Brockton,1,A,Total Votes Cast,1038,U.S. House,8
Brockton,1,B,Stephen F. Lynch,1113,U.S. House,8
Brockton,1,B,Robert G. Burke,290,U.S. House,8
Brockton,1,B,All Others,0,U.S. House,8
Brockton,1,B,Blanks,92,U.S. House,8
Brockton,1,B,Total Votes Cast,1495,U.S. House,8
Brockton,1,C,Stephen F. Lynch,974,U.S. House,8
Brockton,1,C,Robert G. Burke,280,U.S. House,8
Brockton,1,C,All Others,1,U.S. House,8
Brockton,1,C,Blanks,63,U.S. House,8
Brockton,1,C,Total Votes Cast,1318,U.S. House,8
Brockton,1,D,Stephen F. Lynch,1289,U.S. House,8
Brockton,1,D,Robert G. Burke,498,U.S. House,8
Brockton,1,D,All Others,0,U.S. House,8
Brockton,1,D,Blanks,100,U.S. House,8
Brockton,1,D,Total Votes Cast,1887,U.S. House,8
Brockton,2,A,Stephen F. Lynch,615,U.S. House,8
Brockton,2,A,Robert G. Burke,97,U.S. House,8
Brockton,2,A,All Others,0,U.S. House,8
Brockton,2,A,Blanks,66,U.S. House,8
Brockton,2,A,Total Votes Cast,778,U.S. House,8
Brockton,2,B,Stephen F. Lynch,760,U.S. House,8
Brockton,2,B,Robert G. Burke,130,U.S. House,8
Brockton,2,B,All Others,0,U.S. House,8
Brockton,2,B,Blanks,76,U.S. House,8
Brockton,2,B,Total Votes Cast,966,U.S. House,8
Brockton,2,C,Stephen F. Lynch,517,U.S. House,8
Brockton,2,C,Robert G. Burke,91,U.S. House,8
Brockton,2,C,All Others,1,U.S. House,8
Brockton,2,C,Blanks,73,U.S. House,8
Brockton,2,C,Total Votes Cast,682,U.S. House,8
Brockton,2,D,Stephen F. Lynch,858,U.S. House,8
Brockton,2,D,Robert G. Burke,205,U.S. House,8
Brockton,2,D,All Others,0,U.S. House,8
Brockton,2,D,Blanks,69,U.S. House,8
Brockton,2,D,Total Votes Cast,1132,U.S. House,8
Brockton,3,A,Stephen F. Lynch,886,U.S. House,8
Brockton,3,A,Robert G. Burke,241,U.S. House,8
Brockton,3,A,All Others,0,U.S. House,8
Brockton,3,A,Blanks,100,U.S. House,8
Brockton,3,A,Total Votes Cast,1227,U.S. House,8
Brockton,3,B,Stephen F. Lynch,696,U.S. House,8
Brockton,3,B,Robert G. Burke,155,U.S. House,8
Brockton,3,B,All Others,0,U.S. House,8
Brockton,3,B,Blanks,85,U.S. House,8
Brockton,3,B,Total Votes Cast,936,U.S. House,8
Brockton,3,C,Stephen F. Lynch,1209,U.S. House,8
Brockton,3,C,Robert G. Burke,407,U.S. House,8
Brockton,3,C,All Others,1,U.S. House,8
Brockton,3,C,Blanks,71,U.S. House,8
Brockton,3,C,Total Votes Cast,1688,U.S. House,8
Brockton,3,D,Stephen F. Lynch,1130,U.S. House,8
Brockton,3,D,Robert G. Burke,452,U.S. House,8
Brockton,3,D,All Others,0,U.S. House,8
Brockton,3,D,Blanks,83,U.S. House,8
Brockton,3,D,Total Votes Cast,1665,U.S. House,8
Brockton,4,A,Stephen F. Lynch,525,U.S. House,8
Brockton,4,A,Robert G. Burke,128,U.S. House,8
Brockton,4,A,All Others,0,U.S. House,8
Brockton,4,A,Blanks,47,U.S. House,8
Brockton,4,A,Total Votes Cast,700,U.S. House,8
Brockton,4,B,Stephen F. Lynch,917,U.S. House,8
Brockton,4,B,Robert G. Burke,219,U.S. House,8
Brockton,4,B,All Others,0,U.S. House,8
Brockton,4,B,Blanks,64,U.S. House,8
Brockton,4,B,Total Votes Cast,1200,U.S. House,8
Brockton,4,C,Stephen F. Lynch,1061,U.S. House,8
Brockton,4,C,Robert G. Burke,347,U.S. House,8
Brockton,4,C,All Others,0,U.S. House,8
Brockton,4,C,Blanks,98,U.S. House,8
Brockton,4,C,Total Votes Cast,1506,U.S. House,8
Brockton,4,D,Stephen F. Lynch,1000,U.S. House,8
Brockton,4,D,Robert G. Burke,328,U.S. House,8
Brockton,4,D,All Others,0,U.S. House,8
Brockton,4,D,Blanks,83,U.S. House,8
Brockton,4,D,Total Votes Cast,1411,U.S. House,8
Brockton,5,A,Stephen F. Lynch,726,U.S. House,8
Brockton,5,A,Robert G. Burke,152,U.S. House,8
Brockton,5,A,All Others,1,U.S. House,8
Brockton,5,A,Blanks,63,U.S. House,8
Brockton,5,A,Total Votes Cast,942,U.S. House,8
Brockton,5,B,Stephen F. Lynch,1074,U.S. House,8
Brockton,5,B,Robert G. Burke,309,U.S. House,8
Brockton,5,B,All Others,0,U.S. House,8
Brockton,5,B,Blanks,70,U.S. House,8
Brockton,5,B,Total Votes Cast,1453,U.S. House,8
Brockton,5,C,Stephen F. Lynch,923,U.S. House,8
Brockton,5,C,Robert G. Burke,183,U.S. House,8
Brockton,5,C,All Others,1,U.S. House,8
Brockton,5,C,Blanks,73,U.S. House,8
Brockton,5,C,Total Votes Cast,1180,U.S. House,8
Brockton,5,D,Stephen F. Lynch,1136,U.S. House,8
Brockton,5,D,Robert G. Burke,402,U.S. House,8
Brockton,5,D,All Others,0,U.S. House,8
Brockton,5,D,Blanks,81,U.S. House,8
Brockton,5,D,Total Votes Cast,1619,U.S. House,8
Brockton,6,A,Stephen F. Lynch,878,U.S. House,8
Brockton,6,A,Robert G. Burke,238,U.S. House,8
Brockton,6,A,All Others,0,U.S. House,8
Brockton,6,A,Blanks,74,U.S. House,8
Brockton,6,A,Total Votes Cast,1190,U.S. House,8
Brockton,6,B,Stephen F. Lynch,1077,U.S. House,8
Brockton,6,B,Robert G. Burke,376,U.S. House,8
Brockton,6,B,All Others,0,U.S. House,8
Brockton,6,B,Blanks,99,U.S. House,8
Brockton,6,B,Total Votes Cast,1552,U.S. House,8
Brockton,6,C,Stephen F. Lynch,1035,U.S. House,8
Brockton,6,C,Robert G. Burke,282,U.S. House,8
Brockton,6,C,All Others,0,U.S. House,8
Brockton,6,C,Blanks,65,U.S. House,8
Brockton,6,C,Total Votes Cast,1382,U.S. House,8
Brockton,6,D,Stephen F. Lynch,1212,U.S. House,8
Brockton,6,D,Robert G. Burke,510,U.S. House,8
Brockton,6,D,All Others,0,U.S. House,8
Brockton,6,D,Blanks,94,U.S. House,8
Brockton,6,D,Total Votes Cast,1816,U.S. House,8
Brockton,7,A,Stephen F. Lynch,761,U.S. House,8
Brockton,7,A,Robert G. Burke,140,U.S. House,8
Brockton,7,A,All Others,0,U.S. House,8
Brockton,7,A,Blanks,58,U.S. House,8
Brockton,7,A,Total Votes Cast,959,U.S. House,8
Brockton,7,B,Stephen F. Lynch,1039,U.S. House,8
Brockton,7,B,Robert G. Burke,200,U.S. House,8
Brockton,7,B,All Others,0,U.S. House,8
Brockton,7,B,Blanks,87,U.S. House,8
Brockton,7,B,Total Votes Cast,1326,U.S. House,8
Brockton,7,C,Stephen F. Lynch,853,U.S. House,8
Brockton,7,C,Robert G. Burke,177,U.S. House,8
Brockton,7,C,All Others,0,U.S. House,8
Brockton,7,C,Blanks,75,U.S. House,8
Brockton,7,C,Total Votes Cast,1105,U.S. House,8
Brockton,7,D,Stephen F. Lynch,970,U.S. House,8
Brockton,7,D,Robert G. Burke,289,U.S. House,8
Brockton,7,D,All Others,0,U.S. House,8
Brockton,7,D,Blanks,72,U.S. House,8
Brockton,7,D,Total Votes Cast,1331,U.S. House,8
Brookfield,-,1,Richard E. Neal,1122,U.S. House,1
Brookfield,-,1,Nadia Donya Milleron,783,U.S. House,1
Brookfield,-,1,All Others,11,U.S. House,1
Brookfield,-,1,Blanks,191,U.S. House,1
Brookfield,-,1,Total Votes Cast,2107,U.S. House,1
Brookline,-,1,Jake Auchincloss,1212,U.S. House,4
Brookline,-,1,Sana A. Fadel,9,U.S. House,4
Brookline,-,1,All Others,21,U.S. House,4
Brookline,-,1,Blanks,226,U.S. House,4
Brookline,-,1,Total Votes Cast,1468,U.S. House,4
Brookline,-,10,Jake Auchincloss,1437,U.S. House,4
Brookline,-,10,Sana A. Fadel,11,U.S. House,4
Brookline,-,10,All Others,33,U.S. House,4
Brookline,-,10,Blanks,246,U.S. House,4
Brookline,-,10,Total Votes Cast,1727,U.S. House,4
Brookline,-,11,Jake Auchincloss,1469,U.S. House,4
Brookline,-,11,Sana A. Fadel,20,U.S. House,4
Brookline,-,11,All Others,30,U.S. House,4
Brookline,-,11,Blanks,308,U.S. House,4
Brookline,-,11,Total Votes Cast,1827,U.S. House,4
Brookline,-,12,Jake Auchincloss,1551,U.S. House,4
Brookline,-,12,Sana A. Fadel,23,U.S. House,4
Brookline,-,12,All Others,34,U.S. House,4
Brookline,-,12,Blanks,284,U.S. House,4
Brookline,-,12,Total Votes Cast,1892,U.S. House,4
Brookline,-,13,Jake Auchincloss,1292,U.S. House,4
Brookline,-,13,Sana A. Fadel,11,U.S. House,4
Brookline,-,13,All Others,25,U.S. House,4
Brookline,-,13,Blanks,262,U.S. House,4
Brookline,-,13,Total Votes Cast,1590,U.S. House,4
Brookline,-,13A,Jake Auchincloss,241,U.S. House,4
Brookline,-,13A,Sana A. Fadel,5,U.S. House,4
Brookline,-,13A,All Others,6,U.S. House,4
Brookline,-,13A,Blanks,35,U.S. House,4
Brookline,-,13A,Total Votes Cast,287,U.S. House,4
Brookline,-,14,Jake Auchincloss,1242,U.S. House,4
Brookline,-,14,Sana A. Fadel,2,U.S. House,4
Brookline,-,14,All Others,32,U.S. House,4
Brookline,-,14,Blanks,320,U.S. House,4
Brookline,-,14,Total Votes Cast,1596,U.S. House,4
Brookline,-,14A,Jake Auchincloss,320,U.S. House,4
Brookline,-,14A,Sana A. Fadel,4,U.S. House,4
Brookline,-,14A,All Others,3,U.S. House,4
Brookline,-,14A,Blanks,91,U.S. House,4
Brookline,-,14A,Total Votes Cast,418,U.S. House,4
Brookline,-,15,Jake Auchincloss,1517,U.S. House,4
Brookline,-,15,Sana A. Fadel,7,U.S. House,4
Brookline,-,15,All Others,40,U.S. House,4
Brookline,-,15,Blanks,364,U.S. House,4
Brookline,-,15,Total Votes Cast,1928,U.S. House,4
Brookline,-,16,Jake Auchincloss,1420,U.S. House,4
Brookline,-,16,Sana A. Fadel,15,U.S. House,4
Brookline,-,16,All Others,26,U.S. House,4
Brookline,-,16,Blanks,347,U.S. House,4
Brookline,-,16,Total Votes Cast,1808,U.S. House,4
Brookline,-,17,Jake Auchincloss,1221,U.S. House,4
Brookline,-,17,Sana A. Fadel,5,U.S. House,4
Brookline,-,17,All Others,25,U.S. House,4
Brookline,-,17,Blanks,249,U.S. House,4
Brookline,-,17,Total Votes Cast,1500,U.S. House,4
Brookline,-,2,Jake Auchincloss,817,U.S. House,4
Brookline,-,2,Sana A. Fadel,12,U.S. House,4
Brookline,-,2,All Others,17,U.S. House,4
Brookline,-,2,Blanks,165,U.S. House,4
Brookline,-,2,Total Votes Cast,1011,U.S. House,4
Brookline,-,3,Jake Auchincloss,1330,U.S. House,4
Brookline,-,3,Sana A. Fadel,16,U.S. House,4
Brookline,-,3,All Others,27,U.S. House,4
Brookline,-,3,Blanks,304,U.S. House,4
Brookline,-,3,Total Votes Cast,1677,U.S. House,4
Brookline,-,4,Jake Auchincloss,1117,U.S. House,4
Brookline,-,4,Sana A. Fadel,1,U.S. House,4
Brookline,-,4,All Others,36,U.S. House,4
Brookline,-,4,Blanks,229,U.S. House,4
Brookline,-,4,Total Votes Cast,1383,U.S. House,4
Brookline,-,5,Jake Auchincloss,711,U.S. House,4
Brookline,-,5,Sana A. Fadel,7,U.S. House,4
Brookline,-,5,All Others,10,U.S. House,4
Brookline,-,5,Blanks,151,U.S. House,4
Brookline,-,5,Total Votes Cast,879,U.S. House,4
Brookline,-,5A,Jake Auchincloss,681,U.S. House,4
Brookline,-,5A,Sana A. Fadel,5,U.S. House,4
Brookline,-,5A,All Others,12,U.S. House,4
Brookline,-,5A,Blanks,146,U.S. House,4
Brookline,-,5A,Total Votes Cast,844,U.S. House,4
Brookline,-,6,Jake Auchincloss,1465,U.S. House,4
Brookline,-,6,Sana A. Fadel,12,U.S. House,4
Brookline,-,6,All Others,19,U.S. House,4
Brookline,-,6,Blanks,287,U.S. House,4
Brookline,-,6,Total Votes Cast,1783,U.S. House,4
Brookline,-,7,Jake Auchincloss,1266,U.S. House,4
Brookline,-,7,Sana A. Fadel,10,U.S. House,4
Brookline,-,7,All Others,26,U.S. House,4
Brookline,-,7,Blanks,274,U.S. House,4
Brookline,-,7,Total Votes Cast,1576,U.S. House,4
Brookline,-,8,Jake Auchincloss,1355,U.S. House,4
Brookline,-,8,Sana A. Fadel,23,U.S. House,4
Brookline,-,8,All Others,28,U.S. House,4
Brookline,-,8,Blanks,251,U.S. House,4
Brookline,-,8,Total Votes Cast,1657,U.S. House,4
Brookline,-,9,Jake Auchincloss,1423,U.S. House,4
Brookline,-,9,Sana A. Fadel,9,U.S. House,4
Brookline,-,9,All Others,31,U.S. House,4
Brookline,-,9,Blanks,272,U.S. House,4
Brookline,-,9,Total Votes Cast,1735,U.S. House,4
Buckland,-,1,James P. McGovern,822,U.S. House,2
Buckland,-,1,Cornelius Shea,257,U.S. House,2
Buckland,-,1,All Others,2,U.S. House,2
Buckland,-,1,Blanks,62,U.S. House,2
Buckland,-,1,Total Votes Cast,1143,U.S. House,2
Burlington,-,1,Seth W. Moulton,1540,U.S. House,6
Burlington,-,1,All Others,65,U.S. House,6
Burlington,-,1,Blanks,767,U.S. House,6
Burlington,-,1,Total Votes Cast,2372,U.S. House,6
Burlington,-,2,Seth W. Moulton,1057,U.S. House,6
Burlington,-,2,All Others,43,U.S. House,6
Burlington,-,2,Blanks,351,U.S. House,6
Burlington,-,2,Total Votes Cast,1451,U.S. House,6
Burlington,-,3,Seth W. Moulton,1478,U.S. House,6
Burlington,-,3,All Others,51,U.S. House,6
Burlington,-,3,Blanks,604,U.S. House,6
Burlington,-,3,Total Votes Cast,2133,U.S. House,6
Burlington,-,4,Seth W. Moulton,1246,U.S. House,6
Burlington,-,4,All Others,37,U.S. House,6
Burlington,-,4,Blanks,415,U.S. House,6
Burlington,-,4,Total Votes Cast,1698,U.S. House,6
Burlington,-,5,Seth W. Moulton,1691,U.S. House,6
Burlington,-,5,All Others,60,U.S. House,6
Burlington,-,5,Blanks,682,U.S. House,6
Burlington,-,5,Total Votes Cast,2433,U.S. House,6
Burlington,-,6,Seth W. Moulton,1641,U.S. House,6
Burlington,-,6,All Others,63,U.S. House,6
Burlington,-,6,Blanks,648,U.S. House,6
Burlington,-,6,Total Votes Cast,2352,U.S. House,6
Burlington,-,7,Seth W. Moulton,1524,U.S. House,6
Burlington,-,7,All Others,46,U.S. House,6
Burlington,-,7,Blanks,591,U.S. House,6
Burlington,-,7,Total Votes Cast,2161,U.S. House,6
Cambridge,1,1,Ayanna S. Pressley,846,U.S. House,7
Cambridge,1,1,All Others,20,U.S. House,7
Cambridge,1,1,Blanks,144,U.S. House,7
Cambridge,1,1,Total Votes Cast,1010,U.S. House,7
Cambridge,1,2,Ayanna S. Pressley,366,U.S. House,7
Cambridge,1,2,All Others,7,U.S. House,7
Cambridge,1,2,Blanks,80,U.S. House,7
Cambridge,1,2,Total Votes Cast,453,U.S. House,7
Cambridge,1,2A,Ayanna S. Pressley,34,U.S. House,7
Cambridge,1,2A,All Others,1,U.S. House,7
Cambridge,1,2A,Blanks,3,U.S. House,7
Cambridge,1,2A,Total Votes Cast,38,U.S. House,7
Cambridge,1,3,Ayanna S. Pressley,1269,U.S. House,7
Cambridge,1,3,All Others,26,U.S. House,7
Cambridge,1,3,Blanks,240,U.S. House,7
Cambridge,1,3,Total Votes Cast,1535,U.S. House,7
Cambridge,10,1,Ayanna S. Pressley,1116,U.S. House,7
Cambridge,10,1,All Others,19,U.S. House,7
Cambridge,10,1,Blanks,175,U.S. House,7
Cambridge,10,1,Total Votes Cast,1310,U.S. House,7
Cambridge,10,1A,Katherine M. Clark,731,U.S. House,5
Cambridge,10,1A,All Others,10,U.S. House,5
Cambridge,10,1A,Blanks,137,U.S. House,5
Cambridge,10,1A,Total Votes Cast,878,U.S. House,5
Cambridge,10,2,Katherine M. Clark,1918,U.S. House,5
Cambridge,10,2,All Others,10,U.S. House,5
Cambridge,10,2,Blanks,244,U.S. House,5
Cambridge,10,2,Total Votes Cast,2172,U.S. House,5
Cambridge,10,3,Ayanna S. Pressley,1485,U.S. House,7
Cambridge,10,3,All Others,22,U.S. House,7
Cambridge,10,3,Blanks,215,U.S. House,7
Cambridge,10,3,Total Votes Cast,1722,U.S. House,7
Cambridge,11,1,Ayanna S. Pressley,696,U.S. House,7
Cambridge,11,1,All Others,4,U.S. House,7
Cambridge,11,1,Blanks,76,U.S. House,7
Cambridge,11,1,Total Votes Cast,776,U.S. House,7
Cambridge,11,1A,Ayanna S. Pressley,702,U.S. House,7
Cambridge,11,1A,All Others,9,U.S. House,7
Cambridge,11,1A,Blanks,118,U.S. House,7
Cambridge,11,1A,Total Votes Cast,829,U.S. House,7
Cambridge,11,2,Ayanna S. Pressley,1102,U.S. House,7
Cambridge,11,2,All Others,5,U.S. House,7
Cambridge,11,2,Blanks,212,U.S. House,7
Cambridge,11,2,Total Votes Cast,1319,U.S. House,7
Cambridge,11,3,Katherine M. Clark,1469,U.S. House,5
Cambridge,11,3,All Others,9,U.S. House,5
Cambridge,11,3,Blanks,265,U.S. House,5
Cambridge,11,3,Total Votes Cast,1743,U.S. House,5
Cambridge,11,3A,Ayanna S. Pressley,158,U.S. House,7
Cambridge,11,3A,All Others,0,U.S. House,7
Cambridge,11,3A,Blanks,18,U.S. House,7
Cambridge,11,3A,Total Votes Cast,176,U.S. House,7
Cambridge,2,1,Ayanna S. Pressley,1379,U.S. House,7
Cambridge,2,1,All Others,20,U.S. House,7
Cambridge,2,1,Blanks,234,U.S. House,7
Cambridge,2,1,Total Votes Cast,1633,U.S. House,7
Cambridge,2,2,Ayanna S. Pressley,1264,U.S. House,7
Cambridge,2,2,All Others,32,U.S. House,7
Cambridge,2,2,Blanks,252,U.S. House,7
Cambridge,2,2,Total Votes Cast,1548,U.S. House,7
Cambridge,2,3,Ayanna S. Pressley,1159,U.S. House,7
Cambridge,2,3,All Others,23,U.S. House,7
Cambridge,2,3,Blanks,203,U.S. House,7
Cambridge,2,3,Total Votes Cast,1385,U.S. House,7
Cambridge,2,3A,Ayanna S. Pressley,126,U.S. House,7
Cambridge,2,3A,All Others,1,U.S. House,7
Cambridge,2,3A,Blanks,20,U.S. House,7
Cambridge,2,3A,Total Votes Cast,147,U.S. House,7
Cambridge,3,1,Ayanna S. Pressley,1186,U.S. House,7
Cambridge,3,1,All Others,11,U.S. House,7
Cambridge,3,1,Blanks,174,U.S. House,7
Cambridge,3,1,Total Votes Cast,1371,U.S. House,7
Cambridge,3,2,Ayanna S. Pressley,1422,U.S. House,7
Cambridge,3,2,All Others,40,U.S. House,7
Cambridge,3,2,Blanks,196,U.S. House,7
Cambridge,3,2,Total Votes Cast,1658,U.S. House,7
Cambridge,3,3,Ayanna S. Pressley,1002,U.S. House,7
Cambridge,3,3,All Others,12,U.S. House,7
Cambridge,3,3,Blanks,91,U.S. House,7
Cambridge,3,3,Total Votes Cast,1105,U.S. House,7
Cambridge,3,3A,Katherine M. Clark,483,U.S. House,5
Cambridge,3,3A,All Others,5,U.S. House,5
Cambridge,3,3A,Blanks,68,U.S. House,5
Cambridge,3,3A,Total Votes Cast,556,U.S. House,5
Cambridge,4,1,Ayanna S. Pressley,1672,U.S. House,7
Cambridge,4,1,All Others,17,U.S. House,7
Cambridge,4,1,Blanks,262,U.S. House,7
Cambridge,4,1,Total Votes Cast,1951,U.S. House,7
Cambridge,4,2,Katherine M. Clark,1296,U.S. House,5
Cambridge,4,2,All Others,4,U.S. House,5
Cambridge,4,2,Blanks,203,U.S. House,5
Cambridge,4,2,Total Votes Cast,1503,U.S. House,5
Cambridge,4,2A,Ayanna S. Pressley,216,U.S. House,7
Cambridge,4,2A,All Others,5,U.S. House,7
Cambridge,4,2A,Blanks,27,U.S. House,7
Cambridge,4,2A,Total Votes Cast,248,U.S. House,7
Cambridge,4,3,Ayanna S. Pressley,1549,U.S. House,7
Cambridge,4,3,All Others,17,U.S. House,7
Cambridge,4,3,Blanks,161,U.S. House,7
Cambridge,4,3,Total Votes Cast,1727,U.S. House,7
Cambridge,5,1,Ayanna S. Pressley,1384,U.S. House,7
Cambridge,5,1,All Others,23,U.S. House,7
Cambridge,5,1,Blanks,223,U.S. House,7
Cambridge,5,1,Total Votes Cast,1630,U.S. House,7
Cambridge,5,2,Ayanna S. Pressley,257,U.S. House,7
Cambridge,5,2,All Others,6,U.S. House,7
Cambridge,5,2,Blanks,48,U.S. House,7
Cambridge,5,2,Total Votes Cast,311,U.S. House,7
Cambridge,5,3,Ayanna S. Pressley,1354,U.S. House,7
Cambridge,5,3,All Others,19,U.S. House,7
Cambridge,5,3,Blanks,187,U.S. House,7
Cambridge,5,3,Total Votes Cast,1560,U.S. House,7
Cambridge,6,1,Ayanna S. Pressley,1259,U.S. House,7
Cambridge,6,1,All Others,8,U.S. House,7
Cambridge,6,1,Blanks,176,U.S. House,7
Cambridge,6,1,Total Votes Cast,1443,U.S. House,7
Cambridge,6,1A,Katherine M. Clark,361,U.S. House,5
Cambridge,6,1A,All Others,3,U.S. House,5
Cambridge,6,1A,Blanks,47,U.S. House,5
Cambridge,6,1A,Total Votes Cast,411,U.S. House,5
Cambridge,6,2,Katherine M. Clark,921,U.S. House,5
Cambridge,6,2,All Others,8,U.S. House,5
Cambridge,6,2,Blanks,144,U.S. House,5
Cambridge,6,2,Total Votes Cast,1073,U.S. House,5
Cambridge,6,3,Katherine M. Clark,1647,U.S. House,5
Cambridge,6,3,All Others,15,U.S. House,5
Cambridge,6,3,Blanks,275,U.S. House,5
Cambridge,6,3,Total Votes Cast,1937,U.S. House,5
Cambridge,7,1,Katherine M. Clark,1473,U.S. House,5
Cambridge,7,1,All Others,7,U.S. House,5
Cambridge,7,1,Blanks,209,U.S. House,5
Cambridge,7,1,Total Votes Cast,1689,U.S. House,5
Cambridge,7,2,Katherine M. Clark,1049,U.S. House,5
Cambridge,7,2,All Others,12,U.S. House,5
Cambridge,7,2,Blanks,176,U.S. House,5
Cambridge,7,2,Total Votes Cast,1237,U.S. House,5
Cambridge,7,2A,Ayanna S. Pressley,33,U.S. House,7
Cambridge,7,2A,All Others,1,U.S. House,7
Cambridge,7,2A,Blanks,6,U.S. House,7
Cambridge,7,2A,Total Votes Cast,40,U.S. House,7
Cambridge,7,3,Katherine M. Clark,435,U.S. House,5
Cambridge,7,3,All Others,13,U.S. House,5
Cambridge,7,3,Blanks,83,U.S. House,5
Cambridge,7,3,Total Votes Cast,531,U.S. House,5
Cambridge,8,1,Katherine M. Clark,1330,U.S. House,5
Cambridge,8,1,All Others,9,U.S. House,5
Cambridge,8,1,Blanks,172,U.S. House,5
Cambridge,8,1,Total Votes Cast,1511,U.S. House,5
Cambridge,8,2,Katherine M. Clark,1357,U.S. House,5
Cambridge,8,2,All Others,11,U.S. House,5
Cambridge,8,2,Blanks,197,U.S. House,5
Cambridge,8,2,Total Votes Cast,1565,U.S. House,5
Cambridge,8,3,Katherine M. Clark,471,U.S. House,5
Cambridge,8,3,All Others,10,U.S. House,5
Cambridge,8,3,Blanks,66,U.S. House,5
Cambridge,8,3,Total Votes Cast,547,U.S. House,5
Cambridge,9,1,Katherine M. Clark,2147,U.S. House,5
Cambridge,9,1,All Others,16,U.S. House,5
Cambridge,9,1,Blanks,307,U.S. House,5
Cambridge,9,1,Total Votes Cast,2470,U.S. House,5
Cambridge,9,2,Katherine M. Clark,1722,U.S. House,5
Cambridge,9,2,All Others,13,U.S. House,5
Cambridge,9,2,Blanks,268,U.S. House,5
Cambridge,9,2,Total Votes Cast,2003,U.S. House,5
Cambridge,9,3,Katherine M. Clark,1595,U.S. House,5
Cambridge,9,3,All Others,14,U.S. House,5
Cambridge,9,3,Blanks,301,U.S. House,5
Cambridge,9,3,Total Votes Cast,1910,U.S. House,5
Canton,-,1,Stephen F. Lynch,1200,U.S. House,8
Canton,-,1,Robert G. Burke,563,U.S. House,8
Canton,-,1,All Others,0,U.S. House,8
Canton,-,1,Blanks,99,U.S. House,8
Canton,-,1,Total Votes Cast,1862,U.S. House,8
Canton,-,2,Stephen F. Lynch,1589,U.S. House,8
Canton,-,2,Robert G. Burke,652,U.S. House,8
Canton,-,2,All Others,1,U.S. House,8
Canton,-,2,Blanks,122,U.S. House,8
Canton,-,2,Total Votes Cast,2364,U.S. House,8
Canton,-,3,Stephen F. Lynch,1043,U.S. House,8
Canton,-,3,Robert G. Burke,518,U.S. House,8
Canton,-,3,All Others,0,U.S. House,8
Canton,-,3,Blanks,93,U.S. House,8
Canton,-,3,Total Votes Cast,1654,U.S. House,8
Canton,-,4,Stephen F. Lynch,1268,U.S. House,8
Canton,-,4,Robert G. Burke,691,U.S. House,8
Canton,-,4,All Others,1,U.S. House,8
Canton,-,4,Blanks,123,U.S. House,8
Canton,-,4,Total Votes Cast,2083,U.S. House,8
Canton,-,5,Stephen F. Lynch,1337,U.S. House,8
Canton,-,5,Robert G. Burke,696,U.S. House,8
Canton,-,5,All Others,2,U.S. House,8
Canton,-,5,Blanks,94,U.S. House,8
Canton,-,5,Total Votes Cast,2129,U.S. House,8
Canton,-,6,Stephen F. Lynch,1285,U.S. House,8
Canton,-,6,Robert G. Burke,585,U.S. House,8
Canton,-,6,All Others,1,U.S. House,8
Canton,-,6,Blanks,95,U.S. House,8
Canton,-,6,Total Votes Cast,1966,U.S. House,8
Canton,-,7,Stephen F. Lynch,1413,U.S. House,8
Canton,-,7,Robert G. Burke,617,U.S. House,8
Canton,-,7,All Others,0,U.S. House,8
Canton,-,7,Blanks,110,U.S. House,8
Canton,-,7,Total Votes Cast,2140,U.S. House,8
Carlisle,-,1,Lori Loureiro Trahan,2700,U.S. House,3
Carlisle,-,1,All Others,53,U.S. House,3
Carlisle,-,1,Blanks,708,U.S. House,3
Carlisle,-,1,Total Votes Cast,3461,U.S. House,3
Carver,-,1,Bill Keating,977,U.S. House,9
Carver,-,1,Dan Sullivan,1279,U.S. House,9
Carver,-,1,All Others,25,U.S. House,9
Carver,-,1,Blanks,101,U.S. House,9
Carver,-,1,Total Votes Cast,2382,U.S. House,9
Carver,-,2,Bill Keating,922,U.S. House,9
Carver,-,2,Dan Sullivan,1249,U.S. House,9
Carver,-,2,All Others,11,U.S. House,9
Carver,-,2,Blanks,109,U.S. House,9
Carver,-,2,Total Votes Cast,2291,U.S. House,9
Carver,-,3,Bill Keating,1146,U.S. House,9
Carver,-,3,Dan Sullivan,1233,U.S. House,9
Carver,-,3,All Others,14,U.S. House,9
Carver,-,3,Blanks,118,U.S. House,9
Carver,-,3,Total Votes Cast,2511,U.S. House,9
Charlemont,-,1,Richard E. Neal,448,U.S. House,1
Charlemont,-,1,Nadia Donya Milleron,247,U.S. House,1
Charlemont,-,1,All Others,0,U.S. House,1
Charlemont,-,1,Blanks,49,U.S. House,1
Charlemont,-,1,Total Votes Cast,744,U.S. House,1
Charlton,-,1,Richard E. Neal,1074,U.S. House,1
Charlton,-,1,Nadia Donya Milleron,700,U.S. House,1
Charlton,-,1,All Others,5,U.S. House,1
Charlton,-,1,Blanks,205,U.S. House,1
Charlton,-,1,Total Votes Cast,1984,U.S. House,1
Charlton,-,2,Richard E. Neal,1079,U.S. House,1
Charlton,-,2,Nadia Donya Milleron,825,U.S. House,1
Charlton,-,2,All Others,7,U.S. House,1
Charlton,-,2,Blanks,228,U.S. House,1
Charlton,-,2,Total Votes Cast,2139,U.S. House,1
Charlton,-,3,Richard E. Neal,1106,U.S. House,1
Charlton,-,3,Nadia Donya Milleron,760,U.S. House,1
Charlton,-,3,All Others,5,U.S. House,1
Charlton,-,3,Blanks,235,U.S. House,1
Charlton,-,3,Total Votes Cast,2106,U.S. House,1
Charlton,-,4,Richard E. Neal,979,U.S. House,1
Charlton,-,4,Nadia Donya Milleron,809,U.S. House,1
Charlton,-,4,All Others,9,U.S. House,1
Charlton,-,4,Blanks,215,U.S. House,1
Charlton,-,4,Total Votes Cast,2012,U.S. House,1
Charlton,-,4A,Richard E. Neal,28,U.S. House,1
Charlton,-,4A,Nadia Donya Milleron,23,U.S. House,1
Charlton,-,4A,All Others,0,U.S. House,1
Charlton,-,4A,Blanks,4,U.S. House,1
Charlton,-,4A,Total Votes Cast,55,U.S. House,1
Chatham,-,1,Bill Keating,1463,U.S. House,9
Chatham,-,1,Dan Sullivan,951,U.S. House,9
Chatham,-,1,All Others,2,U.S. House,9
Chatham,-,1,Blanks,66,U.S. House,9
Chatham,-,1,Total Votes Cast,2482,U.S. House,9
Chatham,-,2,Bill Keating,1406,U.S. House,9
Chatham,-,2,Dan Sullivan,943,U.S. House,9
Chatham,-,2,All Others,1,U.S. House,9
Chatham,-,2,Blanks,69,U.S. House,9
Chatham,-,2,Total Votes Cast,2419,U.S. House,9
Chelmsford,-,1,Lori Loureiro Trahan,1277,U.S. House,3
Chelmsford,-,1,All Others,28,U.S. House,3
Chelmsford,-,1,Blanks,458,U.S. House,3
Chelmsford,-,1,Total Votes Cast,1763,U.S. House,3
Chelmsford,-,10,Lori Loureiro Trahan,1290,U.S. House,3
Chelmsford,-,10,All Others,30,U.S. House,3
Chelmsford,-,10,Blanks,440,U.S. House,3
Chelmsford,-,10,Total Votes Cast,1760,U.S. House,3
Chelmsford,-,11,Lori Loureiro Trahan,1556,U.S. House,3
Chelmsford,-,11,All Others,23,U.S. House,3
Chelmsford,-,11,Blanks,550,U.S. House,3
Chelmsford,-,11,Total Votes Cast,2129,U.S. House,3
Chelmsford,-,2,Lori Loureiro Trahan,1455,U.S. House,3
Chelmsford,-,2,All Others,17,U.S. House,3
Chelmsford,-,2,Blanks,463,U.S. House,3
Chelmsford,-,2,Total Votes Cast,1935,U.S. House,3
Chelmsford,-,3A,Lori Loureiro Trahan,684,U.S. House,3
Chelmsford,-,3A,All Others,9,U.S. House,3
Chelmsford,-,3A,Blanks,213,U.S. House,3
Chelmsford,-,3A,Total Votes Cast,906,U.S. House,3
Chelmsford,-,3B,Lori Loureiro Trahan,748,U.S. House,3
Chelmsford,-,3B,All Others,10,U.S. House,3
Chelmsford,-,3B,Blanks,191,U.S. House,3
Chelmsford,-,3B,Total Votes Cast,949,U.S. House,3
Chelmsford,-,4,Lori Loureiro Trahan,1609,U.S. House,3
Chelmsford,-,4,All Others,26,U.S. House,3
Chelmsford,-,4,Blanks,523,U.S. House,3
Chelmsford,-,4,Total Votes Cast,2158,U.S. House,3
Chelmsford,-,5A,Lori Loureiro Trahan,1254,U.S. House,3
Chelmsford,-,5A,All Others,15,U.S. House,3
Chelmsford,-,5A,Blanks,451,U.S. House,3
Chelmsford,-,5A,Total Votes Cast,1720,U.S. House,3
Chelmsford,-,5B,Lori Loureiro Trahan,369,U.S. House,3
Chelmsford,-,5B,All Others,3,U.S. House,3
Chelmsford,-,5B,Blanks,160,U.S. House,3
Chelmsford,-,5B,Total Votes Cast,532,U.S. House,3
Chelmsford,-,6,Lori Loureiro Trahan,1458,U.S. House,3
Chelmsford,-,6,All Others,27,U.S. House,3
Chelmsford,-,6,Blanks,480,U.S. House,3
Chelmsford,-,6,Total Votes Cast,1965,U.S. House,3
Chelmsford,-,7,Lori Loureiro Trahan,1347,U.S. House,3
Chelmsford,-,7,All Others,33,U.S. House,3
Chelmsford,-,7,Blanks,479,U.S. House,3
Chelmsford,-,7,Total Votes Cast,1859,U.S. House,3
Chelmsford,-,8,Lori Loureiro Trahan,1414,U.S. House,3
Chelmsford,-,8,All Others,13,U.S. House,3
Chelmsford,-,8,Blanks,447,U.S. House,3
Chelmsford,-,8,Total Votes Cast,1874,U.S. House,3
Chelmsford,-,9,Lori Loureiro Trahan,1520,U.S. House,3
Chelmsford,-,9,All Others,24,U.S. House,3
Chelmsford,-,9,Blanks,611,U.S. House,3
Chelmsford,-,9,Total Votes Cast,2155,U.S. House,3
Chelsea,1,1,Ayanna S. Pressley,324,U.S. House,7
Chelsea,1,1,All Others,0,U.S. House,7
Chelsea,1,1,Blanks,145,U.S. House,7
Chelsea,1,1,Total Votes Cast,469,U.S. House,7
Chelsea,1,2,Ayanna S. Pressley,223,U.S. House,7
Chelsea,1,2,All Others,0,U.S. House,7
Chelsea,1,2,Blanks,83,U.S. House,7
Chelsea,1,2,Total Votes Cast,306,U.S. House,7
Chelsea,1,3,Ayanna S. Pressley,317,U.S. House,7
Chelsea,1,3,All Others,0,U.S. House,7
Chelsea,1,3,Blanks,100,U.S. House,7
Chelsea,1,3,Total Votes Cast,417,U.S. House,7
Chelsea,1,4,Ayanna S. Pressley,315,U.S. House,7
Chelsea,1,4,All Others,0,U.S. House,7
Chelsea,1,4,Blanks,84,U.S. House,7
Chelsea,1,4,Total Votes Cast,399,U.S. House,7
Chelsea,2,1,Ayanna S. Pressley,765,U.S. House,7
Chelsea,2,1,All Others,0,U.S. House,7
Chelsea,2,1,Blanks,318,U.S. House,7
Chelsea,2,1,Total Votes Cast,1083,U.S. House,7
Chelsea,2,2,Ayanna S. Pressley,516,U.S. House,7
Chelsea,2,2,All Others,0,U.S. House,7
Chelsea,2,2,Blanks,120,U.S. House,7
Chelsea,2,2,Total Votes Cast,636,U.S. House,7
Chelsea,2,3,Ayanna S. Pressley,283,U.S. House,7
Chelsea,2,3,All Others,0,U.S. House,7
Chelsea,2,3,Blanks,99,U.S. House,7
Chelsea,2,3,Total Votes Cast,382,U.S. House,7
Chelsea,2,4,Ayanna S. Pressley,349,U.S. House,7
Chelsea,2,4,All Others,0,U.S. House,7
Chelsea,2,4,Blanks,102,U.S. House,7
Chelsea,2,4,Total Votes Cast,451,U.S. House,7
Chelsea,3,1,Ayanna S. Pressley,382,U.S. House,7
Chelsea,3,1,All Others,0,U.S. House,7
Chelsea,3,1,Blanks,143,U.S. House,7
Chelsea,3,1,Total Votes Cast,525,U.S. House,7
Chelsea,3,2,Ayanna S. Pressley,433,U.S. House,7
Chelsea,3,2,All Others,0,U.S. House,7
Chelsea,3,2,Blanks,154,U.S. House,7
Chelsea,3,2,Total Votes Cast,587,U.S. House,7
Chelsea,3,3,Ayanna S. Pressley,390,U.S. House,7
Chelsea,3,3,All Others,0,U.S. House,7
Chelsea,3,3,Blanks,117,U.S. House,7
Chelsea,3,3,Total Votes Cast,507,U.S. House,7
Chelsea,3,4,Ayanna S. Pressley,410,U.S. House,7
Chelsea,3,4,All Others,0,U.S. House,7
Chelsea,3,4,Blanks,127,U.S. House,7
Chelsea,3,4,Total Votes Cast,537,U.S. House,7
Chelsea,4,1,Ayanna S. Pressley,503,U.S. House,7
Chelsea,4,1,All Others,0,U.S. House,7
Chelsea,4,1,Blanks,148,U.S. House,7
Chelsea,4,1,Total Votes Cast,651,U.S. House,7
Chelsea,4,2,Ayanna S. Pressley,452,U.S. House,7
Chelsea,4,2,All Others,0,U.S. House,7
Chelsea,4,2,Blanks,225,U.S. House,7
Chelsea,4,2,Total Votes Cast,677,U.S. House,7
Chelsea,4,3,Ayanna S. Pressley,436,U.S. House,7
Chelsea,4,3,All Others,0,U.S. House,7
Chelsea,4,3,Blanks,229,U.S. House,7
Chelsea,4,3,Total Votes Cast,665,U.S. House,7
Chelsea,4,4,Ayanna S. Pressley,404,U.S. House,7
Chelsea,4,4,All Others,0,U.S. House,7
Chelsea,4,4,Blanks,173,U.S. House,7
Chelsea,4,4,Total Votes Cast,577,U.S. House,7
Cheshire,-,1,Richard E. Neal,1052,U.S. House,1
Cheshire,-,1,Nadia Donya Milleron,717,U.S. House,1
Cheshire,-,1,All Others,4,U.S. House,1
Cheshire,-,1,Blanks,181,U.S. House,1
Cheshire,-,1,Total Votes Cast,1954,U.S. House,1
Chester,-,1,Richard E. Neal,299,U.S. House,1
Chester,-,1,Nadia Donya Milleron,408,U.S. House,1
Chester,-,1,All Others,0,U.S. House,1
Chester,-,1,Blanks,44,U.S. House,1
Chester,-,1,Total Votes Cast,751,U.S. House,1
Chesterfield,-,1,James P. McGovern,508,U.S. House,2
Chesterfield,-,1,Cornelius Shea,270,U.S. House,2
Chesterfield,-,1,All Others,0,U.S. House,2
Chesterfield,-,1,Blanks,58,U.S. House,2
Chesterfield,-,1,Total Votes Cast,836,U.S. House,2
Chicopee,1,A,Richard E. Neal,841,U.S. House,1
Chicopee,1,A,Nadia Donya Milleron,542,U.S. House,1
Chicopee,1,A,All Others,6,U.S. House,1
Chicopee,1,A,Blanks,72,U.S. House,1
Chicopee,1,A,Total Votes Cast,1461,U.S. House,1
Chicopee,1,B,Richard E. Neal,979,U.S. House,1
Chicopee,1,B,Nadia Donya Milleron,627,U.S. House,1
Chicopee,1,B,All Others,4,U.S. House,1
Chicopee,1,B,Blanks,81,U.S. House,1
Chicopee,1,B,Total Votes Cast,1691,U.S. House,1
Chicopee,2,A,Richard E. Neal,618,U.S. House,1
Chicopee,2,A,Nadia Donya Milleron,275,U.S. House,1
Chicopee,2,A,All Others,7,U.S. House,1
Chicopee,2,A,Blanks,50,U.S. House,1
Chicopee,2,A,Total Votes Cast,950,U.S. House,1
Chicopee,2,B,Richard E. Neal,850,U.S. House,1
Chicopee,2,B,Nadia Donya Milleron,573,U.S. House,1
Chicopee,2,B,All Others,5,U.S. House,1
Chicopee,2,B,Blanks,87,U.S. House,1
Chicopee,2,B,Total Votes Cast,1515,U.S. House,1
Chicopee,3,A,Richard E. Neal,582,U.S. House,1
Chicopee,3,A,Nadia Donya Milleron,477,U.S. House,1
Chicopee,3,A,All Others,7,U.S. House,1
Chicopee,3,A,Blanks,63,U.S. House,1
Chicopee,3,A,Total Votes Cast,1129,U.S. House,1
Chicopee,3,A1,Richard E. Neal,150,U.S. House,1
Chicopee,3,A1,Nadia Donya Milleron,66,U.S. House,1
Chicopee,3,A1,All Others,0,U.S. House,1
Chicopee,3,A1,Blanks,25,U.S. House,1
Chicopee,3,A1,Total Votes Cast,241,U.S. House,1
Chicopee,3,B,Richard E. Neal,657,U.S. House,1
Chicopee,3,B,Nadia Donya Milleron,380,U.S. House,1
Chicopee,3,B,All Others,10,U.S. House,1
Chicopee,3,B,Blanks,57,U.S. House,1
Chicopee,3,B,Total Votes Cast,1104,U.S. House,1
Chicopee,4,A,Richard E. Neal,722,U.S. House,1
Chicopee,4,A,Nadia Donya Milleron,451,U.S. House,1
Chicopee,4,A,All Others,4,U.S. House,1
Chicopee,4,A,Blanks,71,U.S. House,1
Chicopee,4,A,Total Votes Cast,1248,U.S. House,1
Chicopee,4,B,Richard E. Neal,743,U.S. House,1
Chicopee,4,B,Nadia Donya Milleron,389,U.S. House,1
Chicopee,4,B,All Others,1,U.S. House,1
Chicopee,4,B,Blanks,63,U.S. House,1
Chicopee,4,B,Total Votes Cast,1196,U.S. House,1
Chicopee,5,A,Richard E. Neal,903,U.S. House,1
Chicopee,5,A,Nadia Donya Milleron,460,U.S. House,1
Chicopee,5,A,All Others,8,U.S. House,1
Chicopee,5,A,Blanks,61,U.S. House,1
Chicopee,5,A,Total Votes Cast,1432,U.S. House,1
Chicopee,5,B,Richard E. Neal,782,U.S. House,1
Chicopee,5,B,Nadia Donya Milleron,468,U.S. House,1
Chicopee,5,B,All Others,9,U.S. House,1
Chicopee,5,B,Blanks,49,U.S. House,1
Chicopee,5,B,Total Votes Cast,1308,U.S. House,1
Chicopee,6,AN,Richard E. Neal,320,U.S. House,1
Chicopee,6,AN,Nadia Donya Milleron,189,U.S. House,1
Chicopee,6,AN,All Others,3,U.S. House,1
Chicopee,6,AN,Blanks,27,U.S. House,1
Chicopee,6,AN,Total Votes Cast,539,U.S. House,1
Chicopee,6,AS,Richard E. Neal,541,U.S. House,1
Chicopee,6,AS,Nadia Donya Milleron,357,U.S. House,1
Chicopee,6,AS,All Others,2,U.S. House,1
Chicopee,6,AS,Blanks,54,U.S. House,1
Chicopee,6,AS,Total Votes Cast,954,U.S. House,1
Chicopee,6,BE,Richard E. Neal,765,U.S. House,1
Chicopee,6,BE,Nadia Donya Milleron,631,U.S. House,1
Chicopee,6,BE,All Others,13,U.S. House,1
Chicopee,6,BE,Blanks,82,U.S. House,1
Chicopee,6,BE,Total Votes Cast,1491,U.S. House,1
Chicopee,6,BW,Richard E. Neal,161,U.S. House,1
Chicopee,6,BW,Nadia Donya Milleron,126,U.S. House,1
Chicopee,6,BW,All Others,5,U.S. House,1
Chicopee,6,BW,Blanks,11,U.S. House,1
Chicopee,6,BW,Total Votes Cast,303,U.S. House,1
Chicopee,7,A,Richard E. Neal,622,U.S. House,1
Chicopee,7,A,Nadia Donya Milleron,361,U.S. House,1
Chicopee,7,A,All Others,5,U.S. House,1
Chicopee,7,A,Blanks,57,U.S. House,1
Chicopee,7,A,Total Votes Cast,1045,U.S. House,1
Chicopee,7,B,Richard E. Neal,713,U.S. House,1
Chicopee,7,B,Nadia Donya Milleron,351,U.S. House,1
Chicopee,7,B,All Others,9,U.S. House,1
Chicopee,7,B,Blanks,46,U.S. House,1
Chicopee,7,B,Total Votes Cast,1119,U.S. House,1
Chicopee,8,A,Richard E. Neal,840,U.S. House,1
Chicopee,8,A,Nadia Donya Milleron,555,U.S. House,1
Chicopee,8,A,All Others,9,U.S. House,1
Chicopee,8,A,Blanks,54,U.S. House,1
Chicopee,8,A,Total Votes Cast,1458,U.S. House,1
Chicopee,8,B,Richard E. Neal,755,U.S. House,1
Chicopee,8,B,Nadia Donya Milleron,565,U.S. House,1
Chicopee,8,B,All Others,13,U.S. House,1
Chicopee,8,B,Blanks,78,U.S. House,1
Chicopee,8,B,Total Votes Cast,1411,U.S. House,1
Chicopee,9,A,Richard E. Neal,829,U.S. House,1
Chicopee,9,A,Nadia Donya Milleron,509,U.S. House,1
Chicopee,9,A,All Others,9,U.S. House,1
Chicopee,9,A,Blanks,64,U.S. House,1
Chicopee,9,A,Total Votes Cast,1411,U.S. House,1
Chicopee,9,B,Richard E. Neal,934,U.S. House,1
Chicopee,9,B,Nadia Donya Milleron,651,U.S. House,1
Chicopee,9,B,All Others,9,U.S. House,1
Chicopee,9,B,Blanks,69,U.S. House,1
Chicopee,9,B,Total Votes Cast,1663,U.S. House,1
Chilmark,-,1,Bill Keating,777,U.S. House,9
Chilmark,-,1,Dan Sullivan,151,U.S. House,9
Chilmark,-,1,All Others,0,U.S. House,9
Chilmark,-,1,Blanks,17,U.S. House,9
Chilmark,-,1,Total Votes Cast,945,U.S. House,9
Clarksburg,-,1,Richard E. Neal,606,U.S. House,1
Clarksburg,-,1,Nadia Donya Milleron,296,U.S. House,1
Clarksburg,-,1,All Others,0,U.S. House,1
Clarksburg,-,1,Blanks,78,U.S. House,1
Clarksburg,-,1,Total Votes Cast,980,U.S. House,1
Clinton,-,1,Lori Loureiro Trahan,1581,U.S. House,3
Clinton,-,1,All Others,76,U.S. House,3
Clinton,-,1,Blanks,451,U.S. House,3
Clinton,-,1,Total Votes Cast,2108,U.S. House,3
Clinton,-,2,Lori Loureiro Trahan,1219,U.S. House,3
Clinton,-,2,All Others,50,U.S. House,3
Clinton,-,2,Blanks,335,U.S. House,3
Clinton,-,2,Total Votes Cast,1604,U.S. House,3
Clinton,-,3,Lori Loureiro Trahan,1492,U.S. House,3
Clinton,-,3,All Others,65,U.S. House,3
Clinton,-,3,Blanks,450,U.S. House,3
Clinton,-,3,Total Votes Cast,2007,U.S. House,3
Clinton,-,4,Lori Loureiro Trahan,1319,U.S. House,3
Clinton,-,4,All Others,61,U.S. House,3
Clinton,-,4,Blanks,467,U.S. House,3
Clinton,-,4,Total Votes Cast,1847,U.S. House,3
Cohasset,-,1,Bill Keating,1027,U.S. House,9
Cohasset,-,1,Dan Sullivan,655,U.S. House,9
Cohasset,-,1,All Others,1,U.S. House,9
Cohasset,-,1,Blanks,66,U.S. House,9
Cohasset,-,1,Total Votes Cast,1749,U.S. House,9
Cohasset,-,2,Bill Keating,1058,U.S. House,9
Cohasset,-,2,Dan Sullivan,734,U.S. House,9
Cohasset,-,2,All Others,1,U.S. House,9
Cohasset,-,2,Blanks,72,U.S. House,9
Cohasset,-,2,Total Votes Cast,1865,U.S. House,9
Cohasset,-,3,Bill Keating,1072,U.S. House,9
Cohasset,-,3,Dan Sullivan,670,U.S. House,9
Cohasset,-,3,All Others,1,U.S. House,9
Cohasset,-,3,Blanks,74,U.S. House,9
Cohasset,-,3,Total Votes Cast,1817,U.S. House,9
Colrain,-,1,James P. McGovern,669,U.S. House,2
Colrain,-,1,Cornelius Shea,305,U.S. House,2
Colrain,-,1,All Others,0,U.S. House,2
Colrain,-,1,Blanks,76,U.S. House,2
Colrain,-,1,Total Votes Cast,1050,U.S. House,2
Concord,-,1,Lori Loureiro Trahan,1709,U.S. House,3
Concord,-,1,All Others,17,U.S. House,3
Concord,-,1,Blanks,360,U.S. House,3
Concord,-,1,Total Votes Cast,2086,U.S. House,3
Concord,-,2,Lori Loureiro Trahan,2050,U.S. House,3
Concord,-,2,All Others,19,U.S. House,3
Concord,-,2,Blanks,409,U.S. House,3
Concord,-,2,Total Votes Cast,2478,U.S. House,3
Concord,-,3,Lori Loureiro Trahan,1997,U.S. House,3
Concord,-,3,All Others,22,U.S. House,3
Concord,-,3,Blanks,460,U.S. House,3
Concord,-,3,Total Votes Cast,2479,U.S. House,3
Concord,-,4,Lori Loureiro Trahan,2189,U.S. House,3
Concord,-,4,All Others,16,U.S. House,3
Concord,-,4,Blanks,444,U.S. House,3
Concord,-,4,Total Votes Cast,2649,U.S. House,3
Concord,-,5,Lori Loureiro Trahan,1939,U.S. House,3
Concord,-,5,All Others,15,U.S. House,3
Concord,-,5,Blanks,380,U.S. House,3
Concord,-,5,Total Votes Cast,2334,U.S. House,3
Conway,-,1,James P. McGovern,986,U.S. House,2
Conway,-,1,Cornelius Shea,275,U.S. House,2
Conway,-,1,All Others,0,U.S. House,2
Conway,-,1,Blanks,49,U.S. House,2
Conway,-,1,Total Votes Cast,1310,U.S. House,2
Cummington,-,1,Richard E. Neal,335,U.S. House,1
Cummington,-,1,Nadia Donya Milleron,222,U.S. House,1
Cummington,-,1,All Others,1,U.S. House,1
Cummington,-,1,Blanks,29,U.S. House,1
Cummington,-,1,Total Votes Cast,587,U.S. House,1
Dalton,-,1,Richard E. Neal,1125,U.S. House,1
Dalton,-,1,Nadia Donya Milleron,579,U.S. House,1
Dalton,-,1,All Others,9,U.S. House,1
Dalton,-,1,Blanks,147,U.S. House,1
Dalton,-,1,Total Votes Cast,1860,U.S. House,1
Dalton,-,2,Richard E. Neal,1142,U.S. House,1
Dalton,-,2,Nadia Donya Milleron,513,U.S. House,1
Dalton,-,2,All Others,6,U.S. House,1
Dalton,-,2,Blanks,163,U.S. House,1
Dalton,-,2,Total Votes Cast,1824,U.S. House,1
Danvers,-,1,Seth W. Moulton,1545,U.S. House,6
Danvers,-,1,All Others,2,U.S. House,6
Danvers,-,1,Blanks,505,U.S. House,6
Danvers,-,1,Total Votes Cast,2052,U.S. House,6
Danvers,-,2,Seth W. Moulton,1479,U.S. House,6
Danvers,-,2,All Others,13,U.S. House,6
Danvers,-,2,Blanks,608,U.S. House,6
Danvers,-,2,Total Votes Cast,2100,U.S. House,6
Danvers,-,3,Seth W. Moulton,1346,U.S. House,6
Danvers,-,3,All Others,18,U.S. House,6
Danvers,-,3,Blanks,543,U.S. House,6
Danvers,-,3,Total Votes Cast,1907,U.S. House,6
Danvers,-,4,Seth W. Moulton,1498,U.S. House,6
Danvers,-,4,All Others,20,U.S. House,6
Danvers,-,4,Blanks,590,U.S. House,6
Danvers,-,4,Total Votes Cast,2108,U.S. House,6
Danvers,-,5,Seth W. Moulton,1507,U.S. House,6
Danvers,-,5,All Others,28,U.S. House,6
Danvers,-,5,Blanks,624,U.S. House,6
Danvers,-,5,Total Votes Cast,2159,U.S. House,6
Danvers,-,6,Seth W. Moulton,1552,U.S. House,6
Danvers,-,6,All Others,20,U.S. House,6
Danvers,-,6,Blanks,761,U.S. House,6
Danvers,-,6,Total Votes Cast,2333,U.S. House,6
Danvers,-,7,Seth W. Moulton,1543,U.S. House,6
Danvers,-,7,All Others,30,U.S. House,6
Danvers,-,7,Blanks,587,U.S. House,6
Danvers,-,7,Total Votes Cast,2160,U.S. House,6
Danvers,-,8,Seth W. Moulton,1181,U.S. House,6
Danvers,-,8,All Others,20,U.S. House,6
Danvers,-,8,Blanks,515,U.S. House,6
Danvers,-,8,Total Votes Cast,1716,U.S. House,6
Dartmouth,-,1,Bill Keating,1005,U.S. House,9
Dartmouth,-,1,Dan Sullivan,1271,U.S. House,9
Dartmouth,-,1,All Others,1,U.S. House,9
Dartmouth,-,1,Blanks,158,U.S. House,9
Dartmouth,-,1,Total Votes Cast,2435,U.S. House,9
Dartmouth,-,2,Bill Keating,817,U.S. House,9
Dartmouth,-,2,Dan Sullivan,741,U.S. House,9
Dartmouth,-,2,All Others,2,U.S. House,9
Dartmouth,-,2,Blanks,108,U.S. House,9
Dartmouth,-,2,Total Votes Cast,1668,U.S. House,9
Dartmouth,-,3,Bill Keating,176,U.S. House,9
Dartmouth,-,3,Dan Sullivan,123,U.S. House,9
Dartmouth,-,3,All Others,0,U.S. House,9
Dartmouth,-,3,Blanks,15,U.S. House,9
Dartmouth,-,3,Total Votes Cast,314,U.S. House,9
Dartmouth,-,4,Bill Keating,1032,U.S. House,9
Dartmouth,-,4,Dan Sullivan,1002,U.S. House,9
Dartmouth,-,4,All Others,2,U.S. House,9
Dartmouth,-,4,Blanks,126,U.S. House,9
Dartmouth,-,4,Total Votes Cast,2162,U.S. House,9
Dartmouth,-,5,Bill Keating,1123,U.S. House,9
Dartmouth,-,5,Dan Sullivan,921,U.S. House,9
Dartmouth,-,5,All Others,0,U.S. House,9
Dartmouth,-,5,Blanks,121,U.S. House,9
Dartmouth,-,5,Total Votes Cast,2165,U.S. House,9
Dartmouth,-,6,Bill Keating,978,U.S. House,9
Dartmouth,-,6,Dan Sullivan,885,U.S. House,9
Dartmouth,-,6,All Others,0,U.S. House,9
Dartmouth,-,6,Blanks,136,U.S. House,9
Dartmouth,-,6,Total Votes Cast,1999,U.S. House,9
Dartmouth,-,7,Bill Keating,1183,U.S. House,9
Dartmouth,-,7,Dan Sullivan,1031,U.S. House,9
Dartmouth,-,7,All Others,1,U.S. House,9
Dartmouth,-,7,Blanks,147,U.S. House,9
Dartmouth,-,7,Total Votes Cast,2362,U.S. House,9
Dartmouth,-,8,Bill Keating,1523,U.S. House,9
Dartmouth,-,8,Dan Sullivan,987,U.S. House,9
Dartmouth,-,8,All Others,2,U.S. House,9
Dartmouth,-,8,Blanks,138,U.S. House,9
Dartmouth,-,8,Total Votes Cast,2650,U.S. House,9
Dartmouth,-,9,Bill Keating,1569,U.S. House,9
Dartmouth,-,9,Dan Sullivan,1080,U.S. House,9
Dartmouth,-,9,All Others,0,U.S. House,9
Dartmouth,-,9,Blanks,145,U.S. House,9
Dartmouth,-,9,Total Votes Cast,2794,U.S. House,9
Dedham,-,1,Stephen F. Lynch,1443,U.S. House,8
Dedham,-,1,Robert G. Burke,528,U.S. House,8
Dedham,-,1,All Others,3,U.S. House,8
Dedham,-,1,Blanks,143,U.S. House,8
Dedham,-,1,Total Votes Cast,2117,U.S. House,8
Dedham,-,2,Stephen F. Lynch,1511,U.S. House,8
Dedham,-,2,Robert G. Burke,685,U.S. House,8
Dedham,-,2,All Others,3,U.S. House,8
Dedham,-,2,Blanks,120,U.S. House,8
Dedham,-,2,Total Votes Cast,2319,U.S. House,8
Dedham,-,3,Stephen F. Lynch,1245,U.S. House,8
Dedham,-,3,Robert G. Burke,515,U.S. House,8
Dedham,-,3,All Others,3,U.S. House,8
Dedham,-,3,Blanks,88,U.S. House,8
Dedham,-,3,Total Votes Cast,1851,U.S. House,8
Dedham,-,4,Stephen F. Lynch,1376,U.S. House,8
Dedham,-,4,Robert G. Burke,580,U.S. House,8
Dedham,-,4,All Others,1,U.S. House,8
Dedham,-,4,Blanks,104,U.S. House,8
Dedham,-,4,Total Votes Cast,2061,U.S. House,8
Dedham,-,5,Stephen F. Lynch,1469,U.S. House,8
Dedham,-,5,Robert G. Burke,704,U.S. House,8
Dedham,-,5,All Others,5,U.S. House,8
Dedham,-,5,Blanks,91,U.S. House,8
Dedham,-,5,Total Votes Cast,2269,U.S. House,8
Dedham,-,6,Stephen F. Lynch,1444,U.S. House,8
Dedham,-,6,Robert G. Burke,592,U.S. House,8
Dedham,-,6,All Others,5,U.S. House,8
Dedham,-,6,Blanks,114,U.S. House,8
Dedham,-,6,Total Votes Cast,2155,U.S. House,8
Dedham,-,7,Stephen F. Lynch,1471,U.S. House,8
Dedham,-,7,Robert G. Burke,810,U.S. House,8
Dedham,-,7,All Others,3,U.S. House,8
Dedham,-,7,Blanks,123,U.S. House,8
Dedham,-,7,Total Votes Cast,2407,U.S. House,8
Deerfield,-,1,James P. McGovern,2413,U.S. House,2
Deerfield,-,1,Cornelius Shea,706,U.S. House,2
Deerfield,-,1,All Others,6,U.S. House,2
Deerfield,-,1,Blanks,183,U.S. House,2
Deerfield,-,1,Total Votes Cast,3308,U.S. House,2
Dennis,-,1,Bill Keating,1293,U.S. House,9
Dennis,-,1,Dan Sullivan,979,U.S. House,9
Dennis,-,1,All Others,0,U.S. House,9
Dennis,-,1,Blanks,57,U.S. House,9
Dennis,-,1,Total Votes Cast,2329,U.S. House,9
Dennis,-,2,Bill Keating,1369,U.S. House,9
Dennis,-,2,Dan Sullivan,922,U.S. House,9
Dennis,-,2,All Others,1,U.S. House,9
Dennis,-,2,Blanks,88,U.S. House,9
Dennis,-,2,Total Votes Cast,2380,U.S. House,9
Dennis,-,3,Bill Keating,903,U.S. House,9
Dennis,-,3,Dan Sullivan,609,U.S. House,9
Dennis,-,3,All Others,0,U.S. House,9
Dennis,-,3,Blanks,61,U.S. House,9
Dennis,-,3,Total Votes Cast,1573,U.S. House,9
Dennis,-,4,Bill Keating,1209,U.S. House,9
Dennis,-,4,Dan Sullivan,902,U.S. House,9
Dennis,-,4,All Others,1,U.S. House,9
Dennis,-,4,Blanks,65,U.S. House,9
Dennis,-,4,Total Votes Cast,2177,U.S. House,9
Dennis,-,5,Bill Keating,1072,U.S. House,9
Dennis,-,5,Dan Sullivan,740,U.S. House,9
Dennis,-,5,All Others,3,U.S. House,9
Dennis,-,5,Blanks,42,U.S. House,9
Dennis,-,5,Total Votes Cast,1857,U.S. House,9
Dighton,-,1,Jake Auchincloss,988,U.S. House,4
Dighton,-,1,Sana A. Fadel,0,U.S. House,4
Dighton,-,1,All Others,0,U.S. House,4
Dighton,-,1,Blanks,664,U.S. House,4
Dighton,-,1,Total Votes Cast,1652,U.S. House,4
Dighton,-,2,Jake Auchincloss,1006,U.S. House,4
Dighton,-,2,Sana A. Fadel,0,U.S. House,4
Dighton,-,2,All Others,0,U.S. House,4
Dighton,-,2,Blanks,641,U.S. House,4
Dighton,-,2,Total Votes Cast,1647,U.S. House,4
Dighton,-,3,Jake Auchincloss,995,U.S. House,4
Dighton,-,3,Sana A. Fadel,0,U.S. House,4
Dighton,-,3,All Others,0,U.S. House,4
Dighton,-,3,Blanks,581,U.S. House,4
Dighton,-,3,Total Votes Cast,1576,U.S. House,4
Douglas,-,1,James P. McGovern,915,U.S. House,2
Douglas,-,1,Cornelius Shea,850,U.S. House,2
Douglas,-,1,All Others,0,U.S. House,2
Douglas,-,1,Blanks,162,U.S. House,2
Douglas,-,1,Total Votes Cast,1927,U.S. House,2
Douglas,-,2,James P. McGovern,1009,U.S. House,2
Douglas,-,2,Cornelius Shea,868,U.S. House,2
Douglas,-,2,All Others,0,U.S. House,2
Douglas,-,2,Blanks,157,U.S. House,2
Douglas,-,2,Total Votes Cast,2034,U.S. House,2
Douglas,-,3,James P. McGovern,945,U.S. House,2
Douglas,-,3,Cornelius Shea,830,U.S. House,2
Douglas,-,3,All Others,0,U.S. House,2
Douglas,-,3,Blanks,137,U.S. House,2
Douglas,-,3,Total Votes Cast,1912,U.S. House,2
Dover,-,1,Jake Auchincloss,2648,U.S. House,4
Dover,-,1,Sana A. Fadel,22,U.S. House,4
Dover,-,1,All Others,79,U.S. House,4
Dover,-,1,Blanks,1045,U.S. House,4
Dover,-,1,Total Votes Cast,3794,U.S. House,4
Dracut,-,1,Lori Loureiro Trahan,1193,U.S. House,3
Dracut,-,1,All Others,0,U.S. House,3
Dracut,-,1,Blanks,471,U.S. House,3
Dracut,-,1,Total Votes Cast,1664,U.S. House,3
Dracut,-,2,Lori Loureiro Trahan,1208,U.S. House,3
Dracut,-,2,All Others,0,U.S. House,3
Dracut,-,2,Blanks,505,U.S. House,3
Dracut,-,2,Total Votes Cast,1713,U.S. House,3
Dracut,-,3,Lori Loureiro Trahan,1269,U.S. House,3
Dracut,-,3,All Others,0,U.S. House,3
Dracut,-,3,Blanks,621,U.S. House,3
Dracut,-,3,Total Votes Cast,1890,U.S. House,3
Dracut,-,4,Lori Loureiro Trahan,1543,U.S. House,3
Dracut,-,4,All Others,0,U.S. House,3
Dracut,-,4,Blanks,851,U.S. House,3
Dracut,-,4,Total Votes Cast,2394,U.S. House,3
Dracut,-,5,Lori Loureiro Trahan,1378,U.S. House,3
Dracut,-,5,All Others,0,U.S. House,3
Dracut,-,5,Blanks,618,U.S. House,3
Dracut,-,5,Total Votes Cast,1996,U.S. House,3
Dracut,-,6,Lori Loureiro Trahan,1211,U.S. House,3
Dracut,-,6,All Others,0,U.S. House,3
Dracut,-,6,Blanks,520,U.S. House,3
Dracut,-,6,Total Votes Cast,1731,U.S. House,3
Dracut,-,6A,Lori Loureiro Trahan,58,U.S. House,3
Dracut,-,6A,All Others,0,U.S. House,3
Dracut,-,6A,Blanks,24,U.S. House,3
Dracut,-,6A,Total Votes Cast,82,U.S. House,3
Dracut,-,7,Lori Loureiro Trahan,1238,U.S. House,3
Dracut,-,7,All Others,0,U.S. House,3
Dracut,-,7,Blanks,551,U.S. House,3
Dracut,-,7,Total Votes Cast,1789,U.S. House,3
Dracut,-,8,Lori Loureiro Trahan,1586,U.S. House,3
Dracut,-,8,All Others,0,U.S. House,3
Dracut,-,8,Blanks,815,U.S. House,3
Dracut,-,8,Total Votes Cast,2401,U.S. House,3
Dracut,-,9,Lori Loureiro Trahan,1379,U.S. House,3
Dracut,-,9,All Others,0,U.S. House,3
Dracut,-,9,Blanks,583,U.S. House,3
Dracut,-,9,Total Votes Cast,1962,U.S. House,3
Dudley,-,1,Richard E. Neal,1042,U.S. House,1
Dudley,-,1,Nadia Donya Milleron,635,U.S. House,1
Dudley,-,1,All Others,3,U.S. House,1
Dudley,-,1,Blanks,178,U.S. House,1
Dudley,-,1,Total Votes Cast,1858,U.S. House,1
Dudley,-,2,Richard E. Neal,753,U.S. House,1
Dudley,-,2,Nadia Donya Milleron,578,U.S. House,1
Dudley,-,2,All Others,5,U.S. House,1
Dudley,-,2,Blanks,139,U.S. House,1
Dudley,-,2,Total Votes Cast,1475,U.S. House,1
Dudley,-,3,Richard E. Neal,681,U.S. House,1
Dudley,-,3,Nadia Donya Milleron,504,U.S. House,1
Dudley,-,3,All Others,0,U.S. House,1
Dudley,-,3,Blanks,143,U.S. House,1
Dudley,-,3,Total Votes Cast,1328,U.S. House,1
Dudley,-,4,Richard E. Neal,947,U.S. House,1
Dudley,-,4,Nadia Donya Milleron,633,U.S. House,1
Dudley,-,4,All Others,2,U.S. House,1
Dudley,-,4,Blanks,162,U.S. House,1
Dudley,-,4,Total Votes Cast,1744,U.S. House,1
Dunstable,-,1,Lori Loureiro Trahan,1535,U.S. House,3
Dunstable,-,1,All Others,54,U.S. House,3
Dunstable,-,1,Blanks,642,U.S. House,3
Dunstable,-,1,Total Votes Cast,2231,U.S. House,3
Duxbury,-,1,Bill Keating,1071,U.S. House,9
Duxbury,-,1,Dan Sullivan,859,U.S. House,9
Duxbury,-,1,All Others,1,U.S. House,9
Duxbury,-,1,Blanks,75,U.S. House,9
Duxbury,-,1,Total Votes Cast,2006,U.S. House,9
Duxbury,-,2,Bill Keating,962,U.S. House,9
Duxbury,-,2,Dan Sullivan,775,U.S. House,9
Duxbury,-,2,All Others,1,U.S. House,9
Duxbury,-,2,Blanks,67,U.S. House,9
Duxbury,-,2,Total Votes Cast,1805,U.S. House,9
Duxbury,-,3,Bill Keating,1013,U.S. House,9
Duxbury,-,3,Dan Sullivan,715,U.S. House,9
Duxbury,-,3,All Others,3,U.S. House,9
Duxbury,-,3,Blanks,52,U.S. House,9
Duxbury,-,3,Total Votes Cast,1783,U.S. House,9
Duxbury,-,4,Bill Keating,974,U.S. House,9
Duxbury,-,4,Dan Sullivan,742,U.S. House,9
Duxbury,-,4,All Others,1,U.S. House,9
Duxbury,-,4,Blanks,62,U.S. House,9
Duxbury,-,4,Total Votes Cast,1779,U.S. House,9
Duxbury,-,5,Bill Keating,966,U.S. House,9
Duxbury,-,5,Dan Sullivan,714,U.S. House,9
Duxbury,-,5,All Others,0,U.S. House,9
Duxbury,-,5,Blanks,44,U.S. House,9
Duxbury,-,5,Total Votes Cast,1724,U.S. House,9
Duxbury,-,6,Bill Keating,934,U.S. House,9
Duxbury,-,6,Dan Sullivan,712,U.S. House,9
Duxbury,-,6,All Others,2,U.S. House,9
Duxbury,-,6,Blanks,52,U.S. House,9
Duxbury,-,6,Total Votes Cast,1700,U.S. House,9
E. Bridgewater,-,1,Stephen F. Lynch,1059,U.S. House,8
E. Bridgewater,-,1,Robert G. Burke,980,U.S. House,8
E. Bridgewater,-,1,All Others,3,U.S. House,8
E. Bridgewater,-,1,Blanks,119,U.S. House,8
E. Bridgewater,-,1,Total Votes Cast,2161,U.S. House,8
E. Bridgewater,-,2,Stephen F. Lynch,1135,U.S. House,8
E. Bridgewater,-,2,Robert G. Burke,968,U.S. House,8
E. Bridgewater,-,2,All Others,3,U.S. House,8
E. Bridgewater,-,2,Blanks,97,U.S. House,8
E. Bridgewater,-,2,Total Votes Cast,2203,U.S. House,8
E. Bridgewater,-,3,Stephen F. Lynch,1116,U.S. House,8
E. Bridgewater,-,3,Robert G. Burke,1024,U.S. House,8
E. Bridgewater,-,3,All Others,1,U.S. House,8
E. Bridgewater,-,3,Blanks,99,U.S. House,8
E. Bridgewater,-,3,Total Votes Cast,2240,U.S. House,8
E. Bridgewater,-,4,Stephen F. Lynch,1058,U.S. House,8
E. Bridgewater,-,4,Robert G. Burke,909,U.S. House,8
E. Bridgewater,-,4,All Others,0,U.S. House,8
E. Bridgewater,-,4,Blanks,89,U.S. House,8
E. Bridgewater,-,4,Total Votes Cast,2056,U.S. House,8
E. Brookfield,-,1,Richard E. Neal,753,U.S. House,1
E. Brookfield,-,1,Nadia Donya Milleron,496,U.S. House,1
E. Brookfield,-,1,All Others,0,U.S. House,1
E. Brookfield,-,1,Blanks,114,U.S. House,1
E. Brookfield,-,1,Total Votes Cast,1363,U.S. House,1
E. Longmeadow,-,1,Richard E. Neal,1151,U.S. House,1
E. Longmeadow,-,1,Nadia Donya Milleron,650,U.S. House,1
E. Longmeadow,-,1,All Others,10,U.S. House,1
E. Longmeadow,-,1,Blanks,73,U.S. House,1
E. Longmeadow,-,1,Total Votes Cast,1884,U.S. House,1
E. Longmeadow,-,2,Richard E. Neal,1079,U.S. House,1
E. Longmeadow,-,2,Nadia Donya Milleron,679,U.S. House,1
E. Longmeadow,-,2,All Others,15,U.S. House,1
E. Longmeadow,-,2,Blanks,118,U.S. House,1
E. Longmeadow,-,2,Total Votes Cast,1891,U.S. House,1
E. Longmeadow,-,2A,Richard E. Neal,11,U.S. House,1
E. Longmeadow,-,2A,Nadia Donya Milleron,2,U.S. House,1
E. Longmeadow,-,2A,All Others,0,U.S. House,1
E. Longmeadow,-,2A,Blanks,1,U.S. House,1
E. Longmeadow,-,2A,Total Votes Cast,14,U.S. House,1
E. Longmeadow,-,3,Richard E. Neal,1132,U.S. House,1
E. Longmeadow,-,3,Nadia Donya Milleron,674,U.S. House,1
E. Longmeadow,-,3,All Others,7,U.S. House,1
E. Longmeadow,-,3,Blanks,104,U.S. House,1
E. Longmeadow,-,3,Total Votes Cast,1917,U.S. House,1
E. Longmeadow,-,3A,Richard E. Neal,57,U.S. House,1
E. Longmeadow,-,3A,Nadia Donya Milleron,38,U.S. House,1
E. Longmeadow,-,3A,All Others,3,U.S. House,1
E. Longmeadow,-,3A,Blanks,7,U.S. House,1
E. Longmeadow,-,3A,Total Votes Cast,105,U.S. House,1
E. Longmeadow,-,4,Richard E. Neal,936,U.S. House,1
E. Longmeadow,-,4,Nadia Donya Milleron,690,U.S. House,1
E. Longmeadow,-,4,All Others,13,U.S. House,1
E. Longmeadow,-,4,Blanks,115,U.S. House,1
E. Longmeadow,-,4,Total Votes Cast,1754,U.S. House,1
E. Longmeadow,-,4A,Richard E. Neal,225,U.S. House,1
E. Longmeadow,-,4A,Nadia Donya Milleron,139,U.S. House,1
E. Longmeadow,-,4A,All Others,1,U.S. House,1
E. Longmeadow,-,4A,Blanks,28,U.S. House,1
E. Longmeadow,-,4A,Total Votes Cast,393,U.S. House,1
E. Longmeadow,-,5,Richard E. Neal,1061,U.S. House,1
E. Longmeadow,-,5,Nadia Donya Milleron,731,U.S. House,1
E. Longmeadow,-,5,All Others,7,U.S. House,1
E. Longmeadow,-,5,Blanks,129,U.S. House,1
E. Longmeadow,-,5,Total Votes Cast,1928,U.S. House,1
Eastham,-,1,Bill Keating,2832,U.S. House,9
Eastham,-,1,Dan Sullivan,1204,U.S. House,9
Eastham,-,1,All Others,2,U.S. House,9
Eastham,-,1,Blanks,126,U.S. House,9
Eastham,-,1,Total Votes Cast,4164,U.S. House,9
Easthampton,-,1,Richard E. Neal,1327,U.S. House,1
Easthampton,-,1,Nadia Donya Milleron,622,U.S. House,1
Easthampton,-,1,All Others,4,U.S. House,1
Easthampton,-,1,Blanks,102,U.S. House,1
Easthampton,-,1,Total Votes Cast,2055,U.S. House,1
Easthampton,-,2,Richard E. Neal,1234,U.S. House,1
Easthampton,-,2,Nadia Donya Milleron,563,U.S. House,1
Easthampton,-,2,All Others,1,U.S. House,1
Easthampton,-,2,Blanks,95,U.S. House,1
Easthampton,-,2,Total Votes Cast,1893,U.S. House,1
Easthampton,-,3,Richard E. Neal,1353,U.S. House,1
Easthampton,-,3,Nadia Donya Milleron,653,U.S. House,1
Easthampton,-,3,All Others,3,U.S. House,1
Easthampton,-,3,Blanks,127,U.S. House,1
Easthampton,-,3,Total Votes Cast,2136,U.S. House,1
Easthampton,-,4,Richard E. Neal,1340,U.S. House,1
Easthampton,-,4,Nadia Donya Milleron,560,U.S. House,1
Easthampton,-,4,All Others,6,U.S. House,1
Easthampton,-,4,Blanks,116,U.S. House,1
Easthampton,-,4,Total Votes Cast,2022,U.S. House,1
Easthampton,-,5,Richard E. Neal,1355,U.S. House,1
Easthampton,-,5,Nadia Donya Milleron,694,U.S. House,1
Easthampton,-,5,All Others,6,U.S. House,1
Easthampton,-,5,Blanks,100,U.S. House,1
Easthampton,-,5,Total Votes Cast,2155,U.S. House,1
Easton,-,1,Stephen F. Lynch,1414,U.S. House,8
Easton,-,1,Robert G. Burke,840,U.S. House,8
Easton,-,1,All Others,3,U.S. House,8
Easton,-,1,Blanks,119,U.S. House,8
Easton,-,1,Total Votes Cast,2376,U.S. House,8
Easton,-,2,Stephen F. Lynch,1375,U.S. House,8
Easton,-,2,Robert G. Burke,767,U.S. House,8
Easton,-,2,All Others,1,U.S. House,8
Easton,-,2,Blanks,126,U.S. House,8
Easton,-,2,Total Votes Cast,2269,U.S. House,8
Easton,-,3,Stephen F. Lynch,547,U.S. House,8
Easton,-,3,Robert G. Burke,345,U.S. House,8
Easton,-,3,All Others,2,U.S. House,8
Easton,-,3,Blanks,49,U.S. House,8
Easton,-,3,Total Votes Cast,943,U.S. House,8
Easton,-,4A,Stephen F. Lynch,608,U.S. House,8
Easton,-,4A,Robert G. Burke,408,U.S. House,8
Easton,-,4A,All Others,0,U.S. House,8
Easton,-,4A,Blanks,63,U.S. House,8
Easton,-,4A,Total Votes Cast,1079,U.S. House,8
Easton,-,4B,Stephen F. Lynch,715,U.S. House,8
Easton,-,4B,Robert G. Burke,457,U.S. House,8
Easton,-,4B,All Others,0,U.S. House,8
Easton,-,4B,Blanks,64,U.S. House,8
Easton,-,4B,Total Votes Cast,1236,U.S. House,8
Easton,-,5,Stephen F. Lynch,1277,U.S. House,8
Easton,-,5,Robert G. Burke,684,U.S. House,8
Easton,-,5,All Others,4,U.S. House,8
Easton,-,5,Blanks,93,U.S. House,8
Easton,-,5,Total Votes Cast,2058,U.S. House,8
Easton,-,6,Stephen F. Lynch,1182,U.S. House,8
Easton,-,6,Robert G. Burke,903,U.S. House,8
Easton,-,6,All Others,1,U.S. House,8
Easton,-,6,Blanks,140,U.S. House,8
Easton,-,6,Total Votes Cast,2226,U.S. House,8
Easton,-,7,Stephen F. Lynch,1277,U.S. House,8
Easton,-,7,Robert G. Burke,779,U.S. House,8
Easton,-,7,All Others,2,U.S. House,8
Easton,-,7,Blanks,91,U.S. House,8
Easton,-,7,Total Votes Cast,2149,U.S. House,8
Edgartown,-,1,Bill Keating,1946,U.S. House,9
Edgartown,-,1,Dan Sullivan,847,U.S. House,9
Edgartown,-,1,All Others,0,U.S. House,9
Edgartown,-,1,Blanks,143,U.S. House,9
Edgartown,-,1,Total Votes Cast,2936,U.S. House,9
Egremont,-,1,Richard E. Neal,557,U.S. House,1
Egremont,-,1,Nadia Donya Milleron,343,U.S. House,1
Egremont,-,1,All Others,1,U.S. House,1
Egremont,-,1,Blanks,55,U.S. House,1
Egremont,-,1,Total Votes Cast,956,U.S. House,1
Erving,-,1,James P. McGovern,560,U.S. House,2
Erving,-,1,Cornelius Shea,350,U.S. House,2
Erving,-,1,All Others,3,U.S. House,2
Erving,-,1,Blanks,65,U.S. House,2
Erving,-,1,Total Votes Cast,978,U.S. House,2
Essex,-,1,Seth W. Moulton,1895,U.S. House,6
Essex,-,1,All Others,64,U.S. House,6
Essex,-,1,Blanks,479,U.S. House,6
Essex,-,1,Total Votes Cast,2438,U.S. House,6
Everett,1,1,Ayanna S. Pressley,502,U.S. House,7
Everett,1,1,All Others,32,U.S. House,7
Everett,1,1,Blanks,172,U.S. House,7
Everett,1,1,Total Votes Cast,706,U.S. House,7
Everett,1,2,Ayanna S. Pressley,363,U.S. House,7
Everett,1,2,All Others,26,U.S. House,7
Everett,1,2,Blanks,135,U.S. House,7
Everett,1,2,Total Votes Cast,524,U.S. House,7
Everett,1,3,Ayanna S. Pressley,303,U.S. House,7
Everett,1,3,All Others,12,U.S. House,7
Everett,1,3,Blanks,77,U.S. House,7
Everett,1,3,Total Votes Cast,392,U.S. House,7
Everett,1,3A,Ayanna S. Pressley,151,U.S. House,7
Everett,1,3A,All Others,15,U.S. House,7
Everett,1,3A,Blanks,40,U.S. House,7
Everett,1,3A,Total Votes Cast,206,U.S. House,7
Everett,2,1,Ayanna S. Pressley,540,U.S. House,7
Everett,2,1,All Others,40,U.S. House,7
Everett,2,1,Blanks,206,U.S. House,7
Everett,2,1,Total Votes Cast,786,U.S. House,7
Everett,2,2,Ayanna S. Pressley,231,U.S. House,7
Everett,2,2,All Others,8,U.S. House,7
Everett,2,2,Blanks,75,U.S. House,7
Everett,2,2,Total Votes Cast,314,U.S. House,7
Everett,2,2A,Ayanna S. Pressley,225,U.S. House,7
Everett,2,2A,All Others,10,U.S. House,7
Everett,2,2A,Blanks,75,U.S. House,7
Everett,2,2A,Total Votes Cast,310,U.S. House,7
Everett,2,3,Ayanna S. Pressley,435,U.S. House,7
Everett,2,3,All Others,33,U.S. House,7
Everett,2,3,Blanks,146,U.S. House,7
Everett,2,3,Total Votes Cast,614,U.S. House,7
Everett,3,1,Ayanna S. Pressley,665,U.S. House,7
Everett,3,1,All Others,23,U.S. House,7
Everett,3,1,Blanks,287,U.S. House,7
Everett,3,1,Total Votes Cast,975,U.S. House,7
Everett,3,2,Ayanna S. Pressley,539,U.S. House,7
Everett,3,2,All Others,37,U.S. House,7
Everett,3,2,Blanks,188,U.S. House,7
Everett,3,2,Total Votes Cast,764,U.S. House,7
Everett,3,3,Ayanna S. Pressley,391,U.S. House,7
Everett,3,3,All Others,13,U.S. House,7
Everett,3,3,Blanks,150,U.S. House,7
Everett,3,3,Total Votes Cast,554,U.S. House,7
Everett,4,1,Ayanna S. Pressley,573,U.S. House,7
Everett,4,1,All Others,30,U.S. House,7
Everett,4,1,Blanks,208,U.S. House,7
Everett,4,1,Total Votes Cast,811,U.S. House,7
Everett,4,2,Ayanna S. Pressley,542,U.S. House,7
Everett,4,2,All Others,31,U.S. House,7
Everett,4,2,Blanks,173,U.S. House,7
Everett,4,2,Total Votes Cast,746,U.S. House,7
Everett,4,3,Ayanna S. Pressley,491,U.S. House,7
Everett,4,3,All Others,39,U.S. House,7
Everett,4,3,Blanks,200,U.S. House,7
Everett,4,3,Total Votes Cast,730,U.S. House,7
Everett,5,1,Ayanna S. Pressley,476,U.S. House,7
Everett,5,1,All Others,29,U.S. House,7
Everett,5,1,Blanks,203,U.S. House,7
Everett,5,1,Total Votes Cast,708,U.S. House,7
Everett,5,2,Ayanna S. Pressley,455,U.S. House,7
Everett,5,2,All Others,28,U.S. House,7
Everett,5,2,Blanks,162,U.S. House,7
Everett,5,2,Total Votes Cast,645,U.S. House,7
Everett,5,3,Ayanna S. Pressley,465,U.S. House,7
Everett,5,3,All Others,30,U.S. House,7
Everett,5,3,Blanks,158,U.S. House,7
Everett,5,3,Total Votes Cast,653,U.S. House,7
Everett,6,1,Ayanna S. Pressley,584,U.S. House,7
Everett,6,1,All Others,20,U.S. House,7
Everett,6,1,Blanks,165,U.S. House,7
Everett,6,1,Total Votes Cast,769,U.S. House,7
Everett,6,2,Ayanna S. Pressley,448,U.S. House,7
Everett,6,2,All Others,32,U.S. House,7
Everett,6,2,Blanks,175,U.S. House,7
Everett,6,2,Total Votes Cast,655,U.S. House,7
Everett,6,3,Ayanna S. Pressley,575,U.S. House,7
Everett,6,3,All Others,32,U.S. House,7
Everett,6,3,Blanks,189,U.S. House,7
Everett,6,3,Total Votes Cast,796,U.S. House,7
Fairhaven,-,1,Bill Keating,959,U.S. House,9
Fairhaven,-,1,Dan Sullivan,575,U.S. House,9
Fairhaven,-,1,All Others,3,U.S. House,9
Fairhaven,-,1,Blanks,77,U.S. House,9
Fairhaven,-,1,Total Votes Cast,1614,U.S. House,9
Fairhaven,-,2,Bill Keating,872,U.S. House,9
Fairhaven,-,2,Dan Sullivan,639,U.S. House,9
Fairhaven,-,2,All Others,1,U.S. House,9
Fairhaven,-,2,Blanks,62,U.S. House,9
Fairhaven,-,2,Total Votes Cast,1574,U.S. House,9
Fairhaven,-,3,Bill Keating,683,U.S. House,9
Fairhaven,-,3,Dan Sullivan,618,U.S. House,9
Fairhaven,-,3,All Others,2,U.S. House,9
Fairhaven,-,3,Blanks,77,U.S. House,9
Fairhaven,-,3,Total Votes Cast,1380,U.S. House,9
Fairhaven,-,4,Bill Keating,871,U.S. House,9
Fairhaven,-,4,Dan Sullivan,717,U.S. House,9
Fairhaven,-,4,All Others,0,U.S. House,9
Fairhaven,-,4,Blanks,92,U.S. House,9
Fairhaven,-,4,Total Votes Cast,1680,U.S. House,9
Fairhaven,-,5,Bill Keating,863,U.S. House,9
Fairhaven,-,5,Dan Sullivan,739,U.S. House,9
Fairhaven,-,5,All Others,1,U.S. House,9
Fairhaven,-,5,Blanks,99,U.S. House,9
Fairhaven,-,5,Total Votes Cast,1702,U.S. House,9
Fairhaven,-,6,Bill Keating,791,U.S. House,9
Fairhaven,-,6,Dan Sullivan,801,U.S. House,9
Fairhaven,-,6,All Others,0,U.S. House,9
Fairhaven,-,6,Blanks,86,U.S. House,9
Fairhaven,-,6,Total Votes Cast,1678,U.S. House,9
Fall River,1,A,Jake Auchincloss,1031,U.S. House,4
Fall River,1,A,Sana A. Fadel,0,U.S. House,4
Fall River,1,A,All Others,12,U.S. House,4
Fall River,1,A,Blanks,618,U.S. House,4
Fall River,1,A,Total Votes Cast,1661,U.S. House,4
Fall River,1,B,Jake Auchincloss,712,U.S. House,4
Fall River,1,B,Sana A. Fadel,0,U.S. House,4
Fall River,1,B,All Others,31,U.S. House,4
Fall River,1,B,Blanks,384,U.S. House,4
Fall River,1,B,Total Votes Cast,1127,U.S. House,4
Fall River,1,C,Jake Auchincloss,804,U.S. House,4
Fall River,1,C,Sana A. Fadel,0,U.S. House,4
Fall River,1,C,All Others,7,U.S. House,4
Fall River,1,C,Blanks,428,U.S. House,4
Fall River,1,C,Total Votes Cast,1239,U.S. House,4
Fall River,2,A,Jake Auchincloss,587,U.S. House,4
Fall River,2,A,Sana A. Fadel,0,U.S. House,4
Fall River,2,A,All Others,5,U.S. House,4
Fall River,2,A,Blanks,297,U.S. House,4
Fall River,2,A,Total Votes Cast,889,U.S. House,4
Fall River,2,B,Jake Auchincloss,545,U.S. House,4
Fall River,2,B,Sana A. Fadel,0,U.S. House,4
Fall River,2,B,All Others,6,U.S. House,4
Fall River,2,B,Blanks,265,U.S. House,4
Fall River,2,B,Total Votes Cast,816,U.S. House,4
Fall River,2,C,Jake Auchincloss,641,U.S. House,4
Fall River,2,C,Sana A. Fadel,0,U.S. House,4
Fall River,2,C,All Others,2,U.S. House,4
Fall River,2,C,Blanks,338,U.S. House,4
Fall River,2,C,Total Votes Cast,981,U.S. House,4
Fall River,3,A,Jake Auchincloss,778,U.S. House,4
Fall River,3,A,Sana A. Fadel,0,U.S. House,4
Fall River,3,A,All Others,1,U.S. House,4
Fall River,3,A,Blanks,370,U.S. House,4
Fall River,3,A,Total Votes Cast,1149,U.S. House,4
Fall River,3,B,Jake Auchincloss,741,U.S. House,4
Fall River,3,B,Sana A. Fadel,0,U.S. House,4
Fall River,3,B,All Others,7,U.S. House,4
Fall River,3,B,Blanks,344,U.S. House,4
Fall River,3,B,Total Votes Cast,1092,U.S. House,4
Fall River,3,C,Jake Auchincloss,946,U.S. House,4
Fall River,3,C,Sana A. Fadel,0,U.S. House,4
Fall River,3,C,All Others,8,U.S. House,4
Fall River,3,C,Blanks,437,U.S. House,4
Fall River,3,C,Total Votes Cast,1391,U.S. House,4
Fall River,4,A,Jake Auchincloss,573,U.S. House,4
Fall River,4,A,Sana A. Fadel,0,U.S. House,4
Fall River,4,A,All Others,7,U.S. House,4
Fall River,4,A,Blanks,219,U.S. House,4
Fall River,4,A,Total Votes Cast,799,U.S. House,4
Fall River,4,B,Jake Auchincloss,517,U.S. House,4
Fall River,4,B,Sana A. Fadel,0,U.S. House,4
Fall River,4,B,All Others,2,U.S. House,4
Fall River,4,B,Blanks,193,U.S. House,4
Fall River,4,B,Total Votes Cast,712,U.S. House,4
Fall River,4,C,Jake Auchincloss,613,U.S. House,4
Fall River,4,C,Sana A. Fadel,0,U.S. House,4
Fall River,4,C,All Others,11,U.S. House,4
Fall River,4,C,Blanks,248,U.S. House,4
Fall River,4,C,Total Votes Cast,872,U.S. House,4
Fall River,5,A,Jake Auchincloss,473,U.S. House,4
Fall River,5,A,Sana A. Fadel,0,U.S. House,4
Fall River,5,A,All Others,5,U.S. House,4
Fall River,5,A,Blanks,188,U.S. House,4
Fall River,5,A,Total Votes Cast,666,U.S. House,4
Fall River,5,B,Jake Auchincloss,431,U.S. House,4
Fall River,5,B,Sana A. Fadel,0,U.S. House,4
Fall River,5,B,All Others,4,U.S. House,4
Fall River,5,B,Blanks,141,U.S. House,4
Fall River,5,B,Total Votes Cast,576,U.S. House,4
Fall River,5,C,Jake Auchincloss,542,U.S. House,4
Fall River,5,C,Sana A. Fadel,0,U.S. House,4
Fall River,5,C,All Others,9,U.S. House,4
Fall River,5,C,Blanks,234,U.S. House,4
Fall River,5,C,Total Votes Cast,785,U.S. House,4
Fall River,6,A,Jake Auchincloss,821,U.S. House,4
Fall River,6,A,Sana A. Fadel,0,U.S. House,4
Fall River,6,A,All Others,8,U.S. House,4
Fall River,6,A,Blanks,517,U.S. House,4
Fall River,6,A,Total Votes Cast,1346,U.S. House,4
Fall River,6,B,Jake Auchincloss,756,U.S. House,4
Fall River,6,B,Sana A. Fadel,0,U.S. House,4
Fall River,6,B,All Others,6,U.S. House,4
Fall River,6,B,Blanks,348,U.S. House,4
Fall River,6,B,Total Votes Cast,1110,U.S. House,4
Fall River,6,C,Jake Auchincloss,740,U.S. House,4
Fall River,6,C,Sana A. Fadel,0,U.S. House,4
Fall River,6,C,All Others,0,U.S. House,4
Fall River,6,C,Blanks,365,U.S. House,4
Fall River,6,C,Total Votes Cast,1105,U.S. House,4
Fall River,7,A,Jake Auchincloss,864,U.S. House,4
Fall River,7,A,Sana A. Fadel,0,U.S. House,4
Fall River,7,A,All Others,9,U.S. House,4
Fall River,7,A,Blanks,425,U.S. House,4
Fall River,7,A,Total Votes Cast,1298,U.S. House,4
Fall River,7,B,Jake Auchincloss,601,U.S. House,4
Fall River,7,B,Sana A. Fadel,0,U.S. House,4
Fall River,7,B,All Others,7,U.S. House,4
Fall River,7,B,Blanks,276,U.S. House,4
Fall River,7,B,Total Votes Cast,884,U.S. House,4
Fall River,7,C,Jake Auchincloss,737,U.S. House,4
Fall River,7,C,Sana A. Fadel,0,U.S. House,4
Fall River,7,C,All Others,4,U.S. House,4
Fall River,7,C,Blanks,297,U.S. House,4
Fall River,7,C,Total Votes Cast,1038,U.S. House,4
Fall River,8,A,Jake Auchincloss,693,U.S. House,4
Fall River,8,A,Sana A. Fadel,0,U.S. House,4
Fall River,8,A,All Others,8,U.S. House,4
Fall River,8,A,Blanks,336,U.S. House,4
Fall River,8,A,Total Votes Cast,1037,U.S. House,4
Fall River,8,B,Jake Auchincloss,1000,U.S. House,4
Fall River,8,B,Sana A. Fadel,4,U.S. House,4
Fall River,8,B,All Others,10,U.S. House,4
Fall River,8,B,Blanks,508,U.S. House,4
Fall River,8,B,Total Votes Cast,1522,U.S. House,4
Fall River,8,C,Jake Auchincloss,1071,U.S. House,4
Fall River,8,C,Sana A. Fadel,0,U.S. House,4
Fall River,8,C,All Others,7,U.S. House,4
Fall River,8,C,Blanks,552,U.S. House,4
Fall River,8,C,Total Votes Cast,1630,U.S. House,4
Fall River,9,A,Jake Auchincloss,1268,U.S. House,4
Fall River,9,A,Sana A. Fadel,0,U.S. House,4
Fall River,9,A,All Others,7,U.S. House,4
Fall River,9,A,Blanks,739,U.S. House,4
Fall River,9,A,Total Votes Cast,2014,U.S. House,4
Fall River,9,B,Jake Auchincloss,961,U.S. House,4
Fall River,9,B,Sana A. Fadel,1,U.S. House,4
Fall River,9,B,All Others,10,U.S. House,4
Fall River,9,B,Blanks,508,U.S. House,4
Fall River,9,B,Total Votes Cast,1480,U.S. House,4
Fall River,9,C,Jake Auchincloss,1090,U.S. House,4
Fall River,9,C,Sana A. Fadel,2,U.S. House,4
Fall River,9,C,All Others,9,U.S. House,4
Fall River,9,C,Blanks,486,U.S. House,4
Fall River,9,C,Total Votes Cast,1587,U.S. House,4
Falmouth,-,1,Bill Keating,1981,U.S. House,9
Falmouth,-,1,Dan Sullivan,512,U.S. House,9
Falmouth,-,1,All Others,1,U.S. House,9
Falmouth,-,1,Blanks,83,U.S. House,9
Falmouth,-,1,Total Votes Cast,2577,U.S. House,9
Falmouth,-,2,Bill Keating,1563,U.S. House,9
Falmouth,-,2,Dan Sullivan,715,U.S. House,9
Falmouth,-,2,All Others,0,U.S. House,9
Falmouth,-,2,Blanks,90,U.S. House,9
Falmouth,-,2,Total Votes Cast,2368,U.S. House,9
Falmouth,-,3,Bill Keating,1444,U.S. House,9
Falmouth,-,3,Dan Sullivan,864,U.S. House,9
Falmouth,-,3,All Others,1,U.S. House,9
Falmouth,-,3,Blanks,86,U.S. House,9
Falmouth,-,3,Total Votes Cast,2395,U.S. House,9
Falmouth,-,4,Bill Keating,1481,U.S. House,9
Falmouth,-,4,Dan Sullivan,977,U.S. House,9
Falmouth,-,4,All Others,2,U.S. House,9
Falmouth,-,4,Blanks,88,U.S. House,9
Falmouth,-,4,Total Votes Cast,2548,U.S. House,9
Falmouth,-,5,Bill Keating,1688,U.S. House,9
Falmouth,-,5,Dan Sullivan,941,U.S. House,9
Falmouth,-,5,All Others,3,U.S. House,9
Falmouth,-,5,Blanks,97,U.S. House,9
Falmouth,-,5,Total Votes Cast,2729,U.S. House,9
Falmouth,-,6,Bill Keating,1677,U.S. House,9
Falmouth,-,6,Dan Sullivan,854,U.S. House,9
Falmouth,-,6,All Others,2,U.S. House,9
Falmouth,-,6,Blanks,97,U.S. House,9
Falmouth,-,6,Total Votes Cast,2630,U.S. House,9
Falmouth,-,7,Bill Keating,1380,U.S. House,9
Falmouth,-,7,Dan Sullivan,943,U.S. House,9
Falmouth,-,7,All Others,1,U.S. House,9
Falmouth,-,7,Blanks,92,U.S. House,9
Falmouth,-,7,Total Votes Cast,2416,U.S. House,9
Falmouth,-,8,Bill Keating,1401,U.S. House,9
Falmouth,-,8,Dan Sullivan,933,U.S. House,9
Falmouth,-,8,All Others,0,U.S. House,9
Falmouth,-,8,Blanks,114,U.S. House,9
Falmouth,-,8,Total Votes Cast,2448,U.S. House,9
Falmouth,-,9,Bill Keating,1228,U.S. House,9
Falmouth,-,9,Dan Sullivan,819,U.S. House,9
Falmouth,-,9,All Others,2,U.S. House,9
Falmouth,-,9,Blanks,92,U.S. House,9
Falmouth,-,9,Total Votes Cast,2141,U.S. House,9
Fitchburg,1,A,Lori Loureiro Trahan,798,U.S. House,3
Fitchburg,1,A,All Others,36,U.S. House,3
Fitchburg,1,A,Blanks,262,U.S. House,3
Fitchburg,1,A,Total Votes Cast,1096,U.S. House,3
Fitchburg,1,B,Lori Loureiro Trahan,1007,U.S. House,3
Fitchburg,1,B,All Others,29,U.S. House,3
Fitchburg,1,B,Blanks,256,U.S. House,3
Fitchburg,1,B,Total Votes Cast,1292,U.S. House,3
Fitchburg,2,A,Lori Loureiro Trahan,766,U.S. House,3
Fitchburg,2,A,All Others,34,U.S. House,3
Fitchburg,2,A,Blanks,223,U.S. House,3
Fitchburg,2,A,Total Votes Cast,1023,U.S. House,3
Fitchburg,2,B,Lori Loureiro Trahan,1036,U.S. House,3
Fitchburg,2,B,All Others,36,U.S. House,3
Fitchburg,2,B,Blanks,300,U.S. House,3
Fitchburg,2,B,Total Votes Cast,1372,U.S. House,3
Fitchburg,3,A,Lori Loureiro Trahan,1493,U.S. House,3
Fitchburg,3,A,All Others,62,U.S. House,3
Fitchburg,3,A,Blanks,536,U.S. House,3
Fitchburg,3,A,Total Votes Cast,2091,U.S. House,3
Fitchburg,3,B,Lori Loureiro Trahan,1048,U.S. House,3
Fitchburg,3,B,All Others,41,U.S. House,3
Fitchburg,3,B,Blanks,400,U.S. House,3
Fitchburg,3,B,Total Votes Cast,1489,U.S. House,3
Fitchburg,4,A,Lori Loureiro Trahan,645,U.S. House,3
Fitchburg,4,A,All Others,19,U.S. House,3
Fitchburg,4,A,Blanks,233,U.S. House,3
Fitchburg,4,A,Total Votes Cast,897,U.S. House,3
Fitchburg,4,B,Lori Loureiro Trahan,776,U.S. House,3
Fitchburg,4,B,All Others,38,U.S. House,3
Fitchburg,4,B,Blanks,214,U.S. House,3
Fitchburg,4,B,Total Votes Cast,1028,U.S. House,3
Fitchburg,5,A,Lori Loureiro Trahan,1402,U.S. House,3
Fitchburg,5,A,All Others,78,U.S. House,3
Fitchburg,5,A,Blanks,496,U.S. House,3
Fitchburg,5,A,Total Votes Cast,1976,U.S. House,3
Fitchburg,5,B,Lori Loureiro Trahan,663,U.S. House,3
Fitchburg,5,B,All Others,28,U.S. House,3
Fitchburg,5,B,Blanks,152,U.S. House,3
Fitchburg,5,B,Total Votes Cast,843,U.S. House,3
Fitchburg,6,A,Lori Loureiro Trahan,1285,U.S. House,3
Fitchburg,6,A,All Others,80,U.S. House,3
Fitchburg,6,A,Blanks,401,U.S. House,3
Fitchburg,6,A,Total Votes Cast,1766,U.S. House,3
Fitchburg,6,B,Lori Loureiro Trahan,761,U.S. House,3
Fitchburg,6,B,All Others,26,U.S. House,3
Fitchburg,6,B,Blanks,237,U.S. House,3
Fitchburg,6,B,Total Votes Cast,1024,U.S. House,3
Florida,-,1,Richard E. Neal,207,U.S. House,1
Florida,-,1,Nadia Donya Milleron,183,U.S. House,1
Florida,-,1,All Others,0,U.S. House,1
Florida,-,1,Blanks,26,U.S. House,1
Florida,-,1,Total Votes Cast,416,U.S. House,1
Foxborough,-,1,Jake Auchincloss,1328,U.S. House,4
Foxborough,-,1,Sana A. Fadel,0,U.S. House,4
Foxborough,-,1,All Others,20,U.S. House,4
Foxborough,-,1,Blanks,571,U.S. House,4
Foxborough,-,1,Total Votes Cast,1919,U.S. House,4
Foxborough,-,2,Jake Auchincloss,1759,U.S. House,4
Foxborough,-,2,Sana A. Fadel,3,U.S. House,4
Foxborough,-,2,All Others,23,U.S. House,4
Foxborough,-,2,Blanks,780,U.S. House,4
Foxborough,-,2,Total Votes Cast,2565,U.S. House,4
Foxborough,-,3,Jake Auchincloss,1418,U.S. House,4
Foxborough,-,3,Sana A. Fadel,7,U.S. House,4
Foxborough,-,3,All Others,28,U.S. House,4
Foxborough,-,3,Blanks,653,U.S. House,4
Foxborough,-,3,Total Votes Cast,2106,U.S. House,4
Foxborough,-,4,Jake Auchincloss,1603,U.S. House,4
Foxborough,-,4,Sana A. Fadel,2,U.S. House,4
Foxborough,-,4,All Others,6,U.S. House,4
Foxborough,-,4,Blanks,755,U.S. House,4
Foxborough,-,4,Total Votes Cast,2366,U.S. House,4
Foxborough,-,5,Jake Auchincloss,1551,U.S. House,4
Foxborough,-,5,Sana A. Fadel,12,U.S. House,4
Foxborough,-,5,All Others,21,U.S. House,4
Foxborough,-,5,Blanks,672,U.S. House,4
Foxborough,-,5,Total Votes Cast,2256,U.S. House,4
Framingham,-,1,Katherine M. Clark,330,U.S. House,5
Framingham,-,1,All Others,12,U.S. House,5
Framingham,-,1,Blanks,94,U.S. House,5
Framingham,-,1,Total Votes Cast,436,U.S. House,5
Framingham,-,10,Katherine M. Clark,564,U.S. House,5
Framingham,-,10,All Others,13,U.S. House,5
Framingham,-,10,Blanks,135,U.S. House,5
Framingham,-,10,Total Votes Cast,712,U.S. House,5
Framingham,-,11,Katherine M. Clark,728,U.S. House,5
Framingham,-,11,All Others,21,U.S. House,5
Framingham,-,11,Blanks,204,U.S. House,5
Framingham,-,11,Total Votes Cast,953,U.S. House,5
Framingham,-,12,Katherine M. Clark,624,U.S. House,5
Framingham,-,12,All Others,23,U.S. House,5
Framingham,-,12,Blanks,127,U.S. House,5
Framingham,-,12,Total Votes Cast,774,U.S. House,5
Framingham,-,13,Katherine M. Clark,418,U.S. House,5
Framingham,-,13,All Others,11,U.S. House,5
Framingham,-,13,Blanks,99,U.S. House,5
Framingham,-,13,Total Votes Cast,528,U.S. House,5
Framingham,-,14,Katherine M. Clark,550,U.S. House,5
Framingham,-,14,All Others,23,U.S. House,5
Framingham,-,14,Blanks,146,U.S. House,5
Framingham,-,14,Total Votes Cast,719,U.S. House,5
Framingham,-,15,Katherine M. Clark,602,U.S. House,5
Framingham,-,15,All Others,14,U.S. House,5
Framingham,-,15,Blanks,152,U.S. House,5
Framingham,-,15,Total Votes Cast,768,U.S. House,5
Framingham,-,16,Katherine M. Clark,929,U.S. House,5
Framingham,-,16,All Others,31,U.S. House,5
Framingham,-,16,Blanks,269,U.S. House,5
Framingham,-,16,Total Votes Cast,1229,U.S. House,5
Framingham,-,17,Katherine M. Clark,1103,U.S. House,5
Framingham,-,17,All Others,29,U.S. House,5
Framingham,-,17,Blanks,266,U.S. House,5
Framingham,-,17,Total Votes Cast,1398,U.S. House,5
Framingham,-,18,Katherine M. Clark,1256,U.S. House,5
Framingham,-,18,All Others,46,U.S. House,5
Framingham,-,18,Blanks,319,U.S. House,5
Framingham,-,18,Total Votes Cast,1621,U.S. House,5
Framingham,-,19,Katherine M. Clark,1224,U.S. House,5
Framingham,-,19,All Others,31,U.S. House,5
Framingham,-,19,Blanks,323,U.S. House,5
Framingham,-,19,Total Votes Cast,1578,U.S. House,5
Framingham,-,2,Katherine M. Clark,359,U.S. House,5
Framingham,-,2,All Others,13,U.S. House,5
Framingham,-,2,Blanks,64,U.S. House,5
Framingham,-,2,Total Votes Cast,436,U.S. House,5
Framingham,-,20,Katherine M. Clark,1189,U.S. House,5
Framingham,-,20,All Others,30,U.S. House,5
Framingham,-,20,Blanks,305,U.S. House,5
Framingham,-,20,Total Votes Cast,1524,U.S. House,5
Framingham,-,21A,Katherine M. Clark,849,U.S. House,5
Framingham,-,21A,All Others,23,U.S. House,5
Framingham,-,21A,Blanks,245,U.S. House,5
Framingham,-,21A,Total Votes Cast,1117,U.S. House,5
Framingham,-,21B,Katherine M. Clark,555,U.S. House,5
Framingham,-,21B,All Others,15,U.S. House,5
Framingham,-,21B,Blanks,153,U.S. House,5
Framingham,-,21B,Total Votes Cast,723,U.S. House,5
Framingham,-,21C,Katherine M. Clark,28,U.S. House,5
Framingham,-,21C,All Others,2,U.S. House,5
Framingham,-,21C,Blanks,10,U.S. House,5
Framingham,-,21C,Total Votes Cast,40,U.S. House,5
Framingham,-,22,Katherine M. Clark,1235,U.S. House,5
Framingham,-,22,All Others,42,U.S. House,5
Framingham,-,22,Blanks,374,U.S. House,5
Framingham,-,22,Total Votes Cast,1651,U.S. House,5
Framingham,-,23,Katherine M. Clark,1136,U.S. House,5
Framingham,-,23,All Others,36,U.S. House,5
Framingham,-,23,Blanks,343,U.S. House,5
Framingham,-,23,Total Votes Cast,1515,U.S. House,5
Framingham,-,24,Katherine M. Clark,1174,U.S. House,5
Framingham,-,24,All Others,28,U.S. House,5
Framingham,-,24,Blanks,299,U.S. House,5
Framingham,-,24,Total Votes Cast,1501,U.S. House,5
Framingham,-,25,Katherine M. Clark,1165,U.S. House,5
Framingham,-,25,All Others,27,U.S. House,5
Framingham,-,25,Blanks,350,U.S. House,5
Framingham,-,25,Total Votes Cast,1542,U.S. House,5
Framingham,-,26,Katherine M. Clark,1067,U.S. House,5
Framingham,-,26,All Others,25,U.S. House,5
Framingham,-,26,Blanks,294,U.S. House,5
Framingham,-,26,Total Votes Cast,1386,U.S. House,5
Framingham,-,27,Katherine M. Clark,1046,U.S. House,5
Framingham,-,27,All Others,34,U.S. House,5
Framingham,-,27,Blanks,257,U.S. House,5
Framingham,-,27,Total Votes Cast,1337,U.S. House,5
Framingham,-,3,Katherine M. Clark,360,U.S. House,5
Framingham,-,3,All Others,20,U.S. House,5
Framingham,-,3,Blanks,77,U.S. House,5
Framingham,-,3,Total Votes Cast,457,U.S. House,5
Framingham,-,4,Katherine M. Clark,449,U.S. House,5
Framingham,-,4,All Others,16,U.S. House,5
Framingham,-,4,Blanks,130,U.S. House,5
Framingham,-,4,Total Votes Cast,595,U.S. House,5
Framingham,-,5,Katherine M. Clark,564,U.S. House,5
Framingham,-,5,All Others,26,U.S. House,5
Framingham,-,5,Blanks,165,U.S. House,5
Framingham,-,5,Total Votes Cast,755,U.S. House,5
Framingham,-,6,Katherine M. Clark,1100,U.S. House,5
Framingham,-,6,All Others,36,U.S. House,5
Framingham,-,6,Blanks,302,U.S. House,5
Framingham,-,6,Total Votes Cast,1438,U.S. House,5
Framingham,-,7,Katherine M. Clark,1173,U.S. House,5
Framingham,-,7,All Others,28,U.S. House,5
Framingham,-,7,Blanks,276,U.S. House,5
Framingham,-,7,Total Votes Cast,1477,U.S. House,5
Framingham,-,8,Katherine M. Clark,626,U.S. House,5
Framingham,-,8,All Others,27,U.S. House,5
Framingham,-,8,Blanks,157,U.S. House,5
Framingham,-,8,Total Votes Cast,810,U.S. House,5
Framingham,-,9A,Katherine M. Clark,802,U.S. House,5
Framingham,-,9A,All Others,35,U.S. House,5
Framingham,-,9A,Blanks,224,U.S. House,5
Framingham,-,9A,Total Votes Cast,1061,U.S. House,5
Framingham,-,9B,Katherine M. Clark,39,U.S. House,5
Framingham,-,9B,All Others,4,U.S. House,5
Framingham,-,9B,Blanks,10,U.S. House,5
Framingham,-,9B,Total Votes Cast,53,U.S. House,5
Franklin,-,1,Jake Auchincloss,1501,U.S. House,4
Franklin,-,1,Sana A. Fadel,0,U.S. House,4
Franklin,-,1,All Others,63,U.S. House,4
Franklin,-,1,Blanks,635,U.S. House,4
Franklin,-,1,Total Votes Cast,2199,U.S. House,4
Franklin,-,2,Jake Auchincloss,1234,U.S. House,4
Franklin,-,2,Sana A. Fadel,0,U.S. House,4
Franklin,-,2,All Others,45,U.S. House,4
Franklin,-,2,Blanks,583,U.S. House,4
Franklin,-,2,Total Votes Cast,1862,U.S. House,4
Franklin,-,3,Jake Auchincloss,1557,U.S. House,4
Franklin,-,3,Sana A. Fadel,0,U.S. House,4
Franklin,-,3,All Others,74,U.S. House,4
Franklin,-,3,Blanks,616,U.S. House,4
Franklin,-,3,Total Votes Cast,2247,U.S. House,4
Franklin,-,4,Jake Auchincloss,1611,U.S. House,4
Franklin,-,4,Sana A. Fadel,0,U.S. House,4
Franklin,-,4,All Others,54,U.S. House,4
Franklin,-,4,Blanks,756,U.S. House,4
Franklin,-,4,Total Votes Cast,2421,U.S. House,4
Franklin,-,5,Jake Auchincloss,1617,U.S. House,4
Franklin,-,5,Sana A. Fadel,0,U.S. House,4
Franklin,-,5,All Others,58,U.S. House,4
Franklin,-,5,Blanks,608,U.S. House,4
Franklin,-,5,Total Votes Cast,2283,U.S. House,4
Franklin,-,6,Jake Auchincloss,1596,U.S. House,4
Franklin,-,6,Sana A. Fadel,0,U.S. House,4
Franklin,-,6,All Others,41,U.S. House,4
Franklin,-,6,Blanks,614,U.S. House,4
Franklin,-,6,Total Votes Cast,2251,U.S. House,4
Franklin,-,7,Jake Auchincloss,1771,U.S. House,4
Franklin,-,7,Sana A. Fadel,0,U.S. House,4
Franklin,-,7,All Others,58,U.S. House,4
Franklin,-,7,Blanks,661,U.S. House,4
Franklin,-,7,Total Votes Cast,2490,U.S. House,4
Franklin,-,8,Jake Auchincloss,1617,U.S. House,4
Franklin,-,8,Sana A. Fadel,0,U.S. House,4
Franklin,-,8,All Others,71,U.S. House,4
Franklin,-,8,Blanks,809,U.S. House,4
Franklin,-,8,Total Votes Cast,2497,U.S. House,4
Franklin,-,9,Jake Auchincloss,1286,U.S. House,4
Franklin,-,9,Sana A. Fadel,0,U.S. House,4
Franklin,-,9,All Others,46,U.S. House,4
Franklin,-,9,Blanks,488,U.S. House,4
Franklin,-,9,Total Votes Cast,1820,U.S. House,4
Freetown,-,1,Jake Auchincloss,1172,U.S. House,4
Freetown,-,1,Sana A. Fadel,0,U.S. House,4
Freetown,-,1,All Others,27,U.S. House,4
Freetown,-,1,Blanks,635,U.S. House,4
Freetown,-,1,Total Votes Cast,1834,U.S. House,4
Freetown,-,2,Jake Auchincloss,1185,U.S. House,4
Freetown,-,2,Sana A. Fadel,0,U.S. House,4
Freetown,-,2,All Others,24,U.S. House,4
Freetown,-,2,Blanks,685,U.S. House,4
Freetown,-,2,Total Votes Cast,1894,U.S. House,4
Freetown,-,3,Jake Auchincloss,1133,U.S. House,4
Freetown,-,3,Sana A. Fadel,0,U.S. House,4
Freetown,-,3,All Others,12,U.S. House,4
Freetown,-,3,Blanks,714,U.S. House,4
Freetown,-,3,Total Votes Cast,1859,U.S. House,4
Gardner,1,A,Lori Loureiro Trahan,827,U.S. House,3
Gardner,1,A,All Others,10,U.S. House,3
Gardner,1,A,Blanks,278,U.S. House,3
Gardner,1,A,Total Votes Cast,1115,U.S. House,3
Gardner,1,B,Lori Loureiro Trahan,472,U.S. House,3
Gardner,1,B,All Others,7,U.S. House,3
Gardner,1,B,Blanks,183,U.S. House,3
Gardner,1,B,Total Votes Cast,662,U.S. House,3
Gardner,2,A,Lori Loureiro Trahan,743,U.S. House,3
Gardner,2,A,All Others,8,U.S. House,3
Gardner,2,A,Blanks,287,U.S. House,3
Gardner,2,A,Total Votes Cast,1038,U.S. House,3
Gardner,2,B,Lori Loureiro Trahan,829,U.S. House,3
Gardner,2,B,All Others,6,U.S. House,3
Gardner,2,B,Blanks,318,U.S. House,3
Gardner,2,B,Total Votes Cast,1153,U.S. House,3
Gardner,3,A,Lori Loureiro Trahan,616,U.S. House,3
Gardner,3,A,All Others,11,U.S. House,3
Gardner,3,A,Blanks,249,U.S. House,3
Gardner,3,A,Total Votes Cast,876,U.S. House,3
Gardner,3,B,Lori Loureiro Trahan,784,U.S. House,3
Gardner,3,B,All Others,5,U.S. House,3
Gardner,3,B,Blanks,264,U.S. House,3
Gardner,3,B,Total Votes Cast,1053,U.S. House,3
Gardner,4,A,Lori Loureiro Trahan,650,U.S. House,3
Gardner,4,A,All Others,9,U.S. House,3
Gardner,4,A,Blanks,233,U.S. House,3
Gardner,4,A,Total Votes Cast,892,U.S. House,3
Gardner,4,B,Lori Loureiro Trahan,547,U.S. House,3
Gardner,4,B,All Others,5,U.S. House,3
Gardner,4,B,Blanks,201,U.S. House,3
Gardner,4,B,Total Votes Cast,753,U.S. House,3
Gardner,5,A,Lori Loureiro Trahan,578,U.S. House,3
Gardner,5,A,All Others,12,U.S. House,3
Gardner,5,A,Blanks,224,U.S. House,3
Gardner,5,A,Total Votes Cast,814,U.S. House,3
Gardner,5,B,Lori Loureiro Trahan,801,U.S. House,3
Gardner,5,B,All Others,7,U.S. House,3
Gardner,5,B,Blanks,325,U.S. House,3
Gardner,5,B,Total Votes Cast,1133,U.S. House,3
Georgetown,-,1,Seth W. Moulton,1314,U.S. House,6
Georgetown,-,1,All Others,63,U.S. House,6
Georgetown,-,1,Blanks,529,U.S. House,6
Georgetown,-,1,Total Votes Cast,1906,U.S. House,6
Georgetown,-,2,Seth W. Moulton,1289,U.S. House,6
Georgetown,-,2,All Others,55,U.S. House,6
Georgetown,-,2,Blanks,452,U.S. House,6
Georgetown,-,2,Total Votes Cast,1796,U.S. House,6
Georgetown,-,3,Seth W. Moulton,1368,U.S. House,6
Georgetown,-,3,All Others,46,U.S. House,6
Georgetown,-,3,Blanks,459,U.S. House,6
Georgetown,-,3,Total Votes Cast,1873,U.S. House,6
Gill,-,1,James P. McGovern,702,U.S. House,2
Gill,-,1,Cornelius Shea,240,U.S. House,2
Gill,-,1,All Others,2,U.S. House,2
Gill,-,1,Blanks,72,U.S. House,2
Gill,-,1,Total Votes Cast,1016,U.S. House,2
Gloucester,1,1,Seth W. Moulton,1675,U.S. House,6
Gloucester,1,1,All Others,37,U.S. House,6
Gloucester,1,1,Blanks,446,U.S. House,6
Gloucester,1,1,Total Votes Cast,2158,U.S. House,6
Gloucester,1,2,Seth W. Moulton,1333,U.S. House,6
Gloucester,1,2,All Others,39,U.S. House,6
Gloucester,1,2,Blanks,362,U.S. House,6
Gloucester,1,2,Total Votes Cast,1734,U.S. House,6
Gloucester,2,1,Seth W. Moulton,1127,U.S. House,6
Gloucester,2,1,All Others,35,U.S. House,6
Gloucester,2,1,Blanks,300,U.S. House,6
Gloucester,2,1,Total Votes Cast,1462,U.S. House,6
Gloucester,2,2,Seth W. Moulton,976,U.S. House,6
Gloucester,2,2,All Others,24,U.S. House,6
Gloucester,2,2,Blanks,237,U.S. House,6
Gloucester,2,2,Total Votes Cast,1237,U.S. House,6
Gloucester,3,1,Seth W. Moulton,1058,U.S. House,6
Gloucester,3,1,All Others,35,U.S. House,6
Gloucester,3,1,Blanks,275,U.S. House,6
Gloucester,3,1,Total Votes Cast,1368,U.S. House,6
Gloucester,3,2,Seth W. Moulton,1214,U.S. House,6
Gloucester,3,2,All Others,34,U.S. House,6
Gloucester,3,2,Blanks,330,U.S. House,6
Gloucester,3,2,Total Votes Cast,1578,U.S. House,6
Gloucester,4,1,Seth W. Moulton,1373,U.S. House,6
Gloucester,4,1,All Others,38,U.S. House,6
Gloucester,4,1,Blanks,429,U.S. House,6
Gloucester,4,1,Total Votes Cast,1840,U.S. House,6
Gloucester,4,2,Seth W. Moulton,1764,U.S. House,6
Gloucester,4,2,All Others,40,U.S. House,6
Gloucester,4,2,Blanks,394,U.S. House,6
Gloucester,4,2,Total Votes Cast,2198,U.S. House,6
Gloucester,5,1,Seth W. Moulton,1588,U.S. House,6
Gloucester,5,1,All Others,41,U.S. House,6
Gloucester,5,1,Blanks,494,U.S. House,6
Gloucester,5,1,Total Votes Cast,2123,U.S. House,6
Gloucester,5,2,Seth W. Moulton,1631,U.S. House,6
Gloucester,5,2,All Others,53,U.S. House,6
Gloucester,5,2,Blanks,516,U.S. House,6
Gloucester,5,2,Total Votes Cast,2200,U.S. House,6
Goshen,-,1,James P. McGovern,426,U.S. House,2
Goshen,-,1,Cornelius Shea,204,U.S. House,2
Goshen,-,1,All Others,0,U.S. House,2
Goshen,-,1,Blanks,41,U.S. House,2
Goshen,-,1,Total Votes Cast,671,U.S. House,2
Gosnold,-,1,Bill Keating,45,U.S. House,9
Gosnold,-,1,Dan Sullivan,22,U.S. House,9
Gosnold,-,1,All Others,0,U.S. House,9
Gosnold,-,1,Blanks,3,U.S. House,9
Gosnold,-,1,Total Votes Cast,70,U.S. House,9
Grafton,-,1,James P. McGovern,1350,U.S. House,2
Grafton,-,1,Cornelius Shea,718,U.S. House,2
Grafton,-,1,All Others,4,U.S. House,2
Grafton,-,1,Blanks,137,U.S. House,2
Grafton,-,1,Total Votes Cast,2209,U.S. House,2
Grafton,-,2,James P. McGovern,1483,U.S. House,2
Grafton,-,2,Cornelius Shea,725,U.S. House,2
Grafton,-,2,All Others,4,U.S. House,2
Grafton,-,2,Blanks,133,U.S. House,2
Grafton,-,2,Total Votes Cast,2345,U.S. House,2
Grafton,-,3,James P. McGovern,1417,U.S. House,2
Grafton,-,3,Cornelius Shea,709,U.S. House,2
Grafton,-,3,All Others,2,U.S. House,2
Grafton,-,3,Blanks,115,U.S. House,2
Grafton,-,3,Total Votes Cast,2243,U.S. House,2
Grafton,-,4,James P. McGovern,1253,U.S. House,2
Grafton,-,4,Cornelius Shea,620,U.S. House,2
Grafton,-,4,All Others,4,U.S. House,2
Grafton,-,4,Blanks,122,U.S. House,2
Grafton,-,4,Total Votes Cast,1999,U.S. House,2
Grafton,-,5,James P. McGovern,1648,U.S. House,2
Grafton,-,5,Cornelius Shea,715,U.S. House,2
Grafton,-,5,All Others,4,U.S. House,2
Grafton,-,5,Blanks,126,U.S. House,2
Grafton,-,5,Total Votes Cast,2493,U.S. House,2
Granby,-,1,Richard E. Neal,1046,U.S. House,1
Granby,-,1,Nadia Donya Milleron,771,U.S. House,1
Granby,-,1,All Others,0,U.S. House,1
Granby,-,1,Blanks,172,U.S. House,1
Granby,-,1,Total Votes Cast,1989,U.S. House,1
Granby,-,2,Richard E. Neal,959,U.S. House,1
Granby,-,2,Nadia Donya Milleron,804,U.S. House,1
Granby,-,2,All Others,0,U.S. House,1
Granby,-,2,Blanks,187,U.S. House,1
Granby,-,2,Total Votes Cast,1950,U.S. House,1
Granby,-,2A,Richard E. Neal,28,U.S. House,1
Granby,-,2A,Nadia Donya Milleron,12,U.S. House,1
Granby,-,2A,All Others,0,U.S. House,1
Granby,-,2A,Blanks,5,U.S. House,1
Granby,-,2A,Total Votes Cast,45,U.S. House,1
Granville,-,1,Richard E. Neal,378,U.S. House,1
Granville,-,1,Nadia Donya Milleron,560,U.S. House,1
Granville,-,1,All Others,0,U.S. House,1
Granville,-,1,Blanks,57,U.S. House,1
Granville,-,1,Total Votes Cast,995,U.S. House,1
Great Barrington,-,A,Richard E. Neal,651,U.S. House,1
Great Barrington,-,A,Nadia Donya Milleron,339,U.S. House,1
Great Barrington,-,A,All Others,1,U.S. House,1
Great Barrington,-,A,Blanks,62,U.S. House,1
Great Barrington,-,A,Total Votes Cast,1053,U.S. House,1
Great Barrington,-,B,Richard E. Neal,618,U.S. House,1
Great Barrington,-,B,Nadia Donya Milleron,360,U.S. House,1
Great Barrington,-,B,All Others,1,U.S. House,1
Great Barrington,-,B,Blanks,64,U.S. House,1
Great Barrington,-,B,Total Votes Cast,1043,U.S. House,1
Great Barrington,-,C,Richard E. Neal,459,U.S. House,1
Great Barrington,-,C,Nadia Donya Milleron,228,U.S. House,1
Great Barrington,-,C,All Others,1,U.S. House,1
Great Barrington,-,C,Blanks,46,U.S. House,1
Great Barrington,-,C,Total Votes Cast,734,U.S. House,1
Great Barrington,-,D,Richard E. Neal,644,U.S. House,1
Great Barrington,-,D,Nadia Donya Milleron,421,U.S. House,1
Great Barrington,-,D,All Others,4,U.S. House,1
Great Barrington,-,D,Blanks,62,U.S. House,1
Great Barrington,-,D,Total Votes Cast,1131,U.S. House,1
Greenfield,-,1,James P. McGovern,746,U.S. House,2
Greenfield,-,1,Cornelius Shea,318,U.S. House,2
Greenfield,-,1,All Others,2,U.S. House,2
Greenfield,-,1,Blanks,60,U.S. House,2
Greenfield,-,1,Total Votes Cast,1126,U.S. House,2
Greenfield,-,2,James P. McGovern,961,U.S. House,2
Greenfield,-,2,Cornelius Shea,308,U.S. House,2
Greenfield,-,2,All Others,2,U.S. House,2
Greenfield,-,2,Blanks,64,U.S. House,2
Greenfield,-,2,Total Votes Cast,1335,U.S. House,2
Greenfield,-,3,James P. McGovern,837,U.S. House,2
Greenfield,-,3,Cornelius Shea,283,U.S. House,2
Greenfield,-,3,All Others,2,U.S. House,2
Greenfield,-,3,Blanks,74,U.S. House,2
Greenfield,-,3,Total Votes Cast,1196,U.S. House,2
Greenfield,-,4,James P. McGovern,858,U.S. House,2
Greenfield,-,4,Cornelius Shea,230,U.S. House,2
Greenfield,-,4,All Others,5,U.S. House,2
Greenfield,-,4,Blanks,59,U.S. House,2
Greenfield,-,4,Total Votes Cast,1152,U.S. House,2
Greenfield,-,5,James P. McGovern,947,U.S. House,2
Greenfield,-,5,Cornelius Shea,172,U.S. House,2
Greenfield,-,5,All Others,4,U.S. House,2
Greenfield,-,5,Blanks,64,U.S. House,2
Greenfield,-,5,Total Votes Cast,1187,U.S. House,2
Greenfield,-,6,James P. McGovern,850,U.S. House,2
Greenfield,-,6,Cornelius Shea,162,U.S. House,2
Greenfield,-,6,All Others,6,U.S. House,2
Greenfield,-,6,Blanks,34,U.S. House,2
Greenfield,-,6,Total Votes Cast,1052,U.S. House,2
Greenfield,-,7,James P. McGovern,646,U.S. House,2
Greenfield,-,7,Cornelius Shea,214,U.S. House,2
Greenfield,-,7,All Others,4,U.S. House,2
Greenfield,-,7,Blanks,53,U.S. House,2
Greenfield,-,7,Total Votes Cast,917,U.S. House,2
Greenfield,-,8,James P. McGovern,680,U.S. House,2
Greenfield,-,8,Cornelius Shea,187,U.S. House,2
Greenfield,-,8,All Others,5,U.S. House,2
Greenfield,-,8,Blanks,49,U.S. House,2
Greenfield,-,8,Total Votes Cast,921,U.S. House,2
Greenfield,-,9,James P. McGovern,490,U.S. House,2
Greenfield,-,9,Cornelius Shea,160,U.S. House,2
Greenfield,-,9,All Others,1,U.S. House,2
Greenfield,-,9,Blanks,41,U.S. House,2
Greenfield,-,9,Total Votes Cast,692,U.S. House,2
Groton,-,1,Lori Loureiro Trahan,1986,U.S. House,3
Groton,-,1,All Others,17,U.S. House,3
Groton,-,1,Blanks,595,U.S. House,3
Groton,-,1,Total Votes Cast,2598,U.S. House,3
Groton,-,2,Lori Loureiro Trahan,1780,U.S. House,3
Groton,-,2,All Others,24,U.S. House,3
Groton,-,2,Blanks,566,U.S. House,3
Groton,-,2,Total Votes Cast,2370,U.S. House,3
Groton,-,3,Lori Loureiro Trahan,1772,U.S. House,3
Groton,-,3,All Others,31,U.S. House,3
Groton,-,3,Blanks,553,U.S. House,3
Groton,-,3,Total Votes Cast,2356,U.S. House,3
Groveland,-,1,Seth W. Moulton,1570,U.S. House,6
Groveland,-,1,All Others,19,U.S. House,6
Groveland,-,1,Blanks,608,U.S. House,6
Groveland,-,1,Total Votes Cast,2197,U.S. House,6
Groveland,-,2,Seth W. Moulton,1603,U.S. House,6
Groveland,-,2,All Others,26,U.S. House,6
Groveland,-,2,Blanks,643,U.S. House,6
Groveland,-,2,Total Votes Cast,2272,U.S. House,6
Hadley,-,1,James P. McGovern,2397,U.S. House,2
Hadley,-,1,Cornelius Shea,713,U.S. House,2
Hadley,-,1,All Others,1,U.S. House,2
Hadley,-,1,Blanks,231,U.S. House,2
Hadley,-,1,Total Votes Cast,3342,U.S. House,2
Halifax,-,1,Bill Keating,1056,U.S. House,9
Halifax,-,1,Dan Sullivan,1371,U.S. House,9
Halifax,-,1,All Others,104,U.S. House,9
Halifax,-,1,Blanks,0,U.S. House,9
Halifax,-,1,Total Votes Cast,2531,U.S. House,9
Halifax,-,2,Bill Keating,1019,U.S. House,9
Halifax,-,2,Dan Sullivan,1221,U.S. House,9
Halifax,-,2,All Others,0,U.S. House,9
Halifax,-,2,Blanks,76,U.S. House,9
Halifax,-,2,Total Votes Cast,2316,U.S. House,9
Halifax,-,2A,Bill Keating,32,U.S. House,9
Halifax,-,2A,Dan Sullivan,58,U.S. House,9
Halifax,-,2A,All Others,0,U.S. House,9
Halifax,-,2A,Blanks,3,U.S. House,9
Halifax,-,2A,Total Votes Cast,93,U.S. House,9
Hamilton,-,1,Seth W. Moulton,1897,U.S. House,6
Hamilton,-,1,All Others,27,U.S. House,6
Hamilton,-,1,Blanks,521,U.S. House,6
Hamilton,-,1,Total Votes Cast,2445,U.S. House,6
Hamilton,-,2,Seth W. Moulton,1920,U.S. House,6
Hamilton,-,2,All Others,23,U.S. House,6
Hamilton,-,2,Blanks,451,U.S. House,6
Hamilton,-,2,Total Votes Cast,2394,U.S. House,6
Hampden,-,1,Richard E. Neal,1700,U.S. House,1
Hampden,-,1,Nadia Donya Milleron,1439,U.S. House,1
Hampden,-,1,All Others,0,U.S. House,1
Hampden,-,1,Blanks,154,U.S. House,1
Hampden,-,1,Total Votes Cast,3293,U.S. House,1
Hancock,-,1,Richard E. Neal,259,U.S. House,1
Hancock,-,1,Nadia Donya Milleron,199,U.S. House,1
Hancock,-,1,All Others,0,U.S. House,1
Hancock,-,1,Blanks,37,U.S. House,1
Hancock,-,1,Total Votes Cast,495,U.S. House,1
Hanover,-,1,Bill Keating,1254,U.S. House,9
Hanover,-,1,Dan Sullivan,1297,U.S. House,9
Hanover,-,1,All Others,2,U.S. House,9
Hanover,-,1,Blanks,114,U.S. House,9
Hanover,-,1,Total Votes Cast,2667,U.S. House,9
Hanover,-,2,Bill Keating,1145,U.S. House,9
Hanover,-,2,Dan Sullivan,1150,U.S. House,9
Hanover,-,2,All Others,5,U.S. House,9
Hanover,-,2,Blanks,101,U.S. House,9
Hanover,-,2,Total Votes Cast,2401,U.S. House,9
Hanover,-,3,Bill Keating,1080,U.S. House,9
Hanover,-,3,Dan Sullivan,1056,U.S. House,9
Hanover,-,3,All Others,1,U.S. House,9
Hanover,-,3,Blanks,98,U.S. House,9
Hanover,-,3,Total Votes Cast,2235,U.S. House,9
Hanover,-,4,Bill Keating,1206,U.S. House,9
Hanover,-,4,Dan Sullivan,1212,U.S. House,9
Hanover,-,4,All Others,2,U.S. House,9
Hanover,-,4,Blanks,95,U.S. House,9
Hanover,-,4,Total Votes Cast,2515,U.S. House,9
Hanson,-,1,Bill Keating,1025,U.S. House,9
Hanson,-,1,Dan Sullivan,1149,U.S. House,9
Hanson,-,1,All Others,2,U.S. House,9
Hanson,-,1,Blanks,91,U.S. House,9
Hanson,-,1,Total Votes Cast,2267,U.S. House,9
Hanson,-,2,Bill Keating,1127,U.S. House,9
Hanson,-,2,Dan Sullivan,1233,U.S. House,9
Hanson,-,2,All Others,0,U.S. House,9
Hanson,-,2,Blanks,88,U.S. House,9
Hanson,-,2,Total Votes Cast,2448,U.S. House,9
Hanson,-,3,Bill Keating,937,U.S. House,9
Hanson,-,3,Dan Sullivan,1127,U.S. House,9
Hanson,-,3,All Others,1,U.S. House,9
Hanson,-,3,Blanks,91,U.S. House,9
Hanson,-,3,Total Votes Cast,2156,U.S. House,9
Hardwick,-,1,James P. McGovern,825,U.S. House,2
Hardwick,-,1,Cornelius Shea,626,U.S. House,2
Hardwick,-,1,All Others,2,U.S. House,2
Hardwick,-,1,Blanks,131,U.S. House,2
Hardwick,-,1,Total Votes Cast,1584,U.S. House,2
Harvard,-,1,Lori Loureiro Trahan,3139,U.S. House,3
Harvard,-,1,All Others,85,U.S. House,3
Harvard,-,1,Blanks,830,U.S. House,3
Harvard,-,1,Total Votes Cast,4054,U.S. House,3
Harwich,-,1,Bill Keating,1560,U.S. House,9
Harwich,-,1,Dan Sullivan,964,U.S. House,9
Harwich,-,1,All Others,2,U.S. House,9
Harwich,-,1,Blanks,74,U.S. House,9
Harwich,-,1,Total Votes Cast,2600,U.S. House,9
Harwich,-,2,Bill Keating,1406,U.S. House,9
Harwich,-,2,Dan Sullivan,868,U.S. House,9
Harwich,-,2,All Others,0,U.S. House,9
Harwich,-,2,Blanks,54,U.S. House,9
Harwich,-,2,Total Votes Cast,2328,U.S. House,9
Harwich,-,3,Bill Keating,1325,U.S. House,9
Harwich,-,3,Dan Sullivan,920,U.S. House,9
Harwich,-,3,All Others,0,U.S. House,9
Harwich,-,3,Blanks,62,U.S. House,9
Harwich,-,3,Total Votes Cast,2307,U.S. House,9
Harwich,-,4,Bill Keating,1244,U.S. House,9
Harwich,-,4,Dan Sullivan,841,U.S. House,9
Harwich,-,4,All Others,0,U.S. House,9
Harwich,-,4,Blanks,45,U.S. House,9
Harwich,-,4,Total Votes Cast,2130,U.S. House,9
Hatfield,-,1,James P. McGovern,1568,U.S. House,2
Hatfield,-,1,Cornelius Shea,546,U.S. House,2
Hatfield,-,1,All Others,7,U.S. House,2
Hatfield,-,1,Blanks,130,U.S. House,2
Hatfield,-,1,Total Votes Cast,2251,U.S. House,2
Haverhill,1,1,Lori Loureiro Trahan,522,U.S. House,3
Haverhill,1,1,All Others,1,U.S. House,3
Haverhill,1,1,Blanks,172,U.S. House,3
Haverhill,1,1,Total Votes Cast,695,U.S. House,3
Haverhill,1,2,Lori Loureiro Trahan,568,U.S. House,3
Haverhill,1,2,All Others,6,U.S. House,3
Haverhill,1,2,Blanks,170,U.S. House,3
Haverhill,1,2,Total Votes Cast,744,U.S. House,3
Haverhill,1,2A,Lori Loureiro Trahan,241,U.S. House,3
Haverhill,1,2A,All Others,3,U.S. House,3
Haverhill,1,2A,Blanks,80,U.S. House,3
Haverhill,1,2A,Total Votes Cast,324,U.S. House,3
Haverhill,1,3,Lori Loureiro Trahan,486,U.S. House,3
Haverhill,1,3,All Others,2,U.S. House,3
Haverhill,1,3,Blanks,182,U.S. House,3
Haverhill,1,3,Total Votes Cast,670,U.S. House,3
Haverhill,1,3A,Lori Loureiro Trahan,328,U.S. House,3
Haverhill,1,3A,All Others,1,U.S. House,3
Haverhill,1,3A,Blanks,139,U.S. House,3
Haverhill,1,3A,Total Votes Cast,468,U.S. House,3
Haverhill,2,1,Lori Loureiro Trahan,1057,U.S. House,3
Haverhill,2,1,All Others,6,U.S. House,3
Haverhill,2,1,Blanks,430,U.S. House,3
Haverhill,2,1,Total Votes Cast,1493,U.S. House,3
Haverhill,2,2,Lori Loureiro Trahan,1148,U.S. House,3
Haverhill,2,2,All Others,16,U.S. House,3
Haverhill,2,2,Blanks,404,U.S. House,3
Haverhill,2,2,Total Votes Cast,1568,U.S. House,3
Haverhill,2,3,Lori Loureiro Trahan,675,U.S. House,3
Haverhill,2,3,All Others,3,U.S. House,3
Haverhill,2,3,Blanks,230,U.S. House,3
Haverhill,2,3,Total Votes Cast,908,U.S. House,3
Haverhill,3,1,Lori Loureiro Trahan,802,U.S. House,3
Haverhill,3,1,All Others,5,U.S. House,3
Haverhill,3,1,Blanks,265,U.S. House,3
Haverhill,3,1,Total Votes Cast,1072,U.S. House,3
Haverhill,3,2,Lori Loureiro Trahan,756,U.S. House,3
Haverhill,3,2,All Others,5,U.S. House,3
Haverhill,3,2,Blanks,238,U.S. House,3
Haverhill,3,2,Total Votes Cast,999,U.S. House,3
Haverhill,3,3,Lori Loureiro Trahan,757,U.S. House,3
Haverhill,3,3,All Others,6,U.S. House,3
Haverhill,3,3,Blanks,246,U.S. House,3
Haverhill,3,3,Total Votes Cast,1009,U.S. House,3
Haverhill,4,1,Lori Loureiro Trahan,1336,U.S. House,3
Haverhill,4,1,All Others,16,U.S. House,3
Haverhill,4,1,Blanks,532,U.S. House,3
Haverhill,4,1,Total Votes Cast,1884,U.S. House,3
Haverhill,4,2,Lori Loureiro Trahan,1351,U.S. House,3
Haverhill,4,2,All Others,18,U.S. House,3
Haverhill,4,2,Blanks,708,U.S. House,3
Haverhill,4,2,Total Votes Cast,2077,U.S. House,3
Haverhill,4,3,Lori Loureiro Trahan,1271,U.S. House,3
Haverhill,4,3,All Others,16,U.S. House,3
Haverhill,4,3,Blanks,539,U.S. House,3
Haverhill,4,3,Total Votes Cast,1826,U.S. House,3
Haverhill,5,1,Lori Loureiro Trahan,684,U.S. House,3
Haverhill,5,1,All Others,12,U.S. House,3
Haverhill,5,1,Blanks,241,U.S. House,3
Haverhill,5,1,Total Votes Cast,937,U.S. House,3
Haverhill,5,1A,Lori Loureiro Trahan,494,U.S. House,3
Haverhill,5,1A,All Others,7,U.S. House,3
Haverhill,5,1A,Blanks,183,U.S. House,3
Haverhill,5,1A,Total Votes Cast,684,U.S. House,3
Haverhill,5,2,Lori Loureiro Trahan,1338,U.S. House,3
Haverhill,5,2,All Others,10,U.S. House,3
Haverhill,5,2,Blanks,618,U.S. House,3
Haverhill,5,2,Total Votes Cast,1966,U.S. House,3
Haverhill,5,3,Lori Loureiro Trahan,1234,U.S. House,3
Haverhill,5,3,All Others,13,U.S. House,3
Haverhill,5,3,Blanks,612,U.S. House,3
Haverhill,5,3,Total Votes Cast,1859,U.S. House,3
Haverhill,5,3A,Lori Loureiro Trahan,95,U.S. House,3
Haverhill,5,3A,All Others,2,U.S. House,3
Haverhill,5,3A,Blanks,43,U.S. House,3
Haverhill,5,3A,Total Votes Cast,140,U.S. House,3
Haverhill,6,1,Lori Loureiro Trahan,1135,U.S. House,3
Haverhill,6,1,All Others,9,U.S. House,3
Haverhill,6,1,Blanks,486,U.S. House,3
Haverhill,6,1,Total Votes Cast,1630,U.S. House,3
Haverhill,6,2,Lori Loureiro Trahan,790,U.S. House,3
Haverhill,6,2,All Others,6,U.S. House,3
Haverhill,6,2,Blanks,341,U.S. House,3
Haverhill,6,2,Total Votes Cast,1137,U.S. House,3
Haverhill,6,2A,Lori Loureiro Trahan,359,U.S. House,3
Haverhill,6,2A,All Others,3,U.S. House,3
Haverhill,6,2A,Blanks,106,U.S. House,3
Haverhill,6,2A,Total Votes Cast,468,U.S. House,3
Haverhill,6,3,Lori Loureiro Trahan,1258,U.S. House,3
Haverhill,6,3,All Others,8,U.S. House,3
Haverhill,6,3,Blanks,489,U.S. House,3
Haverhill,6,3,Total Votes Cast,1755,U.S. House,3
Haverhill,7,1,Lori Loureiro Trahan,1163,U.S. House,3
Haverhill,7,1,All Others,11,U.S. House,3
Haverhill,7,1,Blanks,466,U.S. House,3
Haverhill,7,1,Total Votes Cast,1640,U.S. House,3
Haverhill,7,2,Lori Loureiro Trahan,848,U.S. House,3
Haverhill,7,2,All Others,16,U.S. House,3
Haverhill,7,2,Blanks,346,U.S. House,3
Haverhill,7,2,Total Votes Cast,1210,U.S. House,3
Haverhill,7,2A,Lori Loureiro Trahan,285,U.S. House,3
Haverhill,7,2A,All Others,2,U.S. House,3
Haverhill,7,2A,Blanks,92,U.S. House,3
Haverhill,7,2A,Total Votes Cast,379,U.S. House,3
Haverhill,7,3,Lori Loureiro Trahan,1404,U.S. House,3
Haverhill,7,3,All Others,15,U.S. House,3
Haverhill,7,3,Blanks,604,U.S. House,3
Haverhill,7,3,Total Votes Cast,2023,U.S. House,3
Haverhill,7,3A,Lori Loureiro Trahan,18,U.S. House,3
Haverhill,7,3A,All Others,0,U.S. House,3
Haverhill,7,3A,Blanks,8,U.S. House,3
Haverhill,7,3A,Total Votes Cast,26,U.S. House,3
Hawley,-,1,Richard E. Neal,116,U.S. House,1
Hawley,-,1,Nadia Donya Milleron,66,U.S. House,1
Hawley,-,1,All Others,0,U.S. House,1
Hawley,-,1,Blanks,14,U.S. House,1
Hawley,-,1,Total Votes Cast,196,U.S. House,1
Heath,-,1,James P. McGovern,301,U.S. House,2
Heath,-,1,Cornelius Shea,142,U.S. House,2
Heath,-,1,All Others,1,U.S. House,2
Heath,-,1,Blanks,28,U.S. House,2
Heath,-,1,Total Votes Cast,472,U.S. House,2
Hingham,-,1,Stephen F. Lynch,1456,U.S. House,8
Hingham,-,1,Robert G. Burke,639,U.S. House,8
Hingham,-,1,All Others,1,U.S. House,8
Hingham,-,1,Blanks,78,U.S. House,8
Hingham,-,1,Total Votes Cast,2174,U.S. House,8
Hingham,-,2,Stephen F. Lynch,1538,U.S. House,8
Hingham,-,2,Robert G. Burke,688,U.S. House,8
Hingham,-,2,All Others,6,U.S. House,8
Hingham,-,2,Blanks,80,U.S. House,8
Hingham,-,2,Total Votes Cast,2312,U.S. House,8
Hingham,-,3,Stephen F. Lynch,1390,U.S. House,8
Hingham,-,3,Robert G. Burke,672,U.S. House,8
Hingham,-,3,All Others,4,U.S. House,8
Hingham,-,3,Blanks,71,U.S. House,8
Hingham,-,3,Total Votes Cast,2137,U.S. House,8
Hingham,-,4,Stephen F. Lynch,1491,U.S. House,8
Hingham,-,4,Robert G. Burke,693,U.S. House,8
Hingham,-,4,All Others,3,U.S. House,8
Hingham,-,4,Blanks,99,U.S. House,8
Hingham,-,4,Total Votes Cast,2286,U.S. House,8
Hingham,-,5,Stephen F. Lynch,1349,U.S. House,8
Hingham,-,5,Robert G. Burke,829,U.S. House,8
Hingham,-,5,All Others,2,U.S. House,8
Hingham,-,5,Blanks,92,U.S. House,8
Hingham,-,5,Total Votes Cast,2272,U.S. House,8
Hingham,-,6,Stephen F. Lynch,1391,U.S. House,8
Hingham,-,6,Robert G. Burke,673,U.S. House,8
Hingham,-,6,All Others,2,U.S. House,8
Hingham,-,6,Blanks,91,U.S. House,8
Hingham,-,6,Total Votes Cast,2157,U.S. House,8
Hingham,-,7,Stephen F. Lynch,785,U.S. House,8
Hingham,-,7,Robert G. Burke,457,U.S. House,8
Hingham,-,7,All Others,0,U.S. House,8
Hingham,-,7,Blanks,59,U.S. House,8
Hingham,-,7,Total Votes Cast,1301,U.S. House,8
Hingham,-,7A,Stephen F. Lynch,931,U.S. House,8
Hingham,-,7A,Robert G. Burke,219,U.S. House,8
Hingham,-,7A,All Others,0,U.S. House,8
Hingham,-,7A,Blanks,60,U.S. House,8
Hingham,-,7A,Total Votes Cast,1210,U.S. House,8
Hinsdale,-,1,Richard E. Neal,723,U.S. House,1
Hinsdale,-,1,Nadia Donya Milleron,412,U.S. House,1
Hinsdale,-,1,All Others,2,U.S. House,1
Hinsdale,-,1,Blanks,81,U.S. House,1
Hinsdale,-,1,Total Votes Cast,1218,U.S. House,1
Holbrook,-,1,Stephen F. Lynch,988,U.S. House,8
Holbrook,-,1,Robert G. Burke,413,U.S. House,8
Holbrook,-,1,All Others,1,U.S. House,8
Holbrook,-,1,Blanks,68,U.S. House,8
Holbrook,-,1,Total Votes Cast,1470,U.S. House,8
Holbrook,-,2,Stephen F. Lynch,942,U.S. House,8
Holbrook,-,2,Robert G. Burke,543,U.S. House,8
Holbrook,-,2,All Others,0,U.S. House,8
Holbrook,-,2,Blanks,75,U.S. House,8
Holbrook,-,2,Total Votes Cast,1560,U.S. House,8
Holbrook,-,3,Stephen F. Lynch,962,U.S. House,8
Holbrook,-,3,Robert G. Burke,471,U.S. House,8
Holbrook,-,3,All Others,4,U.S. House,8
Holbrook,-,3,Blanks,76,U.S. House,8
Holbrook,-,3,Total Votes Cast,1513,U.S. House,8
Holbrook,-,4,Stephen F. Lynch,938,U.S. House,8
Holbrook,-,4,Robert G. Burke,459,U.S. House,8
Holbrook,-,4,All Others,1,U.S. House,8
Holbrook,-,4,Blanks,63,U.S. House,8
Holbrook,-,4,Total Votes Cast,1461,U.S. House,8
Holden,-,1,James P. McGovern,1200,U.S. House,2
Holden,-,1,Cornelius Shea,771,U.S. House,2
Holden,-,1,All Others,0,U.S. House,2
Holden,-,1,Blanks,110,U.S. House,2
Holden,-,1,Total Votes Cast,2081,U.S. House,2
Holden,-,2,James P. McGovern,1232,U.S. House,2
Holden,-,2,Cornelius Shea,656,U.S. House,2
Holden,-,2,All Others,0,U.S. House,2
Holden,-,2,Blanks,90,U.S. House,2
Holden,-,2,Total Votes Cast,1978,U.S. House,2
Holden,-,3,James P. McGovern,1343,U.S. House,2
Holden,-,3,Cornelius Shea,702,U.S. House,2
Holden,-,3,All Others,0,U.S. House,2
Holden,-,3,Blanks,105,U.S. House,2
Holden,-,3,Total Votes Cast,2150,U.S. House,2
Holden,-,4,James P. McGovern,1370,U.S. House,2
Holden,-,4,Cornelius Shea,707,U.S. House,2
Holden,-,4,All Others,0,U.S. House,2
Holden,-,4,Blanks,124,U.S. House,2
Holden,-,4,Total Votes Cast,2201,U.S. House,2
Holden,-,5,James P. McGovern,1316,U.S. House,2
Holden,-,5,Cornelius Shea,699,U.S. House,2
Holden,-,5,All Others,0,U.S. House,2
Holden,-,5,Blanks,91,U.S. House,2
Holden,-,5,Total Votes Cast,2106,U.S. House,2
Holden,-,6,James P. McGovern,1326,U.S. House,2
Holden,-,6,Cornelius Shea,723,U.S. House,2
Holden,-,6,All Others,0,U.S. House,2
Holden,-,6,Blanks,76,U.S. House,2
Holden,-,6,Total Votes Cast,2125,U.S. House,2
Holland,-,1,Richard E. Neal,749,U.S. House,1
Holland,-,1,Nadia Donya Milleron,731,U.S. House,1
Holland,-,1,All Others,1,U.S. House,1
Holland,-,1,Blanks,108,U.S. House,1
Holland,-,1,Total Votes Cast,1589,U.S. House,1
Holliston,-,1,James P. McGovern,1644,U.S. House,2
Holliston,-,1,Cornelius Shea,685,U.S. House,2
Holliston,-,1,All Others,4,U.S. House,2
Holliston,-,1,Blanks,144,U.S. House,2
Holliston,-,1,Total Votes Cast,2477,U.S. House,2
Holliston,-,2,James P. McGovern,1610,U.S. House,2
Holliston,-,2,Cornelius Shea,560,U.S. House,2
Holliston,-,2,All Others,8,U.S. House,2
Holliston,-,2,Blanks,154,U.S. House,2
Holliston,-,2,Total Votes Cast,2332,U.S. House,2
Holliston,-,3,James P. McGovern,1441,U.S. House,2
Holliston,-,3,Cornelius Shea,540,U.S. House,2
Holliston,-,3,All Others,4,U.S. House,2
Holliston,-,3,Blanks,148,U.S. House,2
Holliston,-,3,Total Votes Cast,2133,U.S. House,2
Holliston,-,4,James P. McGovern,1653,U.S. House,2
Holliston,-,4,Cornelius Shea,650,U.S. House,2
Holliston,-,4,All Others,7,U.S. House,2
Holliston,-,4,Blanks,145,U.S. House,2
Holliston,-,4,Total Votes Cast,2455,U.S. House,2
Holyoke,1,A,Richard E. Neal,367,U.S. House,1
Holyoke,1,A,Nadia Donya Milleron,120,U.S. House,1
Holyoke,1,A,All Others,0,U.S. House,1
Holyoke,1,A,Blanks,74,U.S. House,1
Holyoke,1,A,Total Votes Cast,561,U.S. House,1
Holyoke,1,B,Richard E. Neal,469,U.S. House,1
Holyoke,1,B,Nadia Donya Milleron,162,U.S. House,1
Holyoke,1,B,All Others,0,U.S. House,1
Holyoke,1,B,Blanks,75,U.S. House,1
Holyoke,1,B,Total Votes Cast,706,U.S. House,1
Holyoke,2,A,Richard E. Neal,496,U.S. House,1
Holyoke,2,A,Nadia Donya Milleron,204,U.S. House,1
Holyoke,2,A,All Others,0,U.S. House,1
Holyoke,2,A,Blanks,57,U.S. House,1
Holyoke,2,A,Total Votes Cast,757,U.S. House,1
Holyoke,2,B,Richard E. Neal,338,U.S. House,1
Holyoke,2,B,Nadia Donya Milleron,120,U.S. House,1
Holyoke,2,B,All Others,0,U.S. House,1
Holyoke,2,B,Blanks,63,U.S. House,1
Holyoke,2,B,Total Votes Cast,521,U.S. House,1
Holyoke,3,A,Richard E. Neal,686,U.S. House,1
Holyoke,3,A,Nadia Donya Milleron,304,U.S. House,1
Holyoke,3,A,All Others,0,U.S. House,1
Holyoke,3,A,Blanks,75,U.S. House,1
Holyoke,3,A,Total Votes Cast,1065,U.S. House,1
Holyoke,3,B,Richard E. Neal,829,U.S. House,1
Holyoke,3,B,Nadia Donya Milleron,449,U.S. House,1
Holyoke,3,B,All Others,0,U.S. House,1
Holyoke,3,B,Blanks,81,U.S. House,1
Holyoke,3,B,Total Votes Cast,1359,U.S. House,1
Holyoke,4,A,Richard E. Neal,373,U.S. House,1
Holyoke,4,A,Nadia Donya Milleron,153,U.S. House,1
Holyoke,4,A,All Others,4,U.S. House,1
Holyoke,4,A,Blanks,52,U.S. House,1
Holyoke,4,A,Total Votes Cast,582,U.S. House,1
Holyoke,4,B,Richard E. Neal,559,U.S. House,1
Holyoke,4,B,Nadia Donya Milleron,224,U.S. House,1
Holyoke,4,B,All Others,0,U.S. House,1
Holyoke,4,B,Blanks,70,U.S. House,1
Holyoke,4,B,Total Votes Cast,853,U.S. House,1
Holyoke,5,A,Richard E. Neal,1038,U.S. House,1
Holyoke,5,A,Nadia Donya Milleron,691,U.S. House,1
Holyoke,5,A,All Others,0,U.S. House,1
Holyoke,5,A,Blanks,108,U.S. House,1
Holyoke,5,A,Total Votes Cast,1837,U.S. House,1
Holyoke,5,B,Richard E. Neal,715,U.S. House,1
Holyoke,5,B,Nadia Donya Milleron,386,U.S. House,1
Holyoke,5,B,All Others,1,U.S. House,1
Holyoke,5,B,Blanks,100,U.S. House,1
Holyoke,5,B,Total Votes Cast,1202,U.S. House,1
Holyoke,6,A,Richard E. Neal,665,U.S. House,1
Holyoke,6,A,Nadia Donya Milleron,281,U.S. House,1
Holyoke,6,A,All Others,0,U.S. House,1
Holyoke,6,A,Blanks,70,U.S. House,1
Holyoke,6,A,Total Votes Cast,1016,U.S. House,1
Holyoke,6,B,Richard E. Neal,800,U.S. House,1
Holyoke,6,B,Nadia Donya Milleron,379,U.S. House,1
Holyoke,6,B,All Others,1,U.S. House,1
Holyoke,6,B,Blanks,94,U.S. House,1
Holyoke,6,B,Total Votes Cast,1274,U.S. House,1
Holyoke,7,A,Richard E. Neal,1158,U.S. House,1
Holyoke,7,A,Nadia Donya Milleron,505,U.S. House,1
Holyoke,7,A,All Others,1,U.S. House,1
Holyoke,7,A,Blanks,105,U.S. House,1
Holyoke,7,A,Total Votes Cast,1769,U.S. House,1
Holyoke,7,B,Richard E. Neal,938,U.S. House,1
Holyoke,7,B,Nadia Donya Milleron,436,U.S. House,1
Holyoke,7,B,All Others,1,U.S. House,1
Holyoke,7,B,Blanks,82,U.S. House,1
Holyoke,7,B,Total Votes Cast,1457,U.S. House,1
Hopedale,-,1,Jake Auchincloss,2590,U.S. House,4
Hopedale,-,1,Sana A. Fadel,0,U.S. House,4
Hopedale,-,1,All Others,66,U.S. House,4
Hopedale,-,1,Blanks,960,U.S. House,4
Hopedale,-,1,Total Votes Cast,3616,U.S. House,4
Hopkinton,-,1,James P. McGovern,1192,U.S. House,2
Hopkinton,-,1,Cornelius Shea,450,U.S. House,2
Hopkinton,-,1,All Others,2,U.S. House,2
Hopkinton,-,1,Blanks,94,U.S. House,2
Hopkinton,-,1,Total Votes Cast,1738,U.S. House,2
Hopkinton,-,2,James P. McGovern,1388,U.S. House,2
Hopkinton,-,2,Cornelius Shea,598,U.S. House,2
Hopkinton,-,2,All Others,5,U.S. House,2
Hopkinton,-,2,Blanks,140,U.S. House,2
Hopkinton,-,2,Total Votes Cast,2131,U.S. House,2
Hopkinton,-,3,James P. McGovern,1332,U.S. House,2
Hopkinton,-,3,Cornelius Shea,599,U.S. House,2
Hopkinton,-,3,All Others,6,U.S. House,2
Hopkinton,-,3,Blanks,153,U.S. House,2
Hopkinton,-,3,Total Votes Cast,2090,U.S. House,2
Hopkinton,-,4,James P. McGovern,1471,U.S. House,2
Hopkinton,-,4,Cornelius Shea,636,U.S. House,2
Hopkinton,-,4,All Others,2,U.S. House,2
Hopkinton,-,4,Blanks,144,U.S. House,2
Hopkinton,-,4,Total Votes Cast,2253,U.S. House,2
Hopkinton,-,5,James P. McGovern,1513,U.S. House,2
Hopkinton,-,5,Cornelius Shea,591,U.S. House,2
Hopkinton,-,5,All Others,2,U.S. House,2
Hopkinton,-,5,Blanks,142,U.S. House,2
Hopkinton,-,5,Total Votes Cast,2248,U.S. House,2
Hubbardston,-,1,James P. McGovern,1418,U.S. House,2
Hubbardston,-,1,Cornelius Shea,1390,U.S. House,2
Hubbardston,-,1,All Others,5,U.S. House,2
Hubbardston,-,1,Blanks,164,U.S. House,2
Hubbardston,-,1,Total Votes Cast,2977,U.S. House,2
Hudson,-,1,Lori Loureiro Trahan,1396,U.S. House,3
Hudson,-,1,All Others,25,U.S. House,3
Hudson,-,1,Blanks,443,U.S. House,3
Hudson,-,1,Total Votes Cast,1864,U.S. House,3
Hudson,-,2,Lori Loureiro Trahan,1200,U.S. House,3
Hudson,-,2,All Others,13,U.S. House,3
Hudson,-,2,Blanks,413,U.S. House,3
Hudson,-,2,Total Votes Cast,1626,U.S. House,3
Hudson,-,3,Lori Loureiro Trahan,1425,U.S. House,3
Hudson,-,3,All Others,7,U.S. House,3
Hudson,-,3,Blanks,517,U.S. House,3
Hudson,-,3,Total Votes Cast,1949,U.S. House,3
Hudson,-,4,Lori Loureiro Trahan,1614,U.S. House,3
Hudson,-,4,All Others,20,U.S. House,3
Hudson,-,4,Blanks,652,U.S. House,3
Hudson,-,4,Total Votes Cast,2286,U.S. House,3
Hudson,-,5,Lori Loureiro Trahan,1628,U.S. House,3
Hudson,-,5,All Others,16,U.S. House,3
Hudson,-,5,Blanks,515,U.S. House,3
Hudson,-,5,Total Votes Cast,2159,U.S. House,3
Hudson,-,6,Lori Loureiro Trahan,1147,U.S. House,3
Hudson,-,6,All Others,19,U.S. House,3
Hudson,-,6,Blanks,383,U.S. House,3
Hudson,-,6,Total Votes Cast,1549,U.S. House,3
Hull,-,1,Stephen F. Lynch,1683,U.S. House,8
Hull,-,1,Robert G. Burke,590,U.S. House,8
Hull,-,1,All Others,1,U.S. House,8
Hull,-,1,Blanks,93,U.S. House,8
Hull,-,1,Total Votes Cast,2367,U.S. House,8
Hull,-,2,Stephen F. Lynch,1344,U.S. House,8
Hull,-,2,Robert G. Burke,728,U.S. House,8
Hull,-,2,All Others,2,U.S. House,8
Hull,-,2,Blanks,73,U.S. House,8
Hull,-,2,Total Votes Cast,2147,U.S. House,8
Hull,-,3,Stephen F. Lynch,1645,U.S. House,8
Hull,-,3,Robert G. Burke,682,U.S. House,8
Hull,-,3,All Others,2,U.S. House,8
Hull,-,3,Blanks,75,U.S. House,8
Hull,-,3,Total Votes Cast,2404,U.S. House,8
Huntington,-,1,Richard E. Neal,565,U.S. House,1
Huntington,-,1,Nadia Donya Milleron,603,U.S. House,1
Huntington,-,1,All Others,1,U.S. House,1
Huntington,-,1,Blanks,70,U.S. House,1
Huntington,-,1,Total Votes Cast,1239,U.S. House,1
Ipswich,-,1,Seth W. Moulton,1781,U.S. House,6
Ipswich,-,1,All Others,23,U.S. House,6
Ipswich,-,1,Blanks,424,U.S. House,6
Ipswich,-,1,Total Votes Cast,2228,U.S. House,6
Ipswich,-,2,Seth W. Moulton,1925,U.S. House,6
Ipswich,-,2,All Others,33,U.S. House,6
Ipswich,-,2,Blanks,493,U.S. House,6
Ipswich,-,2,Total Votes Cast,2451,U.S. House,6
Ipswich,-,3,Seth W. Moulton,1863,U.S. House,6
Ipswich,-,3,All Others,29,U.S. House,6
Ipswich,-,3,Blanks,596,U.S. House,6
Ipswich,-,3,Total Votes Cast,2488,U.S. House,6
Ipswich,-,4,Seth W. Moulton,1864,U.S. House,6
Ipswich,-,4,All Others,29,U.S. House,6
Ipswich,-,4,Blanks,573,U.S. House,6
Ipswich,-,4,Total Votes Cast,2466,U.S. House,6
Kingston,-,1,Bill Keating,1087,U.S. House,9
Kingston,-,1,Dan Sullivan,985,U.S. House,9
Kingston,-,1,All Others,0,U.S. House,9
Kingston,-,1,Blanks,91,U.S. House,9
Kingston,-,1,Total Votes Cast,2163,U.S. House,9
Kingston,-,2,Bill Keating,1129,U.S. House,9
Kingston,-,2,Dan Sullivan,1097,U.S. House,9
Kingston,-,2,All Others,2,U.S. House,9
Kingston,-,2,Blanks,85,U.S. House,9
Kingston,-,2,Total Votes Cast,2313,U.S. House,9
Kingston,-,3,Bill Keating,1086,U.S. House,9
Kingston,-,3,Dan Sullivan,1090,U.S. House,9
Kingston,-,3,All Others,1,U.S. House,9
Kingston,-,3,Blanks,83,U.S. House,9
Kingston,-,3,Total Votes Cast,2260,U.S. House,9
Kingston,-,4,Bill Keating,1043,U.S. House,9
Kingston,-,4,Dan Sullivan,912,U.S. House,9
Kingston,-,4,All Others,2,U.S. House,9
Kingston,-,4,Blanks,67,U.S. House,9
Kingston,-,4,Total Votes Cast,2024,U.S. House,9
Lakeville,-,1,Jake Auchincloss,1561,U.S. House,4
Lakeville,-,1,Sana A. Fadel,0,U.S. House,4
Lakeville,-,1,All Others,82,U.S. House,4
Lakeville,-,1,Blanks,902,U.S. House,4
Lakeville,-,1,Total Votes Cast,2545,U.S. House,4
Lakeville,-,2,Jake Auchincloss,1720,U.S. House,4
Lakeville,-,2,Sana A. Fadel,0,U.S. House,4
Lakeville,-,2,All Others,49,U.S. House,4
Lakeville,-,2,Blanks,1029,U.S. House,4
Lakeville,-,2,Total Votes Cast,2798,U.S. House,4
Lakeville,-,3,Jake Auchincloss,1565,U.S. House,4
Lakeville,-,3,Sana A. Fadel,0,U.S. House,4
Lakeville,-,3,All Others,62,U.S. House,4
Lakeville,-,3,Blanks,885,U.S. House,4
Lakeville,-,3,Total Votes Cast,2512,U.S. House,4
Lancaster,-,1,Lori Loureiro Trahan,1310,U.S. House,3
Lancaster,-,1,All Others,29,U.S. House,3
Lancaster,-,1,Blanks,558,U.S. House,3
Lancaster,-,1,Total Votes Cast,1897,U.S. House,3
Lancaster,-,2,Lori Loureiro Trahan,1649,U.S. House,3
Lancaster,-,2,All Others,27,U.S. House,3
Lancaster,-,2,Blanks,702,U.S. House,3
Lancaster,-,2,Total Votes Cast,2378,U.S. House,3
Lanesborough,-,1,Richard E. Neal,1111,U.S. House,1
Lanesborough,-,1,Nadia Donya Milleron,605,U.S. House,1
Lanesborough,-,1,All Others,2,U.S. House,1
Lanesborough,-,1,Blanks,144,U.S. House,1
Lanesborough,-,1,Total Votes Cast,1862,U.S. House,1
Lawrence,A,1,Lori Loureiro Trahan,753,U.S. House,3
Lawrence,A,1,All Others,37,U.S. House,3
Lawrence,A,1,Blanks,166,U.S. House,3
Lawrence,A,1,Total Votes Cast,956,U.S. House,3
Lawrence,A,2,Lori Loureiro Trahan,419,U.S. House,3
Lawrence,A,2,All Others,12,U.S. House,3
Lawrence,A,2,Blanks,141,U.S. House,3
Lawrence,A,2,Total Votes Cast,572,U.S. House,3
Lawrence,A,2A,Lori Loureiro Trahan,105,U.S. House,3
Lawrence,A,2A,All Others,7,U.S. House,3
Lawrence,A,2A,Blanks,27,U.S. House,3
Lawrence,A,2A,Total Votes Cast,139,U.S. House,3
Lawrence,A,3,Lori Loureiro Trahan,569,U.S. House,3
Lawrence,A,3,All Others,42,U.S. House,3
Lawrence,A,3,Blanks,144,U.S. House,3
Lawrence,A,3,Total Votes Cast,755,U.S. House,3
Lawrence,A,4,Lori Loureiro Trahan,796,U.S. House,3
Lawrence,A,4,All Others,25,U.S. House,3
Lawrence,A,4,Blanks,188,U.S. House,3
Lawrence,A,4,Total Votes Cast,1009,U.S. House,3
Lawrence,B,1,Lori Loureiro Trahan,683,U.S. House,3
Lawrence,B,1,All Others,27,U.S. House,3
Lawrence,B,1,Blanks,182,U.S. House,3
Lawrence,B,1,Total Votes Cast,892,U.S. House,3
Lawrence,B,2,Lori Loureiro Trahan,464,U.S. House,3
Lawrence,B,2,All Others,25,U.S. House,3
Lawrence,B,2,Blanks,134,U.S. House,3
Lawrence,B,2,Total Votes Cast,623,U.S. House,3
Lawrence,B,3,Lori Loureiro Trahan,586,U.S. House,3
Lawrence,B,3,All Others,23,U.S. House,3
Lawrence,B,3,Blanks,152,U.S. House,3
Lawrence,B,3,Total Votes Cast,761,U.S. House,3
Lawrence,B,4,Lori Loureiro Trahan,575,U.S. House,3
Lawrence,B,4,All Others,22,U.S. House,3
Lawrence,B,4,Blanks,222,U.S. House,3
Lawrence,B,4,Total Votes Cast,819,U.S. House,3
Lawrence,C,1,Lori Loureiro Trahan,552,U.S. House,3
Lawrence,C,1,All Others,18,U.S. House,3
Lawrence,C,1,Blanks,170,U.S. House,3
Lawrence,C,1,Total Votes Cast,740,U.S. House,3
Lawrence,C,2,Lori Loureiro Trahan,679,U.S. House,3
Lawrence,C,2,All Others,36,U.S. House,3
Lawrence,C,2,Blanks,209,U.S. House,3
Lawrence,C,2,Total Votes Cast,924,U.S. House,3
Lawrence,C,3,Lori Loureiro Trahan,459,U.S. House,3
Lawrence,C,3,All Others,15,U.S. House,3
Lawrence,C,3,Blanks,136,U.S. House,3
Lawrence,C,3,Total Votes Cast,610,U.S. House,3
Lawrence,C,4,Lori Loureiro Trahan,458,U.S. House,3
Lawrence,C,4,All Others,31,U.S. House,3
Lawrence,C,4,Blanks,190,U.S. House,3
Lawrence,C,4,Total Votes Cast,679,U.S. House,3
Lawrence,D,1,Lori Loureiro Trahan,778,U.S. House,3
Lawrence,D,1,All Others,28,U.S. House,3
Lawrence,D,1,Blanks,207,U.S. House,3
Lawrence,D,1,Total Votes Cast,1013,U.S. House,3
Lawrence,D,2,Lori Loureiro Trahan,589,U.S. House,3
Lawrence,D,2,All Others,31,U.S. House,3
Lawrence,D,2,Blanks,196,U.S. House,3
Lawrence,D,2,Total Votes Cast,816,U.S. House,3
Lawrence,D,3,Lori Loureiro Trahan,361,U.S. House,3
Lawrence,D,3,All Others,10,U.S. House,3
Lawrence,D,3,Blanks,132,U.S. House,3
Lawrence,D,3,Total Votes Cast,503,U.S. House,3
Lawrence,D,4,Lori Loureiro Trahan,650,U.S. House,3
Lawrence,D,4,All Others,28,U.S. House,3
Lawrence,D,4,Blanks,142,U.S. House,3
Lawrence,D,4,Total Votes Cast,820,U.S. House,3
Lawrence,E,1,Lori Loureiro Trahan,985,U.S. House,3
Lawrence,E,1,All Others,28,U.S. House,3
Lawrence,E,1,Blanks,314,U.S. House,3
Lawrence,E,1,Total Votes Cast,1327,U.S. House,3
Lawrence,E,1A,Lori Loureiro Trahan,25,U.S. House,3
Lawrence,E,1A,All Others,2,U.S. House,3
Lawrence,E,1A,Blanks,17,U.S. House,3
Lawrence,E,1A,Total Votes Cast,44,U.S. House,3
Lawrence,E,2,Lori Loureiro Trahan,983,U.S. House,3
Lawrence,E,2,All Others,35,U.S. House,3
Lawrence,E,2,Blanks,287,U.S. House,3
Lawrence,E,2,Total Votes Cast,1305,U.S. House,3
Lawrence,E,3,Lori Loureiro Trahan,682,U.S. House,3
Lawrence,E,3,All Others,36,U.S. House,3
Lawrence,E,3,Blanks,194,U.S. House,3
Lawrence,E,3,Total Votes Cast,912,U.S. House,3
Lawrence,E,4,Lori Loureiro Trahan,668,U.S. House,3
Lawrence,E,4,All Others,29,U.S. House,3
Lawrence,E,4,Blanks,177,U.S. House,3
Lawrence,E,4,Total Votes Cast,874,U.S. House,3
Lawrence,F,1,Lori Loureiro Trahan,1005,U.S. House,3
Lawrence,F,1,All Others,44,U.S. House,3
Lawrence,F,1,Blanks,269,U.S. House,3
Lawrence,F,1,Total Votes Cast,1318,U.S. House,3
Lawrence,F,2,Lori Loureiro Trahan,560,U.S. House,3
Lawrence,F,2,All Others,22,U.S. House,3
Lawrence,F,2,Blanks,148,U.S. House,3
Lawrence,F,2,Total Votes Cast,730,U.S. House,3
Lawrence,F,3,Lori Loureiro Trahan,826,U.S. House,3
Lawrence,F,3,All Others,35,U.S. House,3
Lawrence,F,3,Blanks,177,U.S. House,3
Lawrence,F,3,Total Votes Cast,1038,U.S. House,3
Lawrence,F,4,Lori Loureiro Trahan,800,U.S. House,3
Lawrence,F,4,All Others,31,U.S. House,3
Lawrence,F,4,Blanks,211,U.S. House,3
Lawrence,F,4,Total Votes Cast,1042,U.S. House,3
Lee,-,1,Richard E. Neal,1942,U.S. House,1
Lee,-,1,Nadia Donya Milleron,1085,U.S. House,1
Lee,-,1,All Others,4,U.S. House,1
Lee,-,1,Blanks,227,U.S. House,1
Lee,-,1,Total Votes Cast,3258,U.S. House,1
Leicester,-,1,James P. McGovern,855,U.S. House,2
Leicester,-,1,Cornelius Shea,715,U.S. House,2
Leicester,-,1,All Others,6,U.S. House,2
Leicester,-,1,Blanks,80,U.S. House,2
Leicester,-,1,Total Votes Cast,1656,U.S. House,2
Leicester,-,2,James P. McGovern,882,U.S. House,2
Leicester,-,2,Cornelius Shea,592,U.S. House,2
Leicester,-,2,All Others,3,U.S. House,2
Leicester,-,2,Blanks,77,U.S. House,2
Leicester,-,2,Total Votes Cast,1554,U.S. House,2
Leicester,-,3,James P. McGovern,863,U.S. House,2
Leicester,-,3,Cornelius Shea,670,U.S. House,2
Leicester,-,3,All Others,0,U.S. House,2
Leicester,-,3,Blanks,84,U.S. House,2
Leicester,-,3,Total Votes Cast,1617,U.S. House,2
Leicester,-,4,James P. McGovern,839,U.S. House,2
Leicester,-,4,Cornelius Shea,598,U.S. House,2
Leicester,-,4,All Others,1,U.S. House,2
Leicester,-,4,Blanks,83,U.S. House,2
Leicester,-,4,Total Votes Cast,1521,U.S. House,2
Lenox,-,1,Richard E. Neal,2336,U.S. House,1
Lenox,-,1,Nadia Donya Milleron,780,U.S. House,1
Lenox,-,1,All Others,4,U.S. House,1
Lenox,-,1,Blanks,177,U.S. House,1
Lenox,-,1,Total Votes Cast,3297,U.S. House,1
Leominster,1,A,James P. McGovern,972,U.S. House,2
Leominster,1,A,Cornelius Shea,586,U.S. House,2
Leominster,1,A,All Others,1,U.S. House,2
Leominster,1,A,Blanks,160,U.S. House,2
Leominster,1,A,Total Votes Cast,1719,U.S. House,2
Leominster,1,B,James P. McGovern,969,U.S. House,2
Leominster,1,B,Cornelius Shea,521,U.S. House,2
Leominster,1,B,All Others,0,U.S. House,2
Leominster,1,B,Blanks,151,U.S. House,2
Leominster,1,B,Total Votes Cast,1641,U.S. House,2
Leominster,1,C,James P. McGovern,760,U.S. House,2
Leominster,1,C,Cornelius Shea,416,U.S. House,2
Leominster,1,C,All Others,0,U.S. House,2
Leominster,1,C,Blanks,113,U.S. House,2
Leominster,1,C,Total Votes Cast,1289,U.S. House,2
Leominster,2,A,James P. McGovern,643,U.S. House,2
Leominster,2,A,Cornelius Shea,323,U.S. House,2
Leominster,2,A,All Others,0,U.S. House,2
Leominster,2,A,Blanks,88,U.S. House,2
Leominster,2,A,Total Votes Cast,1054,U.S. House,2
Leominster,2,B,James P. McGovern,758,U.S. House,2
Leominster,2,B,Cornelius Shea,418,U.S. House,2
Leominster,2,B,All Others,0,U.S. House,2
Leominster,2,B,Blanks,122,U.S. House,2
Leominster,2,B,Total Votes Cast,1298,U.S. House,2
Leominster,2,C,James P. McGovern,522,U.S. House,2
Leominster,2,C,Cornelius Shea,304,U.S. House,2
Leominster,2,C,All Others,0,U.S. House,2
Leominster,2,C,Blanks,80,U.S. House,2
Leominster,2,C,Total Votes Cast,906,U.S. House,2
Leominster,3,A,James P. McGovern,817,U.S. House,2
Leominster,3,A,Cornelius Shea,410,U.S. House,2
Leominster,3,A,All Others,2,U.S. House,2
Leominster,3,A,Blanks,125,U.S. House,2
Leominster,3,A,Total Votes Cast,1354,U.S. House,2
Leominster,3,B,James P. McGovern,1039,U.S. House,2
Leominster,3,B,Cornelius Shea,529,U.S. House,2
Leominster,3,B,All Others,2,U.S. House,2
Leominster,3,B,Blanks,154,U.S. House,2
Leominster,3,B,Total Votes Cast,1724,U.S. House,2
Leominster,3,C,James P. McGovern,880,U.S. House,2
Leominster,3,C,Cornelius Shea,552,U.S. House,2
Leominster,3,C,All Others,2,U.S. House,2
Leominster,3,C,Blanks,142,U.S. House,2
Leominster,3,C,Total Votes Cast,1576,U.S. House,2
Leominster,4,A,James P. McGovern,999,U.S. House,2
Leominster,4,A,Cornelius Shea,587,U.S. House,2
Leominster,4,A,All Others,1,U.S. House,2
Leominster,4,A,Blanks,173,U.S. House,2
Leominster,4,A,Total Votes Cast,1760,U.S. House,2
Leominster,4,B,James P. McGovern,881,U.S. House,2
Leominster,4,B,Cornelius Shea,589,U.S. House,2
Leominster,4,B,All Others,0,U.S. House,2
Leominster,4,B,Blanks,151,U.S. House,2
Leominster,4,B,Total Votes Cast,1621,U.S. House,2
Leominster,4,C,James P. McGovern,762,U.S. House,2
Leominster,4,C,Cornelius Shea,419,U.S. House,2
Leominster,4,C,All Others,0,U.S. House,2
Leominster,4,C,Blanks,134,U.S. House,2
Leominster,4,C,Total Votes Cast,1315,U.S. House,2
Leominster,5,A,James P. McGovern,744,U.S. House,2
Leominster,5,A,Cornelius Shea,395,U.S. House,2
Leominster,5,A,All Others,1,U.S. House,2
Leominster,5,A,Blanks,110,U.S. House,2
Leominster,5,A,Total Votes Cast,1250,U.S. House,2
Leominster,5,B,James P. McGovern,907,U.S. House,2
Leominster,5,B,Cornelius Shea,479,U.S. House,2
Leominster,5,B,All Others,0,U.S. House,2
Leominster,5,B,Blanks,119,U.S. House,2
Leominster,5,B,Total Votes Cast,1505,U.S. House,2
Leominster,5,C,James P. McGovern,633,U.S. House,2
Leominster,5,C,Cornelius Shea,343,U.S. House,2
Leominster,5,C,All Others,1,U.S. House,2
Leominster,5,C,Blanks,62,U.S. House,2
Leominster,5,C,Total Votes Cast,1039,U.S. House,2
Leverett,-,1,James P. McGovern,1116,U.S. House,2
Leverett,-,1,Cornelius Shea,152,U.S. House,2
Leverett,-,1,All Others,3,U.S. House,2
Leverett,-,1,Blanks,39,U.S. House,2
Leverett,-,1,Total Votes Cast,1310,U.S. House,2
Lexington,-,1,Katherine M. Clark,1525,U.S. House,5
Lexington,-,1,All Others,20,U.S. House,5
Lexington,-,1,Blanks,401,U.S. House,5
Lexington,-,1,Total Votes Cast,1946,U.S. House,5
Lexington,-,2,Katherine M. Clark,1842,U.S. House,5
Lexington,-,2,All Others,32,U.S. House,5
Lexington,-,2,Blanks,384,U.S. House,5
Lexington,-,2,Total Votes Cast,2258,U.S. House,5
Lexington,-,3,Katherine M. Clark,1430,U.S. House,5
Lexington,-,3,All Others,10,U.S. House,5
Lexington,-,3,Blanks,306,U.S. House,5
Lexington,-,3,Total Votes Cast,1746,U.S. House,5
Lexington,-,4,Katherine M. Clark,1679,U.S. House,5
Lexington,-,4,All Others,15,U.S. House,5
Lexington,-,4,Blanks,398,U.S. House,5
Lexington,-,4,Total Votes Cast,2092,U.S. House,5
Lexington,-,5,Katherine M. Clark,1597,U.S. House,5
Lexington,-,5,All Others,22,U.S. House,5
Lexington,-,5,Blanks,460,U.S. House,5
Lexington,-,5,Total Votes Cast,2079,U.S. House,5
Lexington,-,6,Katherine M. Clark,1714,U.S. House,5
Lexington,-,6,All Others,30,U.S. House,5
Lexington,-,6,Blanks,445,U.S. House,5
Lexington,-,6,Total Votes Cast,2189,U.S. House,5
Lexington,-,7,Katherine M. Clark,1610,U.S. House,5
Lexington,-,7,All Others,22,U.S. House,5
Lexington,-,7,Blanks,442,U.S. House,5
Lexington,-,7,Total Votes Cast,2074,U.S. House,5
Lexington,-,8,Katherine M. Clark,1605,U.S. House,5
Lexington,-,8,All Others,21,U.S. House,5
Lexington,-,8,Blanks,393,U.S. House,5
Lexington,-,8,Total Votes Cast,2019,U.S. House,5
Lexington,-,9,Katherine M. Clark,1756,U.S. House,5
Lexington,-,9,All Others,20,U.S. House,5
Lexington,-,9,Blanks,424,U.S. House,5
Lexington,-,9,Total Votes Cast,2200,U.S. House,5
Leyden,-,1,James P. McGovern,333,U.S. House,2
Leyden,-,1,Cornelius Shea,147,U.S. House,2
Leyden,-,1,All Others,0,U.S. House,2
Leyden,-,1,Blanks,16,U.S. House,2
Leyden,-,1,Total Votes Cast,496,U.S. House,2
Lincoln,-,1,Katherine M. Clark,2044,U.S. House,5
Lincoln,-,1,All Others,19,U.S. House,5
Lincoln,-,1,Blanks,401,U.S. House,5
Lincoln,-,1,Total Votes Cast,2464,U.S. House,5
Lincoln,-,2,Katherine M. Clark,1238,U.S. House,5
Lincoln,-,2,All Others,23,U.S. House,5
Lincoln,-,2,Blanks,322,U.S. House,5
Lincoln,-,2,Total Votes Cast,1583,U.S. House,5
Littleton,-,1,Lori Loureiro Trahan,1683,U.S. House,3
Littleton,-,1,All Others,0,U.S. House,3
Littleton,-,1,Blanks,552,U.S. House,3
Littleton,-,1,Total Votes Cast,2235,U.S. House,3
Littleton,-,2,Lori Loureiro Trahan,1585,U.S. House,3
Littleton,-,2,All Others,0,U.S. House,3
Littleton,-,2,Blanks,574,U.S. House,3
Littleton,-,2,Total Votes Cast,2159,U.S. House,3
Littleton,-,3,Lori Loureiro Trahan,1697,U.S. House,3
Littleton,-,3,All Others,0,U.S. House,3
Littleton,-,3,Blanks,495,U.S. House,3
Littleton,-,3,Total Votes Cast,2192,U.S. House,3
Longmeadow,-,A,Richard E. Neal,1357,U.S. House,1
Longmeadow,-,A,Nadia Donya Milleron,547,U.S. House,1
Longmeadow,-,A,All Others,7,U.S. House,1
Longmeadow,-,A,Blanks,117,U.S. House,1
Longmeadow,-,A,Total Votes Cast,2028,U.S. House,1
Longmeadow,-,B,Richard E. Neal,1216,U.S. House,1
Longmeadow,-,B,Nadia Donya Milleron,531,U.S. House,1
Longmeadow,-,B,All Others,15,U.S. House,1
Longmeadow,-,B,Blanks,90,U.S. House,1
Longmeadow,-,B,Total Votes Cast,1852,U.S. House,1
Longmeadow,-,C,Richard E. Neal,1285,U.S. House,1
Longmeadow,-,C,Nadia Donya Milleron,622,U.S. House,1
Longmeadow,-,C,All Others,9,U.S. House,1
Longmeadow,-,C,Blanks,149,U.S. House,1
Longmeadow,-,C,Total Votes Cast,2065,U.S. House,1
Longmeadow,-,D,Richard E. Neal,1284,U.S. House,1
Longmeadow,-,D,Nadia Donya Milleron,582,U.S. House,1
Longmeadow,-,D,All Others,4,U.S. House,1
Longmeadow,-,D,Blanks,138,U.S. House,1
Longmeadow,-,D,Total Votes Cast,2008,U.S. House,1
Longmeadow,-,E,Richard E. Neal,1281,U.S. House,1
Longmeadow,-,E,Nadia Donya Milleron,491,U.S. House,1
Longmeadow,-,E,All Others,5,U.S. House,1
Longmeadow,-,E,Blanks,112,U.S. House,1
Longmeadow,-,E,Total Votes Cast,1889,U.S. House,1
Lowell,1,1,Lori Loureiro Trahan,730,U.S. House,3
Lowell,1,1,All Others,47,U.S. House,3
Lowell,1,1,Blanks,216,U.S. House,3
Lowell,1,1,Total Votes Cast,993,U.S. House,3
Lowell,1,1A,Lori Loureiro Trahan,0,U.S. House,3
Lowell,1,1A,All Others,0,U.S. House,3
Lowell,1,1A,Blanks,0,U.S. House,3
Lowell,1,1A,Total Votes Cast,0,U.S. House,3
Lowell,1,2,Lori Loureiro Trahan,966,U.S. House,3
Lowell,1,2,All Others,59,U.S. House,3
Lowell,1,2,Blanks,317,U.S. House,3
Lowell,1,2,Total Votes Cast,1342,U.S. House,3
Lowell,1,3,Lori Loureiro Trahan,1610,U.S. House,3
Lowell,1,3,All Others,65,U.S. House,3
Lowell,1,3,Blanks,455,U.S. House,3
Lowell,1,3,Total Votes Cast,2130,U.S. House,3
Lowell,1,4,Lori Loureiro Trahan,722,U.S. House,3
Lowell,1,4,All Others,65,U.S. House,3
Lowell,1,4,Blanks,226,U.S. House,3
Lowell,1,4,Total Votes Cast,1013,U.S. House,3
Lowell,2,1,Lori Loureiro Trahan,726,U.S. House,3
Lowell,2,1,All Others,37,U.S. House,3
Lowell,2,1,Blanks,189,U.S. House,3
Lowell,2,1,Total Votes Cast,952,U.S. House,3
Lowell,2,2,Lori Loureiro Trahan,733,U.S. House,3
Lowell,2,2,All Others,30,U.S. House,3
Lowell,2,2,Blanks,209,U.S. House,3
Lowell,2,2,Total Votes Cast,972,U.S. House,3
Lowell,2,3,Lori Loureiro Trahan,952,U.S. House,3
Lowell,2,3,All Others,58,U.S. House,3
Lowell,2,3,Blanks,214,U.S. House,3
Lowell,2,3,Total Votes Cast,1224,U.S. House,3
Lowell,2,4,Lori Loureiro Trahan,852,U.S. House,3
Lowell,2,4,All Others,54,U.S. House,3
Lowell,2,4,Blanks,240,U.S. House,3
Lowell,2,4,Total Votes Cast,1146,U.S. House,3
Lowell,3,1,Lori Loureiro Trahan,758,U.S. House,3
Lowell,3,1,All Others,32,U.S. House,3
Lowell,3,1,Blanks,205,U.S. House,3
Lowell,3,1,Total Votes Cast,995,U.S. House,3
Lowell,3,2,Lori Loureiro Trahan,1642,U.S. House,3
Lowell,3,2,All Others,68,U.S. House,3
Lowell,3,2,Blanks,542,U.S. House,3
Lowell,3,2,Total Votes Cast,2252,U.S. House,3
Lowell,3,3,Lori Loureiro Trahan,1306,U.S. House,3
Lowell,3,3,All Others,68,U.S. House,3
Lowell,3,3,Blanks,406,U.S. House,3
Lowell,3,3,Total Votes Cast,1780,U.S. House,3
Lowell,3,4,Lori Loureiro Trahan,911,U.S. House,3
Lowell,3,4,All Others,56,U.S. House,3
Lowell,3,4,Blanks,241,U.S. House,3
Lowell,3,4,Total Votes Cast,1208,U.S. House,3
Lowell,4,1,Lori Loureiro Trahan,571,U.S. House,3
Lowell,4,1,All Others,42,U.S. House,3
Lowell,4,1,Blanks,126,U.S. House,3
Lowell,4,1,Total Votes Cast,739,U.S. House,3
Lowell,4,2,Lori Loureiro Trahan,1068,U.S. House,3
Lowell,4,2,All Others,74,U.S. House,3
Lowell,4,2,Blanks,248,U.S. House,3
Lowell,4,2,Total Votes Cast,1390,U.S. House,3
Lowell,4,3,Lori Loureiro Trahan,308,U.S. House,3
Lowell,4,3,All Others,6,U.S. House,3
Lowell,4,3,Blanks,62,U.S. House,3
Lowell,4,3,Total Votes Cast,376,U.S. House,3
Lowell,4,3A,Lori Loureiro Trahan,202,U.S. House,3
Lowell,4,3A,All Others,9,U.S. House,3
Lowell,4,3A,Blanks,24,U.S. House,3
Lowell,4,3A,Total Votes Cast,235,U.S. House,3
Lowell,4,4,Lori Loureiro Trahan,613,U.S. House,3
Lowell,4,4,All Others,30,U.S. House,3
Lowell,4,4,Blanks,181,U.S. House,3
Lowell,4,4,Total Votes Cast,824,U.S. House,3
Lowell,4,4A,Lori Loureiro Trahan,6,U.S. House,3
Lowell,4,4A,All Others,0,U.S. House,3
Lowell,4,4A,Blanks,1,U.S. House,3
Lowell,4,4A,Total Votes Cast,7,U.S. House,3
Lowell,5,1,Lori Loureiro Trahan,817,U.S. House,3
Lowell,5,1,All Others,39,U.S. House,3
Lowell,5,1,Blanks,227,U.S. House,3
Lowell,5,1,Total Votes Cast,1083,U.S. House,3
Lowell,5,1A,Lori Loureiro Trahan,199,U.S. House,3
Lowell,5,1A,All Others,9,U.S. House,3
Lowell,5,1A,Blanks,43,U.S. House,3
Lowell,5,1A,Total Votes Cast,251,U.S. House,3
Lowell,5,2,Lori Loureiro Trahan,723,U.S. House,3
Lowell,5,2,All Others,42,U.S. House,3
Lowell,5,2,Blanks,233,U.S. House,3
Lowell,5,2,Total Votes Cast,998,U.S. House,3
Lowell,5,3,Lori Loureiro Trahan,533,U.S. House,3
Lowell,5,3,All Others,41,U.S. House,3
Lowell,5,3,Blanks,150,U.S. House,3
Lowell,5,3,Total Votes Cast,724,U.S. House,3
Lowell,5,4,Lori Loureiro Trahan,938,U.S. House,3
Lowell,5,4,All Others,59,U.S. House,3
Lowell,5,4,Blanks,269,U.S. House,3
Lowell,5,4,Total Votes Cast,1266,U.S. House,3
Lowell,6,1,Lori Loureiro Trahan,740,U.S. House,3
Lowell,6,1,All Others,38,U.S. House,3
Lowell,6,1,Blanks,247,U.S. House,3
Lowell,6,1,Total Votes Cast,1025,U.S. House,3
Lowell,6,2,Lori Loureiro Trahan,479,U.S. House,3
Lowell,6,2,All Others,17,U.S. House,3
Lowell,6,2,Blanks,211,U.S. House,3
Lowell,6,2,Total Votes Cast,707,U.S. House,3
Lowell,6,3,Lori Loureiro Trahan,379,U.S. House,3
Lowell,6,3,All Others,22,U.S. House,3
Lowell,6,3,Blanks,121,U.S. House,3
Lowell,6,3,Total Votes Cast,522,U.S. House,3
Lowell,6,3A,Lori Loureiro Trahan,83,U.S. House,3
Lowell,6,3A,All Others,0,U.S. House,3
Lowell,6,3A,Blanks,58,U.S. House,3
Lowell,6,3A,Total Votes Cast,141,U.S. House,3
Lowell,6,4,Lori Loureiro Trahan,506,U.S. House,3
Lowell,6,4,All Others,23,U.S. House,3
Lowell,6,4,Blanks,140,U.S. House,3
Lowell,6,4,Total Votes Cast,669,U.S. House,3
Lowell,6,4A,Lori Loureiro Trahan,205,U.S. House,3
Lowell,6,4A,All Others,11,U.S. House,3
Lowell,6,4A,Blanks,64,U.S. House,3
Lowell,6,4A,Total Votes Cast,280,U.S. House,3
Lowell,7,1,Lori Loureiro Trahan,564,U.S. House,3
Lowell,7,1,All Others,26,U.S. House,3
Lowell,7,1,Blanks,172,U.S. House,3
Lowell,7,1,Total Votes Cast,762,U.S. House,3
Lowell,7,2,Lori Loureiro Trahan,573,U.S. House,3
Lowell,7,2,All Others,41,U.S. House,3
Lowell,7,2,Blanks,199,U.S. House,3
Lowell,7,2,Total Votes Cast,813,U.S. House,3
Lowell,7,3,Lori Loureiro Trahan,625,U.S. House,3
Lowell,7,3,All Others,29,U.S. House,3
Lowell,7,3,Blanks,222,U.S. House,3
Lowell,7,3,Total Votes Cast,876,U.S. House,3
Lowell,7,4,Lori Loureiro Trahan,438,U.S. House,3
Lowell,7,4,All Others,22,U.S. House,3
Lowell,7,4,Blanks,135,U.S. House,3
Lowell,7,4,Total Votes Cast,595,U.S. House,3
Lowell,8,1,Lori Loureiro Trahan,786,U.S. House,3
Lowell,8,1,All Others,41,U.S. House,3
Lowell,8,1,Blanks,237,U.S. House,3
Lowell,8,1,Total Votes Cast,1064,U.S. House,3
Lowell,8,2,Lori Loureiro Trahan,761,U.S. House,3
Lowell,8,2,All Others,29,U.S. House,3
Lowell,8,2,Blanks,205,U.S. House,3
Lowell,8,2,Total Votes Cast,995,U.S. House,3
Lowell,8,3,Lori Loureiro Trahan,1222,U.S. House,3
Lowell,8,3,All Others,51,U.S. House,3
Lowell,8,3,Blanks,416,U.S. House,3
Lowell,8,3,Total Votes Cast,1689,U.S. House,3
Lowell,8,4,Lori Loureiro Trahan,950,U.S. House,3
Lowell,8,4,All Others,56,U.S. House,3
Lowell,8,4,Blanks,302,U.S. House,3
Lowell,8,4,Total Votes Cast,1308,U.S. House,3
Lowell,8,4A,Lori Loureiro Trahan,37,U.S. House,3
Lowell,8,4A,All Others,3,U.S. House,3
Lowell,8,4A,Blanks,6,U.S. House,3
Lowell,8,4A,Total Votes Cast,46,U.S. House,3
Ludlow,-,1,Richard E. Neal,1074,U.S. House,1
Ludlow,-,1,Nadia Donya Milleron,756,U.S. House,1
Ludlow,-,1,All Others,3,U.S. House,1
Ludlow,-,1,Blanks,128,U.S. House,1
Ludlow,-,1,Total Votes Cast,1961,U.S. House,1
Ludlow,-,2,Richard E. Neal,835,U.S. House,1
Ludlow,-,2,Nadia Donya Milleron,467,U.S. House,1
Ludlow,-,2,All Others,3,U.S. House,1
Ludlow,-,2,Blanks,119,U.S. House,1
Ludlow,-,2,Total Votes Cast,1424,U.S. House,1
Ludlow,-,3,Richard E. Neal,1157,U.S. House,1
Ludlow,-,3,Nadia Donya Milleron,1021,U.S. House,1
Ludlow,-,3,All Others,1,U.S. House,1
Ludlow,-,3,Blanks,153,U.S. House,1
Ludlow,-,3,Total Votes Cast,2332,U.S. House,1
Ludlow,-,4,Richard E. Neal,1030,U.S. House,1
Ludlow,-,4,Nadia Donya Milleron,679,U.S. House,1
Ludlow,-,4,All Others,0,U.S. House,1
Ludlow,-,4,Blanks,157,U.S. House,1
Ludlow,-,4,Total Votes Cast,1866,U.S. House,1
Ludlow,-,5,Richard E. Neal,817,U.S. House,1
Ludlow,-,5,Nadia Donya Milleron,605,U.S. House,1
Ludlow,-,5,All Others,2,U.S. House,1
Ludlow,-,5,Blanks,96,U.S. House,1
Ludlow,-,5,Total Votes Cast,1520,U.S. House,1
Ludlow,-,6,Richard E. Neal,1170,U.S. House,1
Ludlow,-,6,Nadia Donya Milleron,855,U.S. House,1
Ludlow,-,6,All Others,7,U.S. House,1
Ludlow,-,6,Blanks,150,U.S. House,1
Ludlow,-,6,Total Votes Cast,2182,U.S. House,1
Lunenburg,-,A,Lori Loureiro Trahan,1305,U.S. House,3
Lunenburg,-,A,All Others,21,U.S. House,3
Lunenburg,-,A,Blanks,487,U.S. House,3
Lunenburg,-,A,Total Votes Cast,1813,U.S. House,3
Lunenburg,-,B,Lori Loureiro Trahan,1241,U.S. House,3
Lunenburg,-,B,All Others,18,U.S. House,3
Lunenburg,-,B,Blanks,485,U.S. House,3
Lunenburg,-,B,Total Votes Cast,1744,U.S. House,3
Lunenburg,-,B1,Lori Loureiro Trahan,46,U.S. House,3
Lunenburg,-,B1,All Others,2,U.S. House,3
Lunenburg,-,B1,Blanks,33,U.S. House,3
Lunenburg,-,B1,Total Votes Cast,81,U.S. House,3
Lunenburg,-,C,Lori Loureiro Trahan,1174,U.S. House,3
Lunenburg,-,C,All Others,19,U.S. House,3
Lunenburg,-,C,Blanks,532,U.S. House,3
Lunenburg,-,C,Total Votes Cast,1725,U.S. House,3
Lunenburg,-,C1,Lori Loureiro Trahan,11,U.S. House,3
Lunenburg,-,C1,All Others,0,U.S. House,3
Lunenburg,-,C1,Blanks,2,U.S. House,3
Lunenburg,-,C1,Total Votes Cast,13,U.S. House,3
Lunenburg,-,D,Lori Loureiro Trahan,1366,U.S. House,3
Lunenburg,-,D,All Others,28,U.S. House,3
Lunenburg,-,D,Blanks,571,U.S. House,3
Lunenburg,-,D,Total Votes Cast,1965,U.S. House,3
Lynn,1,1,Seth W. Moulton,1536,U.S. House,6
Lynn,1,1,All Others,67,U.S. House,6
Lynn,1,1,Blanks,606,U.S. House,6
Lynn,1,1,Total Votes Cast,2209,U.S. House,6
Lynn,1,2,Seth W. Moulton,1137,U.S. House,6
Lynn,1,2,All Others,47,U.S. House,6
Lynn,1,2,Blanks,461,U.S. House,6
Lynn,1,2,Total Votes Cast,1645,U.S. House,6
Lynn,1,2A,Seth W. Moulton,265,U.S. House,6
Lynn,1,2A,All Others,9,U.S. House,6
Lynn,1,2A,Blanks,81,U.S. House,6
Lynn,1,2A,Total Votes Cast,355,U.S. House,6
Lynn,1,3,Seth W. Moulton,1304,U.S. House,6
Lynn,1,3,All Others,57,U.S. House,6
Lynn,1,3,Blanks,369,U.S. House,6
Lynn,1,3,Total Votes Cast,1730,U.S. House,6
Lynn,1,4,Seth W. Moulton,1083,U.S. House,6
Lynn,1,4,All Others,54,U.S. House,6
Lynn,1,4,Blanks,245,U.S. House,6
Lynn,1,4,Total Votes Cast,1382,U.S. House,6
Lynn,2,1,Seth W. Moulton,1370,U.S. House,6
Lynn,2,1,All Others,47,U.S. House,6
Lynn,2,1,Blanks,436,U.S. House,6
Lynn,2,1,Total Votes Cast,1853,U.S. House,6
Lynn,2,2,Seth W. Moulton,888,U.S. House,6
Lynn,2,2,All Others,30,U.S. House,6
Lynn,2,2,Blanks,186,U.S. House,6
Lynn,2,2,Total Votes Cast,1104,U.S. House,6
Lynn,2,3,Seth W. Moulton,624,U.S. House,6
Lynn,2,3,All Others,25,U.S. House,6
Lynn,2,3,Blanks,132,U.S. House,6
Lynn,2,3,Total Votes Cast,781,U.S. House,6
Lynn,2,4,Seth W. Moulton,588,U.S. House,6
Lynn,2,4,All Others,21,U.S. House,6
Lynn,2,4,Blanks,125,U.S. House,6
Lynn,2,4,Total Votes Cast,734,U.S. House,6
Lynn,3,1,Seth W. Moulton,984,U.S. House,6
Lynn,3,1,All Others,49,U.S. House,6
Lynn,3,1,Blanks,261,U.S. House,6
Lynn,3,1,Total Votes Cast,1294,U.S. House,6
Lynn,3,2,Seth W. Moulton,723,U.S. House,6
Lynn,3,2,All Others,41,U.S. House,6
Lynn,3,2,Blanks,124,U.S. House,6
Lynn,3,2,Total Votes Cast,888,U.S. House,6
Lynn,3,3,Seth W. Moulton,984,U.S. House,6
Lynn,3,3,All Others,49,U.S. House,6
Lynn,3,3,Blanks,219,U.S. House,6
Lynn,3,3,Total Votes Cast,1252,U.S. House,6
Lynn,3,4,Seth W. Moulton,995,U.S. House,6
Lynn,3,4,All Others,41,U.S. House,6
Lynn,3,4,Blanks,221,U.S. House,6
Lynn,3,4,Total Votes Cast,1257,U.S. House,6
Lynn,4,1,Seth W. Moulton,462,U.S. House,6
Lynn,4,1,All Others,24,U.S. House,6
Lynn,4,1,Blanks,98,U.S. House,6
Lynn,4,1,Total Votes Cast,584,U.S. House,6
Lynn,4,2,Seth W. Moulton,513,U.S. House,6
Lynn,4,2,All Others,13,U.S. House,6
Lynn,4,2,Blanks,98,U.S. House,6
Lynn,4,2,Total Votes Cast,624,U.S. House,6
Lynn,4,3,Seth W. Moulton,637,U.S. House,6
Lynn,4,3,All Others,35,U.S. House,6
Lynn,4,3,Blanks,167,U.S. House,6
Lynn,4,3,Total Votes Cast,839,U.S. House,6
Lynn,4,3A,Seth W. Moulton,139,U.S. House,6
Lynn,4,3A,All Others,14,U.S. House,6
Lynn,4,3A,Blanks,28,U.S. House,6
Lynn,4,3A,Total Votes Cast,181,U.S. House,6
Lynn,4,4,Seth W. Moulton,846,U.S. House,6
Lynn,4,4,All Others,37,U.S. House,6
Lynn,4,4,Blanks,220,U.S. House,6
Lynn,4,4,Total Votes Cast,1103,U.S. House,6
Lynn,5,1,Seth W. Moulton,976,U.S. House,6
Lynn,5,1,All Others,54,U.S. House,6
Lynn,5,1,Blanks,256,U.S. House,6
Lynn,5,1,Total Votes Cast,1286,U.S. House,6
Lynn,5,2,Seth W. Moulton,536,U.S. House,6
Lynn,5,2,All Others,18,U.S. House,6
Lynn,5,2,Blanks,115,U.S. House,6
Lynn,5,2,Total Votes Cast,669,U.S. House,6
Lynn,5,3,Seth W. Moulton,464,U.S. House,6
Lynn,5,3,All Others,15,U.S. House,6
Lynn,5,3,Blanks,116,U.S. House,6
Lynn,5,3,Total Votes Cast,595,U.S. House,6
Lynn,5,4,Seth W. Moulton,920,U.S. House,6
Lynn,5,4,All Others,31,U.S. House,6
Lynn,5,4,Blanks,276,U.S. House,6
Lynn,5,4,Total Votes Cast,1227,U.S. House,6
Lynn,6,1,Seth W. Moulton,647,U.S. House,6
Lynn,6,1,All Others,32,U.S. House,6
Lynn,6,1,Blanks,153,U.S. House,6
Lynn,6,1,Total Votes Cast,832,U.S. House,6
Lynn,6,2,Seth W. Moulton,512,U.S. House,6
Lynn,6,2,All Others,28,U.S. House,6
Lynn,6,2,Blanks,125,U.S. House,6
Lynn,6,2,Total Votes Cast,665,U.S. House,6
Lynn,6,3,Seth W. Moulton,553,U.S. House,6
Lynn,6,3,All Others,22,U.S. House,6
Lynn,6,3,Blanks,141,U.S. House,6
Lynn,6,3,Total Votes Cast,716,U.S. House,6
Lynn,6,4,Seth W. Moulton,802,U.S. House,6
Lynn,6,4,All Others,32,U.S. House,6
Lynn,6,4,Blanks,246,U.S. House,6
Lynn,6,4,Total Votes Cast,1080,U.S. House,6
Lynn,7,1,Seth W. Moulton,1152,U.S. House,6
Lynn,7,1,All Others,60,U.S. House,6
Lynn,7,1,Blanks,343,U.S. House,6
Lynn,7,1,Total Votes Cast,1555,U.S. House,6
Lynn,7,2,Seth W. Moulton,1181,U.S. House,6
Lynn,7,2,All Others,61,U.S. House,6
Lynn,7,2,Blanks,288,U.S. House,6
Lynn,7,2,Total Votes Cast,1530,U.S. House,6
Lynn,7,3,Seth W. Moulton,767,U.S. House,6
Lynn,7,3,All Others,35,U.S. House,6
Lynn,7,3,Blanks,159,U.S. House,6
Lynn,7,3,Total Votes Cast,961,U.S. House,6
Lynn,7,4,Seth W. Moulton,868,U.S. House,6
Lynn,7,4,All Others,47,U.S. House,6
Lynn,7,4,Blanks,201,U.S. House,6
Lynn,7,4,Total Votes Cast,1116,U.S. House,6
Lynnfield,-,1,Seth W. Moulton,1349,U.S. House,6
Lynnfield,-,1,All Others,0,U.S. House,6
Lynnfield,-,1,Blanks,642,U.S. House,6
Lynnfield,-,1,Total Votes Cast,1991,U.S. House,6
Lynnfield,-,2,Seth W. Moulton,1425,U.S. House,6
Lynnfield,-,2,All Others,0,U.S. House,6
Lynnfield,-,2,Blanks,636,U.S. House,6
Lynnfield,-,2,Total Votes Cast,2061,U.S. House,6
Lynnfield,-,3,Seth W. Moulton,1362,U.S. House,6
Lynnfield,-,3,All Others,0,U.S. House,6
Lynnfield,-,3,Blanks,649,U.S. House,6
Lynnfield,-,3,Total Votes Cast,2011,U.S. House,6
Lynnfield,-,4,Seth W. Moulton,1351,U.S. House,6
Lynnfield,-,4,All Others,0,U.S. House,6
Lynnfield,-,4,Blanks,753,U.S. House,6
Lynnfield,-,4,Total Votes Cast,2104,U.S. House,6
Malden,1,1,Katherine M. Clark,602,U.S. House,5
Malden,1,1,All Others,12,U.S. House,5
Malden,1,1,Blanks,158,U.S. House,5
Malden,1,1,Total Votes Cast,772,U.S. House,5
Malden,1,2,Katherine M. Clark,661,U.S. House,5
Malden,1,2,All Others,18,U.S. House,5
Malden,1,2,Blanks,212,U.S. House,5
Malden,1,2,Total Votes Cast,891,U.S. House,5
Malden,1,3,Katherine M. Clark,689,U.S. House,5
Malden,1,3,All Others,27,U.S. House,5
Malden,1,3,Blanks,213,U.S. House,5
Malden,1,3,Total Votes Cast,929,U.S. House,5
Malden,2,1,Katherine M. Clark,590,U.S. House,5
Malden,2,1,All Others,25,U.S. House,5
Malden,2,1,Blanks,132,U.S. House,5
Malden,2,1,Total Votes Cast,747,U.S. House,5
Malden,2,2,Katherine M. Clark,609,U.S. House,5
Malden,2,2,All Others,32,U.S. House,5
Malden,2,2,Blanks,223,U.S. House,5
Malden,2,2,Total Votes Cast,864,U.S. House,5
Malden,2,3,Katherine M. Clark,751,U.S. House,5
Malden,2,3,All Others,23,U.S. House,5
Malden,2,3,Blanks,244,U.S. House,5
Malden,2,3,Total Votes Cast,1018,U.S. House,5
Malden,3,1,Katherine M. Clark,431,U.S. House,5
Malden,3,1,All Others,15,U.S. House,5
Malden,3,1,Blanks,143,U.S. House,5
Malden,3,1,Total Votes Cast,589,U.S. House,5
Malden,3,1A,Katherine M. Clark,516,U.S. House,5
Malden,3,1A,All Others,15,U.S. House,5
Malden,3,1A,Blanks,185,U.S. House,5
Malden,3,1A,Total Votes Cast,716,U.S. House,5
Malden,3,2,Katherine M. Clark,763,U.S. House,5
Malden,3,2,All Others,23,U.S. House,5
Malden,3,2,Blanks,191,U.S. House,5
Malden,3,2,Total Votes Cast,977,U.S. House,5
Malden,3,3,Katherine M. Clark,880,U.S. House,5
Malden,3,3,All Others,27,U.S. House,5
Malden,3,3,Blanks,232,U.S. House,5
Malden,3,3,Total Votes Cast,1139,U.S. House,5
Malden,4,1,Katherine M. Clark,716,U.S. House,5
Malden,4,1,All Others,17,U.S. House,5
Malden,4,1,Blanks,161,U.S. House,5
Malden,4,1,Total Votes Cast,894,U.S. House,5
Malden,4,2,Katherine M. Clark,488,U.S. House,5
Malden,4,2,All Others,11,U.S. House,5
Malden,4,2,Blanks,105,U.S. House,5
Malden,4,2,Total Votes Cast,604,U.S. House,5
Malden,4,3,Katherine M. Clark,671,U.S. House,5
Malden,4,3,All Others,19,U.S. House,5
Malden,4,3,Blanks,160,U.S. House,5
Malden,4,3,Total Votes Cast,850,U.S. House,5
Malden,5,1,Katherine M. Clark,725,U.S. House,5
Malden,5,1,All Others,20,U.S. House,5
Malden,5,1,Blanks,210,U.S. House,5
Malden,5,1,Total Votes Cast,955,U.S. House,5
Malden,5,2,Katherine M. Clark,1027,U.S. House,5
Malden,5,2,All Others,35,U.S. House,5
Malden,5,2,Blanks,290,U.S. House,5
Malden,5,2,Total Votes Cast,1352,U.S. House,5
Malden,5,3,Katherine M. Clark,374,U.S. House,5
Malden,5,3,All Others,15,U.S. House,5
Malden,5,3,Blanks,108,U.S. House,5
Malden,5,3,Total Votes Cast,497,U.S. House,5
Malden,5,3A,Katherine M. Clark,423,U.S. House,5
Malden,5,3A,All Others,9,U.S. House,5
Malden,5,3A,Blanks,119,U.S. House,5
Malden,5,3A,Total Votes Cast,551,U.S. House,5
Malden,6,1,Katherine M. Clark,947,U.S. House,5
Malden,6,1,All Others,41,U.S. House,5
Malden,6,1,Blanks,295,U.S. House,5
Malden,6,1,Total Votes Cast,1283,U.S. House,5
Malden,6,2,Katherine M. Clark,728,U.S. House,5
Malden,6,2,All Others,26,U.S. House,5
Malden,6,2,Blanks,189,U.S. House,5
Malden,6,2,Total Votes Cast,943,U.S. House,5
Malden,6,3,Katherine M. Clark,741,U.S. House,5
Malden,6,3,All Others,45,U.S. House,5
Malden,6,3,Blanks,226,U.S. House,5
Malden,6,3,Total Votes Cast,1012,U.S. House,5
Malden,7,1,Katherine M. Clark,618,U.S. House,5
Malden,7,1,All Others,24,U.S. House,5
Malden,7,1,Blanks,137,U.S. House,5
Malden,7,1,Total Votes Cast,779,U.S. House,5
Malden,7,2,Katherine M. Clark,651,U.S. House,5
Malden,7,2,All Others,21,U.S. House,5
Malden,7,2,Blanks,180,U.S. House,5
Malden,7,2,Total Votes Cast,852,U.S. House,5
Malden,7,3,Katherine M. Clark,358,U.S. House,5
Malden,7,3,All Others,13,U.S. House,5
Malden,7,3,Blanks,127,U.S. House,5
Malden,7,3,Total Votes Cast,498,U.S. House,5
Malden,7,3A,Katherine M. Clark,266,U.S. House,5
Malden,7,3A,All Others,10,U.S. House,5
Malden,7,3A,Blanks,86,U.S. House,5
Malden,7,3A,Total Votes Cast,362,U.S. House,5
Malden,8,1,Katherine M. Clark,799,U.S. House,5
Malden,8,1,All Others,29,U.S. House,5
Malden,8,1,Blanks,271,U.S. House,5
Malden,8,1,Total Votes Cast,1099,U.S. House,5
Malden,8,2,Katherine M. Clark,730,U.S. House,5
Malden,8,2,All Others,33,U.S. House,5
Malden,8,2,Blanks,197,U.S. House,5
Malden,8,2,Total Votes Cast,960,U.S. House,5
Malden,8,3,Katherine M. Clark,556,U.S. House,5
Malden,8,3,All Others,21,U.S. House,5
Malden,8,3,Blanks,165,U.S. House,5
Malden,8,3,Total Votes Cast,742,U.S. House,5
Manchester-by-the-Sea,-,1,Seth W. Moulton,2897,U.S. House,6
Manchester-by-the-Sea,-,1,All Others,23,U.S. House,6
Manchester-by-the-Sea,-,1,Blanks,762,U.S. House,6
Manchester-by-the-Sea,-,1,Total Votes Cast,3682,U.S. House,6
Mansfield,-,1,Jake Auchincloss,1458,U.S. House,4
Mansfield,-,1,Sana A. Fadel,1,U.S. House,4
Mansfield,-,1,All Others,43,U.S. House,4
Mansfield,-,1,Blanks,663,U.S. House,4
Mansfield,-,1,Total Votes Cast,2165,U.S. House,4
Mansfield,-,2,Jake Auchincloss,1081,U.S. House,4
Mansfield,-,2,Sana A. Fadel,7,U.S. House,4
Mansfield,-,2,All Others,27,U.S. House,4
Mansfield,-,2,Blanks,423,U.S. House,4
Mansfield,-,2,Total Votes Cast,1538,U.S. House,4
Mansfield,-,2A,Jake Auchincloss,435,U.S. House,4
Mansfield,-,2A,Sana A. Fadel,0,U.S. House,4
Mansfield,-,2A,All Others,2,U.S. House,4
Mansfield,-,2A,Blanks,167,U.S. House,4
Mansfield,-,2A,Total Votes Cast,604,U.S. House,4
Mansfield,-,3,Jake Auchincloss,1604,U.S. House,4
Mansfield,-,3,Sana A. Fadel,1,U.S. House,4
Mansfield,-,3,All Others,57,U.S. House,4
Mansfield,-,3,Blanks,675,U.S. House,4
Mansfield,-,3,Total Votes Cast,2337,U.S. House,4
Mansfield,-,4,Jake Auchincloss,1435,U.S. House,4
Mansfield,-,4,Sana A. Fadel,4,U.S. House,4
Mansfield,-,4,All Others,65,U.S. House,4
Mansfield,-,4,Blanks,560,U.S. House,4
Mansfield,-,4,Total Votes Cast,2064,U.S. House,4
Mansfield,-,5,Jake Auchincloss,1242,U.S. House,4
Mansfield,-,5,Sana A. Fadel,0,U.S. House,4
Mansfield,-,5,All Others,54,U.S. House,4
Mansfield,-,5,Blanks,453,U.S. House,4
Mansfield,-,5,Total Votes Cast,1749,U.S. House,4
Mansfield,-,6,Jake Auchincloss,1112,U.S. House,4
Mansfield,-,6,Sana A. Fadel,6,U.S. House,4
Mansfield,-,6,All Others,39,U.S. House,4
Mansfield,-,6,Blanks,396,U.S. House,4
Mansfield,-,6,Total Votes Cast,1553,U.S. House,4
Mansfield,-,6A,Jake Auchincloss,162,U.S. House,4
Mansfield,-,6A,Sana A. Fadel,0,U.S. House,4
Mansfield,-,6A,All Others,2,U.S. House,4
Mansfield,-,6A,Blanks,71,U.S. House,4
Mansfield,-,6A,Total Votes Cast,235,U.S. House,4
Mansfield,-,7,Jake Auchincloss,1331,U.S. House,4
Mansfield,-,7,Sana A. Fadel,2,U.S. House,4
Mansfield,-,7,All Others,36,U.S. House,4
Mansfield,-,7,Blanks,487,U.S. House,4
Mansfield,-,7,Total Votes Cast,1856,U.S. House,4
Marblehead,-,1,Seth W. Moulton,1870,U.S. House,6
Marblehead,-,1,All Others,18,U.S. House,6
Marblehead,-,1,Blanks,474,U.S. House,6
Marblehead,-,1,Total Votes Cast,2362,U.S. House,6
Marblehead,-,2,Seth W. Moulton,1823,U.S. House,6
Marblehead,-,2,All Others,24,U.S. House,6
Marblehead,-,2,Blanks,491,U.S. House,6
Marblehead,-,2,Total Votes Cast,2338,U.S. House,6
Marblehead,-,3,Seth W. Moulton,1702,U.S. House,6
Marblehead,-,3,All Others,20,U.S. House,6
Marblehead,-,3,Blanks,440,U.S. House,6
Marblehead,-,3,Total Votes Cast,2162,U.S. House,6
Marblehead,-,4,Seth W. Moulton,1812,U.S. House,6
Marblehead,-,4,All Others,10,U.S. House,6
Marblehead,-,4,Blanks,509,U.S. House,6
Marblehead,-,4,Total Votes Cast,2331,U.S. House,6
Marblehead,-,5,Seth W. Moulton,1749,U.S. House,6
Marblehead,-,5,All Others,12,U.S. House,6
Marblehead,-,5,Blanks,462,U.S. House,6
Marblehead,-,5,Total Votes Cast,2223,U.S. House,6
Marblehead,-,6,Seth W. Moulton,1832,U.S. House,6
Marblehead,-,6,All Others,34,U.S. House,6
Marblehead,-,6,Blanks,478,U.S. House,6
Marblehead,-,6,Total Votes Cast,2344,U.S. House,6
Marion,-,1,Bill Keating,2190,U.S. House,9
Marion,-,1,Dan Sullivan,1333,U.S. House,9
Marion,-,1,All Others,3,U.S. House,9
Marion,-,1,Blanks,154,U.S. House,9
Marion,-,1,Total Votes Cast,3680,U.S. House,9
Marlborough,1,1,Lori Loureiro Trahan,796,U.S. House,3
Marlborough,1,1,All Others,9,U.S. House,3
Marlborough,1,1,Blanks,272,U.S. House,3
Marlborough,1,1,Total Votes Cast,1077,U.S. House,3
Marlborough,1,1A,Lori Loureiro Trahan,24,U.S. House,3
Marlborough,1,1A,All Others,0,U.S. House,3
Marlborough,1,1A,Blanks,6,U.S. House,3
Marlborough,1,1A,Total Votes Cast,30,U.S. House,3
Marlborough,1,2,Lori Loureiro Trahan,1307,U.S. House,3
Marlborough,1,2,All Others,22,U.S. House,3
Marlborough,1,2,Blanks,487,U.S. House,3
Marlborough,1,2,Total Votes Cast,1816,U.S. House,3
Marlborough,2,1,Lori Loureiro Trahan,1059,U.S. House,3
Marlborough,2,1,All Others,15,U.S. House,3
Marlborough,2,1,Blanks,400,U.S. House,3
Marlborough,2,1,Total Votes Cast,1474,U.S. House,3
Marlborough,2,2,Lori Loureiro Trahan,885,U.S. House,3
Marlborough,2,2,All Others,8,U.S. House,3
Marlborough,2,2,Blanks,265,U.S. House,3
Marlborough,2,2,Total Votes Cast,1158,U.S. House,3
Marlborough,2,2A,Lori Loureiro Trahan,5,U.S. House,3
Marlborough,2,2A,All Others,0,U.S. House,3
Marlborough,2,2A,Blanks,8,U.S. House,3
Marlborough,2,2A,Total Votes Cast,13,U.S. House,3
Marlborough,3,1,Lori Loureiro Trahan,696,U.S. House,3
Marlborough,3,1,All Others,7,U.S. House,3
Marlborough,3,1,Blanks,257,U.S. House,3
Marlborough,3,1,Total Votes Cast,960,U.S. House,3
Marlborough,3,2,Lori Loureiro Trahan,1332,U.S. House,3
Marlborough,3,2,All Others,25,U.S. House,3
Marlborough,3,2,Blanks,410,U.S. House,3
Marlborough,3,2,Total Votes Cast,1767,U.S. House,3
Marlborough,4,1,Lori Loureiro Trahan,573,U.S. House,3
Marlborough,4,1,All Others,5,U.S. House,3
Marlborough,4,1,Blanks,213,U.S. House,3
Marlborough,4,1,Total Votes Cast,791,U.S. House,3
Marlborough,4,2,Lori Loureiro Trahan,1283,U.S. House,3
Marlborough,4,2,All Others,19,U.S. House,3
Marlborough,4,2,Blanks,434,U.S. House,3
Marlborough,4,2,Total Votes Cast,1736,U.S. House,3
Marlborough,5,1,Lori Loureiro Trahan,662,U.S. House,3
Marlborough,5,1,All Others,8,U.S. House,3
Marlborough,5,1,Blanks,230,U.S. House,3
Marlborough,5,1,Total Votes Cast,900,U.S. House,3
Marlborough,5,2,Lori Loureiro Trahan,1061,U.S. House,3
Marlborough,5,2,All Others,10,U.S. House,3
Marlborough,5,2,Blanks,367,U.S. House,3
Marlborough,5,2,Total Votes Cast,1438,U.S. House,3
Marlborough,6,1,Lori Loureiro Trahan,699,U.S. House,3
Marlborough,6,1,All Others,11,U.S. House,3
Marlborough,6,1,Blanks,249,U.S. House,3
Marlborough,6,1,Total Votes Cast,959,U.S. House,3
Marlborough,6,2,Lori Loureiro Trahan,1237,U.S. House,3
Marlborough,6,2,All Others,13,U.S. House,3
Marlborough,6,2,Blanks,477,U.S. House,3
Marlborough,6,2,Total Votes Cast,1727,U.S. House,3
Marlborough,7,1,Lori Loureiro Trahan,832,U.S. House,3
Marlborough,7,1,All Others,9,U.S. House,3
Marlborough,7,1,Blanks,302,U.S. House,3
Marlborough,7,1,Total Votes Cast,1143,U.S. House,3
Marlborough,7,2,Lori Loureiro Trahan,910,U.S. House,3
Marlborough,7,2,All Others,20,U.S. House,3
Marlborough,7,2,Blanks,324,U.S. House,3
Marlborough,7,2,Total Votes Cast,1254,U.S. House,3
Marlborough,7,2A,Lori Loureiro Trahan,35,U.S. House,3
Marlborough,7,2A,All Others,1,U.S. House,3
Marlborough,7,2A,Blanks,9,U.S. House,3
Marlborough,7,2A,Total Votes Cast,45,U.S. House,3
Marshfield,-,1,Bill Keating,1245,U.S. House,9
Marshfield,-,1,Dan Sullivan,1205,U.S. House,9
Marshfield,-,1,All Others,0,U.S. House,9
Marshfield,-,1,Blanks,96,U.S. House,9
Marshfield,-,1,Total Votes Cast,2546,U.S. House,9
Marshfield,-,2,Bill Keating,1126,U.S. House,9
Marshfield,-,2,Dan Sullivan,991,U.S. House,9
Marshfield,-,2,All Others,0,U.S. House,9
Marshfield,-,2,Blanks,87,U.S. House,9
Marshfield,-,2,Total Votes Cast,2204,U.S. House,9
Marshfield,-,2A,Bill Keating,178,U.S. House,9
Marshfield,-,2A,Dan Sullivan,100,U.S. House,9
Marshfield,-,2A,All Others,0,U.S. House,9
Marshfield,-,2A,Blanks,11,U.S. House,9
Marshfield,-,2A,Total Votes Cast,289,U.S. House,9
Marshfield,-,3,Bill Keating,1404,U.S. House,9
Marshfield,-,3,Dan Sullivan,1099,U.S. House,9
Marshfield,-,3,All Others,0,U.S. House,9
Marshfield,-,3,Blanks,102,U.S. House,9
Marshfield,-,3,Total Votes Cast,2605,U.S. House,9
Marshfield,-,4,Bill Keating,1146,U.S. House,9
Marshfield,-,4,Dan Sullivan,993,U.S. House,9
Marshfield,-,4,All Others,0,U.S. House,9
Marshfield,-,4,Blanks,83,U.S. House,9
Marshfield,-,4,Total Votes Cast,2222,U.S. House,9
Marshfield,-,5,Bill Keating,1230,U.S. House,9
Marshfield,-,5,Dan Sullivan,1006,U.S. House,9
Marshfield,-,5,All Others,0,U.S. House,9
Marshfield,-,5,Blanks,87,U.S. House,9
Marshfield,-,5,Total Votes Cast,2323,U.S. House,9
Marshfield,-,6,Bill Keating,1430,U.S. House,9
Marshfield,-,6,Dan Sullivan,1278,U.S. House,9
Marshfield,-,6,All Others,0,U.S. House,9
Marshfield,-,6,Blanks,96,U.S. House,9
Marshfield,-,6,Total Votes Cast,2804,U.S. House,9
Marshfield,-,7,Bill Keating,1379,U.S. House,9
Marshfield,-,7,Dan Sullivan,1120,U.S. House,9
Marshfield,-,7,All Others,0,U.S. House,9
Marshfield,-,7,Blanks,80,U.S. House,9
Marshfield,-,7,Total Votes Cast,2579,U.S. House,9
Mashpee,-,1,Bill Keating,1272,U.S. House,9
Mashpee,-,1,Dan Sullivan,730,U.S. House,9
Mashpee,-,1,All Others,0,U.S. House,9
Mashpee,-,1,Blanks,56,U.S. House,9
Mashpee,-,1,Total Votes Cast,2058,U.S. House,9
Mashpee,-,2,Bill Keating,1014,U.S. House,9
Mashpee,-,2,Dan Sullivan,791,U.S. House,9
Mashpee,-,2,All Others,1,U.S. House,9
Mashpee,-,2,Blanks,61,U.S. House,9
Mashpee,-,2,Total Votes Cast,1867,U.S. House,9
Mashpee,-,3,Bill Keating,996,U.S. House,9
Mashpee,-,3,Dan Sullivan,834,U.S. House,9
Mashpee,-,3,All Others,0,U.S. House,9
Mashpee,-,3,Blanks,64,U.S. House,9
Mashpee,-,3,Total Votes Cast,1894,U.S. House,9
Mashpee,-,4,Bill Keating,1157,U.S. House,9
Mashpee,-,4,Dan Sullivan,707,U.S. House,9
Mashpee,-,4,All Others,0,U.S. House,9
Mashpee,-,4,Blanks,58,U.S. House,9
Mashpee,-,4,Total Votes Cast,1922,U.S. House,9
Mashpee,-,5,Bill Keating,1485,U.S. House,9
Mashpee,-,5,Dan Sullivan,1182,U.S. House,9
Mashpee,-,5,All Others,0,U.S. House,9
Mashpee,-,5,Blanks,90,U.S. House,9
Mashpee,-,5,Total Votes Cast,2757,U.S. House,9
Mattapoisett,-,1,Bill Keating,1341,U.S. House,9
Mattapoisett,-,1,Dan Sullivan,1041,U.S. House,9
Mattapoisett,-,1,All Others,2,U.S. House,9
Mattapoisett,-,1,Blanks,83,U.S. House,9
Mattapoisett,-,1,Total Votes Cast,2467,U.S. House,9
Mattapoisett,-,2,Bill Keating,1400,U.S. House,9
Mattapoisett,-,2,Dan Sullivan,1025,U.S. House,9
Mattapoisett,-,2,All Others,1,U.S. House,9
Mattapoisett,-,2,Blanks,68,U.S. House,9
Mattapoisett,-,2,Total Votes Cast,2494,U.S. House,9
Maynard,-,1,Katherine M. Clark,1375,U.S. House,5
Maynard,-,1,All Others,22,U.S. House,5
Maynard,-,1,Blanks,327,U.S. House,5
Maynard,-,1,Total Votes Cast,1724,U.S. House,5
Maynard,-,2,Katherine M. Clark,1173,U.S. House,5
Maynard,-,2,All Others,8,U.S. House,5
Maynard,-,2,Blanks,313,U.S. House,5
Maynard,-,2,Total Votes Cast,1494,U.S. House,5
Maynard,-,3,Katherine M. Clark,1645,U.S. House,5
Maynard,-,3,All Others,15,U.S. House,5
Maynard,-,3,Blanks,403,U.S. House,5
Maynard,-,3,Total Votes Cast,2063,U.S. House,5
Maynard,-,4,Katherine M. Clark,1157,U.S. House,5
Maynard,-,4,All Others,10,U.S. House,5
Maynard,-,4,Blanks,314,U.S. House,5
Maynard,-,4,Total Votes Cast,1481,U.S. House,5
Medfield,-,1,Jake Auchincloss,1608,U.S. House,4
Medfield,-,1,Sana A. Fadel,4,U.S. House,4
Medfield,-,1,All Others,40,U.S. House,4
Medfield,-,1,Blanks,515,U.S. House,4
Medfield,-,1,Total Votes Cast,2167,U.S. House,4
Medfield,-,2,Jake Auchincloss,1455,U.S. House,4
Medfield,-,2,Sana A. Fadel,7,U.S. House,4
Medfield,-,2,All Others,31,U.S. House,4
Medfield,-,2,Blanks,492,U.S. House,4
Medfield,-,2,Total Votes Cast,1985,U.S. House,4
Medfield,-,3,Jake Auchincloss,1463,U.S. House,4
Medfield,-,3,Sana A. Fadel,0,U.S. House,4
Medfield,-,3,All Others,41,U.S. House,4
Medfield,-,3,Blanks,513,U.S. House,4
Medfield,-,3,Total Votes Cast,2017,U.S. House,4
Medfield,-,4,Jake Auchincloss,1425,U.S. House,4
Medfield,-,4,Sana A. Fadel,4,U.S. House,4
Medfield,-,4,All Others,29,U.S. House,4
Medfield,-,4,Blanks,506,U.S. House,4
Medfield,-,4,Total Votes Cast,1964,U.S. House,4
Medford,1,1,Katherine M. Clark,1477,U.S. House,5
Medford,1,1,All Others,45,U.S. House,5
Medford,1,1,Blanks,447,U.S. House,5
Medford,1,1,Total Votes Cast,1969,U.S. House,5
Medford,1,2,Katherine M. Clark,1557,U.S. House,5
Medford,1,2,All Others,37,U.S. House,5
Medford,1,2,Blanks,416,U.S. House,5
Medford,1,2,Total Votes Cast,2010,U.S. House,5
Medford,2,1,Katherine M. Clark,1331,U.S. House,5
Medford,2,1,All Others,46,U.S. House,5
Medford,2,1,Blanks,454,U.S. House,5
Medford,2,1,Total Votes Cast,1831,U.S. House,5
Medford,2,2,Katherine M. Clark,1751,U.S. House,5
Medford,2,2,All Others,63,U.S. House,5
Medford,2,2,Blanks,653,U.S. House,5
Medford,2,2,Total Votes Cast,2467,U.S. House,5
Medford,3,1,Katherine M. Clark,1619,U.S. House,5
Medford,3,1,All Others,49,U.S. House,5
Medford,3,1,Blanks,600,U.S. House,5
Medford,3,1,Total Votes Cast,2268,U.S. House,5
Medford,3,2,Katherine M. Clark,1778,U.S. House,5
Medford,3,2,All Others,53,U.S. House,5
Medford,3,2,Blanks,594,U.S. House,5
Medford,3,2,Total Votes Cast,2425,U.S. House,5
Medford,4,1,Katherine M. Clark,789,U.S. House,5
Medford,4,1,All Others,12,U.S. House,5
Medford,4,1,Blanks,127,U.S. House,5
Medford,4,1,Total Votes Cast,928,U.S. House,5
Medford,4,2,Katherine M. Clark,1556,U.S. House,5
Medford,4,2,All Others,43,U.S. House,5
Medford,4,2,Blanks,389,U.S. House,5
Medford,4,2,Total Votes Cast,1988,U.S. House,5
Medford,5,1,Katherine M. Clark,1427,U.S. House,5
Medford,5,1,All Others,60,U.S. House,5
Medford,5,1,Blanks,290,U.S. House,5
Medford,5,1,Total Votes Cast,1777,U.S. House,5
Medford,5,2,Katherine M. Clark,1524,U.S. House,5
Medford,5,2,All Others,33,U.S. House,5
Medford,5,2,Blanks,292,U.S. House,5
Medford,5,2,Total Votes Cast,1849,U.S. House,5
Medford,6,1,Katherine M. Clark,1775,U.S. House,5
Medford,6,1,All Others,33,U.S. House,5
Medford,6,1,Blanks,373,U.S. House,5
Medford,6,1,Total Votes Cast,2181,U.S. House,5
Medford,6,2,Katherine M. Clark,1532,U.S. House,5
Medford,6,2,All Others,33,U.S. House,5
Medford,6,2,Blanks,425,U.S. House,5
Medford,6,2,Total Votes Cast,1990,U.S. House,5
Medford,6,2A,Katherine M. Clark,113,U.S. House,5
Medford,6,2A,All Others,37,U.S. House,5
Medford,6,2A,Blanks,3,U.S. House,5
Medford,6,2A,Total Votes Cast,153,U.S. House,5
Medford,7,1,Katherine M. Clark,956,U.S. House,5
Medford,7,1,All Others,28,U.S. House,5
Medford,7,1,Blanks,206,U.S. House,5
Medford,7,1,Total Votes Cast,1190,U.S. House,5
Medford,7,2,Katherine M. Clark,1146,U.S. House,5
Medford,7,2,All Others,23,U.S. House,5
Medford,7,2,Blanks,254,U.S. House,5
Medford,7,2,Total Votes Cast,1423,U.S. House,5
Medford,7,2A,Katherine M. Clark,46,U.S. House,5
Medford,7,2A,All Others,0,U.S. House,5
Medford,7,2A,Blanks,4,U.S. House,5
Medford,7,2A,Total Votes Cast,50,U.S. House,5
Medford,8,1,Katherine M. Clark,1498,U.S. House,5
Medford,8,1,All Others,45,U.S. House,5
Medford,8,1,Blanks,413,U.S. House,5
Medford,8,1,Total Votes Cast,1956,U.S. House,5
Medford,8,2,Katherine M. Clark,1315,U.S. House,5
Medford,8,2,All Others,38,U.S. House,5
Medford,8,2,Blanks,399,U.S. House,5
Medford,8,2,Total Votes Cast,1752,U.S. House,5
Medway,-,1,James P. McGovern,1176,U.S. House,2
Medway,-,1,Cornelius Shea,633,U.S. House,2
Medway,-,1,All Others,5,U.S. House,2
Medway,-,1,Blanks,162,U.S. House,2
Medway,-,1,Total Votes Cast,1976,U.S. House,2
Medway,-,2,James P. McGovern,1390,U.S. House,2
Medway,-,2,Cornelius Shea,673,U.S. House,2
Medway,-,2,All Others,7,U.S. House,2
Medway,-,2,Blanks,168,U.S. House,2
Medway,-,2,Total Votes Cast,2238,U.S. House,2
Medway,-,3,James P. McGovern,1312,U.S. House,2
Medway,-,3,Cornelius Shea,725,U.S. House,2
Medway,-,3,All Others,0,U.S. House,2
Medway,-,3,Blanks,154,U.S. House,2
Medway,-,3,Total Votes Cast,2191,U.S. House,2
Medway,-,4,James P. McGovern,1298,U.S. House,2
Medway,-,4,Cornelius Shea,648,U.S. House,2
Medway,-,4,All Others,0,U.S. House,2
Medway,-,4,Blanks,184,U.S. House,2
Medway,-,4,Total Votes Cast,2130,U.S. House,2
Melrose,1,1,Katherine M. Clark,1039,U.S. House,5
Melrose,1,1,All Others,31,U.S. House,5
Melrose,1,1,Blanks,279,U.S. House,5
Melrose,1,1,Total Votes Cast,1349,U.S. House,5
Melrose,1,2,Katherine M. Clark,865,U.S. House,5
Melrose,1,2,All Others,29,U.S. House,5
Melrose,1,2,Blanks,272,U.S. House,5
Melrose,1,2,Total Votes Cast,1166,U.S. House,5
Melrose,2,1,Katherine M. Clark,946,U.S. House,5
Melrose,2,1,All Others,22,U.S. House,5
Melrose,2,1,Blanks,374,U.S. House,5
Melrose,2,1,Total Votes Cast,1342,U.S. House,5
Melrose,2,2,Katherine M. Clark,906,U.S. House,5
Melrose,2,2,All Others,29,U.S. House,5
Melrose,2,2,Blanks,307,U.S. House,5
Melrose,2,2,Total Votes Cast,1242,U.S. House,5
Melrose,3,1,Katherine M. Clark,897,U.S. House,5
Melrose,3,1,All Others,32,U.S. House,5
Melrose,3,1,Blanks,244,U.S. House,5
Melrose,3,1,Total Votes Cast,1173,U.S. House,5
Melrose,3,2,Katherine M. Clark,926,U.S. House,5
Melrose,3,2,All Others,32,U.S. House,5
Melrose,3,2,Blanks,295,U.S. House,5
Melrose,3,2,Total Votes Cast,1253,U.S. House,5
Melrose,4,1,Katherine M. Clark,913,U.S. House,5
Melrose,4,1,All Others,18,U.S. House,5
Melrose,4,1,Blanks,256,U.S. House,5
Melrose,4,1,Total Votes Cast,1187,U.S. House,5
Melrose,4,2,Katherine M. Clark,926,U.S. House,5
Melrose,4,2,All Others,36,U.S. House,5
Melrose,4,2,Blanks,462,U.S. House,5
Melrose,4,2,Total Votes Cast,1424,U.S. House,5
Melrose,5,1,Katherine M. Clark,750,U.S. House,5
Melrose,5,1,All Others,18,U.S. House,5
Melrose,5,1,Blanks,191,U.S. House,5
Melrose,5,1,Total Votes Cast,959,U.S. House,5
Melrose,5,2,Katherine M. Clark,722,U.S. House,5
Melrose,5,2,All Others,16,U.S. House,5
Melrose,5,2,Blanks,179,U.S. House,5
Melrose,5,2,Total Votes Cast,917,U.S. House,5
Melrose,6,1,Katherine M. Clark,897,U.S. House,5
Melrose,6,1,All Others,28,U.S. House,5
Melrose,6,1,Blanks,250,U.S. House,5
Melrose,6,1,Total Votes Cast,1175,U.S. House,5
Melrose,6,2,Katherine M. Clark,994,U.S. House,5
Melrose,6,2,All Others,47,U.S. House,5
Melrose,6,2,Blanks,386,U.S. House,5
Melrose,6,2,Total Votes Cast,1427,U.S. House,5
Melrose,7,1,Katherine M. Clark,949,U.S. House,5
Melrose,7,1,All Others,29,U.S. House,5
Melrose,7,1,Blanks,307,U.S. House,5
Melrose,7,1,Total Votes Cast,1285,U.S. House,5
Melrose,7,2,Katherine M. Clark,970,U.S. House,5
Melrose,7,2,All Others,45,U.S. House,5
Melrose,7,2,Blanks,387,U.S. House,5
Melrose,7,2,Total Votes Cast,1402,U.S. House,5
Mendon,-,1,Jake Auchincloss,1201,U.S. House,4
Mendon,-,1,Sana A. Fadel,0,U.S. House,4
Mendon,-,1,All Others,24,U.S. House,4
Mendon,-,1,Blanks,691,U.S. House,4
Mendon,-,1,Total Votes Cast,1916,U.S. House,4
Mendon,-,2,Jake Auchincloss,1290,U.S. House,4
Mendon,-,2,Sana A. Fadel,0,U.S. House,4
Mendon,-,2,All Others,15,U.S. House,4
Mendon,-,2,Blanks,787,U.S. House,4
Mendon,-,2,Total Votes Cast,2092,U.S. House,4
Merrimac,-,1,Seth W. Moulton,1555,U.S. House,6
Merrimac,-,1,All Others,55,U.S. House,6
Merrimac,-,1,Blanks,467,U.S. House,6
Merrimac,-,1,Total Votes Cast,2077,U.S. House,6
Merrimac,-,2,Seth W. Moulton,1628,U.S. House,6
Merrimac,-,2,All Others,48,U.S. House,6
Merrimac,-,2,Blanks,597,U.S. House,6
Merrimac,-,2,Total Votes Cast,2273,U.S. House,6
Methuen,-,1,Lori Loureiro Trahan,784,U.S. House,3
Methuen,-,1,All Others,51,U.S. House,3
Methuen,-,1,Blanks,226,U.S. House,3
Methuen,-,1,Total Votes Cast,1061,U.S. House,3
Methuen,-,10,Lori Loureiro Trahan,1222,U.S. House,3
Methuen,-,10,All Others,65,U.S. House,3
Methuen,-,10,Blanks,522,U.S. House,3
Methuen,-,10,Total Votes Cast,1809,U.S. House,3
Methuen,-,11,Lori Loureiro Trahan,1397,U.S. House,3
Methuen,-,11,All Others,76,U.S. House,3
Methuen,-,11,Blanks,709,U.S. House,3
Methuen,-,11,Total Votes Cast,2182,U.S. House,3
Methuen,-,12,Lori Loureiro Trahan,1249,U.S. House,3
Methuen,-,12,All Others,58,U.S. House,3
Methuen,-,12,Blanks,536,U.S. House,3
Methuen,-,12,Total Votes Cast,1843,U.S. House,3
Methuen,-,13,Lori Loureiro Trahan,751,U.S. House,3
Methuen,-,13,All Others,37,U.S. House,3
Methuen,-,13,Blanks,295,U.S. House,3
Methuen,-,13,Total Votes Cast,1083,U.S. House,3
Methuen,-,13A,Lori Loureiro Trahan,452,U.S. House,3
Methuen,-,13A,All Others,22,U.S. House,3
Methuen,-,13A,Blanks,150,U.S. House,3
Methuen,-,13A,Total Votes Cast,624,U.S. House,3
Methuen,-,14,Lori Loureiro Trahan,1245,U.S. House,3
Methuen,-,14,All Others,57,U.S. House,3
Methuen,-,14,Blanks,373,U.S. House,3
Methuen,-,14,Total Votes Cast,1675,U.S. House,3
Methuen,-,15,Lori Loureiro Trahan,946,U.S. House,3
Methuen,-,15,All Others,30,U.S. House,3
Methuen,-,15,Blanks,277,U.S. House,3
Methuen,-,15,Total Votes Cast,1253,U.S. House,3
Methuen,-,2,Lori Loureiro Trahan,813,U.S. House,3
Methuen,-,2,All Others,29,U.S. House,3
Methuen,-,2,Blanks,234,U.S. House,3
Methuen,-,2,Total Votes Cast,1076,U.S. House,3
Methuen,-,3,Lori Loureiro Trahan,1191,U.S. House,3
Methuen,-,3,All Others,56,U.S. House,3
Methuen,-,3,Blanks,408,U.S. House,3
Methuen,-,3,Total Votes Cast,1655,U.S. House,3
Methuen,-,4,Lori Loureiro Trahan,1072,U.S. House,3
Methuen,-,4,All Others,30,U.S. House,3
Methuen,-,4,Blanks,333,U.S. House,3
Methuen,-,4,Total Votes Cast,1435,U.S. House,3
Methuen,-,5,Lori Loureiro Trahan,1149,U.S. House,3
Methuen,-,5,All Others,75,U.S. House,3
Methuen,-,5,Blanks,454,U.S. House,3
Methuen,-,5,Total Votes Cast,1678,U.S. House,3
Methuen,-,6,Lori Loureiro Trahan,999,U.S. House,3
Methuen,-,6,All Others,33,U.S. House,3
Methuen,-,6,Blanks,391,U.S. House,3
Methuen,-,6,Total Votes Cast,1423,U.S. House,3
Methuen,-,6A,Lori Loureiro Trahan,130,U.S. House,3
Methuen,-,6A,All Others,4,U.S. House,3
Methuen,-,6A,Blanks,35,U.S. House,3
Methuen,-,6A,Total Votes Cast,169,U.S. House,3
Methuen,-,7,Lori Loureiro Trahan,1392,U.S. House,3
Methuen,-,7,All Others,58,U.S. House,3
Methuen,-,7,Blanks,483,U.S. House,3
Methuen,-,7,Total Votes Cast,1933,U.S. House,3
Methuen,-,8,Lori Loureiro Trahan,1290,U.S. House,3
Methuen,-,8,All Others,65,U.S. House,3
Methuen,-,8,Blanks,520,U.S. House,3
Methuen,-,8,Total Votes Cast,1875,U.S. House,3
Methuen,-,9,Lori Loureiro Trahan,1229,U.S. House,3
Methuen,-,9,All Others,64,U.S. House,3
Methuen,-,9,Blanks,636,U.S. House,3
Methuen,-,9,Total Votes Cast,1929,U.S. House,3
Middleborough,-,1,Bill Keating,1236,U.S. House,9
Middleborough,-,1,Dan Sullivan,1304,U.S. House,9
Middleborough,-,1,All Others,0,U.S. House,9
Middleborough,-,1,Blanks,118,U.S. House,9
Middleborough,-,1,Total Votes Cast,2658,U.S. House,9
Middleborough,-,2,Bill Keating,861,U.S. House,9
Middleborough,-,2,Dan Sullivan,814,U.S. House,9
Middleborough,-,2,All Others,2,U.S. House,9
Middleborough,-,2,Blanks,98,U.S. House,9
Middleborough,-,2,Total Votes Cast,1775,U.S. House,9
Middleborough,-,3,Bill Keating,859,U.S. House,9
Middleborough,-,3,Dan Sullivan,1155,U.S. House,9
Middleborough,-,3,All Others,5,U.S. House,9
Middleborough,-,3,Blanks,98,U.S. House,9
Middleborough,-,3,Total Votes Cast,2117,U.S. House,9
Middleborough,-,4,Bill Keating,740,U.S. House,9
Middleborough,-,4,Dan Sullivan,751,U.S. House,9
Middleborough,-,4,All Others,3,U.S. House,9
Middleborough,-,4,Blanks,93,U.S. House,9
Middleborough,-,4,Total Votes Cast,1587,U.S. House,9
Middleborough,-,5,Bill Keating,731,U.S. House,9
Middleborough,-,5,Dan Sullivan,1045,U.S. House,9
Middleborough,-,5,All Others,0,U.S. House,9
Middleborough,-,5,Blanks,95,U.S. House,9
Middleborough,-,5,Total Votes Cast,1871,U.S. House,9
Middleborough,-,5A,Bill Keating,152,U.S. House,9
Middleborough,-,5A,Dan Sullivan,238,U.S. House,9
Middleborough,-,5A,All Others,0,U.S. House,9
Middleborough,-,5A,Blanks,24,U.S. House,9
Middleborough,-,5A,Total Votes Cast,414,U.S. House,9
Middleborough,-,6,Bill Keating,858,U.S. House,9
Middleborough,-,6,Dan Sullivan,1113,U.S. House,9
Middleborough,-,6,All Others,3,U.S. House,9
Middleborough,-,6,Blanks,117,U.S. House,9
Middleborough,-,6,Total Votes Cast,2091,U.S. House,9
Middleborough,-,7,Bill Keating,639,U.S. House,9
Middleborough,-,7,Dan Sullivan,761,U.S. House,9
Middleborough,-,7,All Others,0,U.S. House,9
Middleborough,-,7,Blanks,80,U.S. House,9
Middleborough,-,7,Total Votes Cast,1480,U.S. House,9
Middleborough,-,7A,Bill Keating,193,U.S. House,9
Middleborough,-,7A,Dan Sullivan,329,U.S. House,9
Middleborough,-,7A,All Others,1,U.S. House,9
Middleborough,-,7A,Blanks,21,U.S. House,9
Middleborough,-,7A,Total Votes Cast,544,U.S. House,9
Middlefield,-,1,Richard E. Neal,154,U.S. House,1
Middlefield,-,1,Nadia Donya Milleron,146,U.S. House,1
Middlefield,-,1,All Others,0,U.S. House,1
Middlefield,-,1,Blanks,17,U.S. House,1
Middlefield,-,1,Total Votes Cast,317,U.S. House,1
Middleton,-,1,Seth W. Moulton,1559,U.S. House,6
Middleton,-,1,All Others,71,U.S. House,6
Middleton,-,1,Blanks,693,U.S. House,6
Middleton,-,1,Total Votes Cast,2323,U.S. House,6
Middleton,-,2,Seth W. Moulton,935,U.S. House,6
Middleton,-,2,All Others,57,U.S. House,6
Middleton,-,2,Blanks,474,U.S. House,6
Middleton,-,2,Total Votes Cast,1466,U.S. House,6
Middleton,-,3,Seth W. Moulton,1331,U.S. House,6
Middleton,-,3,All Others,67,U.S. House,6
Middleton,-,3,Blanks,659,U.S. House,6
Middleton,-,3,Total Votes Cast,2057,U.S. House,6
Milford,-,1,Jake Auchincloss,725,U.S. House,4
Milford,-,1,Sana A. Fadel,0,U.S. House,4
Milford,-,1,All Others,20,U.S. House,4
Milford,-,1,Blanks,317,U.S. House,4
Milford,-,1,Total Votes Cast,1062,U.S. House,4
Milford,-,2,Jake Auchincloss,1230,U.S. House,4
Milford,-,2,Sana A. Fadel,0,U.S. House,4
Milford,-,2,All Others,41,U.S. House,4
Milford,-,2,Blanks,520,U.S. House,4
Milford,-,2,Total Votes Cast,1791,U.S. House,4
Milford,-,3,Jake Auchincloss,1099,U.S. House,4
Milford,-,3,Sana A. Fadel,0,U.S. House,4
Milford,-,3,All Others,39,U.S. House,4
Milford,-,3,Blanks,486,U.S. House,4
Milford,-,3,Total Votes Cast,1624,U.S. House,4
Milford,-,4,Jake Auchincloss,781,U.S. House,4
Milford,-,4,Sana A. Fadel,0,U.S. House,4
Milford,-,4,All Others,32,U.S. House,4
Milford,-,4,Blanks,326,U.S. House,4
Milford,-,4,Total Votes Cast,1139,U.S. House,4
Milford,-,5,Jake Auchincloss,1528,U.S. House,4
Milford,-,5,Sana A. Fadel,0,U.S. House,4
Milford,-,5,All Others,59,U.S. House,4
Milford,-,5,Blanks,654,U.S. House,4
Milford,-,5,Total Votes Cast,2241,U.S. House,4
Milford,-,6,Jake Auchincloss,1290,U.S. House,4
Milford,-,6,Sana A. Fadel,0,U.S. House,4
Milford,-,6,All Others,33,U.S. House,4
Milford,-,6,Blanks,500,U.S. House,4
Milford,-,6,Total Votes Cast,1823,U.S. House,4
Milford,-,7,Jake Auchincloss,1576,U.S. House,4
Milford,-,7,Sana A. Fadel,4,U.S. House,4
Milford,-,7,All Others,76,U.S. House,4
Milford,-,7,Blanks,685,U.S. House,4
Milford,-,7,Total Votes Cast,2341,U.S. House,4
Milford,-,8,Jake Auchincloss,1416,U.S. House,4
Milford,-,8,Sana A. Fadel,0,U.S. House,4
Milford,-,8,All Others,51,U.S. House,4
Milford,-,8,Blanks,545,U.S. House,4
Milford,-,8,Total Votes Cast,2012,U.S. House,4
Millbury,-,1,James P. McGovern,1121,U.S. House,2
Millbury,-,1,Cornelius Shea,715,U.S. House,2
Millbury,-,1,All Others,2,U.S. House,2
Millbury,-,1,Blanks,110,U.S. House,2
Millbury,-,1,Total Votes Cast,1948,U.S. House,2
Millbury,-,2,James P. McGovern,1259,U.S. House,2
Millbury,-,2,Cornelius Shea,821,U.S. House,2
Millbury,-,2,All Others,1,U.S. House,2
Millbury,-,2,Blanks,128,U.S. House,2
Millbury,-,2,Total Votes Cast,2209,U.S. House,2
Millbury,-,3,James P. McGovern,1228,U.S. House,2
Millbury,-,3,Cornelius Shea,751,U.S. House,2
Millbury,-,3,All Others,2,U.S. House,2
Millbury,-,3,Blanks,102,U.S. House,2
Millbury,-,3,Total Votes Cast,2083,U.S. House,2
Millbury,-,4,James P. McGovern,1134,U.S. House,2
Millbury,-,4,Cornelius Shea,689,U.S. House,2
Millbury,-,4,All Others,1,U.S. House,2
Millbury,-,4,Blanks,94,U.S. House,2
Millbury,-,4,Total Votes Cast,1918,U.S. House,2
Millis,-,1,Jake Auchincloss,1311,U.S. House,4
Millis,-,1,Sana A. Fadel,1,U.S. House,4
Millis,-,1,All Others,33,U.S. House,4
Millis,-,1,Blanks,449,U.S. House,4
Millis,-,1,Total Votes Cast,1794,U.S. House,4
Millis,-,2,Jake Auchincloss,1282,U.S. House,4
Millis,-,2,Sana A. Fadel,1,U.S. House,4
Millis,-,2,All Others,20,U.S. House,4
Millis,-,2,Blanks,556,U.S. House,4
Millis,-,2,Total Votes Cast,1859,U.S. House,4
Millis,-,3,Jake Auchincloss,1722,U.S. House,4
Millis,-,3,Sana A. Fadel,0,U.S. House,4
Millis,-,3,All Others,36,U.S. House,4
Millis,-,3,Blanks,654,U.S. House,4
Millis,-,3,Total Votes Cast,2412,U.S. House,4
Millville,-,1,Jake Auchincloss,1257,U.S. House,4
Millville,-,1,Sana A. Fadel,0,U.S. House,4
Millville,-,1,All Others,8,U.S. House,4
Millville,-,1,Blanks,543,U.S. House,4
Millville,-,1,Total Votes Cast,1808,U.S. House,4
Milton,-,1,Ayanna S. Pressley,1363,U.S. House,7
Milton,-,1,All Others,24,U.S. House,7
Milton,-,1,Blanks,261,U.S. House,7
Milton,-,1,Total Votes Cast,1648,U.S. House,7
Milton,-,10,Ayanna S. Pressley,987,U.S. House,7
Milton,-,10,All Others,19,U.S. House,7
Milton,-,10,Blanks,245,U.S. House,7
Milton,-,10,Total Votes Cast,1251,U.S. House,7
Milton,-,2,Ayanna S. Pressley,1352,U.S. House,7
Milton,-,2,All Others,34,U.S. House,7
Milton,-,2,Blanks,428,U.S. House,7
Milton,-,2,Total Votes Cast,1814,U.S. House,7
Milton,-,3,Stephen F. Lynch,1345,U.S. House,8
Milton,-,3,Robert G. Burke,363,U.S. House,8
Milton,-,3,All Others,2,U.S. House,8
Milton,-,3,Blanks,103,U.S. House,8
Milton,-,3,Total Votes Cast,1813,U.S. House,8
Milton,-,4,Stephen F. Lynch,804,U.S. House,8
Milton,-,4,Robert G. Burke,198,U.S. House,8
Milton,-,4,All Others,1,U.S. House,8
Milton,-,4,Blanks,49,U.S. House,8
Milton,-,4,Total Votes Cast,1052,U.S. House,8
Milton,-,4A,Ayanna S. Pressley,503,U.S. House,7
Milton,-,4A,All Others,18,U.S. House,7
Milton,-,4A,Blanks,139,U.S. House,7
Milton,-,4A,Total Votes Cast,660,U.S. House,7
Milton,-,5,Ayanna S. Pressley,916,U.S. House,7
Milton,-,5,All Others,46,U.S. House,7
Milton,-,5,Blanks,457,U.S. House,7
Milton,-,5,Total Votes Cast,1419,U.S. House,7
Milton,-,6,Stephen F. Lynch,1256,U.S. House,8
Milton,-,6,Robert G. Burke,453,U.S. House,8
Milton,-,6,All Others,3,U.S. House,8
Milton,-,6,Blanks,101,U.S. House,8
Milton,-,6,Total Votes Cast,1813,U.S. House,8
Milton,-,7,Stephen F. Lynch,1155,U.S. House,8
Milton,-,7,Robert G. Burke,416,U.S. House,8
Milton,-,7,All Others,6,U.S. House,8
Milton,-,7,Blanks,100,U.S. House,8
Milton,-,7,Total Votes Cast,1677,U.S. House,8
Milton,-,8,Stephen F. Lynch,1303,U.S. House,8
Milton,-,8,Robert G. Burke,490,U.S. House,8
Milton,-,8,All Others,7,U.S. House,8
Milton,-,8,Blanks,97,U.S. House,8
Milton,-,8,Total Votes Cast,1897,U.S. House,8
Milton,-,9,Stephen F. Lynch,1239,U.S. House,8
Milton,-,9,Robert G. Burke,539,U.S. House,8
Milton,-,9,All Others,6,U.S. House,8
Milton,-,9,Blanks,124,U.S. House,8
Milton,-,9,Total Votes Cast,1908,U.S. House,8
Monroe,-,1,Richard E. Neal,33,U.S. House,1
Monroe,-,1,Nadia Donya Milleron,31,U.S. House,1
Monroe,-,1,All Others,0,U.S. House,1
Monroe,-,1,Blanks,2,U.S. House,1
Monroe,-,1,Total Votes Cast,66,U.S. House,1
Monson,-,A,Richard E. Neal,832,U.S. House,1
Monson,-,A,Nadia Donya Milleron,750,U.S. House,1
Monson,-,A,All Others,0,U.S. House,1
Monson,-,A,Blanks,137,U.S. House,1
Monson,-,A,Total Votes Cast,1719,U.S. House,1
Monson,-,B,Richard E. Neal,748,U.S. House,1
Monson,-,B,Nadia Donya Milleron,759,U.S. House,1
Monson,-,B,All Others,2,U.S. House,1
Monson,-,B,Blanks,142,U.S. House,1
Monson,-,B,Total Votes Cast,1651,U.S. House,1
Monson,-,C,Richard E. Neal,832,U.S. House,1
Monson,-,C,Nadia Donya Milleron,757,U.S. House,1
Monson,-,C,All Others,3,U.S. House,1
Monson,-,C,Blanks,141,U.S. House,1
Monson,-,C,Total Votes Cast,1733,U.S. House,1
Montague,-,1,James P. McGovern,832,U.S. House,2
Montague,-,1,Cornelius Shea,167,U.S. House,2
Montague,-,1,All Others,2,U.S. House,2
Montague,-,1,Blanks,34,U.S. House,2
Montague,-,1,Total Votes Cast,1035,U.S. House,2
Montague,-,2,James P. McGovern,534,U.S. House,2
Montague,-,2,Cornelius Shea,252,U.S. House,2
Montague,-,2,All Others,1,U.S. House,2
Montague,-,2,Blanks,52,U.S. House,2
Montague,-,2,Total Votes Cast,839,U.S. House,2
Montague,-,3,James P. McGovern,567,U.S. House,2
Montague,-,3,Cornelius Shea,239,U.S. House,2
Montague,-,3,All Others,1,U.S. House,2
Montague,-,3,Blanks,47,U.S. House,2
Montague,-,3,Total Votes Cast,854,U.S. House,2
Montague,-,4,James P. McGovern,572,U.S. House,2
Montague,-,4,Cornelius Shea,177,U.S. House,2
Montague,-,4,All Others,2,U.S. House,2
Montague,-,4,Blanks,45,U.S. House,2
Montague,-,4,Total Votes Cast,796,U.S. House,2
Montague,-,5,James P. McGovern,456,U.S. House,2
Montague,-,5,Cornelius Shea,116,U.S. House,2
Montague,-,5,All Others,1,U.S. House,2
Montague,-,5,Blanks,38,U.S. House,2
Montague,-,5,Total Votes Cast,611,U.S. House,2
Montague,-,6,James P. McGovern,473,U.S. House,2
Montague,-,6,Cornelius Shea,186,U.S. House,2
Montague,-,6,All Others,2,U.S. House,2
Montague,-,6,Blanks,46,U.S. House,2
Montague,-,6,Total Votes Cast,707,U.S. House,2
Monterey,-,1,Richard E. Neal,359,U.S. House,1
Monterey,-,1,Nadia Donya Milleron,228,U.S. House,1
Monterey,-,1,All Others,1,U.S. House,1
Monterey,-,1,Blanks,16,U.S. House,1
Monterey,-,1,Total Votes Cast,604,U.S. House,1
Montgomery,-,1,Richard E. Neal,250,U.S. House,1
Montgomery,-,1,Nadia Donya Milleron,270,U.S. House,1
Montgomery,-,1,All Others,0,U.S. House,1
Montgomery,-,1,Blanks,36,U.S. House,1
Montgomery,-,1,Total Votes Cast,556,U.S. House,1
Mount Washington,-,1,Richard E. Neal,66,U.S. House,1
Mount Washington,-,1,Nadia Donya Milleron,55,U.S. House,1
Mount Washington,-,1,All Others,0,U.S. House,1
Mount Washington,-,1,Blanks,4,U.S. House,1
Mount Washington,-,1,Total Votes Cast,125,U.S. House,1
N. Adams,1,1,Richard E. Neal,830,U.S. House,1
N. Adams,1,1,Nadia Donya Milleron,350,U.S. House,1
N. Adams,1,1,All Others,0,U.S. House,1
N. Adams,1,1,Blanks,109,U.S. House,1
N. Adams,1,1,Total Votes Cast,1289,U.S. House,1
N. Adams,2,2,Richard E. Neal,747,U.S. House,1
N. Adams,2,2,Nadia Donya Milleron,310,U.S. House,1
N. Adams,2,2,All Others,2,U.S. House,1
N. Adams,2,2,Blanks,91,U.S. House,1
N. Adams,2,2,Total Votes Cast,1150,U.S. House,1
N. Adams,3,3,Richard E. Neal,531,U.S. House,1
N. Adams,3,3,Nadia Donya Milleron,218,U.S. House,1
N. Adams,3,3,All Others,1,U.S. House,1
N. Adams,3,3,Blanks,69,U.S. House,1
N. Adams,3,3,Total Votes Cast,819,U.S. House,1
N. Adams,4,4,Richard E. Neal,874,U.S. House,1
N. Adams,4,4,Nadia Donya Milleron,325,U.S. House,1
N. Adams,4,4,All Others,2,U.S. House,1
N. Adams,4,4,Blanks,109,U.S. House,1
N. Adams,4,4,Total Votes Cast,1310,U.S. House,1
N. Adams,5,5,Richard E. Neal,736,U.S. House,1
N. Adams,5,5,Nadia Donya Milleron,318,U.S. House,1
N. Adams,5,5,All Others,3,U.S. House,1
N. Adams,5,5,Blanks,102,U.S. House,1
N. Adams,5,5,Total Votes Cast,1159,U.S. House,1
N. Andover,-,1,Seth W. Moulton,1550,U.S. House,6
N. Andover,-,1,All Others,19,U.S. House,6
N. Andover,-,1,Blanks,507,U.S. House,6
N. Andover,-,1,Total Votes Cast,2076,U.S. House,6
N. Andover,-,2,Seth W. Moulton,1587,U.S. House,6
N. Andover,-,2,All Others,26,U.S. House,6
N. Andover,-,2,Blanks,549,U.S. House,6
N. Andover,-,2,Total Votes Cast,2162,U.S. House,6
N. Andover,-,3,Seth W. Moulton,1474,U.S. House,6
N. Andover,-,3,All Others,12,U.S. House,6
N. Andover,-,3,Blanks,524,U.S. House,6
N. Andover,-,3,Total Votes Cast,2010,U.S. House,6
N. Andover,-,4,Seth W. Moulton,1897,U.S. House,6
N. Andover,-,4,All Others,28,U.S. House,6
N. Andover,-,4,Blanks,659,U.S. House,6
N. Andover,-,4,Total Votes Cast,2584,U.S. House,6
N. Andover,-,5,Seth W. Moulton,887,U.S. House,6
N. Andover,-,5,All Others,4,U.S. House,6
N. Andover,-,5,Blanks,283,U.S. House,6
N. Andover,-,5,Total Votes Cast,1174,U.S. House,6
N. Andover,-,6,Seth W. Moulton,1735,U.S. House,6
N. Andover,-,6,All Others,22,U.S. House,6
N. Andover,-,6,Blanks,699,U.S. House,6
N. Andover,-,6,Total Votes Cast,2456,U.S. House,6
N. Andover,-,7,Seth W. Moulton,1718,U.S. House,6
N. Andover,-,7,All Others,20,U.S. House,6
N. Andover,-,7,Blanks,578,U.S. House,6
N. Andover,-,7,Total Votes Cast,2316,U.S. House,6
N. Andover,-,8,Seth W. Moulton,1685,U.S. House,6
N. Andover,-,8,All Others,40,U.S. House,6
N. Andover,-,8,Blanks,638,U.S. House,6
N. Andover,-,8,Total Votes Cast,2363,U.S. House,6
N. Attleborough,-,1,Jake Auchincloss,1100,U.S. House,4
N. Attleborough,-,1,Sana A. Fadel,0,U.S. House,4
N. Attleborough,-,1,All Others,22,U.S. House,4
N. Attleborough,-,1,Blanks,375,U.S. House,4
N. Attleborough,-,1,Total Votes Cast,1497,U.S. House,4
N. Attleborough,-,2,Jake Auchincloss,1382,U.S. House,4
N. Attleborough,-,2,Sana A. Fadel,2,U.S. House,4
N. Attleborough,-,2,All Others,26,U.S. House,4
N. Attleborough,-,2,Blanks,539,U.S. House,4
N. Attleborough,-,2,Total Votes Cast,1949,U.S. House,4
N. Attleborough,-,3,Jake Auchincloss,1313,U.S. House,4
N. Attleborough,-,3,Sana A. Fadel,2,U.S. House,4
N. Attleborough,-,3,All Others,58,U.S. House,4
N. Attleborough,-,3,Blanks,671,U.S. House,4
N. Attleborough,-,3,Total Votes Cast,2044,U.S. House,4
N. Attleborough,-,4,Jake Auchincloss,1248,U.S. House,4
N. Attleborough,-,4,Sana A. Fadel,0,U.S. House,4
N. Attleborough,-,4,All Others,39,U.S. House,4
N. Attleborough,-,4,Blanks,414,U.S. House,4
N. Attleborough,-,4,Total Votes Cast,1701,U.S. House,4
N. Attleborough,-,5,Jake Auchincloss,1244,U.S. House,4
N. Attleborough,-,5,Sana A. Fadel,1,U.S. House,4
N. Attleborough,-,5,All Others,30,U.S. House,4
N. Attleborough,-,5,Blanks,519,U.S. House,4
N. Attleborough,-,5,Total Votes Cast,1794,U.S. House,4
N. Attleborough,-,6,Jake Auchincloss,1400,U.S. House,4
N. Attleborough,-,6,Sana A. Fadel,2,U.S. House,4
N. Attleborough,-,6,All Others,37,U.S. House,4
N. Attleborough,-,6,Blanks,590,U.S. House,4
N. Attleborough,-,6,Total Votes Cast,2029,U.S. House,4
N. Attleborough,-,7,Jake Auchincloss,1553,U.S. House,4
N. Attleborough,-,7,Sana A. Fadel,3,U.S. House,4
N. Attleborough,-,7,All Others,30,U.S. House,4
N. Attleborough,-,7,Blanks,651,U.S. House,4
N. Attleborough,-,7,Total Votes Cast,2237,U.S. House,4
N. Attleborough,-,8,Jake Auchincloss,1350,U.S. House,4
N. Attleborough,-,8,Sana A. Fadel,7,U.S. House,4
N. Attleborough,-,8,All Others,30,U.S. House,4
N. Attleborough,-,8,Blanks,574,U.S. House,4
N. Attleborough,-,8,Total Votes Cast,1961,U.S. House,4
N. Attleborough,-,9,Jake Auchincloss,1263,U.S. House,4
N. Attleborough,-,9,Sana A. Fadel,2,U.S. House,4
N. Attleborough,-,9,All Others,41,U.S. House,4
N. Attleborough,-,9,Blanks,558,U.S. House,4
N. Attleborough,-,9,Total Votes Cast,1864,U.S. House,4
N. Brookfield,-,1,Richard E. Neal,1413,U.S. House,1
N. Brookfield,-,1,Nadia Donya Milleron,1167,U.S. House,1
N. Brookfield,-,1,All Others,10,U.S. House,1
N. Brookfield,-,1,Blanks,264,U.S. House,1
N. Brookfield,-,1,Total Votes Cast,2854,U.S. House,1
N. Reading,-,1,Seth W. Moulton,1687,U.S. House,6
N. Reading,-,1,All Others,31,U.S. House,6
N. Reading,-,1,Blanks,751,U.S. House,6
N. Reading,-,1,Total Votes Cast,2469,U.S. House,6
N. Reading,-,2,Seth W. Moulton,1826,U.S. House,6
N. Reading,-,2,All Others,33,U.S. House,6
N. Reading,-,2,Blanks,786,U.S. House,6
N. Reading,-,2,Total Votes Cast,2645,U.S. House,6
N. Reading,-,3,Seth W. Moulton,1645,U.S. House,6
N. Reading,-,3,All Others,23,U.S. House,6
N. Reading,-,3,Blanks,771,U.S. House,6
N. Reading,-,3,Total Votes Cast,2439,U.S. House,6
N. Reading,-,4,Seth W. Moulton,1735,U.S. House,6
N. Reading,-,4,All Others,23,U.S. House,6
N. Reading,-,4,Blanks,725,U.S. House,6
N. Reading,-,4,Total Votes Cast,2483,U.S. House,6
Nahant,-,1,Seth W. Moulton,1749,U.S. House,6
Nahant,-,1,All Others,61,U.S. House,6
Nahant,-,1,Blanks,542,U.S. House,6
Nahant,-,1,Total Votes Cast,2352,U.S. House,6
Nantucket,-,1,Bill Keating,4698,U.S. House,9
Nantucket,-,1,Dan Sullivan,2181,U.S. House,9
Nantucket,-,1,All Others,5,U.S. House,9
Nantucket,-,1,Blanks,290,U.S. House,9
Nantucket,-,1,Total Votes Cast,7174,U.S. House,9
Natick,-,1,Katherine M. Clark,1051,U.S. House,5
Natick,-,1,All Others,9,U.S. House,5
Natick,-,1,Blanks,290,U.S. House,5
Natick,-,1,Total Votes Cast,1350,U.S. House,5
Natick,-,10,Katherine M. Clark,1964,U.S. House,5
Natick,-,10,All Others,29,U.S. House,5
Natick,-,10,Blanks,587,U.S. House,5
Natick,-,10,Total Votes Cast,2580,U.S. House,5
Natick,-,2,Katherine M. Clark,1571,U.S. House,5
Natick,-,2,All Others,12,U.S. House,5
Natick,-,2,Blanks,478,U.S. House,5
Natick,-,2,Total Votes Cast,2061,U.S. House,5
Natick,-,3,Katherine M. Clark,1578,U.S. House,5
Natick,-,3,All Others,22,U.S. House,5
Natick,-,3,Blanks,504,U.S. House,5
Natick,-,3,Total Votes Cast,2104,U.S. House,5
Natick,-,4,Katherine M. Clark,1557,U.S. House,5
Natick,-,4,All Others,19,U.S. House,5
Natick,-,4,Blanks,409,U.S. House,5
Natick,-,4,Total Votes Cast,1985,U.S. House,5
Natick,-,5,Katherine M. Clark,1587,U.S. House,5
Natick,-,5,All Others,22,U.S. House,5
Natick,-,5,Blanks,510,U.S. House,5
Natick,-,5,Total Votes Cast,2119,U.S. House,5
Natick,-,6,Katherine M. Clark,1522,U.S. House,5
Natick,-,6,All Others,13,U.S. House,5
Natick,-,6,Blanks,474,U.S. House,5
Natick,-,6,Total Votes Cast,2009,U.S. House,5
Natick,-,7,Katherine M. Clark,1914,U.S. House,5
Natick,-,7,All Others,10,U.S. House,5
Natick,-,7,Blanks,499,U.S. House,5
Natick,-,7,Total Votes Cast,2423,U.S. House,5
Natick,-,8,Katherine M. Clark,1719,U.S. House,5
Natick,-,8,All Others,12,U.S. House,5
Natick,-,8,Blanks,522,U.S. House,5
Natick,-,8,Total Votes Cast,2253,U.S. House,5
Natick,-,9,Katherine M. Clark,1754,U.S. House,5
Natick,-,9,All Others,15,U.S. House,5
Natick,-,9,Blanks,495,U.S. House,5
Natick,-,9,Total Votes Cast,2264,U.S. House,5
Needham,-,A,Jake Auchincloss,1301,U.S. House,4
Needham,-,A,Sana A. Fadel,4,U.S. House,4
Needham,-,A,All Others,39,U.S. House,4
Needham,-,A,Blanks,386,U.S. House,4
Needham,-,A,Total Votes Cast,1730,U.S. House,4
Needham,-,B,Jake Auchincloss,1559,U.S. House,4
Needham,-,B,Sana A. Fadel,0,U.S. House,4
Needham,-,B,All Others,43,U.S. House,4
Needham,-,B,Blanks,395,U.S. House,4
Needham,-,B,Total Votes Cast,1997,U.S. House,4
Needham,-,C,Jake Auchincloss,1466,U.S. House,4
Needham,-,C,Sana A. Fadel,3,U.S. House,4
Needham,-,C,All Others,19,U.S. House,4
Needham,-,C,Blanks,387,U.S. House,4
Needham,-,C,Total Votes Cast,1875,U.S. House,4
Needham,-,D,Jake Auchincloss,1440,U.S. House,4
Needham,-,D,Sana A. Fadel,4,U.S. House,4
Needham,-,D,All Others,20,U.S. House,4
Needham,-,D,Blanks,412,U.S. House,4
Needham,-,D,Total Votes Cast,1876,U.S. House,4
Needham,-,E,Jake Auchincloss,1565,U.S. House,4
Needham,-,E,Sana A. Fadel,0,U.S. House,4
Needham,-,E,All Others,33,U.S. House,4
Needham,-,E,Blanks,418,U.S. House,4
Needham,-,E,Total Votes Cast,2016,U.S. House,4
Needham,-,F,Jake Auchincloss,1513,U.S. House,4
Needham,-,F,Sana A. Fadel,0,U.S. House,4
Needham,-,F,All Others,25,U.S. House,4
Needham,-,F,Blanks,396,U.S. House,4
Needham,-,F,Total Votes Cast,1934,U.S. House,4
Needham,-,G,Jake Auchincloss,1587,U.S. House,4
Needham,-,G,Sana A. Fadel,0,U.S. House,4
Needham,-,G,All Others,38,U.S. House,4
Needham,-,G,Blanks,397,U.S. House,4
Needham,-,G,Total Votes Cast,2022,U.S. House,4
Needham,-,H,Jake Auchincloss,1676,U.S. House,4
Needham,-,H,Sana A. Fadel,1,U.S. House,4
Needham,-,H,All Others,36,U.S. House,4
Needham,-,H,Blanks,418,U.S. House,4
Needham,-,H,Total Votes Cast,2131,U.S. House,4
Needham,-,I,Jake Auchincloss,1736,U.S. House,4
Needham,-,I,Sana A. Fadel,3,U.S. House,4
Needham,-,I,All Others,46,U.S. House,4
Needham,-,I,Blanks,360,U.S. House,4
Needham,-,I,Total Votes Cast,2145,U.S. House,4
Needham,-,J,Jake Auchincloss,1559,U.S. House,4
Needham,-,J,Sana A. Fadel,10,U.S. House,4
Needham,-,J,All Others,35,U.S. House,4
Needham,-,J,Blanks,376,U.S. House,4
Needham,-,J,Total Votes Cast,1980,U.S. House,4
New Ashford,-,1,Richard E. Neal,100,U.S. House,1
New Ashford,-,1,Nadia Donya Milleron,51,U.S. House,1
New Ashford,-,1,All Others,0,U.S. House,1
New Ashford,-,1,Blanks,13,U.S. House,1
New Ashford,-,1,Total Votes Cast,164,U.S. House,1
New Bedford,1,A,Bill Keating,594,U.S. House,9
New Bedford,1,A,Dan Sullivan,530,U.S. House,9
New Bedford,1,A,All Others,2,U.S. House,9
New Bedford,1,A,Blanks,57,U.S. House,9
New Bedford,1,A,Total Votes Cast,1183,U.S. House,9
New Bedford,1,A1,Bill Keating,71,U.S. House,9
New Bedford,1,A1,Dan Sullivan,39,U.S. House,9
New Bedford,1,A1,All Others,0,U.S. House,9
New Bedford,1,A1,Blanks,13,U.S. House,9
New Bedford,1,A1,Total Votes Cast,123,U.S. House,9
New Bedford,1,B,Bill Keating,690,U.S. House,9
New Bedford,1,B,Dan Sullivan,623,U.S. House,9
New Bedford,1,B,All Others,1,U.S. House,9
New Bedford,1,B,Blanks,78,U.S. House,9
New Bedford,1,B,Total Votes Cast,1392,U.S. House,9
New Bedford,1,B1,Bill Keating,55,U.S. House,9
New Bedford,1,B1,Dan Sullivan,39,U.S. House,9
New Bedford,1,B1,All Others,0,U.S. House,9
New Bedford,1,B1,Blanks,10,U.S. House,9
New Bedford,1,B1,Total Votes Cast,104,U.S. House,9
New Bedford,1,C,Bill Keating,461,U.S. House,9
New Bedford,1,C,Dan Sullivan,424,U.S. House,9
New Bedford,1,C,All Others,2,U.S. House,9
New Bedford,1,C,Blanks,63,U.S. House,9
New Bedford,1,C,Total Votes Cast,950,U.S. House,9
New Bedford,1,C1,Bill Keating,96,U.S. House,9
New Bedford,1,C1,Dan Sullivan,81,U.S. House,9
New Bedford,1,C1,All Others,2,U.S. House,9
New Bedford,1,C1,Blanks,11,U.S. House,9
New Bedford,1,C1,Total Votes Cast,190,U.S. House,9
New Bedford,1,D,Bill Keating,759,U.S. House,9
New Bedford,1,D,Dan Sullivan,738,U.S. House,9
New Bedford,1,D,All Others,4,U.S. House,9
New Bedford,1,D,Blanks,92,U.S. House,9
New Bedford,1,D,Total Votes Cast,1593,U.S. House,9
New Bedford,1,E,Bill Keating,718,U.S. House,9
New Bedford,1,E,Dan Sullivan,583,U.S. House,9
New Bedford,1,E,All Others,0,U.S. House,9
New Bedford,1,E,Blanks,82,U.S. House,9
New Bedford,1,E,Total Votes Cast,1383,U.S. House,9
New Bedford,1,F,Bill Keating,703,U.S. House,9
New Bedford,1,F,Dan Sullivan,643,U.S. House,9
New Bedford,1,F,All Others,4,U.S. House,9
New Bedford,1,F,Blanks,77,U.S. House,9
New Bedford,1,F,Total Votes Cast,1427,U.S. House,9
New Bedford,2,A,Bill Keating,181,U.S. House,9
New Bedford,2,A,Dan Sullivan,108,U.S. House,9
New Bedford,2,A,All Others,1,U.S. House,9
New Bedford,2,A,Blanks,25,U.S. House,9
New Bedford,2,A,Total Votes Cast,315,U.S. House,9
New Bedford,2,B,Bill Keating,249,U.S. House,9
New Bedford,2,B,Dan Sullivan,220,U.S. House,9
New Bedford,2,B,All Others,2,U.S. House,9
New Bedford,2,B,Blanks,31,U.S. House,9
New Bedford,2,B,Total Votes Cast,502,U.S. House,9
New Bedford,2,C,Bill Keating,308,U.S. House,9
New Bedford,2,C,Dan Sullivan,239,U.S. House,9
New Bedford,2,C,All Others,2,U.S. House,9
New Bedford,2,C,Blanks,44,U.S. House,9
New Bedford,2,C,Total Votes Cast,593,U.S. House,9
New Bedford,2,D,Bill Keating,573,U.S. House,9
New Bedford,2,D,Dan Sullivan,369,U.S. House,9
New Bedford,2,D,All Others,4,U.S. House,9
New Bedford,2,D,Blanks,66,U.S. House,9
New Bedford,2,D,Total Votes Cast,1012,U.S. House,9
New Bedford,2,E,Bill Keating,599,U.S. House,9
New Bedford,2,E,Dan Sullivan,570,U.S. House,9
New Bedford,2,E,All Others,3,U.S. House,9
New Bedford,2,E,Blanks,62,U.S. House,9
New Bedford,2,E,Total Votes Cast,1234,U.S. House,9
New Bedford,2,F,Bill Keating,485,U.S. House,9
New Bedford,2,F,Dan Sullivan,379,U.S. House,9
New Bedford,2,F,All Others,0,U.S. House,9
New Bedford,2,F,Blanks,44,U.S. House,9
New Bedford,2,F,Total Votes Cast,908,U.S. House,9
New Bedford,3,A,Bill Keating,365,U.S. House,9
New Bedford,3,A,Dan Sullivan,195,U.S. House,9
New Bedford,3,A,All Others,1,U.S. House,9
New Bedford,3,A,Blanks,23,U.S. House,9
New Bedford,3,A,Total Votes Cast,584,U.S. House,9
New Bedford,3,B,Bill Keating,350,U.S. House,9
New Bedford,3,B,Dan Sullivan,204,U.S. House,9
New Bedford,3,B,All Others,2,U.S. House,9
New Bedford,3,B,Blanks,60,U.S. House,9
New Bedford,3,B,Total Votes Cast,616,U.S. House,9
New Bedford,3,C,Bill Keating,256,U.S. House,9
New Bedford,3,C,Dan Sullivan,213,U.S. House,9
New Bedford,3,C,All Others,4,U.S. House,9
New Bedford,3,C,Blanks,28,U.S. House,9
New Bedford,3,C,Total Votes Cast,501,U.S. House,9
New Bedford,3,D,Bill Keating,417,U.S. House,9
New Bedford,3,D,Dan Sullivan,302,U.S. House,9
New Bedford,3,D,All Others,0,U.S. House,9
New Bedford,3,D,Blanks,56,U.S. House,9
New Bedford,3,D,Total Votes Cast,775,U.S. House,9
New Bedford,3,E,Bill Keating,619,U.S. House,9
New Bedford,3,E,Dan Sullivan,425,U.S. House,9
New Bedford,3,E,All Others,1,U.S. House,9
New Bedford,3,E,Blanks,57,U.S. House,9
New Bedford,3,E,Total Votes Cast,1102,U.S. House,9
New Bedford,3,F,Bill Keating,519,U.S. House,9
New Bedford,3,F,Dan Sullivan,334,U.S. House,9
New Bedford,3,F,All Others,1,U.S. House,9
New Bedford,3,F,Blanks,82,U.S. House,9
New Bedford,3,F,Total Votes Cast,936,U.S. House,9
New Bedford,3,F1,Bill Keating,252,U.S. House,9
New Bedford,3,F1,Dan Sullivan,168,U.S. House,9
New Bedford,3,F1,All Others,4,U.S. House,9
New Bedford,3,F1,Blanks,22,U.S. House,9
New Bedford,3,F1,Total Votes Cast,446,U.S. House,9
New Bedford,4,A,Bill Keating,203,U.S. House,9
New Bedford,4,A,Dan Sullivan,88,U.S. House,9
New Bedford,4,A,All Others,0,U.S. House,9
New Bedford,4,A,Blanks,21,U.S. House,9
New Bedford,4,A,Total Votes Cast,312,U.S. House,9
New Bedford,4,A1,Bill Keating,228,U.S. House,9
New Bedford,4,A1,Dan Sullivan,91,U.S. House,9
New Bedford,4,A1,All Others,1,U.S. House,9
New Bedford,4,A1,Blanks,19,U.S. House,9
New Bedford,4,A1,Total Votes Cast,339,U.S. House,9
New Bedford,4,B,Bill Keating,606,U.S. House,9
New Bedford,4,B,Dan Sullivan,288,U.S. House,9
New Bedford,4,B,All Others,3,U.S. House,9
New Bedford,4,B,Blanks,60,U.S. House,9
New Bedford,4,B,Total Votes Cast,957,U.S. House,9
New Bedford,4,C,Bill Keating,666,U.S. House,9
New Bedford,4,C,Dan Sullivan,235,U.S. House,9
New Bedford,4,C,All Others,5,U.S. House,9
New Bedford,4,C,Blanks,70,U.S. House,9
New Bedford,4,C,Total Votes Cast,976,U.S. House,9
New Bedford,4,D,Bill Keating,506,U.S. House,9
New Bedford,4,D,Dan Sullivan,304,U.S. House,9
New Bedford,4,D,All Others,2,U.S. House,9
New Bedford,4,D,Blanks,62,U.S. House,9
New Bedford,4,D,Total Votes Cast,874,U.S. House,9
New Bedford,4,E,Bill Keating,505,U.S. House,9
New Bedford,4,E,Dan Sullivan,301,U.S. House,9
New Bedford,4,E,All Others,3,U.S. House,9
New Bedford,4,E,Blanks,52,U.S. House,9
New Bedford,4,E,Total Votes Cast,861,U.S. House,9
New Bedford,4,F,Bill Keating,641,U.S. House,9
New Bedford,4,F,Dan Sullivan,305,U.S. House,9
New Bedford,4,F,All Others,1,U.S. House,9
New Bedford,4,F,Blanks,68,U.S. House,9
New Bedford,4,F,Total Votes Cast,1015,U.S. House,9
New Bedford,5,A,Bill Keating,721,U.S. House,9
New Bedford,5,A,Dan Sullivan,339,U.S. House,9
New Bedford,5,A,All Others,62,U.S. House,9
New Bedford,5,A,Blanks,3,U.S. House,9
New Bedford,5,A,Total Votes Cast,1125,U.S. House,9
New Bedford,5,B,Bill Keating,639,U.S. House,9
New Bedford,5,B,Dan Sullivan,334,U.S. House,9
New Bedford,5,B,All Others,0,U.S. House,9
New Bedford,5,B,Blanks,73,U.S. House,9
New Bedford,5,B,Total Votes Cast,1046,U.S. House,9
New Bedford,5,C,Bill Keating,584,U.S. House,9
New Bedford,5,C,Dan Sullivan,384,U.S. House,9
New Bedford,5,C,All Others,3,U.S. House,9
New Bedford,5,C,Blanks,63,U.S. House,9
New Bedford,5,C,Total Votes Cast,1034,U.S. House,9
New Bedford,5,D,Bill Keating,772,U.S. House,9
New Bedford,5,D,Dan Sullivan,353,U.S. House,9
New Bedford,5,D,All Others,5,U.S. House,9
New Bedford,5,D,Blanks,60,U.S. House,9
New Bedford,5,D,Total Votes Cast,1190,U.S. House,9
New Bedford,5,E,Bill Keating,848,U.S. House,9
New Bedford,5,E,Dan Sullivan,479,U.S. House,9
New Bedford,5,E,All Others,1,U.S. House,9
New Bedford,5,E,Blanks,68,U.S. House,9
New Bedford,5,E,Total Votes Cast,1396,U.S. House,9
New Bedford,5,F,Bill Keating,812,U.S. House,9
New Bedford,5,F,Dan Sullivan,504,U.S. House,9
New Bedford,5,F,All Others,2,U.S. House,9
New Bedford,5,F,Blanks,78,U.S. House,9
New Bedford,5,F,Total Votes Cast,1396,U.S. House,9
New Bedford,6,A,Bill Keating,652,U.S. House,9
New Bedford,6,A,Dan Sullivan,493,U.S. House,9
New Bedford,6,A,All Others,2,U.S. House,9
New Bedford,6,A,Blanks,66,U.S. House,9
New Bedford,6,A,Total Votes Cast,1213,U.S. House,9
New Bedford,6,B,Bill Keating,533,U.S. House,9
New Bedford,6,B,Dan Sullivan,375,U.S. House,9
New Bedford,6,B,All Others,0,U.S. House,9
New Bedford,6,B,Blanks,51,U.S. House,9
New Bedford,6,B,Total Votes Cast,959,U.S. House,9
New Bedford,6,C,Bill Keating,294,U.S. House,9
New Bedford,6,C,Dan Sullivan,226,U.S. House,9
New Bedford,6,C,All Others,1,U.S. House,9
New Bedford,6,C,Blanks,52,U.S. House,9
New Bedford,6,C,Total Votes Cast,573,U.S. House,9
New Bedford,6,D,Bill Keating,241,U.S. House,9
New Bedford,6,D,Dan Sullivan,166,U.S. House,9
New Bedford,6,D,All Others,1,U.S. House,9
New Bedford,6,D,Blanks,30,U.S. House,9
New Bedford,6,D,Total Votes Cast,438,U.S. House,9
New Bedford,6,E,Bill Keating,290,U.S. House,9
New Bedford,6,E,Dan Sullivan,206,U.S. House,9
New Bedford,6,E,All Others,0,U.S. House,9
New Bedford,6,E,Blanks,59,U.S. House,9
New Bedford,6,E,Total Votes Cast,555,U.S. House,9
New Bedford,6,F,Bill Keating,443,U.S. House,9
New Bedford,6,F,Dan Sullivan,295,U.S. House,9
New Bedford,6,F,All Others,6,U.S. House,9
New Bedford,6,F,Blanks,64,U.S. House,9
New Bedford,6,F,Total Votes Cast,808,U.S. House,9
New Braintree,-,1,Richard E. Neal,352,U.S. House,1
New Braintree,-,1,Nadia Donya Milleron,267,U.S. House,1
New Braintree,-,1,All Others,0,U.S. House,1
New Braintree,-,1,Blanks,56,U.S. House,1
New Braintree,-,1,Total Votes Cast,675,U.S. House,1
New Marlborough,-,1,Richard E. Neal,499,U.S. House,1
New Marlborough,-,1,Nadia Donya Milleron,449,U.S. House,1
New Marlborough,-,1,All Others,0,U.S. House,1
New Marlborough,-,1,Blanks,54,U.S. House,1
New Marlborough,-,1,Total Votes Cast,1002,U.S. House,1
New Salem,-,1,James P. McGovern,454,U.S. House,2
New Salem,-,1,Cornelius Shea,218,U.S. House,2
New Salem,-,1,All Others,0,U.S. House,2
New Salem,-,1,Blanks,42,U.S. House,2
New Salem,-,1,Total Votes Cast,714,U.S. House,2
Newbury,-,1,Seth W. Moulton,1818,U.S. House,6
Newbury,-,1,All Others,42,U.S. House,6
Newbury,-,1,Blanks,595,U.S. House,6
Newbury,-,1,Total Votes Cast,2455,U.S. House,6
Newbury,-,2,Seth W. Moulton,1763,U.S. House,6
Newbury,-,2,All Others,42,U.S. House,6
Newbury,-,2,Blanks,641,U.S. House,6
Newbury,-,2,Total Votes Cast,2446,U.S. House,6
Newburyport,1,1,Seth W. Moulton,1332,U.S. House,6
Newburyport,1,1,All Others,23,U.S. House,6
Newburyport,1,1,Blanks,275,U.S. House,6
Newburyport,1,1,Total Votes Cast,1630,U.S. House,6
Newburyport,1,P,Seth W. Moulton,339,U.S. House,6
Newburyport,1,P,All Others,14,U.S. House,6
Newburyport,1,P,Blanks,127,U.S. House,6
Newburyport,1,P,Total Votes Cast,480,U.S. House,6
Newburyport,2,1,Seth W. Moulton,1703,U.S. House,6
Newburyport,2,1,All Others,37,U.S. House,6
Newburyport,2,1,Blanks,331,U.S. House,6
Newburyport,2,1,Total Votes Cast,2071,U.S. House,6
Newburyport,3,1,Seth W. Moulton,1842,U.S. House,6
Newburyport,3,1,All Others,33,U.S. House,6
Newburyport,3,1,Blanks,377,U.S. House,6
Newburyport,3,1,Total Votes Cast,2252,U.S. House,6
Newburyport,4,1,Seth W. Moulton,1736,U.S. House,6
Newburyport,4,1,All Others,34,U.S. House,6
Newburyport,4,1,Blanks,419,U.S. House,6
Newburyport,4,1,Total Votes Cast,2189,U.S. House,6
Newburyport,5,1,Seth W. Moulton,1444,U.S. House,6
Newburyport,5,1,All Others,40,U.S. House,6
Newburyport,5,1,Blanks,407,U.S. House,6
Newburyport,5,1,Total Votes Cast,1891,U.S. House,6
Newburyport,6,1,Seth W. Moulton,1579,U.S. House,6
Newburyport,6,1,All Others,44,U.S. House,6
Newburyport,6,1,Blanks,443,U.S. House,6
Newburyport,6,1,Total Votes Cast,2066,U.S. House,6
Newton,1,1,Jake Auchincloss,1044,U.S. House,4
Newton,1,1,Sana A. Fadel,5,U.S. House,4
Newton,1,1,All Others,37,U.S. House,4
Newton,1,1,Blanks,341,U.S. House,4
Newton,1,1,Total Votes Cast,1427,U.S. House,4
Newton,1,2,Jake Auchincloss,1150,U.S. House,4
Newton,1,2,Sana A. Fadel,20,U.S. House,4
Newton,1,2,All Others,24,U.S. House,4
Newton,1,2,Blanks,254,U.S. House,4
Newton,1,2,Total Votes Cast,1448,U.S. House,4
Newton,1,2A,Jake Auchincloss,58,U.S. House,4
Newton,1,2A,Sana A. Fadel,0,U.S. House,4
Newton,1,2A,All Others,2,U.S. House,4
Newton,1,2A,Blanks,15,U.S. House,4
Newton,1,2A,Total Votes Cast,75,U.S. House,4
Newton,1,3,Jake Auchincloss,1218,U.S. House,4
Newton,1,3,Sana A. Fadel,3,U.S. House,4
Newton,1,3,All Others,23,U.S. House,4
Newton,1,3,Blanks,234,U.S. House,4
Newton,1,3,Total Votes Cast,1478,U.S. House,4
Newton,1,4,Jake Auchincloss,1065,U.S. House,4
Newton,1,4,Sana A. Fadel,10,U.S. House,4
Newton,1,4,All Others,40,U.S. House,4
Newton,1,4,Blanks,371,U.S. House,4
Newton,1,4,Total Votes Cast,1486,U.S. House,4
Newton,2,1,Jake Auchincloss,1104,U.S. House,4
Newton,2,1,Sana A. Fadel,34,U.S. House,4
Newton,2,1,All Others,24,U.S. House,4
Newton,2,1,Blanks,311,U.S. House,4
Newton,2,1,Total Votes Cast,1473,U.S. House,4
Newton,2,2,Jake Auchincloss,890,U.S. House,4
Newton,2,2,Sana A. Fadel,15,U.S. House,4
Newton,2,2,All Others,15,U.S. House,4
Newton,2,2,Blanks,201,U.S. House,4
Newton,2,2,Total Votes Cast,1121,U.S. House,4
Newton,2,3,Jake Auchincloss,1361,U.S. House,4
Newton,2,3,Sana A. Fadel,21,U.S. House,4
Newton,2,3,All Others,33,U.S. House,4
Newton,2,3,Blanks,277,U.S. House,4
Newton,2,3,Total Votes Cast,1692,U.S. House,4
Newton,2,4,Jake Auchincloss,1492,U.S. House,4
Newton,2,4,Sana A. Fadel,8,U.S. House,4
Newton,2,4,All Others,29,U.S. House,4
Newton,2,4,Blanks,298,U.S. House,4
Newton,2,4,Total Votes Cast,1827,U.S. House,4
Newton,3,1,Jake Auchincloss,1195,U.S. House,4
Newton,3,1,Sana A. Fadel,24,U.S. House,4
Newton,3,1,All Others,28,U.S. House,4
Newton,3,1,Blanks,346,U.S. House,4
Newton,3,1,Total Votes Cast,1593,U.S. House,4
Newton,3,1A,Jake Auchincloss,0,U.S. House,4
Newton,3,1A,Sana A. Fadel,0,U.S. House,4
Newton,3,1A,All Others,0,U.S. House,4
Newton,3,1A,Blanks,0,U.S. House,4
Newton,3,1A,Total Votes Cast,0,U.S. House,4
Newton,3,2,Jake Auchincloss,1325,U.S. House,4
Newton,3,2,Sana A. Fadel,11,U.S. House,4
Newton,3,2,All Others,19,U.S. House,4
Newton,3,2,Blanks,243,U.S. House,4
Newton,3,2,Total Votes Cast,1598,U.S. House,4
Newton,3,3,Jake Auchincloss,1244,U.S. House,4
Newton,3,3,Sana A. Fadel,7,U.S. House,4
Newton,3,3,All Others,32,U.S. House,4
Newton,3,3,Blanks,362,U.S. House,4
Newton,3,3,Total Votes Cast,1645,U.S. House,4
Newton,3,4,Jake Auchincloss,1154,U.S. House,4
Newton,3,4,Sana A. Fadel,0,U.S. House,4
Newton,3,4,All Others,35,U.S. House,4
Newton,3,4,Blanks,376,U.S. House,4
Newton,3,4,Total Votes Cast,1565,U.S. House,4
Newton,4,1,Jake Auchincloss,1163,U.S. House,4
Newton,4,1,Sana A. Fadel,11,U.S. House,4
Newton,4,1,All Others,25,U.S. House,4
Newton,4,1,Blanks,315,U.S. House,4
Newton,4,1,Total Votes Cast,1514,U.S. House,4
Newton,4,2,Jake Auchincloss,1083,U.S. House,4
Newton,4,2,Sana A. Fadel,15,U.S. House,4
Newton,4,2,All Others,18,U.S. House,4
Newton,4,2,Blanks,269,U.S. House,4
Newton,4,2,Total Votes Cast,1385,U.S. House,4
Newton,4,3,Jake Auchincloss,849,U.S. House,4
Newton,4,3,Sana A. Fadel,2,U.S. House,4
Newton,4,3,All Others,22,U.S. House,4
Newton,4,3,Blanks,239,U.S. House,4
Newton,4,3,Total Votes Cast,1112,U.S. House,4
Newton,4,4,Jake Auchincloss,1089,U.S. House,4
Newton,4,4,Sana A. Fadel,5,U.S. House,4
Newton,4,4,All Others,27,U.S. House,4
Newton,4,4,Blanks,350,U.S. House,4
Newton,4,4,Total Votes Cast,1471,U.S. House,4
Newton,5,1,Jake Auchincloss,1101,U.S. House,4
Newton,5,1,Sana A. Fadel,7,U.S. House,4
Newton,5,1,All Others,33,U.S. House,4
Newton,5,1,Blanks,320,U.S. House,4
Newton,5,1,Total Votes Cast,1461,U.S. House,4
Newton,5,2,Jake Auchincloss,1230,U.S. House,4
Newton,5,2,Sana A. Fadel,17,U.S. House,4
Newton,5,2,All Others,20,U.S. House,4
Newton,5,2,Blanks,275,U.S. House,4
Newton,5,2,Total Votes Cast,1542,U.S. House,4
Newton,5,3,Jake Auchincloss,1497,U.S. House,4
Newton,5,3,Sana A. Fadel,0,U.S. House,4
Newton,5,3,All Others,15,U.S. House,4
Newton,5,3,Blanks,247,U.S. House,4
Newton,5,3,Total Votes Cast,1759,U.S. House,4
Newton,5,4,Jake Auchincloss,1410,U.S. House,4
Newton,5,4,Sana A. Fadel,5,U.S. House,4
Newton,5,4,All Others,15,U.S. House,4
Newton,5,4,Blanks,304,U.S. House,4
Newton,5,4,Total Votes Cast,1734,U.S. House,4
Newton,6,1,Jake Auchincloss,1143,U.S. House,4
Newton,6,1,Sana A. Fadel,0,U.S. House,4
Newton,6,1,All Others,29,U.S. House,4
Newton,6,1,Blanks,350,U.S. House,4
Newton,6,1,Total Votes Cast,1522,U.S. House,4
Newton,6,2,Jake Auchincloss,1174,U.S. House,4
Newton,6,2,Sana A. Fadel,8,U.S. House,4
Newton,6,2,All Others,31,U.S. House,4
Newton,6,2,Blanks,283,U.S. House,4
Newton,6,2,Total Votes Cast,1496,U.S. House,4
Newton,6,3,Jake Auchincloss,1345,U.S. House,4
Newton,6,3,Sana A. Fadel,26,U.S. House,4
Newton,6,3,All Others,12,U.S. House,4
Newton,6,3,Blanks,312,U.S. House,4
Newton,6,3,Total Votes Cast,1695,U.S. House,4
Newton,6,4,Jake Auchincloss,1438,U.S. House,4
Newton,6,4,Sana A. Fadel,10,U.S. House,4
Newton,6,4,All Others,30,U.S. House,4
Newton,6,4,Blanks,311,U.S. House,4
Newton,6,4,Total Votes Cast,1789,U.S. House,4
Newton,7,1,Jake Auchincloss,1041,U.S. House,4
Newton,7,1,Sana A. Fadel,9,U.S. House,4
Newton,7,1,All Others,24,U.S. House,4
Newton,7,1,Blanks,262,U.S. House,4
Newton,7,1,Total Votes Cast,1336,U.S. House,4
Newton,7,2,Jake Auchincloss,1408,U.S. House,4
Newton,7,2,Sana A. Fadel,0,U.S. House,4
Newton,7,2,All Others,30,U.S. House,4
Newton,7,2,Blanks,290,U.S. House,4
Newton,7,2,Total Votes Cast,1728,U.S. House,4
Newton,7,3,Jake Auchincloss,372,U.S. House,4
Newton,7,3,Sana A. Fadel,3,U.S. House,4
Newton,7,3,All Others,8,U.S. House,4
Newton,7,3,Blanks,109,U.S. House,4
Newton,7,3,Total Votes Cast,492,U.S. House,4
Newton,7,4,Jake Auchincloss,633,U.S. House,4
Newton,7,4,Sana A. Fadel,21,U.S. House,4
Newton,7,4,All Others,11,U.S. House,4
Newton,7,4,Blanks,161,U.S. House,4
Newton,7,4,Total Votes Cast,826,U.S. House,4
Newton,8,1,Jake Auchincloss,1143,U.S. House,4
Newton,8,1,Sana A. Fadel,5,U.S. House,4
Newton,8,1,All Others,39,U.S. House,4
Newton,8,1,Blanks,301,U.S. House,4
Newton,8,1,Total Votes Cast,1488,U.S. House,4
Newton,8,2,Jake Auchincloss,1193,U.S. House,4
Newton,8,2,Sana A. Fadel,0,U.S. House,4
Newton,8,2,All Others,32,U.S. House,4
Newton,8,2,Blanks,286,U.S. House,4
Newton,8,2,Total Votes Cast,1511,U.S. House,4
Newton,8,3,Jake Auchincloss,1203,U.S. House,4
Newton,8,3,Sana A. Fadel,16,U.S. House,4
Newton,8,3,All Others,27,U.S. House,4
Newton,8,3,Blanks,348,U.S. House,4
Newton,8,3,Total Votes Cast,1594,U.S. House,4
Newton,8,4,Jake Auchincloss,1109,U.S. House,4
Newton,8,4,Sana A. Fadel,0,U.S. House,4
Newton,8,4,All Others,29,U.S. House,4
Newton,8,4,Blanks,322,U.S. House,4
Newton,8,4,Total Votes Cast,1460,U.S. House,4
Norfolk,-,1,Jake Auchincloss,795,U.S. House,4
Norfolk,-,1,Sana A. Fadel,0,U.S. House,4
Norfolk,-,1,All Others,6,U.S. House,4
Norfolk,-,1,Blanks,376,U.S. House,4
Norfolk,-,1,Total Votes Cast,1177,U.S. House,4
Norfolk,-,2,Jake Auchincloss,1385,U.S. House,4
Norfolk,-,2,Sana A. Fadel,2,U.S. House,4
Norfolk,-,2,All Others,13,U.S. House,4
Norfolk,-,2,Blanks,673,U.S. House,4
Norfolk,-,2,Total Votes Cast,2073,U.S. House,4
Norfolk,-,3,Jake Auchincloss,1192,U.S. House,4
Norfolk,-,3,Sana A. Fadel,0,U.S. House,4
Norfolk,-,3,All Others,20,U.S. House,4
Norfolk,-,3,Blanks,546,U.S. House,4
Norfolk,-,3,Total Votes Cast,1758,U.S. House,4
Norfolk,-,4,Jake Auchincloss,1296,U.S. House,4
Norfolk,-,4,Sana A. Fadel,0,U.S. House,4
Norfolk,-,4,All Others,25,U.S. House,4
Norfolk,-,4,Blanks,562,U.S. House,4
Norfolk,-,4,Total Votes Cast,1883,U.S. House,4
Northampton,1,A,James P. McGovern,969,U.S. House,2
Northampton,1,A,Cornelius Shea,130,U.S. House,2
Northampton,1,A,All Others,0,U.S. House,2
Northampton,1,A,Blanks,54,U.S. House,2
Northampton,1,A,Total Votes Cast,1153,U.S. House,2
Northampton,1,B,James P. McGovern,1172,U.S. House,2
Northampton,1,B,Cornelius Shea,102,U.S. House,2
Northampton,1,B,All Others,3,U.S. House,2
Northampton,1,B,Blanks,40,U.S. House,2
Northampton,1,B,Total Votes Cast,1317,U.S. House,2
Northampton,2,A,James P. McGovern,907,U.S. House,2
Northampton,2,A,Cornelius Shea,47,U.S. House,2
Northampton,2,A,All Others,2,U.S. House,2
Northampton,2,A,Blanks,42,U.S. House,2
Northampton,2,A,Total Votes Cast,998,U.S. House,2
Northampton,2,B,James P. McGovern,737,U.S. House,2
Northampton,2,B,Cornelius Shea,56,U.S. House,2
Northampton,2,B,All Others,2,U.S. House,2
Northampton,2,B,Blanks,29,U.S. House,2
Northampton,2,B,Total Votes Cast,824,U.S. House,2
Northampton,3,A,James P. McGovern,1058,U.S. House,2
Northampton,3,A,Cornelius Shea,140,U.S. House,2
Northampton,3,A,All Others,6,U.S. House,2
Northampton,3,A,Blanks,62,U.S. House,2
Northampton,3,A,Total Votes Cast,1266,U.S. House,2
Northampton,3,B,James P. McGovern,1110,U.S. House,2
Northampton,3,B,Cornelius Shea,87,U.S. House,2
Northampton,3,B,All Others,1,U.S. House,2
Northampton,3,B,Blanks,47,U.S. House,2
Northampton,3,B,Total Votes Cast,1245,U.S. House,2
Northampton,4,A,James P. McGovern,872,U.S. House,2
Northampton,4,A,Cornelius Shea,68,U.S. House,2
Northampton,4,A,All Others,1,U.S. House,2
Northampton,4,A,Blanks,50,U.S. House,2
Northampton,4,A,Total Votes Cast,991,U.S. House,2
Northampton,4,B,James P. McGovern,1159,U.S. House,2
Northampton,4,B,Cornelius Shea,115,U.S. House,2
Northampton,4,B,All Others,0,U.S. House,2
Northampton,4,B,Blanks,53,U.S. House,2
Northampton,4,B,Total Votes Cast,1327,U.S. House,2
Northampton,5,A,James P. McGovern,951,U.S. House,2
Northampton,5,A,Cornelius Shea,121,U.S. House,2
Northampton,5,A,All Others,1,U.S. House,2
Northampton,5,A,Blanks,51,U.S. House,2
Northampton,5,A,Total Votes Cast,1124,U.S. House,2
Northampton,5,B,James P. McGovern,1162,U.S. House,2
Northampton,5,B,Cornelius Shea,109,U.S. House,2
Northampton,5,B,All Others,0,U.S. House,2
Northampton,5,B,Blanks,44,U.S. House,2
Northampton,5,B,Total Votes Cast,1315,U.S. House,2
Northampton,6,A,James P. McGovern,1197,U.S. House,2
Northampton,6,A,Cornelius Shea,276,U.S. House,2
Northampton,6,A,All Others,0,U.S. House,2
Northampton,6,A,Blanks,75,U.S. House,2
Northampton,6,A,Total Votes Cast,1548,U.S. House,2
Northampton,6,B,James P. McGovern,1264,U.S. House,2
Northampton,6,B,Cornelius Shea,196,U.S. House,2
Northampton,6,B,All Others,1,U.S. House,2
Northampton,6,B,Blanks,58,U.S. House,2
Northampton,6,B,Total Votes Cast,1519,U.S. House,2
Northampton,7,A,James P. McGovern,1060,U.S. House,2
Northampton,7,A,Cornelius Shea,139,U.S. House,2
Northampton,7,A,All Others,1,U.S. House,2
Northampton,7,A,Blanks,56,U.S. House,2
Northampton,7,A,Total Votes Cast,1256,U.S. House,2
Northampton,7,B,James P. McGovern,1103,U.S. House,2
Northampton,7,B,Cornelius Shea,149,U.S. House,2
Northampton,7,B,All Others,1,U.S. House,2
Northampton,7,B,Blanks,79,U.S. House,2
Northampton,7,B,Total Votes Cast,1332,U.S. House,2
Northborough,-,1,James P. McGovern,1516,U.S. House,2
Northborough,-,1,Cornelius Shea,658,U.S. House,2
Northborough,-,1,All Others,8,U.S. House,2
Northborough,-,1,Blanks,114,U.S. House,2
Northborough,-,1,Total Votes Cast,2296,U.S. House,2
Northborough,-,2,James P. McGovern,1494,U.S. House,2
Northborough,-,2,Cornelius Shea,652,U.S. House,2
Northborough,-,2,All Others,4,U.S. House,2
Northborough,-,2,Blanks,81,U.S. House,2
Northborough,-,2,Total Votes Cast,2231,U.S. House,2
Northborough,-,3,James P. McGovern,1586,U.S. House,2
Northborough,-,3,Cornelius Shea,665,U.S. House,2
Northborough,-,3,All Others,8,U.S. House,2
Northborough,-,3,Blanks,102,U.S. House,2
Northborough,-,3,Total Votes Cast,2361,U.S. House,2
Northborough,-,4,James P. McGovern,1499,U.S. House,2
Northborough,-,4,Cornelius Shea,728,U.S. House,2
Northborough,-,4,All Others,9,U.S. House,2
Northborough,-,4,Blanks,116,U.S. House,2
Northborough,-,4,Total Votes Cast,2352,U.S. House,2
Northbridge,-,1,James P. McGovern,1202,U.S. House,2
Northbridge,-,1,Cornelius Shea,702,U.S. House,2
Northbridge,-,1,All Others,4,U.S. House,2
Northbridge,-,1,Blanks,113,U.S. House,2
Northbridge,-,1,Total Votes Cast,2021,U.S. House,2
Northbridge,-,2,James P. McGovern,908,U.S. House,2
Northbridge,-,2,Cornelius Shea,663,U.S. House,2
Northbridge,-,2,All Others,8,U.S. House,2
Northbridge,-,2,Blanks,103,U.S. House,2
Northbridge,-,2,Total Votes Cast,1682,U.S. House,2
Northbridge,-,3,James P. McGovern,849,U.S. House,2
Northbridge,-,3,Cornelius Shea,603,U.S. House,2
Northbridge,-,3,All Others,2,U.S. House,2
Northbridge,-,3,Blanks,95,U.S. House,2
Northbridge,-,3,Total Votes Cast,1549,U.S. House,2
Northbridge,-,4,James P. McGovern,1111,U.S. House,2
Northbridge,-,4,Cornelius Shea,845,U.S. House,2
Northbridge,-,4,All Others,3,U.S. House,2
Northbridge,-,4,Blanks,142,U.S. House,2
Northbridge,-,4,Total Votes Cast,2101,U.S. House,2
Northbridge,-,5,James P. McGovern,993,U.S. House,2
Northbridge,-,5,Cornelius Shea,804,U.S. House,2
Northbridge,-,5,All Others,4,U.S. House,2
Northbridge,-,5,Blanks,122,U.S. House,2
Northbridge,-,5,Total Votes Cast,1923,U.S. House,2
Northfield,-,1,James P. McGovern,1239,U.S. House,2
Northfield,-,1,Cornelius Shea,572,U.S. House,2
Northfield,-,1,All Others,3,U.S. House,2
Northfield,-,1,Blanks,140,U.S. House,2
Northfield,-,1,Total Votes Cast,1954,U.S. House,2
Norton,-,1,Jake Auchincloss,1430,U.S. House,4
Norton,-,1,Sana A. Fadel,61,U.S. House,4
Norton,-,1,All Others,1,U.S. House,4
Norton,-,1,Blanks,782,U.S. House,4
Norton,-,1,Total Votes Cast,2274,U.S. House,4
Norton,-,2,Jake Auchincloss,1561,U.S. House,4
Norton,-,2,Sana A. Fadel,51,U.S. House,4
Norton,-,2,All Others,2,U.S. House,4
Norton,-,2,Blanks,718,U.S. House,4
Norton,-,2,Total Votes Cast,2332,U.S. House,4
Norton,-,3,Jake Auchincloss,1602,U.S. House,4
Norton,-,3,Sana A. Fadel,65,U.S. House,4
Norton,-,3,All Others,9,U.S. House,4
Norton,-,3,Blanks,688,U.S. House,4
Norton,-,3,Total Votes Cast,2364,U.S. House,4
Norton,-,4,Jake Auchincloss,1486,U.S. House,4
Norton,-,4,Sana A. Fadel,57,U.S. House,4
Norton,-,4,All Others,1,U.S. House,4
Norton,-,4,Blanks,792,U.S. House,4
Norton,-,4,Total Votes Cast,2336,U.S. House,4
Norton,-,5,Jake Auchincloss,903,U.S. House,4
Norton,-,5,Sana A. Fadel,33,U.S. House,4
Norton,-,5,All Others,470,U.S. House,4
Norton,-,5,Blanks,11,U.S. House,4
Norton,-,5,Total Votes Cast,1417,U.S. House,4
Norwell,-,1,Bill Keating,1196,U.S. House,9
Norwell,-,1,Dan Sullivan,954,U.S. House,9
Norwell,-,1,All Others,0,U.S. House,9
Norwell,-,1,Blanks,83,U.S. House,9
Norwell,-,1,Total Votes Cast,2233,U.S. House,9
Norwell,-,2,Bill Keating,1278,U.S. House,9
Norwell,-,2,Dan Sullivan,1139,U.S. House,9
Norwell,-,2,All Others,2,U.S. House,9
Norwell,-,2,Blanks,122,U.S. House,9
Norwell,-,2,Total Votes Cast,2541,U.S. House,9
Norwell,-,3,Bill Keating,1305,U.S. House,9
Norwell,-,3,Dan Sullivan,968,U.S. House,9
Norwell,-,3,All Others,2,U.S. House,9
Norwell,-,3,Blanks,106,U.S. House,9
Norwell,-,3,Total Votes Cast,2381,U.S. House,9
Norwood,-,1,Stephen F. Lynch,1299,U.S. House,8
Norwood,-,1,Robert G. Burke,522,U.S. House,8
Norwood,-,1,All Others,3,U.S. House,8
Norwood,-,1,Blanks,84,U.S. House,8
Norwood,-,1,Total Votes Cast,1908,U.S. House,8
Norwood,-,2,Stephen F. Lynch,1203,U.S. House,8
Norwood,-,2,Robert G. Burke,528,U.S. House,8
Norwood,-,2,All Others,1,U.S. House,8
Norwood,-,2,Blanks,66,U.S. House,8
Norwood,-,2,Total Votes Cast,1798,U.S. House,8
Norwood,-,3,Stephen F. Lynch,1292,U.S. House,8
Norwood,-,3,Robert G. Burke,546,U.S. House,8
Norwood,-,3,All Others,2,U.S. House,8
Norwood,-,3,Blanks,106,U.S. House,8
Norwood,-,3,Total Votes Cast,1946,U.S. House,8
Norwood,-,4,Stephen F. Lynch,1400,U.S. House,8
Norwood,-,4,Robert G. Burke,611,U.S. House,8
Norwood,-,4,All Others,0,U.S. House,8
Norwood,-,4,Blanks,97,U.S. House,8
Norwood,-,4,Total Votes Cast,2108,U.S. House,8
Norwood,-,5,Stephen F. Lynch,886,U.S. House,8
Norwood,-,5,Robert G. Burke,346,U.S. House,8
Norwood,-,5,All Others,2,U.S. House,8
Norwood,-,5,Blanks,75,U.S. House,8
Norwood,-,5,Total Votes Cast,1309,U.S. House,8
Norwood,-,6,Stephen F. Lynch,902,U.S. House,8
Norwood,-,6,Robert G. Burke,486,U.S. House,8
Norwood,-,6,All Others,2,U.S. House,8
Norwood,-,6,Blanks,78,U.S. House,8
Norwood,-,6,Total Votes Cast,1468,U.S. House,8
Norwood,-,7,Stephen F. Lynch,1205,U.S. House,8
Norwood,-,7,Robert G. Burke,570,U.S. House,8
Norwood,-,7,All Others,5,U.S. House,8
Norwood,-,7,Blanks,101,U.S. House,8
Norwood,-,7,Total Votes Cast,1881,U.S. House,8
Norwood,-,8,Stephen F. Lynch,1313,U.S. House,8
Norwood,-,8,Robert G. Burke,591,U.S. House,8
Norwood,-,8,All Others,4,U.S. House,8
Norwood,-,8,Blanks,88,U.S. House,8
Norwood,-,8,Total Votes Cast,1996,U.S. House,8
Norwood,-,9,Stephen F. Lynch,1223,U.S. House,8
Norwood,-,9,Robert G. Burke,628,U.S. House,8
Norwood,-,9,All Others,1,U.S. House,8
Norwood,-,9,Blanks,78,U.S. House,8
Norwood,-,9,Total Votes Cast,1930,U.S. House,8
Oak Bluffs,-,1,Bill Keating,2210,U.S. House,9
Oak Bluffs,-,1,Dan Sullivan,794,U.S. House,9
Oak Bluffs,-,1,All Others,5,U.S. House,9
Oak Bluffs,-,1,Blanks,121,U.S. House,9
Oak Bluffs,-,1,Total Votes Cast,3130,U.S. House,9
Oakham,-,1,James P. McGovern,617,U.S. House,2
Oakham,-,1,Cornelius Shea,564,U.S. House,2
Oakham,-,1,All Others,0,U.S. House,2
Oakham,-,1,Blanks,85,U.S. House,2
Oakham,-,1,Total Votes Cast,1266,U.S. House,2
Orange,-,1,James P. McGovern,1007,U.S. House,2
Orange,-,1,Cornelius Shea,818,U.S. House,2
Orange,-,1,All Others,4,U.S. House,2
Orange,-,1,Blanks,130,U.S. House,2
Orange,-,1,Total Votes Cast,1959,U.S. House,2
Orange,-,2,James P. McGovern,1119,U.S. House,2
Orange,-,2,Cornelius Shea,732,U.S. House,2
Orange,-,2,All Others,7,U.S. House,2
Orange,-,2,Blanks,127,U.S. House,2
Orange,-,2,Total Votes Cast,1985,U.S. House,2
Orleans,-,1,Bill Keating,1630,U.S. House,9
Orleans,-,1,Dan Sullivan,690,U.S. House,9
Orleans,-,1,All Others,1,U.S. House,9
Orleans,-,1,Blanks,82,U.S. House,9
Orleans,-,1,Total Votes Cast,2403,U.S. House,9
Orleans,-,2,Bill Keating,1481,U.S. House,9
Orleans,-,2,Dan Sullivan,852,U.S. House,9
Orleans,-,2,All Others,1,U.S. House,9
Orleans,-,2,Blanks,85,U.S. House,9
Orleans,-,2,Total Votes Cast,2419,U.S. House,9
Otis,-,1,Richard E. Neal,515,U.S. House,1
Otis,-,1,Nadia Donya Milleron,459,U.S. House,1
Otis,-,1,All Others,1,U.S. House,1
Otis,-,1,Blanks,98,U.S. House,1
Otis,-,1,Total Votes Cast,1073,U.S. House,1
Oxford,-,1,Richard E. Neal,1017,U.S. House,1
Oxford,-,1,Nadia Donya Milleron,795,U.S. House,1
Oxford,-,1,All Others,2,U.S. House,1
Oxford,-,1,Blanks,186,U.S. House,1
Oxford,-,1,Total Votes Cast,2000,U.S. House,1
Oxford,-,2,Richard E. Neal,988,U.S. House,1
Oxford,-,2,Nadia Donya Milleron,673,U.S. House,1
Oxford,-,2,All Others,1,U.S. House,1
Oxford,-,2,Blanks,169,U.S. House,1
Oxford,-,2,Total Votes Cast,1831,U.S. House,1
Oxford,-,3,Richard E. Neal,1038,U.S. House,1
Oxford,-,3,Nadia Donya Milleron,681,U.S. House,1
Oxford,-,3,All Others,3,U.S. House,1
Oxford,-,3,Blanks,204,U.S. House,1
Oxford,-,3,Total Votes Cast,1926,U.S. House,1
Oxford,-,4,Richard E. Neal,904,U.S. House,1
Oxford,-,4,Nadia Donya Milleron,721,U.S. House,1
Oxford,-,4,All Others,1,U.S. House,1
Oxford,-,4,Blanks,195,U.S. House,1
Oxford,-,4,Total Votes Cast,1821,U.S. House,1
Oxford,-,4A,Richard E. Neal,14,U.S. House,1
Oxford,-,4A,Nadia Donya Milleron,13,U.S. House,1
Oxford,-,4A,All Others,0,U.S. House,1
Oxford,-,4A,Blanks,5,U.S. House,1
Oxford,-,4A,Total Votes Cast,32,U.S. House,1
Palmer,-,1,Richard E. Neal,878,U.S. House,1
Palmer,-,1,Nadia Donya Milleron,774,U.S. House,1
Palmer,-,1,All Others,0,U.S. House,1
Palmer,-,1,Blanks,114,U.S. House,1
Palmer,-,1,Total Votes Cast,1766,U.S. House,1
Palmer,-,2,Richard E. Neal,836,U.S. House,1
Palmer,-,2,Nadia Donya Milleron,795,U.S. House,1
Palmer,-,2,All Others,0,U.S. House,1
Palmer,-,2,Blanks,127,U.S. House,1
Palmer,-,2,Total Votes Cast,1758,U.S. House,1
Palmer,-,3,Richard E. Neal,783,U.S. House,1
Palmer,-,3,Nadia Donya Milleron,509,U.S. House,1
Palmer,-,3,All Others,0,U.S. House,1
Palmer,-,3,Blanks,85,U.S. House,1
Palmer,-,3,Total Votes Cast,1377,U.S. House,1
Palmer,-,4,Richard E. Neal,726,U.S. House,1
Palmer,-,4,Nadia Donya Milleron,691,U.S. House,1
Palmer,-,4,All Others,0,U.S. House,1
Palmer,-,4,Blanks,147,U.S. House,1
Palmer,-,4,Total Votes Cast,1564,U.S. House,1
Paxton,-,1,James P. McGovern,1716,U.S. House,2
Paxton,-,1,Cornelius Shea,1137,U.S. House,2
Paxton,-,1,All Others,0,U.S. House,2
Paxton,-,1,Blanks,144,U.S. House,2
Paxton,-,1,Total Votes Cast,2997,U.S. House,2
Peabody,1,1,Seth W. Moulton,1264,U.S. House,6
Peabody,1,1,All Others,61,U.S. House,6
Peabody,1,1,Blanks,452,U.S. House,6
Peabody,1,1,Total Votes Cast,1777,U.S. House,6
Peabody,1,2,Seth W. Moulton,1246,U.S. House,6
Peabody,1,2,All Others,57,U.S. House,6
Peabody,1,2,Blanks,510,U.S. House,6
Peabody,1,2,Total Votes Cast,1813,U.S. House,6
Peabody,1,3,Seth W. Moulton,1401,U.S. House,6
Peabody,1,3,All Others,53,U.S. House,6
Peabody,1,3,Blanks,540,U.S. House,6
Peabody,1,3,Total Votes Cast,1994,U.S. House,6
Peabody,2,1,Seth W. Moulton,855,U.S. House,6
Peabody,2,1,All Others,37,U.S. House,6
Peabody,2,1,Blanks,237,U.S. House,6
Peabody,2,1,Total Votes Cast,1129,U.S. House,6
Peabody,2,2,Seth W. Moulton,883,U.S. House,6
Peabody,2,2,All Others,31,U.S. House,6
Peabody,2,2,Blanks,237,U.S. House,6
Peabody,2,2,Total Votes Cast,1151,U.S. House,6
Peabody,2,3,Seth W. Moulton,1091,U.S. House,6
Peabody,2,3,All Others,44,U.S. House,6
Peabody,2,3,Blanks,367,U.S. House,6
Peabody,2,3,Total Votes Cast,1502,U.S. House,6
Peabody,3,1,Seth W. Moulton,709,U.S. House,6
Peabody,3,1,All Others,35,U.S. House,6
Peabody,3,1,Blanks,198,U.S. House,6
Peabody,3,1,Total Votes Cast,942,U.S. House,6
Peabody,3,2,Seth W. Moulton,944,U.S. House,6
Peabody,3,2,All Others,45,U.S. House,6
Peabody,3,2,Blanks,300,U.S. House,6
Peabody,3,2,Total Votes Cast,1289,U.S. House,6
Peabody,3,3,Seth W. Moulton,1060,U.S. House,6
Peabody,3,3,All Others,40,U.S. House,6
Peabody,3,3,Blanks,337,U.S. House,6
Peabody,3,3,Total Votes Cast,1437,U.S. House,6
Peabody,4,1,Seth W. Moulton,1141,U.S. House,6
Peabody,4,1,All Others,50,U.S. House,6
Peabody,4,1,Blanks,378,U.S. House,6
Peabody,4,1,Total Votes Cast,1569,U.S. House,6
Peabody,4,2,Seth W. Moulton,828,U.S. House,6
Peabody,4,2,All Others,42,U.S. House,6
Peabody,4,2,Blanks,274,U.S. House,6
Peabody,4,2,Total Votes Cast,1144,U.S. House,6
Peabody,4,3,Seth W. Moulton,438,U.S. House,6
Peabody,4,3,All Others,11,U.S. House,6
Peabody,4,3,Blanks,183,U.S. House,6
Peabody,4,3,Total Votes Cast,632,U.S. House,6
Peabody,4,3A,Seth W. Moulton,1194,U.S. House,6
Peabody,4,3A,All Others,6,U.S. House,6
Peabody,4,3A,Blanks,319,U.S. House,6
Peabody,4,3A,Total Votes Cast,1519,U.S. House,6
Peabody,5,1,Seth W. Moulton,1343,U.S. House,6
Peabody,5,1,All Others,58,U.S. House,6
Peabody,5,1,Blanks,538,U.S. House,6
Peabody,5,1,Total Votes Cast,1939,U.S. House,6
Peabody,5,2,Seth W. Moulton,985,U.S. House,6
Peabody,5,2,All Others,41,U.S. House,6
Peabody,5,2,Blanks,453,U.S. House,6
Peabody,5,2,Total Votes Cast,1479,U.S. House,6
Peabody,5,3,Seth W. Moulton,1180,U.S. House,6
Peabody,5,3,All Others,50,U.S. House,6
Peabody,5,3,Blanks,418,U.S. House,6
Peabody,5,3,Total Votes Cast,1648,U.S. House,6
Peabody,6,1,Seth W. Moulton,1354,U.S. House,6
Peabody,6,1,All Others,61,U.S. House,6
Peabody,6,1,Blanks,691,U.S. House,6
Peabody,6,1,Total Votes Cast,2106,U.S. House,6
Peabody,6,2,Seth W. Moulton,1248,U.S. House,6
Peabody,6,2,All Others,55,U.S. House,6
Peabody,6,2,Blanks,586,U.S. House,6
Peabody,6,2,Total Votes Cast,1889,U.S. House,6
Peabody,6,3,Seth W. Moulton,1374,U.S. House,6
Peabody,6,3,All Others,88,U.S. House,6
Peabody,6,3,Blanks,677,U.S. House,6
Peabody,6,3,Total Votes Cast,2139,U.S. House,6
Pelham,-,1,James P. McGovern,739,U.S. House,2
Pelham,-,1,Cornelius Shea,94,U.S. House,2
Pelham,-,1,All Others,0,U.S. House,2
Pelham,-,1,Blanks,28,U.S. House,2
Pelham,-,1,Total Votes Cast,861,U.S. House,2
Pembroke,-,1,Bill Keating,1209,U.S. House,9
Pembroke,-,1,Dan Sullivan,1186,U.S. House,9
Pembroke,-,1,All Others,4,U.S. House,9
Pembroke,-,1,Blanks,79,U.S. House,9
Pembroke,-,1,Total Votes Cast,2478,U.S. House,9
Pembroke,-,2,Bill Keating,1024,U.S. House,9
Pembroke,-,2,Dan Sullivan,1085,U.S. House,9
Pembroke,-,2,All Others,2,U.S. House,9
Pembroke,-,2,Blanks,86,U.S. House,9
Pembroke,-,2,Total Votes Cast,2197,U.S. House,9
Pembroke,-,3,Bill Keating,1089,U.S. House,9
Pembroke,-,3,Dan Sullivan,1139,U.S. House,9
Pembroke,-,3,All Others,2,U.S. House,9
Pembroke,-,3,Blanks,90,U.S. House,9
Pembroke,-,3,Total Votes Cast,2320,U.S. House,9
Pembroke,-,3A,Bill Keating,14,U.S. House,9
Pembroke,-,3A,Dan Sullivan,4,U.S. House,9
Pembroke,-,3A,All Others,0,U.S. House,9
Pembroke,-,3A,Blanks,0,U.S. House,9
Pembroke,-,3A,Total Votes Cast,18,U.S. House,9
Pembroke,-,4,Bill Keating,1139,U.S. House,9
Pembroke,-,4,Dan Sullivan,1162,U.S. House,9
Pembroke,-,4,All Others,4,U.S. House,9
Pembroke,-,4,Blanks,102,U.S. House,9
Pembroke,-,4,Total Votes Cast,2407,U.S. House,9
Pembroke,-,5,Bill Keating,1095,U.S. House,9
Pembroke,-,5,Dan Sullivan,1026,U.S. House,9
Pembroke,-,5,All Others,3,U.S. House,9
Pembroke,-,5,Blanks,60,U.S. House,9
Pembroke,-,5,Total Votes Cast,2184,U.S. House,9
Pepperell,-,1,Lori Loureiro Trahan,1169,U.S. House,3
Pepperell,-,1,All Others,51,U.S. House,3
Pepperell,-,1,Blanks,516,U.S. House,3
Pepperell,-,1,Total Votes Cast,1736,U.S. House,3
Pepperell,-,2,Lori Loureiro Trahan,1362,U.S. House,3
Pepperell,-,2,All Others,60,U.S. House,3
Pepperell,-,2,Blanks,650,U.S. House,3
Pepperell,-,2,Total Votes Cast,2072,U.S. House,3
Pepperell,-,3,Lori Loureiro Trahan,1274,U.S. House,3
Pepperell,-,3,All Others,78,U.S. House,3
Pepperell,-,3,Blanks,561,U.S. House,3
Pepperell,-,3,Total Votes Cast,1913,U.S. House,3
Pepperell,-,4,Lori Loureiro Trahan,1180,U.S. House,3
Pepperell,-,4,All Others,50,U.S. House,3
Pepperell,-,4,Blanks,425,U.S. House,3
Pepperell,-,4,Total Votes Cast,1655,U.S. House,3
Peru,-,1,Richard E. Neal,276,U.S. House,1
Peru,-,1,Nadia Donya Milleron,211,U.S. House,1
Peru,-,1,All Others,0,U.S. House,1
Peru,-,1,Blanks,41,U.S. House,1
Peru,-,1,Total Votes Cast,528,U.S. House,1
Petersham,-,1,James P. McGovern,548,U.S. House,2
Petersham,-,1,Cornelius Shea,301,U.S. House,2
Petersham,-,1,All Others,0,U.S. House,2
Petersham,-,1,Blanks,52,U.S. House,2
Petersham,-,1,Total Votes Cast,901,U.S. House,2
Phillipston,-,1,James P. McGovern,495,U.S. House,2
Phillipston,-,1,Cornelius Shea,604,U.S. House,2
Phillipston,-,1,All Others,0,U.S. House,2
Phillipston,-,1,Blanks,71,U.S. House,2
Phillipston,-,1,Total Votes Cast,1170,U.S. House,2
Pittsfield,1,A,Richard E. Neal,696,U.S. House,1
Pittsfield,1,A,Nadia Donya Milleron,336,U.S. House,1
Pittsfield,1,A,All Others,1,U.S. House,1
Pittsfield,1,A,Blanks,79,U.S. House,1
Pittsfield,1,A,Total Votes Cast,1112,U.S. House,1
Pittsfield,1,B,Richard E. Neal,1006,U.S. House,1
Pittsfield,1,B,Nadia Donya Milleron,417,U.S. House,1
Pittsfield,1,B,All Others,0,U.S. House,1
Pittsfield,1,B,Blanks,127,U.S. House,1
Pittsfield,1,B,Total Votes Cast,1550,U.S. House,1
Pittsfield,2,A,Richard E. Neal,509,U.S. House,1
Pittsfield,2,A,Nadia Donya Milleron,262,U.S. House,1
Pittsfield,2,A,All Others,0,U.S. House,1
Pittsfield,2,A,Blanks,70,U.S. House,1
Pittsfield,2,A,Total Votes Cast,841,U.S. House,1
Pittsfield,2,B,Richard E. Neal,1041,U.S. House,1
Pittsfield,2,B,Nadia Donya Milleron,432,U.S. House,1
Pittsfield,2,B,All Others,2,U.S. House,1
Pittsfield,2,B,Blanks,130,U.S. House,1
Pittsfield,2,B,Total Votes Cast,1605,U.S. House,1
Pittsfield,3,A,Richard E. Neal,1160,U.S. House,1
Pittsfield,3,A,Nadia Donya Milleron,471,U.S. House,1
Pittsfield,3,A,All Others,1,U.S. House,1
Pittsfield,3,A,Blanks,115,U.S. House,1
Pittsfield,3,A,Total Votes Cast,1747,U.S. House,1
Pittsfield,3,B,Richard E. Neal,1231,U.S. House,1
Pittsfield,3,B,Nadia Donya Milleron,526,U.S. House,1
Pittsfield,3,B,All Others,1,U.S. House,1
Pittsfield,3,B,Blanks,130,U.S. House,1
Pittsfield,3,B,Total Votes Cast,1888,U.S. House,1
Pittsfield,4,A,Richard E. Neal,1196,U.S. House,1
Pittsfield,4,A,Nadia Donya Milleron,481,U.S. House,1
Pittsfield,4,A,All Others,3,U.S. House,1
Pittsfield,4,A,Blanks,116,U.S. House,1
Pittsfield,4,A,Total Votes Cast,1796,U.S. House,1
Pittsfield,4,B,Richard E. Neal,1372,U.S. House,1
Pittsfield,4,B,Nadia Donya Milleron,544,U.S. House,1
Pittsfield,4,B,All Others,3,U.S. House,1
Pittsfield,4,B,Blanks,130,U.S. House,1
Pittsfield,4,B,Total Votes Cast,2049,U.S. House,1
Pittsfield,5,A,Richard E. Neal,913,U.S. House,1
Pittsfield,5,A,Nadia Donya Milleron,401,U.S. House,1
Pittsfield,5,A,All Others,3,U.S. House,1
Pittsfield,5,A,Blanks,110,U.S. House,1
Pittsfield,5,A,Total Votes Cast,1427,U.S. House,1
Pittsfield,5,B,Richard E. Neal,1030,U.S. House,1
Pittsfield,5,B,Nadia Donya Milleron,509,U.S. House,1
Pittsfield,5,B,All Others,0,U.S. House,1
Pittsfield,5,B,Blanks,117,U.S. House,1
Pittsfield,5,B,Total Votes Cast,1656,U.S. House,1
Pittsfield,6,A,Richard E. Neal,1045,U.S. House,1
Pittsfield,6,A,Nadia Donya Milleron,363,U.S. House,1
Pittsfield,6,A,All Others,1,U.S. House,1
Pittsfield,6,A,Blanks,98,U.S. House,1
Pittsfield,6,A,Total Votes Cast,1507,U.S. House,1
Pittsfield,6,B,Richard E. Neal,710,U.S. House,1
Pittsfield,6,B,Nadia Donya Milleron,287,U.S. House,1
Pittsfield,6,B,All Others,1,U.S. House,1
Pittsfield,6,B,Blanks,87,U.S. House,1
Pittsfield,6,B,Total Votes Cast,1085,U.S. House,1
Pittsfield,7,A,Richard E. Neal,600,U.S. House,1
Pittsfield,7,A,Nadia Donya Milleron,354,U.S. House,1
Pittsfield,7,A,All Others,0,U.S. House,1
Pittsfield,7,A,Blanks,88,U.S. House,1
Pittsfield,7,A,Total Votes Cast,1042,U.S. House,1
Pittsfield,7,B,Richard E. Neal,1066,U.S. House,1
Pittsfield,7,B,Nadia Donya Milleron,450,U.S. House,1
Pittsfield,7,B,All Others,2,U.S. House,1
Pittsfield,7,B,Blanks,123,U.S. House,1
Pittsfield,7,B,Total Votes Cast,1641,U.S. House,1
Plainfield,-,1,Richard E. Neal,258,U.S. House,1
Plainfield,-,1,Nadia Donya Milleron,143,U.S. House,1
Plainfield,-,1,All Others,1,U.S. House,1
Plainfield,-,1,Blanks,30,U.S. House,1
Plainfield,-,1,Total Votes Cast,432,U.S. House,1
Plainville,-,1,Jake Auchincloss,1186,U.S. House,4
Plainville,-,1,Sana A. Fadel,2,U.S. House,4
Plainville,-,1,All Others,26,U.S. House,4
Plainville,-,1,Blanks,533,U.S. House,4
Plainville,-,1,Total Votes Cast,1747,U.S. House,4
Plainville,-,2,Jake Auchincloss,1340,U.S. House,4
Plainville,-,2,Sana A. Fadel,1,U.S. House,4
Plainville,-,2,All Others,19,U.S. House,4
Plainville,-,2,Blanks,549,U.S. House,4
Plainville,-,2,Total Votes Cast,1909,U.S. House,4
Plainville,-,3,Jake Auchincloss,1351,U.S. House,4
Plainville,-,3,Sana A. Fadel,1,U.S. House,4
Plainville,-,3,All Others,30,U.S. House,4
Plainville,-,3,Blanks,618,U.S. House,4
Plainville,-,3,Total Votes Cast,2000,U.S. House,4
Plymouth,-,1,Bill Keating,913,U.S. House,9
Plymouth,-,1,Dan Sullivan,655,U.S. House,9
Plymouth,-,1,All Others,0,U.S. House,9
Plymouth,-,1,Blanks,67,U.S. House,9
Plymouth,-,1,Total Votes Cast,1635,U.S. House,9
Plymouth,-,10,Bill Keating,1175,U.S. House,9
Plymouth,-,10,Dan Sullivan,1114,U.S. House,9
Plymouth,-,10,All Others,1,U.S. House,9
Plymouth,-,10,Blanks,76,U.S. House,9
Plymouth,-,10,Total Votes Cast,2366,U.S. House,9
Plymouth,-,11,Bill Keating,1157,U.S. House,9
Plymouth,-,11,Dan Sullivan,1110,U.S. House,9
Plymouth,-,11,All Others,3,U.S. House,9
Plymouth,-,11,Blanks,76,U.S. House,9
Plymouth,-,11,Total Votes Cast,2346,U.S. House,9
Plymouth,-,12,Bill Keating,895,U.S. House,9
Plymouth,-,12,Dan Sullivan,1042,U.S. House,9
Plymouth,-,12,All Others,0,U.S. House,9
Plymouth,-,12,Blanks,64,U.S. House,9
Plymouth,-,12,Total Votes Cast,2001,U.S. House,9
Plymouth,-,13,Bill Keating,1221,U.S. House,9
Plymouth,-,13,Dan Sullivan,1086,U.S. House,9
Plymouth,-,13,All Others,0,U.S. House,9
Plymouth,-,13,Blanks,76,U.S. House,9
Plymouth,-,13,Total Votes Cast,2383,U.S. House,9
Plymouth,-,14,Bill Keating,1073,U.S. House,9
Plymouth,-,14,Dan Sullivan,1328,U.S. House,9
Plymouth,-,14,All Others,0,U.S. House,9
Plymouth,-,14,Blanks,56,U.S. House,9
Plymouth,-,14,Total Votes Cast,2457,U.S. House,9
Plymouth,-,15,Bill Keating,2060,U.S. House,9
Plymouth,-,15,Dan Sullivan,1312,U.S. House,9
Plymouth,-,15,All Others,0,U.S. House,9
Plymouth,-,15,Blanks,93,U.S. House,9
Plymouth,-,15,Total Votes Cast,3465,U.S. House,9
Plymouth,-,16,Bill Keating,1415,U.S. House,9
Plymouth,-,16,Dan Sullivan,1045,U.S. House,9
Plymouth,-,16,All Others,0,U.S. House,9
Plymouth,-,16,Blanks,70,U.S. House,9
Plymouth,-,16,Total Votes Cast,2530,U.S. House,9
Plymouth,-,17,Bill Keating,1535,U.S. House,9
Plymouth,-,17,Dan Sullivan,1278,U.S. House,9
Plymouth,-,17,All Others,0,U.S. House,9
Plymouth,-,17,Blanks,83,U.S. House,9
Plymouth,-,17,Total Votes Cast,2896,U.S. House,9
Plymouth,-,18,Bill Keating,720,U.S. House,9
Plymouth,-,18,Dan Sullivan,793,U.S. House,9
Plymouth,-,18,All Others,0,U.S. House,9
Plymouth,-,18,Blanks,62,U.S. House,9
Plymouth,-,18,Total Votes Cast,1575,U.S. House,9
Plymouth,-,2,Bill Keating,1037,U.S. House,9
Plymouth,-,2,Dan Sullivan,826,U.S. House,9
Plymouth,-,2,All Others,1,U.S. House,9
Plymouth,-,2,Blanks,82,U.S. House,9
Plymouth,-,2,Total Votes Cast,1946,U.S. House,9
Plymouth,-,3,Bill Keating,1152,U.S. House,9
Plymouth,-,3,Dan Sullivan,777,U.S. House,9
Plymouth,-,3,All Others,0,U.S. House,9
Plymouth,-,3,Blanks,80,U.S. House,9
Plymouth,-,3,Total Votes Cast,2009,U.S. House,9
Plymouth,-,4,Bill Keating,1093,U.S. House,9
Plymouth,-,4,Dan Sullivan,858,U.S. House,9
Plymouth,-,4,All Others,1,U.S. House,9
Plymouth,-,4,Blanks,66,U.S. House,9
Plymouth,-,4,Total Votes Cast,2018,U.S. House,9
Plymouth,-,5,Bill Keating,1070,U.S. House,9
Plymouth,-,5,Dan Sullivan,891,U.S. House,9
Plymouth,-,5,All Others,0,U.S. House,9
Plymouth,-,5,Blanks,65,U.S. House,9
Plymouth,-,5,Total Votes Cast,2026,U.S. House,9
Plymouth,-,6,Bill Keating,1276,U.S. House,9
Plymouth,-,6,Dan Sullivan,1026,U.S. House,9
Plymouth,-,6,All Others,1,U.S. House,9
Plymouth,-,6,Blanks,80,U.S. House,9
Plymouth,-,6,Total Votes Cast,2383,U.S. House,9
Plymouth,-,7,Bill Keating,1142,U.S. House,9
Plymouth,-,7,Dan Sullivan,1028,U.S. House,9
Plymouth,-,7,All Others,2,U.S. House,9
Plymouth,-,7,Blanks,82,U.S. House,9
Plymouth,-,7,Total Votes Cast,2254,U.S. House,9
Plymouth,-,8,Bill Keating,1198,U.S. House,9
Plymouth,-,8,Dan Sullivan,1186,U.S. House,9
Plymouth,-,8,All Others,2,U.S. House,9
Plymouth,-,8,Blanks,78,U.S. House,9
Plymouth,-,8,Total Votes Cast,2464,U.S. House,9
Plymouth,-,9,Bill Keating,939,U.S. House,9
Plymouth,-,9,Dan Sullivan,1082,U.S. House,9
Plymouth,-,9,All Others,2,U.S. House,9
Plymouth,-,9,Blanks,58,U.S. House,9
Plymouth,-,9,Total Votes Cast,2081,U.S. House,9
Plympton,-,1,Bill Keating,879,U.S. House,9
Plympton,-,1,Dan Sullivan,1021,U.S. House,9
Plympton,-,1,All Others,2,U.S. House,9
Plympton,-,1,Blanks,98,U.S. House,9
Plympton,-,1,Total Votes Cast,2000,U.S. House,9
Princeton,-,1,James P. McGovern,1551,U.S. House,2
Princeton,-,1,Cornelius Shea,850,U.S. House,2
Princeton,-,1,All Others,8,U.S. House,2
Princeton,-,1,Blanks,150,U.S. House,2
Princeton,-,1,Total Votes Cast,2559,U.S. House,2
Provincetown,-,1,Bill Keating,2400,U.S. House,9
Provincetown,-,1,Dan Sullivan,198,U.S. House,9
Provincetown,-,1,All Others,5,U.S. House,9
Provincetown,-,1,Blanks,68,U.S. House,9
Provincetown,-,1,Total Votes Cast,2671,U.S. House,9
Quincy,1,1,Stephen F. Lynch,869,U.S. House,8
Quincy,1,1,Robert G. Burke,304,U.S. House,8
Quincy,1,1,All Others,3,U.S. House,8
Quincy,1,1,Blanks,62,U.S. House,8
Quincy,1,1,Total Votes Cast,1238,U.S. House,8
Quincy,1,2,Stephen F. Lynch,716,U.S. House,8
Quincy,1,2,Robert G. Burke,288,U.S. House,8
Quincy,1,2,All Others,1,U.S. House,8
Quincy,1,2,Blanks,114,U.S. House,8
Quincy,1,2,Total Votes Cast,1119,U.S. House,8
Quincy,1,3,Stephen F. Lynch,1017,U.S. House,8
Quincy,1,3,Robert G. Burke,251,U.S. House,8
Quincy,1,3,All Others,1,U.S. House,8
Quincy,1,3,Blanks,67,U.S. House,8
Quincy,1,3,Total Votes Cast,1336,U.S. House,8
Quincy,1,4,Stephen F. Lynch,1329,U.S. House,8
Quincy,1,4,Robert G. Burke,591,U.S. House,8
Quincy,1,4,All Others,5,U.S. House,8
Quincy,1,4,Blanks,103,U.S. House,8
Quincy,1,4,Total Votes Cast,2028,U.S. House,8
Quincy,1,5,Stephen F. Lynch,1350,U.S. House,8
Quincy,1,5,Robert G. Burke,619,U.S. House,8
Quincy,1,5,All Others,6,U.S. House,8
Quincy,1,5,Blanks,101,U.S. House,8
Quincy,1,5,Total Votes Cast,2076,U.S. House,8
Quincy,2,1,Stephen F. Lynch,744,U.S. House,8
Quincy,2,1,Robert G. Burke,306,U.S. House,8
Quincy,2,1,All Others,5,U.S. House,8
Quincy,2,1,Blanks,63,U.S. House,8
Quincy,2,1,Total Votes Cast,1118,U.S. House,8
Quincy,2,2,Stephen F. Lynch,850,U.S. House,8
Quincy,2,2,Robert G. Burke,279,U.S. House,8
Quincy,2,2,All Others,3,U.S. House,8
Quincy,2,2,Blanks,67,U.S. House,8
Quincy,2,2,Total Votes Cast,1199,U.S. House,8
Quincy,2,3,Stephen F. Lynch,570,U.S. House,8
Quincy,2,3,Robert G. Burke,235,U.S. House,8
Quincy,2,3,All Others,1,U.S. House,8
Quincy,2,3,Blanks,62,U.S. House,8
Quincy,2,3,Total Votes Cast,868,U.S. House,8
Quincy,2,4,Stephen F. Lynch,806,U.S. House,8
Quincy,2,4,Robert G. Burke,322,U.S. House,8
Quincy,2,4,All Others,2,U.S. House,8
Quincy,2,4,Blanks,88,U.S. House,8
Quincy,2,4,Total Votes Cast,1218,U.S. House,8
Quincy,2,5,Stephen F. Lynch,918,U.S. House,8
Quincy,2,5,Robert G. Burke,341,U.S. House,8
Quincy,2,5,All Others,2,U.S. House,8
Quincy,2,5,Blanks,69,U.S. House,8
Quincy,2,5,Total Votes Cast,1330,U.S. House,8
Quincy,3,1,Stephen F. Lynch,1265,U.S. House,8
Quincy,3,1,Robert G. Burke,422,U.S. House,8
Quincy,3,1,All Others,4,U.S. House,8
Quincy,3,1,Blanks,90,U.S. House,8
Quincy,3,1,Total Votes Cast,1781,U.S. House,8
Quincy,3,2,Stephen F. Lynch,992,U.S. House,8
Quincy,3,2,Robert G. Burke,323,U.S. House,8
Quincy,3,2,All Others,7,U.S. House,8
Quincy,3,2,Blanks,67,U.S. House,8
Quincy,3,2,Total Votes Cast,1389,U.S. House,8
Quincy,3,3,Stephen F. Lynch,794,U.S. House,8
Quincy,3,3,Robert G. Burke,331,U.S. House,8
Quincy,3,3,All Others,5,U.S. House,8
Quincy,3,3,Blanks,56,U.S. House,8
Quincy,3,3,Total Votes Cast,1186,U.S. House,8
Quincy,3,4,Stephen F. Lynch,1165,U.S. House,8
Quincy,3,4,Robert G. Burke,447,U.S. House,8
Quincy,3,4,All Others,4,U.S. House,8
Quincy,3,4,Blanks,90,U.S. House,8
Quincy,3,4,Total Votes Cast,1706,U.S. House,8
Quincy,3,5,Stephen F. Lynch,823,U.S. House,8
Quincy,3,5,Robert G. Burke,255,U.S. House,8
Quincy,3,5,All Others,4,U.S. House,8
Quincy,3,5,Blanks,80,U.S. House,8
Quincy,3,5,Total Votes Cast,1162,U.S. House,8
Quincy,4,1,Stephen F. Lynch,984,U.S. House,8
Quincy,4,1,Robert G. Burke,359,U.S. House,8
Quincy,4,1,All Others,3,U.S. House,8
Quincy,4,1,Blanks,65,U.S. House,8
Quincy,4,1,Total Votes Cast,1411,U.S. House,8
Quincy,4,2,Stephen F. Lynch,1139,U.S. House,8
Quincy,4,2,Robert G. Burke,419,U.S. House,8
Quincy,4,2,All Others,6,U.S. House,8
Quincy,4,2,Blanks,86,U.S. House,8
Quincy,4,2,Total Votes Cast,1650,U.S. House,8
Quincy,4,3,Stephen F. Lynch,1260,U.S. House,8
Quincy,4,3,Robert G. Burke,514,U.S. House,8
Quincy,4,3,All Others,3,U.S. House,8
Quincy,4,3,Blanks,109,U.S. House,8
Quincy,4,3,Total Votes Cast,1886,U.S. House,8
Quincy,4,4,Stephen F. Lynch,822,U.S. House,8
Quincy,4,4,Robert G. Burke,245,U.S. House,8
Quincy,4,4,All Others,1,U.S. House,8
Quincy,4,4,Blanks,58,U.S. House,8
Quincy,4,4,Total Votes Cast,1126,U.S. House,8
Quincy,4,5,Stephen F. Lynch,821,U.S. House,8
Quincy,4,5,Robert G. Burke,321,U.S. House,8
Quincy,4,5,All Others,3,U.S. House,8
Quincy,4,5,Blanks,47,U.S. House,8
Quincy,4,5,Total Votes Cast,1192,U.S. House,8
Quincy,5,1,Stephen F. Lynch,490,U.S. House,8
Quincy,5,1,Robert G. Burke,170,U.S. House,8
Quincy,5,1,All Others,2,U.S. House,8
Quincy,5,1,Blanks,33,U.S. House,8
Quincy,5,1,Total Votes Cast,695,U.S. House,8
Quincy,5,1A,Stephen F. Lynch,332,U.S. House,8
Quincy,5,1A,Robert G. Burke,105,U.S. House,8
Quincy,5,1A,All Others,3,U.S. House,8
Quincy,5,1A,Blanks,31,U.S. House,8
Quincy,5,1A,Total Votes Cast,471,U.S. House,8
Quincy,5,2,Stephen F. Lynch,909,U.S. House,8
Quincy,5,2,Robert G. Burke,259,U.S. House,8
Quincy,5,2,All Others,5,U.S. House,8
Quincy,5,2,Blanks,81,U.S. House,8
Quincy,5,2,Total Votes Cast,1254,U.S. House,8
Quincy,5,3,Stephen F. Lynch,1319,U.S. House,8
Quincy,5,3,Robert G. Burke,408,U.S. House,8
Quincy,5,3,All Others,6,U.S. House,8
Quincy,5,3,Blanks,96,U.S. House,8
Quincy,5,3,Total Votes Cast,1829,U.S. House,8
Quincy,5,4,Stephen F. Lynch,826,U.S. House,8
Quincy,5,4,Robert G. Burke,305,U.S. House,8
Quincy,5,4,All Others,0,U.S. House,8
Quincy,5,4,Blanks,66,U.S. House,8
Quincy,5,4,Total Votes Cast,1197,U.S. House,8
Quincy,5,5,Stephen F. Lynch,1127,U.S. House,8
Quincy,5,5,Robert G. Burke,406,U.S. House,8
Quincy,5,5,All Others,3,U.S. House,8
Quincy,5,5,Blanks,74,U.S. House,8
Quincy,5,5,Total Votes Cast,1610,U.S. House,8
Quincy,6,1,Stephen F. Lynch,926,U.S. House,8
Quincy,6,1,Robert G. Burke,338,U.S. House,8
Quincy,6,1,All Others,5,U.S. House,8
Quincy,6,1,Blanks,81,U.S. House,8
Quincy,6,1,Total Votes Cast,1350,U.S. House,8
Quincy,6,2,Stephen F. Lynch,894,U.S. House,8
Quincy,6,2,Robert G. Burke,279,U.S. House,8
Quincy,6,2,All Others,3,U.S. House,8
Quincy,6,2,Blanks,71,U.S. House,8
Quincy,6,2,Total Votes Cast,1247,U.S. House,8
Quincy,6,3,Stephen F. Lynch,1094,U.S. House,8
Quincy,6,3,Robert G. Burke,439,U.S. House,8
Quincy,6,3,All Others,2,U.S. House,8
Quincy,6,3,Blanks,88,U.S. House,8
Quincy,6,3,Total Votes Cast,1623,U.S. House,8
Quincy,6,4,Stephen F. Lynch,805,U.S. House,8
Quincy,6,4,Robert G. Burke,263,U.S. House,8
Quincy,6,4,All Others,5,U.S. House,8
Quincy,6,4,Blanks,82,U.S. House,8
Quincy,6,4,Total Votes Cast,1155,U.S. House,8
Quincy,6,5,Stephen F. Lynch,1487,U.S. House,8
Quincy,6,5,Robert G. Burke,583,U.S. House,8
Quincy,6,5,All Others,8,U.S. House,8
Quincy,6,5,Blanks,97,U.S. House,8
Quincy,6,5,Total Votes Cast,2175,U.S. House,8
Randolph,-,1,Ayanna S. Pressley,1238,U.S. House,7
Randolph,-,1,All Others,57,U.S. House,7
Randolph,-,1,Blanks,282,U.S. House,7
Randolph,-,1,Total Votes Cast,1577,U.S. House,7
Randolph,-,10,Ayanna S. Pressley,1114,U.S. House,7
Randolph,-,10,All Others,49,U.S. House,7
Randolph,-,10,Blanks,281,U.S. House,7
Randolph,-,10,Total Votes Cast,1444,U.S. House,7
Randolph,-,11,Ayanna S. Pressley,964,U.S. House,7
Randolph,-,11,All Others,48,U.S. House,7
Randolph,-,11,Blanks,318,U.S. House,7
Randolph,-,11,Total Votes Cast,1330,U.S. House,7
Randolph,-,12,Ayanna S. Pressley,976,U.S. House,7
Randolph,-,12,All Others,33,U.S. House,7
Randolph,-,12,Blanks,261,U.S. House,7
Randolph,-,12,Total Votes Cast,1270,U.S. House,7
Randolph,-,2,Ayanna S. Pressley,1021,U.S. House,7
Randolph,-,2,All Others,46,U.S. House,7
Randolph,-,2,Blanks,199,U.S. House,7
Randolph,-,2,Total Votes Cast,1266,U.S. House,7
Randolph,-,3,Ayanna S. Pressley,904,U.S. House,7
Randolph,-,3,All Others,34,U.S. House,7
Randolph,-,3,Blanks,209,U.S. House,7
Randolph,-,3,Total Votes Cast,1147,U.S. House,7
Randolph,-,4,Ayanna S. Pressley,1145,U.S. House,7
Randolph,-,4,All Others,49,U.S. House,7
Randolph,-,4,Blanks,255,U.S. House,7
Randolph,-,4,Total Votes Cast,1449,U.S. House,7
Randolph,-,5,Ayanna S. Pressley,1098,U.S. House,7
Randolph,-,5,All Others,47,U.S. House,7
Randolph,-,5,Blanks,242,U.S. House,7
Randolph,-,5,Total Votes Cast,1387,U.S. House,7
Randolph,-,6,Ayanna S. Pressley,744,U.S. House,7
Randolph,-,6,All Others,33,U.S. House,7
Randolph,-,6,Blanks,105,U.S. House,7
Randolph,-,6,Total Votes Cast,882,U.S. House,7
Randolph,-,7,Ayanna S. Pressley,917,U.S. House,7
Randolph,-,7,All Others,39,U.S. House,7
Randolph,-,7,Blanks,270,U.S. House,7
Randolph,-,7,Total Votes Cast,1226,U.S. House,7
Randolph,-,8,Ayanna S. Pressley,943,U.S. House,7
Randolph,-,8,All Others,47,U.S. House,7
Randolph,-,8,Blanks,243,U.S. House,7
Randolph,-,8,Total Votes Cast,1233,U.S. House,7
Randolph,-,9,Ayanna S. Pressley,1031,U.S. House,7
Randolph,-,9,All Others,35,U.S. House,7
Randolph,-,9,Blanks,229,U.S. House,7
Randolph,-,9,Total Votes Cast,1295,U.S. House,7
Raynham,-,1,Bill Keating,1034,U.S. House,9
Raynham,-,1,Dan Sullivan,1052,U.S. House,9
Raynham,-,1,All Others,0,U.S. House,9
Raynham,-,1,Blanks,165,U.S. House,9
Raynham,-,1,Total Votes Cast,2251,U.S. House,9
Raynham,-,2,Bill Keating,626,U.S. House,9
Raynham,-,2,Dan Sullivan,607,U.S. House,9
Raynham,-,2,All Others,0,U.S. House,9
Raynham,-,2,Blanks,91,U.S. House,9
Raynham,-,2,Total Votes Cast,1324,U.S. House,9
Raynham,-,2A,Jake Auchincloss,529,U.S. House,4
Raynham,-,2A,Sana A. Fadel,0,U.S. House,4
Raynham,-,2A,All Others,0,U.S. House,4
Raynham,-,2A,Blanks,357,U.S. House,4
Raynham,-,2A,Total Votes Cast,886,U.S. House,4
Raynham,-,3,Jake Auchincloss,1501,U.S. House,4
Raynham,-,3,Sana A. Fadel,0,U.S. House,4
Raynham,-,3,All Others,0,U.S. House,4
Raynham,-,3,Blanks,938,U.S. House,4
Raynham,-,3,Total Votes Cast,2439,U.S. House,4
Raynham,-,4,Jake Auchincloss,1344,U.S. House,4
Raynham,-,4,Sana A. Fadel,0,U.S. House,4
Raynham,-,4,All Others,0,U.S. House,4
Raynham,-,4,Blanks,754,U.S. House,4
Raynham,-,4,Total Votes Cast,2098,U.S. House,4
Raynham,-,4A,Bill Keating,20,U.S. House,9
Raynham,-,4A,Dan Sullivan,40,U.S. House,9
Raynham,-,4A,All Others,0,U.S. House,9
Raynham,-,4A,Blanks,1,U.S. House,9
Raynham,-,4A,Total Votes Cast,61,U.S. House,9
Reading,-,1,Seth W. Moulton,1566,U.S. House,6
Reading,-,1,All Others,0,U.S. House,6
Reading,-,1,Blanks,691,U.S. House,6
Reading,-,1,Total Votes Cast,2257,U.S. House,6
Reading,-,2,Seth W. Moulton,1412,U.S. House,6
Reading,-,2,All Others,0,U.S. House,6
Reading,-,2,Blanks,536,U.S. House,6
Reading,-,2,Total Votes Cast,1948,U.S. House,6
Reading,-,3,Seth W. Moulton,1475,U.S. House,6
Reading,-,3,All Others,0,U.S. House,6
Reading,-,3,Blanks,650,U.S. House,6
Reading,-,3,Total Votes Cast,2125,U.S. House,6
Reading,-,4,Seth W. Moulton,1482,U.S. House,6
Reading,-,4,All Others,0,U.S. House,6
Reading,-,4,Blanks,527,U.S. House,6
Reading,-,4,Total Votes Cast,2009,U.S. House,6
Reading,-,5,Seth W. Moulton,1463,U.S. House,6
Reading,-,5,All Others,0,U.S. House,6
Reading,-,5,Blanks,550,U.S. House,6
Reading,-,5,Total Votes Cast,2013,U.S. House,6
Reading,-,6,Seth W. Moulton,1574,U.S. House,6
Reading,-,6,All Others,0,U.S. House,6
Reading,-,6,Blanks,597,U.S. House,6
Reading,-,6,Total Votes Cast,2171,U.S. House,6
Reading,-,7,Seth W. Moulton,1492,U.S. House,6
Reading,-,7,All Others,0,U.S. House,6
Reading,-,7,Blanks,621,U.S. House,6
Reading,-,7,Total Votes Cast,2113,U.S. House,6
Reading,-,8,Seth W. Moulton,1393,U.S. House,6
Reading,-,8,All Others,0,U.S. House,6
Reading,-,8,Blanks,621,U.S. House,6
Reading,-,8,Total Votes Cast,2014,U.S. House,6
Rehoboth,-,1,Jake Auchincloss,1255,U.S. House,4
Rehoboth,-,1,Sana A. Fadel,0,U.S. House,4
Rehoboth,-,1,All Others,16,U.S. House,4
Rehoboth,-,1,Blanks,796,U.S. House,4
Rehoboth,-,1,Total Votes Cast,2067,U.S. House,4
Rehoboth,-,2,Jake Auchincloss,1247,U.S. House,4
Rehoboth,-,2,Sana A. Fadel,0,U.S. House,4
Rehoboth,-,2,All Others,22,U.S. House,4
Rehoboth,-,2,Blanks,731,U.S. House,4
Rehoboth,-,2,Total Votes Cast,2000,U.S. House,4
Rehoboth,-,3,Jake Auchincloss,1174,U.S. House,4
Rehoboth,-,3,Sana A. Fadel,0,U.S. House,4
Rehoboth,-,3,All Others,25,U.S. House,4
Rehoboth,-,3,Blanks,751,U.S. House,4
Rehoboth,-,3,Total Votes Cast,1950,U.S. House,4
Rehoboth,-,4,Jake Auchincloss,1321,U.S. House,4
Rehoboth,-,4,Sana A. Fadel,0,U.S. House,4
Rehoboth,-,4,All Others,31,U.S. House,4
Rehoboth,-,4,Blanks,810,U.S. House,4
Rehoboth,-,4,Total Votes Cast,2162,U.S. House,4
Revere,1,1,Katherine M. Clark,744,U.S. House,5
Revere,1,1,All Others,27,U.S. House,5
Revere,1,1,Blanks,310,U.S. House,5
Revere,1,1,Total Votes Cast,1081,U.S. House,5
Revere,1,2,Katherine M. Clark,811,U.S. House,5
Revere,1,2,All Others,23,U.S. House,5
Revere,1,2,Blanks,343,U.S. House,5
Revere,1,2,Total Votes Cast,1177,U.S. House,5
Revere,1,3,Katherine M. Clark,600,U.S. House,5
Revere,1,3,All Others,22,U.S. House,5
Revere,1,3,Blanks,250,U.S. House,5
Revere,1,3,Total Votes Cast,872,U.S. House,5
Revere,2,1,Katherine M. Clark,561,U.S. House,5
Revere,2,1,All Others,21,U.S. House,5
Revere,2,1,Blanks,167,U.S. House,5
Revere,2,1,Total Votes Cast,749,U.S. House,5
Revere,2,2,Katherine M. Clark,709,U.S. House,5
Revere,2,2,All Others,33,U.S. House,5
Revere,2,2,Blanks,234,U.S. House,5
Revere,2,2,Total Votes Cast,976,U.S. House,5
Revere,2,3,Katherine M. Clark,221,U.S. House,5
Revere,2,3,All Others,13,U.S. House,5
Revere,2,3,Blanks,89,U.S. House,5
Revere,2,3,Total Votes Cast,323,U.S. House,5
Revere,2,3A,Katherine M. Clark,65,U.S. House,5
Revere,2,3A,All Others,2,U.S. House,5
Revere,2,3A,Blanks,27,U.S. House,5
Revere,2,3A,Total Votes Cast,94,U.S. House,5
Revere,3,1,Katherine M. Clark,586,U.S. House,5
Revere,3,1,All Others,30,U.S. House,5
Revere,3,1,Blanks,294,U.S. House,5
Revere,3,1,Total Votes Cast,910,U.S. House,5
Revere,3,2,Katherine M. Clark,606,U.S. House,5
Revere,3,2,All Others,36,U.S. House,5
Revere,3,2,Blanks,331,U.S. House,5
Revere,3,2,Total Votes Cast,973,U.S. House,5
Revere,3,3,Katherine M. Clark,619,U.S. House,5
Revere,3,3,All Others,30,U.S. House,5
Revere,3,3,Blanks,289,U.S. House,5
Revere,3,3,Total Votes Cast,938,U.S. House,5
Revere,4,1,Katherine M. Clark,778,U.S. House,5
Revere,4,1,All Others,32,U.S. House,5
Revere,4,1,Blanks,358,U.S. House,5
Revere,4,1,Total Votes Cast,1168,U.S. House,5
Revere,4,2,Katherine M. Clark,600,U.S. House,5
Revere,4,2,All Others,28,U.S. House,5
Revere,4,2,Blanks,296,U.S. House,5
Revere,4,2,Total Votes Cast,924,U.S. House,5
Revere,4,3,Katherine M. Clark,698,U.S. House,5
Revere,4,3,All Others,37,U.S. House,5
Revere,4,3,Blanks,401,U.S. House,5
Revere,4,3,Total Votes Cast,1136,U.S. House,5
Revere,5,1,Katherine M. Clark,610,U.S. House,5
Revere,5,1,All Others,24,U.S. House,5
Revere,5,1,Blanks,316,U.S. House,5
Revere,5,1,Total Votes Cast,950,U.S. House,5
Revere,5,1A,Katherine M. Clark,420,U.S. House,5
Revere,5,1A,All Others,8,U.S. House,5
Revere,5,1A,Blanks,215,U.S. House,5
Revere,5,1A,Total Votes Cast,643,U.S. House,5
Revere,5,2,Katherine M. Clark,772,U.S. House,5
Revere,5,2,All Others,33,U.S. House,5
Revere,5,2,Blanks,326,U.S. House,5
Revere,5,2,Total Votes Cast,1131,U.S. House,5
Revere,5,3,Katherine M. Clark,640,U.S. House,5
Revere,5,3,All Others,30,U.S. House,5
Revere,5,3,Blanks,305,U.S. House,5
Revere,5,3,Total Votes Cast,975,U.S. House,5
Revere,6,1,Katherine M. Clark,753,U.S. House,5
Revere,6,1,All Others,53,U.S. House,5
Revere,6,1,Blanks,488,U.S. House,5
Revere,6,1,Total Votes Cast,1294,U.S. House,5
Revere,6,2,Katherine M. Clark,753,U.S. House,5
Revere,6,2,All Others,41,U.S. House,5
Revere,6,2,Blanks,489,U.S. House,5
Revere,6,2,Total Votes Cast,1283,U.S. House,5
Revere,6,3,Katherine M. Clark,670,U.S. House,5
Revere,6,3,All Others,39,U.S. House,5
Revere,6,3,Blanks,287,U.S. House,5
Revere,6,3,Total Votes Cast,996,U.S. House,5
Richmond,-,1,Richard E. Neal,706,U.S. House,1
Richmond,-,1,Nadia Donya Milleron,260,U.S. House,1
Richmond,-,1,All Others,0,U.S. House,1
Richmond,-,1,Blanks,53,U.S. House,1
Richmond,-,1,Total Votes Cast,1019,U.S. House,1
Rochester,-,1,Bill Keating,1649,U.S. House,9
Rochester,-,1,Dan Sullivan,2215,U.S. House,9
Rochester,-,1,All Others,5,U.S. House,9
Rochester,-,1,Blanks,164,U.S. House,9
Rochester,-,1,Total Votes Cast,4033,U.S. House,9
Rockland,-,1,Bill Keating,968,U.S. House,9
Rockland,-,1,Dan Sullivan,728,U.S. House,9
Rockland,-,1,All Others,2,U.S. House,9
Rockland,-,1,Blanks,69,U.S. House,9
Rockland,-,1,Total Votes Cast,1767,U.S. House,9
Rockland,-,2,Bill Keating,953,U.S. House,9
Rockland,-,2,Dan Sullivan,785,U.S. House,9
Rockland,-,2,All Others,2,U.S. House,9
Rockland,-,2,Blanks,93,U.S. House,9
Rockland,-,2,Total Votes Cast,1833,U.S. House,9
Rockland,-,3,Bill Keating,750,U.S. House,9
Rockland,-,3,Dan Sullivan,573,U.S. House,9
Rockland,-,3,All Others,1,U.S. House,9
Rockland,-,3,Blanks,50,U.S. House,9
Rockland,-,3,Total Votes Cast,1374,U.S. House,9
Rockland,-,4,Bill Keating,726,U.S. House,9
Rockland,-,4,Dan Sullivan,648,U.S. House,9
Rockland,-,4,All Others,4,U.S. House,9
Rockland,-,4,Blanks,61,U.S. House,9
Rockland,-,4,Total Votes Cast,1439,U.S. House,9
Rockland,-,5,Bill Keating,787,U.S. House,9
Rockland,-,5,Dan Sullivan,770,U.S. House,9
Rockland,-,5,All Others,5,U.S. House,9
Rockland,-,5,Blanks,69,U.S. House,9
Rockland,-,5,Total Votes Cast,1631,U.S. House,9
Rockland,-,6,Bill Keating,903,U.S. House,9
Rockland,-,6,Dan Sullivan,774,U.S. House,9
Rockland,-,6,All Others,0,U.S. House,9
Rockland,-,6,Blanks,56,U.S. House,9
Rockland,-,6,Total Votes Cast,1733,U.S. House,9
Rockport,-,1,Seth W. Moulton,1039,U.S. House,6
Rockport,-,1,All Others,11,U.S. House,6
Rockport,-,1,Blanks,246,U.S. House,6
Rockport,-,1,Total Votes Cast,1296,U.S. House,6
Rockport,-,2,Seth W. Moulton,1424,U.S. House,6
Rockport,-,2,All Others,23,U.S. House,6
Rockport,-,2,Blanks,341,U.S. House,6
Rockport,-,2,Total Votes Cast,1788,U.S. House,6
Rockport,-,3,Seth W. Moulton,1716,U.S. House,6
Rockport,-,3,All Others,38,U.S. House,6
Rockport,-,3,Blanks,394,U.S. House,6
Rockport,-,3,Total Votes Cast,2148,U.S. House,6
Rowe,-,1,Richard E. Neal,145,U.S. House,1
Rowe,-,1,Nadia Donya Milleron,95,U.S. House,1
Rowe,-,1,All Others,0,U.S. House,1
Rowe,-,1,Blanks,25,U.S. House,1
Rowe,-,1,Total Votes Cast,265,U.S. House,1
Rowley,-,1,Seth W. Moulton,2868,U.S. House,6
Rowley,-,1,All Others,121,U.S. House,6
Rowley,-,1,Blanks,1131,U.S. House,6
Rowley,-,1,Total Votes Cast,4120,U.S. House,6
Royalston,-,1,James P. McGovern,429,U.S. House,2
Royalston,-,1,Cornelius Shea,340,U.S. House,2
Royalston,-,1,All Others,1,U.S. House,2
Royalston,-,1,Blanks,44,U.S. House,2
Royalston,-,1,Total Votes Cast,814,U.S. House,2
Russell,-,1,Richard E. Neal,396,U.S. House,1
Russell,-,1,Nadia Donya Milleron,454,U.S. House,1
Russell,-,1,All Others,60,U.S. House,1
Russell,-,1,Blanks,1,U.S. House,1
Russell,-,1,Total Votes Cast,911,U.S. House,1
Rutland,-,1,James P. McGovern,1113,U.S. House,2
Rutland,-,1,Cornelius Shea,854,U.S. House,2
Rutland,-,1,All Others,1,U.S. House,2
Rutland,-,1,Blanks,105,U.S. House,2
Rutland,-,1,Total Votes Cast,2073,U.S. House,2
Rutland,-,2,James P. McGovern,981,U.S. House,2
Rutland,-,2,Cornelius Shea,725,U.S. House,2
Rutland,-,2,All Others,5,U.S. House,2
Rutland,-,2,Blanks,86,U.S. House,2
Rutland,-,2,Total Votes Cast,1797,U.S. House,2
Rutland,-,3,James P. McGovern,1224,U.S. House,2
Rutland,-,3,Cornelius Shea,761,U.S. House,2
Rutland,-,3,All Others,4,U.S. House,2
Rutland,-,3,Blanks,110,U.S. House,2
Rutland,-,3,Total Votes Cast,2099,U.S. House,2
S. Hadley,-,A,Richard E. Neal,1211,U.S. House,1
S. Hadley,-,A,Nadia Donya Milleron,617,U.S. House,1
S. Hadley,-,A,All Others,0,U.S. House,1
S. Hadley,-,A,Blanks,107,U.S. House,1
S. Hadley,-,A,Total Votes Cast,1935,U.S. House,1
S. Hadley,-,B,Richard E. Neal,1399,U.S. House,1
S. Hadley,-,B,Nadia Donya Milleron,656,U.S. House,1
S. Hadley,-,B,All Others,4,U.S. House,1
S. Hadley,-,B,Blanks,141,U.S. House,1
S. Hadley,-,B,Total Votes Cast,2200,U.S. House,1
S. Hadley,-,C,Richard E. Neal,1391,U.S. House,1
S. Hadley,-,C,Nadia Donya Milleron,772,U.S. House,1
S. Hadley,-,C,All Others,6,U.S. House,1
S. Hadley,-,C,Blanks,147,U.S. House,1
S. Hadley,-,C,Total Votes Cast,2316,U.S. House,1
S. Hadley,-,D,Richard E. Neal,849,U.S. House,1
S. Hadley,-,D,Nadia Donya Milleron,359,U.S. House,1
S. Hadley,-,D,All Others,5,U.S. House,1
S. Hadley,-,D,Blanks,81,U.S. House,1
S. Hadley,-,D,Total Votes Cast,1294,U.S. House,1
S. Hadley,-,E,Richard E. Neal,1359,U.S. House,1
S. Hadley,-,E,Nadia Donya Milleron,755,U.S. House,1
S. Hadley,-,E,All Others,10,U.S. House,1
S. Hadley,-,E,Blanks,134,U.S. House,1
S. Hadley,-,E,Total Votes Cast,2258,U.S. House,1
Salem,1,1,Seth W. Moulton,1578,U.S. House,6
Salem,1,1,All Others,9,U.S. House,6
Salem,1,1,Blanks,399,U.S. House,6
Salem,1,1,Total Votes Cast,1986,U.S. House,6
Salem,1,2,Seth W. Moulton,708,U.S. House,6
Salem,1,2,All Others,5,U.S. House,6
Salem,1,2,Blanks,183,U.S. House,6
Salem,1,2,Total Votes Cast,896,U.S. House,6
Salem,2,1,Seth W. Moulton,1591,U.S. House,6
Salem,2,1,All Others,4,U.S. House,6
Salem,2,1,Blanks,312,U.S. House,6
Salem,2,1,Total Votes Cast,1907,U.S. House,6
Salem,2,2,Seth W. Moulton,1707,U.S. House,6
Salem,2,2,All Others,9,U.S. House,6
Salem,2,2,Blanks,357,U.S. House,6
Salem,2,2,Total Votes Cast,2073,U.S. House,6
Salem,3,1,Seth W. Moulton,1239,U.S. House,6
Salem,3,1,All Others,20,U.S. House,6
Salem,3,1,Blanks,289,U.S. House,6
Salem,3,1,Total Votes Cast,1548,U.S. House,6
Salem,3,2,Seth W. Moulton,1271,U.S. House,6
Salem,3,2,All Others,14,U.S. House,6
Salem,3,2,Blanks,374,U.S. House,6
Salem,3,2,Total Votes Cast,1659,U.S. House,6
Salem,4,1,Seth W. Moulton,1172,U.S. House,6
Salem,4,1,All Others,9,U.S. House,6
Salem,4,1,Blanks,383,U.S. House,6
Salem,4,1,Total Votes Cast,1564,U.S. House,6
Salem,4,2,Seth W. Moulton,1342,U.S. House,6
Salem,4,2,All Others,22,U.S. House,6
Salem,4,2,Blanks,445,U.S. House,6
Salem,4,2,Total Votes Cast,1809,U.S. House,6
Salem,5,1,Seth W. Moulton,1479,U.S. House,6
Salem,5,1,All Others,58,U.S. House,6
Salem,5,1,Blanks,270,U.S. House,6
Salem,5,1,Total Votes Cast,1807,U.S. House,6
Salem,5,2,Seth W. Moulton,1251,U.S. House,6
Salem,5,2,All Others,18,U.S. House,6
Salem,5,2,Blanks,250,U.S. House,6
Salem,5,2,Total Votes Cast,1519,U.S. House,6
Salem,6,1,Seth W. Moulton,1332,U.S. House,6
Salem,6,1,All Others,13,U.S. House,6
Salem,6,1,Blanks,326,U.S. House,6
Salem,6,1,Total Votes Cast,1671,U.S. House,6
Salem,6,2,Seth W. Moulton,1580,U.S. House,6
Salem,6,2,All Others,11,U.S. House,6
Salem,6,2,Blanks,306,U.S. House,6
Salem,6,2,Total Votes Cast,1897,U.S. House,6
Salem,7,1,Seth W. Moulton,1045,U.S. House,6
Salem,7,1,All Others,6,U.S. House,6
Salem,7,1,Blanks,261,U.S. House,6
Salem,7,1,Total Votes Cast,1312,U.S. House,6
Salem,7,2,Seth W. Moulton,1382,U.S. House,6
Salem,7,2,All Others,8,U.S. House,6
Salem,7,2,Blanks,366,U.S. House,6
Salem,7,2,Total Votes Cast,1756,U.S. House,6
Salisbury,-,1,Seth W. Moulton,1361,U.S. House,6
Salisbury,-,1,All Others,12,U.S. House,6
Salisbury,-,1,Blanks,535,U.S. House,6
Salisbury,-,1,Total Votes Cast,1908,U.S. House,6
Salisbury,-,2,Seth W. Moulton,1303,U.S. House,6
Salisbury,-,2,All Others,14,U.S. House,6
Salisbury,-,2,Blanks,510,U.S. House,6
Salisbury,-,2,Total Votes Cast,1827,U.S. House,6
Salisbury,-,3,Seth W. Moulton,1245,U.S. House,6
Salisbury,-,3,All Others,15,U.S. House,6
Salisbury,-,3,Blanks,562,U.S. House,6
Salisbury,-,3,Total Votes Cast,1822,U.S. House,6
Sandisfield,-,1,Richard E. Neal,225,U.S. House,1
Sandisfield,-,1,Nadia Donya Milleron,242,U.S. House,1
Sandisfield,-,1,All Others,0,U.S. House,1
Sandisfield,-,1,Blanks,40,U.S. House,1
Sandisfield,-,1,Total Votes Cast,507,U.S. House,1
Sandwich,-,1,Bill Keating,1465,U.S. House,9
Sandwich,-,1,Dan Sullivan,981,U.S. House,9
Sandwich,-,1,All Others,1,U.S. House,9
Sandwich,-,1,Blanks,69,U.S. House,9
Sandwich,-,1,Total Votes Cast,2516,U.S. House,9
Sandwich,-,2,Bill Keating,1326,U.S. House,9
Sandwich,-,2,Dan Sullivan,994,U.S. House,9
Sandwich,-,2,All Others,0,U.S. House,9
Sandwich,-,2,Blanks,53,U.S. House,9
Sandwich,-,2,Total Votes Cast,2373,U.S. House,9
Sandwich,-,3,Bill Keating,1186,U.S. House,9
Sandwich,-,3,Dan Sullivan,1009,U.S. House,9
Sandwich,-,3,All Others,2,U.S. House,9
Sandwich,-,3,Blanks,62,U.S. House,9
Sandwich,-,3,Total Votes Cast,2259,U.S. House,9
Sandwich,-,4,Bill Keating,1158,U.S. House,9
Sandwich,-,4,Dan Sullivan,1095,U.S. House,9
Sandwich,-,4,All Others,1,U.S. House,9
Sandwich,-,4,Blanks,83,U.S. House,9
Sandwich,-,4,Total Votes Cast,2337,U.S. House,9
Sandwich,-,5,Bill Keating,1106,U.S. House,9
Sandwich,-,5,Dan Sullivan,953,U.S. House,9
Sandwich,-,5,All Others,1,U.S. House,9
Sandwich,-,5,Blanks,81,U.S. House,9
Sandwich,-,5,Total Votes Cast,2141,U.S. House,9
Sandwich,-,6,Bill Keating,1040,U.S. House,9
Sandwich,-,6,Dan Sullivan,1036,U.S. House,9
Sandwich,-,6,All Others,2,U.S. House,9
Sandwich,-,6,Blanks,66,U.S. House,9
Sandwich,-,6,Total Votes Cast,2144,U.S. House,9
Saugus,-,1,Seth W. Moulton,907,U.S. House,6
Saugus,-,1,All Others,10,U.S. House,6
Saugus,-,1,Blanks,488,U.S. House,6
Saugus,-,1,Total Votes Cast,1405,U.S. House,6
Saugus,-,10,Seth W. Moulton,843,U.S. House,6
Saugus,-,10,All Others,4,U.S. House,6
Saugus,-,10,Blanks,482,U.S. House,6
Saugus,-,10,Total Votes Cast,1329,U.S. House,6
Saugus,-,2,Seth W. Moulton,945,U.S. House,6
Saugus,-,2,All Others,5,U.S. House,6
Saugus,-,2,Blanks,458,U.S. House,6
Saugus,-,2,Total Votes Cast,1408,U.S. House,6
Saugus,-,3,Seth W. Moulton,949,U.S. House,6
Saugus,-,3,All Others,1,U.S. House,6
Saugus,-,3,Blanks,534,U.S. House,6
Saugus,-,3,Total Votes Cast,1484,U.S. House,6
Saugus,-,4,Seth W. Moulton,988,U.S. House,6
Saugus,-,4,All Others,1,U.S. House,6
Saugus,-,4,Blanks,575,U.S. House,6
Saugus,-,4,Total Votes Cast,1564,U.S. House,6
Saugus,-,5,Seth W. Moulton,1018,U.S. House,6
Saugus,-,5,All Others,8,U.S. House,6
Saugus,-,5,Blanks,682,U.S. House,6
Saugus,-,5,Total Votes Cast,1708,U.S. House,6
Saugus,-,6,Seth W. Moulton,892,U.S. House,6
Saugus,-,6,All Others,5,U.S. House,6
Saugus,-,6,Blanks,571,U.S. House,6
Saugus,-,6,Total Votes Cast,1468,U.S. House,6
Saugus,-,7,Seth W. Moulton,913,U.S. House,6
Saugus,-,7,All Others,0,U.S. House,6
Saugus,-,7,Blanks,696,U.S. House,6
Saugus,-,7,Total Votes Cast,1609,U.S. House,6
Saugus,-,8,Seth W. Moulton,956,U.S. House,6
Saugus,-,8,All Others,0,U.S. House,6
Saugus,-,8,Blanks,561,U.S. House,6
Saugus,-,8,Total Votes Cast,1517,U.S. House,6
Saugus,-,9,Seth W. Moulton,1022,U.S. House,6
Saugus,-,9,All Others,3,U.S. House,6
Saugus,-,9,Blanks,657,U.S. House,6
Saugus,-,9,Total Votes Cast,1682,U.S. House,6
Savoy,-,1,Richard E. Neal,222,U.S. House,1
Savoy,-,1,Nadia Donya Milleron,163,U.S. House,1
Savoy,-,1,All Others,0,U.S. House,1
Savoy,-,1,Blanks,52,U.S. House,1
Savoy,-,1,Total Votes Cast,437,U.S. House,1
Scituate,-,1,Bill Keating,1280,U.S. House,9
Scituate,-,1,Dan Sullivan,883,U.S. House,9
Scituate,-,1,All Others,1,U.S. House,9
Scituate,-,1,Blanks,89,U.S. House,9
Scituate,-,1,Total Votes Cast,2253,U.S. House,9
Scituate,-,2,Bill Keating,1320,U.S. House,9
Scituate,-,2,Dan Sullivan,847,U.S. House,9
Scituate,-,2,All Others,0,U.S. House,9
Scituate,-,2,Blanks,89,U.S. House,9
Scituate,-,2,Total Votes Cast,2256,U.S. House,9
Scituate,-,3,Bill Keating,1281,U.S. House,9
Scituate,-,3,Dan Sullivan,841,U.S. House,9
Scituate,-,3,All Others,0,U.S. House,9
Scituate,-,3,Blanks,71,U.S. House,9
Scituate,-,3,Total Votes Cast,2193,U.S. House,9
Scituate,-,4,Bill Keating,1310,U.S. House,9
Scituate,-,4,Dan Sullivan,948,U.S. House,9
Scituate,-,4,All Others,0,U.S. House,9
Scituate,-,4,Blanks,110,U.S. House,9
Scituate,-,4,Total Votes Cast,2368,U.S. House,9
Scituate,-,5,Bill Keating,1307,U.S. House,9
Scituate,-,5,Dan Sullivan,741,U.S. House,9
Scituate,-,5,All Others,0,U.S. House,9
Scituate,-,5,Blanks,91,U.S. House,9
Scituate,-,5,Total Votes Cast,2139,U.S. House,9
Scituate,-,6,Bill Keating,1402,U.S. House,9
Scituate,-,6,Dan Sullivan,881,U.S. House,9
Scituate,-,6,All Others,0,U.S. House,9
Scituate,-,6,Blanks,83,U.S. House,9
Scituate,-,6,Total Votes Cast,2366,U.S. House,9
Seekonk,-,1,Jake Auchincloss,1485,U.S. House,4
Seekonk,-,1,Sana A. Fadel,0,U.S. House,4
Seekonk,-,1,All Others,92,U.S. House,4
Seekonk,-,1,Blanks,663,U.S. House,4
Seekonk,-,1,Total Votes Cast,2240,U.S. House,4
Seekonk,-,2,Jake Auchincloss,1763,U.S. House,4
Seekonk,-,2,Sana A. Fadel,0,U.S. House,4
Seekonk,-,2,All Others,80,U.S. House,4
Seekonk,-,2,Blanks,726,U.S. House,4
Seekonk,-,2,Total Votes Cast,2569,U.S. House,4
Seekonk,-,3,Jake Auchincloss,1481,U.S. House,4
Seekonk,-,3,Sana A. Fadel,0,U.S. House,4
Seekonk,-,3,All Others,59,U.S. House,4
Seekonk,-,3,Blanks,626,U.S. House,4
Seekonk,-,3,Total Votes Cast,2166,U.S. House,4
Seekonk,-,4,Jake Auchincloss,1485,U.S. House,4
Seekonk,-,4,Sana A. Fadel,0,U.S. House,4
Seekonk,-,4,All Others,85,U.S. House,4
Seekonk,-,4,Blanks,626,U.S. House,4
Seekonk,-,4,Total Votes Cast,2196,U.S. House,4
Sharon,-,1,Jake Auchincloss,1725,U.S. House,4
Sharon,-,1,Sana A. Fadel,9,U.S. House,4
Sharon,-,1,All Others,35,U.S. House,4
Sharon,-,1,Blanks,428,U.S. House,4
Sharon,-,1,Total Votes Cast,2197,U.S. House,4
Sharon,-,2,Jake Auchincloss,1568,U.S. House,4
Sharon,-,2,Sana A. Fadel,27,U.S. House,4
Sharon,-,2,All Others,37,U.S. House,4
Sharon,-,2,Blanks,464,U.S. House,4
Sharon,-,2,Total Votes Cast,2096,U.S. House,4
Sharon,-,3,Jake Auchincloss,1707,U.S. House,4
Sharon,-,3,Sana A. Fadel,15,U.S. House,4
Sharon,-,3,All Others,23,U.S. House,4
Sharon,-,3,Blanks,498,U.S. House,4
Sharon,-,3,Total Votes Cast,2243,U.S. House,4
Sharon,-,4,Jake Auchincloss,1653,U.S. House,4
Sharon,-,4,Sana A. Fadel,30,U.S. House,4
Sharon,-,4,All Others,32,U.S. House,4
Sharon,-,4,Blanks,465,U.S. House,4
Sharon,-,4,Total Votes Cast,2180,U.S. House,4
Sharon,-,5,Jake Auchincloss,1575,U.S. House,4
Sharon,-,5,Sana A. Fadel,23,U.S. House,4
Sharon,-,5,All Others,28,U.S. House,4
Sharon,-,5,Blanks,564,U.S. House,4
Sharon,-,5,Total Votes Cast,2190,U.S. House,4
Sheffield,-,1,Richard E. Neal,810,U.S. House,1
Sheffield,-,1,Nadia Donya Milleron,1118,U.S. House,1
Sheffield,-,1,All Others,3,U.S. House,1
Sheffield,-,1,Blanks,108,U.S. House,1
Sheffield,-,1,Total Votes Cast,2039,U.S. House,1
Shelburne,-,1,James P. McGovern,928,U.S. House,2
Shelburne,-,1,Cornelius Shea,247,U.S. House,2
Shelburne,-,1,All Others,1,U.S. House,2
Shelburne,-,1,Blanks,60,U.S. House,2
Shelburne,-,1,Total Votes Cast,1236,U.S. House,2
Sherborn,-,1,Jake Auchincloss,2177,U.S. House,4
Sherborn,-,1,Sana A. Fadel,0,U.S. House,4
Sherborn,-,1,All Others,80,U.S. House,4
Sherborn,-,1,Blanks,549,U.S. House,4
Sherborn,-,1,Total Votes Cast,2806,U.S. House,4
Shirley,-,1,Lori Loureiro Trahan,2621,U.S. House,3
Shirley,-,1,All Others,98,U.S. House,3
Shirley,-,1,Blanks,985,U.S. House,3
Shirley,-,1,Total Votes Cast,3704,U.S. House,3
Shrewsbury,-,1,James P. McGovern,1365,U.S. House,2
Shrewsbury,-,1,Cornelius Shea,865,U.S. House,2
Shrewsbury,-,1,All Others,1,U.S. House,2
Shrewsbury,-,1,Blanks,106,U.S. House,2
Shrewsbury,-,1,Total Votes Cast,2337,U.S. House,2
Shrewsbury,-,10,James P. McGovern,1259,U.S. House,2
Shrewsbury,-,10,Cornelius Shea,589,U.S. House,2
Shrewsbury,-,10,All Others,3,U.S. House,2
Shrewsbury,-,10,Blanks,95,U.S. House,2
Shrewsbury,-,10,Total Votes Cast,1946,U.S. House,2
Shrewsbury,-,2,James P. McGovern,1219,U.S. House,2
Shrewsbury,-,2,Cornelius Shea,654,U.S. House,2
Shrewsbury,-,2,All Others,1,U.S. House,2
Shrewsbury,-,2,Blanks,109,U.S. House,2
Shrewsbury,-,2,Total Votes Cast,1983,U.S. House,2
Shrewsbury,-,3,James P. McGovern,972,U.S. House,2
Shrewsbury,-,3,Cornelius Shea,524,U.S. House,2
Shrewsbury,-,3,All Others,2,U.S. House,2
Shrewsbury,-,3,Blanks,98,U.S. House,2
Shrewsbury,-,3,Total Votes Cast,1596,U.S. House,2
Shrewsbury,-,4,James P. McGovern,1312,U.S. House,2
Shrewsbury,-,4,Cornelius Shea,794,U.S. House,2
Shrewsbury,-,4,All Others,0,U.S. House,2
Shrewsbury,-,4,Blanks,97,U.S. House,2
Shrewsbury,-,4,Total Votes Cast,2203,U.S. House,2
Shrewsbury,-,5,James P. McGovern,1218,U.S. House,2
Shrewsbury,-,5,Cornelius Shea,582,U.S. House,2
Shrewsbury,-,5,All Others,1,U.S. House,2
Shrewsbury,-,5,Blanks,80,U.S. House,2
Shrewsbury,-,5,Total Votes Cast,1881,U.S. House,2
Shrewsbury,-,6,James P. McGovern,1292,U.S. House,2
Shrewsbury,-,6,Cornelius Shea,647,U.S. House,2
Shrewsbury,-,6,All Others,3,U.S. House,2
Shrewsbury,-,6,Blanks,113,U.S. House,2
Shrewsbury,-,6,Total Votes Cast,2055,U.S. House,2
Shrewsbury,-,7,James P. McGovern,1398,U.S. House,2
Shrewsbury,-,7,Cornelius Shea,774,U.S. House,2
Shrewsbury,-,7,All Others,4,U.S. House,2
Shrewsbury,-,7,Blanks,103,U.S. House,2
Shrewsbury,-,7,Total Votes Cast,2279,U.S. House,2
Shrewsbury,-,8,James P. McGovern,1473,U.S. House,2
Shrewsbury,-,8,Cornelius Shea,881,U.S. House,2
Shrewsbury,-,8,All Others,2,U.S. House,2
Shrewsbury,-,8,Blanks,124,U.S. House,2
Shrewsbury,-,8,Total Votes Cast,2480,U.S. House,2
Shrewsbury,-,9,James P. McGovern,965,U.S. House,2
Shrewsbury,-,9,Cornelius Shea,462,U.S. House,2
Shrewsbury,-,9,All Others,0,U.S. House,2
Shrewsbury,-,9,Blanks,61,U.S. House,2
Shrewsbury,-,9,Total Votes Cast,1488,U.S. House,2
Shutesbury,-,1,James P. McGovern,1065,U.S. House,2
Shutesbury,-,1,Cornelius Shea,153,U.S. House,2
Shutesbury,-,1,All Others,1,U.S. House,2
Shutesbury,-,1,Blanks,45,U.S. House,2
Shutesbury,-,1,Total Votes Cast,1264,U.S. House,2
Somerset,-,1,Jake Auchincloss,1590,U.S. House,4
Somerset,-,1,Sana A. Fadel,0,U.S. House,4
Somerset,-,1,All Others,7,U.S. House,4
Somerset,-,1,Blanks,733,U.S. House,4
Somerset,-,1,Total Votes Cast,2330,U.S. House,4
Somerset,-,2,Jake Auchincloss,1534,U.S. House,4
Somerset,-,2,Sana A. Fadel,1,U.S. House,4
Somerset,-,2,All Others,12,U.S. House,4
Somerset,-,2,Blanks,751,U.S. House,4
Somerset,-,2,Total Votes Cast,2298,U.S. House,4
Somerset,-,3,Jake Auchincloss,1542,U.S. House,4
Somerset,-,3,Sana A. Fadel,1,U.S. House,4
Somerset,-,3,All Others,5,U.S. House,4
Somerset,-,3,Blanks,709,U.S. House,4
Somerset,-,3,Total Votes Cast,2257,U.S. House,4
Somerset,-,4,Jake Auchincloss,1411,U.S. House,4
Somerset,-,4,Sana A. Fadel,0,U.S. House,4
Somerset,-,4,All Others,11,U.S. House,4
Somerset,-,4,Blanks,688,U.S. House,4
Somerset,-,4,Total Votes Cast,2110,U.S. House,4
Somerset,-,5,Jake Auchincloss,1394,U.S. House,4
Somerset,-,5,Sana A. Fadel,0,U.S. House,4
Somerset,-,5,All Others,15,U.S. House,4
Somerset,-,5,Blanks,727,U.S. House,4
Somerset,-,5,Total Votes Cast,2136,U.S. House,4
Somerville,1,1,Ayanna S. Pressley,1044,U.S. House,7
Somerville,1,1,All Others,38,U.S. House,7
Somerville,1,1,Blanks,186,U.S. House,7
Somerville,1,1,Total Votes Cast,1268,U.S. House,7
Somerville,1,2,Ayanna S. Pressley,830,U.S. House,7
Somerville,1,2,All Others,27,U.S. House,7
Somerville,1,2,Blanks,175,U.S. House,7
Somerville,1,2,Total Votes Cast,1032,U.S. House,7
Somerville,1,3,Ayanna S. Pressley,1078,U.S. House,7
Somerville,1,3,All Others,30,U.S. House,7
Somerville,1,3,Blanks,182,U.S. House,7
Somerville,1,3,Total Votes Cast,1290,U.S. House,7
Somerville,1,4,Ayanna S. Pressley,612,U.S. House,7
Somerville,1,4,All Others,24,U.S. House,7
Somerville,1,4,Blanks,84,U.S. House,7
Somerville,1,4,Total Votes Cast,720,U.S. House,7
Somerville,1,4A,Ayanna S. Pressley,325,U.S. House,7
Somerville,1,4A,All Others,10,U.S. House,7
Somerville,1,4A,Blanks,43,U.S. House,7
Somerville,1,4A,Total Votes Cast,378,U.S. House,7
Somerville,2,1,Ayanna S. Pressley,818,U.S. House,7
Somerville,2,1,All Others,14,U.S. House,7
Somerville,2,1,Blanks,101,U.S. House,7
Somerville,2,1,Total Votes Cast,933,U.S. House,7
Somerville,2,1A,Ayanna S. Pressley,500,U.S. House,7
Somerville,2,1A,All Others,12,U.S. House,7
Somerville,2,1A,Blanks,51,U.S. House,7
Somerville,2,1A,Total Votes Cast,563,U.S. House,7
Somerville,2,2,Ayanna S. Pressley,1240,U.S. House,7
Somerville,2,2,All Others,39,U.S. House,7
Somerville,2,2,Blanks,170,U.S. House,7
Somerville,2,2,Total Votes Cast,1449,U.S. House,7
Somerville,2,3,Ayanna S. Pressley,1292,U.S. House,7
Somerville,2,3,All Others,19,U.S. House,7
Somerville,2,3,Blanks,148,U.S. House,7
Somerville,2,3,Total Votes Cast,1459,U.S. House,7
Somerville,2,4,Ayanna S. Pressley,1339,U.S. House,7
Somerville,2,4,All Others,39,U.S. House,7
Somerville,2,4,Blanks,150,U.S. House,7
Somerville,2,4,Total Votes Cast,1528,U.S. House,7
Somerville,3,1,Ayanna S. Pressley,1379,U.S. House,7
Somerville,3,1,All Others,41,U.S. House,7
Somerville,3,1,Blanks,158,U.S. House,7
Somerville,3,1,Total Votes Cast,1578,U.S. House,7
Somerville,3,2,Ayanna S. Pressley,1225,U.S. House,7
Somerville,3,2,All Others,39,U.S. House,7
Somerville,3,2,Blanks,206,U.S. House,7
Somerville,3,2,Total Votes Cast,1470,U.S. House,7
Somerville,3,3,Ayanna S. Pressley,1375,U.S. House,7
Somerville,3,3,All Others,40,U.S. House,7
Somerville,3,3,Blanks,200,U.S. House,7
Somerville,3,3,Total Votes Cast,1615,U.S. House,7
Somerville,3,4,Ayanna S. Pressley,1339,U.S. House,7
Somerville,3,4,All Others,45,U.S. House,7
Somerville,3,4,Blanks,179,U.S. House,7
Somerville,3,4,Total Votes Cast,1563,U.S. House,7
Somerville,4,1,Ayanna S. Pressley,940,U.S. House,7
Somerville,4,1,All Others,39,U.S. House,7
Somerville,4,1,Blanks,245,U.S. House,7
Somerville,4,1,Total Votes Cast,1224,U.S. House,7
Somerville,4,2,Ayanna S. Pressley,757,U.S. House,7
Somerville,4,2,All Others,29,U.S. House,7
Somerville,4,2,Blanks,111,U.S. House,7
Somerville,4,2,Total Votes Cast,897,U.S. House,7
Somerville,4,2A,Ayanna S. Pressley,305,U.S. House,7
Somerville,4,2A,All Others,3,U.S. House,7
Somerville,4,2A,Blanks,52,U.S. House,7
Somerville,4,2A,Total Votes Cast,360,U.S. House,7
Somerville,4,3,Ayanna S. Pressley,1290,U.S. House,7
Somerville,4,3,All Others,29,U.S. House,7
Somerville,4,3,Blanks,182,U.S. House,7
Somerville,4,3,Total Votes Cast,1501,U.S. House,7
Somerville,4,4,Ayanna S. Pressley,833,U.S. House,7
Somerville,4,4,All Others,21,U.S. House,7
Somerville,4,4,Blanks,147,U.S. House,7
Somerville,4,4,Total Votes Cast,1001,U.S. House,7
Somerville,5,1,Ayanna S. Pressley,1332,U.S. House,7
Somerville,5,1,All Others,44,U.S. House,7
Somerville,5,1,Blanks,207,U.S. House,7
Somerville,5,1,Total Votes Cast,1583,U.S. House,7
Somerville,5,2,Ayanna S. Pressley,1384,U.S. House,7
Somerville,5,2,All Others,31,U.S. House,7
Somerville,5,2,Blanks,202,U.S. House,7
Somerville,5,2,Total Votes Cast,1617,U.S. House,7
Somerville,5,3,Ayanna S. Pressley,1381,U.S. House,7
Somerville,5,3,All Others,26,U.S. House,7
Somerville,5,3,Blanks,192,U.S. House,7
Somerville,5,3,Total Votes Cast,1599,U.S. House,7
Somerville,5,4,Ayanna S. Pressley,1521,U.S. House,7
Somerville,5,4,All Others,36,U.S. House,7
Somerville,5,4,Blanks,175,U.S. House,7
Somerville,5,4,Total Votes Cast,1732,U.S. House,7
Somerville,6,1,Ayanna S. Pressley,1602,U.S. House,7
Somerville,6,1,All Others,35,U.S. House,7
Somerville,6,1,Blanks,160,U.S. House,7
Somerville,6,1,Total Votes Cast,1797,U.S. House,7
Somerville,6,2,Ayanna S. Pressley,1631,U.S. House,7
Somerville,6,2,All Others,35,U.S. House,7
Somerville,6,2,Blanks,206,U.S. House,7
Somerville,6,2,Total Votes Cast,1872,U.S. House,7
Somerville,6,3,Ayanna S. Pressley,228,U.S. House,7
Somerville,6,3,All Others,4,U.S. House,7
Somerville,6,3,Blanks,45,U.S. House,7
Somerville,6,3,Total Votes Cast,277,U.S. House,7
Somerville,6,3A,Ayanna S. Pressley,209,U.S. House,7
Somerville,6,3A,All Others,8,U.S. House,7
Somerville,6,3A,Blanks,47,U.S. House,7
Somerville,6,3A,Total Votes Cast,264,U.S. House,7
Somerville,6,4,Ayanna S. Pressley,1529,U.S. House,7
Somerville,6,4,All Others,33,U.S. House,7
Somerville,6,4,Blanks,189,U.S. House,7
Somerville,6,4,Total Votes Cast,1751,U.S. House,7
Somerville,7,1,Ayanna S. Pressley,1574,U.S. House,7
Somerville,7,1,All Others,25,U.S. House,7
Somerville,7,1,Blanks,165,U.S. House,7
Somerville,7,1,Total Votes Cast,1764,U.S. House,7
Somerville,7,2,Ayanna S. Pressley,1104,U.S. House,7
Somerville,7,2,All Others,35,U.S. House,7
Somerville,7,2,Blanks,161,U.S. House,7
Somerville,7,2,Total Votes Cast,1300,U.S. House,7
Somerville,7,3,Ayanna S. Pressley,986,U.S. House,7
Somerville,7,3,All Others,46,U.S. House,7
Somerville,7,3,Blanks,184,U.S. House,7
Somerville,7,3,Total Votes Cast,1216,U.S. House,7
Somerville,7,4,Ayanna S. Pressley,1147,U.S. House,7
Somerville,7,4,All Others,35,U.S. House,7
Somerville,7,4,Blanks,181,U.S. House,7
Somerville,7,4,Total Votes Cast,1363,U.S. House,7
Southampton,-,1,Richard E. Neal,1081,U.S. House,1
Southampton,-,1,Nadia Donya Milleron,775,U.S. House,1
Southampton,-,1,All Others,3,U.S. House,1
Southampton,-,1,Blanks,146,U.S. House,1
Southampton,-,1,Total Votes Cast,2005,U.S. House,1
Southampton,-,2,Richard E. Neal,1098,U.S. House,1
Southampton,-,2,Nadia Donya Milleron,824,U.S. House,1
Southampton,-,2,All Others,8,U.S. House,1
Southampton,-,2,Blanks,153,U.S. House,1
Southampton,-,2,Total Votes Cast,2083,U.S. House,1
Southborough,-,1,James P. McGovern,1411,U.S. House,2
Southborough,-,1,Cornelius Shea,554,U.S. House,2
Southborough,-,1,All Others,6,U.S. House,2
Southborough,-,1,Blanks,138,U.S. House,2
Southborough,-,1,Total Votes Cast,2109,U.S. House,2
Southborough,-,2,James P. McGovern,1336,U.S. House,2
Southborough,-,2,Cornelius Shea,601,U.S. House,2
Southborough,-,2,All Others,3,U.S. House,2
Southborough,-,2,Blanks,109,U.S. House,2
Southborough,-,2,Total Votes Cast,2049,U.S. House,2
Southborough,-,3,James P. McGovern,1386,U.S. House,2
Southborough,-,3,Cornelius Shea,570,U.S. House,2
Southborough,-,3,All Others,3,U.S. House,2
Southborough,-,3,Blanks,129,U.S. House,2
Southborough,-,3,Total Votes Cast,2088,U.S. House,2
Southbridge,-,1,Richard E. Neal,841,U.S. House,1
Southbridge,-,1,Nadia Donya Milleron,423,U.S. House,1
Southbridge,-,1,All Others,8,U.S. House,1
Southbridge,-,1,Blanks,152,U.S. House,1
Southbridge,-,1,Total Votes Cast,1424,U.S. House,1
Southbridge,-,2,Richard E. Neal,652,U.S. House,1
Southbridge,-,2,Nadia Donya Milleron,332,U.S. House,1
Southbridge,-,2,All Others,8,U.S. House,1
Southbridge,-,2,Blanks,122,U.S. House,1
Southbridge,-,2,Total Votes Cast,1114,U.S. House,1
Southbridge,-,3,Richard E. Neal,852,U.S. House,1
Southbridge,-,3,Nadia Donya Milleron,476,U.S. House,1
Southbridge,-,3,All Others,9,U.S. House,1
Southbridge,-,3,Blanks,170,U.S. House,1
Southbridge,-,3,Total Votes Cast,1507,U.S. House,1
Southbridge,-,4,Richard E. Neal,1198,U.S. House,1
Southbridge,-,4,Nadia Donya Milleron,591,U.S. House,1
Southbridge,-,4,All Others,16,U.S. House,1
Southbridge,-,4,Blanks,204,U.S. House,1
Southbridge,-,4,Total Votes Cast,2009,U.S. House,1
Southbridge,-,5,Richard E. Neal,638,U.S. House,1
Southbridge,-,5,Nadia Donya Milleron,270,U.S. House,1
Southbridge,-,5,All Others,9,U.S. House,1
Southbridge,-,5,Blanks,103,U.S. House,1
Southbridge,-,5,Total Votes Cast,1020,U.S. House,1
Southwick,-,1,Richard E. Neal,961,U.S. House,1
Southwick,-,1,Nadia Donya Milleron,1113,U.S. House,1
Southwick,-,1,All Others,8,U.S. House,1
Southwick,-,1,Blanks,168,U.S. House,1
Southwick,-,1,Total Votes Cast,2250,U.S. House,1
Southwick,-,2,Richard E. Neal,753,U.S. House,1
Southwick,-,2,Nadia Donya Milleron,789,U.S. House,1
Southwick,-,2,All Others,10,U.S. House,1
Southwick,-,2,Blanks,126,U.S. House,1
Southwick,-,2,Total Votes Cast,1678,U.S. House,1
Southwick,-,3,Richard E. Neal,909,U.S. House,1
Southwick,-,3,Nadia Donya Milleron,912,U.S. House,1
Southwick,-,3,All Others,10,U.S. House,1
Southwick,-,3,Blanks,123,U.S. House,1
Southwick,-,3,Total Votes Cast,1954,U.S. House,1
Spencer,-,1,Richard E. Neal,833,U.S. House,1
Spencer,-,1,Nadia Donya Milleron,586,U.S. House,1
Spencer,-,1,All Others,7,U.S. House,1
Spencer,-,1,Blanks,164,U.S. House,1
Spencer,-,1,Total Votes Cast,1590,U.S. House,1
Spencer,-,2,Richard E. Neal,756,U.S. House,1
Spencer,-,2,Nadia Donya Milleron,549,U.S. House,1
Spencer,-,2,All Others,9,U.S. House,1
Spencer,-,2,Blanks,101,U.S. House,1
Spencer,-,2,Total Votes Cast,1415,U.S. House,1
Spencer,-,3,Richard E. Neal,833,U.S. House,1
Spencer,-,3,Nadia Donya Milleron,719,U.S. House,1
Spencer,-,3,All Others,1,U.S. House,1
Spencer,-,3,Blanks,177,U.S. House,1
Spencer,-,3,Total Votes Cast,1730,U.S. House,1
Spencer,-,4,Richard E. Neal,881,U.S. House,1
Spencer,-,4,Nadia Donya Milleron,652,U.S. House,1
Spencer,-,4,All Others,2,U.S. House,1
Spencer,-,4,Blanks,181,U.S. House,1
Spencer,-,4,Total Votes Cast,1716,U.S. House,1
Springfield,1,A,Richard E. Neal,324,U.S. House,1
Springfield,1,A,Nadia Donya Milleron,82,U.S. House,1
Springfield,1,A,All Others,2,U.S. House,1
Springfield,1,A,Blanks,117,U.S. House,1
Springfield,1,A,Total Votes Cast,525,U.S. House,1
Springfield,1,B,Richard E. Neal,430,U.S. House,1
Springfield,1,B,Nadia Donya Milleron,125,U.S. House,1
Springfield,1,B,All Others,4,U.S. House,1
Springfield,1,B,Blanks,54,U.S. House,1
Springfield,1,B,Total Votes Cast,613,U.S. House,1
Springfield,1,C,Richard E. Neal,284,U.S. House,1
Springfield,1,C,Nadia Donya Milleron,71,U.S. House,1
Springfield,1,C,All Others,2,U.S. House,1
Springfield,1,C,Blanks,42,U.S. House,1
Springfield,1,C,Total Votes Cast,399,U.S. House,1
Springfield,1,C1,Richard E. Neal,49,U.S. House,1
Springfield,1,C1,Nadia Donya Milleron,11,U.S. House,1
Springfield,1,C1,All Others,0,U.S. House,1
Springfield,1,C1,Blanks,2,U.S. House,1
Springfield,1,C1,Total Votes Cast,62,U.S. House,1
Springfield,1,D,Richard E. Neal,290,U.S. House,1
Springfield,1,D,Nadia Donya Milleron,64,U.S. House,1
Springfield,1,D,All Others,1,U.S. House,1
Springfield,1,D,Blanks,33,U.S. House,1
Springfield,1,D,Total Votes Cast,388,U.S. House,1
Springfield,1,D1,Richard E. Neal,73,U.S. House,1
Springfield,1,D1,Nadia Donya Milleron,12,U.S. House,1
Springfield,1,D1,All Others,1,U.S. House,1
Springfield,1,D1,Blanks,5,U.S. House,1
Springfield,1,D1,Total Votes Cast,91,U.S. House,1
Springfield,1,E,Richard E. Neal,398,U.S. House,1
Springfield,1,E,Nadia Donya Milleron,91,U.S. House,1
Springfield,1,E,All Others,3,U.S. House,1
Springfield,1,E,Blanks,57,U.S. House,1
Springfield,1,E,Total Votes Cast,549,U.S. House,1
Springfield,1,F,Richard E. Neal,375,U.S. House,1
Springfield,1,F,Nadia Donya Milleron,97,U.S. House,1
Springfield,1,F,All Others,3,U.S. House,1
Springfield,1,F,Blanks,70,U.S. House,1
Springfield,1,F,Total Votes Cast,545,U.S. House,1
Springfield,1,G,Richard E. Neal,285,U.S. House,1
Springfield,1,G,Nadia Donya Milleron,85,U.S. House,1
Springfield,1,G,All Others,3,U.S. House,1
Springfield,1,G,Blanks,33,U.S. House,1
Springfield,1,G,Total Votes Cast,406,U.S. House,1
Springfield,1,H,Richard E. Neal,600,U.S. House,1
Springfield,1,H,Nadia Donya Milleron,160,U.S. House,1
Springfield,1,H,All Others,4,U.S. House,1
Springfield,1,H,Blanks,48,U.S. House,1
Springfield,1,H,Total Votes Cast,812,U.S. House,1
Springfield,2,A,Richard E. Neal,459,U.S. House,1
Springfield,2,A,Nadia Donya Milleron,160,U.S. House,1
Springfield,2,A,All Others,2,U.S. House,1
Springfield,2,A,Blanks,38,U.S. House,1
Springfield,2,A,Total Votes Cast,659,U.S. House,1
Springfield,2,B,Richard E. Neal,717,U.S. House,1
Springfield,2,B,Nadia Donya Milleron,233,U.S. House,1
Springfield,2,B,All Others,4,U.S. House,1
Springfield,2,B,Blanks,61,U.S. House,1
Springfield,2,B,Total Votes Cast,1015,U.S. House,1
Springfield,2,C,Richard E. Neal,470,U.S. House,1
Springfield,2,C,Nadia Donya Milleron,163,U.S. House,1
Springfield,2,C,All Others,4,U.S. House,1
Springfield,2,C,Blanks,45,U.S. House,1
Springfield,2,C,Total Votes Cast,682,U.S. House,1
Springfield,2,D,Richard E. Neal,654,U.S. House,1
Springfield,2,D,Nadia Donya Milleron,225,U.S. House,1
Springfield,2,D,All Others,8,U.S. House,1
Springfield,2,D,Blanks,56,U.S. House,1
Springfield,2,D,Total Votes Cast,943,U.S. House,1
Springfield,2,E,Richard E. Neal,609,U.S. House,1
Springfield,2,E,Nadia Donya Milleron,221,U.S. House,1
Springfield,2,E,All Others,3,U.S. House,1
Springfield,2,E,Blanks,53,U.S. House,1
Springfield,2,E,Total Votes Cast,886,U.S. House,1
Springfield,2,F,Richard E. Neal,608,U.S. House,1
Springfield,2,F,Nadia Donya Milleron,224,U.S. House,1
Springfield,2,F,All Others,4,U.S. House,1
Springfield,2,F,Blanks,59,U.S. House,1
Springfield,2,F,Total Votes Cast,895,U.S. House,1
Springfield,2,G,Richard E. Neal,665,U.S. House,1
Springfield,2,G,Nadia Donya Milleron,320,U.S. House,1
Springfield,2,G,All Others,1,U.S. House,1
Springfield,2,G,Blanks,34,U.S. House,1
Springfield,2,G,Total Votes Cast,1020,U.S. House,1
Springfield,2,H,Richard E. Neal,653,U.S. House,1
Springfield,2,H,Nadia Donya Milleron,281,U.S. House,1
Springfield,2,H,All Others,2,U.S. House,1
Springfield,2,H,Blanks,53,U.S. House,1
Springfield,2,H,Total Votes Cast,989,U.S. House,1
Springfield,3,A,Richard E. Neal,305,U.S. House,1
Springfield,3,A,Nadia Donya Milleron,83,U.S. House,1
Springfield,3,A,All Others,1,U.S. House,1
Springfield,3,A,Blanks,33,U.S. House,1
Springfield,3,A,Total Votes Cast,422,U.S. House,1
Springfield,3,B,Richard E. Neal,326,U.S. House,1
Springfield,3,B,Nadia Donya Milleron,91,U.S. House,1
Springfield,3,B,All Others,4,U.S. House,1
Springfield,3,B,Blanks,49,U.S. House,1
Springfield,3,B,Total Votes Cast,470,U.S. House,1
Springfield,3,C,Richard E. Neal,297,U.S. House,1
Springfield,3,C,Nadia Donya Milleron,92,U.S. House,1
Springfield,3,C,All Others,3,U.S. House,1
Springfield,3,C,Blanks,37,U.S. House,1
Springfield,3,C,Total Votes Cast,429,U.S. House,1
Springfield,3,D,Richard E. Neal,421,U.S. House,1
Springfield,3,D,Nadia Donya Milleron,102,U.S. House,1
Springfield,3,D,All Others,4,U.S. House,1
Springfield,3,D,Blanks,46,U.S. House,1
Springfield,3,D,Total Votes Cast,573,U.S. House,1
Springfield,3,E,Richard E. Neal,241,U.S. House,1
Springfield,3,E,Nadia Donya Milleron,66,U.S. House,1
Springfield,3,E,All Others,2,U.S. House,1
Springfield,3,E,Blanks,15,U.S. House,1
Springfield,3,E,Total Votes Cast,324,U.S. House,1
Springfield,3,F,Richard E. Neal,328,U.S. House,1
Springfield,3,F,Nadia Donya Milleron,100,U.S. House,1
Springfield,3,F,All Others,4,U.S. House,1
Springfield,3,F,Blanks,43,U.S. House,1
Springfield,3,F,Total Votes Cast,475,U.S. House,1
Springfield,3,G,Richard E. Neal,278,U.S. House,1
Springfield,3,G,Nadia Donya Milleron,78,U.S. House,1
Springfield,3,G,All Others,3,U.S. House,1
Springfield,3,G,Blanks,30,U.S. House,1
Springfield,3,G,Total Votes Cast,389,U.S. House,1
Springfield,3,H,Richard E. Neal,364,U.S. House,1
Springfield,3,H,Nadia Donya Milleron,115,U.S. House,1
Springfield,3,H,All Others,5,U.S. House,1
Springfield,3,H,Blanks,30,U.S. House,1
Springfield,3,H,Total Votes Cast,514,U.S. House,1
Springfield,4,A,Richard E. Neal,658,U.S. House,1
Springfield,4,A,Nadia Donya Milleron,168,U.S. House,1
Springfield,4,A,All Others,5,U.S. House,1
Springfield,4,A,Blanks,50,U.S. House,1
Springfield,4,A,Total Votes Cast,881,U.S. House,1
Springfield,4,B,Richard E. Neal,449,U.S. House,1
Springfield,4,B,Nadia Donya Milleron,75,U.S. House,1
Springfield,4,B,All Others,5,U.S. House,1
Springfield,4,B,Blanks,40,U.S. House,1
Springfield,4,B,Total Votes Cast,569,U.S. House,1
Springfield,4,C,Richard E. Neal,423,U.S. House,1
Springfield,4,C,Nadia Donya Milleron,97,U.S. House,1
Springfield,4,C,All Others,4,U.S. House,1
Springfield,4,C,Blanks,33,U.S. House,1
Springfield,4,C,Total Votes Cast,557,U.S. House,1
Springfield,4,D,Richard E. Neal,440,U.S. House,1
Springfield,4,D,Nadia Donya Milleron,76,U.S. House,1
Springfield,4,D,All Others,2,U.S. House,1
Springfield,4,D,Blanks,45,U.S. House,1
Springfield,4,D,Total Votes Cast,563,U.S. House,1
Springfield,4,E,Richard E. Neal,413,U.S. House,1
Springfield,4,E,Nadia Donya Milleron,75,U.S. House,1
Springfield,4,E,All Others,3,U.S. House,1
Springfield,4,E,Blanks,37,U.S. House,1
Springfield,4,E,Total Votes Cast,528,U.S. House,1
Springfield,4,F,Richard E. Neal,132,U.S. House,1
Springfield,4,F,Nadia Donya Milleron,19,U.S. House,1
Springfield,4,F,All Others,2,U.S. House,1
Springfield,4,F,Blanks,8,U.S. House,1
Springfield,4,F,Total Votes Cast,161,U.S. House,1
Springfield,4,G,Richard E. Neal,496,U.S. House,1
Springfield,4,G,Nadia Donya Milleron,120,U.S. House,1
Springfield,4,G,All Others,3,U.S. House,1
Springfield,4,G,Blanks,30,U.S. House,1
Springfield,4,G,Total Votes Cast,649,U.S. House,1
Springfield,4,H,Richard E. Neal,506,U.S. House,1
Springfield,4,H,Nadia Donya Milleron,89,U.S. House,1
Springfield,4,H,All Others,0,U.S. House,1
Springfield,4,H,Blanks,30,U.S. House,1
Springfield,4,H,Total Votes Cast,625,U.S. House,1
Springfield,5,A,Richard E. Neal,632,U.S. House,1
Springfield,5,A,Nadia Donya Milleron,120,U.S. House,1
Springfield,5,A,All Others,0,U.S. House,1
Springfield,5,A,Blanks,44,U.S. House,1
Springfield,5,A,Total Votes Cast,796,U.S. House,1
Springfield,5,B,Richard E. Neal,729,U.S. House,1
Springfield,5,B,Nadia Donya Milleron,232,U.S. House,1
Springfield,5,B,All Others,7,U.S. House,1
Springfield,5,B,Blanks,35,U.S. House,1
Springfield,5,B,Total Votes Cast,1003,U.S. House,1
Springfield,5,C,Richard E. Neal,580,U.S. House,1
Springfield,5,C,Nadia Donya Milleron,220,U.S. House,1
Springfield,5,C,All Others,3,U.S. House,1
Springfield,5,C,Blanks,53,U.S. House,1
Springfield,5,C,Total Votes Cast,856,U.S. House,1
Springfield,5,C1,Richard E. Neal,8,U.S. House,1
Springfield,5,C1,Nadia Donya Milleron,7,U.S. House,1
Springfield,5,C1,All Others,0,U.S. House,1
Springfield,5,C1,Blanks,2,U.S. House,1
Springfield,5,C1,Total Votes Cast,17,U.S. House,1
Springfield,5,D,Richard E. Neal,780,U.S. House,1
Springfield,5,D,Nadia Donya Milleron,386,U.S. House,1
Springfield,5,D,All Others,12,U.S. House,1
Springfield,5,D,Blanks,53,U.S. House,1
Springfield,5,D,Total Votes Cast,1231,U.S. House,1
Springfield,5,E,Richard E. Neal,845,U.S. House,1
Springfield,5,E,Nadia Donya Milleron,234,U.S. House,1
Springfield,5,E,All Others,3,U.S. House,1
Springfield,5,E,Blanks,59,U.S. House,1
Springfield,5,E,Total Votes Cast,1141,U.S. House,1
Springfield,5,F,Richard E. Neal,760,U.S. House,1
Springfield,5,F,Nadia Donya Milleron,255,U.S. House,1
Springfield,5,F,All Others,3,U.S. House,1
Springfield,5,F,Blanks,69,U.S. House,1
Springfield,5,F,Total Votes Cast,1087,U.S. House,1
Springfield,5,G,Richard E. Neal,779,U.S. House,1
Springfield,5,G,Nadia Donya Milleron,411,U.S. House,1
Springfield,5,G,All Others,6,U.S. House,1
Springfield,5,G,Blanks,71,U.S. House,1
Springfield,5,G,Total Votes Cast,1267,U.S. House,1
Springfield,5,H,Richard E. Neal,667,U.S. House,1
Springfield,5,H,Nadia Donya Milleron,287,U.S. House,1
Springfield,5,H,All Others,2,U.S. House,1
Springfield,5,H,Blanks,58,U.S. House,1
Springfield,5,H,Total Votes Cast,1014,U.S. House,1
Springfield,6,A,Richard E. Neal,447,U.S. House,1
Springfield,6,A,Nadia Donya Milleron,146,U.S. House,1
Springfield,6,A,All Others,10,U.S. House,1
Springfield,6,A,Blanks,26,U.S. House,1
Springfield,6,A,Total Votes Cast,629,U.S. House,1
Springfield,6,B,Richard E. Neal,652,U.S. House,1
Springfield,6,B,Nadia Donya Milleron,237,U.S. House,1
Springfield,6,B,All Others,5,U.S. House,1
Springfield,6,B,Blanks,47,U.S. House,1
Springfield,6,B,Total Votes Cast,941,U.S. House,1
Springfield,6,C,Richard E. Neal,547,U.S. House,1
Springfield,6,C,Nadia Donya Milleron,238,U.S. House,1
Springfield,6,C,All Others,6,U.S. House,1
Springfield,6,C,Blanks,67,U.S. House,1
Springfield,6,C,Total Votes Cast,858,U.S. House,1
Springfield,6,D,Richard E. Neal,813,U.S. House,1
Springfield,6,D,Nadia Donya Milleron,342,U.S. House,1
Springfield,6,D,All Others,2,U.S. House,1
Springfield,6,D,Blanks,78,U.S. House,1
Springfield,6,D,Total Votes Cast,1235,U.S. House,1
Springfield,6,D1,Richard E. Neal,28,U.S. House,1
Springfield,6,D1,Nadia Donya Milleron,16,U.S. House,1
Springfield,6,D1,All Others,0,U.S. House,1
Springfield,6,D1,Blanks,0,U.S. House,1
Springfield,6,D1,Total Votes Cast,44,U.S. House,1
Springfield,6,E,Richard E. Neal,423,U.S. House,1
Springfield,6,E,Nadia Donya Milleron,154,U.S. House,1
Springfield,6,E,All Others,4,U.S. House,1
Springfield,6,E,Blanks,42,U.S. House,1
Springfield,6,E,Total Votes Cast,623,U.S. House,1
Springfield,6,F,Richard E. Neal,501,U.S. House,1
Springfield,6,F,Nadia Donya Milleron,161,U.S. House,1
Springfield,6,F,All Others,1,U.S. House,1
Springfield,6,F,Blanks,46,U.S. House,1
Springfield,6,F,Total Votes Cast,709,U.S. House,1
Springfield,6,G,Richard E. Neal,549,U.S. House,1
Springfield,6,G,Nadia Donya Milleron,206,U.S. House,1
Springfield,6,G,All Others,2,U.S. House,1
Springfield,6,G,Blanks,51,U.S. House,1
Springfield,6,G,Total Votes Cast,808,U.S. House,1
Springfield,6,H,Richard E. Neal,715,U.S. House,1
Springfield,6,H,Nadia Donya Milleron,328,U.S. House,1
Springfield,6,H,All Others,6,U.S. House,1
Springfield,6,H,Blanks,71,U.S. House,1
Springfield,6,H,Total Votes Cast,1120,U.S. House,1
Springfield,7,A,Richard E. Neal,741,U.S. House,1
Springfield,7,A,Nadia Donya Milleron,389,U.S. House,1
Springfield,7,A,All Others,3,U.S. House,1
Springfield,7,A,Blanks,60,U.S. House,1
Springfield,7,A,Total Votes Cast,1193,U.S. House,1
Springfield,7,A1,Richard E. Neal,36,U.S. House,1
Springfield,7,A1,Nadia Donya Milleron,14,U.S. House,1
Springfield,7,A1,All Others,0,U.S. House,1
Springfield,7,A1,Blanks,6,U.S. House,1
Springfield,7,A1,Total Votes Cast,56,U.S. House,1
Springfield,7,B,Richard E. Neal,839,U.S. House,1
Springfield,7,B,Nadia Donya Milleron,416,U.S. House,1
Springfield,7,B,All Others,7,U.S. House,1
Springfield,7,B,Blanks,74,U.S. House,1
Springfield,7,B,Total Votes Cast,1336,U.S. House,1
Springfield,7,B1,Richard E. Neal,32,U.S. House,1
Springfield,7,B1,Nadia Donya Milleron,8,U.S. House,1
Springfield,7,B1,All Others,0,U.S. House,1
Springfield,7,B1,Blanks,2,U.S. House,1
Springfield,7,B1,Total Votes Cast,42,U.S. House,1
Springfield,7,C,Richard E. Neal,828,U.S. House,1
Springfield,7,C,Nadia Donya Milleron,449,U.S. House,1
Springfield,7,C,All Others,7,U.S. House,1
Springfield,7,C,Blanks,66,U.S. House,1
Springfield,7,C,Total Votes Cast,1350,U.S. House,1
Springfield,7,D,Richard E. Neal,723,U.S. House,1
Springfield,7,D,Nadia Donya Milleron,378,U.S. House,1
Springfield,7,D,All Others,10,U.S. House,1
Springfield,7,D,Blanks,61,U.S. House,1
Springfield,7,D,Total Votes Cast,1172,U.S. House,1
Springfield,7,E,Richard E. Neal,558,U.S. House,1
Springfield,7,E,Nadia Donya Milleron,195,U.S. House,1
Springfield,7,E,All Others,3,U.S. House,1
Springfield,7,E,Blanks,49,U.S. House,1
Springfield,7,E,Total Votes Cast,805,U.S. House,1
Springfield,7,F,Richard E. Neal,898,U.S. House,1
Springfield,7,F,Nadia Donya Milleron,428,U.S. House,1
Springfield,7,F,All Others,4,U.S. House,1
Springfield,7,F,Blanks,61,U.S. House,1
Springfield,7,F,Total Votes Cast,1391,U.S. House,1
Springfield,7,G,Richard E. Neal,878,U.S. House,1
Springfield,7,G,Nadia Donya Milleron,481,U.S. House,1
Springfield,7,G,All Others,3,U.S. House,1
Springfield,7,G,Blanks,61,U.S. House,1
Springfield,7,G,Total Votes Cast,1423,U.S. House,1
Springfield,7,H,Richard E. Neal,378,U.S. House,1
Springfield,7,H,Nadia Donya Milleron,191,U.S. House,1
Springfield,7,H,All Others,1,U.S. House,1
Springfield,7,H,Blanks,23,U.S. House,1
Springfield,7,H,Total Votes Cast,593,U.S. House,1
Springfield,7,H1,Richard E. Neal,71,U.S. House,1
Springfield,7,H1,Nadia Donya Milleron,38,U.S. House,1
Springfield,7,H1,All Others,0,U.S. House,1
Springfield,7,H1,Blanks,6,U.S. House,1
Springfield,7,H1,Total Votes Cast,115,U.S. House,1
Springfield,8,A,Richard E. Neal,605,U.S. House,1
Springfield,8,A,Nadia Donya Milleron,300,U.S. House,1
Springfield,8,A,All Others,3,U.S. House,1
Springfield,8,A,Blanks,48,U.S. House,1
Springfield,8,A,Total Votes Cast,956,U.S. House,1
Springfield,8,B,Richard E. Neal,627,U.S. House,1
Springfield,8,B,Nadia Donya Milleron,230,U.S. House,1
Springfield,8,B,All Others,1,U.S. House,1
Springfield,8,B,Blanks,57,U.S. House,1
Springfield,8,B,Total Votes Cast,915,U.S. House,1
Springfield,8,B1,Richard E. Neal,31,U.S. House,1
Springfield,8,B1,Nadia Donya Milleron,25,U.S. House,1
Springfield,8,B1,All Others,1,U.S. House,1
Springfield,8,B1,Blanks,3,U.S. House,1
Springfield,8,B1,Total Votes Cast,60,U.S. House,1
Springfield,8,C,Richard E. Neal,629,U.S. House,1
Springfield,8,C,Nadia Donya Milleron,263,U.S. House,1
Springfield,8,C,All Others,3,U.S. House,1
Springfield,8,C,Blanks,52,U.S. House,1
Springfield,8,C,Total Votes Cast,947,U.S. House,1
Springfield,8,D,Richard E. Neal,450,U.S. House,1
Springfield,8,D,Nadia Donya Milleron,170,U.S. House,1
Springfield,8,D,All Others,6,U.S. House,1
Springfield,8,D,Blanks,29,U.S. House,1
Springfield,8,D,Total Votes Cast,655,U.S. House,1
Springfield,8,E,Richard E. Neal,428,U.S. House,1
Springfield,8,E,Nadia Donya Milleron,180,U.S. House,1
Springfield,8,E,All Others,4,U.S. House,1
Springfield,8,E,Blanks,32,U.S. House,1
Springfield,8,E,Total Votes Cast,644,U.S. House,1
Springfield,8,F,Richard E. Neal,631,U.S. House,1
Springfield,8,F,Nadia Donya Milleron,266,U.S. House,1
Springfield,8,F,All Others,3,U.S. House,1
Springfield,8,F,Blanks,56,U.S. House,1
Springfield,8,F,Total Votes Cast,956,U.S. House,1
Springfield,8,G,Richard E. Neal,559,U.S. House,1
Springfield,8,G,Nadia Donya Milleron,268,U.S. House,1
Springfield,8,G,All Others,5,U.S. House,1
Springfield,8,G,Blanks,44,U.S. House,1
Springfield,8,G,Total Votes Cast,876,U.S. House,1
Springfield,8,G1,Richard E. Neal,19,U.S. House,1
Springfield,8,G1,Nadia Donya Milleron,8,U.S. House,1
Springfield,8,G1,All Others,0,U.S. House,1
Springfield,8,G1,Blanks,2,U.S. House,1
Springfield,8,G1,Total Votes Cast,29,U.S. House,1
Springfield,8,H,Richard E. Neal,605,U.S. House,1
Springfield,8,H,Nadia Donya Milleron,211,U.S. House,1
Springfield,8,H,All Others,3,U.S. House,1
Springfield,8,H,Blanks,50,U.S. House,1
Springfield,8,H,Total Votes Cast,869,U.S. House,1
Sterling,-,1,James P. McGovern,1500,U.S. House,2
Sterling,-,1,Cornelius Shea,1068,U.S. House,2
Sterling,-,1,All Others,4,U.S. House,2
Sterling,-,1,Blanks,166,U.S. House,2
Sterling,-,1,Total Votes Cast,2738,U.S. House,2
Sterling,-,2,James P. McGovern,1599,U.S. House,2
Sterling,-,2,Cornelius Shea,1067,U.S. House,2
Sterling,-,2,All Others,2,U.S. House,2
Sterling,-,2,Blanks,182,U.S. House,2
Sterling,-,2,Total Votes Cast,2850,U.S. House,2
Stockbridge,-,1,Richard E. Neal,868,U.S. House,1
Stockbridge,-,1,Nadia Donya Milleron,376,U.S. House,1
Stockbridge,-,1,All Others,2,U.S. House,1
Stockbridge,-,1,Blanks,73,U.S. House,1
Stockbridge,-,1,Total Votes Cast,1319,U.S. House,1
Stoneham,-,1,Katherine M. Clark,1228,U.S. House,5
Stoneham,-,1,All Others,1,U.S. House,5
Stoneham,-,1,Blanks,596,U.S. House,5
Stoneham,-,1,Total Votes Cast,1825,U.S. House,5
Stoneham,-,2,Katherine M. Clark,1370,U.S. House,5
Stoneham,-,2,All Others,4,U.S. House,5
Stoneham,-,2,Blanks,572,U.S. House,5
Stoneham,-,2,Total Votes Cast,1946,U.S. House,5
Stoneham,-,3,Katherine M. Clark,1351,U.S. House,5
Stoneham,-,3,All Others,6,U.S. House,5
Stoneham,-,3,Blanks,754,U.S. House,5
Stoneham,-,3,Total Votes Cast,2111,U.S. House,5
Stoneham,-,4,Katherine M. Clark,1179,U.S. House,5
Stoneham,-,4,All Others,3,U.S. House,5
Stoneham,-,4,Blanks,648,U.S. House,5
Stoneham,-,4,Total Votes Cast,1830,U.S. House,5
Stoneham,-,5,Katherine M. Clark,1313,U.S. House,5
Stoneham,-,5,All Others,8,U.S. House,5
Stoneham,-,5,Blanks,736,U.S. House,5
Stoneham,-,5,Total Votes Cast,2057,U.S. House,5
Stoneham,-,6,Katherine M. Clark,1461,U.S. House,5
Stoneham,-,6,All Others,9,U.S. House,5
Stoneham,-,6,Blanks,689,U.S. House,5
Stoneham,-,6,Total Votes Cast,2159,U.S. House,5
Stoneham,-,7,Katherine M. Clark,1134,U.S. House,5
Stoneham,-,7,All Others,17,U.S. House,5
Stoneham,-,7,Blanks,606,U.S. House,5
Stoneham,-,7,Total Votes Cast,1757,U.S. House,5
Stoughton,-,1,Stephen F. Lynch,1218,U.S. House,8
Stoughton,-,1,Robert G. Burke,472,U.S. House,8
Stoughton,-,1,All Others,1,U.S. House,8
Stoughton,-,1,Blanks,98,U.S. House,8
Stoughton,-,1,Total Votes Cast,1789,U.S. House,8
Stoughton,-,2,Stephen F. Lynch,1049,U.S. House,8
Stoughton,-,2,Robert G. Burke,463,U.S. House,8
Stoughton,-,2,All Others,1,U.S. House,8
Stoughton,-,2,Blanks,116,U.S. House,8
Stoughton,-,2,Total Votes Cast,1629,U.S. House,8
Stoughton,-,2A,Stephen F. Lynch,163,U.S. House,8
Stoughton,-,2A,Robert G. Burke,57,U.S. House,8
Stoughton,-,2A,All Others,0,U.S. House,8
Stoughton,-,2A,Blanks,9,U.S. House,8
Stoughton,-,2A,Total Votes Cast,229,U.S. House,8
Stoughton,-,3,Stephen F. Lynch,1371,U.S. House,8
Stoughton,-,3,Robert G. Burke,586,U.S. House,8
Stoughton,-,3,All Others,3,U.S. House,8
Stoughton,-,3,Blanks,113,U.S. House,8
Stoughton,-,3,Total Votes Cast,2073,U.S. House,8
Stoughton,-,4,Stephen F. Lynch,1339,U.S. House,8
Stoughton,-,4,Robert G. Burke,704,U.S. House,8
Stoughton,-,4,All Others,2,U.S. House,8
Stoughton,-,4,Blanks,122,U.S. House,8
Stoughton,-,4,Total Votes Cast,2167,U.S. House,8
Stoughton,-,4A,Stephen F. Lynch,130,U.S. House,8
Stoughton,-,4A,Robert G. Burke,40,U.S. House,8
Stoughton,-,4A,All Others,0,U.S. House,8
Stoughton,-,4A,Blanks,11,U.S. House,8
Stoughton,-,4A,Total Votes Cast,181,U.S. House,8
Stoughton,-,5,Stephen F. Lynch,908,U.S. House,8
Stoughton,-,5,Robert G. Burke,475,U.S. House,8
Stoughton,-,5,All Others,2,U.S. House,8
Stoughton,-,5,Blanks,100,U.S. House,8
Stoughton,-,5,Total Votes Cast,1485,U.S. House,8
Stoughton,-,5A,Stephen F. Lynch,79,U.S. House,8
Stoughton,-,5A,Robert G. Burke,42,U.S. House,8
Stoughton,-,5A,All Others,0,U.S. House,8
Stoughton,-,5A,Blanks,14,U.S. House,8
Stoughton,-,5A,Total Votes Cast,135,U.S. House,8
Stoughton,-,6,Stephen F. Lynch,1313,U.S. House,8
Stoughton,-,6,Robert G. Burke,535,U.S. House,8
Stoughton,-,6,All Others,3,U.S. House,8
Stoughton,-,6,Blanks,102,U.S. House,8
Stoughton,-,6,Total Votes Cast,1953,U.S. House,8
Stoughton,-,7,Stephen F. Lynch,1171,U.S. House,8
Stoughton,-,7,Robert G. Burke,495,U.S. House,8
Stoughton,-,7,All Others,2,U.S. House,8
Stoughton,-,7,Blanks,68,U.S. House,8
Stoughton,-,7,Total Votes Cast,1736,U.S. House,8
Stoughton,-,7A,Stephen F. Lynch,73,U.S. House,8
Stoughton,-,7A,Robert G. Burke,25,U.S. House,8
Stoughton,-,7A,All Others,0,U.S. House,8
Stoughton,-,7A,Blanks,3,U.S. House,8
Stoughton,-,7A,Total Votes Cast,101,U.S. House,8
Stoughton,-,8,Stephen F. Lynch,856,U.S. House,8
Stoughton,-,8,Robert G. Burke,359,U.S. House,8
Stoughton,-,8,All Others,3,U.S. House,8
Stoughton,-,8,Blanks,87,U.S. House,8
Stoughton,-,8,Total Votes Cast,1305,U.S. House,8
Stoughton,-,8A,Stephen F. Lynch,47,U.S. House,8
Stoughton,-,8A,Robert G. Burke,35,U.S. House,8
Stoughton,-,8A,All Others,2,U.S. House,8
Stoughton,-,8A,Blanks,4,U.S. House,8
Stoughton,-,8A,Total Votes Cast,88,U.S. House,8
Stow,-,1,Lori Loureiro Trahan,1898,U.S. House,3
Stow,-,1,All Others,27,U.S. House,3
Stow,-,1,Blanks,556,U.S. House,3
Stow,-,1,Total Votes Cast,2481,U.S. House,3
Stow,-,2,Lori Loureiro Trahan,1794,U.S. House,3
Stow,-,2,All Others,22,U.S. House,3
Stow,-,2,Blanks,509,U.S. House,3
Stow,-,2,Total Votes Cast,2325,U.S. House,3
Sturbridge,-,1,Richard E. Neal,1200,U.S. House,1
Sturbridge,-,1,Nadia Donya Milleron,672,U.S. House,1
Sturbridge,-,1,All Others,10,U.S. House,1
Sturbridge,-,1,Blanks,155,U.S. House,1
Sturbridge,-,1,Total Votes Cast,2037,U.S. House,1
Sturbridge,-,2,Richard E. Neal,1211,U.S. House,1
Sturbridge,-,2,Nadia Donya Milleron,691,U.S. House,1
Sturbridge,-,2,All Others,8,U.S. House,1
Sturbridge,-,2,Blanks,174,U.S. House,1
Sturbridge,-,2,Total Votes Cast,2084,U.S. House,1
Sturbridge,-,3,Richard E. Neal,1112,U.S. House,1
Sturbridge,-,3,Nadia Donya Milleron,657,U.S. House,1
Sturbridge,-,3,All Others,9,U.S. House,1
Sturbridge,-,3,Blanks,147,U.S. House,1
Sturbridge,-,3,Total Votes Cast,1925,U.S. House,1
Sudbury,-,1,Katherine M. Clark,1606,U.S. House,5
Sudbury,-,1,All Others,40,U.S. House,5
Sudbury,-,1,Blanks,459,U.S. House,5
Sudbury,-,1,Total Votes Cast,2105,U.S. House,5
Sudbury,-,2,Katherine M. Clark,1564,U.S. House,5
Sudbury,-,2,All Others,37,U.S. House,5
Sudbury,-,2,Blanks,390,U.S. House,5
Sudbury,-,2,Total Votes Cast,1991,U.S. House,5
Sudbury,-,3,Katherine M. Clark,1346,U.S. House,5
Sudbury,-,3,All Others,39,U.S. House,5
Sudbury,-,3,Blanks,414,U.S. House,5
Sudbury,-,3,Total Votes Cast,1799,U.S. House,5
Sudbury,-,4,Katherine M. Clark,1615,U.S. House,5
Sudbury,-,4,All Others,41,U.S. House,5
Sudbury,-,4,Blanks,466,U.S. House,5
Sudbury,-,4,Total Votes Cast,2122,U.S. House,5
Sudbury,-,5,Katherine M. Clark,1459,U.S. House,5
Sudbury,-,5,All Others,25,U.S. House,5
Sudbury,-,5,Blanks,442,U.S. House,5
Sudbury,-,5,Total Votes Cast,1926,U.S. House,5
Sudbury,-,6,Katherine M. Clark,1522,U.S. House,5
Sudbury,-,6,All Others,51,U.S. House,5
Sudbury,-,6,Blanks,427,U.S. House,5
Sudbury,-,6,Total Votes Cast,2000,U.S. House,5
Sunderland,-,1,James P. McGovern,1478,U.S. House,2
Sunderland,-,1,Cornelius Shea,329,U.S. House,2
Sunderland,-,1,All Others,4,U.S. House,2
Sunderland,-,1,Blanks,84,U.S. House,2
Sunderland,-,1,Total Votes Cast,1895,U.S. House,2
Sutton,-,1,James P. McGovern,1185,U.S. House,2
Sutton,-,1,Cornelius Shea,816,U.S. House,2
Sutton,-,1,All Others,3,U.S. House,2
Sutton,-,1,Blanks,145,U.S. House,2
Sutton,-,1,Total Votes Cast,2149,U.S. House,2
Sutton,-,2,James P. McGovern,1071,U.S. House,2
Sutton,-,2,Cornelius Shea,888,U.S. House,2
Sutton,-,2,All Others,3,U.S. House,2
Sutton,-,2,Blanks,151,U.S. House,2
Sutton,-,2,Total Votes Cast,2113,U.S. House,2
Sutton,-,3,James P. McGovern,1188,U.S. House,2
Sutton,-,3,Cornelius Shea,778,U.S. House,2
Sutton,-,3,All Others,2,U.S. House,2
Sutton,-,3,Blanks,137,U.S. House,2
Sutton,-,3,Total Votes Cast,2105,U.S. House,2
Swampscott,-,1,Seth W. Moulton,1136,U.S. House,6
Swampscott,-,1,All Others,52,U.S. House,6
Swampscott,-,1,Blanks,298,U.S. House,6
Swampscott,-,1,Total Votes Cast,1486,U.S. House,6
Swampscott,-,2,Seth W. Moulton,1080,U.S. House,6
Swampscott,-,2,All Others,36,U.S. House,6
Swampscott,-,2,Blanks,297,U.S. House,6
Swampscott,-,2,Total Votes Cast,1413,U.S. House,6
Swampscott,-,3,Seth W. Moulton,1232,U.S. House,6
Swampscott,-,3,All Others,23,U.S. House,6
Swampscott,-,3,Blanks,240,U.S. House,6
Swampscott,-,3,Total Votes Cast,1495,U.S. House,6
Swampscott,-,4,Seth W. Moulton,1289,U.S. House,6
Swampscott,-,4,All Others,39,U.S. House,6
Swampscott,-,4,Blanks,309,U.S. House,6
Swampscott,-,4,Total Votes Cast,1637,U.S. House,6
Swampscott,-,5,Seth W. Moulton,1288,U.S. House,6
Swampscott,-,5,All Others,32,U.S. House,6
Swampscott,-,5,Blanks,338,U.S. House,6
Swampscott,-,5,Total Votes Cast,1658,U.S. House,6
Swampscott,-,6,Seth W. Moulton,1220,U.S. House,6
Swampscott,-,6,All Others,34,U.S. House,6
Swampscott,-,6,Blanks,322,U.S. House,6
Swampscott,-,6,Total Votes Cast,1576,U.S. House,6
Swansea,-,1,Jake Auchincloss,1223,U.S. House,4
Swansea,-,1,Sana A. Fadel,0,U.S. House,4
Swansea,-,1,All Others,65,U.S. House,4
Swansea,-,1,Blanks,748,U.S. House,4
Swansea,-,1,Total Votes Cast,2036,U.S. House,4
Swansea,-,2,Jake Auchincloss,1347,U.S. House,4
Swansea,-,2,Sana A. Fadel,0,U.S. House,4
Swansea,-,2,All Others,67,U.S. House,4
Swansea,-,2,Blanks,597,U.S. House,4
Swansea,-,2,Total Votes Cast,2011,U.S. House,4
Swansea,-,3,Jake Auchincloss,1354,U.S. House,4
Swansea,-,3,Sana A. Fadel,0,U.S. House,4
Swansea,-,3,All Others,69,U.S. House,4
Swansea,-,3,Blanks,652,U.S. House,4
Swansea,-,3,Total Votes Cast,2075,U.S. House,4
Swansea,-,4,Jake Auchincloss,1369,U.S. House,4
Swansea,-,4,Sana A. Fadel,0,U.S. House,4
Swansea,-,4,All Others,79,U.S. House,4
Swansea,-,4,Blanks,638,U.S. House,4
Swansea,-,4,Total Votes Cast,2086,U.S. House,4
Swansea,-,5,Jake Auchincloss,1326,U.S. House,4
Swansea,-,5,Sana A. Fadel,0,U.S. House,4
Swansea,-,5,All Others,68,U.S. House,4
Swansea,-,5,Blanks,786,U.S. House,4
Swansea,-,5,Total Votes Cast,2180,U.S. House,4
Taunton,1,A,Jake Auchincloss,1082,U.S. House,4
Taunton,1,A,Sana A. Fadel,2,U.S. House,4
Taunton,1,A,All Others,21,U.S. House,4
Taunton,1,A,Blanks,420,U.S. House,4
Taunton,1,A,Total Votes Cast,1525,U.S. House,4
Taunton,1,A1,Jake Auchincloss,64,U.S. House,4
Taunton,1,A1,Sana A. Fadel,0,U.S. House,4
Taunton,1,A1,All Others,0,U.S. House,4
Taunton,1,A1,Blanks,18,U.S. House,4
Taunton,1,A1,Total Votes Cast,82,U.S. House,4
Taunton,1,B,Jake Auchincloss,1266,U.S. House,4
Taunton,1,B,Sana A. Fadel,1,U.S. House,4
Taunton,1,B,All Others,32,U.S. House,4
Taunton,1,B,Blanks,728,U.S. House,4
Taunton,1,B,Total Votes Cast,2027,U.S. House,4
Taunton,2,A,Jake Auchincloss,720,U.S. House,4
Taunton,2,A,Sana A. Fadel,0,U.S. House,4
Taunton,2,A,All Others,11,U.S. House,4
Taunton,2,A,Blanks,263,U.S. House,4
Taunton,2,A,Total Votes Cast,994,U.S. House,4
Taunton,2,B,Jake Auchincloss,940,U.S. House,4
Taunton,2,B,Sana A. Fadel,0,U.S. House,4
Taunton,2,B,All Others,23,U.S. House,4
Taunton,2,B,Blanks,398,U.S. House,4
Taunton,2,B,Total Votes Cast,1361,U.S. House,4
Taunton,3,A,Jake Auchincloss,976,U.S. House,4
Taunton,3,A,Sana A. Fadel,0,U.S. House,4
Taunton,3,A,All Others,21,U.S. House,4
Taunton,3,A,Blanks,489,U.S. House,4
Taunton,3,A,Total Votes Cast,1486,U.S. House,4
Taunton,3,B,Jake Auchincloss,1284,U.S. House,4
Taunton,3,B,Sana A. Fadel,0,U.S. House,4
Taunton,3,B,All Others,37,U.S. House,4
Taunton,3,B,Blanks,641,U.S. House,4
Taunton,3,B,Total Votes Cast,1962,U.S. House,4
Taunton,4,A,Jake Auchincloss,1149,U.S. House,4
Taunton,4,A,Sana A. Fadel,0,U.S. House,4
Taunton,4,A,All Others,30,U.S. House,4
Taunton,4,A,Blanks,695,U.S. House,4
Taunton,4,A,Total Votes Cast,1874,U.S. House,4
Taunton,4,B,Jake Auchincloss,1218,U.S. House,4
Taunton,4,B,Sana A. Fadel,2,U.S. House,4
Taunton,4,B,All Others,29,U.S. House,4
Taunton,4,B,Blanks,586,U.S. House,4
Taunton,4,B,Total Votes Cast,1835,U.S. House,4
Taunton,4,B1,Jake Auchincloss,19,U.S. House,4
Taunton,4,B1,Sana A. Fadel,0,U.S. House,4
Taunton,4,B1,All Others,2,U.S. House,4
Taunton,4,B1,Blanks,16,U.S. House,4
Taunton,4,B1,Total Votes Cast,37,U.S. House,4
Taunton,5,A,Jake Auchincloss,940,U.S. House,4
Taunton,5,A,Sana A. Fadel,2,U.S. House,4
Taunton,5,A,All Others,10,U.S. House,4
Taunton,5,A,Blanks,407,U.S. House,4
Taunton,5,A,Total Votes Cast,1359,U.S. House,4
Taunton,5,B,Jake Auchincloss,943,U.S. House,4
Taunton,5,B,Sana A. Fadel,0,U.S. House,4
Taunton,5,B,All Others,20,U.S. House,4
Taunton,5,B,Blanks,367,U.S. House,4
Taunton,5,B,Total Votes Cast,1330,U.S. House,4
Taunton,6,A,Jake Auchincloss,871,U.S. House,4
Taunton,6,A,Sana A. Fadel,0,U.S. House,4
Taunton,6,A,All Others,30,U.S. House,4
Taunton,6,A,Blanks,396,U.S. House,4
Taunton,6,A,Total Votes Cast,1297,U.S. House,4
Taunton,6,B,Jake Auchincloss,1090,U.S. House,4
Taunton,6,B,Sana A. Fadel,0,U.S. House,4
Taunton,6,B,All Others,32,U.S. House,4
Taunton,6,B,Blanks,516,U.S. House,4
Taunton,6,B,Total Votes Cast,1638,U.S. House,4
Taunton,7,A,Jake Auchincloss,1192,U.S. House,4
Taunton,7,A,Sana A. Fadel,0,U.S. House,4
Taunton,7,A,All Others,23,U.S. House,4
Taunton,7,A,Blanks,690,U.S. House,4
Taunton,7,A,Total Votes Cast,1905,U.S. House,4
Taunton,7,B,Jake Auchincloss,1373,U.S. House,4
Taunton,7,B,Sana A. Fadel,0,U.S. House,4
Taunton,7,B,All Others,25,U.S. House,4
Taunton,7,B,Blanks,849,U.S. House,4
Taunton,7,B,Total Votes Cast,2247,U.S. House,4
Taunton,8,A,Jake Auchincloss,1438,U.S. House,4
Taunton,8,A,Sana A. Fadel,0,U.S. House,4
Taunton,8,A,All Others,39,U.S. House,4
Taunton,8,A,Blanks,731,U.S. House,4
Taunton,8,A,Total Votes Cast,2208,U.S. House,4
Taunton,8,B,Jake Auchincloss,1348,U.S. House,4
Taunton,8,B,Sana A. Fadel,1,U.S. House,4
Taunton,8,B,All Others,32,U.S. House,4
Taunton,8,B,Blanks,749,U.S. House,4
Taunton,8,B,Total Votes Cast,2130,U.S. House,4
Templeton,-,A,James P. McGovern,812,U.S. House,2
Templeton,-,A,Cornelius Shea,831,U.S. House,2
Templeton,-,A,All Others,10,U.S. House,2
Templeton,-,A,Blanks,110,U.S. House,2
Templeton,-,A,Total Votes Cast,1763,U.S. House,2
Templeton,-,B,James P. McGovern,706,U.S. House,2
Templeton,-,B,Cornelius Shea,687,U.S. House,2
Templeton,-,B,All Others,5,U.S. House,2
Templeton,-,B,Blanks,109,U.S. House,2
Templeton,-,B,Total Votes Cast,1507,U.S. House,2
Templeton,-,C,James P. McGovern,694,U.S. House,2
Templeton,-,C,Cornelius Shea,591,U.S. House,2
Templeton,-,C,All Others,4,U.S. House,2
Templeton,-,C,Blanks,80,U.S. House,2
Templeton,-,C,Total Votes Cast,1369,U.S. House,2
Tewksbury,-,1,Seth W. Moulton,1385,U.S. House,6
Tewksbury,-,1,All Others,64,U.S. House,6
Tewksbury,-,1,Blanks,595,U.S. House,6
Tewksbury,-,1,Total Votes Cast,2044,U.S. House,6
Tewksbury,-,2,Seth W. Moulton,1744,U.S. House,6
Tewksbury,-,2,All Others,70,U.S. House,6
Tewksbury,-,2,Blanks,644,U.S. House,6
Tewksbury,-,2,Total Votes Cast,2458,U.S. House,6
Tewksbury,-,3,Seth W. Moulton,1552,U.S. House,6
Tewksbury,-,3,All Others,65,U.S. House,6
Tewksbury,-,3,Blanks,700,U.S. House,6
Tewksbury,-,3,Total Votes Cast,2317,U.S. House,6
Tewksbury,-,4,Seth W. Moulton,1560,U.S. House,6
Tewksbury,-,4,All Others,58,U.S. House,6
Tewksbury,-,4,Blanks,596,U.S. House,6
Tewksbury,-,4,Total Votes Cast,2214,U.S. House,6
Tewksbury,-,5,Seth W. Moulton,1459,U.S. House,6
Tewksbury,-,5,All Others,62,U.S. House,6
Tewksbury,-,5,Blanks,610,U.S. House,6
Tewksbury,-,5,Total Votes Cast,2131,U.S. House,6
Tewksbury,-,5A,Seth W. Moulton,271,U.S. House,6
Tewksbury,-,5A,All Others,15,U.S. House,6
Tewksbury,-,5A,Blanks,57,U.S. House,6
Tewksbury,-,5A,Total Votes Cast,343,U.S. House,6
Tewksbury,-,6,Seth W. Moulton,1529,U.S. House,6
Tewksbury,-,6,All Others,85,U.S. House,6
Tewksbury,-,6,Blanks,689,U.S. House,6
Tewksbury,-,6,Total Votes Cast,2303,U.S. House,6
Tewksbury,-,7,Seth W. Moulton,1766,U.S. House,6
Tewksbury,-,7,All Others,68,U.S. House,6
Tewksbury,-,7,Blanks,757,U.S. House,6
Tewksbury,-,7,Total Votes Cast,2591,U.S. House,6
Tewksbury,-,8,Seth W. Moulton,1662,U.S. House,6
Tewksbury,-,8,All Others,70,U.S. House,6
Tewksbury,-,8,Blanks,628,U.S. House,6
Tewksbury,-,8,Total Votes Cast,2360,U.S. House,6
Tisbury,-,1,Bill Keating,2020,U.S. House,9
Tisbury,-,1,Dan Sullivan,574,U.S. House,9
Tisbury,-,1,All Others,1,U.S. House,9
Tisbury,-,1,Blanks,105,U.S. House,9
Tisbury,-,1,Total Votes Cast,2700,U.S. House,9
Tolland,-,1,Richard E. Neal,143,U.S. House,1
Tolland,-,1,Nadia Donya Milleron,171,U.S. House,1
Tolland,-,1,All Others,0,U.S. House,1
Tolland,-,1,Blanks,17,U.S. House,1
Tolland,-,1,Total Votes Cast,331,U.S. House,1
Topsfield,-,1,Seth W. Moulton,1612,U.S. House,6
Topsfield,-,1,All Others,48,U.S. House,6
Topsfield,-,1,Blanks,602,U.S. House,6
Topsfield,-,1,Total Votes Cast,2262,U.S. House,6
Topsfield,-,2,Seth W. Moulton,1463,U.S. House,6
Topsfield,-,2,All Others,66,U.S. House,6
Topsfield,-,2,Blanks,537,U.S. House,6
Topsfield,-,2,Total Votes Cast,2066,U.S. House,6
Townsend,-,1,Lori Loureiro Trahan,1232,U.S. House,3
Townsend,-,1,All Others,0,U.S. House,3
Townsend,-,1,Blanks,638,U.S. House,3
Townsend,-,1,Total Votes Cast,1870,U.S. House,3
Townsend,-,2,Lori Loureiro Trahan,1201,U.S. House,3
Townsend,-,2,All Others,0,U.S. House,3
Townsend,-,2,Blanks,664,U.S. House,3
Townsend,-,2,Total Votes Cast,1865,U.S. House,3
Townsend,-,3,Lori Loureiro Trahan,1297,U.S. House,3
Townsend,-,3,All Others,0,U.S. House,3
Townsend,-,3,Blanks,558,U.S. House,3
Townsend,-,3,Total Votes Cast,1855,U.S. House,3
Truro,-,1,Bill Keating,1422,U.S. House,9
Truro,-,1,Dan Sullivan,372,U.S. House,9
Truro,-,1,All Others,0,U.S. House,9
Truro,-,1,Blanks,46,U.S. House,9
Truro,-,1,Total Votes Cast,1840,U.S. House,9
Tyngsborough,-,1,Lori Loureiro Trahan,1281,U.S. House,3
Tyngsborough,-,1,All Others,0,U.S. House,3
Tyngsborough,-,1,Blanks,605,U.S. House,3
Tyngsborough,-,1,Total Votes Cast,1886,U.S. House,3
Tyngsborough,-,2,Lori Loureiro Trahan,1271,U.S. House,3
Tyngsborough,-,2,All Others,0,U.S. House,3
Tyngsborough,-,2,Blanks,567,U.S. House,3
Tyngsborough,-,2,Total Votes Cast,1838,U.S. House,3
Tyngsborough,-,3,Lori Loureiro Trahan,1227,U.S. House,3
Tyngsborough,-,3,All Others,0,U.S. House,3
Tyngsborough,-,3,Blanks,521,U.S. House,3
Tyngsborough,-,3,Total Votes Cast,1748,U.S. House,3
Tyngsborough,-,4,Lori Loureiro Trahan,1477,U.S. House,3
Tyngsborough,-,4,All Others,0,U.S. House,3
Tyngsborough,-,4,Blanks,643,U.S. House,3
Tyngsborough,-,4,Total Votes Cast,2120,U.S. House,3
Tyringham,-,1,Richard E. Neal,204,U.S. House,1
Tyringham,-,1,Nadia Donya Milleron,91,U.S. House,1
Tyringham,-,1,All Others,1,U.S. House,1
Tyringham,-,1,Blanks,30,U.S. House,1
Tyringham,-,1,Total Votes Cast,326,U.S. House,1
Upton,-,1,James P. McGovern,1137,U.S. House,2
Upton,-,1,Cornelius Shea,607,U.S. House,2
Upton,-,1,All Others,4,U.S. House,2
Upton,-,1,Blanks,122,U.S. House,2
Upton,-,1,Total Votes Cast,1870,U.S. House,2
Upton,-,2,James P. McGovern,1122,U.S. House,2
Upton,-,2,Cornelius Shea,678,U.S. House,2
Upton,-,2,All Others,3,U.S. House,2
Upton,-,2,Blanks,118,U.S. House,2
Upton,-,2,Total Votes Cast,1921,U.S. House,2
Upton,-,3,James P. McGovern,958,U.S. House,2
Upton,-,3,Cornelius Shea,614,U.S. House,2
Upton,-,3,All Others,2,U.S. House,2
Upton,-,3,Blanks,114,U.S. House,2
Upton,-,3,Total Votes Cast,1688,U.S. House,2
Uxbridge,-,1,James P. McGovern,1154,U.S. House,2
Uxbridge,-,1,Cornelius Shea,984,U.S. House,2
Uxbridge,-,1,All Others,3,U.S. House,2
Uxbridge,-,1,Blanks,147,U.S. House,2
Uxbridge,-,1,Total Votes Cast,2288,U.S. House,2
Uxbridge,-,1A,James P. McGovern,77,U.S. House,2
Uxbridge,-,1A,Cornelius Shea,41,U.S. House,2
Uxbridge,-,1A,All Others,1,U.S. House,2
Uxbridge,-,1A,Blanks,5,U.S. House,2
Uxbridge,-,1A,Total Votes Cast,124,U.S. House,2
Uxbridge,-,2,James P. McGovern,1072,U.S. House,2
Uxbridge,-,2,Cornelius Shea,740,U.S. House,2
Uxbridge,-,2,All Others,9,U.S. House,2
Uxbridge,-,2,Blanks,140,U.S. House,2
Uxbridge,-,2,Total Votes Cast,1961,U.S. House,2
Uxbridge,-,3,James P. McGovern,1180,U.S. House,2
Uxbridge,-,3,Cornelius Shea,953,U.S. House,2
Uxbridge,-,3,All Others,6,U.S. House,2
Uxbridge,-,3,Blanks,161,U.S. House,2
Uxbridge,-,3,Total Votes Cast,2300,U.S. House,2
Uxbridge,-,4,James P. McGovern,1263,U.S. House,2
Uxbridge,-,4,Cornelius Shea,917,U.S. House,2
Uxbridge,-,4,All Others,7,U.S. House,2
Uxbridge,-,4,Blanks,178,U.S. House,2
Uxbridge,-,4,Total Votes Cast,2365,U.S. House,2
W. Boylston,-,1,James P. McGovern,1281,U.S. House,2
W. Boylston,-,1,Cornelius Shea,679,U.S. House,2
W. Boylston,-,1,All Others,5,U.S. House,2
W. Boylston,-,1,Blanks,108,U.S. House,2
W. Boylston,-,1,Total Votes Cast,2073,U.S. House,2
W. Boylston,-,2,James P. McGovern,1573,U.S. House,2
W. Boylston,-,2,Cornelius Shea,907,U.S. House,2
W. Boylston,-,2,All Others,10,U.S. House,2
W. Boylston,-,2,Blanks,120,U.S. House,2
W. Boylston,-,2,Total Votes Cast,2610,U.S. House,2
W. Bridgewater,-,1,Stephen F. Lynch,1163,U.S. House,8
W. Bridgewater,-,1,Robert G. Burke,1038,U.S. House,8
W. Bridgewater,-,1,All Others,0,U.S. House,8
W. Bridgewater,-,1,Blanks,120,U.S. House,8
W. Bridgewater,-,1,Total Votes Cast,2321,U.S. House,8
W. Bridgewater,-,2,Stephen F. Lynch,1184,U.S. House,8
W. Bridgewater,-,2,Robert G. Burke,1009,U.S. House,8
W. Bridgewater,-,2,All Others,0,U.S. House,8
W. Bridgewater,-,2,Blanks,119,U.S. House,8
W. Bridgewater,-,2,Total Votes Cast,2312,U.S. House,8
W. Brookfield,-,1,Richard E. Neal,1275,U.S. House,1
W. Brookfield,-,1,Nadia Donya Milleron,867,U.S. House,1
W. Brookfield,-,1,All Others,8,U.S. House,1
W. Brookfield,-,1,Blanks,212,U.S. House,1
W. Brookfield,-,1,Total Votes Cast,2362,U.S. House,1
W. Newbury,-,1,Seth W. Moulton,2522,U.S. House,6
W. Newbury,-,1,All Others,30,U.S. House,6
W. Newbury,-,1,Blanks,747,U.S. House,6
W. Newbury,-,1,Total Votes Cast,3299,U.S. House,6
W. Springfield,-,1,Richard E. Neal,428,U.S. House,1
W. Springfield,-,1,Nadia Donya Milleron,268,U.S. House,1
W. Springfield,-,1,All Others,2,U.S. House,1
W. Springfield,-,1,Blanks,75,U.S. House,1
W. Springfield,-,1,Total Votes Cast,773,U.S. House,1
W. Springfield,-,2,Richard E. Neal,585,U.S. House,1
W. Springfield,-,2,Nadia Donya Milleron,372,U.S. House,1
W. Springfield,-,2,All Others,3,U.S. House,1
W. Springfield,-,2,Blanks,95,U.S. House,1
W. Springfield,-,2,Total Votes Cast,1055,U.S. House,1
W. Springfield,-,3,Richard E. Neal,775,U.S. House,1
W. Springfield,-,3,Nadia Donya Milleron,561,U.S. House,1
W. Springfield,-,3,All Others,1,U.S. House,1
W. Springfield,-,3,Blanks,112,U.S. House,1
W. Springfield,-,3,Total Votes Cast,1449,U.S. House,1
W. Springfield,-,4,Richard E. Neal,932,U.S. House,1
W. Springfield,-,4,Nadia Donya Milleron,593,U.S. House,1
W. Springfield,-,4,All Others,3,U.S. House,1
W. Springfield,-,4,Blanks,105,U.S. House,1
W. Springfield,-,4,Total Votes Cast,1633,U.S. House,1
W. Springfield,-,5,Richard E. Neal,1187,U.S. House,1
W. Springfield,-,5,Nadia Donya Milleron,880,U.S. House,1
W. Springfield,-,5,All Others,4,U.S. House,1
W. Springfield,-,5,Blanks,145,U.S. House,1
W. Springfield,-,5,Total Votes Cast,2216,U.S. House,1
W. Springfield,-,6,Richard E. Neal,1084,U.S. House,1
W. Springfield,-,6,Nadia Donya Milleron,812,U.S. House,1
W. Springfield,-,6,All Others,5,U.S. House,1
W. Springfield,-,6,Blanks,154,U.S. House,1
W. Springfield,-,6,Total Votes Cast,2055,U.S. House,1
W. Springfield,-,7,Richard E. Neal,1083,U.S. House,1
W. Springfield,-,7,Nadia Donya Milleron,853,U.S. House,1
W. Springfield,-,7,All Others,6,U.S. House,1
W. Springfield,-,7,Blanks,176,U.S. House,1
W. Springfield,-,7,Total Votes Cast,2118,U.S. House,1
W. Springfield,-,8,Richard E. Neal,888,U.S. House,1
W. Springfield,-,8,Nadia Donya Milleron,592,U.S. House,1
W. Springfield,-,8,All Others,1,U.S. House,1
W. Springfield,-,8,Blanks,101,U.S. House,1
W. Springfield,-,8,Total Votes Cast,1582,U.S. House,1
W. Stockbridge,-,1,Richard E. Neal,618,U.S. House,1
W. Stockbridge,-,1,Nadia Donya Milleron,265,U.S. House,1
W. Stockbridge,-,1,All Others,0,U.S. House,1
W. Stockbridge,-,1,Blanks,58,U.S. House,1
W. Stockbridge,-,1,Total Votes Cast,941,U.S. House,1
W. Tisbury,-,1,Bill Keating,1756,U.S. House,9
W. Tisbury,-,1,Dan Sullivan,368,U.S. House,9
W. Tisbury,-,1,All Others,2,U.S. House,9
W. Tisbury,-,1,Blanks,79,U.S. House,9
W. Tisbury,-,1,Total Votes Cast,2205,U.S. House,9
Wakefield,-,1,Seth W. Moulton,1479,U.S. House,6
Wakefield,-,1,All Others,40,U.S. House,6
Wakefield,-,1,Blanks,745,U.S. House,6
Wakefield,-,1,Total Votes Cast,2264,U.S. House,6
Wakefield,-,2,Seth W. Moulton,1534,U.S. House,6
Wakefield,-,2,All Others,34,U.S. House,6
Wakefield,-,2,Blanks,654,U.S. House,6
Wakefield,-,2,Total Votes Cast,2222,U.S. House,6
Wakefield,-,3,Seth W. Moulton,1655,U.S. House,6
Wakefield,-,3,All Others,47,U.S. House,6
Wakefield,-,3,Blanks,708,U.S. House,6
Wakefield,-,3,Total Votes Cast,2410,U.S. House,6
Wakefield,-,4,Seth W. Moulton,1664,U.S. House,6
Wakefield,-,4,All Others,36,U.S. House,6
Wakefield,-,4,Blanks,665,U.S. House,6
Wakefield,-,4,Total Votes Cast,2365,U.S. House,6
Wakefield,-,5,Seth W. Moulton,1763,U.S. House,6
Wakefield,-,5,All Others,40,U.S. House,6
Wakefield,-,5,Blanks,665,U.S. House,6
Wakefield,-,5,Total Votes Cast,2468,U.S. House,6
Wakefield,-,6,Seth W. Moulton,1723,U.S. House,6
Wakefield,-,6,All Others,48,U.S. House,6
Wakefield,-,6,Blanks,623,U.S. House,6
Wakefield,-,6,Total Votes Cast,2394,U.S. House,6
Wakefield,-,7,Seth W. Moulton,1583,U.S. House,6
Wakefield,-,7,All Others,45,U.S. House,6
Wakefield,-,7,Blanks,727,U.S. House,6
Wakefield,-,7,Total Votes Cast,2355,U.S. House,6
Wales,-,1,Richard E. Neal,518,U.S. House,1
Wales,-,1,Nadia Donya Milleron,549,U.S. House,1
Wales,-,1,All Others,0,U.S. House,1
Wales,-,1,Blanks,75,U.S. House,1
Wales,-,1,Total Votes Cast,1142,U.S. House,1
Walpole,-,1,Stephen F. Lynch,1212,U.S. House,8
Walpole,-,1,Robert G. Burke,592,U.S. House,8
Walpole,-,1,All Others,3,U.S. House,8
Walpole,-,1,Blanks,59,U.S. House,8
Walpole,-,1,Total Votes Cast,1866,U.S. House,8
Walpole,-,2,Stephen F. Lynch,1220,U.S. House,8
Walpole,-,2,Robert G. Burke,794,U.S. House,8
Walpole,-,2,All Others,1,U.S. House,8
Walpole,-,2,Blanks,96,U.S. House,8
Walpole,-,2,Total Votes Cast,2111,U.S. House,8
Walpole,-,2A,Stephen F. Lynch,26,U.S. House,8
Walpole,-,2A,Robert G. Burke,12,U.S. House,8
Walpole,-,2A,All Others,0,U.S. House,8
Walpole,-,2A,Blanks,2,U.S. House,8
Walpole,-,2A,Total Votes Cast,40,U.S. House,8
Walpole,-,3,Stephen F. Lynch,1486,U.S. House,8
Walpole,-,3,Robert G. Burke,807,U.S. House,8
Walpole,-,3,All Others,3,U.S. House,8
Walpole,-,3,Blanks,113,U.S. House,8
Walpole,-,3,Total Votes Cast,2409,U.S. House,8
Walpole,-,4,Stephen F. Lynch,1033,U.S. House,8
Walpole,-,4,Robert G. Burke,553,U.S. House,8
Walpole,-,4,All Others,3,U.S. House,8
Walpole,-,4,Blanks,55,U.S. House,8
Walpole,-,4,Total Votes Cast,1644,U.S. House,8
Walpole,-,5,Stephen F. Lynch,992,U.S. House,8
Walpole,-,5,Robert G. Burke,630,U.S. House,8
Walpole,-,5,All Others,3,U.S. House,8
Walpole,-,5,Blanks,61,U.S. House,8
Walpole,-,5,Total Votes Cast,1686,U.S. House,8
Walpole,-,5A,Stephen F. Lynch,28,U.S. House,8
Walpole,-,5A,Robert G. Burke,15,U.S. House,8
Walpole,-,5A,All Others,0,U.S. House,8
Walpole,-,5A,Blanks,4,U.S. House,8
Walpole,-,5A,Total Votes Cast,47,U.S. House,8
Walpole,-,6,Stephen F. Lynch,1315,U.S. House,8
Walpole,-,6,Robert G. Burke,678,U.S. House,8
Walpole,-,6,All Others,1,U.S. House,8
Walpole,-,6,Blanks,82,U.S. House,8
Walpole,-,6,Total Votes Cast,2076,U.S. House,8
Walpole,-,7,Stephen F. Lynch,1214,U.S. House,8
Walpole,-,7,Robert G. Burke,758,U.S. House,8
Walpole,-,7,All Others,1,U.S. House,8
Walpole,-,7,Blanks,83,U.S. House,8
Walpole,-,7,Total Votes Cast,2056,U.S. House,8
Walpole,-,8,Stephen F. Lynch,1188,U.S. House,8
Walpole,-,8,Robert G. Burke,777,U.S. House,8
Walpole,-,8,All Others,2,U.S. House,8
Walpole,-,8,Blanks,100,U.S. House,8
Walpole,-,8,Total Votes Cast,2067,U.S. House,8
Waltham,1,1,Katherine M. Clark,1475,U.S. House,5
Waltham,1,1,All Others,0,U.S. House,5
Waltham,1,1,Blanks,574,U.S. House,5
Waltham,1,1,Total Votes Cast,2049,U.S. House,5
Waltham,1,2,Katherine M. Clark,1347,U.S. House,5
Waltham,1,2,All Others,0,U.S. House,5
Waltham,1,2,Blanks,641,U.S. House,5
Waltham,1,2,Total Votes Cast,1988,U.S. House,5
Waltham,1,2A,Katherine M. Clark,11,U.S. House,5
Waltham,1,2A,All Others,0,U.S. House,5
Waltham,1,2A,Blanks,5,U.S. House,5
Waltham,1,2A,Total Votes Cast,16,U.S. House,5
Waltham,2,1,Katherine M. Clark,1438,U.S. House,5
Waltham,2,1,All Others,0,U.S. House,5
Waltham,2,1,Blanks,488,U.S. House,5
Waltham,2,1,Total Votes Cast,1926,U.S. House,5
Waltham,2,2,Katherine M. Clark,1141,U.S. House,5
Waltham,2,2,All Others,0,U.S. House,5
Waltham,2,2,Blanks,247,U.S. House,5
Waltham,2,2,Total Votes Cast,1388,U.S. House,5
Waltham,3,1,Katherine M. Clark,1383,U.S. House,5
Waltham,3,1,All Others,0,U.S. House,5
Waltham,3,1,Blanks,704,U.S. House,5
Waltham,3,1,Total Votes Cast,2087,U.S. House,5
Waltham,3,2,Katherine M. Clark,1431,U.S. House,5
Waltham,3,2,All Others,0,U.S. House,5
Waltham,3,2,Blanks,514,U.S. House,5
Waltham,3,2,Total Votes Cast,1945,U.S. House,5
Waltham,3,2A,Katherine M. Clark,24,U.S. House,5
Waltham,3,2A,All Others,0,U.S. House,5
Waltham,3,2A,Blanks,12,U.S. House,5
Waltham,3,2A,Total Votes Cast,36,U.S. House,5
Waltham,4,1,Katherine M. Clark,1435,U.S. House,5
Waltham,4,1,All Others,0,U.S. House,5
Waltham,4,1,Blanks,572,U.S. House,5
Waltham,4,1,Total Votes Cast,2007,U.S. House,5
Waltham,4,1A,Katherine M. Clark,28,U.S. House,5
Waltham,4,1A,All Others,0,U.S. House,5
Waltham,4,1A,Blanks,5,U.S. House,5
Waltham,4,1A,Total Votes Cast,33,U.S. House,5
Waltham,4,2,Katherine M. Clark,274,U.S. House,5
Waltham,4,2,All Others,0,U.S. House,5
Waltham,4,2,Blanks,90,U.S. House,5
Waltham,4,2,Total Votes Cast,364,U.S. House,5
Waltham,5,1,Katherine M. Clark,1105,U.S. House,5
Waltham,5,1,All Others,0,U.S. House,5
Waltham,5,1,Blanks,427,U.S. House,5
Waltham,5,1,Total Votes Cast,1532,U.S. House,5
Waltham,5,2,Katherine M. Clark,792,U.S. House,5
Waltham,5,2,All Others,0,U.S. House,5
Waltham,5,2,Blanks,190,U.S. House,5
Waltham,5,2,Total Votes Cast,982,U.S. House,5
Waltham,5,2A,Katherine M. Clark,139,U.S. House,5
Waltham,5,2A,All Others,0,U.S. House,5
Waltham,5,2A,Blanks,31,U.S. House,5
Waltham,5,2A,Total Votes Cast,170,U.S. House,5
Waltham,6,1,Katherine M. Clark,1188,U.S. House,5
Waltham,6,1,All Others,0,U.S. House,5
Waltham,6,1,Blanks,319,U.S. House,5
Waltham,6,1,Total Votes Cast,1507,U.S. House,5
Waltham,6,2,Katherine M. Clark,725,U.S. House,5
Waltham,6,2,All Others,0,U.S. House,5
Waltham,6,2,Blanks,238,U.S. House,5
Waltham,6,2,Total Votes Cast,963,U.S. House,5
Waltham,6,2A,Katherine M. Clark,152,U.S. House,5
Waltham,6,2A,All Others,0,U.S. House,5
Waltham,6,2A,Blanks,58,U.S. House,5
Waltham,6,2A,Total Votes Cast,210,U.S. House,5
Waltham,7,1,Katherine M. Clark,1361,U.S. House,5
Waltham,7,1,All Others,0,U.S. House,5
Waltham,7,1,Blanks,437,U.S. House,5
Waltham,7,1,Total Votes Cast,1798,U.S. House,5
Waltham,7,2,Katherine M. Clark,478,U.S. House,5
Waltham,7,2,All Others,0,U.S. House,5
Waltham,7,2,Blanks,136,U.S. House,5
Waltham,7,2,Total Votes Cast,614,U.S. House,5
Waltham,8,1,Katherine M. Clark,1160,U.S. House,5
Waltham,8,1,All Others,0,U.S. House,5
Waltham,8,1,Blanks,306,U.S. House,5
Waltham,8,1,Total Votes Cast,1466,U.S. House,5
Waltham,8,2,Katherine M. Clark,1175,U.S. House,5
Waltham,8,2,All Others,0,U.S. House,5
Waltham,8,2,Blanks,324,U.S. House,5
Waltham,8,2,Total Votes Cast,1499,U.S. House,5
Waltham,8,2A,Katherine M. Clark,12,U.S. House,5
Waltham,8,2A,All Others,0,U.S. House,5
Waltham,8,2A,Blanks,5,U.S. House,5
Waltham,8,2A,Total Votes Cast,17,U.S. House,5
Waltham,9,1,Katherine M. Clark,1049,U.S. House,5
Waltham,9,1,All Others,0,U.S. House,5
Waltham,9,1,Blanks,223,U.S. House,5
Waltham,9,1,Total Votes Cast,1272,U.S. House,5
Waltham,9,2,Katherine M. Clark,853,U.S. House,5
Waltham,9,2,All Others,0,U.S. House,5
Waltham,9,2,Blanks,233,U.S. House,5
Waltham,9,2,Total Votes Cast,1086,U.S. House,5
Ware,-,A,Richard E. Neal,773,U.S. House,1
Ware,-,A,Nadia Donya Milleron,542,U.S. House,1
Ware,-,A,All Others,1,U.S. House,1
Ware,-,A,Blanks,113,U.S. House,1
Ware,-,A,Total Votes Cast,1429,U.S. House,1
Ware,-,B,Richard E. Neal,836,U.S. House,1
Ware,-,B,Nadia Donya Milleron,659,U.S. House,1
Ware,-,B,All Others,2,U.S. House,1
Ware,-,B,Blanks,156,U.S. House,1
Ware,-,B,Total Votes Cast,1653,U.S. House,1
Ware,-,C,Richard E. Neal,1021,U.S. House,1
Ware,-,C,Nadia Donya Milleron,854,U.S. House,1
Ware,-,C,All Others,2,U.S. House,1
Ware,-,C,Blanks,170,U.S. House,1
Ware,-,C,Total Votes Cast,2047,U.S. House,1
Wareham,-,1,Bill Keating,1117,U.S. House,9
Wareham,-,1,Dan Sullivan,910,U.S. House,9
Wareham,-,1,All Others,0,U.S. House,9
Wareham,-,1,Blanks,94,U.S. House,9
Wareham,-,1,Total Votes Cast,2121,U.S. House,9
Wareham,-,2,Bill Keating,1276,U.S. House,9
Wareham,-,2,Dan Sullivan,943,U.S. House,9
Wareham,-,2,All Others,0,U.S. House,9
Wareham,-,2,Blanks,113,U.S. House,9
Wareham,-,2,Total Votes Cast,2332,U.S. House,9
Wareham,-,3,Bill Keating,1213,U.S. House,9
Wareham,-,3,Dan Sullivan,925,U.S. House,9
Wareham,-,3,All Others,0,U.S. House,9
Wareham,-,3,Blanks,94,U.S. House,9
Wareham,-,3,Total Votes Cast,2232,U.S. House,9
Wareham,-,4,Bill Keating,1106,U.S. House,9
Wareham,-,4,Dan Sullivan,974,U.S. House,9
Wareham,-,4,All Others,0,U.S. House,9
Wareham,-,4,Blanks,99,U.S. House,9
Wareham,-,4,Total Votes Cast,2179,U.S. House,9
Wareham,-,5,Bill Keating,1131,U.S. House,9
Wareham,-,5,Dan Sullivan,1127,U.S. House,9
Wareham,-,5,All Others,0,U.S. House,9
Wareham,-,5,Blanks,96,U.S. House,9
Wareham,-,5,Total Votes Cast,2354,U.S. House,9
Wareham,-,6,Bill Keating,970,U.S. House,9
Wareham,-,6,Dan Sullivan,957,U.S. House,9
Wareham,-,6,All Others,0,U.S. House,9
Wareham,-,6,Blanks,84,U.S. House,9
Wareham,-,6,Total Votes Cast,2011,U.S. House,9
Warren,-,A,Richard E. Neal,984,U.S. House,1
Warren,-,A,Nadia Donya Milleron,846,U.S. House,1
Warren,-,A,All Others,3,U.S. House,1
Warren,-,A,Blanks,186,U.S. House,1
Warren,-,A,Total Votes Cast,2019,U.S. House,1
Warren,-,B,Richard E. Neal,326,U.S. House,1
Warren,-,B,Nadia Donya Milleron,261,U.S. House,1
Warren,-,B,All Others,1,U.S. House,1
Warren,-,B,Blanks,73,U.S. House,1
Warren,-,B,Total Votes Cast,661,U.S. House,1
Warwick,-,1,James P. McGovern,345,U.S. House,2
Warwick,-,1,Cornelius Shea,135,U.S. House,2
Warwick,-,1,All Others,1,U.S. House,2
Warwick,-,1,Blanks,30,U.S. House,2
Warwick,-,1,Total Votes Cast,511,U.S. House,2
Washington,-,1,Richard E. Neal,211,U.S. House,1
Washington,-,1,Nadia Donya Milleron,121,U.S. House,1
Washington,-,1,All Others,0,U.S. House,1
Washington,-,1,Blanks,28,U.S. House,1
Washington,-,1,Total Votes Cast,360,U.S. House,1
Watertown,-,1,Katherine M. Clark,1012,U.S. House,5
Watertown,-,1,All Others,6,U.S. House,5
Watertown,-,1,Blanks,298,U.S. House,5
Watertown,-,1,Total Votes Cast,1316,U.S. House,5
Watertown,-,10,Katherine M. Clark,1306,U.S. House,5
Watertown,-,10,All Others,15,U.S. House,5
Watertown,-,10,Blanks,344,U.S. House,5
Watertown,-,10,Total Votes Cast,1665,U.S. House,5
Watertown,-,11,Katherine M. Clark,1230,U.S. House,5
Watertown,-,11,All Others,0,U.S. House,5
Watertown,-,11,Blanks,395,U.S. House,5
Watertown,-,11,Total Votes Cast,1625,U.S. House,5
Watertown,-,12,Katherine M. Clark,1149,U.S. House,5
Watertown,-,12,All Others,1,U.S. House,5
Watertown,-,12,Blanks,358,U.S. House,5
Watertown,-,12,Total Votes Cast,1508,U.S. House,5
Watertown,-,2,Katherine M. Clark,1206,U.S. House,5
Watertown,-,2,All Others,3,U.S. House,5
Watertown,-,2,Blanks,286,U.S. House,5
Watertown,-,2,Total Votes Cast,1495,U.S. House,5
Watertown,-,3,Katherine M. Clark,1277,U.S. House,5
Watertown,-,3,All Others,1,U.S. House,5
Watertown,-,3,Blanks,293,U.S. House,5
Watertown,-,3,Total Votes Cast,1571,U.S. House,5
Watertown,-,4,Katherine M. Clark,1498,U.S. House,5
Watertown,-,4,All Others,0,U.S. House,5
Watertown,-,4,Blanks,329,U.S. House,5
Watertown,-,4,Total Votes Cast,1827,U.S. House,5
Watertown,-,5,Katherine M. Clark,1042,U.S. House,5
Watertown,-,5,All Others,5,U.S. House,5
Watertown,-,5,Blanks,253,U.S. House,5
Watertown,-,5,Total Votes Cast,1300,U.S. House,5
Watertown,-,6,Katherine M. Clark,1134,U.S. House,5
Watertown,-,6,All Others,20,U.S. House,5
Watertown,-,6,Blanks,195,U.S. House,5
Watertown,-,6,Total Votes Cast,1349,U.S. House,5
Watertown,-,7,Katherine M. Clark,1370,U.S. House,5
Watertown,-,7,All Others,1,U.S. House,5
Watertown,-,7,Blanks,369,U.S. House,5
Watertown,-,7,Total Votes Cast,1740,U.S. House,5
Watertown,-,8,Katherine M. Clark,1294,U.S. House,5
Watertown,-,8,All Others,1,U.S. House,5
Watertown,-,8,Blanks,305,U.S. House,5
Watertown,-,8,Total Votes Cast,1600,U.S. House,5
Watertown,-,9,Katherine M. Clark,1012,U.S. House,5
Watertown,-,9,All Others,1,U.S. House,5
Watertown,-,9,Blanks,279,U.S. House,5
Watertown,-,9,Total Votes Cast,1292,U.S. House,5
Wayland,-,1,Katherine M. Clark,1912,U.S. House,5
Wayland,-,1,All Others,39,U.S. House,5
Wayland,-,1,Blanks,469,U.S. House,5
Wayland,-,1,Total Votes Cast,2420,U.S. House,5
Wayland,-,2,Katherine M. Clark,1652,U.S. House,5
Wayland,-,2,All Others,39,U.S. House,5
Wayland,-,2,Blanks,427,U.S. House,5
Wayland,-,2,Total Votes Cast,2118,U.S. House,5
Wayland,-,3,Katherine M. Clark,1600,U.S. House,5
Wayland,-,3,All Others,27,U.S. House,5
Wayland,-,3,Blanks,406,U.S. House,5
Wayland,-,3,Total Votes Cast,2033,U.S. House,5
Wayland,-,4,Katherine M. Clark,1842,U.S. House,5
Wayland,-,4,All Others,26,U.S. House,5
Wayland,-,4,Blanks,495,U.S. House,5
Wayland,-,4,Total Votes Cast,2363,U.S. House,5
Webster,-,1,James P. McGovern,515,U.S. House,2
Webster,-,1,Cornelius Shea,369,U.S. House,2
Webster,-,1,All Others,4,U.S. House,2
Webster,-,1,Blanks,48,U.S. House,2
Webster,-,1,Total Votes Cast,936,U.S. House,2
Webster,-,1A,Richard E. Neal,242,U.S. House,1
Webster,-,1A,Nadia Donya Milleron,197,U.S. House,1
Webster,-,1A,All Others,4,U.S. House,1
Webster,-,1A,Blanks,44,U.S. House,1
Webster,-,1A,Total Votes Cast,487,U.S. House,1
Webster,-,2,Richard E. Neal,600,U.S. House,1
Webster,-,2,Nadia Donya Milleron,385,U.S. House,1
Webster,-,2,All Others,4,U.S. House,1
Webster,-,2,Blanks,80,U.S. House,1
Webster,-,2,Total Votes Cast,1069,U.S. House,1
Webster,-,3,James P. McGovern,846,U.S. House,2
Webster,-,3,Cornelius Shea,574,U.S. House,2
Webster,-,3,All Others,1,U.S. House,2
Webster,-,3,Blanks,94,U.S. House,2
Webster,-,3,Total Votes Cast,1515,U.S. House,2
Webster,-,4,James P. McGovern,1235,U.S. House,2
Webster,-,4,Cornelius Shea,1021,U.S. House,2
Webster,-,4,All Others,4,U.S. House,2
Webster,-,4,Blanks,135,U.S. House,2
Webster,-,4,Total Votes Cast,2395,U.S. House,2
Webster,-,5,Richard E. Neal,994,U.S. House,1
Webster,-,5,Nadia Donya Milleron,636,U.S. House,1
Webster,-,5,All Others,10,U.S. House,1
Webster,-,5,Blanks,171,U.S. House,1
Webster,-,5,Total Votes Cast,1811,U.S. House,1
Wellesley,-,A,Katherine M. Clark,1559,U.S. House,5
Wellesley,-,A,All Others,20,U.S. House,5
Wellesley,-,A,Blanks,505,U.S. House,5
Wellesley,-,A,Total Votes Cast,2084,U.S. House,5
Wellesley,-,B,Katherine M. Clark,1754,U.S. House,5
Wellesley,-,B,All Others,18,U.S. House,5
Wellesley,-,B,Blanks,537,U.S. House,5
Wellesley,-,B,Total Votes Cast,2309,U.S. House,5
Wellesley,-,C,Katherine M. Clark,1500,U.S. House,5
Wellesley,-,C,All Others,38,U.S. House,5
Wellesley,-,C,Blanks,750,U.S. House,5
Wellesley,-,C,Total Votes Cast,2288,U.S. House,5
Wellesley,-,D,Katherine M. Clark,1663,U.S. House,5
Wellesley,-,D,All Others,27,U.S. House,5
Wellesley,-,D,Blanks,505,U.S. House,5
Wellesley,-,D,Total Votes Cast,2195,U.S. House,5
Wellesley,-,E,Jake Auchincloss,1616,U.S. House,4
Wellesley,-,E,Sana A. Fadel,0,U.S. House,4
Wellesley,-,E,All Others,20,U.S. House,4
Wellesley,-,E,Blanks,476,U.S. House,4
Wellesley,-,E,Total Votes Cast,2112,U.S. House,4
Wellesley,-,F,Jake Auchincloss,1039,U.S. House,4
Wellesley,-,F,Sana A. Fadel,0,U.S. House,4
Wellesley,-,F,All Others,15,U.S. House,4
Wellesley,-,F,Blanks,276,U.S. House,4
Wellesley,-,F,Total Votes Cast,1330,U.S. House,4
Wellesley,-,G,Katherine M. Clark,861,U.S. House,5
Wellesley,-,G,All Others,10,U.S. House,5
Wellesley,-,G,Blanks,207,U.S. House,5
Wellesley,-,G,Total Votes Cast,1078,U.S. House,5
Wellesley,-,H,Katherine M. Clark,1525,U.S. House,5
Wellesley,-,H,All Others,16,U.S. House,5
Wellesley,-,H,Blanks,593,U.S. House,5
Wellesley,-,H,Total Votes Cast,2134,U.S. House,5
Wellfleet,-,1,Bill Keating,1871,U.S. House,9
Wellfleet,-,1,Dan Sullivan,546,U.S. House,9
Wellfleet,-,1,All Others,5,U.S. House,9
Wellfleet,-,1,Blanks,95,U.S. House,9
Wellfleet,-,1,Total Votes Cast,2517,U.S. House,9
Wendell,-,1,James P. McGovern,452,U.S. House,2
Wendell,-,1,Cornelius Shea,114,U.S. House,2
Wendell,-,1,All Others,0,U.S. House,2
Wendell,-,1,Blanks,39,U.S. House,2
Wendell,-,1,Total Votes Cast,605,U.S. House,2
Wenham,-,1,Seth W. Moulton,724,U.S. House,6
Wenham,-,1,All Others,7,U.S. House,6
Wenham,-,1,Blanks,216,U.S. House,6
Wenham,-,1,Total Votes Cast,947,U.S. House,6
Wenham,-,1A,Seth W. Moulton,1326,U.S. House,6
Wenham,-,1A,All Others,30,U.S. House,6
Wenham,-,1A,Blanks,325,U.S. House,6
Wenham,-,1A,Total Votes Cast,1681,U.S. House,6
Westborough,-,1,James P. McGovern,1046,U.S. House,2
Westborough,-,1,Cornelius Shea,297,U.S. House,2
Westborough,-,1,All Others,1,U.S. House,2
Westborough,-,1,Blanks,67,U.S. House,2
Westborough,-,1,Total Votes Cast,1411,U.S. House,2
Westborough,-,2,James P. McGovern,946,U.S. House,2
Westborough,-,2,Cornelius Shea,359,U.S. House,2
Westborough,-,2,All Others,0,U.S. House,2
Westborough,-,2,Blanks,57,U.S. House,2
Westborough,-,2,Total Votes Cast,1362,U.S. House,2
Westborough,-,3,James P. McGovern,1048,U.S. House,2
Westborough,-,3,Cornelius Shea,418,U.S. House,2
Westborough,-,3,All Others,2,U.S. House,2
Westborough,-,3,Blanks,91,U.S. House,2
Westborough,-,3,Total Votes Cast,1559,U.S. House,2
Westborough,-,4,James P. McGovern,1034,U.S. House,2
Westborough,-,4,Cornelius Shea,375,U.S. House,2
Westborough,-,4,All Others,6,U.S. House,2
Westborough,-,4,Blanks,73,U.S. House,2
Westborough,-,4,Total Votes Cast,1488,U.S. House,2
Westborough,-,5,James P. McGovern,1609,U.S. House,2
Westborough,-,5,Cornelius Shea,578,U.S. House,2
Westborough,-,5,All Others,1,U.S. House,2
Westborough,-,5,Blanks,85,U.S. House,2
Westborough,-,5,Total Votes Cast,2273,U.S. House,2
Westborough,-,6,James P. McGovern,1682,U.S. House,2
Westborough,-,6,Cornelius Shea,604,U.S. House,2
Westborough,-,6,All Others,9,U.S. House,2
Westborough,-,6,Blanks,75,U.S. House,2
Westborough,-,6,Total Votes Cast,2370,U.S. House,2
Westfield,1,A,Richard E. Neal,1110,U.S. House,1
Westfield,1,A,Nadia Donya Milleron,891,U.S. House,1
Westfield,1,A,All Others,1,U.S. House,1
Westfield,1,A,Blanks,140,U.S. House,1
Westfield,1,A,Total Votes Cast,2142,U.S. House,1
Westfield,1,B,Richard E. Neal,978,U.S. House,1
Westfield,1,B,Nadia Donya Milleron,784,U.S. House,1
Westfield,1,B,All Others,7,U.S. House,1
Westfield,1,B,Blanks,114,U.S. House,1
Westfield,1,B,Total Votes Cast,1883,U.S. House,1
Westfield,2,A,Richard E. Neal,562,U.S. House,1
Westfield,2,A,Nadia Donya Milleron,394,U.S. House,1
Westfield,2,A,All Others,2,U.S. House,1
Westfield,2,A,Blanks,82,U.S. House,1
Westfield,2,A,Total Votes Cast,1040,U.S. House,1
Westfield,2,A1,Richard E. Neal,40,U.S. House,1
Westfield,2,A1,Nadia Donya Milleron,28,U.S. House,1
Westfield,2,A1,All Others,1,U.S. House,1
Westfield,2,A1,Blanks,1,U.S. House,1
Westfield,2,A1,Total Votes Cast,70,U.S. House,1
Westfield,2,B,Richard E. Neal,773,U.S. House,1
Westfield,2,B,Nadia Donya Milleron,576,U.S. House,1
Westfield,2,B,All Others,3,U.S. House,1
Westfield,2,B,Blanks,91,U.S. House,1
Westfield,2,B,Total Votes Cast,1443,U.S. House,1
Westfield,3,A,Richard E. Neal,621,U.S. House,1
Westfield,3,A,Nadia Donya Milleron,480,U.S. House,1
Westfield,3,A,All Others,2,U.S. House,1
Westfield,3,A,Blanks,88,U.S. House,1
Westfield,3,A,Total Votes Cast,1191,U.S. House,1
Westfield,3,B,Richard E. Neal,953,U.S. House,1
Westfield,3,B,Nadia Donya Milleron,689,U.S. House,1
Westfield,3,B,All Others,6,U.S. House,1
Westfield,3,B,Blanks,110,U.S. House,1
Westfield,3,B,Total Votes Cast,1758,U.S. House,1
Westfield,4,A,Richard E. Neal,365,U.S. House,1
Westfield,4,A,Nadia Donya Milleron,375,U.S. House,1
Westfield,4,A,All Others,2,U.S. House,1
Westfield,4,A,Blanks,67,U.S. House,1
Westfield,4,A,Total Votes Cast,809,U.S. House,1
Westfield,4,B,Richard E. Neal,1085,U.S. House,1
Westfield,4,B,Nadia Donya Milleron,918,U.S. House,1
Westfield,4,B,All Others,3,U.S. House,1
Westfield,4,B,Blanks,132,U.S. House,1
Westfield,4,B,Total Votes Cast,2138,U.S. House,1
Westfield,5,A,Richard E. Neal,1148,U.S. House,1
Westfield,5,A,Nadia Donya Milleron,903,U.S. House,1
Westfield,5,A,All Others,6,U.S. House,1
Westfield,5,A,Blanks,151,U.S. House,1
Westfield,5,A,Total Votes Cast,2208,U.S. House,1
Westfield,5,B,Richard E. Neal,1101,U.S. House,1
Westfield,5,B,Nadia Donya Milleron,871,U.S. House,1
Westfield,5,B,All Others,6,U.S. House,1
Westfield,5,B,Blanks,158,U.S. House,1
Westfield,5,B,Total Votes Cast,2136,U.S. House,1
Westfield,6,A,Richard E. Neal,934,U.S. House,1
Westfield,6,A,Nadia Donya Milleron,821,U.S. House,1
Westfield,6,A,All Others,2,U.S. House,1
Westfield,6,A,Blanks,131,U.S. House,1
Westfield,6,A,Total Votes Cast,1888,U.S. House,1
Westfield,6,B,Richard E. Neal,775,U.S. House,1
Westfield,6,B,Nadia Donya Milleron,616,U.S. House,1
Westfield,6,B,All Others,5,U.S. House,1
Westfield,6,B,Blanks,112,U.S. House,1
Westfield,6,B,Total Votes Cast,1508,U.S. House,1
Westfield,6,B1,Richard E. Neal,33,U.S. House,1
Westfield,6,B1,Nadia Donya Milleron,44,U.S. House,1
Westfield,6,B1,All Others,0,U.S. House,1
Westfield,6,B1,Blanks,5,U.S. House,1
Westfield,6,B1,Total Votes Cast,82,U.S. House,1
Westford,-,1,Lori Loureiro Trahan,1447,U.S. House,3
Westford,-,1,All Others,41,U.S. House,3
Westford,-,1,Blanks,440,U.S. House,3
Westford,-,1,Total Votes Cast,1928,U.S. House,3
Westford,-,2,Lori Loureiro Trahan,1522,U.S. House,3
Westford,-,2,All Others,54,U.S. House,3
Westford,-,2,Blanks,433,U.S. House,3
Westford,-,2,Total Votes Cast,2009,U.S. House,3
Westford,-,3,Lori Loureiro Trahan,1773,U.S. House,3
Westford,-,3,All Others,43,U.S. House,3
Westford,-,3,Blanks,490,U.S. House,3
Westford,-,3,Total Votes Cast,2306,U.S. House,3
Westford,-,4,Lori Loureiro Trahan,1563,U.S. House,3
Westford,-,4,All Others,47,U.S. House,3
Westford,-,4,Blanks,411,U.S. House,3
Westford,-,4,Total Votes Cast,2021,U.S. House,3
Westford,-,5,Lori Loureiro Trahan,1599,U.S. House,3
Westford,-,5,All Others,47,U.S. House,3
Westford,-,5,Blanks,433,U.S. House,3
Westford,-,5,Total Votes Cast,2079,U.S. House,3
Westford,-,6,Lori Loureiro Trahan,1721,U.S. House,3
Westford,-,6,All Others,54,U.S. House,3
Westford,-,6,Blanks,495,U.S. House,3
Westford,-,6,Total Votes Cast,2270,U.S. House,3
Westford,-,7,Lori Loureiro Trahan,1838,U.S. House,3
Westford,-,7,All Others,40,U.S. House,3
Westford,-,7,Blanks,446,U.S. House,3
Westford,-,7,Total Votes Cast,2324,U.S. House,3
Westhampton,-,1,James P. McGovern,807,U.S. House,2
Westhampton,-,1,Cornelius Shea,374,U.S. House,2
Westhampton,-,1,All Others,1,U.S. House,2
Westhampton,-,1,Blanks,66,U.S. House,2
Westhampton,-,1,Total Votes Cast,1248,U.S. House,2
Westminster,-,1,Lori Loureiro Trahan,1243,U.S. House,3
Westminster,-,1,All Others,34,U.S. House,3
Westminster,-,1,Blanks,551,U.S. House,3
Westminster,-,1,Total Votes Cast,1828,U.S. House,3
Westminster,-,2,Lori Loureiro Trahan,925,U.S. House,3
Westminster,-,2,All Others,24,U.S. House,3
Westminster,-,2,Blanks,453,U.S. House,3
Westminster,-,2,Total Votes Cast,1402,U.S. House,3
Westminster,-,2A,James P. McGovern,239,U.S. House,2
Westminster,-,2A,Cornelius Shea,203,U.S. House,2
Westminster,-,2A,All Others,1,U.S. House,2
Westminster,-,2A,Blanks,39,U.S. House,2
Westminster,-,2A,Total Votes Cast,482,U.S. House,2
Westminster,-,3,Lori Loureiro Trahan,1154,U.S. House,3
Westminster,-,3,All Others,19,U.S. House,3
Westminster,-,3,Blanks,524,U.S. House,3
Westminster,-,3,Total Votes Cast,1697,U.S. House,3
Weston,-,1,Katherine M. Clark,1376,U.S. House,5
Weston,-,1,All Others,0,U.S. House,5
Weston,-,1,Blanks,495,U.S. House,5
Weston,-,1,Total Votes Cast,1871,U.S. House,5
Weston,-,2,Katherine M. Clark,1192,U.S. House,5
Weston,-,2,All Others,37,U.S. House,5
Weston,-,2,Blanks,419,U.S. House,5
Weston,-,2,Total Votes Cast,1648,U.S. House,5
Weston,-,3,Katherine M. Clark,1059,U.S. House,5
Weston,-,3,All Others,9,U.S. House,5
Weston,-,3,Blanks,406,U.S. House,5
Weston,-,3,Total Votes Cast,1474,U.S. House,5
Weston,-,4,Katherine M. Clark,1164,U.S. House,5
Weston,-,4,All Others,1,U.S. House,5
Weston,-,4,Blanks,475,U.S. House,5
Weston,-,4,Total Votes Cast,1640,U.S. House,5
Westport,-,A,Bill Keating,878,U.S. House,9
Westport,-,A,Dan Sullivan,1022,U.S. House,9
Westport,-,A,All Others,0,U.S. House,9
Westport,-,A,Blanks,120,U.S. House,9
Westport,-,A,Total Votes Cast,2020,U.S. House,9
Westport,-,B,Bill Keating,1182,U.S. House,9
Westport,-,B,Dan Sullivan,1060,U.S. House,9
Westport,-,B,All Others,2,U.S. House,9
Westport,-,B,Blanks,132,U.S. House,9
Westport,-,B,Total Votes Cast,2376,U.S. House,9
Westport,-,C,Bill Keating,817,U.S. House,9
Westport,-,C,Dan Sullivan,1054,U.S. House,9
Westport,-,C,All Others,1,U.S. House,9
Westport,-,C,Blanks,140,U.S. House,9
Westport,-,C,Total Votes Cast,2012,U.S. House,9
Westport,-,D,Bill Keating,909,U.S. House,9
Westport,-,D,Dan Sullivan,1005,U.S. House,9
Westport,-,D,All Others,0,U.S. House,9
Westport,-,D,Blanks,122,U.S. House,9
Westport,-,D,Total Votes Cast,2036,U.S. House,9
Westport,-,E,Bill Keating,1219,U.S. House,9
Westport,-,E,Dan Sullivan,1087,U.S. House,9
Westport,-,E,All Others,1,U.S. House,9
Westport,-,E,Blanks,158,U.S. House,9
Westport,-,E,Total Votes Cast,2465,U.S. House,9
Westwood,-,1,Stephen F. Lynch,1375,U.S. House,8
Westwood,-,1,Robert G. Burke,613,U.S. House,8
Westwood,-,1,All Others,0,U.S. House,8
Westwood,-,1,Blanks,84,U.S. House,8
Westwood,-,1,Total Votes Cast,2072,U.S. House,8
Westwood,-,2,Stephen F. Lynch,1333,U.S. House,8
Westwood,-,2,Robert G. Burke,685,U.S. House,8
Westwood,-,2,All Others,0,U.S. House,8
Westwood,-,2,Blanks,110,U.S. House,8
Westwood,-,2,Total Votes Cast,2128,U.S. House,8
Westwood,-,3,Stephen F. Lynch,1217,U.S. House,8
Westwood,-,3,Robert G. Burke,611,U.S. House,8
Westwood,-,3,All Others,2,U.S. House,8
Westwood,-,3,Blanks,85,U.S. House,8
Westwood,-,3,Total Votes Cast,1915,U.S. House,8
Westwood,-,4,Stephen F. Lynch,1095,U.S. House,8
Westwood,-,4,Robert G. Burke,718,U.S. House,8
Westwood,-,4,All Others,0,U.S. House,8
Westwood,-,4,Blanks,93,U.S. House,8
Westwood,-,4,Total Votes Cast,1906,U.S. House,8
Westwood,-,5,Stephen F. Lynch,1349,U.S. House,8
Westwood,-,5,Robert G. Burke,714,U.S. House,8
Westwood,-,5,All Others,4,U.S. House,8
Westwood,-,5,Blanks,118,U.S. House,8
Westwood,-,5,Total Votes Cast,2185,U.S. House,8
Weymouth,-,1,Stephen F. Lynch,1129,U.S. House,8
Weymouth,-,1,Robert G. Burke,565,U.S. House,8
Weymouth,-,1,All Others,10,U.S. House,8
Weymouth,-,1,Blanks,77,U.S. House,8
Weymouth,-,1,Total Votes Cast,1781,U.S. House,8
Weymouth,-,10,Stephen F. Lynch,938,U.S. House,8
Weymouth,-,10,Robert G. Burke,489,U.S. House,8
Weymouth,-,10,All Others,3,U.S. House,8
Weymouth,-,10,Blanks,56,U.S. House,8
Weymouth,-,10,Total Votes Cast,1486,U.S. House,8
Weymouth,-,11,Stephen F. Lynch,945,U.S. House,8
Weymouth,-,11,Robert G. Burke,479,U.S. House,8
Weymouth,-,11,All Others,2,U.S. House,8
Weymouth,-,11,Blanks,48,U.S. House,8
Weymouth,-,11,Total Votes Cast,1474,U.S. House,8
Weymouth,-,12,Stephen F. Lynch,1266,U.S. House,8
Weymouth,-,12,Robert G. Burke,657,U.S. House,8
Weymouth,-,12,All Others,2,U.S. House,8
Weymouth,-,12,Blanks,77,U.S. House,8
Weymouth,-,12,Total Votes Cast,2002,U.S. House,8
Weymouth,-,13,Stephen F. Lynch,809,U.S. House,8
Weymouth,-,13,Robert G. Burke,351,U.S. House,8
Weymouth,-,13,All Others,1,U.S. House,8
Weymouth,-,13,Blanks,52,U.S. House,8
Weymouth,-,13,Total Votes Cast,1213,U.S. House,8
Weymouth,-,14,Stephen F. Lynch,1360,U.S. House,8
Weymouth,-,14,Robert G. Burke,625,U.S. House,8
Weymouth,-,14,All Others,0,U.S. House,8
Weymouth,-,14,Blanks,89,U.S. House,8
Weymouth,-,14,Total Votes Cast,2074,U.S. House,8
Weymouth,-,15,Stephen F. Lynch,1209,U.S. House,8
Weymouth,-,15,Robert G. Burke,686,U.S. House,8
Weymouth,-,15,All Others,5,U.S. House,8
Weymouth,-,15,Blanks,67,U.S. House,8
Weymouth,-,15,Total Votes Cast,1967,U.S. House,8
Weymouth,-,16,Stephen F. Lynch,1435,U.S. House,8
Weymouth,-,16,Robert G. Burke,722,U.S. House,8
Weymouth,-,16,All Others,1,U.S. House,8
Weymouth,-,16,Blanks,109,U.S. House,8
Weymouth,-,16,Total Votes Cast,2267,U.S. House,8
Weymouth,-,17,Stephen F. Lynch,953,U.S. House,8
Weymouth,-,17,Robert G. Burke,481,U.S. House,8
Weymouth,-,17,All Others,1,U.S. House,8
Weymouth,-,17,Blanks,61,U.S. House,8
Weymouth,-,17,Total Votes Cast,1496,U.S. House,8
Weymouth,-,18,Stephen F. Lynch,1080,U.S. House,8
Weymouth,-,18,Robert G. Burke,421,U.S. House,8
Weymouth,-,18,All Others,0,U.S. House,8
Weymouth,-,18,Blanks,64,U.S. House,8
Weymouth,-,18,Total Votes Cast,1565,U.S. House,8
Weymouth,-,2,Stephen F. Lynch,1291,U.S. House,8
Weymouth,-,2,Robert G. Burke,670,U.S. House,8
Weymouth,-,2,All Others,0,U.S. House,8
Weymouth,-,2,Blanks,77,U.S. House,8
Weymouth,-,2,Total Votes Cast,2038,U.S. House,8
Weymouth,-,3,Stephen F. Lynch,1225,U.S. House,8
Weymouth,-,3,Robert G. Burke,732,U.S. House,8
Weymouth,-,3,All Others,3,U.S. House,8
Weymouth,-,3,Blanks,69,U.S. House,8
Weymouth,-,3,Total Votes Cast,2029,U.S. House,8
Weymouth,-,4,Stephen F. Lynch,1112,U.S. House,8
Weymouth,-,4,Robert G. Burke,522,U.S. House,8
Weymouth,-,4,All Others,4,U.S. House,8
Weymouth,-,4,Blanks,56,U.S. House,8
Weymouth,-,4,Total Votes Cast,1694,U.S. House,8
Weymouth,-,5,Stephen F. Lynch,1165,U.S. House,8
Weymouth,-,5,Robert G. Burke,471,U.S. House,8
Weymouth,-,5,All Others,3,U.S. House,8
Weymouth,-,5,Blanks,58,U.S. House,8
Weymouth,-,5,Total Votes Cast,1697,U.S. House,8
Weymouth,-,6,Stephen F. Lynch,1346,U.S. House,8
Weymouth,-,6,Robert G. Burke,610,U.S. House,8
Weymouth,-,6,All Others,1,U.S. House,8
Weymouth,-,6,Blanks,78,U.S. House,8
Weymouth,-,6,Total Votes Cast,2035,U.S. House,8
Weymouth,-,7,Stephen F. Lynch,969,U.S. House,8
Weymouth,-,7,Robert G. Burke,520,U.S. House,8
Weymouth,-,7,All Others,1,U.S. House,8
Weymouth,-,7,Blanks,50,U.S. House,8
Weymouth,-,7,Total Votes Cast,1540,U.S. House,8
Weymouth,-,8,Stephen F. Lynch,1092,U.S. House,8
Weymouth,-,8,Robert G. Burke,544,U.S. House,8
Weymouth,-,8,All Others,0,U.S. House,8
Weymouth,-,8,Blanks,67,U.S. House,8
Weymouth,-,8,Total Votes Cast,1703,U.S. House,8
Weymouth,-,9,Stephen F. Lynch,774,U.S. House,8
Weymouth,-,9,Robert G. Burke,410,U.S. House,8
Weymouth,-,9,All Others,2,U.S. House,8
Weymouth,-,9,Blanks,47,U.S. House,8
Weymouth,-,9,Total Votes Cast,1233,U.S. House,8
Weymouth,-,9A,Stephen F. Lynch,298,U.S. House,8
Weymouth,-,9A,Robert G. Burke,184,U.S. House,8
Weymouth,-,9A,All Others,0,U.S. House,8
Weymouth,-,9A,Blanks,25,U.S. House,8
Weymouth,-,9A,Total Votes Cast,507,U.S. House,8
Whately,-,1,James P. McGovern,767,U.S. House,2
Whately,-,1,Cornelius Shea,280,U.S. House,2
Whately,-,1,All Others,0,U.S. House,2
Whately,-,1,Blanks,47,U.S. House,2
Whately,-,1,Total Votes Cast,1094,U.S. House,2
Whitman,-,1,Stephen F. Lynch,1341,U.S. House,8
Whitman,-,1,Robert G. Burke,928,U.S. House,8
Whitman,-,1,All Others,1,U.S. House,8
Whitman,-,1,Blanks,106,U.S. House,8
Whitman,-,1,Total Votes Cast,2376,U.S. House,8
Whitman,-,2,Stephen F. Lynch,1107,U.S. House,8
Whitman,-,2,Robert G. Burke,860,U.S. House,8
Whitman,-,2,All Others,2,U.S. House,8
Whitman,-,2,Blanks,83,U.S. House,8
Whitman,-,2,Total Votes Cast,2052,U.S. House,8
Whitman,-,3,Stephen F. Lynch,1198,U.S. House,8
Whitman,-,3,Robert G. Burke,877,U.S. House,8
Whitman,-,3,All Others,1,U.S. House,8
Whitman,-,3,Blanks,91,U.S. House,8
Whitman,-,3,Total Votes Cast,2167,U.S. House,8
Whitman,-,4,Stephen F. Lynch,1211,U.S. House,8
Whitman,-,4,Robert G. Burke,825,U.S. House,8
Whitman,-,4,All Others,3,U.S. House,8
Whitman,-,4,Blanks,89,U.S. House,8
Whitman,-,4,Total Votes Cast,2128,U.S. House,8
Wilbraham,-,A,Richard E. Neal,1359,U.S. House,1
Wilbraham,-,A,Nadia Donya Milleron,837,U.S. House,1
Wilbraham,-,A,All Others,8,U.S. House,1
Wilbraham,-,A,Blanks,142,U.S. House,1
Wilbraham,-,A,Total Votes Cast,2346,U.S. House,1
Wilbraham,-,B,Richard E. Neal,1297,U.S. House,1
Wilbraham,-,B,Nadia Donya Milleron,763,U.S. House,1
Wilbraham,-,B,All Others,10,U.S. House,1
Wilbraham,-,B,Blanks,150,U.S. House,1
Wilbraham,-,B,Total Votes Cast,2220,U.S. House,1
Wilbraham,-,C,Richard E. Neal,1253,U.S. House,1
Wilbraham,-,C,Nadia Donya Milleron,920,U.S. House,1
Wilbraham,-,C,All Others,7,U.S. House,1
Wilbraham,-,C,Blanks,137,U.S. House,1
Wilbraham,-,C,Total Votes Cast,2317,U.S. House,1
Wilbraham,-,D,Richard E. Neal,1365,U.S. House,1
Wilbraham,-,D,Nadia Donya Milleron,896,U.S. House,1
Wilbraham,-,D,All Others,14,U.S. House,1
Wilbraham,-,D,Blanks,147,U.S. House,1
Wilbraham,-,D,Total Votes Cast,2422,U.S. House,1
Williamsburg,-,1,James P. McGovern,1409,U.S. House,2
Williamsburg,-,1,Cornelius Shea,326,U.S. House,2
Williamsburg,-,1,All Others,0,U.S. House,2
Williamsburg,-,1,Blanks,98,U.S. House,2
Williamsburg,-,1,Total Votes Cast,1833,U.S. House,2
Williamstown,-,1,Richard E. Neal,1156,U.S. House,1
Williamstown,-,1,Nadia Donya Milleron,267,U.S. House,1
Williamstown,-,1,All Others,2,U.S. House,1
Williamstown,-,1,Blanks,87,U.S. House,1
Williamstown,-,1,Total Votes Cast,1512,U.S. House,1
Williamstown,-,2,Richard E. Neal,324,U.S. House,1
Williamstown,-,2,Nadia Donya Milleron,80,U.S. House,1
Williamstown,-,2,All Others,2,U.S. House,1
Williamstown,-,2,Blanks,33,U.S. House,1
Williamstown,-,2,Total Votes Cast,439,U.S. House,1
Williamstown,-,3,Richard E. Neal,1268,U.S. House,1
Williamstown,-,3,Nadia Donya Milleron,326,U.S. House,1
Williamstown,-,3,All Others,0,U.S. House,1
Williamstown,-,3,Blanks,97,U.S. House,1
Williamstown,-,3,Total Votes Cast,1691,U.S. House,1
Wilmington,-,1,Seth W. Moulton,1751,U.S. House,6
Wilmington,-,1,All Others,26,U.S. House,6
Wilmington,-,1,Blanks,660,U.S. House,6
Wilmington,-,1,Total Votes Cast,2437,U.S. House,6
Wilmington,-,2,Seth W. Moulton,1646,U.S. House,6
Wilmington,-,2,All Others,22,U.S. House,6
Wilmington,-,2,Blanks,728,U.S. House,6
Wilmington,-,2,Total Votes Cast,2396,U.S. House,6
Wilmington,-,3,Seth W. Moulton,1593,U.S. House,6
Wilmington,-,3,All Others,30,U.S. House,6
Wilmington,-,3,Blanks,691,U.S. House,6
Wilmington,-,3,Total Votes Cast,2314,U.S. House,6
Wilmington,-,4,Seth W. Moulton,1739,U.S. House,6
Wilmington,-,4,All Others,24,U.S. House,6
Wilmington,-,4,Blanks,726,U.S. House,6
Wilmington,-,4,Total Votes Cast,2489,U.S. House,6
Wilmington,-,5,Seth W. Moulton,1620,U.S. House,6
Wilmington,-,5,All Others,15,U.S. House,6
Wilmington,-,5,Blanks,630,U.S. House,6
Wilmington,-,5,Total Votes Cast,2265,U.S. House,6
Wilmington,-,6,Seth W. Moulton,1684,U.S. House,6
Wilmington,-,6,All Others,38,U.S. House,6
Wilmington,-,6,Blanks,777,U.S. House,6
Wilmington,-,6,Total Votes Cast,2499,U.S. House,6
Winchendon,-,1,Lori Loureiro Trahan,1088,U.S. House,3
Winchendon,-,1,All Others,70,U.S. House,3
Winchendon,-,1,Blanks,499,U.S. House,3
Winchendon,-,1,Total Votes Cast,1657,U.S. House,3
Winchendon,-,2,Lori Loureiro Trahan,1189,U.S. House,3
Winchendon,-,2,All Others,88,U.S. House,3
Winchendon,-,2,Blanks,517,U.S. House,3
Winchendon,-,2,Total Votes Cast,1794,U.S. House,3
Winchendon,-,3,Lori Loureiro Trahan,1203,U.S. House,3
Winchendon,-,3,All Others,91,U.S. House,3
Winchendon,-,3,Blanks,521,U.S. House,3
Winchendon,-,3,Total Votes Cast,1815,U.S. House,3
Winchester,-,1,Katherine M. Clark,1249,U.S. House,5
Winchester,-,1,All Others,27,U.S. House,5
Winchester,-,1,Blanks,446,U.S. House,5
Winchester,-,1,Total Votes Cast,1722,U.S. House,5
Winchester,-,2,Katherine M. Clark,1003,U.S. House,5
Winchester,-,2,All Others,40,U.S. House,5
Winchester,-,2,Blanks,369,U.S. House,5
Winchester,-,2,Total Votes Cast,1412,U.S. House,5
Winchester,-,3,Katherine M. Clark,1396,U.S. House,5
Winchester,-,3,All Others,34,U.S. House,5
Winchester,-,3,Blanks,413,U.S. House,5
Winchester,-,3,Total Votes Cast,1843,U.S. House,5
Winchester,-,4,Katherine M. Clark,1206,U.S. House,5
Winchester,-,4,All Others,33,U.S. House,5
Winchester,-,4,Blanks,534,U.S. House,5
Winchester,-,4,Total Votes Cast,1773,U.S. House,5
Winchester,-,5,Katherine M. Clark,1176,U.S. House,5
Winchester,-,5,All Others,37,U.S. House,5
Winchester,-,5,Blanks,527,U.S. House,5
Winchester,-,5,Total Votes Cast,1740,U.S. House,5
Winchester,-,6,Katherine M. Clark,1182,U.S. House,5
Winchester,-,6,All Others,38,U.S. House,5
Winchester,-,6,Blanks,538,U.S. House,5
Winchester,-,6,Total Votes Cast,1758,U.S. House,5
Winchester,-,7,Katherine M. Clark,1212,U.S. House,5
Winchester,-,7,All Others,44,U.S. House,5
Winchester,-,7,Blanks,506,U.S. House,5
Winchester,-,7,Total Votes Cast,1762,U.S. House,5
Winchester,-,8,Katherine M. Clark,963,U.S. House,5
Winchester,-,8,All Others,29,U.S. House,5
Winchester,-,8,Blanks,394,U.S. House,5
Winchester,-,8,Total Votes Cast,1386,U.S. House,5
Windsor,-,1,Richard E. Neal,325,U.S. House,1
Windsor,-,1,Nadia Donya Milleron,200,U.S. House,1
Windsor,-,1,All Others,0,U.S. House,1
Windsor,-,1,Blanks,36,U.S. House,1
Windsor,-,1,Total Votes Cast,561,U.S. House,1
Winthrop,-,1,Katherine M. Clark,1103,U.S. House,5
Winthrop,-,1,All Others,37,U.S. House,5
Winthrop,-,1,Blanks,507,U.S. House,5
Winthrop,-,1,Total Votes Cast,1647,U.S. House,5
Winthrop,-,2,Katherine M. Clark,1065,U.S. House,5
Winthrop,-,2,All Others,31,U.S. House,5
Winthrop,-,2,Blanks,564,U.S. House,5
Winthrop,-,2,Total Votes Cast,1660,U.S. House,5
Winthrop,-,3,Katherine M. Clark,1150,U.S. House,5
Winthrop,-,3,All Others,27,U.S. House,5
Winthrop,-,3,Blanks,411,U.S. House,5
Winthrop,-,3,Total Votes Cast,1588,U.S. House,5
Winthrop,-,4,Katherine M. Clark,773,U.S. House,5
Winthrop,-,4,All Others,27,U.S. House,5
Winthrop,-,4,Blanks,410,U.S. House,5
Winthrop,-,4,Total Votes Cast,1210,U.S. House,5
Winthrop,-,5,Katherine M. Clark,1143,U.S. House,5
Winthrop,-,5,All Others,32,U.S. House,5
Winthrop,-,5,Blanks,593,U.S. House,5
Winthrop,-,5,Total Votes Cast,1768,U.S. House,5
Winthrop,-,6,Katherine M. Clark,1069,U.S. House,5
Winthrop,-,6,All Others,33,U.S. House,5
Winthrop,-,6,Blanks,476,U.S. House,5
Winthrop,-,6,Total Votes Cast,1578,U.S. House,5
Woburn,1,1,Katherine M. Clark,880,U.S. House,5
Woburn,1,1,All Others,7,U.S. House,5
Woburn,1,1,Blanks,452,U.S. House,5
Woburn,1,1,Total Votes Cast,1339,U.S. House,5
Woburn,1,2,Katherine M. Clark,953,U.S. House,5
Woburn,1,2,All Others,19,U.S. House,5
Woburn,1,2,Blanks,436,U.S. House,5
Woburn,1,2,Total Votes Cast,1408,U.S. House,5
Woburn,1,2A,Katherine M. Clark,56,U.S. House,5
Woburn,1,2A,All Others,0,U.S. House,5
Woburn,1,2A,Blanks,31,U.S. House,5
Woburn,1,2A,Total Votes Cast,87,U.S. House,5
Woburn,2,1,Katherine M. Clark,1102,U.S. House,5
Woburn,2,1,All Others,13,U.S. House,5
Woburn,2,1,Blanks,583,U.S. House,5
Woburn,2,1,Total Votes Cast,1698,U.S. House,5
Woburn,2,2,Katherine M. Clark,962,U.S. House,5
Woburn,2,2,All Others,4,U.S. House,5
Woburn,2,2,Blanks,384,U.S. House,5
Woburn,2,2,Total Votes Cast,1350,U.S. House,5
Woburn,3,1,Katherine M. Clark,1054,U.S. House,5
Woburn,3,1,All Others,15,U.S. House,5
Woburn,3,1,Blanks,494,U.S. House,5
Woburn,3,1,Total Votes Cast,1563,U.S. House,5
Woburn,3,2,Katherine M. Clark,1134,U.S. House,5
Woburn,3,2,All Others,18,U.S. House,5
Woburn,3,2,Blanks,718,U.S. House,5
Woburn,3,2,Total Votes Cast,1870,U.S. House,5
Woburn,4,1,Katherine M. Clark,1075,U.S. House,5
Woburn,4,1,All Others,7,U.S. House,5
Woburn,4,1,Blanks,631,U.S. House,5
Woburn,4,1,Total Votes Cast,1713,U.S. House,5
Woburn,4,2,Katherine M. Clark,942,U.S. House,5
Woburn,4,2,All Others,5,U.S. House,5
Woburn,4,2,Blanks,451,U.S. House,5
Woburn,4,2,Total Votes Cast,1398,U.S. House,5
Woburn,5,1,Katherine M. Clark,1143,U.S. House,5
Woburn,5,1,All Others,9,U.S. House,5
Woburn,5,1,Blanks,433,U.S. House,5
Woburn,5,1,Total Votes Cast,1585,U.S. House,5
Woburn,5,2,Katherine M. Clark,973,U.S. House,5
Woburn,5,2,All Others,12,U.S. House,5
Woburn,5,2,Blanks,526,U.S. House,5
Woburn,5,2,Total Votes Cast,1511,U.S. House,5
Woburn,6,1,Katherine M. Clark,726,U.S. House,5
Woburn,6,1,All Others,6,U.S. House,5
Woburn,6,1,Blanks,324,U.S. House,5
Woburn,6,1,Total Votes Cast,1056,U.S. House,5
Woburn,6,2,Katherine M. Clark,1076,U.S. House,5
Woburn,6,2,All Others,13,U.S. House,5
Woburn,6,2,Blanks,544,U.S. House,5
Woburn,6,2,Total Votes Cast,1633,U.S. House,5
Woburn,7,1,Katherine M. Clark,1068,U.S. House,5
Woburn,7,1,All Others,22,U.S. House,5
Woburn,7,1,Blanks,737,U.S. House,5
Woburn,7,1,Total Votes Cast,1827,U.S. House,5
Woburn,7,2,Katherine M. Clark,1242,U.S. House,5
Woburn,7,2,All Others,12,U.S. House,5
Woburn,7,2,Blanks,776,U.S. House,5
Woburn,7,2,Total Votes Cast,2030,U.S. House,5
Worcester,1,1,James P. McGovern,650,U.S. House,2
Worcester,1,1,Cornelius Shea,202,U.S. House,2
Worcester,1,1,All Others,6,U.S. House,2
Worcester,1,1,Blanks,36,U.S. House,2
Worcester,1,1,Total Votes Cast,894,U.S. House,2
Worcester,1,2,James P. McGovern,1443,U.S. House,2
Worcester,1,2,Cornelius Shea,559,U.S. House,2
Worcester,1,2,All Others,16,U.S. House,2
Worcester,1,2,Blanks,120,U.S. House,2
Worcester,1,2,Total Votes Cast,2138,U.S. House,2
Worcester,1,3,James P. McGovern,776,U.S. House,2
Worcester,1,3,Cornelius Shea,301,U.S. House,2
Worcester,1,3,All Others,6,U.S. House,2
Worcester,1,3,Blanks,48,U.S. House,2
Worcester,1,3,Total Votes Cast,1131,U.S. House,2
Worcester,1,4,James P. McGovern,1355,U.S. House,2
Worcester,1,4,Cornelius Shea,403,U.S. House,2
Worcester,1,4,All Others,6,U.S. House,2
Worcester,1,4,Blanks,104,U.S. House,2
Worcester,1,4,Total Votes Cast,1868,U.S. House,2
Worcester,1,5,James P. McGovern,1003,U.S. House,2
Worcester,1,5,Cornelius Shea,448,U.S. House,2
Worcester,1,5,All Others,11,U.S. House,2
Worcester,1,5,Blanks,80,U.S. House,2
Worcester,1,5,Total Votes Cast,1542,U.S. House,2
Worcester,1,6,James P. McGovern,1407,U.S. House,2
Worcester,1,6,Cornelius Shea,580,U.S. House,2
Worcester,1,6,All Others,7,U.S. House,2
Worcester,1,6,Blanks,115,U.S. House,2
Worcester,1,6,Total Votes Cast,2109,U.S. House,2
Worcester,10,1,James P. McGovern,478,U.S. House,2
Worcester,10,1,Cornelius Shea,135,U.S. House,2
Worcester,10,1,All Others,2,U.S. House,2
Worcester,10,1,Blanks,44,U.S. House,2
Worcester,10,1,Total Votes Cast,659,U.S. House,2
Worcester,10,2,James P. McGovern,610,U.S. House,2
Worcester,10,2,Cornelius Shea,152,U.S. House,2
Worcester,10,2,All Others,5,U.S. House,2
Worcester,10,2,Blanks,50,U.S. House,2
Worcester,10,2,Total Votes Cast,817,U.S. House,2
Worcester,10,3,James P. McGovern,556,U.S. House,2
Worcester,10,3,Cornelius Shea,108,U.S. House,2
Worcester,10,3,All Others,6,U.S. House,2
Worcester,10,3,Blanks,84,U.S. House,2
Worcester,10,3,Total Votes Cast,754,U.S. House,2
Worcester,10,4,James P. McGovern,458,U.S. House,2
Worcester,10,4,Cornelius Shea,143,U.S. House,2
Worcester,10,4,All Others,2,U.S. House,2
Worcester,10,4,Blanks,45,U.S. House,2
Worcester,10,4,Total Votes Cast,648,U.S. House,2
Worcester,10,4A,James P. McGovern,0,U.S. House,2
Worcester,10,4A,Cornelius Shea,0,U.S. House,2
Worcester,10,4A,All Others,0,U.S. House,2
Worcester,10,4A,Blanks,0,U.S. House,2
Worcester,10,4A,Total Votes Cast,0,U.S. House,2
Worcester,10,5,James P. McGovern,453,U.S. House,2
Worcester,10,5,Cornelius Shea,136,U.S. House,2
Worcester,10,5,All Others,8,U.S. House,2
Worcester,10,5,Blanks,68,U.S. House,2
Worcester,10,5,Total Votes Cast,665,U.S. House,2
Worcester,10,6,James P. McGovern,427,U.S. House,2
Worcester,10,6,Cornelius Shea,101,U.S. House,2
Worcester,10,6,All Others,3,U.S. House,2
Worcester,10,6,Blanks,79,U.S. House,2
Worcester,10,6,Total Votes Cast,610,U.S. House,2
Worcester,2,1,James P. McGovern,1287,U.S. House,2
Worcester,2,1,Cornelius Shea,450,U.S. House,2
Worcester,2,1,All Others,8,U.S. House,2
Worcester,2,1,Blanks,90,U.S. House,2
Worcester,2,1,Total Votes Cast,1835,U.S. House,2
Worcester,2,2,James P. McGovern,1032,U.S. House,2
Worcester,2,2,Cornelius Shea,408,U.S. House,2
Worcester,2,2,All Others,4,U.S. House,2
Worcester,2,2,Blanks,65,U.S. House,2
Worcester,2,2,Total Votes Cast,1509,U.S. House,2
Worcester,2,3,James P. McGovern,1073,U.S. House,2
Worcester,2,3,Cornelius Shea,427,U.S. House,2
Worcester,2,3,All Others,8,U.S. House,2
Worcester,2,3,Blanks,79,U.S. House,2
Worcester,2,3,Total Votes Cast,1587,U.S. House,2
Worcester,2,4,James P. McGovern,874,U.S. House,2
Worcester,2,4,Cornelius Shea,184,U.S. House,2
Worcester,2,4,All Others,3,U.S. House,2
Worcester,2,4,Blanks,85,U.S. House,2
Worcester,2,4,Total Votes Cast,1146,U.S. House,2
Worcester,2,5,James P. McGovern,674,U.S. House,2
Worcester,2,5,Cornelius Shea,189,U.S. House,2
Worcester,2,5,All Others,11,U.S. House,2
Worcester,2,5,Blanks,80,U.S. House,2
Worcester,2,5,Total Votes Cast,954,U.S. House,2
Worcester,2,6,James P. McGovern,924,U.S. House,2
Worcester,2,6,Cornelius Shea,320,U.S. House,2
Worcester,2,6,All Others,2,U.S. House,2
Worcester,2,6,Blanks,55,U.S. House,2
Worcester,2,6,Total Votes Cast,1301,U.S. House,2
Worcester,2,6A,James P. McGovern,0,U.S. House,2
Worcester,2,6A,Cornelius Shea,0,U.S. House,2
Worcester,2,6A,All Others,0,U.S. House,2
Worcester,2,6A,Blanks,0,U.S. House,2
Worcester,2,6A,Total Votes Cast,0,U.S. House,2
Worcester,3,1,James P. McGovern,470,U.S. House,2
Worcester,3,1,Cornelius Shea,152,U.S. House,2
Worcester,3,1,All Others,5,U.S. House,2
Worcester,3,1,Blanks,50,U.S. House,2
Worcester,3,1,Total Votes Cast,677,U.S. House,2
Worcester,3,2,James P. McGovern,362,U.S. House,2
Worcester,3,2,Cornelius Shea,78,U.S. House,2
Worcester,3,2,All Others,1,U.S. House,2
Worcester,3,2,Blanks,40,U.S. House,2
Worcester,3,2,Total Votes Cast,481,U.S. House,2
Worcester,3,3,James P. McGovern,928,U.S. House,2
Worcester,3,3,Cornelius Shea,382,U.S. House,2
Worcester,3,3,All Others,6,U.S. House,2
Worcester,3,3,Blanks,90,U.S. House,2
Worcester,3,3,Total Votes Cast,1406,U.S. House,2
Worcester,3,3A,James P. McGovern,0,U.S. House,2
Worcester,3,3A,Cornelius Shea,0,U.S. House,2
Worcester,3,3A,All Others,0,U.S. House,2
Worcester,3,3A,Blanks,0,U.S. House,2
Worcester,3,3A,Total Votes Cast,0,U.S. House,2
Worcester,3,4,James P. McGovern,530,U.S. House,2
Worcester,3,4,Cornelius Shea,132,U.S. House,2
Worcester,3,4,All Others,2,U.S. House,2
Worcester,3,4,Blanks,47,U.S. House,2
Worcester,3,4,Total Votes Cast,711,U.S. House,2
Worcester,3,5,James P. McGovern,838,U.S. House,2
Worcester,3,5,Cornelius Shea,264,U.S. House,2
Worcester,3,5,All Others,9,U.S. House,2
Worcester,3,5,Blanks,86,U.S. House,2
Worcester,3,5,Total Votes Cast,1197,U.S. House,2
Worcester,3,5A,James P. McGovern,0,U.S. House,2
Worcester,3,5A,Cornelius Shea,0,U.S. House,2
Worcester,3,5A,All Others,0,U.S. House,2
Worcester,3,5A,Blanks,0,U.S. House,2
Worcester,3,5A,Total Votes Cast,0,U.S. House,2
Worcester,3,6,James P. McGovern,889,U.S. House,2
Worcester,3,6,Cornelius Shea,269,U.S. House,2
Worcester,3,6,All Others,3,U.S. House,2
Worcester,3,6,Blanks,72,U.S. House,2
Worcester,3,6,Total Votes Cast,1233,U.S. House,2
Worcester,4,1,James P. McGovern,371,U.S. House,2
Worcester,4,1,Cornelius Shea,105,U.S. House,2
Worcester,4,1,All Others,4,U.S. House,2
Worcester,4,1,Blanks,52,U.S. House,2
Worcester,4,1,Total Votes Cast,532,U.S. House,2
Worcester,4,2,James P. McGovern,351,U.S. House,2
Worcester,4,2,Cornelius Shea,121,U.S. House,2
Worcester,4,2,All Others,2,U.S. House,2
Worcester,4,2,Blanks,38,U.S. House,2
Worcester,4,2,Total Votes Cast,512,U.S. House,2
Worcester,4,2A,James P. McGovern,207,U.S. House,2
Worcester,4,2A,Cornelius Shea,81,U.S. House,2
Worcester,4,2A,All Others,3,U.S. House,2
Worcester,4,2A,Blanks,16,U.S. House,2
Worcester,4,2A,Total Votes Cast,307,U.S. House,2
Worcester,4,2B,James P. McGovern,0,U.S. House,2
Worcester,4,2B,Cornelius Shea,0,U.S. House,2
Worcester,4,2B,All Others,0,U.S. House,2
Worcester,4,2B,Blanks,0,U.S. House,2
Worcester,4,2B,Total Votes Cast,0,U.S. House,2
Worcester,4,3,James P. McGovern,514,U.S. House,2
Worcester,4,3,Cornelius Shea,93,U.S. House,2
Worcester,4,3,All Others,1,U.S. House,2
Worcester,4,3,Blanks,39,U.S. House,2
Worcester,4,3,Total Votes Cast,647,U.S. House,2
Worcester,4,4,James P. McGovern,763,U.S. House,2
Worcester,4,4,Cornelius Shea,277,U.S. House,2
Worcester,4,4,All Others,4,U.S. House,2
Worcester,4,4,Blanks,62,U.S. House,2
Worcester,4,4,Total Votes Cast,1106,U.S. House,2
Worcester,4,5,James P. McGovern,832,U.S. House,2
Worcester,4,5,Cornelius Shea,297,U.S. House,2
Worcester,4,5,All Others,4,U.S. House,2
Worcester,4,5,Blanks,90,U.S. House,2
Worcester,4,5,Total Votes Cast,1223,U.S. House,2
Worcester,4,6,James P. McGovern,824,U.S. House,2
Worcester,4,6,Cornelius Shea,329,U.S. House,2
Worcester,4,6,All Others,5,U.S. House,2
Worcester,4,6,Blanks,59,U.S. House,2
Worcester,4,6,Total Votes Cast,1217,U.S. House,2
Worcester,5,1,James P. McGovern,524,U.S. House,2
Worcester,5,1,Cornelius Shea,144,U.S. House,2
Worcester,5,1,All Others,7,U.S. House,2
Worcester,5,1,Blanks,53,U.S. House,2
Worcester,5,1,Total Votes Cast,728,U.S. House,2
Worcester,5,2,James P. McGovern,896,U.S. House,2
Worcester,5,2,Cornelius Shea,364,U.S. House,2
Worcester,5,2,All Others,13,U.S. House,2
Worcester,5,2,Blanks,66,U.S. House,2
Worcester,5,2,Total Votes Cast,1339,U.S. House,2
Worcester,5,3,James P. McGovern,1069,U.S. House,2
Worcester,5,3,Cornelius Shea,535,U.S. House,2
Worcester,5,3,All Others,8,U.S. House,2
Worcester,5,3,Blanks,114,U.S. House,2
Worcester,5,3,Total Votes Cast,1726,U.S. House,2
Worcester,5,4,James P. McGovern,1012,U.S. House,2
Worcester,5,4,Cornelius Shea,403,U.S. House,2
Worcester,5,4,All Others,4,U.S. House,2
Worcester,5,4,Blanks,74,U.S. House,2
Worcester,5,4,Total Votes Cast,1493,U.S. House,2
Worcester,5,5,James P. McGovern,967,U.S. House,2
Worcester,5,5,Cornelius Shea,427,U.S. House,2
Worcester,5,5,All Others,6,U.S. House,2
Worcester,5,5,Blanks,79,U.S. House,2
Worcester,5,5,Total Votes Cast,1479,U.S. House,2
Worcester,5,6,James P. McGovern,806,U.S. House,2
Worcester,5,6,Cornelius Shea,308,U.S. House,2
Worcester,5,6,All Others,4,U.S. House,2
Worcester,5,6,Blanks,76,U.S. House,2
Worcester,5,6,Total Votes Cast,1194,U.S. House,2
Worcester,6,1,James P. McGovern,351,U.S. House,2
Worcester,6,1,Cornelius Shea,86,U.S. House,2
Worcester,6,1,All Others,1,U.S. House,2
Worcester,6,1,Blanks,33,U.S. House,2
Worcester,6,1,Total Votes Cast,471,U.S. House,2
Worcester,6,2,James P. McGovern,523,U.S. House,2
Worcester,6,2,Cornelius Shea,163,U.S. House,2
Worcester,6,2,All Others,5,U.S. House,2
Worcester,6,2,Blanks,39,U.S. House,2
Worcester,6,2,Total Votes Cast,730,U.S. House,2
Worcester,6,3,James P. McGovern,452,U.S. House,2
Worcester,6,3,Cornelius Shea,160,U.S. House,2
Worcester,6,3,All Others,4,U.S. House,2
Worcester,6,3,Blanks,42,U.S. House,2
Worcester,6,3,Total Votes Cast,658,U.S. House,2
Worcester,6,4,James P. McGovern,111,U.S. House,2
Worcester,6,4,Cornelius Shea,33,U.S. House,2
Worcester,6,4,All Others,0,U.S. House,2
Worcester,6,4,Blanks,5,U.S. House,2
Worcester,6,4,Total Votes Cast,149,U.S. House,2
Worcester,6,5,James P. McGovern,610,U.S. House,2
Worcester,6,5,Cornelius Shea,262,U.S. House,2
Worcester,6,5,All Others,5,U.S. House,2
Worcester,6,5,Blanks,66,U.S. House,2
Worcester,6,5,Total Votes Cast,943,U.S. House,2
Worcester,6,6,James P. McGovern,964,U.S. House,2
Worcester,6,6,Cornelius Shea,373,U.S. House,2
Worcester,6,6,All Others,10,U.S. House,2
Worcester,6,6,Blanks,88,U.S. House,2
Worcester,6,6,Total Votes Cast,1435,U.S. House,2
Worcester,7,1,James P. McGovern,941,U.S. House,2
Worcester,7,1,Cornelius Shea,295,U.S. House,2
Worcester,7,1,All Others,13,U.S. House,2
Worcester,7,1,Blanks,79,U.S. House,2
Worcester,7,1,Total Votes Cast,1328,U.S. House,2
Worcester,7,2,James P. McGovern,848,U.S. House,2
Worcester,7,2,Cornelius Shea,299,U.S. House,2
Worcester,7,2,All Others,6,U.S. House,2
Worcester,7,2,Blanks,79,U.S. House,2
Worcester,7,2,Total Votes Cast,1232,U.S. House,2
Worcester,7,3,James P. McGovern,637,U.S. House,2
Worcester,7,3,Cornelius Shea,201,U.S. House,2
Worcester,7,3,All Others,2,U.S. House,2
Worcester,7,3,Blanks,64,U.S. House,2
Worcester,7,3,Total Votes Cast,904,U.S. House,2
Worcester,7,4,James P. McGovern,926,U.S. House,2
Worcester,7,4,Cornelius Shea,350,U.S. House,2
Worcester,7,4,All Others,4,U.S. House,2
Worcester,7,4,Blanks,91,U.S. House,2
Worcester,7,4,Total Votes Cast,1371,U.S. House,2
Worcester,7,5,James P. McGovern,598,U.S. House,2
Worcester,7,5,Cornelius Shea,303,U.S. House,2
Worcester,7,5,All Others,4,U.S. House,2
Worcester,7,5,Blanks,57,U.S. House,2
Worcester,7,5,Total Votes Cast,962,U.S. House,2
Worcester,7,5A,James P. McGovern,219,U.S. House,2
Worcester,7,5A,Cornelius Shea,73,U.S. House,2
Worcester,7,5A,All Others,1,U.S. House,2
Worcester,7,5A,Blanks,16,U.S. House,2
Worcester,7,5A,Total Votes Cast,309,U.S. House,2
Worcester,7,6,James P. McGovern,887,U.S. House,2
Worcester,7,6,Cornelius Shea,354,U.S. House,2
Worcester,7,6,All Others,7,U.S. House,2
Worcester,7,6,Blanks,70,U.S. House,2
Worcester,7,6,Total Votes Cast,1318,U.S. House,2
Worcester,8,1,James P. McGovern,405,U.S. House,2
Worcester,8,1,Cornelius Shea,134,U.S. House,2
Worcester,8,1,All Others,4,U.S. House,2
Worcester,8,1,Blanks,59,U.S. House,2
Worcester,8,1,Total Votes Cast,602,U.S. House,2
Worcester,8,2,James P. McGovern,349,U.S. House,2
Worcester,8,2,Cornelius Shea,139,U.S. House,2
Worcester,8,2,All Others,5,U.S. House,2
Worcester,8,2,Blanks,46,U.S. House,2
Worcester,8,2,Total Votes Cast,539,U.S. House,2
Worcester,8,3,James P. McGovern,261,U.S. House,2
Worcester,8,3,Cornelius Shea,47,U.S. House,2
Worcester,8,3,All Others,5,U.S. House,2
Worcester,8,3,Blanks,26,U.S. House,2
Worcester,8,3,Total Votes Cast,339,U.S. House,2
Worcester,8,4,James P. McGovern,512,U.S. House,2
Worcester,8,4,Cornelius Shea,110,U.S. House,2
Worcester,8,4,All Others,6,U.S. House,2
Worcester,8,4,Blanks,69,U.S. House,2
Worcester,8,4,Total Votes Cast,697,U.S. House,2
Worcester,8,5,James P. McGovern,487,U.S. House,2
Worcester,8,5,Cornelius Shea,157,U.S. House,2
Worcester,8,5,All Others,3,U.S. House,2
Worcester,8,5,Blanks,42,U.S. House,2
Worcester,8,5,Total Votes Cast,689,U.S. House,2
Worcester,8,6,James P. McGovern,461,U.S. House,2
Worcester,8,6,Cornelius Shea,125,U.S. House,2
Worcester,8,6,All Others,1,U.S. House,2
Worcester,8,6,Blanks,55,U.S. House,2
Worcester,8,6,Total Votes Cast,642,U.S. House,2
Worcester,9,1,James P. McGovern,754,U.S. House,2
Worcester,9,1,Cornelius Shea,223,U.S. House,2
Worcester,9,1,All Others,9,U.S. House,2
Worcester,9,1,Blanks,64,U.S. House,2
Worcester,9,1,Total Votes Cast,1050,U.S. House,2
Worcester,9,2,James P. McGovern,1198,U.S. House,2
Worcester,9,2,Cornelius Shea,366,U.S. House,2
Worcester,9,2,All Others,2,U.S. House,2
Worcester,9,2,Blanks,119,U.S. House,2
Worcester,9,2,Total Votes Cast,1685,U.S. House,2
Worcester,9,3,James P. McGovern,666,U.S. House,2
Worcester,9,3,Cornelius Shea,243,U.S. House,2
Worcester,9,3,All Others,1,U.S. House,2
Worcester,9,3,Blanks,53,U.S. House,2
Worcester,9,3,Total Votes Cast,963,U.S. House,2
Worcester,9,4,James P. McGovern,1376,U.S. House,2
Worcester,9,4,Cornelius Shea,447,U.S. House,2
Worcester,9,4,All Others,3,U.S. House,2
Worcester,9,4,Blanks,91,U.S. House,2
Worcester,9,4,Total Votes Cast,1917,U.S. House,2
Worcester,9,5,James P. McGovern,1474,U.S. House,2
Worcester,9,5,Cornelius Shea,527,U.S. House,2
Worcester,9,5,All Others,9,U.S. House,2
Worcester,9,5,Blanks,99,U.S. House,2
Worcester,9,5,Total Votes Cast,2109,U.S. House,2
Worcester,9,6,James P. McGovern,1181,U.S. House,2
Worcester,9,6,Cornelius Shea,461,U.S. House,2
Worcester,9,6,All Others,9,U.S. House,2
Worcester,9,6,Blanks,118,U.S. House,2
Worcester,9,6,Total Votes Cast,1769,U.S. House,2
Worthington,-,1,Richard E. Neal,506,U.S. House,1
Worthington,-,1,Nadia Donya Milleron,319,U.S. House,1
Worthington,-,1,All Others,1,U.S. House,1
Worthington,-,1,Blanks,52,U.S. House,1
Worthington,-,1,Total Votes Cast,878,U.S. House,1
Wrentham,-,1,Jake Auchincloss,1288,U.S. House,4
Wrentham,-,1,Sana A. Fadel,0,U.S. House,4
Wrentham,-,1,All Others,66,U.S. House,4
Wrentham,-,1,Blanks,596,U.S. House,4
Wrentham,-,1,Total Votes Cast,1950,U.S. House,4
Wrentham,-,2,Jake Auchincloss,1259,U.S. House,4
Wrentham,-,2,Sana A. Fadel,0,U.S. House,4
Wrentham,-,2,All Others,93,U.S. House,4
Wrentham,-,2,Blanks,628,U.S. House,4
Wrentham,-,2,Total Votes Cast,1980,U.S. House,4
Wrentham,-,3,Jake Auchincloss,1342,U.S. House,4
Wrentham,-,3,Sana A. Fadel,0,U.S. House,4
Wrentham,-,3,All Others,64,U.S. House,4
Wrentham,-,3,Blanks,529,U.S. House,4
Wrentham,-,3,Total Votes Cast,1935,U.S. House,4
Wrentham,-,4,Jake Auchincloss,1380,U.S. House,4
Wrentham,-,4,Sana A. Fadel,0,U.S. House,4
Wrentham,-,4,All Others,73,U.S. House,4
Wrentham,-,4,Blanks,593,U.S. House,4
Wrentham,-,4,Total Votes Cast,2046,U.S. House,4
Yarmouth,-,1,Bill Keating,1338,U.S. House,9
Yarmouth,-,1,Dan Sullivan,847,U.S. House,9
Yarmouth,-,1,All Others,4,U.S. House,9
Yarmouth,-,1,Blanks,64,U.S. House,9
Yarmouth,-,1,Total Votes Cast,2253,U.S. House,9
Yarmouth,-,2,Bill Keating,1267,U.S. House,9
Yarmouth,-,2,Dan Sullivan,835,U.S. House,9
Yarmouth,-,2,All Others,1,U.S. House,9
Yarmouth,-,2,Blanks,73,U.S. House,9
Yarmouth,-,2,Total Votes Cast,2176,U.S. House,9
Yarmouth,-,3,Bill Keating,880,U.S. House,9
Yarmouth,-,3,Dan Sullivan,691,U.S. House,9
Yarmouth,-,3,All Others,2,U.S. House,9
Yarmouth,-,3,Blanks,56,U.S. House,9
Yarmouth,-,3,Total Votes Cast,1629,U.S. House,9
Yarmouth,-,4,Bill Keating,1080,U.S. House,9
Yarmouth,-,4,Dan Sullivan,765,U.S. House,9
Yarmouth,-,4,All Others,3,U.S. House,9
Yarmouth,-,4,Blanks,79,U.S. House,9
Yarmouth,-,4,Total Votes Cast,1927,U.S. House,9
Yarmouth,-,5,Bill Keating,927,U.S. House,9
Yarmouth,-,5,Dan Sullivan,795,U.S. House,9
Yarmouth,-,5,All Others,1,U.S. House,9
Yarmouth,-,5,Blanks,63,U.S. House,9
Yarmouth,-,5,Total Votes Cast,1786,U.S. House,9
Yarmouth,-,6,Bill Keating,1061,U.S. House,9
Yarmouth,-,6,Dan Sullivan,675,U.S. House,9
Yarmouth,-,6,All Others,1,U.S. House,9
Yarmouth,-,6,Blanks,70,U.S. House,9
Yarmouth,-,6,Total Votes Cast,1807,U.S. House,9
Yarmouth,-,7,Bill Keating,1356,U.S. House,9
Yarmouth,-,7,Dan Sullivan,865,U.S. House,9
Yarmouth,-,7,All Others,1,U.S. House,9
Yarmouth,-,7,Blanks,63,U.S. House,9
Yarmouth,-,7,Total Votes Cast,2285,U.S. House,9
Yarmouth,-,8,Bill Keating,753,U.S. House,9
Yarmouth,-,8,Dan Sullivan,579,U.S. House,9
Yarmouth,-,8,All Others,0,U.S. House,9
Yarmouth,-,8,Blanks,43,U.S. House,9
Yarmouth,-,8,Total Votes Cast,1375,U.S. House,9
Yarmouth,-,8A,Bill Keating,140,U.S. House,9
Yarmouth,-,8A,Dan Sullivan,118,U.S. House,9
Yarmouth,-,8A,All Others,1,U.S. House,9
Yarmouth,-,8A,Blanks,10,U.S. House,9
Yarmouth,-,8A,Total Votes Cast,269,U.S. House,9
