city_town,ward,precinct,"Alice R, Harris",Donald J. Trump,Jill E. Stein,Shiva Ayyadurai,Chase Russell Oliver,De La Cruz,Sonski,David E. West,All Others,No Preference,Blanks,Total Votes Cast
Abington,-,1,1019,905,15,19,12,5,0,0,6,0,20,2001
Abington,-,2,833,882,11,5,8,3,0,0,11,0,21,1774
Abington,-,3,872,985,7,13,8,3,1,0,7,0,13,1909
Abington,-,4,978,954,6,11,13,5,0,0,5,0,30,2002
Abington,-,5,1012,913,8,13,11,6,0,0,5,0,21,1989
Acton,-,1,1051,359,14,8,6,2,0,0,16,0,17,1473
Acton,-,2,1504,397,20,10,16,9,0,0,18,0,30,2004
Acton,-,3,1744,388,24,7,21,4,0,0,26,0,27,2241
Acton,-,4,1583,377,30,10,13,5,0,0,16,0,23,2057
Acton,-,5,1561,354,15,13,16,5,0,0,24,0,12,2000
Acton,-,6,1097,220,15,8,11,4,0,0,12,0,8,1375
Acton,-,6A,467,90,8,3,3,1,0,0,4,0,8,584
Acton,-,7,1170,351,23,9,8,5,0,0,7,0,24,1597
Acushnet,-,1,745,1148,7,9,12,0,0,0,2,0,7,1930
Acushnet,-,2,670,1201,6,12,4,1,0,0,9,0,15,1918
Acushnet,-,2A,92,138,1,1,0,0,0,0,0,0,1,233
Acushnet,-,3,804,1321,3,18,10,7,0,0,9,0,18,2190
Adams,-,1,463,277,3,6,3,1,0,0,5,0,7,765
Adams,-,2,539,357,7,4,3,2,0,0,4,0,8,924
Adams,-,3,529,362,4,5,5,1,0,0,3,0,6,915
Adams,-,4,475,303,3,5,5,2,0,0,1,0,8,802
Adams,-,5,597,360,4,9,7,4,0,0,2,0,6,989
Agawam,-,1,746,949,7,12,11,5,0,0,8,0,8,1746
Agawam,-,2,929,1190,20,8,7,3,0,0,10,0,23,2190
Agawam,-,3,807,1039,22,15,6,4,0,0,12,0,14,1919
Agawam,-,4,796,807,8,8,6,1,0,0,12,0,16,1654
Agawam,-,5,989,1114,16,13,8,1,0,0,10,0,28,2179
Agawam,-,6,858,1051,15,12,5,3,0,0,10,0,18,1972
Agawam,-,7,907,1174,8,14,3,4,0,0,9,0,20,2139
Agawam,-,8,910,1050,13,15,15,3,0,0,10,0,17,2033
Alford,-,1,252,58,3,0,3,1,0,0,0,0,9,326
Amesbury,-,1,1324,710,7,8,16,2,0,0,0,0,28,2095
Amesbury,-,2,1130,528,10,10,13,7,0,0,0,0,22,1720
Amesbury,-,3,1205,540,4,6,18,2,0,0,0,0,27,1802
Amesbury,-,4,856,533,7,7,4,1,0,0,0,0,21,1429
Amesbury,-,5,1096,729,9,16,13,2,0,0,0,0,30,1895
Amesbury,-,6,956,460,17,10,12,1,0,0,0,0,24,1480
Amherst,-,1A,871,102,33,0,5,26,0,0,12,0,12,1061
Amherst,-,1B,478,49,7,3,3,9,0,0,4,0,3,556
Amherst,-,2A,552,62,10,3,2,8,0,2,0,0,2,641
Amherst,-,2B,1502,171,34,1,2,11,0,0,9,0,14,1744
Amherst,-,3A,511,63,5,2,2,4,0,0,8,0,11,606
Amherst,-,3B,1397,165,32,2,4,16,0,0,9,0,7,1632
Amherst,-,4A,751,55,22,3,5,15,0,0,7,0,5,863
Amherst,-,4B,473,28,16,1,2,6,0,2,4,0,4,536
Amherst,-,5A,610,42,15,1,8,8,0,0,2,0,7,693
Amherst,-,5B,2171,152,37,4,8,9,0,3,12,0,15,2411
Andover,-,1,1049,343,9,7,11,5,0,0,10,0,16,1450
Andover,-,2,1354,664,17,16,9,5,1,1,8,0,29,2104
Andover,-,3,1565,661,17,16,11,10,0,0,25,0,15,2320
Andover,-,4,749,465,4,3,2,2,0,0,17,0,18,1260
Andover,-,4A,421,247,16,3,1,3,0,0,3,0,6,700
Andover,-,5,1291,788,18,4,13,4,0,0,11,0,24,2153
Andover,-,6,1171,751,19,14,14,7,0,0,19,0,36,2031
Andover,-,7,1371,722,17,15,11,5,0,1,8,0,39,2189
Andover,-,8,1490,709,19,13,12,5,1,0,24,0,22,2295
Andover,-,9,1237,653,21,13,12,2,0,0,13,0,24,1975
Andover,-,10,1417,687,17,11,22,3,0,1,19,0,25,2202
Aquinnah,-,1,304,37,2,1,1,2,0,0,4,0,0,351
Arlington,-,1,756,186,11,4,8,8,0,0,5,0,10,988
Arlington,-,2,1131,188,13,2,10,13,0,0,9,0,17,1383
Arlington,-,3,1118,140,19,3,2,4,0,0,5,0,21,1312
Arlington,-,4,1006,172,24,3,6,11,2,0,4,0,13,1241
Arlington,-,5,1148,193,16,11,9,4,2,0,8,0,13,1404
Arlington,-,6,1055,135,25,5,8,9,0,1,4,0,17,1259
Arlington,-,7,1045,182,23,5,6,11,0,1,3,0,20,1296
Arlington,-,8,1193,190,13,4,3,5,0,0,8,0,13,1429
Arlington,-,9,887,194,8,4,1,5,0,0,11,0,9,1119
Arlington,-,10,1242,133,10,5,3,9,2,0,11,0,18,1433
Arlington,-,11,1149,283,13,4,6,9,0,0,8,0,17,1489
Arlington,-,12,1255,214,19,5,6,5,0,0,12,0,16,1532
Arlington,-,13,1028,348,5,5,2,7,3,0,15,0,18,1431
Arlington,-,14,1029,160,11,1,8,6,0,0,7,0,11,1233
Arlington,-,15,1011,208,18,5,6,7,0,0,8,0,14,1277
Arlington,-,16,1094,208,18,5,7,2,0,1,7,0,12,1354
Arlington,-,17,947,202,18,7,4,9,0,0,5,0,13,1205
Arlington,-,18,1027,295,9,5,13,3,0,0,8,0,11,1371
Arlington,-,19,1095,223,7,2,4,4,0,1,5,0,15,1356
Arlington,-,20,1043,201,10,3,8,11,0,0,7,0,14,1297
Arlington,-,21,1140,164,16,4,7,6,1,1,8,0,8,1355
Ashburnham,-,1,947,936,10,12,11,5,0,0,11,0,14,1946
Ashburnham,-,2,1018,859,13,15,9,5,0,0,14,0,14,1947
Ashby,-,1,936,1009,11,8,13,5,0,0,0,0,21,2003
Ashfield,-,1,919,235,21,8,9,10,0,0,2,0,12,1216
Ashland,-,1,975,476,11,12,9,1,0,0,0,0,14,1498
Ashland,-,2,1359,565,15,13,20,9,0,0,0,0,32,2013
Ashland,-,3,1004,436,19,12,8,0,2,0,0,0,33,1514
Ashland,-,4,985,480,11,4,14,2,0,0,0,0,25,1521
Ashland,-,5,1086,458,4,12,7,5,0,0,0,0,26,1598
Ashland,-,6,1180,506,9,9,16,2,0,0,0,0,40,1762
Athol,-,1,946,1066,8,14,3,2,0,0,17,0,24,2080
Athol,-,2,792,1010,7,22,11,6,0,0,9,0,9,1866
Athol,-,3,864,876,6,16,7,1,0,0,4,0,9,1783
Attleboro,1,A,973,903,19,13,4,4,1,0,12,0,14,1943
Attleboro,1,B,923,862,11,7,12,0,0,1,9,0,13,1838
Attleboro,2,A,1178,918,15,10,9,9,2,0,8,0,12,2161
Attleboro,2,B,989,902,25,13,10,5,0,0,12,0,16,1972
Attleboro,3,A,1078,738,15,4,16,6,0,1,7,0,26,1891
Attleboro,3,B,1167,824,22,9,6,7,0,1,8,0,17,2061
Attleboro,4,A,1005,651,15,14,7,11,0,0,4,0,19,1726
Attleboro,4,B,1324,1102,7,10,6,7,0,0,9,0,18,2483
Attleboro,5,A,837,482,9,5,8,10,0,0,4,0,8,1363
Attleboro,5,B,1072,840,8,13,8,10,0,0,10,0,17,1978
Attleboro,6,A,990,892,22,15,7,6,0,1,6,0,10,1949
Attleboro,6,B,1139,893,21,10,14,2,1,0,6,0,26,2112
Auburn,-,1,1081,837,20,9,11,4,0,0,14,0,19,1995
Auburn,-,2,1022,930,7,15,10,5,0,0,7,0,14,2010
Auburn,-,3,1094,988,13,15,4,2,0,0,9,0,21,2146
Auburn,-,4,1081,867,17,17,13,7,0,0,11,0,27,2040
Auburn,-,5,928,890,7,13,14,7,0,0,9,0,14,1882
Avon,-,1,1375,1125,15,11,10,6,0,0,8,0,33,2583
Ayer,-,1,914,546,12,8,6,1,0,0,0,0,32,1519
Ayer,-,2,1075,609,9,7,14,6,0,0,0,0,38,1758
Ayer,-,3,881,483,9,19,11,5,0,0,0,0,19,1427
Barnstable,-,1,1622,942,10,8,11,4,0,0,13,0,26,2636
Barnstable,-,2,1297,1029,13,17,13,6,0,0,17,0,18,2410
Barnstable,-,3,990,780,7,3,8,5,0,0,14,0,9,1816
Barnstable,-,4,1250,862,7,8,10,3,0,0,22,0,27,2189
Barnstable,-,5,1389,1211,10,13,15,1,0,0,23,0,35,2697
Barnstable,-,6,1283,1109,7,16,13,8,0,0,6,0,16,2458
Barnstable,-,7,1536,1063,13,10,19,6,0,0,30,0,23,2700
Barnstable,-,8,852,681,4,7,8,3,0,0,4,0,12,1571
Barnstable,-,9,508,341,2,4,2,3,0,0,7,0,6,873
Barnstable,-,10,1074,1033,9,11,14,5,0,0,12,0,21,2179
Barnstable,-,11,1265,1156,7,7,12,5,0,0,14,0,18,2484
Barnstable,-,12,1274,1105,12,9,11,9,0,0,11,0,23,2454
Barnstable,-,13,887,607,2,7,6,6,0,0,7,0,8,1530
Barre,-,1,760,767,5,4,10,2,2,1,3,0,17,1571
Barre,-,2,648,858,7,9,5,3,0,6,0,0,18,1554
Becket,-,1,743,448,8,7,9,4,0,0,16,0,12,1247
Bedford,-,1,1610,523,22,14,14,2,0,0,27,0,26,2238
Bedford,-,2,941,452,9,10,5,4,0,0,18,0,16,1455
Bedford,-,2A,271,141,1,2,4,2,0,0,8,0,7,436
Bedford,-,3,1578,557,24,9,20,4,0,0,15,0,23,2230
Bedford,-,4,1474,519,19,12,12,7,0,0,11,0,19,2073
Belchertown,-,A,1477,834,19,11,20,5,1,0,0,0,32,2399
Belchertown,-,B,1361,1175,14,18,12,2,2,0,0,0,27,2611
Belchertown,-,C,1361,1026,6,15,10,9,0,0,9,0,13,2449
Belchertown,-,D,1404,685,23,8,15,12,1,0,2,0,22,2172
Bellingham,-,1,912,876,6,11,12,5,0,0,15,0,10,1847
Bellingham,-,2,1034,1002,13,15,3,5,0,0,23,0,25,2120
Bellingham,-,3,1156,1017,16,9,8,3,0,0,12,0,17,2238
Bellingham,-,4,904,931,14,12,14,4,0,0,6,0,13,1898
Bellingham,-,5,888,1043,6,9,9,3,0,0,10,0,15,1983
Belmont,-,1,1379,310,21,13,13,5,0,1,11,0,40,1793
Belmont,-,2,1506,509,20,12,14,7,0,0,33,0,39,2140
Belmont,-,3,1357,329,18,13,13,12,0,0,12,0,24,1778
Belmont,-,4,1144,336,23,6,7,13,0,0,9,0,12,1550
Belmont,-,5,1362,338,31,8,7,11,0,1,12,0,20,1790
Belmont,-,6,1680,356,31,4,9,10,0,2,12,0,35,2139
Belmont,-,7,1411,315,21,12,9,11,0,1,13,0,22,1815
Belmont,-,8,1157,374,20,12,16,8,0,0,27,0,35,1649
Berkley,-,1,888,1323,7,10,10,1,0,0,8,0,20,2267
Berkley,-,2,724,1226,6,7,5,2,0,0,12,0,14,1996
Berlin,-,1,1385,941,16,14,26,9,0,0,16,0,22,2429
Bernardston,-,1,878,491,14,5,10,0,0,0,7,0,6,1411
Beverly,1,1,1260,705,11,12,7,6,0,0,1,0,25,2027
Beverly,1,2,1453,762,17,15,23,5,0,0,6,0,34,2315
Beverly,2,1,1422,593,20,8,10,24,0,0,7,0,41,2125
Beverly,2,2,1411,475,21,15,9,10,3,0,1,0,25,1970
Beverly,3,1,947,407,12,7,12,11,1,0,0,0,21,1418
Beverly,3,2,1137,667,10,11,10,7,0,0,4,0,24,1870
Beverly,4,1,715,293,6,5,5,4,1,0,0,0,25,1054
Beverly,4,2,1796,552,15,10,16,8,1,0,3,0,27,2428
Beverly,5,1,1206,734,7,10,15,6,0,0,3,0,28,2009
Beverly,5,2,1206,677,10,19,16,4,0,0,9,0,26,1967
Beverly,6,1,1554,676,20,9,18,3,0,0,10,0,34,2324
Beverly,6,2,1429,872,12,11,16,3,2,0,13,0,43,2401
Billerica,-,1,835,675,17,9,10,3,0,0,12,0,11,1572
Billerica,-,2,1078,960,8,11,9,6,0,0,25,0,10,2107
Billerica,-,3,979,1058,18,6,6,3,0,0,11,0,14,2095
Billerica,-,4,908,849,13,7,4,3,0,0,18,0,17,1819
Billerica,-,5,1147,1204,14,9,9,2,0,0,14,0,17,2416
Billerica,-,6,926,785,18,11,3,9,0,0,13,0,17,1782
Billerica,-,7,1042,800,20,9,13,4,0,0,13,0,17,1918
Billerica,-,8,976,960,15,7,9,3,0,0,8,0,15,1993
Billerica,-,9,987,1153,17,12,6,4,0,0,8,0,11,2198
Billerica,-,10,1065,1211,8,13,9,2,0,0,9,0,19,2336
Billerica,-,11,845,837,18,6,9,3,0,0,7,0,10,1735
Billerica,-,12,955,891,12,10,8,2,0,0,16,0,16,1910
Blackstone,-,1,712,826,5,7,9,1,0,0,1,0,13,1574
Blackstone,-,2,746,916,10,11,5,2,0,0,4,0,12,1706
Blackstone,-,3,787,1041,10,7,10,2,0,0,4,0,13,1874
Blandford,-,1,308,492,1,5,5,0,0,0,4,0,5,820
Bolton,-,1,2459,1098,25,18,37,9,0,0,30,0,30,3706
Boston,1,1,812,231,20,3,8,8,0,1,6,0,10,1099
Boston,1,2,602,215,11,4,6,11,0,0,7,0,4,860
Boston,1,3,1610,500,29,12,14,18,0,0,10,0,19,2212
Boston,1,4,630,206,14,7,4,10,0,0,3,0,4,878
Boston,1,5,690,220,16,3,8,11,0,0,6,0,6,960
Boston,1,6,549,195,10,7,5,17,0,0,6,0,8,797
Boston,1,7,624,217,12,1,6,5,0,0,7,0,3,875
Boston,1,8,776,262,9,2,4,20,0,0,5,0,10,1088
Boston,1,9,562,210,7,6,4,5,0,0,3,0,7,804
Boston,1,10,301,149,3,2,1,8,0,0,4,0,10,478
Boston,1,11,690,349,5,2,3,14,0,0,9,0,9,1081
Boston,1,12,566,393,11,5,6,16,0,0,3,0,10,1010
Boston,1,13,775,490,24,6,5,14,0,0,10,0,17,1341
Boston,1,14,395,249,5,5,1,0,0,0,8,0,19,682
Boston,1,15,0,0,0,0,0,0,0,0,0,0,0,0
Boston,2,1,1008,467,7,8,7,5,0,0,20,0,22,1544
Boston,2,2,979,341,11,6,6,3,0,0,21,0,17,1384
Boston,2,3,1139,338,9,2,15,6,0,0,28,0,20,1557
Boston,2,4,1060,273,12,6,6,2,0,0,12,0,15,1386
Boston,2,5,1086,330,6,7,9,1,0,0,17,0,19,1475
Boston,2,6,888,339,5,4,9,4,0,0,12,0,13,1274
Boston,2,7,621,209,11,5,9,4,0,0,14,0,8,881
Boston,2,8,566,221,6,12,1,10,0,0,2,0,9,827
Boston,3,1,904,386,13,7,8,4,0,0,9,0,19,1350
Boston,3,2,943,409,11,1,8,2,0,0,16,0,11,1401
Boston,3,3,597,239,6,2,12,0,0,0,6,0,7,869
Boston,3,4,685,263,5,5,2,2,0,1,6,0,8,977
Boston,3,5,1004,218,21,5,9,6,0,0,11,0,16,1290
Boston,3,6,678,169,9,8,5,6,0,0,10,0,19,904
Boston,3,7,1008,105,7,2,3,2,0,0,19,0,9,1155
Boston,3,8,865,201,19,4,9,7,0,1,8,0,12,1126
Boston,3,9,657,154,13,3,4,5,0,0,6,0,8,850
Boston,3,10,1114,282,14,9,13,5,0,0,17,0,15,1469
Boston,3,11,783,288,5,3,7,5,0,0,10,0,15,1116
Boston,3,12,1014,210,9,7,9,7,0,0,9,0,15,1280
Boston,3,13,638,237,10,3,10,0,0,0,7,0,15,920
Boston,3,13A,0,0,0,0,0,0,0,0,0,0,0,0
Boston,3,14,766,227,8,9,5,5,0,0,3,0,15,1038
Boston,3,15,913,159,15,4,11,4,0,4,4,0,6,1120
Boston,3,16,1269,149,11,5,3,3,0,0,5,0,9,1454
Boston,3,17,740,140,6,2,6,5,0,0,9,0,10,918
Boston,4,1,955,130,7,2,6,3,0,0,9,0,8,1120
Boston,4,2,776,178,7,4,7,3,0,0,9,0,6,990
Boston,4,3,1115,159,12,4,13,5,0,1,13,0,8,1330
Boston,4,4,1190,175,6,2,11,4,0,0,11,0,14,1413
Boston,4,5,955,152,10,5,5,3,0,0,12,0,14,1156
Boston,4,6,754,159,2,3,3,1,0,0,6,0,9,937
Boston,4,7,642,107,11,5,5,10,1,0,3,0,4,788
Boston,4,8,636,152,13,3,3,5,0,0,6,0,7,825
Boston,4,9,213,39,5,2,0,3,0,0,0,0,2,264
Boston,4,10,236,35,2,0,1,3,0,0,1,0,0,278
Boston,4,11,49,7,2,0,0,0,0,0,0,0,0,58
Boston,4,12,221,33,5,0,1,1,0,0,3,0,1,265
Boston,5,1,528,147,12,4,2,4,0,0,3,0,25,725
Boston,5,2,738,110,16,0,6,14,0,0,7,0,11,902
Boston,5,3,1206,240,14,4,12,8,1,0,21,0,18,1524
Boston,5,4,716,99,6,2,4,5,0,0,7,0,6,845
Boston,5,5,803,196,4,1,5,5,0,0,12,0,11,1037
Boston,5,6,943,207,11,1,12,6,0,0,23,0,15,1218
Boston,5,7,1219,272,11,4,4,3,0,0,23,0,16,1552
Boston,5,8,1028,240,9,5,12,3,0,0,19,0,19,1335
Boston,5,9,1033,217,9,6,14,2,0,2,7,0,12,1302
Boston,5,10,538,115,11,3,3,3,0,0,8,0,9,690
Boston,5,11,488,88,7,3,4,2,0,0,4,0,5,601
Boston,5,12,573,91,8,3,4,4,0,0,6,0,5,694
Boston,5,13,889,187,6,1,11,2,0,0,7,0,11,1114
Boston,5,14,819,120,7,4,3,2,0,0,6,0,11,972
Boston,5,15,654,125,9,5,6,9,0,0,10,0,3,821
Boston,6,1,1134,307,11,7,11,6,2,0,9,0,10,1497
Boston,6,2,599,347,10,4,4,6,0,0,4,0,11,985
Boston,6,3,741,411,6,3,10,2,0,0,10,0,13,1196
Boston,6,4,572,344,2,6,4,2,0,0,10,0,10,950
Boston,6,5,794,372,7,13,13,2,0,0,16,0,15,1232
Boston,6,6,737,525,5,8,8,2,0,0,14,0,7,1306
Boston,6,7,679,495,5,6,7,4,0,0,11,0,13,1220
Boston,6,8,812,561,6,4,11,4,0,0,10,0,18,1426
Boston,6,9,736,576,3,5,8,5,0,0,12,0,14,1359
Boston,6,10,686,322,7,6,13,0,0,0,12,0,15,1061
Boston,6,11,852,251,21,7,14,6,0,0,16,0,13,1180
Boston,6,12,1366,659,12,6,10,2,0,0,19,0,25,2099
Boston,6,12A,0,0,0,0,0,0,0,0,0,0,0,0
Boston,7,1,585,457,6,4,10,1,0,0,13,0,7,1083
Boston,7,2,693,497,5,8,8,2,0,0,7,0,40,1260
Boston,7,3,814,532,8,4,9,1,0,0,15,0,16,1399
Boston,7,4,588,390,12,4,9,4,0,0,10,0,9,1026
Boston,7,5,767,361,10,3,11,9,0,0,13,0,11,1185
Boston,7,6,636,285,6,4,9,5,0,0,9,0,7,961
Boston,7,7,351,214,2,8,4,4,0,0,4,0,2,589
Boston,7,8,666,265,13,1,4,5,0,0,8,0,8,970
Boston,7,9,518,199,8,3,5,11,0,0,3,0,6,753
Boston,7,10,593,92,4,2,1,15,0,0,3,0,10,720
Boston,8,1,1125,213,13,10,6,4,0,0,10,0,10,1391
Boston,8,2,792,97,12,2,5,7,0,0,4,0,6,925
Boston,8,3,707,114,7,13,1,14,0,0,3,0,6,865
Boston,8,4,497,115,14,1,3,2,0,0,4,0,2,638
Boston,8,5,802,129,7,5,3,6,0,0,2,0,8,962
Boston,8,6,147,47,4,1,1,4,0,0,0,0,2,206
Boston,8,6A,0,0,0,0,0,0,0,0,0,0,0,0
Boston,9,1,1013,171,6,10,6,6,0,1,4,0,9,1226
Boston,9,2,982,95,6,4,5,8,0,0,10,0,12,1122
Boston,9,3,714,170,9,2,2,12,0,0,4,0,13,926
Boston,9,4,698,133,10,6,5,5,0,0,3,0,10,870
Boston,9,5,767,66,22,3,1,12,1,0,4,0,9,885
Boston,9,6,916,111,15,5,3,7,0,0,12,0,8,1077
Boston,9,7,273,65,2,4,3,3,0,0,1,0,3,354
Boston,10,1,440,76,8,5,0,5,0,1,3,0,3,541
Boston,10,2,421,66,6,5,6,6,0,0,6,0,6,522
Boston,10,3,346,72,4,2,3,3,0,0,2,0,3,435
Boston,10,4,704,212,19,10,3,9,0,0,4,0,7,968
Boston,10,5,460,83,9,0,4,14,0,0,12,0,7,589
Boston,10,6,573,97,13,5,1,11,0,0,8,0,7,715
Boston,10,7,711,146,10,3,6,13,0,0,2,0,7,898
Boston,10,8,1016,128,16,4,3,17,0,1,10,0,5,1200
Boston,10,9,1228,94,31,2,5,26,0,0,9,0,14,1409
Boston,10,9A,0,0,0,0,0,0,0,0,0,0,0,0
Boston,11,1,513,42,19,2,2,10,0,0,0,0,2,590
Boston,11,2,793,100,16,6,3,7,0,0,8,0,7,940
Boston,11,3,562,98,10,4,1,7,0,0,4,0,10,696
Boston,11,4,1012,116,22,5,2,24,0,0,11,0,19,1211
Boston,11,5,840,110,21,7,1,23,0,3,3,0,10,1018
Boston,11,6,803,63,19,1,4,11,1,2,4,0,6,914
Boston,11,7,975,117,27,2,6,23,0,0,7,0,9,1166
Boston,11,8,1464,94,36,2,9,37,0,0,17,0,12,1671
Boston,11,9,737,40,23,1,3,23,0,0,5,0,7,839
Boston,11,10,857,44,16,1,5,21,0,1,5,0,4,954
Boston,12,1,777,94,18,7,1,9,0,0,3,0,8,917
Boston,12,2,950,132,8,3,1,18,0,0,5,0,9,1126
Boston,12,3,425,70,11,3,1,5,0,0,5,0,5,525
Boston,12,4,552,74,10,5,1,14,0,0,0,0,6,662
Boston,12,5,314,41,0,3,3,7,0,0,3,0,9,380
Boston,12,6,468,39,10,2,1,3,0,0,3,0,3,529
Boston,12,7,994,196,16,10,0,17,3,0,1,0,14,1251
Boston,12,8,355,60,6,3,1,5,0,0,2,0,2,434
Boston,12,9,481,60,5,3,2,7,0,0,4,0,7,569
Boston,13,1,623,108,9,8,1,6,0,0,1,0,9,765
Boston,13,2,261,41,2,2,0,2,0,0,1,0,5,314
Boston,13,3,652,131,25,7,4,7,0,0,3,0,4,833
Boston,13,4,477,101,6,2,0,6,0,0,4,0,5,601
Boston,13,5,453,81,9,3,0,9,0,0,1,0,4,560
Boston,13,6,646,101,7,5,2,10,0,0,5,0,10,786
Boston,13,7,610,279,12,7,5,11,0,0,4,0,7,935
Boston,13,8,562,191,9,1,4,10,0,0,7,0,6,790
Boston,13,9,701,157,10,3,4,7,0,0,2,0,6,890
Boston,13,10,905,369,7,4,13,10,0,0,12,0,6,1326
Boston,14,1,952,190,13,11,0,9,0,0,3,0,11,1189
Boston,14,2,1070,172,5,13,1,12,0,1,2,0,9,1285
Boston,14,3,276,43,1,1,0,3,0,0,1,0,4,329
Boston,14,4,613,94,6,3,2,3,0,0,4,0,8,733
Boston,14,5,493,39,2,2,1,3,0,0,1,0,3,544
Boston,14,6,495,73,3,6,2,5,0,0,5,0,5,594
Boston,14,7,472,67,5,4,1,1,0,0,6,0,6,562
Boston,14,8,610,56,3,10,1,3,0,0,2,0,7,692
Boston,14,9,494,121,1,6,0,4,0,1,2,0,3,632
Boston,14,10,571,111,10,2,2,4,0,0,2,0,6,708
Boston,14,11,580,74,2,4,1,1,0,0,1,0,5,668
Boston,14,12,348,29,2,3,1,1,0,0,0,0,4,388
Boston,14,13,519,53,3,3,0,4,0,0,4,0,11,597
Boston,14,14,574,63,1,6,0,2,0,0,4,0,11,661
Boston,15,1,707,114,2,5,1,3,1,0,2,0,6,841
Boston,15,2,424,74,5,4,2,6,0,0,0,0,8,523
Boston,15,3,294,62,6,2,1,7,0,0,1,0,5,378
Boston,15,4,754,216,10,4,3,10,0,0,2,0,5,1004
Boston,15,5,544,72,6,2,0,7,0,0,1,0,5,637
Boston,15,6,353,194,2,4,2,6,0,0,1,0,8,570
Boston,15,7,462,70,2,3,1,4,0,0,2,0,6,550
Boston,15,8,332,165,8,5,4,4,0,0,3,0,7,528
Boston,15,9,403,145,5,3,1,8,0,0,6,0,3,574
Boston,16,1,436,188,6,2,5,9,0,0,5,0,13,664
Boston,16,2,439,228,6,3,4,5,0,0,4,0,6,695
Boston,16,3,638,152,7,6,1,10,0,0,4,0,6,824
Boston,16,4,604,198,6,2,1,11,0,1,1,0,8,832
Boston,16,5,676,285,9,7,2,4,0,0,4,0,12,999
Boston,16,6,855,307,13,8,6,7,0,1,5,0,10,1212
Boston,16,7,576,352,7,6,7,8,0,0,7,0,13,976
Boston,16,8,965,451,14,5,2,16,1,1,11,0,22,1488
Boston,16,9,587,588,4,9,5,6,0,0,11,0,22,1232
Boston,16,10,550,411,5,3,1,5,0,0,3,0,7,985
Boston,16,11,398,229,12,1,1,2,0,0,1,0,4,648
Boston,16,12,480,526,2,4,3,3,0,0,12,0,14,1044
Boston,17,1,544,85,2,2,1,3,0,0,5,0,4,646
Boston,17,2,407,72,8,3,1,2,0,0,2,0,3,498
Boston,17,3,926,118,10,5,1,6,0,0,6,0,10,1082
Boston,17,4,1071,229,11,6,6,4,0,1,6,0,11,1345
Boston,17,5,407,60,3,4,1,3,0,0,2,0,6,486
Boston,17,6,737,92,8,3,1,9,0,0,4,0,4,858
Boston,17,7,356,46,2,1,0,4,0,0,3,0,2,414
Boston,17,8,577,87,6,5,3,7,0,0,3,0,4,692
Boston,17,9,557,43,3,2,4,11,0,0,3,0,5,628
Boston,17,10,776,99,3,5,2,13,0,0,3,0,8,909
Boston,17,11,311,36,3,1,1,7,0,0,3,0,2,364
Boston,17,12,574,68,2,1,2,7,0,2,1,0,1,658
Boston,17,13,688,185,11,11,4,5,0,1,5,0,11,921
Boston,17,14,798,121,5,4,1,6,0,0,8,0,7,950
Boston,18,1,1228,101,3,10,3,2,0,0,2,0,9,1358
Boston,18,2,734,66,4,3,0,6,0,0,2,0,6,821
Boston,18,3,898,77,6,3,2,6,0,1,1,0,8,1002
Boston,18,4,934,88,3,9,3,2,0,0,2,0,8,1049
Boston,18,5,995,78,5,4,1,4,0,1,4,0,6,1098
Boston,18,6,1262,89,9,4,2,9,0,0,3,0,7,1385
Boston,18,7,821,191,14,4,5,13,0,0,2,0,6,1056
Boston,18,8,1438,226,14,14,2,8,0,0,7,0,18,1727
Boston,18,9,887,207,9,2,4,5,0,2,1,0,16,1133
Boston,18,10,1304,272,16,0,7,12,0,0,11,0,11,1633
Boston,18,11,693,131,2,5,1,7,0,1,3,0,6,849
Boston,18,12,873,207,8,6,4,8,0,0,6,0,11,1123
Boston,18,13,538,93,6,3,1,6,0,0,3,0,3,653
Boston,18,14,532,102,1,6,1,11,0,0,3,0,4,660
Boston,18,15,874,108,3,4,1,6,0,0,4,0,13,1013
Boston,18,16,858,320,7,4,4,8,0,0,13,0,13,1227
Boston,18,17,846,223,5,3,2,6,0,0,4,0,11,1100
Boston,18,18,1000,285,5,6,2,11,0,0,11,0,5,1325
Boston,18,19,1370,354,16,10,5,11,2,1,12,0,20,1801
Boston,18,20,944,508,6,10,5,8,0,0,6,0,19,1506
Boston,18,21,1086,96,10,6,0,6,0,0,5,0,11,1220
Boston,18,22,956,353,12,6,4,11,0,0,10,0,11,1363
Boston,18,23,641,159,3,6,0,5,0,0,2,0,5,821
Boston,19,1,918,45,18,2,4,24,1,2,7,0,9,1030
Boston,19,2,1025,207,26,3,5,8,2,1,11,0,13,1301
Boston,19,3,570,46,21,2,0,4,0,0,4,0,3,650
Boston,19,4,1288,52,18,1,5,25,0,0,8,0,9,1406
Boston,19,5,873,68,22,3,4,16,1,1,4,0,10,1002
Boston,19,6,1293,58,15,4,7,23,0,2,6,0,14,1422
Boston,19,7,1048,103,28,2,2,19,0,0,3,0,6,1211
Boston,19,8,828,58,8,0,1,5,0,0,10,0,3,913
Boston,19,9,624,48,7,1,7,4,0,0,3,0,5,699
Boston,19,10,1119,176,17,1,6,9,0,1,10,0,11,1350
Boston,19,11,752,149,6,5,0,9,0,1,2,0,13,937
Boston,19,12,841,111,11,1,2,6,1,0,5,0,11,989
Boston,19,13,646,111,13,1,4,10,0,0,3,0,9,797
Boston,20,1,979,236,17,1,8,6,0,1,7,0,11,1266
Boston,20,2,993,213,16,1,4,10,3,1,9,0,5,1255
Boston,20,3,731,372,25,14,5,11,0,0,6,0,12,1176
Boston,20,4,904,90,14,1,3,9,0,1,8,0,11,1041
Boston,20,5,873,424,14,6,3,7,0,0,14,0,19,1360
Boston,20,6,1026,325,8,3,10,4,0,0,18,0,16,1410
Boston,20,7,628,197,4,3,2,6,0,0,10,0,9,859
Boston,20,8,742,196,7,1,4,6,0,0,7,0,8,971
Boston,20,9,824,222,9,7,2,4,0,6,2,0,15,1091
Boston,20,10,965,526,15,6,6,9,3,0,16,0,22,1568
Boston,20,11,536,169,7,1,0,5,0,0,5,0,10,733
Boston,20,12,640,248,4,4,2,6,0,1,9,0,13,927
Boston,20,13,523,281,4,4,5,3,0,0,6,0,11,837
Boston,20,14,530,254,4,2,8,0,0,0,6,0,10,814
Boston,20,15,836,509,11,8,11,5,0,0,7,0,14,1401
Boston,20,16,918,616,11,9,6,3,0,1,12,0,21,1597
Boston,20,17,1016,570,9,7,6,2,2,0,13,0,19,1644
Boston,20,18,590,218,8,2,2,4,0,0,13,0,6,843
Boston,20,19,586,252,5,3,2,3,0,0,9,0,17,877
Boston,20,20,996,366,9,5,7,8,0,1,14,0,11,1417
Boston,20,21,72,51,1,1,0,3,0,0,1,0,2,131
Boston,21,1,973,90,25,1,6,6,0,0,7,0,7,1115
Boston,21,2,255,23,9,1,1,2,0,0,7,0,1,299
Boston,21,3,535,69,12,1,7,9,0,0,4,0,4,641
Boston,21,4,455,58,23,1,4,21,0,0,6,0,9,577
Boston,21,5,798,74,21,1,5,16,0,0,9,0,9,933
Boston,21,6,555,78,18,2,3,29,0,0,12,0,6,703
Boston,21,7,661,112,24,5,9,13,0,0,14,0,7,845
Boston,21,8,931,96,21,4,4,23,0,0,13,0,11,1103
Boston,21,9,1120,156,26,3,5,26,2,1,13,0,5,1357
Boston,21,10,748,144,16,2,1,16,0,1,5,0,12,945
Boston,21,11,901,123,25,5,9,18,0,0,12,0,10,1103
Boston,21,12,736,174,23,1,6,8,4,0,5,0,8,965
Boston,21,13,917,370,14,7,4,15,0,0,9,0,16,1352
Boston,21,14,583,65,3,1,4,15,0,2,8,0,7,688
Boston,21,15,716,69,14,3,4,16,0,0,7,0,9,838
Boston,21,16,898,163,14,2,1,8,0,0,13,0,14,1113
Boston,22,1,966,212,21,2,3,21,0,1,20,0,14,1260
Boston,22,2,1151,214,27,4,15,34,0,0,11,0,10,1466
Boston,22,3,985,245,18,8,8,16,0,0,11,0,10,1301
Boston,22,4,752,165,23,2,3,9,0,2,6,0,10,972
Boston,22,5,736,167,18,4,3,14,0,0,8,0,5,955
Boston,22,6,574,120,11,2,2,20,0,0,8,0,7,744
Boston,22,7,836,166,26,6,11,19,0,0,5,0,51,1120
Boston,22,8,563,184,8,5,4,5,0,1,7,0,10,787
Boston,22,9,620,238,21,4,6,14,0,0,15,0,9,927
Boston,22,10,842,172,21,0,4,18,0,0,16,0,17,1090
Boston,22,11,570,140,15,5,5,10,0,0,7,0,11,763
Boston,22,12,581,202,11,3,2,11,0,0,8,0,11,829
Boston,22,13,515,134,6,2,2,2,2,0,9,0,6,678
Bourne,-,1,853,1058,5,18,8,3,0,0,17,0,23,1985
Bourne,-,2,954,943,6,11,8,2,1,0,25,0,12,1962
Bourne,-,3,476,537,4,4,5,1,0,0,7,0,13,1047
Bourne,-,4,1159,899,11,9,3,1,0,0,4,0,34,2120
Bourne,-,5,932,732,10,5,9,1,0,0,4,0,21,1714
Bourne,-,5A,168,169,1,1,5,1,0,0,1,0,4,350
Bourne,-,6,888,523,8,5,5,1,0,0,26,0,8,1464
Bourne,-,7,835,748,4,8,10,5,0,0,14,0,6,1630
Boxborough,-,1,2295,768,32,17,31,4,0,1,18,0,26,3192
Boxford,-,1,936,836,9,6,13,3,0,0,12,0,13,1828
Boxford,-,2,1102,763,11,9,16,1,0,0,21,0,10,1933
Boxford,-,3,974,667,6,8,12,3,0,0,11,0,21,1702
Boylston,-,1,1886,1367,31,23,25,7,0,0,16,0,32,3387
Braintree,-,1A,915,882,5,8,5,4,0,0,8,0,29,1856
Braintree,-,1B,777,816,12,8,6,4,0,0,14,0,25,1662
Braintree,-,2A,962,751,15,14,7,6,0,0,19,0,17,1791
Braintree,-,2B,865,775,10,10,11,7,0,0,12,0,22,1712
Braintree,-,3A,770,653,7,8,8,3,0,0,11,0,18,1478
Braintree,-,3B,847,683,11,15,6,5,0,0,9,0,19,1595
Braintree,-,4A,837,704,7,11,8,2,0,0,14,0,16,1599
Braintree,-,4B,848,588,10,12,4,5,0,0,7,0,17,1491
Braintree,-,5A,844,772,13,13,7,4,0,0,10,0,25,1688
Braintree,-,5B,919,809,12,17,5,5,0,0,10,0,17,1794
Braintree,-,6A,1015,914,12,5,13,4,0,0,13,0,37,2013
Braintree,-,6B,947,863,18,12,10,2,0,0,13,0,39,1904
Brewster,-,1,1684,860,15,15,9,5,0,0,13,0,29,2630
Brewster,-,2,1552,704,15,10,8,5,0,0,12,0,33,2339
Brewster,-,3,1540,773,17,5,5,2,0,0,11,0,27,2380
Bridgewater,-,1,880,1023,13,9,6,2,0,0,12,0,20,1965
Bridgewater,-,2,906,945,4,11,10,1,2,2,12,0,23,1916
Bridgewater,-,3,1088,1154,15,17,5,5,0,0,1,0,41,2326
Bridgewater,-,4,460,567,4,6,5,4,0,0,3,0,13,1062
Bridgewater,-,5,141,80,3,0,0,1,0,0,0,0,3,228
Bridgewater,-,6,728,704,10,5,3,5,0,0,4,0,16,1475
Bridgewater,-,7,976,901,9,14,8,6,2,0,4,0,20,1940
Bridgewater,-,8,897,712,12,7,6,7,0,2,4,0,12,1659
Bridgewater,-,9,994,1032,8,14,8,0,0,0,5,0,25,2086
Brimfield,-,1,1017,1271,12,24,16,4,0,0,14,0,5,2363
Brockton,1,A,806,199,5,10,2,7,0,0,1,0,8,1038
Brockton,1,B,1064,385,6,8,5,8,0,0,2,0,17,1495
Brockton,1,C,899,373,4,9,5,6,0,0,2,0,20,1318
Brockton,1,D,1166,652,8,15,4,8,0,0,1,0,33,1887
Brockton,2,A,636,128,0,2,0,3,0,0,1,0,8,778
Brockton,2,B,774,155,8,10,3,5,0,0,0,0,11,966
Brockton,2,C,519,133,4,6,1,6,0,0,1,0,12,682
Brockton,2,D,803,287,6,14,1,4,0,0,0,0,17,1132
Brockton,3,A,887,298,13,11,3,2,0,0,1,0,12,1227
Brockton,3,B,698,218,4,8,2,1,0,0,2,0,3,936
Brockton,3,C,1113,522,11,8,3,6,0,0,5,0,20,1688
Brockton,3,D,1027,593,5,11,4,3,0,0,5,0,17,1665
Brockton,4,A,522,148,2,10,3,5,0,0,0,0,10,700
Brockton,4,B,889,285,7,8,2,1,0,0,1,0,7,1200
Brockton,4,C,988,462,11,13,5,6,0,0,2,0,19,1506
Brockton,4,D,936,427,8,7,4,7,0,0,0,0,22,1411
Brockton,5,A,708,192,9,10,3,6,0,0,1,0,13,942
Brockton,5,B,996,409,7,11,6,5,0,0,4,0,15,1453
Brockton,5,C,883,261,9,6,2,8,0,0,2,0,9,1180
Brockton,5,D,1042,528,7,16,3,8,0,0,2,0,13,1619
Brockton,6,A,833,318,8,8,6,2,0,0,2,0,13,1190
Brockton,6,B,971,519,6,4,3,7,0,0,0,0,42,1552
Brockton,6,C,960,382,7,8,3,3,0,0,4,0,15,1382
Brockton,6,D,1083,679,7,10,9,9,0,0,0,0,19,1816
Brockton,7,A,742,179,7,8,5,10,0,0,3,0,5,959
Brockton,7,B,1006,275,8,16,4,6,0,0,1,0,10,1326
Brockton,7,C,840,241,3,6,1,4,0,0,1,0,9,1105
Brockton,7,D,936,351,7,14,3,0,0,0,2,0,18,1331
Brookfield,-,1,930,1109,8,9,16,6,0,0,12,0,17,2107
Brookline,-,1,1243,160,14,6,10,5,0,0,18,0,12,1468
Brookline,-,2,818,131,19,4,6,10,0,2,13,0,8,1011
Brookline,-,3,1439,166,25,1,6,9,0,0,15,0,16,1677
Brookline,-,4,1126,198,19,10,8,9,0,0,9,0,4,1383
Brookline,-,5,732,104,4,6,4,7,0,0,13,0,9,879
Brookline,-,5A,717,84,11,3,1,9,0,0,4,0,15,844
Brookline,-,6,1571,148,18,5,4,9,0,1,13,0,14,1783
Brookline,-,7,1328,176,18,2,6,6,0,0,20,0,20,1576
Brookline,-,8,1483,114,20,2,4,6,0,1,12,0,15,1657
Brookline,-,9,1469,181,21,4,4,14,0,0,15,0,27,1735
Brookline,-,10,1472,182,22,2,5,10,0,1,17,0,16,1727
Brookline,-,11,1572,176,22,4,8,16,0,0,13,0,16,1827
Brookline,-,12,1553,240,32,2,9,10,0,0,27,0,19,1892
Brookline,-,13,1319,186,21,5,9,13,0,0,16,0,21,1590
Brookline,-,13A,227,35,3,3,0,4,0,0,6,0,9,287
Brookline,-,14,1199,306,12,3,13,8,1,0,23,0,31,1596
Brookline,-,14A,344,56,1,0,0,1,0,0,11,0,5,418
Brookline,-,15,1454,360,25,8,7,6,0,1,28,0,39,1928
Brookline,-,16,1408,310,25,7,12,1,0,0,21,0,24,1808
Brookline,-,17,1236,184,29,5,7,7,0,0,12,0,20,1500
Buckland,-,1,808,296,12,5,6,4,0,0,2,0,10,1143
Burlington,-,1,1260,948,19,14,15,7,1,0,19,0,89,2372
Burlington,-,2,844,534,33,8,11,1,0,0,2,0,18,1451
Burlington,-,3,1208,810,23,10,13,7,1,0,21,0,40,2133
Burlington,-,4,999,619,18,15,1,4,1,1,11,0,29,1698
Burlington,-,5,1324,978,31,17,12,5,0,0,17,0,49,2433
Burlington,-,6,1284,958,19,12,10,1,0,0,16,0,52,2352
Burlington,-,7,1299,722,22,12,14,1,0,0,15,0,76,2161
Cambridge,1,1,812,140,24,3,9,5,0,2,5,0,10,1010
Cambridge,1,2,383,46,11,1,1,3,1,1,3,0,3,453
Cambridge,1,2A,35,3,0,0,0,0,0,0,0,0,0,38
Cambridge,1,3,1228,230,16,7,14,10,0,0,11,0,19,1535
Cambridge,2,1,1320,202,35,5,7,29,0,0,17,0,18,1633
Cambridge,2,2,1261,207,25,8,9,11,2,0,14,0,11,1548
Cambridge,2,3,1152,145,31,3,12,6,0,1,11,0,24,1385
Cambridge,2,3A,118,19,3,0,2,2,0,0,1,0,2,147
Cambridge,3,1,1127,130,44,21,5,20,2,0,5,0,17,1371
Cambridge,3,2,1427,138,30,3,10,32,0,0,8,0,10,1658
Cambridge,3,3,996,55,23,1,2,13,0,0,6,0,9,1105
Cambridge,3,3A,482,44,6,0,1,8,0,1,1,0,13,556
Cambridge,4,1,1695,149,35,8,9,22,3,1,8,0,21,1951
Cambridge,4,2,1329,97,33,1,8,15,2,1,5,0,12,1503
Cambridge,4,2A,211,18,2,0,2,7,1,1,0,0,6,248
Cambridge,4,3,1529,101,35,8,8,23,0,4,4,0,15,1727
Cambridge,5,1,1410,119,37,6,10,14,0,0,7,0,27,1630
Cambridge,5,2,261,26,9,0,1,5,1,0,3,0,5,311
Cambridge,5,3,1387,101,31,2,4,15,0,1,4,0,15,1560
Cambridge,6,1,1281,85,34,2,7,16,1,1,5,0,11,1443
Cambridge,6,1A,371,21,7,0,3,4,0,0,1,0,4,411
Cambridge,6,2,947,63,18,1,8,10,2,3,4,0,17,1073
Cambridge,6,3,1721,110,43,1,14,15,0,1,12,0,20,1937
Cambridge,7,1,1530,81,25,2,4,22,0,1,11,0,13,1689
Cambridge,7,2,1077,89,25,2,5,9,2,6,5,0,17,1237
Cambridge,7,2A,39,0,0,0,1,0,0,0,0,0,0,40
Cambridge,7,3,435,57,12,1,6,11,1,0,6,0,2,531
Cambridge,8,1,1371,68,26,3,3,16,2,1,4,0,17,1511
Cambridge,8,2,1420,74,25,3,1,15,1,2,11,0,13,1565
Cambridge,8,3,486,29,11,2,2,8,3,1,0,0,5,547
Cambridge,9,1,2232,135,32,2,13,12,1,5,12,0,26,2470
Cambridge,9,2,1702,199,34,8,9,21,0,0,8,0,22,2003
Cambridge,9,3,1588,205,36,5,9,24,3,1,16,0,23,1910
Cambridge,10,1,1146,101,15,4,8,16,0,0,5,0,15,1310
Cambridge,10,1A,762,72,11,3,4,10,2,1,6,0,7,878
Cambridge,10,2,1989,78,35,2,9,20,5,0,14,0,20,2172
Cambridge,10,3,1435,152,56,8,9,23,0,1,14,0,24,1722
Cambridge,11,1,662,73,21,4,1,9,0,1,0,0,5,776
Cambridge,11,1A,720,84,9,1,4,5,0,1,0,0,5,829
Cambridge,11,2,961,241,63,14,10,12,0,1,0,0,17,1319
Cambridge,11,3,1487,165,36,6,8,14,0,0,10,0,17,1743
Cambridge,11,3A,165,7,1,0,0,1,0,0,0,0,2,176
Canton,-,1,1101,687,9,9,11,10,0,0,9,0,26,1862
Canton,-,2,1444,835,10,16,9,5,0,0,11,0,34,2364
Canton,-,3,962,618,25,9,3,4,0,1,6,0,26,1654
Canton,-,4,1171,818,26,11,11,1,1,0,9,0,35,2083
Canton,-,5,1204,840,16,10,19,0,0,1,10,0,29,2129
Canton,-,6,1214,685,11,12,10,3,0,0,8,0,23,1966
Canton,-,7,1285,776,11,16,6,5,0,0,14,0,27,2140
Carlisle,-,1,2648,663,23,15,27,7,0,0,18,0,60,3461
Carver,-,1,965,1339,5,18,11,4,0,0,19,0,21,2382
Carver,-,2,905,1323,13,16,5,4,0,0,6,0,19,2291
Carver,-,3,1152,1283,11,11,9,4,0,0,12,0,29,2511
Charlemont,-,1,479,211,22,5,11,1,0,0,0,0,15,744
Charlton,-,1,927,988,8,16,15,6,0,0,8,0,16,1984
Charlton,-,2,811,1245,7,18,14,5,0,0,6,0,33,2139
Charlton,-,3,903,1137,11,17,6,3,0,0,13,0,16,2106
Charlton,-,4,835,1114,4,15,8,10,0,0,2,0,24,2012
Charlton,-,4A,18,35,1,0,0,0,0,0,0,0,1,55
Chatham,-,1,1517,875,15,8,13,5,0,0,25,0,24,2482
Chatham,-,2,1445,871,11,6,18,5,0,0,30,0,33,2419
Chelmsford,-,1,980,715,10,10,7,1,0,0,12,0,28,1763
Chelmsford,-,2,1134,733,11,13,11,3,0,1,11,0,18,1935
Chelmsford,-,3A,527,339,10,11,2,2,0,1,6,0,8,906
Chelmsford,-,3B,587,330,3,4,2,4,0,0,7,0,12,949
Chelmsford,-,4,1348,715,20,9,17,4,1,0,12,0,32,2158
Chelmsford,-,5A,1030,644,5,11,5,1,0,0,11,0,13,1720
Chelmsford,-,5B,321,188,6,1,1,2,0,0,4,0,9,532
Chelmsford,-,6,1163,725,10,10,13,1,0,1,14,0,28,1965
Chelmsford,-,7,1062,700,20,8,15,11,1,0,16,0,26,1859
Chelmsford,-,8,1222,567,20,13,14,2,0,0,12,0,24,1874
Chelmsford,-,9,1286,785,10,12,23,3,0,1,10,0,25,2155
Chelmsford,-,10,960,736,9,6,11,6,0,0,9,0,23,1760
Chelmsford,-,11,1317,724,16,9,15,5,0,0,13,0,30,2129
Chelsea,1,1,287,140,5,5,3,6,0,0,0,0,23,469
Chelsea,1,2,196,85,5,2,0,3,0,0,0,0,15,306
Chelsea,1,3,269,121,4,3,1,9,0,0,0,0,10,417
Chelsea,1,4,256,122,4,0,4,7,0,0,0,0,6,399
Chelsea,2,1,740,311,5,3,6,5,0,0,0,0,13,1083
Chelsea,2,2,456,144,9,4,0,8,0,0,0,0,15,636
Chelsea,2,3,259,89,4,7,0,4,0,0,0,0,19,382
Chelsea,2,4,325,102,7,5,2,6,0,0,0,0,4,451
Chelsea,3,1,355,145,8,2,0,9,0,0,0,0,6,525
Chelsea,3,2,378,182,6,4,1,4,0,0,0,0,12,587
Chelsea,3,3,323,159,7,3,2,5,0,0,0,0,8,507
Chelsea,3,4,383,134,3,2,1,6,0,0,0,0,8,537
Chelsea,4,1,438,182,7,3,1,7,0,0,0,0,13,651
Chelsea,4,2,412,227,9,4,2,7,0,0,0,0,16,677
Chelsea,4,3,362,258,15,8,0,6,0,0,0,0,16,665
Chelsea,4,4,348,193,12,4,1,7,0,0,0,0,12,577
Cheshire,-,1,1032,876,8,3,6,0,0,0,15,0,14,1954
Chester,-,1,293,434,1,7,5,3,0,0,0,0,8,751
Chesterfield,-,1,497,291,5,6,13,7,0,2,2,0,13,836
Chicopee,1,A,721,699,12,8,4,1,0,0,7,0,9,1461
Chicopee,1,B,888,749,8,9,8,5,0,0,8,0,16,1691
Chicopee,2,A,555,362,7,7,4,8,0,0,2,0,5,950
Chicopee,2,B,707,758,4,14,7,7,0,0,12,0,6,1515
Chicopee,3,A,486,603,10,6,5,3,0,0,8,0,8,1129
Chicopee,3,A1,150,85,2,0,0,1,0,0,1,0,2,241
Chicopee,3,B,563,496,4,15,2,8,0,0,6,0,10,1104
Chicopee,4,A,690,530,6,3,2,4,0,0,4,0,9,1248
Chicopee,4,B,652,504,10,7,5,7,0,0,3,0,8,1196
Chicopee,5,A,787,605,4,8,10,8,0,0,3,0,7,1432
Chicopee,5,B,669,588,6,13,7,7,0,0,7,0,11,1308
Chicopee,6,AN,313,209,0,3,3,0,0,0,4,0,7,539
Chicopee,6,AS,488,431,9,4,4,6,0,0,2,0,10,954
Chicopee,6,BE,641,798,10,11,8,2,0,0,7,0,14,1491
Chicopee,6,BW,137,157,2,3,0,2,0,0,1,0,1,303
Chicopee,7,A,546,456,9,11,4,9,0,0,1,0,9,1045
Chicopee,7,B,643,441,4,10,6,3,0,0,6,0,6,1119
Chicopee,8,A,740,677,6,12,6,2,0,0,7,0,8,1458
Chicopee,8,B,641,721,6,15,6,8,0,0,6,0,8,1411
Chicopee,9,A,782,589,4,12,4,5,0,0,8,0,7,1411
Chicopee,9,B,831,789,3,11,6,5,0,0,7,0,11,1663
Chilmark,-,1,778,123,6,6,9,1,0,1,7,0,14,945
Clarksburg,-,1,551,398,5,6,3,2,0,0,6,0,9,980
Clinton,-,1,1205,833,10,13,11,6,0,0,12,0,18,2108
Clinton,-,2,900,647,9,9,8,6,0,0,17,0,8,1604
Clinton,-,3,1102,840,9,14,13,5,0,0,10,0,14,2007
Clinton,-,4,985,805,11,6,9,4,0,0,11,0,16,1847
Cohasset,-,1,1137,534,9,8,14,2,0,0,25,0,20,1749
Cohasset,-,2,1143,632,6,17,16,1,0,0,22,0,28,1865
Cohasset,-,3,1178,549,6,5,23,3,0,0,27,0,26,1817
Colrain,-,1,644,358,13,12,8,1,0,0,0,0,14,1050
Concord,-,1,1654,342,8,10,11,4,0,0,27,0,30,2086
Concord,-,2,1972,419,13,8,13,8,0,0,17,0,28,2478
Concord,-,3,1965,392,17,5,19,7,0,0,31,0,43,2479
Concord,-,4,2092,441,21,9,16,5,0,0,29,0,36,2649
Concord,-,5,1905,330,14,4,18,2,0,2,18,0,41,2334
Conway,-,1,943,315,20,8,4,7,0,0,6,0,7,1310
Cummington,-,1,399,158,14,3,2,4,0,0,1,0,6,587
Dalton,-,1,1142,637,13,10,3,6,0,0,8,0,41,1860
Dalton,-,2,1180,552,16,14,7,2,0,0,11,0,42,1824
Danvers,-,1,1174,795,15,15,12,2,0,0,0,0,39,2052
Danvers,-,2,1183,855,10,7,9,3,0,0,6,0,27,2100
Danvers,-,3,966,867,13,15,4,6,0,0,0,0,36,1907
Danvers,-,4,1161,867,14,14,11,5,0,0,7,0,29,2108
Danvers,-,5,1103,982,7,13,10,5,1,0,6,0,32,2159
Danvers,-,6,1169,1097,7,12,16,3,0,0,6,0,23,2333
Danvers,-,7,1153,914,14,17,9,9,2,0,13,0,29,2160
Danvers,-,8,860,792,16,7,13,4,0,0,8,0,16,1716
Dartmouth,-,1,955,1407,10,9,16,4,0,0,7,0,27,2435
Dartmouth,-,2,793,845,8,4,4,3,0,0,1,0,10,1668
Dartmouth,-,3,156,150,1,2,1,0,0,0,1,0,3,314
Dartmouth,-,4,998,1115,4,9,9,1,0,0,6,0,20,2162
Dartmouth,-,5,1058,1052,7,12,7,4,0,0,9,0,16,2165
Dartmouth,-,6,870,1070,4,12,9,4,0,0,5,0,25,1999
Dartmouth,-,7,1142,1156,8,13,9,3,0,0,6,0,25,2362
Dartmouth,-,8,1509,1061,11,11,15,2,0,0,13,0,28,2650
Dartmouth,-,9,1573,1138,5,10,21,1,0,0,11,0,35,2794
Dedham,-,1,1522,486,16,17,9,4,0,0,27,0,36,2117
Dedham,-,2,1425,803,16,13,13,9,0,0,18,0,22,2319
Dedham,-,3,1151,622,28,9,7,5,0,0,11,0,18,1851
Dedham,-,4,1313,663,15,12,17,7,0,0,12,0,22,2061
Dedham,-,5,1362,826,13,13,10,7,0,0,10,0,28,2269
Dedham,-,6,1351,714,21,11,15,6,1,0,16,0,20,2155
Dedham,-,7,1370,945,13,14,10,4,0,0,20,0,31,2407
Deerfield,-,1,2307,865,38,16,32,8,0,0,17,0,25,3308
Dennis,-,1,1270,981,4,10,12,4,0,0,20,0,28,2329
Dennis,-,2,1410,887,8,11,10,0,0,0,31,0,23,2380
Dennis,-,3,895,629,12,4,8,5,0,0,4,0,16,1573
Dennis,-,4,1198,910,8,6,8,3,0,0,21,0,23,2177
Dennis,-,5,1036,771,6,9,5,1,0,0,11,0,18,1857
Dighton,-,1,672,912,8,13,6,0,0,0,0,0,41,1652
Dighton,-,2,600,996,3,7,9,4,0,0,0,0,28,1647
Dighton,-,3,634,897,5,12,2,3,0,0,0,0,23,1576
Douglas,-,1,796,1079,9,10,6,0,0,0,0,0,27,1927
Douglas,-,2,837,1118,14,11,12,1,0,0,0,0,41,2034
Douglas,-,3,774,1074,6,11,12,3,0,0,0,0,32,1912
Dover,-,1,2439,1117,37,19,40,9,0,0,67,0,66,3794
Dracut,-,1,805,821,9,8,6,2,0,0,0,0,13,1664
Dracut,-,2,800,864,8,11,3,2,0,0,0,0,25,1713
Dracut,-,3,866,966,12,11,7,3,0,0,0,0,25,1890
Dracut,-,4,1049,1268,10,15,16,5,0,0,0,0,31,2394
Dracut,-,5,833,1097,7,12,13,7,0,0,0,0,27,1996
Dracut,-,6,807,870,12,6,12,2,0,0,0,0,22,1731
Dracut,-,6A,44,35,0,0,2,0,0,0,0,0,1,82
Dracut,-,7,869,861,11,10,7,7,0,0,0,0,24,1789
Dracut,-,8,965,1357,16,13,8,3,0,0,0,0,39,2401
Dracut,-,9,851,1049,11,15,6,3,0,0,0,0,27,1962
Dudley,-,1,797,1004,5,14,8,4,0,0,5,0,21,1858
Dudley,-,2,612,826,5,9,11,2,0,0,2,0,8,1475
Dudley,-,3,542,732,13,11,6,2,1,0,6,0,15,1328
Dudley,-,4,735,970,3,10,6,3,0,1,7,0,9,1744
Dunstable,-,1,1205,966,8,10,7,3,1,0,10,0,21,2231
Duxbury,-,1,1180,741,12,9,12,4,0,0,19,0,29,2006
Duxbury,-,2,1074,651,3,11,16,3,0,0,22,0,25,1805
Duxbury,-,3,1067,651,10,9,11,0,0,0,22,0,13,1783
Duxbury,-,4,1028,670,14,11,12,3,0,0,16,0,25,1779
Duxbury,-,5,970,692,4,7,9,2,0,0,16,0,24,1724
Duxbury,-,6,979,649,2,11,10,6,0,0,19,0,24,1700
E. Bridgewater,-,1,904,1186,10,12,10,6,0,0,10,0,23,2161
E. Bridgewater,-,2,969,1150,8,14,16,8,0,0,9,0,29,2203
E. Bridgewater,-,3,948,1232,6,11,6,4,0,0,10,0,23,2240
E. Bridgewater,-,4,905,1075,8,16,12,6,0,0,7,0,27,2056
E. Brookfield,-,1,556,769,5,7,4,1,0,0,4,0,17,1363
E. Longmeadow,-,1,1008,853,6,15,0,2,0,0,0,0,0,1884
E. Longmeadow,-,2,927,897,14,13,6,6,0,0,13,0,15,1891
E. Longmeadow,-,2A,9,5,0,0,0,0,0,0,0,0,0,14
E. Longmeadow,-,3,983,874,5,7,14,3,0,0,9,0,22,1917
E. Longmeadow,-,3A,51,49,0,0,1,1,0,0,2,0,1,105
E. Longmeadow,-,4,778,928,9,10,5,2,0,0,4,0,18,1754
E. Longmeadow,-,4A,180,205,0,3,1,0,0,0,0,0,4,393
E. Longmeadow,-,5,903,953,12,9,15,0,0,0,16,0,20,1928
Eastham,-,1,2885,1157,24,22,21,2,0,0,28,0,25,4164
Easthampton,-,1,1442,540,22,8,7,11,0,0,10,0,15,2055
Easthampton,-,2,1392,384,36,8,10,44,0,0,9,0,10,1893
Easthampton,-,3,1558,444,53,6,9,29,0,0,12,0,25,2136
Easthampton,-,4,1520,411,33,7,17,14,0,0,11,0,9,2022
Easthampton,-,5,1304,782,15,15,11,2,0,0,5,0,21,2155
Easton,-,1,1349,936,12,12,13,2,0,1,18,0,33,2376
Easton,-,2,1334,856,13,14,14,5,0,0,9,0,24,2269
Easton,-,3,530,376,7,3,9,1,0,0,6,0,11,943
Easton,-,4A,584,444,2,10,8,1,0,0,9,0,21,1079
Easton,-,4B,679,500,10,8,7,2,1,1,8,0,20,1236
Easton,-,5,1230,760,7,8,10,7,0,0,12,0,24,2058
Easton,-,6,1111,1009,26,9,13,4,0,0,15,0,39,2226
Easton,-,7,1180,896,13,12,14,12,0,1,7,0,14,2149
Edgartown,-,1,1969,857,25,16,10,6,0,0,17,0,36,2936
Egremont,-,1,752,176,15,2,2,3,0,0,3,0,3,956
Erving,-,1,500,434,8,7,6,4,0,1,7,0,11,978
Essex,-,1,1540,810,13,12,19,5,0,0,18,0,21,2438
Everett,1,1,416,271,4,4,2,1,0,0,3,0,5,706
Everett,1,2,289,217,8,4,0,3,0,0,1,0,2,524
Everett,1,3,256,119,4,0,0,4,0,0,0,0,9,392
Everett,1,3A,121,77,0,3,0,1,0,0,2,0,2,206
Everett,2,1,457,303,10,3,5,6,0,0,0,0,2,786
Everett,2,2,191,112,3,1,0,1,0,0,3,0,3,314
Everett,2,2A,197,105,0,2,0,5,0,0,0,0,1,310
Everett,2,3,351,227,8,6,3,8,0,0,4,0,7,614
Everett,3,1,571,359,11,8,2,2,0,0,3,0,19,975
Everett,3,2,466,267,3,5,4,0,0,0,8,0,11,764
Everett,3,3,326,206,5,3,2,1,0,0,3,0,8,554
Everett,4,1,488,298,4,2,1,5,0,0,4,0,9,811
Everett,4,2,444,258,3,8,4,10,0,0,8,0,11,746
Everett,4,3,446,257,5,9,1,1,0,0,3,0,8,730
Everett,5,1,433,247,9,6,2,1,0,0,2,0,8,708
Everett,5,2,387,237,5,2,2,5,0,0,1,0,6,645
Everett,5,3,404,232,4,2,0,5,0,0,3,0,3,653
Everett,6,1,480,252,9,6,4,5,0,0,6,0,7,769
Everett,6,2,385,236,11,7,2,2,0,0,5,0,7,655
Everett,6,3,521,254,7,4,3,2,0,0,4,0,1,796
Fairhaven,-,1,934,628,18,6,8,2,0,0,4,0,14,1614
Fairhaven,-,2,831,707,8,5,4,2,0,1,2,0,14,1574
Fairhaven,-,3,612,740,5,7,3,2,0,0,1,0,10,1380
Fairhaven,-,4,816,823,7,5,6,2,0,0,4,0,17,1680
Fairhaven,-,5,836,820,4,2,6,3,0,0,12,0,19,1702
Fairhaven,-,6,752,890,1,9,5,2,0,1,0,0,18,1678
Fall River,1,A,719,904,6,9,3,3,0,0,3,0,14,1661
Fall River,1,B,492,605,2,9,1,2,0,0,6,0,10,1127
Fall River,1,C,513,684,5,10,5,5,0,0,5,0,12,1239
Fall River,2,A,400,461,9,5,3,3,0,0,0,0,8,889
Fall River,2,B,360,439,4,9,0,1,0,0,3,0,0,816
Fall River,2,C,437,510,4,9,6,6,0,0,2,0,7,981
Fall River,3,A,534,582,11,6,1,1,0,0,2,0,12,1149
Fall River,3,B,485,585,1,5,4,3,0,0,4,0,5,1092
Fall River,3,C,642,715,5,8,1,1,0,0,8,0,11,1391
Fall River,4,A,403,368,3,7,4,5,0,0,0,0,9,799
Fall River,4,B,365,336,2,4,1,0,0,0,1,0,3,712
Fall River,4,C,488,354,4,10,2,3,0,0,3,0,8,872
Fall River,5,A,312,334,4,2,2,2,0,0,2,0,8,666
Fall River,5,B,297,253,3,13,2,3,0,0,1,0,4,576
Fall River,5,C,373,401,0,4,1,3,0,0,1,0,2,785
Fall River,6,A,589,732,5,4,5,1,0,0,3,0,7,1346
Fall River,6,B,560,522,3,4,2,3,0,0,4,0,12,1110
Fall River,6,C,512,572,6,4,3,3,0,0,2,0,3,1105
Fall River,7,A,678,583,8,5,5,1,0,0,3,0,15,1298
Fall River,7,B,467,387,10,3,3,4,0,0,6,0,4,884
Fall River,7,C,525,472,9,10,7,4,0,0,4,0,7,1038
Fall River,8,A,473,540,3,8,2,2,0,0,4,0,5,1037
Fall River,8,B,781,691,6,3,7,4,0,0,6,0,24,1522
Fall River,8,C,774,792,9,15,5,3,0,0,6,0,26,1630
Fall River,9,A,974,992,4,6,5,4,0,0,10,0,19,2014
Fall River,9,B,735,712,7,6,4,3,0,0,3,0,10,1480
Fall River,9,C,838,704,3,10,6,5,0,0,9,0,12,1587
Falmouth,-,1,2002,481,10,13,13,6,0,0,21,0,31,2577
Falmouth,-,2,1570,737,10,7,9,2,0,0,12,0,21,2368
Falmouth,-,3,1438,898,8,7,5,0,0,0,10,0,29,2395
Falmouth,-,4,1465,1001,10,10,15,6,0,0,18,0,23,2548
Falmouth,-,5,1706,930,16,12,8,2,0,0,22,0,33,2729
Falmouth,-,6,1642,903,8,13,17,1,0,0,16,0,30,2630
Falmouth,-,7,1352,978,14,11,17,5,0,0,22,0,17,2416
Falmouth,-,8,1377,977,12,12,15,4,0,0,22,0,29,2448
Falmouth,-,9,1192,881,3,8,11,8,0,0,13,0,25,2141
Fitchburg,1,A,598,455,4,6,12,3,0,0,6,0,12,1096
Fitchburg,1,B,725,514,10,8,10,9,1,0,7,0,8,1292
Fitchburg,2,A,536,453,3,7,5,11,0,0,4,0,4,1023
Fitchburg,2,B,733,588,7,7,7,8,0,0,4,0,18,1372
Fitchburg,3,A,1069,938,10,14,12,6,0,1,10,0,31,2091
Fitchburg,3,B,761,680,11,7,6,5,0,0,9,0,10,1489
Fitchburg,4,A,522,333,6,5,11,7,0,0,3,0,10,897
Fitchburg,4,B,631,348,16,5,6,6,0,0,6,0,10,1028
Fitchburg,5,A,1040,882,9,13,7,1,0,0,5,0,19,1976
Fitchburg,5,B,466,354,4,9,2,4,0,0,3,0,1,843
Fitchburg,6,A,939,780,10,6,13,3,0,0,1,0,14,1766
Fitchburg,6,B,593,396,4,5,9,3,0,0,6,0,8,1024
Florida,-,1,184,218,2,2,2,2,0,0,0,0,6,416
Foxborough,-,1,1053,797,15,14,10,8,0,0,10,0,12,1919
Foxborough,-,2,1356,1113,23,16,9,2,0,0,15,0,31,2565
Foxborough,-,3,1091,909,31,8,23,1,1,0,10,0,32,2106
Foxborough,-,4,1274,1000,20,7,14,0,0,0,10,0,41,2366
Foxborough,-,5,1212,922,38,19,17,4,0,0,7,0,37,2256
Framingham,-,1,267,154,3,2,1,1,0,0,1,0,7,436
Framingham,-,2,268,149,2,7,1,3,0,0,2,0,4,436
Framingham,-,3,284,152,3,5,2,6,0,0,1,0,4,457
Framingham,-,4,363,207,5,3,2,2,0,1,2,0,10,595
Framingham,-,5,478,249,1,4,3,3,0,0,6,0,11,755
Framingham,-,6,970,406,12,8,8,9,0,0,9,0,16,1438
Framingham,-,7,1070,339,10,6,9,9,2,1,16,0,15,1477
Framingham,-,8,573,210,5,3,0,0,0,0,8,0,11,810
Framingham,-,9A,714,299,11,7,4,7,0,0,3,0,16,1061
Framingham,-,9B,36,15,1,1,0,0,0,0,0,0,0,53
Framingham,-,10,505,180,9,4,3,3,0,0,1,0,7,712
Framingham,-,11,655,269,8,2,1,6,0,0,6,0,6,953
Framingham,-,12,561,180,7,3,3,7,0,0,1,0,12,774
Framingham,-,13,372,130,8,1,6,3,0,0,4,0,4,528
Framingham,-,14,458,230,12,3,2,2,1,0,5,0,6,719
Framingham,-,15,534,216,6,1,1,4,0,0,1,0,5,768
Framingham,-,16,773,415,10,6,4,3,0,0,8,0,10,1229
Framingham,-,17,1013,346,7,5,8,2,0,0,7,0,10,1398
Framingham,-,18,1113,453,5,6,8,3,0,0,18,0,15,1621
Framingham,-,19,1102,416,10,5,9,3,0,0,18,0,15,1578
Framingham,-,20,1097,391,6,5,4,1,0,0,12,0,8,1524
Framingham,-,21A,787,288,8,5,10,2,0,0,7,0,10,1117
Framingham,-,21B,523,167,11,1,8,4,0,0,3,0,6,723
Framingham,-,21C,24,15,0,0,0,1,0,0,0,0,0,40
Framingham,-,22,1179,403,15,10,11,1,0,0,15,0,17,1651
Framingham,-,23,1001,450,16,8,12,4,0,0,12,0,12,1515
Framingham,-,24,1050,377,21,9,12,3,0,1,10,0,18,1501
Framingham,-,25,1040,432,15,17,9,6,0,0,9,0,14,1542
Framingham,-,26,936,382,11,2,17,5,0,0,12,0,21,1386
Framingham,-,27,935,352,9,5,6,4,0,0,8,0,18,1337
Franklin,-,1,1288,832,16,10,7,5,0,0,14,0,27,2199
Franklin,-,2,1035,772,4,7,12,2,0,0,15,0,15,1862
Franklin,-,3,1231,929,10,14,11,12,0,0,22,0,18,2247
Franklin,-,4,1341,998,10,10,12,3,0,0,19,0,28,2421
Franklin,-,5,1339,845,14,11,23,4,0,0,24,0,23,2283
Franklin,-,6,1331,838,13,15,13,4,0,0,14,0,23,2251
Franklin,-,7,1501,886,17,14,10,3,0,0,27,0,32,2490
Franklin,-,8,1344,1054,16,12,11,6,0,0,21,0,33,2497
Franklin,-,9,1099,671,10,5,9,4,0,0,6,0,16,1820
Freetown,-,1,768,1018,7,9,11,0,0,0,11,0,10,1834
Freetown,-,2,739,1101,6,11,8,3,0,0,15,0,11,1894
Freetown,-,3,729,1065,7,15,14,4,0,0,8,0,17,1859
Gardner,1,A,624,450,10,6,6,3,0,0,1,0,15,1115
Gardner,1,B,316,329,0,2,6,2,0,0,3,0,4,662
Gardner,2,A,534,470,6,5,11,3,0,0,3,0,6,1038
Gardner,2,B,539,580,5,9,4,2,0,0,5,0,9,1153
Gardner,3,A,413,433,3,7,6,3,0,0,2,0,9,876
Gardner,3,B,562,455,6,11,5,2,0,0,4,0,8,1053
Gardner,4,A,480,387,2,9,3,3,0,0,0,0,8,892
Gardner,4,B,379,348,3,6,4,8,0,0,1,0,4,753
Gardner,5,A,391,389,5,7,7,3,0,0,5,0,7,814
Gardner,5,B,597,497,4,10,6,3,0,0,0,0,16,1133
Georgetown,-,1,947,901,5,15,12,3,0,0,5,0,18,1906
Georgetown,-,2,928,810,7,11,10,3,0,0,14,0,13,1796
Georgetown,-,3,980,824,5,6,11,5,0,0,22,0,20,1873
Gill,-,1,691,288,9,3,5,4,0,0,8,0,8,1016
Gloucester,1,1,1437,646,11,10,9,4,3,0,15,0,23,2158
Gloucester,1,2,1088,602,4,7,4,0,0,0,12,0,17,1734
Gloucester,2,1,887,522,11,7,5,5,0,2,10,0,13,1462
Gloucester,2,2,779,411,11,6,7,5,0,0,7,0,11,1237
Gloucester,3,1,826,511,5,3,3,0,0,2,8,0,10,1368
Gloucester,3,2,897,628,6,12,8,8,2,0,2,0,15,1578
Gloucester,4,1,1060,722,9,10,6,0,0,0,12,0,21,1840
Gloucester,4,2,1569,551,14,9,12,4,0,0,17,0,22,2198
Gloucester,5,1,1292,765,8,8,7,2,0,0,15,0,26,2123
Gloucester,5,2,1303,817,19,14,14,4,0,0,14,0,15,2200
Goshen,-,1,391,257,7,4,6,1,0,0,0,0,5,671
Gosnold,-,1,51,15,0,0,1,0,0,0,0,0,3,70
Grafton,-,1,1221,907,24,14,11,2,1,0,10,0,19,2209
Grafton,-,2,1402,839,33,11,14,1,0,0,25,0,20,2345
Grafton,-,3,1327,833,17,13,12,6,0,0,15,0,20,2243
Grafton,-,4,1146,792,17,11,7,1,0,0,8,0,17,1999
Grafton,-,5,1555,845,15,15,21,6,0,0,11,0,25,2493
Granby,-,1,1029,886,13,13,10,5,0,0,4,0,29,1989
Granby,-,2,878,1013,5,8,6,3,0,0,2,0,35,1950
Granby,-,2A,23,22,0,0,0,0,0,0,0,0,0,45
Granville,-,1,357,594,3,6,10,6,0,0,0,0,19,995
Great Barrington,-,A,840,170,18,4,4,2,0,0,4,0,11,1053
Great Barrington,-,B,765,230,18,2,5,7,0,0,9,0,7,1043
Great Barrington,-,C,602,107,8,0,0,7,0,0,5,0,5,734
Great Barrington,-,D,891,198,15,2,6,8,0,0,6,0,5,1131
Greenfield,-,1,690,397,6,4,7,6,0,0,8,0,8,1126
Greenfield,-,2,917,371,13,4,8,4,0,0,5,0,13,1335
Greenfield,-,3,799,343,19,3,3,12,0,0,7,0,10,1196
Greenfield,-,4,829,276,22,6,4,10,0,0,3,0,2,1152
Greenfield,-,5,893,218,25,4,8,23,0,0,5,0,11,1187
Greenfield,-,6,803,190,23,2,5,13,0,0,6,0,10,1052
Greenfield,-,7,620,265,17,5,5,3,0,0,0,0,2,917
Greenfield,-,8,649,224,21,2,2,8,0,0,4,0,11,921
Greenfield,-,9,455,206,7,2,5,5,0,0,3,0,9,692
Groton,-,1,1757,742,9,13,22,2,2,0,23,0,28,2598
Groton,-,2,1516,756,19,12,17,9,2,0,17,0,22,2370
Groton,-,3,1537,698,17,14,15,10,0,0,26,0,39,2356
Groveland,-,1,1091,1032,14,13,11,3,1,0,12,0,20,2197
Groveland,-,2,1159,1037,9,16,12,1,1,0,16,0,21,2272
Hadley,-,1,2234,968,43,18,10,15,1,0,10,0,43,3342
Halifax,-,1,1036,1414,8,20,15,3,0,0,0,0,35,2531
Halifax,-,2,1015,1234,10,10,11,3,0,0,0,0,33,2316
Halifax,-,2A,25,66,0,0,0,0,0,0,0,0,2,93
Hamilton,-,1,1579,750,12,18,19,6,0,0,29,0,32,2445
Hamilton,-,2,1578,695,12,14,21,5,0,0,32,0,37,2394
Hampden,-,1,1418,1774,8,20,25,5,0,0,2,0,41,3293
Hancock,-,1,245,226,2,3,6,1,0,0,0,0,12,495
Hanover,-,1,1226,1340,6,23,19,4,0,0,18,0,31,2667
Hanover,-,2,1127,1191,10,17,12,0,0,0,14,0,30,2401
Hanover,-,3,1065,1105,9,7,12,4,0,0,10,0,23,2235
Hanover,-,4,1158,1269,8,10,18,2,0,0,15,0,35,2515
Hanson,-,1,972,1214,9,17,11,1,0,0,11,0,32,2267
Hanson,-,2,1063,1290,6,23,15,5,0,0,12,0,34,2448
Hanson,-,3,902,1194,7,9,15,4,0,0,7,0,18,2156
Hardwick,-,1,706,834,5,9,6,2,0,0,9,0,13,1584
Harvard,-,1,2983,903,42,18,27,3,0,0,37,0,41,4054
Harwich,-,1,1604,919,11,14,6,2,0,0,17,0,27,2600
Harwich,-,2,1426,835,8,17,13,4,0,0,4,0,21,2328
Harwich,-,3,1345,889,20,12,7,2,0,0,12,0,20,2307
Harwich,-,4,1223,849,12,11,9,3,0,0,8,0,15,2130
Hatfield,-,1,1472,707,16,8,7,9,0,0,11,0,21,2251
Haverhill,1,1,382,293,3,4,1,6,0,0,0,0,6,695
Haverhill,1,2,455,266,4,3,4,7,0,0,1,0,4,744
Haverhill,1,2A,161,151,2,2,2,2,0,0,1,0,3,324
Haverhill,1,3,368,279,5,4,4,4,0,0,1,0,5,670
Haverhill,1,3A,252,205,0,5,1,0,0,0,0,0,5,468
Haverhill,2,1,848,601,9,7,2,5,0,0,4,0,17,1493
Haverhill,2,2,907,615,4,8,7,5,0,0,8,0,14,1568
Haverhill,2,3,492,388,6,5,5,3,1,0,1,0,7,908
Haverhill,3,1,639,390,9,11,6,5,0,0,1,0,11,1072
Haverhill,3,2,600,369,2,3,6,6,0,0,3,0,10,999
Haverhill,3,3,553,430,2,6,2,7,0,0,1,0,8,1009
Haverhill,4,1,1006,822,6,11,6,5,0,0,7,0,21,1884
Haverhill,4,2,1055,957,12,7,12,5,0,0,9,0,20,2077
Haverhill,4,3,936,836,9,11,5,9,0,0,3,0,17,1826
Haverhill,5,1,531,382,4,3,5,3,0,0,2,0,7,937
Haverhill,5,1A,364,301,1,3,4,3,0,0,1,0,7,684
Haverhill,5,2,993,920,6,12,7,6,0,0,7,0,15,1966
Haverhill,5,3,890,909,10,11,3,5,0,0,7,0,24,1859
Haverhill,5,3A,66,69,2,0,2,0,0,0,0,0,1,140
Haverhill,6,1,821,754,14,8,8,3,0,0,8,0,14,1630
Haverhill,6,2,618,486,6,2,3,4,0,0,3,0,15,1137
Haverhill,6,2A,269,181,6,3,1,2,0,0,0,0,6,468
Haverhill,6,3,977,727,4,10,12,2,0,0,3,0,20,1755
Haverhill,7,1,917,673,5,7,10,11,0,0,7,0,10,1640
Haverhill,7,2,596,580,4,3,4,3,0,0,9,0,11,1210
Haverhill,7,2A,196,160,3,3,3,2,0,0,1,0,11,379
Haverhill,7,3,1051,881,10,14,11,5,2,0,18,0,31,2023
Haverhill,7,3A,16,10,0,0,0,0,0,0,0,0,0,26
Hawley,-,1,117,66,4,0,2,0,0,0,0,0,7,196
Heath,-,1,279,178,8,1,0,1,0,0,1,0,4,472
Hingham,-,1,1424,674,7,8,14,2,0,0,25,0,20,2174
Hingham,-,2,1472,731,15,11,21,4,0,0,30,0,28,2312
Hingham,-,3,1345,698,15,10,14,2,0,0,24,0,29,2137
Hingham,-,4,1499,685,7,13,18,3,0,0,38,0,23,2286
Hingham,-,5,1280,862,2,19,18,4,0,0,36,0,51,2272
Hingham,-,6,1354,706,8,8,18,3,0,0,35,0,25,2157
Hingham,-,7,744,497,9,7,5,5,0,0,20,0,14,1301
Hingham,-,7A,947,239,1,2,2,0,0,0,5,0,14,1210
Hinsdale,-,1,708,464,8,8,9,2,0,0,4,0,15,1218
Holbrook,-,1,889,534,6,14,5,3,0,0,7,0,12,1470
Holbrook,-,2,767,734,11,14,7,2,0,0,9,0,16,1560
Holbrook,-,3,821,639,8,12,7,0,0,0,12,0,14,1513
Holbrook,-,4,801,615,9,9,5,4,0,0,6,0,12,1461
Holden,-,1,1068,925,11,12,14,2,0,0,0,0,49,2081
Holden,-,2,1107,792,13,14,11,3,0,0,0,0,38,1978
Holden,-,3,1187,869,16,19,12,2,0,0,0,0,45,2150
Holden,-,4,1222,898,26,8,17,2,0,0,0,0,28,2201
Holden,-,5,1150,884,8,18,14,2,0,0,0,0,30,2106
Holden,-,6,1177,854,20,13,14,4,0,0,0,0,43,2125
Holland,-,1,658,875,7,10,13,2,0,0,11,0,13,1589
Holliston,-,1,1631,730,8,19,19,7,4,0,26,0,33,2477
Holliston,-,2,1602,634,20,16,6,7,2,0,18,0,27,2332
Holliston,-,3,1424,624,7,14,12,6,3,0,18,0,25,2133
Holliston,-,4,1702,651,10,13,23,7,4,0,27,0,18,2455
Holyoke,1,A,335,205,8,2,1,9,0,0,0,0,1,561
Holyoke,1,B,488,183,9,8,4,6,0,0,0,0,8,706
Holyoke,2,A,484,248,3,4,2,8,0,0,1,0,7,757
Holyoke,2,B,308,199,0,2,1,9,0,0,1,0,1,521
Holyoke,3,A,706,314,4,4,3,21,0,0,0,0,13,1065
Holyoke,3,B,812,502,15,10,2,2,0,0,0,0,16,1359
Holyoke,4,A,357,184,8,6,2,13,0,0,0,0,12,582
Holyoke,4,B,564,245,9,3,3,17,0,0,2,0,10,853
Holyoke,5,A,981,788,17,8,12,7,0,0,7,0,17,1837
Holyoke,5,B,643,516,6,7,7,13,0,0,3,0,7,1202
Holyoke,6,A,667,309,13,3,3,10,0,0,0,0,11,1016
Holyoke,6,B,834,380,14,12,4,12,0,0,0,0,18,1274
Holyoke,7,A,1184,520,19,8,6,7,0,0,4,0,21,1769
Holyoke,7,B,1046,350,19,7,7,15,0,0,6,0,7,1457
Hopedale,-,1,2054,1428,21,25,16,9,0,0,31,0,32,3616
Hopkinton,-,1,1134,530,25,8,11,3,1,0,11,0,15,1738
Hopkinton,-,2,1367,686,13,14,13,2,0,0,13,0,23,2131
Hopkinton,-,3,1366,638,18,9,11,6,2,0,15,0,25,2090
Hopkinton,-,4,1472,666,30,14,12,4,0,1,20,0,34,2253
Hopkinton,-,5,1504,659,9,8,17,2,0,0,24,0,25,2248
Hubbardston,-,1,1262,1614,13,15,31,5,0,0,14,0,23,2977
Hudson,-,1,1118,668,12,14,11,4,0,0,14,0,23,1864
Hudson,-,2,957,595,14,16,17,1,0,0,10,0,16,1626
Hudson,-,3,1121,753,12,12,14,3,0,0,7,0,27,1949
Hudson,-,4,1319,859,14,20,11,13,0,0,19,0,31,2286
Hudson,-,5,1379,684,14,14,14,4,0,0,19,0,31,2159
Hudson,-,6,899,594,13,7,7,6,0,0,8,0,15,1549
Hull,-,1,1537,762,7,8,13,4,1,0,11,0,24,2367
Hull,-,2,1172,906,9,7,11,3,0,0,11,0,28,2147
Hull,-,3,1462,855,10,18,17,6,0,0,13,0,23,2404
Huntington,-,1,554,651,13,5,5,1,0,0,0,0,10,1239
Ipswich,-,1,1526,600,15,12,9,6,0,0,22,0,38,2228
Ipswich,-,2,1597,749,15,15,12,11,0,0,17,0,35,2451
Ipswich,-,3,1425,964,10,11,18,5,0,0,24,0,31,2488
Ipswich,-,4,1507,872,8,13,12,1,0,0,28,0,25,2466
Kingston,-,1,1081,1014,6,11,12,6,0,0,11,0,22,2163
Kingston,-,2,1111,1136,6,8,13,4,0,0,15,0,20,2313
Kingston,-,3,1047,1129,7,22,8,6,0,0,9,0,32,2260
Kingston,-,4,1006,963,10,11,8,4,0,0,7,0,15,2024
Lakeville,-,1,1025,1442,15,17,14,3,0,0,5,0,24,2545
Lakeville,-,2,1186,1518,13,18,15,4,0,0,16,0,28,2798
Lakeville,-,3,1057,1361,11,20,11,2,0,0,13,0,37,2512
Lancaster,-,1,993,837,12,18,9,4,0,0,8,0,16,1897
Lancaster,-,2,1329,959,14,16,18,5,0,0,17,0,20,2378
Lanesborough,-,1,1156,650,16,11,9,4,2,0,0,0,14,1862
Lawrence,A,1,539,387,4,7,1,10,0,0,5,0,3,956
Lawrence,A,2,312,241,3,4,1,6,0,0,0,0,5,572
Lawrence,A,2A,76,57,1,0,0,5,0,0,0,0,0,139
Lawrence,A,3,382,350,8,4,2,4,0,0,4,0,1,755
Lawrence,A,4,574,407,3,7,3,6,0,0,3,0,6,1009
Lawrence,B,1,551,315,4,5,0,13,0,0,1,0,3,892
Lawrence,B,2,352,248,1,3,5,9,0,0,2,0,3,623
Lawrence,B,3,411,325,2,7,0,11,0,0,2,0,3,761
Lawrence,B,4,519,266,6,6,2,10,0,0,2,0,8,819
Lawrence,C,1,421,288,2,9,3,7,0,0,5,0,5,740
Lawrence,C,2,508,380,7,4,4,8,0,0,1,0,12,924
Lawrence,C,3,372,227,0,1,0,8,0,0,1,0,1,610
Lawrence,C,4,386,279,1,2,1,5,0,0,1,0,4,679
Lawrence,D,1,573,407,5,14,2,8,0,0,0,0,4,1013
Lawrence,D,2,435,343,3,11,5,10,0,0,4,0,5,816
Lawrence,D,3,302,189,2,2,0,3,0,0,1,0,4,503
Lawrence,D,4,502,288,3,7,3,9,0,0,1,0,7,820
Lawrence,E,1,732,571,2,7,1,6,0,0,0,0,8,1327
Lawrence,E,1A,19,25,0,0,0,0,0,0,0,0,0,44
Lawrence,E,2,705,569,9,7,4,5,0,0,4,0,2,1305
Lawrence,E,3,487,402,6,2,2,6,0,0,4,0,3,912
Lawrence,E,4,454,395,4,9,1,4,0,0,2,0,5,874
Lawrence,F,1,761,500,6,16,7,15,0,0,6,0,7,1318
Lawrence,F,2,437,269,5,4,2,9,0,0,1,0,3,730
Lawrence,F,3,649,348,4,6,5,15,0,0,3,0,8,1038
Lawrence,F,4,614,401,5,5,7,6,0,0,3,0,1,1042
Lee,-,1,2133,999,27,22,16,9,0,0,26,0,26,3258
Leicester,-,1,690,901,6,11,15,8,0,0,8,0,17,1656
Leicester,-,2,754,756,8,5,5,5,0,0,5,0,16,1554
Leicester,-,3,707,859,9,8,6,3,0,0,5,0,20,1617
Leicester,-,4,671,794,12,10,7,6,0,0,4,0,17,1521
Lenox,-,1,2563,617,17,13,23,9,0,0,28,0,27,3297
Leominster,1,A,889,746,7,10,9,8,0,0,3,0,47,1719
Leominster,1,B,889,652,5,5,10,5,0,0,9,0,66,1641
Leominster,1,C,698,514,7,17,6,5,0,0,5,0,37,1289
Leominster,2,A,570,428,7,7,5,5,0,0,2,0,30,1054
Leominster,2,B,636,582,5,9,10,2,0,0,4,0,50,1298
Leominster,2,C,423,449,3,6,7,1,0,0,3,0,14,906
Leominster,3,A,745,560,6,6,6,4,0,0,0,0,27,1354
Leominster,3,B,965,669,14,6,6,4,0,0,5,0,55,1724
Leominster,3,C,801,713,7,11,6,4,0,0,4,0,30,1576
Leominster,4,A,862,811,15,11,12,5,0,0,7,0,37,1760
Leominster,4,B,789,741,10,12,11,0,0,0,7,0,51,1621
Leominster,4,C,660,591,11,11,7,5,0,0,4,0,26,1315
Leominster,5,A,653,543,10,7,7,3,0,0,0,0,27,1250
Leominster,5,B,817,619,8,5,8,10,0,0,1,0,37,1505
Leominster,5,C,558,441,5,4,6,8,0,0,2,0,15,1039
Leverett,-,1,1079,160,35,2,5,9,0,4,1,0,15,1310
Lexington,-,1,1469,361,40,9,16,9,0,0,11,0,31,1946
Lexington,-,2,1825,305,41,8,17,6,0,0,20,0,36,2258
Lexington,-,3,1394,268,30,11,12,6,0,0,8,0,17,1746
Lexington,-,4,1647,331,33,6,22,7,0,0,17,0,29,2092
Lexington,-,5,1497,452,53,10,18,6,0,0,14,0,29,2079
Lexington,-,6,1686,387,23,8,21,7,0,0,20,0,37,2189
Lexington,-,7,1545,438,30,10,9,6,0,0,16,0,20,2074
Lexington,-,8,1569,364,32,4,10,2,0,0,12,0,26,2019
Lexington,-,9,1730,373,27,8,11,5,0,0,17,0,29,2200
Leyden,-,1,315,159,8,2,2,3,2,0,4,0,1,496
Lincoln,-,1,2039,331,27,4,13,3,0,0,23,0,24,2464
Lincoln,-,2,1219,303,13,6,11,2,0,0,18,0,11,1583
Littleton,-,1,1465,708,6,3,16,4,0,0,0,0,33,2235
Littleton,-,2,1377,683,12,19,19,6,0,0,0,0,43,2159
Littleton,-,3,1453,623,13,18,25,6,0,0,0,0,54,2192
Longmeadow,-,A,1307,649,14,8,18,2,0,0,15,0,15,2028
Longmeadow,-,B,1162,621,8,8,8,7,0,0,18,0,20,1852
Longmeadow,-,C,1205,783,13,12,11,8,0,0,14,0,19,2065
Longmeadow,-,D,1136,798,17,12,14,0,0,0,16,0,15,2008
Longmeadow,-,E,1150,649,25,13,10,3,0,0,17,0,22,1889
Lowell,1,1,557,397,6,6,4,5,2,0,1,0,15,993
Lowell,1,1A,0,0,0,0,0,0,0,0,0,0,0,0
Lowell,1,2,699,589,11,8,2,12,0,0,11,0,10,1342
Lowell,1,3,1218,857,9,7,11,1,0,0,4,0,23,2130
Lowell,1,4,502,477,5,2,2,6,0,0,6,0,13,1013
Lowell,2,1,541,370,5,8,4,3,0,0,2,0,19,952
Lowell,2,2,570,375,2,7,1,4,0,1,2,0,10,972
Lowell,2,3,747,443,3,3,7,7,0,0,5,0,9,1224
Lowell,2,4,651,455,6,2,5,7,0,0,8,0,12,1146
Lowell,3,1,630,321,6,7,2,5,0,0,12,0,12,995
Lowell,3,2,1322,850,13,10,11,7,0,0,12,0,27,2252
Lowell,3,3,1098,608,15,9,5,5,0,1,16,0,23,1780
Lowell,3,4,677,476,17,3,8,5,0,0,10,0,12,1208
Lowell,4,1,486,206,9,15,0,7,0,0,5,0,11,739
Lowell,4,2,956,354,19,6,12,13,0,0,9,0,21,1390
Lowell,4,3,282,73,3,4,3,3,0,0,2,0,6,376
Lowell,4,3A,187,34,3,0,0,4,0,0,4,0,3,235
Lowell,4,4,447,340,6,4,4,3,0,0,6,0,14,824
Lowell,4,4A,7,0,0,0,0,0,0,0,0,0,0,7
Lowell,5,1,649,396,10,7,1,4,0,0,8,0,8,1083
Lowell,5,1A,177,65,4,1,1,2,0,0,0,0,1,251
Lowell,5,2,553,397,12,7,2,5,0,0,6,0,16,998
Lowell,5,3,429,263,5,3,6,7,0,0,2,0,9,724
Lowell,5,4,694,539,4,6,2,9,0,0,3,0,9,1266
Lowell,6,1,638,349,7,10,3,4,0,0,1,0,13,1025
Lowell,6,2,407,274,4,2,2,3,0,0,1,0,14,707
Lowell,6,3,334,170,3,3,1,0,0,0,1,0,10,522
Lowell,6,3A,66,69,0,3,1,0,0,0,0,0,2,141
Lowell,6,4,398,250,4,6,2,3,0,0,0,0,6,669
Lowell,6,4A,172,102,0,2,0,1,0,0,2,0,1,280
Lowell,7,1,484,247,3,4,8,3,0,0,3,0,10,762
Lowell,7,2,517,259,3,2,1,9,0,0,2,0,20,813
Lowell,7,3,585,234,8,6,9,14,0,0,3,0,17,876
Lowell,7,4,352,215,7,1,0,6,0,0,3,0,11,595
Lowell,8,1,659,371,2,4,3,4,0,0,6,0,15,1064
Lowell,8,2,628,328,6,4,3,7,0,0,5,0,14,995
Lowell,8,3,981,627,12,13,3,5,0,0,17,0,31,1689
Lowell,8,4,745,516,14,4,2,3,0,0,5,0,19,1308
Lowell,8,4A,35,10,0,0,1,0,0,0,0,0,0,46
Ludlow,-,1,888,1013,8,9,10,3,0,0,2,0,28,1961
Ludlow,-,2,677,688,9,10,11,8,0,0,6,0,15,1424
Ludlow,-,3,904,1377,5,14,7,3,0,0,8,0,14,2332
Ludlow,-,4,903,913,8,14,5,1,0,0,9,0,13,1866
Ludlow,-,5,659,813,7,16,6,1,0,0,6,0,12,1520
Ludlow,-,6,994,1126,9,12,8,1,0,0,9,0,23,2182
Lunenburg,-,A,961,788,4,11,13,1,0,0,9,0,26,1813
Lunenburg,-,B,912,769,5,9,24,5,0,0,1,0,19,1744
Lunenburg,-,B1,42,37,0,0,0,0,0,0,0,0,2,81
Lunenburg,-,C,887,777,9,5,15,7,0,0,1,0,24,1725
Lunenburg,-,C1,9,4,0,0,0,0,0,0,0,0,0,13
Lunenburg,-,D,1055,832,17,12,18,4,0,0,4,0,23,1965
Lynn,1,1,1188,947,12,4,11,4,0,0,15,0,28,2209
Lynn,1,2,865,719,11,5,9,3,0,0,8,0,25,1645
Lynn,1,2A,207,140,2,1,0,1,0,0,1,0,3,355
Lynn,1,3,993,668,13,7,9,8,0,0,10,0,22,1730
Lynn,1,4,815,524,5,11,3,7,0,0,8,0,9,1382
Lynn,2,1,1047,745,16,9,6,7,0,0,7,0,16,1853
Lynn,2,2,629,434,11,11,0,10,0,0,4,0,5,1104
Lynn,2,3,492,261,5,4,2,4,0,0,6,0,7,781
Lynn,2,4,449,255,6,3,5,5,0,0,1,0,10,734
Lynn,3,1,744,493,15,9,8,8,0,0,8,0,9,1294
Lynn,3,2,509,336,9,5,2,8,0,0,5,0,14,888
Lynn,3,3,790,419,18,8,0,4,0,0,5,0,8,1252
Lynn,3,4,848,363,12,5,5,10,0,0,4,0,10,1257
Lynn,4,1,343,218,4,6,2,5,0,0,1,0,5,584
Lynn,4,2,410,189,6,7,3,2,0,0,2,0,5,624
Lynn,4,3,517,289,4,6,4,12,0,0,2,0,5,839
Lynn,4,3A,108,57,8,2,1,1,0,0,4,0,0,181
Lynn,4,4,684,367,11,7,3,9,0,0,11,0,11,1103
Lynn,5,1,759,479,6,10,8,7,0,0,4,0,13,1286
Lynn,5,2,398,246,9,4,0,4,0,0,2,0,6,669
Lynn,5,3,366,210,2,5,0,6,0,0,1,0,5,595
Lynn,5,4,806,363,8,8,2,12,0,0,6,0,22,1227
Lynn,6,1,538,259,2,7,6,8,0,0,5,0,7,832
Lynn,6,2,378,269,1,4,3,9,0,0,0,0,1,665
Lynn,6,3,431,258,4,2,2,9,0,0,0,0,10,716
Lynn,6,4,652,388,7,2,3,6,0,0,3,0,19,1080
Lynn,7,1,914,582,12,10,5,7,0,0,3,0,22,1555
Lynn,7,2,895,587,9,7,4,12,0,0,3,0,13,1530
Lynn,7,3,550,374,10,6,4,5,0,0,5,0,7,961
Lynn,7,4,657,426,9,6,5,4,0,0,3,0,6,1116
Lynnfield,-,1,984,940,8,12,3,0,0,0,0,0,44,1991
Lynnfield,-,2,1005,984,11,6,11,2,0,0,0,0,42,2061
Lynnfield,-,3,918,1021,12,11,14,4,0,0,0,0,31,2011
Lynnfield,-,4,906,1133,6,10,10,3,0,0,0,0,36,2104
Malden,1,1,570,177,8,3,2,6,0,0,1,0,5,772
Malden,1,2,586,266,11,1,4,9,0,0,6,0,8,891
Malden,1,3,632,252,12,6,8,6,0,0,4,0,9,929
Malden,2,1,496,203,12,7,1,8,0,0,5,0,15,747
Malden,2,2,506,308,17,3,1,6,0,0,8,0,15,864
Malden,2,3,647,322,15,8,2,7,0,0,6,0,11,1018
Malden,3,1,398,160,10,2,5,6,0,0,3,0,5,589
Malden,3,1A,472,216,5,3,3,4,0,0,6,0,7,716
Malden,3,2,692,207,24,3,9,20,0,0,8,0,14,977
Malden,3,3,834,246,22,5,5,5,0,0,12,0,10,1139
Malden,4,1,620,234,17,4,4,5,0,0,2,0,8,894
Malden,4,2,442,132,10,4,4,7,0,0,1,0,4,604
Malden,4,3,641,166,17,5,1,10,0,0,4,0,6,850
Malden,5,1,619,287,13,7,7,4,0,0,7,0,11,955
Malden,5,2,958,353,8,4,5,8,0,0,7,0,9,1352
Malden,5,3,356,119,10,1,0,3,0,0,2,0,6,497
Malden,5,3A,383,141,5,2,2,1,0,0,8,0,9,551
Malden,6,1,844,387,15,6,7,10,0,0,1,0,13,1283
Malden,6,2,615,290,10,7,4,4,0,0,4,0,9,943
Malden,6,3,626,343,19,7,2,3,0,0,2,0,10,1012
Malden,7,1,553,183,14,5,0,6,0,0,4,0,14,779
Malden,7,2,546,258,11,7,1,8,0,0,6,0,15,852
Malden,7,3,285,191,4,6,3,4,0,0,1,0,4,498
Malden,7,3A,248,99,6,1,0,2,0,0,1,0,5,362
Malden,8,1,661,379,22,9,2,10,0,0,4,0,12,1099
Malden,8,2,623,299,18,5,1,6,0,0,2,0,6,960
Malden,8,3,474,225,15,1,4,5,0,0,8,0,10,742
Manchester-by-the-Sea,-,1,2575,952,22,19,29,9,0,0,30,0,46,3682
Mansfield,-,1,1121,931,22,21,14,1,0,0,24,0,31,2165
Mansfield,-,2,844,636,20,8,2,1,0,0,7,0,20,1538
Mansfield,-,2A,351,231,3,5,5,0,0,0,5,0,4,604
Mansfield,-,3,1327,922,20,10,11,2,0,0,26,0,19,2337
Mansfield,-,4,1146,810,23,16,19,4,0,0,17,0,29,2064
Mansfield,-,5,994,669,21,11,11,5,0,0,13,0,25,1749
Mansfield,-,6,899,571,26,15,13,8,0,0,7,0,14,1553
Mansfield,-,6A,136,90,3,2,1,0,0,0,0,0,3,235
Mansfield,-,7,1121,673,11,13,11,3,0,0,8,0,16,1856
Marblehead,-,1,1657,603,14,11,21,5,0,0,15,0,36,2362
Marblehead,-,2,1645,598,14,9,15,6,0,0,15,0,36,2338
Marblehead,-,3,1449,638,12,5,11,6,0,0,15,0,26,2162
Marblehead,-,4,1526,686,11,9,17,11,0,0,22,0,49,2331
Marblehead,-,5,1468,692,4,4,14,2,0,0,8,0,31,2223
Marblehead,-,6,1554,698,11,11,20,3,0,0,17,0,30,2344
Marion,-,1,2236,1308,14,15,20,4,0,0,35,0,48,3680
Marlborough,1,1,678,364,7,3,3,2,0,0,7,0,13,1077
Marlborough,1,1A,23,7,0,0,0,0,0,0,0,0,0,30
Marlborough,1,2,1155,585,10,8,13,3,0,0,19,0,23,1816
Marlborough,2,1,852,562,14,7,14,4,0,0,8,0,13,1474
Marlborough,2,2,723,411,1,3,7,2,0,0,4,0,7,1158
Marlborough,2,2A,4,7,0,0,1,0,0,0,1,0,0,13
Marlborough,3,1,532,378,9,8,10,4,0,0,2,0,17,960
Marlborough,3,2,1118,573,18,10,14,4,0,0,13,0,17,1767
Marlborough,4,1,439,333,4,1,4,1,0,0,2,0,7,791
Marlborough,4,2,1036,632,14,11,11,4,0,0,8,0,20,1736
Marlborough,5,1,527,348,8,3,1,0,0,0,3,0,10,900
Marlborough,5,2,910,481,10,5,8,2,0,0,4,0,18,1438
Marlborough,6,1,567,369,4,5,1,2,0,0,2,0,9,959
Marlborough,6,2,999,665,15,10,7,4,0,0,6,0,21,1727
Marlborough,7,1,683,430,6,5,6,0,0,0,2,0,11,1143
Marlborough,7,2,720,492,1,12,6,4,0,0,7,0,12,1254
Marlborough,7,2A,30,14,0,0,1,0,0,0,0,0,0,45
Marshfield,-,1,1236,1225,17,20,8,1,0,0,0,0,39,2546
Marshfield,-,2,1104,1017,6,15,16,8,0,0,0,0,38,2204
Marshfield,-,2A,177,105,0,2,1,0,0,0,0,0,4,289
Marshfield,-,3,1310,1198,16,24,18,5,0,0,0,0,34,2605
Marshfield,-,4,1135,1000,10,11,14,3,0,0,0,0,49,2222
Marshfield,-,5,1188,1041,13,23,14,2,0,0,0,0,42,2323
Marshfield,-,6,1418,1288,7,17,20,2,0,0,0,0,52,2804
Marshfield,-,7,1335,1154,12,11,10,2,0,0,0,0,55,2579
Mashpee,-,1,1257,745,7,10,7,5,0,0,7,0,20,2058
Mashpee,-,2,1006,805,9,11,6,2,0,0,8,0,20,1867
Mashpee,-,3,949,892,4,16,10,2,0,0,3,0,18,1894
Mashpee,-,4,1135,725,5,10,12,5,0,0,10,0,20,1922
Mashpee,-,5,1536,1138,3,14,12,3,0,0,17,0,34,2757
Mattapoisett,-,1,1337,1066,7,8,6,1,0,0,10,0,32,2467
Mattapoisett,-,2,1402,1010,8,12,17,1,0,0,17,0,27,2494
Maynard,-,1,1194,468,17,5,12,5,0,0,7,0,16,1724
Maynard,-,2,1045,396,9,6,7,8,0,0,6,0,17,1494
Maynard,-,3,1472,512,14,9,8,8,0,0,13,0,27,2063
Maynard,-,4,1032,390,10,7,13,3,0,0,5,0,21,1481
Medfield,-,1,1376,693,15,10,16,3,0,0,22,0,32,2167
Medfield,-,2,1337,568,16,9,9,2,0,0,21,0,23,1985
Medfield,-,3,1274,633,8,10,26,3,0,0,27,0,36,2017
Medfield,-,4,1243,606,16,10,15,4,0,0,34,0,36,1964
Medford,1,1,1244,635,24,6,8,14,0,0,18,0,20,1969
Medford,1,2,1301,604,29,13,10,10,0,0,11,0,32,2010
Medford,2,1,1162,587,24,6,6,5,0,0,10,0,31,1831
Medford,2,2,1505,848,20,9,11,22,0,0,20,0,32,2467
Medford,3,1,1486,692,22,4,15,6,0,0,13,0,30,2268
Medford,3,2,1652,678,20,9,11,7,0,0,26,0,22,2425
Medford,4,1,741,144,14,3,5,11,0,0,8,0,2,928
Medford,4,2,1466,417,30,11,14,14,0,0,14,0,22,1988
Medford,5,1,1308,383,36,4,5,16,0,0,13,0,12,1777
Medford,5,2,1403,351,20,8,11,26,0,0,7,0,23,1849
Medford,6,1,1757,329,23,6,12,23,0,0,11,0,20,2181
Medford,6,2,1447,455,31,11,7,11,0,0,11,0,17,1990
Medford,6,2A,102,45,0,1,0,1,0,0,1,0,3,153
Medford,7,1,847,287,19,6,4,4,0,0,13,0,10,1190
Medford,7,2,1015,343,15,8,8,6,0,0,9,0,19,1423
Medford,7,2A,44,6,0,0,0,0,0,0,0,0,0,50
Medford,8,1,1356,509,24,11,7,11,0,0,12,0,26,1956
Medford,8,2,1214,461,18,8,11,16,0,0,9,0,15,1752
Medway,-,1,1166,723,4,13,12,2,0,0,25,0,31,1976
Medway,-,2,1337,814,14,11,12,5,2,1,21,0,21,2238
Medway,-,3,1292,827,12,12,12,4,0,0,19,0,13,2191
Medway,-,4,1234,828,7,10,13,1,0,0,9,0,28,2130
Melrose,1,1,1021,276,11,6,11,4,0,0,11,0,9,1349
Melrose,1,2,847,257,27,8,2,1,0,0,10,0,14,1166
Melrose,2,1,894,392,10,4,8,4,0,0,15,0,15,1342
Melrose,2,2,855,343,5,7,8,4,0,0,5,0,15,1242
Melrose,3,1,844,284,17,4,5,2,0,0,7,0,10,1173
Melrose,3,2,872,330,8,6,8,2,0,0,8,0,19,1253
Melrose,4,1,843,297,13,4,5,2,0,0,8,0,15,1187
Melrose,4,2,892,456,15,8,11,3,0,0,13,0,26,1424
Melrose,5,1,703,225,12,1,4,2,0,0,2,0,10,959
Melrose,5,2,705,181,6,4,4,5,0,0,5,0,7,917
Melrose,6,1,838,297,4,3,8,5,0,0,13,0,7,1175
Melrose,6,2,937,452,7,3,4,1,0,0,8,0,15,1427
Melrose,7,1,891,342,8,8,7,6,0,0,16,0,7,1285
Melrose,7,2,899,447,7,4,8,8,0,0,14,0,15,1402
Mendon,-,1,935,913,5,9,12,1,0,0,11,0,30,1916
Mendon,-,2,1037,964,10,11,21,2,0,0,10,0,37,2092
Merrimac,-,1,1148,855,8,12,10,5,0,0,0,0,39,2077
Merrimac,-,2,1235,959,8,11,14,6,0,0,15,0,25,2273
Methuen,-,1,579,468,3,2,1,2,0,0,2,0,4,1061
Methuen,-,2,600,445,9,7,1,11,0,0,1,0,2,1076
Methuen,-,3,871,745,9,7,5,5,0,0,8,0,5,1655
Methuen,-,4,772,624,4,5,7,10,0,0,2,0,11,1435
Methuen,-,5,824,806,22,6,5,3,0,0,12,0,0,1678
Methuen,-,6,668,721,12,4,3,5,0,0,5,0,5,1423
Methuen,-,6A,89,73,2,1,0,2,0,0,1,0,1,169
Methuen,-,7,951,917,18,10,1,5,0,0,19,0,12,1933
Methuen,-,8,892,939,4,13,7,5,0,0,9,0,6,1875
Methuen,-,9,806,1058,16,10,7,10,0,0,13,0,9,1929
Methuen,-,10,879,862,17,10,7,3,0,0,11,0,20,1809
Methuen,-,11,972,1156,6,11,6,5,0,0,13,0,13,2182
Methuen,-,12,922,883,11,8,7,3,0,0,9,0,0,1843
Methuen,-,13,521,535,1,7,1,3,0,0,11,0,4,1083
Methuen,-,13A,307,297,2,5,5,1,0,0,5,0,2,624
Methuen,-,14,897,755,6,7,3,5,0,0,2,0,0,1675
Methuen,-,15,670,546,10,9,7,3,0,0,3,0,5,1253
Middleborough,-,1,1183,1414,7,10,9,4,0,1,4,0,26,2658
Middleborough,-,2,824,901,2,11,12,4,0,0,9,0,12,1775
Middleborough,-,3,814,1254,4,11,8,1,1,1,6,0,17,2117
Middleborough,-,4,695,843,8,12,10,3,0,0,8,0,8,1587
Middleborough,-,5,704,1113,8,10,9,4,1,0,6,0,16,1871
Middleborough,-,5A,148,259,2,1,0,1,0,0,1,0,2,414
Middleborough,-,6,847,1179,5,10,15,5,0,0,8,0,22,2091
Middleborough,-,7,627,803,4,8,10,2,0,0,12,0,14,1480
Middleborough,-,7A,179,348,6,5,1,2,1,1,0,0,1,544
Middlefield,-,1,185,126,2,0,1,1,0,0,0,0,2,317
Middleton,-,1,1066,1173,17,14,12,2,0,0,17,0,22,2323
Middleton,-,2,640,770,4,3,12,2,0,0,16,0,19,1466
Middleton,-,3,852,1140,12,8,11,4,0,0,15,0,15,2057
Milford,-,1,596,438,2,5,5,2,0,0,13,0,1,1062
Milford,-,2,935,799,5,18,4,6,0,1,4,0,19,1791
Milford,-,3,826,735,17,5,9,3,1,0,10,0,18,1624
Milford,-,4,578,522,6,9,3,3,0,0,16,0,2,1139
Milford,-,5,1194,959,22,8,9,4,2,0,19,0,24,2241
Milford,-,6,997,754,10,8,16,6,4,0,10,0,18,1823
Milford,-,7,1304,959,12,12,14,3,1,0,18,0,18,2341
Milford,-,8,1156,776,16,17,11,6,1,0,11,0,18,2012
Millbury,-,1,913,976,8,13,12,3,0,0,8,0,15,1948
Millbury,-,2,1031,1113,10,12,9,4,0,0,7,0,23,2209
Millbury,-,3,1015,997,14,15,14,5,0,0,4,0,19,2083
Millbury,-,4,945,908,14,12,12,2,0,0,9,0,16,1918
Millis,-,1,1044,672,6,12,12,8,0,1,16,0,23,1794
Millis,-,2,1014,763,7,15,12,5,2,0,15,0,26,1859
Millis,-,3,1502,821,8,12,12,3,3,0,15,0,36,2412
Millville,-,1,708,1055,5,9,7,8,0,0,0,0,16,1808
Milton,-,1,1343,256,9,2,13,5,0,0,11,0,9,1648
Milton,-,2,1474,267,10,7,8,5,0,0,17,0,26,1814
Milton,-,3,1316,424,5,6,15,7,0,0,15,0,25,1813
Milton,-,4,727,283,5,3,6,2,0,0,10,0,16,1052
Milton,-,4A,508,118,3,4,3,5,0,0,8,0,11,660
Milton,-,5,1016,356,7,2,6,2,0,0,13,0,17,1419
Milton,-,6,1075,648,15,15,9,5,0,0,17,0,29,1813
Milton,-,7,1028,578,10,7,10,3,0,0,12,0,29,1677
Milton,-,8,1131,692,10,11,9,3,0,0,13,0,28,1897
Milton,-,9,1123,708,18,10,13,3,0,0,12,0,21,1908
Milton,-,10,977,214,11,8,7,3,0,0,15,0,16,1251
Monroe,-,1,24,39,0,3,0,0,0,0,0,0,0,66
Monson,-,A,747,920,6,18,8,6,0,0,4,0,10,1719
Monson,-,B,726,884,10,7,10,0,0,0,0,0,14,1651
Monson,-,C,774,909,5,12,9,3,0,0,4,0,17,1733
Montague,-,1,790,194,21,2,6,7,0,0,10,0,5,1035
Montague,-,2,493,306,13,7,5,3,0,0,6,0,6,839
Montague,-,3,524,296,1,5,9,5,0,0,4,0,10,854
Montague,-,4,553,214,10,3,5,6,0,0,3,0,2,796
Montague,-,5,420,130,21,6,3,19,0,0,5,0,7,611
Montague,-,6,453,222,13,3,2,9,0,0,3,0,2,707
Monterey,-,1,482,95,7,3,3,3,0,0,4,0,7,604
Montgomery,-,1,237,302,3,3,3,0,0,0,0,0,8,556
Mount Washington,-,1,93,23,1,1,1,0,0,0,2,0,4,125
Nahant,-,1,1445,841,11,5,3,1,0,0,18,0,28,2352
Nantucket,-,1,4784,2171,39,38,33,17,0,0,36,0,56,7174
Natick,-,1,946,359,9,5,4,5,0,0,6,0,16,1350
Natick,-,2,1420,531,27,12,11,4,0,0,18,0,38,2061
Natick,-,3,1471,547,11,11,12,3,0,0,12,0,37,2104
Natick,-,4,1475,423,19,15,13,2,3,0,11,0,24,1985
Natick,-,5,1427,613,6,14,12,2,1,0,7,0,37,2119
Natick,-,6,1388,544,7,12,6,6,1,0,29,0,16,2009
Natick,-,7,1832,504,16,5,15,9,6,0,15,0,21,2423
Natick,-,8,1610,546,13,20,15,3,6,0,13,0,27,2253
Natick,-,9,1711,462,13,10,12,3,1,0,17,0,35,2264
Natick,-,10,1881,590,23,10,12,4,0,0,20,0,40,2580
Needham,-,A,1171,463,18,9,16,8,0,0,22,0,23,1730
Needham,-,B,1460,449,12,10,10,4,0,0,25,0,27,1997
Needham,-,C,1407,385,13,8,11,2,0,0,30,0,19,1875
Needham,-,D,1394,399,10,5,12,3,0,0,28,0,25,1876
Needham,-,E,1508,422,10,11,9,1,0,0,29,0,26,2016
Needham,-,F,1438,408,14,8,11,7,0,0,19,0,29,1934
Needham,-,G,1519,414,8,7,13,2,0,0,28,0,31,2022
Needham,-,H,1537,486,11,11,19,8,0,0,23,0,36,2131
Needham,-,I,1679,371,20,9,15,1,0,0,30,0,20,2145
Needham,-,J,1473,436,11,8,8,14,0,0,16,0,14,1980
New Ashford,-,1,93,65,1,0,3,0,0,0,0,0,2,164
New Bedford,1,A,534,617,3,9,3,3,0,0,6,0,8,1183
New Bedford,1,A1,65,50,2,3,1,0,0,0,1,0,1,123
New Bedford,1,B,640,726,3,8,3,3,0,0,3,0,6,1392
New Bedford,1,B1,58,44,0,0,0,0,0,0,0,0,2,104
New Bedford,1,C,447,479,4,6,2,3,0,0,2,0,7,950
New Bedford,1,C1,92,93,0,2,0,1,0,0,2,0,0,190
New Bedford,1,D,674,872,9,10,2,5,0,0,5,0,16,1593
New Bedford,1,E,674,682,2,6,5,2,0,0,1,0,11,1383
New Bedford,1,F,647,748,6,8,5,2,0,0,6,0,5,1427
New Bedford,2,A,168,134,2,2,3,2,0,0,0,0,4,315
New Bedford,2,B,227,260,4,3,0,3,0,0,1,0,4,502
New Bedford,2,C,274,304,0,3,2,0,0,0,2,0,8,593
New Bedford,2,D,544,435,7,3,3,4,0,0,7,0,9,1012
New Bedford,2,E,536,666,6,9,4,3,0,0,5,0,5,1234
New Bedford,2,F,414,456,9,13,2,5,0,0,3,0,6,908
New Bedford,3,A,352,212,1,3,0,5,0,0,7,0,4,584
New Bedford,3,B,325,274,4,3,1,3,0,0,1,0,5,616
New Bedford,3,C,231,250,4,3,5,3,0,0,1,0,4,501
New Bedford,3,D,383,370,4,3,0,3,0,0,5,0,7,775
New Bedford,3,E,573,495,2,6,5,6,0,0,7,0,8,1102
New Bedford,3,F,515,393,4,4,1,4,0,0,2,0,13,936
New Bedford,3,F1,240,196,1,4,0,1,0,0,2,0,2,446
New Bedford,4,A,207,96,0,3,1,2,0,0,0,0,3,312
New Bedford,4,A1,217,108,1,6,0,4,0,0,1,0,2,339
New Bedford,4,B,571,341,6,8,2,12,0,0,7,0,10,957
New Bedford,4,C,663,277,5,8,1,3,0,0,6,0,13,976
New Bedford,4,D,489,351,6,3,4,8,0,0,5,0,8,874
New Bedford,4,E,486,355,3,4,4,2,0,0,3,0,4,861
New Bedford,4,F,617,369,5,10,3,3,0,0,4,0,4,1015
New Bedford,5,A,691,409,7,3,1,3,0,0,1,0,10,1125
New Bedford,5,B,619,394,5,4,2,12,0,0,0,0,10,1046
New Bedford,5,C,559,452,4,1,6,3,0,0,4,0,5,1034
New Bedford,5,D,736,411,7,7,5,10,0,0,3,0,11,1190
New Bedford,5,E,820,546,4,3,4,6,0,0,5,0,8,1396
New Bedford,5,F,779,573,7,7,6,5,0,0,4,0,15,1396
New Bedford,6,A,609,571,6,7,5,3,0,0,2,0,10,1213
New Bedford,6,B,496,437,3,8,2,5,0,0,0,0,8,959
New Bedford,6,C,287,267,3,3,2,5,0,0,1,0,5,573
New Bedford,6,D,225,206,3,1,1,1,0,0,0,0,1,438
New Bedford,6,E,272,268,3,3,1,3,0,0,2,0,3,555
New Bedford,6,F,416,365,2,5,2,6,0,0,0,0,12,808
New Braintree,-,1,307,346,2,5,4,0,0,0,0,0,11,675
New Marlborough,-,1,666,275,5,5,4,4,0,0,9,0,34,1002
New Salem,-,1,420,260,11,6,8,2,0,0,4,0,3,714
Newbury,-,1,1518,835,22,14,14,1,0,0,16,0,35,2455
Newbury,-,2,1428,958,10,12,21,2,0,0,12,0,3,2446
Newburyport,1,1,1245,323,9,6,8,2,0,0,16,0,21,1630
Newburyport,2,1,1545,438,11,12,14,4,0,2,24,0,21,2071
Newburyport,3,1,1661,501,11,4,22,3,0,1,25,0,24,2252
Newburyport,4,1,1569,527,10,9,13,1,0,1,22,0,37,2189
Newburyport,5,1,1199,615,4,13,15,1,1,0,24,0,19,1891
Newburyport,6,1,1310,684,9,11,11,4,0,0,12,0,25,2066
Newburyport,1,P,282,190,1,1,2,0,0,0,2,0,2,480
Newton,1,1,914,439,28,7,2,4,0,0,19,0,14,1427
Newton,1,2,1176,210,14,2,16,12,0,0,8,0,10,1448
Newton,1,2A,58,12,0,0,1,0,0,0,1,0,3,75
Newton,1,3,1213,208,14,5,14,4,0,0,4,0,16,1478
Newton,1,4,981,438,14,8,7,5,0,0,12,0,21,1486
Newton,2,1,1149,255,18,8,6,4,0,0,6,0,27,1473
Newton,2,2,889,171,15,6,4,6,0,0,16,0,14,1121
Newton,2,3,1392,225,16,4,8,7,0,0,23,0,17,1692
Newton,2,4,1446,278,15,5,11,5,0,0,32,0,35,1827
Newton,3,1,1241,295,12,6,7,2,0,0,10,0,20,1593
Newton,3,1A,0,0,0,0,0,0,0,0,0,0,0,0
Newton,3,2,1307,217,8,7,12,3,0,0,16,0,28,1598
Newton,3,3,1183,399,17,9,6,4,0,0,9,0,18,1645
Newton,3,4,1112,384,14,5,3,6,0,0,16,0,25,1565
Newton,4,1,1141,315,12,6,7,3,0,0,10,0,20,1514
Newton,4,2,1160,174,12,3,5,2,0,0,14,0,15,1385
Newton,4,3,882,184,11,6,5,3,0,0,9,0,12,1112
Newton,4,4,1081,328,17,8,10,3,0,0,7,0,17,1471
Newton,5,1,1094,290,21,9,7,6,0,0,18,0,16,1461
Newton,5,2,1289,200,15,3,6,3,0,0,12,0,14,1542
Newton,5,3,1484,216,8,2,9,4,0,0,19,0,17,1759
Newton,5,4,1445,200,12,7,10,4,0,0,31,0,25,1734
Newton,6,1,1134,309,20,7,13,3,0,0,5,0,31,1522
Newton,6,2,1230,196,17,4,6,3,0,0,21,0,19,1496
Newton,6,3,1451,176,9,7,11,4,0,0,18,0,19,1695
Newton,6,4,1504,217,15,4,7,6,0,0,18,0,18,1789
Newton,7,1,979,264,23,7,11,4,0,0,29,0,19,1336
Newton,7,2,1370,283,13,2,7,4,0,0,30,0,19,1728
Newton,7,3,386,87,3,3,1,2,0,0,6,0,4,492
Newton,7,4,593,163,13,2,6,2,0,0,21,0,26,826
Newton,8,1,1018,396,8,1,8,1,0,0,27,0,29,1488
Newton,8,2,1019,394,21,4,7,2,0,0,38,0,26,1511
Newton,8,3,1153,361,18,8,7,4,0,0,18,0,25,1594
Newton,8,4,971,415,8,11,11,3,0,0,19,0,22,1460
Norfolk,-,1,657,472,5,5,10,2,0,0,7,0,19,1177
Norfolk,-,2,1171,825,15,10,9,2,0,0,11,0,30,2073
Norfolk,-,3,960,737,9,3,5,2,0,0,13,0,29,1758
Norfolk,-,4,1107,709,5,9,8,1,0,0,20,0,24,1883
N. Adams,1,1,835,413,8,3,4,5,0,0,2,0,19,1289
N. Adams,2,2,762,350,10,1,1,8,0,0,4,0,14,1150
N. Adams,3,3,549,230,10,4,4,10,0,0,1,0,11,819
N. Adams,4,4,862,418,7,5,2,4,0,0,3,0,9,1310
N. Adams,5,5,750,363,6,9,7,8,0,0,5,0,11,1159
N. Andover,-,1,1204,798,8,12,14,8,1,0,8,0,23,2076
N. Andover,-,2,1238,839,15,15,7,7,0,0,12,0,29,2162
N. Andover,-,3,1103,819,24,12,10,6,0,1,6,0,29,2010
N. Andover,-,4,1583,888,28,19,12,4,0,0,11,0,39,2584
N. Andover,-,5,682,440,13,3,8,1,0,0,6,0,21,1174
N. Andover,-,6,1406,949,12,9,15,3,0,0,27,0,35,2456
N. Andover,-,7,1403,814,33,10,7,5,0,0,16,0,28,2316
N. Andover,-,8,1293,982,14,15,13,1,0,0,18,0,27,2363
N. Attleborough,-,1,856,592,11,6,5,3,0,0,4,0,20,1497
N. Attleborough,-,2,1047,838,8,12,10,3,0,0,9,0,22,1949
N. Attleborough,-,3,909,1014,41,13,14,5,0,0,20,0,28,2044
N. Attleborough,-,4,936,705,18,10,7,3,0,0,4,0,18,1701
N. Attleborough,-,5,921,812,16,9,8,2,0,0,8,0,18,1794
N. Attleborough,-,6,1071,865,15,15,18,1,0,0,14,0,30,2029
N. Attleborough,-,7,1124,1028,17,15,7,6,0,0,15,0,25,2237
N. Attleborough,-,8,1024,848,20,6,11,5,0,0,16,0,31,1961
N. Attleborough,-,9,926,877,6,4,11,7,0,0,10,0,23,1864
N. Brookfield,-,1,1156,1623,9,11,13,8,0,0,8,0,26,2854
N. Reading,-,1,1330,1053,6,13,18,2,0,0,17,0,30,2469
N. Reading,-,2,1382,1162,8,13,7,8,0,0,19,0,46,2645
N. Reading,-,3,1227,1119,9,16,11,6,0,0,17,0,34,2439
N. Reading,-,4,1287,1101,13,17,13,3,0,0,18,0,31,2483
Northampton,1,A,958,144,21,2,5,10,0,0,5,0,8,1153
Northampton,1,B,1167,90,19,0,5,14,0,1,8,0,13,1317
Northampton,2,A,899,39,25,1,2,16,0,1,6,0,9,998
Northampton,2,B,728,52,15,1,3,15,0,0,3,0,7,824
Northampton,3,A,1017,139,49,0,6,37,1,1,3,0,13,1266
Northampton,3,B,1041,94,58,3,4,29,0,3,3,0,10,1245
Northampton,4,A,864,64,16,2,9,18,0,0,2,0,16,991
Northampton,4,B,1137,105,22,2,2,22,0,2,20,0,15,1327
Northampton,5,A,947,128,20,6,1,8,0,0,3,0,11,1124
Northampton,5,B,1141,113,25,5,5,12,0,0,10,0,4,1315
Northampton,6,A,1165,317,22,12,4,6,0,0,9,0,13,1548
Northampton,6,B,1259,209,14,2,4,13,2,0,7,0,9,1519
Northampton,7,A,1057,142,21,5,3,7,0,1,7,0,13,1256
Northampton,7,B,1097,164,20,8,5,20,0,0,8,0,10,1332
Northborough,-,1,1421,774,33,15,12,7,0,0,15,0,19,2296
Northborough,-,2,1443,688,29,11,24,5,0,0,14,0,17,2231
Northborough,-,3,1517,730,25,11,17,6,0,0,27,0,28,2361
Northborough,-,4,1470,777,33,16,13,3,0,0,21,0,19,2352
Northbridge,-,1,1061,872,7,16,17,6,0,0,16,0,26,2021
Northbridge,-,2,808,793,13,16,15,3,0,0,17,0,17,1682
Northbridge,-,3,710,784,5,10,11,2,0,0,8,0,19,1549
Northbridge,-,4,953,1067,11,16,14,2,0,0,14,0,24,2101
Northbridge,-,5,841,999,13,11,30,3,0,0,10,0,16,1923
Northfield,-,1,1179,689,19,13,17,4,0,0,17,0,16,1954
Norton,-,1,1016,956,10,14,11,3,0,0,14,0,1,2025
Norton,-,2,1283,1208,13,18,14,4,0,0,17,0,1,2558
Norton,-,3,1283,1208,13,18,14,4,0,0,0,0,18,2558
Norton,-,4,1069,1007,11,15,12,4,0,0,0,0,14,2132
Norton,-,5,695,654,7,10,8,2,0,0,0,0,10,1386
Norwell,-,1,1200,947,9,18,12,1,0,0,15,0,31,2233
Norwell,-,2,1341,1097,11,9,18,3,0,0,18,0,44,2541
Norwell,-,3,1383,886,11,20,12,4,0,0,39,0,26,2381
Norwood,-,1,1181,666,17,10,8,1,0,0,15,0,10,1908
Norwood,-,2,1065,665,10,6,14,2,0,0,11,0,25,1798
Norwood,-,3,1167,693,16,7,14,7,0,0,21,0,21,1946
Norwood,-,4,1272,759,14,13,13,6,0,0,13,0,18,2108
Norwood,-,5,840,426,3,10,5,8,0,0,7,0,10,1309
Norwood,-,6,780,626,17,11,5,2,0,0,9,0,18,1468
Norwood,-,7,1085,736,16,4,5,7,0,0,8,0,20,1881
Norwood,-,8,1156,754,17,13,10,6,0,0,18,0,22,1996
Norwood,-,9,1020,831,17,7,12,3,0,0,17,0,23,1930
Oak Bluffs,-,1,2247,798,26,17,4,4,0,0,10,0,24,3130
Oakham,-,1,514,720,5,8,11,2,0,0,3,0,3,1266
Orange,-,1,878,1015,10,17,10,6,0,0,9,0,14,1959
Orange,-,2,1001,927,7,17,2,6,0,0,8,0,17,1985
Orleans,-,1,1711,606,13,9,10,4,0,0,25,0,25,2403
Orleans,-,2,1514,827,13,8,15,2,0,0,11,0,29,2419
Otis,-,1,549,489,10,5,8,3,1,0,4,0,4,1073
Oxford,-,1,840,1090,6,23,7,4,1,0,0,0,29,2000
Oxford,-,2,838,944,8,8,8,8,0,0,0,0,17,1831
Oxford,-,3,858,1026,6,7,3,4,2,1,5,0,14,1926
Oxford,-,4,765,1005,8,9,10,5,0,0,0,0,19,1821
Oxford,-,4A,9,19,0,2,0,0,0,0,0,0,2,32
Palmer,-,1,762,945,15,15,12,5,0,0,1,0,11,1766
Palmer,-,2,697,1012,8,10,8,2,0,0,2,0,19,1758
Palmer,-,3,666,664,8,12,5,3,0,0,3,0,16,1377
Palmer,-,4,630,899,6,9,3,5,0,0,0,0,12,1564
Paxton,-,1,1557,1350,12,19,15,4,0,0,14,0,26,2997
Peabody,1,1,920,795,8,26,4,3,0,0,10,0,11,1777
Peabody,1,2,856,908,7,12,5,2,0,0,7,0,16,1813
Peabody,1,3,937,1014,2,7,8,3,0,0,13,0,10,1994
Peabody,2,1,646,454,3,6,5,2,0,0,4,0,9,1129
Peabody,2,2,627,495,11,3,3,1,0,0,5,0,6,1151
Peabody,2,3,761,701,7,12,3,1,0,0,8,0,9,1502
Peabody,3,1,498,408,5,11,4,2,0,0,6,0,8,942
Peabody,3,2,690,550,4,14,3,6,0,0,11,0,11,1289
Peabody,3,3,754,633,5,9,7,6,0,0,8,0,15,1437
Peabody,4,1,801,706,9,19,4,2,0,0,10,0,18,1569
Peabody,4,2,568,541,3,7,3,3,0,0,5,0,14,1144
Peabody,4,3,311,304,3,2,1,0,0,0,3,0,8,632
Peabody,4,3A,1142,331,6,8,4,2,0,0,4,0,22,1519
Peabody,5,1,987,898,6,8,9,4,0,0,6,0,21,1939
Peabody,5,2,649,797,3,7,1,0,0,0,5,0,17,1479
Peabody,5,3,797,804,6,13,4,3,0,0,11,0,10,1648
Peabody,6,1,948,1101,5,10,6,0,0,0,14,0,22,2106
Peabody,6,2,799,1051,2,13,1,0,0,0,9,0,14,1889
Peabody,6,3,880,1193,7,9,4,2,0,0,13,0,31,2139
Pelham,-,1,743,88,9,0,6,4,0,0,0,0,11,861
Pembroke,-,1,1199,1189,10,18,14,5,0,0,23,0,20,2478
Pembroke,-,2,986,1131,13,12,12,5,0,0,13,0,25,2197
Pembroke,-,3,1039,1216,9,17,9,3,0,0,8,0,19,2320
Pembroke,-,3A,14,4,0,0,0,0,0,0,0,0,0,18
Pembroke,-,4,1100,1216,5,23,14,2,0,0,22,0,25,2407
Pembroke,-,5,1082,1036,5,10,8,5,0,0,13,0,25,2184
Pepperell,-,1,861,808,6,13,10,5,0,0,17,0,16,1736
Pepperell,-,2,1052,933,8,11,20,5,0,0,17,0,26,2072
Pepperell,-,3,933,901,12,17,15,3,1,0,11,0,20,1913
Pepperell,-,4,883,715,8,14,10,7,3,0,7,0,8,1655
Peru,-,1,256,244,2,9,5,2,0,0,1,0,9,528
Petersham,-,1,518,352,7,4,5,5,1,0,3,0,6,901
Phillipston,-,1,438,697,4,11,2,6,0,0,0,0,12,1170
Pittsfield,1,A,751,330,13,5,1,3,0,0,4,0,5,1112
Pittsfield,1,B,1053,448,11,6,7,2,0,0,10,0,13,1550
Pittsfield,2,A,571,243,9,3,2,6,0,0,3,0,4,841
Pittsfield,2,B,1143,418,7,12,3,3,0,0,3,0,16,1605
Pittsfield,3,A,1310,381,13,11,11,4,0,0,8,0,9,1747
Pittsfield,3,B,1332,502,10,9,5,5,0,0,3,0,22,1888
Pittsfield,4,A,1324,403,17,8,7,7,0,0,7,0,23,1796
Pittsfield,4,B,1433,565,11,7,7,3,0,0,10,0,13,2049
Pittsfield,5,A,1028,347,16,6,3,6,0,0,9,0,12,1427
Pittsfield,5,B,1093,516,8,7,7,3,0,0,5,0,17,1656
Pittsfield,6,A,1102,354,18,4,7,7,0,0,7,0,8,1507
Pittsfield,6,B,763,286,8,4,4,5,0,0,2,0,13,1085
Pittsfield,7,A,627,382,11,3,6,4,0,0,3,0,6,1042
Pittsfield,7,B,1098,483,12,11,14,2,0,0,7,0,14,1641
Plainfield,-,1,274,136,8,2,2,4,0,0,2,0,4,432
Plainville,-,1,852,811,14,16,17,4,0,0,13,0,20,1747
Plainville,-,2,962,878,11,6,11,4,0,0,10,0,27,1909
Plainville,-,3,968,944,14,15,12,9,0,0,12,0,26,2000
Plymouth,-,1,916,668,5,9,10,5,0,0,7,0,15,1635
Plymouth,-,2,1063,816,12,9,8,4,0,0,8,0,26,1946
Plymouth,-,3,1184,746,10,19,8,4,1,0,9,0,28,2009
Plymouth,-,4,1116,822,12,12,7,7,1,0,14,0,27,2018
Plymouth,-,5,1062,893,12,15,8,7,0,1,7,0,21,2026
Plymouth,-,6,1328,971,6,9,19,4,0,0,17,0,29,2383
Plymouth,-,7,1180,999,15,10,9,5,1,0,10,0,25,2254
Plymouth,-,8,1273,1120,10,12,12,1,1,0,7,0,28,2464
Plymouth,-,9,926,1081,11,12,16,1,0,0,15,0,19,2081
Plymouth,-,10,1203,1095,9,12,14,1,0,0,8,0,24,2366
Plymouth,-,11,1155,1120,4,15,10,3,0,0,11,0,28,2346
Plymouth,-,12,918,1012,9,16,12,2,1,0,7,0,24,2001
Plymouth,-,13,1242,1066,6,10,9,5,0,0,7,0,38,2383
Plymouth,-,14,1091,1286,8,13,13,3,0,1,11,0,31,2457
Plymouth,-,15,2204,1144,7,12,13,0,0,1,29,0,55,3465
Plymouth,-,16,1488,980,6,5,12,2,0,0,15,0,22,2530
Plymouth,-,17,1548,1263,12,17,16,7,0,1,10,0,22,2896
Plymouth,-,18,761,749,6,10,11,7,0,0,12,0,19,1575
Plympton,-,1,878,1061,10,12,10,5,0,0,3,0,21,2000
Princeton,-,1,1466,996,23,7,12,4,0,0,21,0,30,2559
Provincetown,-,1,2429,191,18,6,4,8,0,0,6,0,9,2671
Quincy,1,1,756,425,11,8,8,10,0,0,8,0,12,1238
Quincy,1,2,636,439,9,2,6,5,0,0,7,0,15,1119
Quincy,1,3,947,330,18,11,8,6,0,0,12,0,4,1336
Quincy,1,4,1053,904,11,9,5,3,0,0,14,0,29,2028
Quincy,1,5,1065,938,9,7,10,3,0,0,15,0,29,2076
Quincy,2,1,660,399,20,5,4,6,0,0,9,0,15,1118
Quincy,2,2,749,407,12,5,5,2,0,0,9,0,10,1199
Quincy,2,3,533,299,12,5,6,2,0,0,3,0,8,868
Quincy,2,4,695,472,16,3,2,6,0,0,9,0,15,1218
Quincy,2,5,804,465,15,8,3,9,0,0,10,0,16,1330
Quincy,3,1,1119,574,24,10,9,7,0,0,14,0,24,1781
Quincy,3,2,894,435,9,7,7,11,0,0,11,0,15,1389
Quincy,3,3,695,457,9,2,1,7,0,0,4,0,11,1186
Quincy,3,4,952,692,11,4,10,3,0,0,9,0,25,1706
Quincy,3,5,734,382,12,5,4,6,0,0,8,0,11,1162
Quincy,4,1,893,469,8,8,3,4,0,0,13,0,13,1411
Quincy,4,2,939,642,14,6,7,6,0,0,9,0,27,1650
Quincy,4,3,1093,716,18,8,9,4,0,0,18,0,20,1886
Quincy,4,4,734,349,15,2,4,4,0,0,7,0,11,1126
Quincy,4,5,721,424,13,8,4,7,0,0,5,0,10,1192
Quincy,5,1,445,217,8,3,8,2,0,0,6,0,6,695
Quincy,5,1A,289,160,6,2,2,4,0,0,5,0,3,471
Quincy,5,2,854,360,5,3,6,4,0,0,6,0,16,1254
Quincy,5,3,1208,520,26,15,16,15,0,0,11,0,18,1829
Quincy,5,4,746,401,4,6,10,7,0,0,11,0,12,1197
Quincy,5,5,956,582,12,12,7,3,0,0,18,0,20,1610
Quincy,6,1,808,473,12,7,5,9,0,0,13,0,23,1350
Quincy,6,2,798,388,11,11,4,9,0,0,9,0,17,1247
Quincy,6,3,975,595,10,4,4,4,0,0,11,0,20,1623
Quincy,6,4,723,379,11,12,4,6,0,0,4,0,16,1155
Quincy,6,5,1177,917,7,16,12,7,0,0,18,0,21,2175
Randolph,-,1,1188,336,7,8,3,7,0,0,8,0,20,1577
Randolph,-,2,976,244,6,11,5,6,0,0,4,0,14,1266
Randolph,-,3,883,226,10,5,3,6,0,0,7,0,7,1147
Randolph,-,4,1067,338,5,8,4,1,0,0,16,0,10,1449
Randolph,-,5,1038,308,11,7,4,2,0,0,8,0,9,1387
Randolph,-,6,680,169,7,7,0,2,0,0,9,0,8,882
Randolph,-,7,847,330,7,7,4,3,0,0,10,0,18,1226
Randolph,-,8,901,304,7,4,1,2,0,0,8,0,6,1233
Randolph,-,9,980,252,11,7,3,4,0,0,18,0,20,1295
Randolph,-,10,1029,375,9,6,4,2,0,0,8,0,11,1444
Randolph,-,11,916,374,8,8,2,3,0,0,2,0,17,1330
Randolph,-,12,905,332,8,6,2,4,0,0,7,0,6,1270
Raynham,-,1,1011,1164,17,15,4,7,0,0,3,0,30,2251
Raynham,-,2,608,667,3,5,13,2,0,0,0,0,26,1324
Raynham,-,2A,362,489,2,6,2,4,0,0,0,0,21,886
Raynham,-,3,1132,1221,8,21,14,4,0,0,3,0,36,2439
Raynham,-,4,928,1110,8,16,9,9,0,0,1,0,17,2098
Raynham,-,4A,18,43,0,0,0,0,0,0,0,0,0,61
Reading,-,1,1361,809,11,15,13,7,0,1,0,0,40,2257
Reading,-,2,1228,657,11,17,8,2,1,1,0,0,23,1948
Reading,-,3,1274,786,10,5,11,7,0,0,0,0,32,2125
Reading,-,4,1309,623,9,9,17,5,0,0,0,0,37,2009
Reading,-,5,1316,612,17,9,13,4,1,1,0,0,40,2013
Reading,-,6,1388,706,10,12,14,1,0,0,0,0,40,2171
Reading,-,7,1377,663,3,7,12,2,1,0,0,0,48,2113
Reading,-,8,1178,751,10,11,11,3,1,0,0,0,49,2014
Rehoboth,-,1,834,1159,7,12,18,8,0,0,2,0,27,2067
Rehoboth,-,2,888,1069,10,5,8,1,0,0,3,0,16,2000
Rehoboth,-,3,824,1078,4,6,8,3,0,0,11,0,16,1950
Rehoboth,-,4,909,1195,6,13,10,1,0,0,7,0,21,2162
Revere,1,1,597,429,12,12,6,7,0,0,5,0,13,1081
Revere,1,2,664,458,15,6,4,5,0,0,5,0,20,1177
Revere,1,3,490,342,15,1,3,6,0,0,2,0,13,872
Revere,2,1,433,274,18,7,4,5,0,0,3,0,5,749
Revere,2,2,615,320,15,3,9,4,0,0,5,0,5,976
Revere,2,3,191,116,8,0,1,0,0,0,0,0,7,323
Revere,2,3A,59,32,0,0,0,2,0,0,0,0,1,94
Revere,3,1,443,433,16,2,1,4,0,0,6,0,5,910
Revere,3,2,479,440,27,1,6,5,0,0,5,0,10,973
Revere,3,3,494,404,7,6,6,7,0,0,3,0,11,938
Revere,4,1,594,527,12,9,4,8,0,0,4,0,10,1168
Revere,4,2,466,421,9,7,0,6,0,0,2,0,13,924
Revere,4,3,571,528,7,8,4,5,0,0,4,0,9,1136
Revere,5,1,498,417,13,4,3,1,0,0,6,0,8,950
Revere,5,1A,374,247,9,1,6,1,0,0,1,0,4,643
Revere,5,2,644,427,13,9,10,4,0,0,2,0,22,1131
Revere,5,3,504,423,16,10,0,5,0,0,5,0,12,975
Revere,6,1,541,718,7,2,4,5,0,0,6,0,11,1294
Revere,6,2,524,712,10,9,5,6,0,0,7,0,10,1283
Revere,6,3,530,434,11,4,0,6,0,0,0,0,11,996
Richmond,-,1,772,213,6,3,6,3,0,0,6,0,10,1019
Rochester,-,1,1665,2225,9,27,17,6,0,0,26,0,58,4033
Rockland,-,1,912,794,7,12,10,2,0,0,17,0,13,1767
Rockland,-,2,875,893,12,15,8,3,0,0,13,0,14,1833
Rockland,-,3,717,609,5,6,11,5,0,0,10,0,11,1374
Rockland,-,4,672,726,8,4,4,2,0,0,10,0,13,1439
Rockland,-,5,728,850,10,10,13,2,0,0,12,0,6,1631
Rockland,-,6,822,857,6,10,10,3,0,0,11,0,14,1733
Rockport,-,1,914,334,6,7,8,2,0,0,11,0,14,1296
Rockport,-,2,1266,468,6,8,5,2,0,0,17,0,16,1788
Rockport,-,3,1545,530,16,2,11,4,0,0,13,0,27,2148
Rowe,-,1,139,121,2,0,1,0,0,0,0,0,2,265
Rowley,-,1,2063,1919,15,24,25,8,0,0,30,0,36,4120
Royalston,-,1,392,391,4,3,6,5,0,0,8,0,5,814
Russell,-,1,350,524,6,6,7,4,0,0,5,0,9,911
Rutland,-,1,878,1122,12,6,10,9,0,0,15,0,21,2073
Rutland,-,2,793,940,10,16,14,5,0,0,8,0,11,1797
Rutland,-,3,1065,973,13,10,10,6,1,0,13,0,8,2099
Salem,1,1,1476,425,20,7,10,13,0,0,3,0,32,1986
Salem,1,2,617,236,7,5,8,10,0,0,3,0,10,896
Salem,2,1,1497,333,16,8,14,19,0,0,4,0,16,1907
Salem,2,2,1700,316,14,9,9,12,0,0,4,0,9,2073
Salem,3,1,1060,430,7,7,5,16,0,0,4,0,19,1548
Salem,3,2,1053,546,12,5,6,16,0,1,4,0,16,1659
Salem,4,1,950,560,10,6,6,11,0,1,6,0,14,1564
Salem,4,2,1047,685,14,6,8,8,2,1,4,0,34,1809
Salem,5,1,1345,385,22,6,8,17,0,0,9,0,15,1807
Salem,5,2,1116,321,21,11,4,17,0,0,8,0,21,1519
Salem,6,1,1212,403,10,6,11,6,0,3,7,0,13,1671
Salem,6,2,1357,474,17,7,6,12,0,0,11,0,13,1897
Salem,7,1,931,336,10,3,8,10,1,0,3,0,10,1312
Salem,7,2,1175,517,12,2,6,6,1,0,13,0,24,1756
Salisbury,-,1,995,851,11,11,10,7,0,0,8,0,15,1908
Salisbury,-,2,913,868,7,11,6,3,0,0,7,0,12,1827
Salisbury,-,3,749,1008,7,11,7,3,0,0,14,0,23,1822
Sandisfield,-,1,280,212,4,1,2,3,0,0,2,0,3,507
Sandwich,-,1,1455,978,13,12,16,3,0,0,12,0,27,2516
Sandwich,-,2,1360,952,9,9,12,2,0,0,7,0,22,2373
Sandwich,-,3,1190,994,3,12,19,4,0,0,18,0,19,2259
Sandwich,-,4,1167,1101,12,14,9,1,0,0,12,0,21,2337
Sandwich,-,5,1082,990,9,12,13,4,0,0,4,0,27,2141
Sandwich,-,6,1002,1064,8,13,13,8,0,0,12,0,24,2144
Saugus,-,1,653,713,4,5,3,4,0,0,3,0,20,1405
Saugus,-,2,680,696,9,6,2,1,3,0,5,0,6,1408
Saugus,-,3,665,774,9,8,3,4,0,0,3,0,18,1484
Saugus,-,4,715,803,10,5,4,3,0,0,1,0,23,1564
Saugus,-,5,698,958,15,8,2,7,0,0,2,0,18,1708
Saugus,-,6,648,756,17,7,7,6,0,0,0,0,27,1468
Saugus,-,7,620,942,9,5,4,4,0,0,2,0,23,1609
Saugus,-,8,676,801,7,6,2,0,1,0,0,0,24,1517
Saugus,-,9,704,935,11,8,5,2,0,0,2,0,15,1682
Saugus,-,10,558,734,8,4,7,1,0,0,0,0,17,1329
Savoy,-,1,213,211,3,2,0,2,0,0,1,0,5,437
Scituate,-,1,1333,829,13,9,12,2,0,0,21,0,34,2253
Scituate,-,2,1390,778,5,10,20,3,0,0,20,0,30,2256
Scituate,-,3,1347,755,8,7,14,2,0,0,9,0,51,2193
Scituate,-,4,1372,912,7,11,13,1,0,0,14,0,38,2368
Scituate,-,5,1346,719,12,3,10,3,0,0,7,0,39,2139
Scituate,-,6,1441,843,12,7,12,6,0,0,7,0,38,2366
Seekonk,-,1,1042,1128,9,12,10,2,0,0,18,0,19,2240
Seekonk,-,2,1293,1181,14,17,15,3,0,0,17,0,29,2569
Seekonk,-,3,1015,1094,12,13,9,2,0,0,11,0,10,2166
Seekonk,-,4,1042,1080,9,16,16,6,0,0,13,0,14,2196
Sharon,-,1,1543,544,24,9,13,3,0,0,0,0,61,2197
Sharon,-,2,1468,507,32,7,9,7,0,0,0,0,66,2096
Sharon,-,3,1561,554,38,13,10,4,0,0,1,0,62,2243
Sharon,-,4,1533,508,62,17,12,7,0,0,0,0,41,2180
Sharon,-,5,1470,618,36,9,8,5,0,0,0,0,44,2190
Sheffield,-,1,1373,572,26,16,15,1,0,0,17,0,19,2039
Shelburne,-,1,914,261,18,11,5,6,0,0,8,0,13,1236
Sherborn,-,1,2089,566,17,20,35,2,6,0,31,0,40,2806
Shirley,-,1,2030,1536,27,27,21,6,0,0,28,0,29,3704
Shrewsbury,-,1,1325,920,26,13,20,2,1,0,5,0,25,2337
Shrewsbury,-,2,1128,778,22,11,14,3,0,0,5,0,22,1983
Shrewsbury,-,3,861,657,30,10,7,4,0,0,6,0,21,1596
Shrewsbury,-,4,1233,853,53,8,15,9,0,0,9,0,23,2203
Shrewsbury,-,5,1187,611,28,12,12,7,0,0,12,0,12,1881
Shrewsbury,-,6,1221,723,30,21,10,3,0,0,13,0,34,2055
Shrewsbury,-,7,1384,755,42,14,23,7,0,0,21,0,33,2279
Shrewsbury,-,8,1461,896,23,14,20,5,2,0,22,0,37,2480
Shrewsbury,-,9,913,504,28,9,6,4,1,0,7,0,16,1488
Shrewsbury,-,10,1139,681,49,18,5,11,0,0,5,0,38,1946
Shutesbury,-,1,1030,169,27,2,8,3,0,0,3,0,22,1264
Somerset,-,1,1111,1174,8,7,5,3,0,0,1,0,21,2330
Somerset,-,2,1061,1166,6,20,6,1,1,0,3,0,34,2298
Somerset,-,3,1109,1082,10,11,12,5,0,0,3,0,25,2257
Somerset,-,4,977,1070,9,15,7,1,0,0,4,0,27,2110
Somerset,-,5,941,1137,4,13,10,2,0,0,7,0,22,2136
Somerville,1,1,959,240,14,4,8,11,0,0,13,0,19,1268
Somerville,1,2,787,198,12,2,4,8,1,1,9,0,10,1032
Somerville,1,3,1003,228,13,4,4,9,1,0,12,0,16,1290
Somerville,1,4,568,123,10,2,3,6,0,0,1,0,7,720
Somerville,1,4A,283,70,9,1,2,8,0,0,2,0,3,378
Somerville,2,1,774,93,18,2,2,25,0,0,8,0,11,933
Somerville,2,1A,493,32,15,2,4,9,0,0,5,0,3,563
Somerville,2,2,1235,109,44,1,4,28,0,1,11,0,16,1449
Somerville,2,3,1243,112,25,3,9,37,0,0,20,0,10,1459
Somerville,2,4,1318,114,30,0,10,29,0,0,16,0,11,1528
Somerville,3,1,1339,156,21,2,6,35,1,3,9,0,6,1578
Somerville,3,2,1197,185,17,3,7,30,0,0,10,0,21,1470
Somerville,3,3,1371,147,27,3,8,36,1,3,9,0,10,1615
Somerville,3,4,1365,118,16,4,5,21,0,2,16,0,16,1563
Somerville,4,1,865,301,23,4,5,11,0,0,8,0,7,1224
Somerville,4,2,729,116,13,4,2,10,0,2,7,0,14,897
Somerville,4,2A,280,61,3,1,3,7,0,0,1,0,4,360
Somerville,4,3,1210,201,24,4,11,26,0,1,12,0,12,1501
Somerville,4,4,768,190,12,6,1,9,1,0,3,0,11,1001
Somerville,5,1,1295,214,22,0,10,18,0,0,16,0,8,1583
Somerville,5,2,1382,147,26,6,8,23,0,0,13,0,12,1617
Somerville,5,3,1363,160,26,10,7,17,0,1,6,0,9,1599
Somerville,5,4,1506,125,22,2,5,37,0,0,22,0,13,1732
Somerville,6,1,1589,112,17,6,5,34,0,0,10,0,24,1797
Somerville,6,2,1621,126,44,2,10,39,1,1,16,0,12,1872
Somerville,6,3,234,29,7,0,0,2,0,0,2,0,3,277
Somerville,6,3A,205,40,9,0,0,4,0,0,3,0,3,264
Somerville,6,4,1542,129,22,1,5,24,0,0,14,0,14,1751
Somerville,7,1,1556,118,32,4,4,24,0,1,15,0,10,1764
Somerville,7,2,1057,163,24,8,5,15,0,0,11,0,17,1300
Somerville,7,3,937,217,15,4,9,15,0,0,8,0,11,1216
Somerville,7,4,1144,138,25,7,9,22,0,0,6,0,12,1363
S. Hadley,-,A,1193,683,13,8,7,9,0,0,6,0,16,1935
S. Hadley,-,B,1416,696,24,8,22,8,0,1,7,0,18,2200
S. Hadley,-,C,1351,883,18,9,8,15,0,0,10,0,22,2316
S. Hadley,-,D,910,322,15,4,7,5,1,1,7,0,22,1294
S. Hadley,-,E,1367,806,15,7,12,12,0,1,10,0,28,2258
Southampton,-,1,1056,882,11,9,7,3,0,0,15,0,22,2005
Southampton,-,2,1064,944,17,12,15,6,0,0,6,0,19,2083
Southborough,-,1,1435,575,17,7,28,2,0,0,19,0,26,2109
Southborough,-,2,1340,630,16,11,12,2,0,0,10,0,28,2049
Southborough,-,3,1360,613,20,14,14,6,0,0,33,0,28,2088
Southbridge,-,1,723,655,5,7,4,9,0,0,5,0,16,1424
Southbridge,-,2,555,522,5,9,1,8,0,0,2,0,12,1114
Southbridge,-,3,655,806,9,6,9,5,0,0,5,0,12,1507
Southbridge,-,4,1016,917,8,17,15,8,0,0,9,0,19,2009
Southbridge,-,5,552,430,3,9,4,7,0,0,3,0,12,1020
Southwick,-,1,814,1366,19,7,7,6,0,0,12,0,19,2250
Southwick,-,2,648,981,8,12,12,1,0,0,4,0,12,1678
Southwick,-,3,827,1083,4,12,10,0,0,0,8,0,10,1954
Spencer,-,1,716,827,11,8,7,1,0,0,6,0,14,1590
Spencer,-,2,633,747,5,10,1,2,0,0,9,0,8,1415
Spencer,-,3,657,1028,10,8,3,2,0,0,7,0,15,1730
Spencer,-,4,785,875,6,11,10,5,0,0,5,0,19,1716
Springfield,1,A,327,172,0,8,2,7,0,0,1,0,8,525
Springfield,1,B,417,174,3,2,3,4,0,0,3,0,7,613
Springfield,1,C,279,105,3,5,0,3,0,0,1,0,3,399
Springfield,1,C1,50,12,0,0,0,0,0,0,0,0,0,62
Springfield,1,D,263,91,6,10,0,6,0,0,0,0,12,388
Springfield,1,D1,64,25,0,1,0,0,0,0,0,0,1,91
Springfield,1,E,353,179,8,2,0,4,0,0,0,0,3,549
Springfield,1,F,364,158,5,3,0,7,0,0,2,0,6,545
Springfield,1,G,290,103,3,2,2,3,0,0,0,0,3,406
Springfield,1,H,605,185,4,4,2,7,0,0,0,0,5,812
Springfield,2,A,438,202,5,6,0,4,0,0,2,0,2,659
Springfield,2,B,612,362,8,3,3,10,0,0,4,0,13,1015
Springfield,2,C,388,266,2,6,2,7,0,0,1,0,10,682
Springfield,2,D,594,313,8,5,4,7,0,0,4,0,8,943
Springfield,2,E,551,308,5,4,2,2,0,0,4,0,10,886
Springfield,2,F,541,309,7,14,5,8,0,0,4,0,7,895
Springfield,2,G,616,367,14,7,3,5,0,0,3,0,5,1020
Springfield,2,H,623,339,2,6,2,8,0,0,2,0,7,989
Springfield,3,A,317,95,1,0,2,5,0,0,1,0,1,422
Springfield,3,B,331,120,5,2,3,3,0,0,1,0,5,470
Springfield,3,C,295,123,1,4,2,2,0,0,0,0,2,429
Springfield,3,D,408,150,1,6,3,2,0,0,1,0,2,573
Springfield,3,E,239,74,0,2,1,4,0,0,2,0,2,324
Springfield,3,F,319,137,1,5,1,3,0,0,0,0,9,475
Springfield,3,G,258,117,2,0,2,5,0,0,1,0,4,389
Springfield,3,H,341,164,1,0,1,2,0,0,2,0,3,514
Springfield,4,A,683,155,16,5,6,6,0,0,4,0,6,881
Springfield,4,B,421,126,4,4,1,4,0,0,1,0,8,569
Springfield,4,C,439,110,1,2,0,4,0,0,0,0,1,557
Springfield,4,D,432,107,7,5,1,3,0,0,3,0,5,563
Springfield,4,E,416,98,3,2,1,4,0,0,1,0,3,528
Springfield,4,F,131,26,1,0,0,0,0,0,0,0,3,161
Springfield,4,G,508,121,4,1,1,7,0,0,0,0,7,649
Springfield,4,H,518,86,1,9,4,1,0,0,2,0,4,625
Springfield,5,A,611,159,3,5,5,5,0,0,4,0,4,796
Springfield,5,B,701,278,3,5,2,4,0,0,3,0,7,1003
Springfield,5,C,526,307,4,3,3,3,0,0,5,0,5,856
Springfield,5,C1,8,9,0,0,0,0,0,0,0,0,0,17
Springfield,5,D,746,441,3,8,6,4,0,0,7,0,16,1231
Springfield,5,E,813,278,4,12,2,8,0,0,9,0,15,1141
Springfield,5,F,750,305,9,2,4,5,0,0,5,0,7,1087
Springfield,5,G,748,493,7,5,2,7,0,0,1,0,4,1267
Springfield,5,H,639,343,7,6,4,5,0,0,2,0,8,1014
Springfield,6,A,427,188,5,0,1,3,0,0,3,0,2,629
Springfield,6,B,685,216,5,6,4,6,0,0,7,0,12,941
Springfield,6,C,500,320,8,2,5,6,0,0,8,0,9,858
Springfield,6,D,705,488,3,5,2,1,0,0,12,0,19,1235
Springfield,6,D1,27,16,0,0,0,1,0,0,0,0,0,44
Springfield,6,E,386,220,5,1,1,2,0,0,2,0,6,623
Springfield,6,F,502,188,5,2,3,3,0,0,2,0,4,709
Springfield,6,G,525,262,5,5,1,1,0,0,3,0,6,808
Springfield,6,H,686,403,7,7,1,4,0,0,6,0,6,1120
Springfield,7,A,732,384,15,15,10,19,0,0,5,0,13,1193
Springfield,7,A1,43,9,0,0,1,0,0,0,0,0,3,56
Springfield,7,B,799,466,10,8,11,7,0,0,14,0,21,1336
Springfield,7,B1,27,15,0,0,0,0,0,0,0,0,0,42
Springfield,7,C,764,538,6,5,5,6,0,0,4,0,22,1350
Springfield,7,D,659,476,3,8,8,2,0,0,5,0,11,1172
Springfield,7,E,522,265,3,4,2,2,0,0,0,0,7,805
Springfield,7,F,869,480,5,4,6,5,0,0,6,0,16,1391
Springfield,7,G,788,595,8,5,2,4,0,0,6,0,15,1423
Springfield,7,H,359,214,3,2,3,2,0,0,2,0,8,593
Springfield,7,H1,58,56,0,0,0,0,0,0,0,0,1,115
Springfield,8,A,562,366,2,8,4,7,0,0,2,0,5,956
Springfield,8,B,579,302,8,3,4,9,0,0,2,0,8,915
Springfield,8,B1,29,30,0,0,0,1,0,0,0,0,0,60
Springfield,8,C,627,283,10,8,2,6,0,0,1,0,10,947
Springfield,8,D,429,208,3,4,3,4,0,0,2,0,2,655
Springfield,8,E,376,249,7,2,1,1,0,0,4,0,4,644
Springfield,8,F,577,342,7,10,1,10,0,0,6,0,3,956
Springfield,8,G,536,311,4,4,2,4,0,0,5,0,10,876
Springfield,8,G1,12,16,0,0,0,0,0,0,1,0,0,29
Springfield,8,H,566,276,3,5,1,6,0,0,5,0,7,869
Sterling,-,1,1394,1244,11,21,16,3,0,0,16,0,33,2738
Sterling,-,2,1438,1297,15,17,24,3,0,0,17,0,39,2850
Stockbridge,-,1,1073,213,14,2,3,4,0,0,1,0,9,1319
Stoneham,-,1,1050,716,16,7,4,7,0,0,0,0,25,1825
Stoneham,-,2,1180,702,15,8,7,7,0,0,2,0,25,1946
Stoneham,-,3,1118,914,13,16,8,5,0,0,1,0,36,2111
Stoneham,-,4,1001,768,6,14,5,2,0,0,5,0,29,1830
Stoneham,-,5,1071,916,17,6,6,4,0,0,0,0,37,2057
Stoneham,-,6,1274,798,19,10,11,6,0,0,0,0,41,2159
Stoneham,-,7,956,746,8,10,10,4,0,0,4,0,19,1757
Stoughton,-,1,1155,595,12,3,1,1,0,0,14,0,8,1789
Stoughton,-,2,989,591,2,7,2,2,0,0,11,0,25,1629
Stoughton,-,2A,151,74,1,0,0,2,0,0,1,0,0,229
Stoughton,-,3,1302,708,5,6,4,5,0,0,15,0,28,2073
Stoughton,-,4,1255,848,8,6,10,5,0,0,11,0,24,2167
Stoughton,-,4A,115,56,5,1,2,1,0,0,1,0,0,181
Stoughton,-,5,835,619,4,3,5,5,0,0,3,0,11,1485
Stoughton,-,5A,73,55,0,1,0,0,0,0,4,0,2,135
Stoughton,-,6,1231,663,9,9,6,5,0,0,12,0,18,1953
Stoughton,-,7,1090,582,14,14,7,5,0,0,5,0,19,1736
Stoughton,-,7A,66,31,1,0,1,0,0,0,1,0,1,101
Stoughton,-,8,797,457,11,11,5,4,0,0,15,0,5,1305
Stoughton,-,8A,47,40,0,0,0,0,0,0,1,0,0,88
Stow,-,1,1739,632,24,21,29,5,0,0,13,0,18,2481
Stow,-,2,1695,536,18,6,28,8,0,0,9,0,25,2325
Sturbridge,-,1,1066,900,15,8,11,5,0,0,13,0,19,2037
Sturbridge,-,2,1107,907,10,11,17,4,0,0,16,0,12,2084
Sturbridge,-,3,964,902,11,15,12,1,0,0,8,0,12,1925
Sudbury,-,1,1536,478,11,10,16,0,0,0,29,0,25,2105
Sudbury,-,2,1492,409,14,15,19,7,0,0,16,0,19,1991
Sudbury,-,3,1320,412,13,7,9,3,0,0,16,0,19,1799
Sudbury,-,4,1602,425,22,7,20,7,0,0,23,0,16,2122
Sudbury,-,5,1352,476,24,8,10,3,0,0,20,0,33,1926
Sudbury,-,6,1466,456,11,8,16,5,0,0,15,0,23,2000
Sunderland,-,1,1408,397,27,12,13,13,0,0,9,0,16,1895
Sutton,-,1,983,1093,8,15,10,4,0,0,12,0,24,2149
Sutton,-,2,903,1151,10,8,12,1,0,0,12,0,16,2113
Sutton,-,3,996,1014,11,12,13,6,0,0,15,0,38,2105
Swampscott,-,1,928,517,9,6,3,2,0,0,9,0,12,1486
Swampscott,-,2,855,488,15,7,6,3,0,0,11,0,28,1413
Swampscott,-,3,1095,338,10,6,9,6,0,0,9,0,22,1495
Swampscott,-,4,1139,432,4,8,9,6,0,0,19,0,20,1637
Swampscott,-,5,1122,476,10,5,9,1,0,0,12,0,23,1658
Swampscott,-,6,1080,438,5,3,6,2,0,1,13,0,28,1576
Swansea,-,1,760,1237,3,9,7,2,0,0,8,0,10,2036
Swansea,-,2,963,985,4,7,19,6,0,0,10,0,17,2011
Swansea,-,3,913,1114,7,12,7,4,0,0,9,0,9,2075
Swansea,-,4,898,1139,7,10,7,3,0,0,10,0,12,2086
Swansea,-,5,868,1260,7,9,10,4,0,0,13,0,9,2180
Taunton,1,A,820,659,11,10,4,4,0,0,2,0,15,1525
Taunton,1,A1,52,25,0,0,0,2,0,0,0,0,3,82
Taunton,1,B,931,1029,5,9,11,2,0,0,14,0,26,2027
Taunton,2,A,550,412,5,7,4,5,0,0,2,0,9,994
Taunton,2,B,736,591,2,8,5,4,0,0,4,0,11,1361
Taunton,3,A,774,670,7,9,4,4,0,0,4,0,14,1486
Taunton,3,B,962,937,14,8,11,4,0,0,8,0,18,1962
Taunton,4,A,799,1007,8,11,14,5,0,0,5,0,25,1874
Taunton,4,B,949,837,5,8,7,5,0,0,5,0,19,1835
Taunton,4,B1,12,24,0,0,0,0,0,0,0,0,1,37
Taunton,5,A,690,621,8,12,7,4,0,0,6,0,11,1359
Taunton,5,B,749,522,9,11,7,6,0,0,3,0,23,1330
Taunton,6,A,675,587,4,7,4,4,0,0,2,0,14,1297
Taunton,6,B,828,756,5,12,3,6,0,0,7,0,21,1638
Taunton,7,A,915,919,19,10,7,5,0,0,3,0,27,1905
Taunton,7,B,978,1192,8,14,12,4,0,0,11,0,28,2247
Taunton,8,A,1120,1028,7,10,5,4,0,0,3,0,31,2208
Taunton,8,B,1042,1021,9,14,8,8,0,0,7,0,21,2130
Templeton,-,A,720,982,8,14,12,6,0,0,6,0,15,1763
Templeton,-,B,591,864,7,15,4,5,0,0,8,0,13,1507
Templeton,-,C,572,737,16,7,10,3,0,0,6,0,18,1369
Tewksbury,-,1,1010,971,9,12,7,1,0,0,11,0,23,2044
Tewksbury,-,2,1176,1207,16,13,8,5,0,0,7,0,26,2458
Tewksbury,-,3,1069,1166,14,12,12,4,0,0,16,0,24,2317
Tewksbury,-,4,1098,1042,9,14,10,1,0,0,10,0,30,2214
Tewksbury,-,5,1046,1021,6,11,13,5,0,0,10,0,19,2131
Tewksbury,-,5A,198,136,3,0,0,0,0,0,3,0,3,343
Tewksbury,-,6,1006,1232,9,10,14,5,0,0,14,0,13,2303
Tewksbury,-,7,1255,1249,9,14,8,6,0,0,25,0,25,2591
Tewksbury,-,8,1144,1137,16,14,11,4,0,0,14,0,20,2360
Tisbury,-,1,2031,548,35,11,17,12,0,0,10,0,36,2700
Tolland,-,1,148,175,0,1,1,0,0,0,0,0,6,331
Topsfield,-,1,1283,899,6,8,11,4,0,0,21,0,30,2262
Topsfield,-,2,1197,786,15,10,10,3,0,0,18,0,27,2066
Townsend,-,1,825,982,6,21,7,2,0,0,4,0,23,1870
Townsend,-,2,851,957,9,7,10,1,0,0,4,0,26,1865
Townsend,-,3,881,907,11,13,10,3,0,0,4,0,26,1855
Truro,-,1,1434,358,13,6,4,3,0,0,0,0,22,1840
Tyngsborough,-,1,895,917,19,13,8,7,0,0,0,0,27,1886
Tyngsborough,-,2,889,897,15,4,13,4,0,0,0,0,16,1838
Tyngsborough,-,3,870,823,13,6,9,3,2,0,0,0,22,1748
Tyngsborough,-,4,1113,938,11,7,16,3,0,0,0,0,32,2120
Tyringham,-,1,224,81,3,3,4,1,0,0,5,0,5,326
Upton,-,1,1134,657,14,15,17,4,0,0,12,0,17,1870
Upton,-,2,1038,821,18,6,6,1,0,0,14,0,17,1921
Upton,-,3,914,714,17,8,8,3,0,0,10,0,14,1688
Uxbridge,-,1,998,1216,10,13,14,2,0,0,11,0,24,2288
Uxbridge,-,1A,80,43,0,0,0,0,0,0,0,0,1,124
Uxbridge,-,2,949,948,6,16,7,5,0,0,14,0,16,1961
Uxbridge,-,3,1019,1219,8,10,8,6,0,0,9,0,21,2300
Uxbridge,-,4,1126,1159,9,15,16,6,0,0,16,0,18,2365
Wakefield,-,1,1153,1025,11,16,11,3,0,0,16,0,29,2264
Wakefield,-,2,1293,857,9,17,5,2,0,0,18,0,21,2222
Wakefield,-,3,1379,949,7,13,17,4,0,0,22,0,19,2410
Wakefield,-,4,1455,839,8,14,12,1,0,0,16,0,20,2365
Wakefield,-,5,1484,874,10,16,22,5,0,0,22,0,35,2468
Wakefield,-,6,1494,794,15,17,16,6,0,0,25,0,27,2394
Wakefield,-,7,1327,932,13,10,17,5,0,0,25,0,26,2355
Wales,-,1,434,673,4,13,7,0,0,0,0,0,11,1142
Walpole,-,1,1077,711,13,11,12,3,0,0,20,0,19,1866
Walpole,-,2,1068,971,13,8,14,2,3,0,5,0,27,2111
Walpole,-,2A,18,21,0,0,0,0,0,0,0,0,1,40
Walpole,-,3,1365,950,17,15,16,6,2,0,14,0,24,2409
Walpole,-,4,924,641,12,11,12,2,0,0,20,0,22,1644
Walpole,-,5,858,762,5,7,16,3,0,0,9,0,26,1686
Walpole,-,5A,25,20,0,0,0,0,0,0,0,0,2,47
Walpole,-,6,1197,793,16,14,18,0,0,0,12,0,26,2076
Walpole,-,7,1092,864,21,14,15,3,0,0,19,0,28,2056
Walpole,-,8,1068,901,18,15,12,2,0,0,17,0,34,2067
Waltham,1,1,1370,596,11,9,11,6,0,0,0,0,46,2049
Waltham,1,2,1164,748,15,12,7,3,0,0,0,0,39,1988
Waltham,1,2A,4,11,0,0,0,0,0,0,0,0,1,16
Waltham,2,1,1259,600,14,9,4,6,1,0,0,0,33,1926
Waltham,2,2,994,350,14,3,6,2,0,0,0,0,19,1388
Waltham,3,1,1129,885,4,15,10,6,0,0,0,0,38,2087
Waltham,3,2,1230,641,11,8,11,6,0,0,0,0,38,1945
Waltham,3,2A,20,15,0,0,0,0,0,0,0,0,1,36
Waltham,4,1,1242,679,19,8,13,7,0,0,0,0,39,2007
Waltham,4,1A,25,6,0,0,1,0,0,0,0,0,1,33
Waltham,4,2,237,107,4,2,4,3,0,0,0,0,7,364
Waltham,5,1,983,483,16,10,6,6,0,0,0,0,28,1532
Waltham,5,2,712,212,13,5,5,7,0,0,0,0,28,982
Waltham,5,2A,138,28,1,0,1,0,0,0,0,0,2,170
Waltham,6,1,1091,340,10,13,13,12,0,0,0,0,28,1507
Waltham,6,2,678,247,10,5,2,5,0,0,0,0,16,963
Waltham,6,2A,133,64,1,2,0,1,0,0,0,0,9,210
Waltham,7,1,1256,488,14,5,6,5,0,0,0,0,24,1798
Waltham,7,2,467,128,4,2,3,2,0,0,0,0,8,614
Waltham,8,1,1102,310,12,4,14,6,0,0,0,0,18,1466
Waltham,8,2,1068,367,17,5,14,11,0,0,0,0,17,1499
Waltham,8,2A,14,2,0,1,0,0,0,0,0,0,0,17
Waltham,9,1,958,246,19,12,4,15,1,0,0,0,17,1272
Waltham,9,2,774,271,15,6,4,7,0,0,0,0,9,1086
Ware,-,A,702,674,17,7,5,5,0,0,5,0,14,1429
Ware,-,B,702,902,4,8,9,3,0,0,8,0,17,1653
Ware,-,C,894,1096,10,2,10,2,0,0,3,0,30,2047
Wareham,-,1,1073,998,6,13,4,5,0,0,0,0,22,2121
Wareham,-,2,1215,1053,10,14,9,2,0,0,0,0,29,2332
Wareham,-,3,1189,974,14,9,11,5,0,0,0,0,30,2232
Wareham,-,4,1063,1045,14,9,11,3,0,0,0,0,34,2179
Wareham,-,5,1085,1212,7,12,12,6,0,0,0,0,20,2354
Wareham,-,6,910,1037,8,14,7,8,0,0,0,0,27,2011
Warren,-,A,809,1139,15,11,10,6,0,0,8,0,21,2019
Warren,-,B,263,370,3,6,6,3,0,0,3,0,7,661
Warwick,-,1,309,174,10,3,5,2,0,0,0,0,8,511
Washington,-,1,218,129,4,5,0,0,0,0,1,0,3,360
Watertown,-,1,941,297,27,5,7,10,1,1,5,0,22,1316
Watertown,-,2,1128,294,21,6,8,17,0,0,0,0,21,1495
Watertown,-,3,1227,254,34,7,9,18,0,1,2,0,19,1571
Watertown,-,4,1476,283,17,7,15,6,0,0,13,0,10,1827
Watertown,-,5,984,252,21,6,7,10,0,1,4,0,15,1300
Watertown,-,6,1053,211,27,9,5,16,2,0,6,0,20,1349
Watertown,-,7,1275,385,23,5,10,9,0,0,5,0,28,1740
Watertown,-,8,1206,322,16,12,6,11,0,0,3,0,24,1600
Watertown,-,9,960,271,23,1,10,12,0,0,0,0,15,1292
Watertown,-,10,1204,402,15,12,7,3,0,1,8,0,13,1665
Watertown,-,11,1081,458,15,11,10,4,0,0,2,0,44,1625
Watertown,-,12,1004,435,22,11,3,6,0,0,1,0,26,1508
Wayland,-,1,1873,437,21,6,18,6,0,0,26,0,33,2420
Wayland,-,2,1568,436,42,18,13,4,0,0,16,0,21,2118
Wayland,-,3,1552,391,15,17,9,11,0,0,14,0,24,2033
Wayland,-,4,1794,454,21,7,21,1,0,0,24,0,41,2363
Webster,-,1,431,483,4,6,0,2,0,0,7,0,3,936
Webster,-,1A,216,260,2,0,2,1,0,0,3,0,3,487
Webster,-,2,518,515,7,8,6,4,0,0,8,0,3,1069
Webster,-,3,654,822,7,14,9,1,0,0,1,0,7,1515
Webster,-,4,1010,1318,10,8,14,8,0,0,9,0,18,2395
Webster,-,5,842,921,8,16,7,1,0,0,4,0,12,1811
Wellesley,-,A,1523,459,16,7,9,4,0,1,35,0,30,2084
Wellesley,-,B,1711,490,21,15,17,8,0,0,15,0,32,2309
Wellesley,-,C,1468,677,15,12,19,4,0,0,59,0,34,2288
Wellesley,-,D,1661,417,13,10,15,9,0,0,23,0,47,2195
Wellesley,-,E,1581,436,17,6,8,6,0,0,27,0,31,2112
Wellesley,-,F,980,262,9,4,18,7,0,1,27,0,22,1330
Wellesley,-,G,871,176,1,2,5,1,0,0,11,0,11,1078
Wellesley,-,H,1547,492,13,10,11,5,0,0,24,0,32,2134
Wellfleet,-,1,1890,525,36,12,15,3,0,0,12,0,24,2517
Wendell,-,1,439,125,21,2,6,4,0,0,1,0,7,605
Wenham,-,1,613,287,4,5,6,0,2,0,9,0,21,947
Wenham,-,1A,1105,495,7,15,15,5,2,0,32,0,5,1681
W. Boylston,-,1,1182,803,19,18,16,5,0,0,8,0,22,2073
W. Boylston,-,2,1461,1029,24,8,28,8,0,0,20,0,32,2610
W. Bridgewater,-,1,1031,1224,9,10,14,2,0,0,9,0,22,2321
W. Bridgewater,-,2,989,1241,5,17,12,1,0,0,8,0,39,2312
W. Brookfield,-,1,1126,1170,9,11,10,5,0,0,8,0,23,2362
W. Newbury,-,1,2068,1092,13,21,30,5,0,2,28,0,40,3299
W. Springfield,-,1,377,373,10,2,1,3,0,0,1,0,6,773
W. Springfield,-,2,531,480,16,8,5,4,0,0,6,0,5,1055
W. Springfield,-,3,738,663,8,9,6,3,0,0,6,0,16,1449
W. Springfield,-,4,875,701,13,11,5,7,0,0,7,0,14,1633
W. Springfield,-,5,1044,1099,13,10,13,4,0,0,4,0,29,2216
W. Springfield,-,6,935,1056,11,16,7,1,0,0,5,0,24,2055
W. Springfield,-,7,928,1107,34,14,6,5,0,0,7,0,17,2118
W. Springfield,-,8,809,707,13,9,9,9,0,0,3,0,23,1582
W. Stockbridge,-,1,730,167,11,4,10,4,0,0,7,0,8,941
W. Tisbury,-,1,1757,367,29,5,11,10,0,0,11,0,15,2205
Westborough,-,1,1010,347,11,12,6,3,0,0,8,0,14,1411
Westborough,-,2,905,381,23,3,19,4,0,0,7,0,20,1362
Westborough,-,3,1043,459,12,8,8,3,0,0,12,0,14,1559
Westborough,-,4,960,472,15,13,6,3,0,0,8,0,11,1488
Westborough,-,5,1530,615,47,16,17,5,0,0,22,0,21,2273
Westborough,-,6,1590,664,28,12,23,6,0,0,22,0,25,2370
Westfield,1,A,996,1105,10,8,10,1,1,0,2,0,9,2142
Westfield,1,B,829,997,2,20,7,5,1,0,9,0,13,1883
Westfield,2,A,538,451,16,6,11,6,0,0,1,0,11,1040
Westfield,2,A1,41,29,0,0,0,0,0,0,0,0,0,70
Westfield,2,B,738,654,8,10,8,6,0,0,6,0,13,1443
Westfield,3,A,590,548,20,8,6,4,0,0,3,0,12,1191
Westfield,3,B,902,790,10,8,10,11,0,0,5,0,22,1758
Westfield,4,A,356,429,4,5,2,2,0,0,5,0,6,809
Westfield,4,B,1012,1065,7,11,10,3,1,0,10,0,19,2138
Westfield,5,A,1003,1118,9,17,15,5,0,0,10,0,31,2208
Westfield,5,B,890,1159,9,14,12,6,2,0,19,0,25,2136
Westfield,6,A,816,1016,7,12,9,3,0,0,3,0,22,1888
Westfield,6,B,671,774,9,15,3,3,0,0,12,0,21,1508
Westfield,6,B1,25,54,0,0,0,1,0,0,0,0,2,82
Westford,-,1,1207,648,18,4,17,4,0,0,12,0,18,1928
Westford,-,2,1244,679,20,9,19,6,0,0,16,0,16,2009
Westford,-,3,1469,726,23,18,17,4,0,0,25,0,24,2306
Westford,-,4,1351,583,15,13,13,8,0,0,21,0,17,2021
Westford,-,5,1346,647,14,9,12,6,0,0,18,0,27,2079
Westford,-,6,1368,803,26,19,12,2,0,0,20,0,20,2270
Westford,-,7,1558,665,20,12,15,9,0,0,22,0,23,2324
Westhampton,-,1,762,434,12,9,9,6,0,0,4,0,12,1248
Westminster,-,1,846,927,10,13,10,3,1,0,5,0,13,1828
Westminster,-,2,649,695,7,9,15,2,0,0,8,0,17,1402
Westminster,-,2A,229,239,0,6,1,1,0,0,2,0,4,482
Westminster,-,3,864,779,6,9,14,4,0,0,8,0,13,1697
Weston,-,1,1329,454,11,8,21,1,0,0,0,0,47,1871
Weston,-,2,1108,426,25,10,20,5,0,0,25,0,29,1648
Weston,-,3,985,398,20,6,17,2,0,0,19,0,27,1474
Weston,-,4,1062,479,18,12,6,1,0,0,5,0,57,1640
Westport,-,A,852,1125,6,10,6,3,0,0,6,0,12,2020
Westport,-,B,1211,1091,12,12,12,3,0,0,14,0,21,2376
Westport,-,C,766,1199,8,10,6,2,0,0,6,0,15,2012
Westport,-,D,902,1084,9,12,7,3,0,0,2,0,17,2036
Westport,-,E,1224,1164,10,9,16,3,0,0,15,0,24,2465
Westwood,-,1,1345,625,16,9,10,5,3,0,24,0,35,2072
Westwood,-,2,1304,739,19,10,17,0,0,0,18,0,21,2128
Westwood,-,3,1187,628,22,12,12,2,0,0,17,0,35,1915
Westwood,-,4,1000,807,27,13,13,4,0,0,15,0,27,1906
Westwood,-,5,1367,692,16,18,15,1,2,0,30,0,44,2185
Weymouth,-,1,938,771,9,3,7,8,0,0,8,0,37,1781
Weymouth,-,2,1116,859,5,11,7,8,0,0,16,0,16,2038
Weymouth,-,3,1006,946,6,15,10,4,0,0,17,0,25,2029
Weymouth,-,4,920,699,15,14,6,5,0,0,12,0,23,1694
Weymouth,-,5,1010,620,8,5,6,5,0,0,20,0,23,1697
Weymouth,-,6,1136,824,6,6,9,10,0,0,21,0,23,2035
Weymouth,-,7,798,692,4,9,10,1,0,0,10,0,16,1540
Weymouth,-,8,949,705,7,12,3,5,0,0,10,0,12,1703
Weymouth,-,9,655,543,9,3,2,7,0,0,3,0,11,1233
Weymouth,-,9A,237,249,1,5,5,5,0,0,3,0,2,507
Weymouth,-,10,815,621,13,5,4,2,0,0,11,0,15,1486
Weymouth,-,11,819,594,18,6,10,4,0,0,6,0,17,1474
Weymouth,-,12,1047,883,15,9,13,1,0,0,12,0,22,2002
Weymouth,-,13,716,463,8,9,3,2,0,0,8,0,4,1213
Weymouth,-,14,1168,829,14,17,4,5,0,0,15,0,22,2074
Weymouth,-,15,995,901,9,11,5,4,0,0,15,0,27,1967
Weymouth,-,16,1205,966,14,17,12,3,0,0,19,0,31,2267
Weymouth,-,17,827,611,4,12,9,4,0,0,11,0,18,1496
Weymouth,-,18,983,523,14,9,2,2,0,0,10,0,22,1565
Whately,-,1,717,343,5,7,7,5,0,0,1,0,9,1094
Whitman,-,1,1137,1172,7,15,16,5,1,0,3,0,20,2376
Whitman,-,2,933,1054,7,16,11,5,0,0,8,0,18,2052
Whitman,-,3,1017,1077,10,10,13,7,0,0,14,0,19,2167
Whitman,-,4,1026,1034,10,16,10,4,0,0,5,0,23,2128
Wilbraham,-,A,1227,1027,13,16,12,3,0,0,17,0,31,2346
Wilbraham,-,B,1115,1023,12,15,13,4,0,0,18,0,20,2220
Wilbraham,-,C,1121,1103,13,16,18,5,0,0,22,0,19,2317
Wilbraham,-,D,1185,1137,14,13,17,2,0,0,19,0,35,2422
Williamsburg,-,1,1373,366,38,1,16,9,0,0,8,0,22,1833
Williamstown,-,1,1260,203,13,5,4,4,0,0,3,0,20,1512
Williamstown,-,2,369,40,12,2,2,5,0,0,4,0,5,439
Williamstown,-,3,1377,252,15,8,10,8,0,0,10,0,11,1691
Wilmington,-,1,1237,1128,10,15,9,1,0,0,9,0,28,2437
Wilmington,-,2,1195,1107,16,18,14,4,0,0,15,0,27,2396
Wilmington,-,3,1157,1080,14,14,14,2,0,0,18,0,15,2314
Wilmington,-,4,1243,1159,12,23,12,1,0,0,7,0,32,2489
Wilmington,-,5,1178,1015,11,13,8,4,0,0,9,0,27,2265
Wilmington,-,6,1196,1203,27,14,9,2,0,0,18,0,30,2499
Winchendon,-,1,626,962,11,15,16,1,0,0,15,0,11,1657
Winchendon,-,2,771,967,4,6,13,7,0,1,17,0,8,1794
Winchendon,-,3,762,1004,9,13,6,4,0,0,6,0,11,1815
Winchester,-,1,1209,443,20,6,12,1,0,0,15,0,16,1722
Winchester,-,2,949,398,19,5,5,4,0,0,13,0,19,1412
Winchester,-,3,1413,349,8,4,14,5,0,0,26,0,24,1843
Winchester,-,4,1227,472,7,6,23,1,0,0,17,0,20,1773
Winchester,-,5,1113,547,11,5,9,1,0,0,27,0,27,1740
Winchester,-,6,1123,534,19,16,10,3,0,0,28,0,25,1758
Winchester,-,7,1223,445,5,11,17,2,0,0,29,0,30,1762
Winchester,-,8,842,462,19,13,7,3,0,0,21,0,19,1386
Windsor,-,1,338,206,6,0,5,0,0,0,1,0,5,561
Winthrop,-,1,832,756,6,12,7,4,0,0,16,0,14,1647
Winthrop,-,2,799,803,13,6,3,7,0,0,13,0,16,1660
Winthrop,-,3,942,589,12,4,10,4,0,0,8,0,19,1588
Winthrop,-,4,667,509,7,6,1,5,0,0,5,0,10,1210
Winthrop,-,5,969,736,1,8,5,3,0,0,18,0,28,1768
Winthrop,-,6,945,583,8,10,6,5,0,0,9,0,12,1578
Woburn,1,1,808,480,12,8,7,1,0,0,9,0,14,1339
Woburn,1,2,853,498,22,8,3,4,0,0,4,0,16,1408
Woburn,1,2A,55,27,0,2,0,2,0,0,0,0,1,87
Woburn,2,1,936,689,14,6,14,3,0,1,9,0,26,1698
Woburn,2,2,808,491,13,11,4,4,0,0,5,0,14,1350
Woburn,3,1,921,586,10,7,8,3,0,1,12,0,15,1563
Woburn,3,2,900,901,7,12,9,2,0,0,8,0,31,1870
Woburn,4,1,886,765,9,9,8,0,0,0,13,0,23,1713
Woburn,4,2,812,548,6,9,4,3,0,0,4,0,12,1398
Woburn,5,1,997,531,9,4,11,6,0,0,12,0,15,1585
Woburn,5,2,855,605,19,6,3,2,0,0,5,0,16,1511
Woburn,6,1,623,386,5,4,13,4,0,0,5,0,16,1056
Woburn,6,2,861,705,26,6,7,4,0,0,4,0,20,1633
Woburn,7,1,940,818,15,7,11,5,0,0,6,0,25,1827
Woburn,7,2,1097,843,11,9,19,3,0,0,11,0,37,2030
Worcester,1,1,607,244,10,2,6,10,0,0,8,0,7,894
Worcester,1,2,1307,756,21,12,4,7,0,0,9,0,22,2138
Worcester,1,3,733,342,11,4,10,3,0,0,14,0,14,1131
Worcester,1,4,1275,520,25,6,6,8,0,0,11,0,17,1868
Worcester,1,5,912,576,18,6,5,2,0,0,9,0,14,1542
Worcester,1,6,1224,808,12,17,11,6,0,0,7,0,24,2109
Worcester,2,1,1158,612,13,5,7,6,0,0,9,0,25,1835
Worcester,2,2,909,534,13,12,12,4,0,0,15,0,10,1509
Worcester,2,3,984,547,12,7,7,7,0,0,9,0,14,1587
Worcester,2,4,792,319,6,9,4,4,0,0,3,0,9,1146
Worcester,2,5,600,317,11,9,1,6,0,0,2,0,8,954
Worcester,2,6,829,430,5,8,6,4,0,0,5,0,14,1301
Worcester,2,6A,0,0,0,0,0,0,0,0,0,0,0,0
Worcester,3,1,427,228,7,1,1,6,0,0,4,0,3,677
Worcester,3,2,327,140,4,2,0,2,0,0,1,0,5,481
Worcester,3,3,825,515,18,15,8,5,0,0,6,0,14,1406
Worcester,3,3A,0,0,0,0,0,0,0,0,0,0,0,0
Worcester,3,4,490,191,4,4,2,7,0,0,2,0,11,711
Worcester,3,5,823,321,17,8,4,8,0,0,3,0,13,1197
Worcester,3,5A,0,0,0,0,0,0,0,0,0,0,0,0
Worcester,3,6,784,395,16,5,0,10,0,0,5,0,18,1233
Worcester,4,1,333,183,2,2,1,0,0,0,2,0,9,532
Worcester,4,2,313,171,6,2,3,5,0,0,6,0,6,512
Worcester,4,2A,196,92,6,3,2,2,0,0,3,0,3,307
Worcester,4,2B,0,0,0,0,0,0,0,0,0,0,0,0
Worcester,4,3,459,154,5,4,6,8,0,0,5,0,6,647
Worcester,4,4,674,390,8,4,3,8,0,0,7,0,12,1106
Worcester,4,5,760,412,14,6,5,8,0,0,3,0,15,1223
Worcester,4,6,689,489,8,7,9,5,0,0,4,0,6,1217
Worcester,5,1,467,238,3,4,2,7,0,0,3,0,4,728
Worcester,5,2,761,529,12,2,3,10,0,0,6,0,16,1339
Worcester,5,3,936,723,7,12,11,16,0,0,9,0,12,1726
Worcester,5,4,878,543,16,13,5,8,0,0,15,0,15,1493
Worcester,5,5,805,600,16,8,7,6,0,0,15,0,22,1479
Worcester,5,6,690,460,9,9,2,8,0,0,1,0,15,1194
Worcester,6,1,322,137,4,1,3,2,0,0,1,0,1,471
Worcester,6,2,451,260,1,3,1,4,0,0,3,0,7,730
Worcester,6,3,391,235,9,2,4,8,0,0,2,0,7,658
Worcester,6,4,108,38,1,0,1,0,0,0,0,0,1,149
Worcester,6,5,521,379,11,7,3,6,0,0,7,0,9,943
Worcester,6,6,832,568,6,4,5,4,0,0,2,0,14,1435
Worcester,7,1,853,427,6,8,5,9,0,0,9,0,11,1328
Worcester,7,2,724,465,14,7,2,5,0,0,8,0,7,1232
Worcester,7,3,548,318,5,11,1,9,0,0,7,0,5,904
Worcester,7,4,835,481,14,10,8,5,0,0,5,0,13,1371
Worcester,7,5,513,425,4,6,4,2,0,0,3,0,5,962
Worcester,7,5A,188,104,2,4,3,4,0,0,4,0,0,309
Worcester,7,6,763,503,12,8,9,6,0,0,4,0,13,1318
Worcester,8,1,346,228,7,3,0,3,0,0,5,0,10,602
Worcester,8,2,302,212,3,3,1,6,0,0,4,0,8,539
Worcester,8,3,251,73,5,1,0,5,0,0,3,0,1,339
Worcester,8,4,446,211,7,8,8,7,0,0,4,0,6,697
Worcester,8,5,392,275,2,7,3,4,0,0,3,0,3,689
Worcester,8,6,388,239,4,3,1,2,0,0,2,0,3,642
Worcester,9,1,690,302,17,6,9,11,0,0,4,0,11,1050
Worcester,9,2,1155,459,15,5,8,9,0,0,12,0,22,1685
Worcester,9,3,596,326,11,5,4,10,0,0,5,0,6,963
Worcester,9,4,1232,617,22,10,3,3,0,0,10,0,20,1917
Worcester,9,5,1376,636,18,23,13,5,0,0,17,0,21,2109
Worcester,9,6,1092,609,21,9,7,3,0,0,11,0,17,1769
Worcester,10,1,440,192,15,0,2,4,0,0,2,0,4,659
Worcester,10,2,561,190,20,5,4,19,0,0,9,0,9,817
Worcester,10,3,503,213,11,3,3,8,0,0,3,0,10,754
Worcester,10,4,386,233,5,3,2,10,0,0,2,0,7,648
Worcester,10,4A,0,0,0,0,0,0,0,0,0,0,0,0
Worcester,10,5,403,233,7,3,2,5,0,0,0,0,12,665
Worcester,10,6,348,231,4,2,2,10,0,0,3,0,10,610
Worthington,-,1,536,295,11,11,7,10,0,0,5,0,3,878
Wrentham,-,1,955,919,7,14,19,4,0,0,7,0,25,1950
Wrentham,-,2,1005,879,13,10,19,6,0,0,21,0,27,1980
Wrentham,-,3,990,867,10,18,9,3,0,0,22,0,16,1935
Wrentham,-,4,1007,955,11,14,10,4,0,0,20,0,25,2046
Yarmouth,-,1,1315,865,11,7,9,8,0,0,16,0,22,2253
Yarmouth,-,2,1282,833,12,10,7,5,0,0,14,0,13,2176
Yarmouth,-,3,841,749,9,6,7,4,0,0,6,0,7,1629
Yarmouth,-,4,1091,795,4,10,5,2,0,0,9,0,11,1927
Yarmouth,-,5,897,837,9,6,5,2,0,0,13,0,17,1786
Yarmouth,-,6,1053,700,9,6,5,3,0,0,15,0,16,1807
Yarmouth,-,7,1369,858,7,4,4,3,0,0,12,0,28,2285
Yarmouth,-,8,761,572,5,7,7,1,0,0,5,0,17,1375
Yarmouth,-,8A,137,127,0,2,1,0,0,0,1,0,1,269
