city_town,ward,precinct,Clinton/ Kaine,Trump/ Pence,Johnson/ Weld,Stein/ Baraka,Mcmullin/ Johnson,Kotlikoff/ Leamer,Feegbeh/ O'Brien,Moorehead/ Lilly,Schoenke/ Mitchel,All Others,No Preference,Blanks,Total Votes Cast
Abington,-,1,818,717,97,25,0,0,0,0,0,30,0,22,1709
Abington,-,2,739,785,67,27,0,0,0,0,0,12,0,41,1671
Abington,-,3,773,808,80,18,0,0,0,0,0,13,0,34,1726
Abington,-,4,877,878,87,16,0,0,0,0,0,26,0,35,1919
Abington,-,5,908,829,86,16,0,0,0,0,0,20,0,28,1887
Acton,-,1,1459,438,89,30,4,0,0,0,0,27,0,37,2084
Acton,-,2,1550,480,96,26,8,0,0,0,0,35,0,33,2228
Acton,-,3,1580,435,90,44,14,0,0,0,0,43,0,29,2235
Acton,-,4,1675,414,104,45,4,0,0,0,0,52,0,18,2312
Acton,-,5,1580,387,95,33,4,0,0,0,0,32,0,36,2167
Acton,-,6,1354,401,78,30,6,0,0,0,0,41,0,31,1941
Acushnet,-,1,783,786,58,26,5,0,0,0,0,14,0,30,1702
Acushnet,-,2,756,1043,57,29,0,0,0,0,0,29,0,44,1958
Acushnet,-,3,862,1005,59,32,0,0,0,0,0,22,0,32,2012
Adams,-,1,439,255,33,20,0,0,0,0,0,5,0,15,767
Adams,-,2,476,270,44,17,0,0,0,0,0,10,0,12,829
Adams,-,3,475,268,36,17,3,0,0,0,0,10,0,10,819
Adams,-,4,446,233,31,15,2,0,0,0,0,5,0,8,740
Adams,-,5,577,259,45,11,6,0,0,0,0,13,0,14,925
Agawam,-,1,631,827,82,33,0,0,0,0,0,11,0,21,1605
Agawam,-,2,850,1069,105,25,0,0,0,0,0,30,0,20,2099
Agawam,-,3,770,921,70,16,5,0,0,0,0,15,0,17,1814
Agawam,-,4,700,724,69,28,0,0,0,0,0,24,0,19,1564
Agawam,-,5,861,998,101,39,0,0,0,0,0,24,0,27,2050
Agawam,-,6,783,882,79,18,1,0,0,0,0,24,0,25,1812
Agawam,-,7,750,991,81,26,3,0,0,0,0,25,0,38,1914
Agawam,-,8,863,1009,64,23,0,0,0,0,0,35,0,25,2019
Alford,-,1,226,52,8,8,0,0,0,0,0,5,0,8,307
Amesbury,-,1,930,623,102,14,3,0,0,0,0,36,0,32,1740
Amesbury,-,2,901,503,87,34,4,0,0,0,0,23,0,24,1576
Amesbury,-,3,960,498,82,25,2,0,0,0,0,16,0,39,1622
Amesbury,-,4,805,502,86,28,3,0,0,0,0,14,0,19,1457
Amesbury,-,5,745,675,90,22,0,0,0,0,0,32,0,31,1595
Amesbury,-,6,833,430,80,28,1,0,0,0,0,24,0,16,1412
Amherst,-,1,955,101,37,79,0,0,0,0,0,21,0,10,1203
Amherst,-,2,1409,143,51,83,0,0,0,0,0,34,0,11,1731
Amherst,-,3,908,125,56,37,4,0,0,0,0,14,0,10,1154
Amherst,-,4,910,162,46,21,0,0,0,0,0,31,0,16,1186
Amherst,-,5,1023,95,19,40,3,0,0,0,0,11,0,16,1207
Amherst,-,6,1464,134,40,64,0,0,0,0,0,34,0,22,1758
Amherst,-,7,1440,131,37,64,2,0,0,0,0,31,0,12,1717
Amherst,-,8,1644,124,42,80,2,0,0,0,0,24,0,16,1932
Amherst,-,9,1382,79,48,91,0,0,0,0,0,29,0,16,1645
Amherst,-,10,1222,154,69,54,0,0,0,0,0,24,0,10,1533
Andover,-,1,1101,433,88,24,1,0,0,0,0,26,0,24,1697
Andover,-,2,1312,865,84,28,6,0,0,0,0,27,0,54,2376
Andover,-,3,1431,651,116,33,3,0,0,0,0,27,0,31,2292
Andover,-,4,1162,818,108,20,2,0,0,0,0,37,0,43,2190
Andover,-,5,1257,758,105,18,0,0,0,0,0,45,0,36,2219
Andover,-,6,1207,842,97,28,10,0,0,0,0,30,0,40,2254
Andover,-,7,980,548,77,12,1,0,0,0,0,34,0,30,1682
Andover,-,7A,256,163,24,1,3,0,0,0,0,9,0,14,470
Andover,-,8,1278,685,99,16,11,0,0,0,0,50,0,37,2176
Andover,-,9,1232,752,95,22,6,0,0,0,0,49,0,44,2200
Andover,-,9A,6,7,2,0,0,0,0,0,0,1,0,0,16
Aquinnah,-,1,232,34,6,7,0,0,0,0,0,5,0,3,287
Arlington,-,1,802,173,20,19,0,0,0,0,0,17,0,17,1048
Arlington,-,2,1028,232,43,21,8,0,0,0,0,21,0,17,1370
Arlington,-,3,1049,169,31,37,6,0,0,0,0,19,0,12,1323
Arlington,-,4,1022,195,47,24,3,0,0,0,0,18,0,11,1320
Arlington,-,5,932,233,31,33,2,0,0,0,0,18,0,10,1259
Arlington,-,6,946,178,25,20,3,0,0,0,0,20,0,14,1206
Arlington,-,7,938,173,41,22,0,0,0,0,0,14,0,15,1203
Arlington,-,8,1169,153,27,32,0,0,0,0,0,12,0,31,1424
Arlington,-,9,813,205,27,29,0,0,0,0,0,17,0,17,1108
Arlington,-,10,1129,192,30,23,2,0,0,0,0,31,0,17,1424
Arlington,-,11,1007,306,28,20,0,0,0,0,0,30,0,17,1408
Arlington,-,12,1122,229,38,20,0,0,0,0,0,27,0,19,1455
Arlington,-,13,846,375,49,8,1,0,0,0,0,16,0,31,1326
Arlington,-,14,930,201,28,16,3,0,0,0,0,1,0,38,1217
Arlington,-,15,1000,271,46,19,3,0,0,0,0,16,0,39,1394
Arlington,-,16,924,199,45,14,1,0,0,0,0,10,0,20,1213
Arlington,-,17,908,193,35,18,11,0,0,0,0,39,0,17,1221
Arlington,-,18,958,323,49,16,3,0,0,0,0,26,0,29,1404
Arlington,-,19,1003,268,34,16,2,0,0,0,0,26,0,7,1356
Arlington,-,20,1014,225,21,17,2,0,0,0,0,23,0,13,1315
Arlington,-,21,999,159,37,33,1,0,0,0,0,29,0,19,1277
Ashburnham,-,1,1439,1522,247,66,3,0,0,0,0,75,0,47,3399
Ashby,-,1,722,974,129,45,1,0,0,0,0,20,0,42,1933
Ashfield,-,1,836,184,52,44,2,0,0,12,0,2,0,23,1155
Ashland,-,1,1121,536,84,40,0,0,0,0,0,0,0,66,1847
Ashland,-,2,1166,588,95,16,0,0,0,0,0,0,0,76,1941
Ashland,-,3,1139,565,87,21,0,0,0,0,0,0,0,58,1870
Ashland,-,4,1147,576,91,10,0,0,0,0,0,0,0,53,1877
Ashland,-,5,1111,503,100,18,0,0,0,0,0,0,0,59,1791
Athol,-,1,733,856,126,42,0,0,0,0,0,48,0,32,1837
Athol,-,2,608,781,103,45,0,0,0,0,0,63,0,25,1625
Athol,-,3,735,698,99,29,0,0,0,0,0,24,0,9,1594
Attleboro,1,A,761,761,78,23,0,0,0,0,0,14,0,1,1638
Attleboro,1,B,779,758,69,21,0,0,0,0,0,19,0,20,1666
Attleboro,2,A,894,774,98,18,0,0,0,0,0,47,0,23,1854
Attleboro,2,B,949,861,91,32,0,0,0,0,0,34,0,21,1988
Attleboro,3,A,933,650,113,30,0,0,0,0,0,16,0,17,1759
Attleboro,3,B,949,694,94,18,0,0,0,0,0,0,0,13,1768
Attleboro,4,A,815,485,68,27,0,0,0,0,0,0,0,7,1402
Attleboro,4,B,1072,1021,97,36,0,0,0,0,0,0,0,57,2283
Attleboro,5,A,689,349,63,22,0,0,0,0,0,0,0,27,1150
Attleboro,5,B,912,682,94,26,0,0,0,0,0,0,0,61,1775
Attleboro,6,A,818,762,84,38,0,0,0,0,0,0,0,32,1734
Attleboro,6,B,947,774,83,30,0,0,0,0,0,0,0,30,1864
Auburn,-,1,934,841,115,14,6,0,0,0,0,31,0,38,1979
Auburn,-,2,959,822,87,20,5,0,0,0,0,24,0,33,1950
Auburn,-,3,968,839,99,15,6,0,0,0,0,38,0,22,1987
Auburn,-,4,830,746,153,29,1,0,0,0,0,16,0,34,1809
Auburn,-,5,805,752,99,14,3,0,0,0,0,27,0,30,1730
Avon,-,1,1254,1068,79,40,1,0,0,0,0,16,0,54,2512
Ayer,-,1,1078,729,146,43,0,0,0,0,0,54,0,15,2065
Ayer,-,2,1084,769,146,22,0,0,0,0,0,64,0,26,2111
Barnstable,-,1,1278,1015,91,24,4,0,0,0,0,21,0,58,2491
Barnstable,-,2,1022,946,82,32,6,0,0,0,0,25,0,29,2142
Barnstable,-,3,912,643,53,22,6,0,0,0,0,27,0,20,1683
Barnstable,-,4,994,879,73,32,2,0,0,0,0,37,0,20,2037
Barnstable,-,5,1049,1115,68,14,5,0,0,0,0,38,0,38,2327
Barnstable,-,6,1033,1006,107,29,7,0,0,0,0,35,0,29,2246
Barnstable,-,7,1252,994,95,29,1,0,0,0,0,43,0,33,2447
Barnstable,-,8,875,575,70,28,2,0,0,0,0,35,0,13,1598
Barnstable,-,9,620,341,42,23,0,0,0,0,0,18,0,7,1051
Barnstable,-,10,928,929,98,27,3,0,0,0,0,28,0,23,2036
Barnstable,-,11,1124,1101,100,27,5,0,0,0,0,39,0,28,2424
Barnstable,-,12,1050,1032,111,26,1,0,0,0,0,29,0,23,2272
Barnstable,-,13,868,619,59,35,3,0,0,0,0,12,0,30,1626
Barre,-,1,639,712,87,36,4,0,0,0,0,24,0,19,1521
Barre,-,2,562,717,77,22,3,0,0,0,0,18,0,16,1415
Becket,-,1,571,368,37,25,6,0,0,0,0,22,0,18,1047
Bedford,-,1,1419,548,116,23,0,0,0,0,0,47,0,28,2181
Bedford,-,2,1165,648,77,25,0,0,0,0,0,37,0,33,1985
Bedford,-,3,1379,512,95,19,0,0,0,0,0,36,0,29,2070
Bedford,-,4,1122,503,116,25,0,0,0,0,0,42,0,22,1830
Belchertown,-,A,1103,698,78,53,0,0,0,0,0,29,0,40,2001
Belchertown,-,B,977,894,117,43,0,0,0,0,0,38,0,35,2104
Belchertown,-,C,1048,955,107,38,0,0,0,0,0,11,0,58,2217
Belchertown,-,D,1280,606,90,58,0,0,0,0,0,13,0,49,2096
Bellingham,-,1,797,786,111,20,0,0,0,0,0,33,0,19,1766
Bellingham,-,2,846,834,107,19,0,0,0,0,0,48,0,35,1889
Bellingham,-,3,895,791,93,25,0,0,0,0,0,26,0,19,1849
Bellingham,-,4,687,711,99,11,0,0,0,0,0,35,0,18,1561
Bellingham,-,4A,104,92,10,2,0,0,0,0,0,4,0,1,213
Bellingham,-,5,704,845,82,23,0,0,0,0,0,28,0,22,1704
Belmont,-,1,1326,339,73,27,8,0,0,0,0,33,0,35,1841
Belmont,-,2,1248,501,85,17,14,0,0,0,0,59,0,22,1946
Belmont,-,3,1317,366,57,21,9,0,0,0,0,30,0,22,1822
Belmont,-,4,1132,322,74,28,5,0,0,0,0,25,0,17,1603
Belmont,-,5,1275,350,69,32,6,0,0,0,0,22,0,37,1791
Belmont,-,6,1366,339,52,36,10,0,0,0,0,16,0,30,1849
Belmont,-,7,1339,345,74,48,6,0,0,0,0,37,0,19,1868
Belmont,-,8,1249,544,77,28,11,0,0,0,0,28,0,34,1971
Berkley,-,1,793,1003,85,32,0,0,0,0,0,32,0,20,1965
Berkley,-,2,662,923,64,19,0,0,0,0,0,24,0,22,1714
Berlin,-,1,1009,745,124,38,3,0,0,0,0,20,0,27,1966
Bernardston,-,1,711,382,81,27,0,0,0,0,0,27,0,16,1244
Beverly,1,1,941,640,100,21,2,0,0,0,0,31,0,22,1757
Beverly,1,2,1072,705,115,24,8,0,0,0,0,18,0,49,1991
Beverly,2,1,1111,435,88,45,10,0,0,0,0,38,0,20,1747
Beverly,2,2,1336,484,94,31,7,0,0,0,0,27,0,45,2024
Beverly,3,1,916,396,87,40,12,0,0,0,0,30,0,16,1497
Beverly,3,2,1005,607,93,25,8,0,0,0,0,30,0,42,1810
Beverly,4,1,741,332,51,9,1,0,0,0,0,11,0,27,1172
Beverly,4,2,1489,557,87,35,7,0,0,0,0,32,0,35,2242
Beverly,5,1,1117,676,97,27,1,0,0,0,0,28,0,41,1987
Beverly,5,2,1073,661,78,29,6,0,0,0,0,30,0,56,1933
Beverly,6,1,1250,581,139,23,2,0,0,0,0,20,0,55,2070
Beverly,6,2,1134,830,113,23,5,0,0,0,0,24,0,54,2183
Billerica,-,1,1087,834,108,30,0,0,0,0,0,35,0,31,2125
Billerica,-,2,999,930,101,31,0,0,0,0,0,55,0,27,2143
Billerica,-,3,957,929,85,19,0,0,0,0,0,42,0,23,2055
Billerica,-,4,804,803,73,24,0,0,0,0,0,24,0,23,1751
Billerica,-,5,953,1093,93,17,0,0,0,0,0,42,0,34,2232
Billerica,-,6,795,820,81,32,0,0,0,0,0,44,0,19,1791
Billerica,-,7,979,876,82,30,0,0,0,0,0,30,0,25,2022
Billerica,-,8,955,1065,115,17,0,0,0,0,0,36,0,24,2212
Billerica,-,9,860,996,71,17,0,0,0,0,0,51,0,23,2018
Billerica,-,10,859,1061,80,26,0,0,0,0,0,30,0,27,2083
Billerica,-,11,852,912,87,21,0,0,0,0,0,34,0,20,1926
Blackstone,-,1,578,734,91,20,3,0,0,0,0,16,0,29,1471
Blackstone,-,2,670,776,83,23,1,0,0,0,0,16,0,23,1592
Blackstone,-,3,602,817,80,16,2,0,0,0,0,17,0,26,1560
Blandford,-,1,256,405,28,8,2,0,0,0,0,8,0,10,717
Bolton,-,1,1891,1036,230,54,14,0,0,0,0,67,0,53,3345
Boston,1,1,755,189,23,20,0,0,0,0,0,18,0,11,1016
Boston,1,2,562,142,21,12,0,0,0,0,0,7,0,11,755
Boston,1,3,1276,251,45,34,0,0,0,0,0,15,0,15,1636
Boston,1,4,366,88,10,13,0,0,0,0,0,8,0,7,492
Boston,1,5,652,153,28,10,0,0,0,0,0,13,0,11,867
Boston,1,6,556,138,19,14,0,0,0,0,0,13,0,6,746
Boston,1,7,604,143,17,13,0,0,0,0,0,18,0,11,806
Boston,1,8,859,187,27,16,0,0,0,0,0,20,0,14,1123
Boston,1,9,551,146,25,13,0,0,0,0,0,14,0,12,761
Boston,1,10,364,105,10,6,0,0,0,0,0,8,0,3,496
Boston,1,11,644,345,26,12,0,0,0,0,0,19,0,12,1058
Boston,1,12,582,364,37,12,0,0,0,0,0,10,0,16,1021
Boston,1,13,927,361,27,17,0,0,0,0,0,16,0,19,1367
Boston,1,14,425,219,16,4,0,0,0,0,0,7,0,7,678
Boston,1,15,1,0,0,0,0,0,0,0,0,0,0,0,1
Boston,2,1,1164,384,93,11,0,0,0,0,0,34,0,23,1709
Boston,2,2,1530,378,61,25,0,0,0,0,0,43,0,30,2067
Boston,2,3,876,211,53,12,0,0,0,0,0,31,0,17,1200
Boston,2,4,821,187,43,9,0,0,0,0,0,23,0,35,1118
Boston,2,5,875,280,61,5,0,0,0,0,0,33,0,22,1276
Boston,2,6,1028,381,71,14,0,0,0,0,0,36,0,29,1559
Boston,2,7,779,290,51,11,0,0,0,0,0,28,0,17,1176
Boston,3,1,1165,434,89,15,0,0,0,0,0,42,0,13,1758
Boston,3,2,856,298,54,7,0,0,0,0,0,31,0,17,1263
Boston,3,3,916,329,67,18,2,0,0,0,0,27,0,12,1371
Boston,3,4,931,361,64,16,7,0,0,0,0,28,0,15,1422
Boston,3,5,1684,386,76,24,4,0,0,0,0,32,0,23,2229
Boston,3,6,2121,536,131,23,1,0,0,0,0,69,0,23,2904
Boston,3,7,2451,223,83,17,0,0,0,0,0,41,0,21,2836
Boston,3,8,2941,433,115,35,0,0,0,0,0,63,0,34,3621
Boston,4,1,1283,121,51,15,1,0,0,0,0,22,0,9,1502
Boston,4,2,1731,324,76,24,0,0,0,0,0,41,0,32,2228
Boston,4,3,858,73,48,10,0,0,0,0,0,27,0,7,1023
Boston,4,4,1214,82,48,9,0,0,0,0,0,18,0,15,1386
Boston,4,5,901,114,35,17,0,0,0,0,0,20,0,8,1095
Boston,4,6,741,98,37,10,0,0,0,0,0,18,0,7,911
Boston,4,7,819,76,22,20,0,0,0,0,0,16,0,6,959
Boston,4,8,795,113,29,26,0,0,0,0,0,11,0,4,978
Boston,4,9,689,24,22,22,0,0,0,0,0,8,0,5,770
Boston,4,10,390,45,10,7,0,0,0,0,0,9,0,4,465
Boston,5,1,2512,301,89,37,2,0,0,0,0,58,0,57,3056
Boston,5,2,882,77,26,20,0,0,0,0,0,11,0,13,1029
Boston,5,2A,507,76,27,8,0,0,0,0,0,14,0,6,638
Boston,5,3,1077,191,59,9,0,0,0,0,0,44,0,15,1395
Boston,5,4,1371,174,75,7,0,0,0,0,0,48,0,9,1684
Boston,5,5,449,87,23,4,3,0,0,0,0,13,0,14,593
Boston,5,6,1020,227,53,14,0,0,0,0,0,46,0,20,1380
Boston,5,7,1296,268,76,27,0,0,0,0,0,40,0,15,1722
Boston,5,8,1136,209,71,17,2,0,0,0,0,38,0,21,1494
Boston,5,9,1572,243,94,21,5,0,0,0,0,48,0,28,2011
Boston,5,10,1025,175,30,21,0,0,0,0,0,35,0,14,1300
Boston,5,11,723,120,33,8,1,0,0,0,0,16,0,10,911
Boston,6,1,2669,668,131,21,1,0,0,0,0,66,0,37,3593
Boston,6,2,706,203,40,9,0,0,0,0,0,22,0,9,989
Boston,6,3,950,330,63,8,0,0,0,0,0,35,0,14,1400
Boston,6,4,880,358,70,17,0,0,0,0,0,35,0,25,1385
Boston,6,5,805,360,59,16,0,0,0,0,0,40,0,16,1296
Boston,6,6,683,367,57,12,0,0,0,0,0,33,0,23,1175
Boston,6,7,742,411,66,7,0,0,0,0,0,26,0,25,1277
Boston,6,8,693,370,64,8,0,0,0,0,0,28,0,18,1181
Boston,6,9,588,439,43,5,4,0,0,0,0,18,0,18,1115
Boston,7,1,605,367,42,8,2,0,0,0,0,25,0,16,1065
Boston,7,2,799,429,64,13,5,0,0,0,0,26,0,16,1352
Boston,7,3,886,475,69,8,0,0,0,0,0,37,0,21,1496
Boston,7,4,826,333,50,16,0,0,0,0,0,22,0,14,1261
Boston,7,5,749,231,56,16,0,0,0,0,0,18,0,11,1081
Boston,7,6,696,202,21,8,0,0,0,0,0,21,0,11,959
Boston,7,7,580,98,7,12,0,0,0,0,0,11,0,4,712
Boston,7,8,632,167,29,13,0,0,0,0,0,14,0,8,863
Boston,7,9,618,187,25,15,0,0,0,0,0,18,0,10,873
Boston,7,10,835,48,12,12,0,0,0,0,0,7,0,2,916
Boston,8,1,706,57,12,8,0,0,0,0,0,5,0,3,791
Boston,8,2,1396,136,23,23,0,0,0,0,0,22,0,12,1612
Boston,8,3,724,26,11,8,0,0,0,0,0,6,0,6,781
Boston,8,4,404,9,1,4,0,0,0,0,0,5,0,4,427
Boston,8,5,760,35,6,10,0,0,0,0,0,8,0,2,821
Boston,8,6,271,27,7,2,0,0,0,0,0,3,0,4,314
Boston,8,7,541,27,4,4,0,0,0,0,0,5,0,7,588
Boston,9,1,1158,97,24,14,0,0,0,0,0,12,0,14,1319
Boston,9,2,1129,94,33,15,0,0,0,0,0,26,0,12,1309
Boston,9,3,1914,69,29,17,0,0,0,0,0,15,0,15,2059
Boston,9,4,1177,57,18,15,0,0,0,0,0,6,0,10,1283
Boston,9,5,1330,34,11,17,0,0,0,0,0,13,0,10,1415
Boston,10,1,616,37,8,8,0,0,0,0,0,7,0,6,682
Boston,10,2,557,55,12,14,6,0,0,0,0,13,0,4,661
Boston,10,3,553,58,19,14,0,0,0,0,0,8,0,11,663
Boston,10,4,977,154,21,19,0,0,0,1,0,8,0,10,1190
Boston,10,5,678,77,31,37,0,0,0,0,0,27,0,7,857
Boston,10,6,761,44,22,23,0,0,0,0,0,16,0,4,870
Boston,10,7,1082,34,11,14,0,0,0,0,0,8,0,7,1156
Boston,10,8,1021,67,30,28,0,0,0,0,0,12,0,10,1168
Boston,10,9,1432,78,32,42,0,0,0,0,0,21,0,12,1617
Boston,11,1,560,19,12,19,0,0,0,0,0,6,0,11,627
Boston,11,2,1000,25,14,17,0,0,0,0,0,10,0,7,1073
Boston,11,3,768,27,8,5,0,0,0,0,0,4,0,8,820
Boston,11,4,1247,49,22,31,0,0,0,0,0,17,0,9,1375
Boston,11,5,1000,48,12,23,0,0,0,0,0,9,0,7,1099
Boston,11,6,845,43,16,38,0,0,0,0,0,9,0,9,960
Boston,11,7,1113,49,14,33,0,0,0,0,0,11,0,9,1229
Boston,11,8,1123,58,19,30,6,0,0,0,0,8,0,5,1249
Boston,11,9,762,45,11,16,0,0,0,0,0,12,0,19,865
Boston,11,10,956,27,15,31,0,0,0,0,0,10,0,8,1047
Boston,12,1,1049,37,9,26,0,0,0,0,0,14,0,6,1141
Boston,12,2,1126,26,10,16,0,0,0,0,0,11,0,22,1211
Boston,12,3,599,18,7,18,0,0,0,0,0,7,0,10,659
Boston,12,4,658,29,7,17,0,0,0,0,0,4,0,6,721
Boston,12,5,470,10,2,4,0,0,0,0,0,2,0,1,489
Boston,12,6,544,22,3,7,0,0,0,0,0,4,0,7,587
Boston,12,7,1491,42,8,18,0,0,0,0,0,7,0,15,1581
Boston,12,8,457,16,3,3,0,0,0,0,0,6,0,6,491
Boston,12,9,620,20,3,15,0,0,0,0,0,5,0,1,664
Boston,13,1,876,33,7,11,0,0,0,0,0,7,0,8,942
Boston,13,2,329,12,2,4,0,0,0,0,0,3,0,6,356
Boston,13,3,679,69,24,15,0,0,0,0,0,18,0,8,813
Boston,13,4,610,26,2,13,0,0,0,0,0,4,0,3,658
Boston,13,5,611,39,7,12,0,0,0,0,0,10,0,7,686
Boston,13,6,801,75,18,8,0,0,0,0,0,16,0,3,921
Boston,13,7,758,182,36,30,0,0,0,0,0,11,0,10,1027
Boston,13,8,681,143,25,12,0,0,0,0,0,9,0,18,888
Boston,13,9,799,103,25,13,0,0,0,0,0,18,0,4,962
Boston,13,10,913,303,39,34,2,0,0,0,0,20,0,22,1333
Boston,14,1,1377,50,6,19,0,0,0,0,0,9,0,21,1482
Boston,14,2,1517,41,12,16,0,0,0,0,0,11,0,16,1613
Boston,14,3,762,9,3,6,0,0,0,0,0,4,0,4,788
Boston,14,4,850,30,7,14,0,0,0,0,0,7,0,5,913
Boston,14,5,642,12,4,6,0,0,0,0,0,4,0,1,669
Boston,14,6,674,24,6,7,0,0,0,0,0,8,0,6,725
Boston,14,7,696,19,4,6,0,0,0,0,0,5,0,7,737
Boston,14,8,759,20,2,13,0,0,0,0,0,4,0,9,807
Boston,14,9,775,22,7,9,0,0,0,0,0,7,0,6,826
Boston,14,10,805,13,5,3,0,0,0,0,0,6,0,5,837
Boston,14,11,686,30,3,4,0,0,0,0,0,10,0,5,738
Boston,14,12,484,11,2,3,0,0,0,0,0,3,0,3,506
Boston,14,13,664,16,6,11,0,0,0,0,0,3,0,9,709
Boston,14,14,757,16,2,6,0,0,0,0,0,7,0,10,798
Boston,15,1,887,31,6,7,0,0,0,0,0,3,0,14,948
Boston,15,2,612,8,3,9,0,0,0,0,0,4,0,7,643
Boston,15,3,395,16,3,3,1,0,0,0,0,4,0,1,423
Boston,15,4,1069,90,14,21,0,0,0,0,0,13,0,10,1217
Boston,15,5,781,29,6,12,0,0,0,0,0,11,0,3,842
Boston,15,6,373,101,11,4,0,0,0,0,0,7,0,6,502
Boston,15,7,638,22,6,14,0,0,0,0,0,4,0,10,694
Boston,15,8,490,77,8,11,0,0,0,0,0,11,0,7,604
Boston,15,9,616,81,11,8,2,0,0,0,0,2,0,14,734
Boston,16,1,569,102,10,8,1,0,0,0,0,6,0,9,705
Boston,16,2,457,157,19,6,0,0,0,0,0,7,0,5,651
Boston,16,3,869,106,14,10,0,0,0,0,0,13,0,12,1024
Boston,16,4,696,111,19,19,0,0,0,0,0,5,0,10,860
Boston,16,5,779,175,23,12,0,0,0,0,0,9,0,17,1015
Boston,16,6,995,167,24,28,0,0,0,0,0,9,0,12,1235
Boston,16,7,589,305,34,13,0,0,0,0,0,18,0,12,971
Boston,16,8,748,241,36,25,1,0,0,1,0,27,0,17,1096
Boston,16,9,582,466,35,11,0,0,0,0,0,16,0,24,1134
Boston,16,10,576,331,22,13,0,0,0,0,0,10,0,12,964
Boston,16,11,749,291,34,20,0,0,0,0,0,20,0,13,1127
Boston,16,12,456,442,43,6,0,0,0,0,0,12,0,23,982
Boston,17,1,726,30,3,11,0,0,0,0,0,5,0,6,781
Boston,17,2,499,33,10,12,0,0,0,0,0,8,0,2,564
Boston,17,3,1143,50,11,13,0,0,0,0,0,15,0,10,1242
Boston,17,4,1169,112,16,17,0,0,0,0,0,12,0,13,1339
Boston,17,5,509,15,6,15,0,0,0,0,0,4,0,4,553
Boston,17,6,821,44,18,14,0,0,0,0,0,5,0,6,908
Boston,17,7,448,15,3,2,0,0,0,0,0,5,0,9,482
Boston,17,8,730,32,5,2,0,0,0,0,0,7,0,7,783
Boston,17,9,634,39,8,12,0,0,0,0,0,4,0,2,699
Boston,17,10,1006,36,11,7,0,0,0,0,0,5,0,9,1074
Boston,17,11,389,14,7,6,0,0,0,0,0,4,0,4,424
Boston,17,12,612,39,4,9,0,0,0,0,0,9,0,5,678
Boston,17,13,752,143,12,18,0,0,0,0,0,21,0,15,961
Boston,17,14,835,106,16,9,0,0,0,0,0,10,0,7,983
Boston,18,1,1347,49,13,11,0,0,0,0,0,11,0,3,1434
Boston,18,2,961,18,5,9,0,0,0,0,0,13,0,5,1011
Boston,18,3,1096,18,7,11,0,0,0,0,0,6,0,10,1148
Boston,18,4,1075,34,6,10,0,0,0,0,0,8,0,7,1140
Boston,18,5,969,39,7,12,0,0,0,0,0,3,0,8,1038
Boston,18,6,1343,49,6,12,0,0,0,0,0,6,0,10,1426
Boston,18,7,932,107,10,10,1,0,0,0,0,7,0,9,1076
Boston,18,8,1646,147,23,21,0,0,0,0,0,10,0,11,1858
Boston,18,9,923,164,11,14,0,0,0,0,0,13,0,18,1143
Boston,18,10,1321,201,38,24,0,0,0,0,0,22,0,19,1625
Boston,18,11,851,87,14,12,0,0,0,0,0,10,0,7,981
Boston,18,12,926,187,19,15,0,0,0,0,0,7,0,8,1162
Boston,18,13,574,59,10,14,1,0,0,0,0,6,0,6,670
Boston,18,14,616,67,6,12,0,0,0,0,0,5,0,5,711
Boston,18,15,919,67,10,9,0,0,0,0,0,12,0,8,1025
Boston,18,16,836,346,30,22,1,0,0,0,0,22,0,20,1277
Boston,18,17,935,171,27,20,0,0,0,0,0,8,0,14,1175
Boston,18,18,1120,205,29,13,0,0,0,0,0,10,0,14,1391
Boston,18,19,1463,260,31,37,0,0,0,0,0,21,0,19,1831
Boston,18,20,1023,430,37,11,0,0,0,0,0,26,0,20,1547
Boston,18,21,1223,38,7,12,0,0,0,0,0,16,0,12,1308
Boston,18,22,926,325,24,20,0,0,0,0,0,21,0,19,1335
Boston,18,23,900,69,13,5,0,0,0,0,0,2,0,10,999
Boston,19,1,1008,29,26,28,0,0,0,0,0,9,0,4,1104
Boston,19,2,967,236,31,21,3,0,0,0,0,41,0,17,1316
Boston,19,3,772,62,20,22,0,0,0,0,0,14,0,8,898
Boston,19,4,1179,42,17,23,0,0,0,0,0,13,0,7,1281
Boston,19,5,912,68,16,22,2,0,0,0,0,13,0,8,1041
Boston,19,6,1354,52,20,43,0,0,0,0,0,22,0,10,1501
Boston,19,7,1174,81,22,32,0,0,0,0,0,24,0,6,1339
Boston,19,8,647,34,15,17,0,0,0,0,0,4,0,4,721
Boston,19,9,638,45,13,14,0,0,0,0,0,10,0,20,740
Boston,19,10,1091,142,32,24,0,0,0,0,0,10,0,13,1312
Boston,19,11,1051,56,12,21,0,0,0,0,0,8,0,4,1152
Boston,19,12,807,106,7,13,3,0,0,0,0,9,0,8,953
Boston,19,13,737,83,9,12,1,0,0,0,0,7,0,9,858
Boston,20,1,895,231,32,19,1,0,0,0,0,16,0,9,1203
Boston,20,2,967,171,30,26,0,0,0,0,0,16,0,9,1219
Boston,20,3,787,339,30,23,4,0,0,0,0,19,0,18,1220
Boston,20,4,862,105,25,22,0,0,0,0,0,18,0,5,1037
Boston,20,5,757,381,29,15,0,0,0,0,0,30,0,19,1231
Boston,20,6,927,358,40,16,0,0,0,0,0,22,0,20,1383
Boston,20,7,590,207,23,14,2,0,0,0,0,9,0,16,861
Boston,20,8,704,183,26,10,0,0,0,0,0,14,0,15,952
Boston,20,9,778,211,22,8,0,0,0,0,0,18,0,10,1047
Boston,20,10,955,474,35,15,1,0,0,0,0,34,0,31,1545
Boston,20,11,470,165,16,7,0,0,0,0,0,7,0,7,672
Boston,20,12,549,263,38,15,1,0,0,0,0,23,0,12,901
Boston,20,13,508,229,23,6,0,0,0,0,0,21,0,15,802
Boston,20,14,459,245,33,9,0,0,0,0,0,15,0,16,777
Boston,20,15,878,462,47,16,0,0,0,0,0,7,0,22,1432
Boston,20,16,845,510,59,15,0,0,0,0,0,30,0,27,1486
Boston,20,17,1030,488,60,18,0,0,0,0,0,26,0,20,1642
Boston,20,18,550,174,17,14,0,0,0,0,0,9,0,14,778
Boston,20,19,527,246,26,7,0,0,0,0,0,17,0,23,846
Boston,20,20,964,363,39,15,0,0,0,0,0,20,0,9,1410
Boston,21,1,983,89,42,18,0,0,0,0,0,22,0,5,1159
Boston,21,2,472,41,17,9,0,0,0,0,0,9,0,6,554
Boston,21,3,689,80,23,21,1,0,0,0,0,15,0,2,831
Boston,21,4,577,44,26,30,0,0,0,0,0,11,0,1,689
Boston,21,5,936,78,33,25,0,0,0,0,0,27,0,4,1103
Boston,21,6,657,93,18,23,0,0,0,0,0,15,0,5,811
Boston,21,7,875,72,25,25,0,0,0,0,0,14,0,7,1018
Boston,21,8,1001,80,40,36,0,0,0,0,0,17,0,12,1186
Boston,21,9,987,104,40,22,0,0,0,0,0,15,0,6,1174
Boston,21,10,861,131,27,15,3,0,0,0,0,7,0,11,1055
Boston,21,11,988,112,48,23,0,0,0,0,0,22,0,9,1202
Boston,21,12,904,192,46,23,1,0,0,0,0,12,0,19,1197
Boston,21,13,854,303,52,17,0,0,0,0,0,29,0,7,1262
Boston,21,14,654,61,28,17,0,0,0,0,0,12,0,8,780
Boston,21,15,791,81,22,17,2,0,0,0,0,11,0,4,928
Boston,21,16,846,165,49,27,0,0,0,0,0,24,0,18,1129
Boston,22,1,1130,121,50,43,7,0,0,0,0,39,0,7,1397
Boston,22,2,1249,169,37,45,0,0,0,0,0,32,0,12,1544
Boston,22,3,1063,214,41,32,7,0,0,0,0,33,0,13,1403
Boston,22,4,701,128,44,17,0,0,0,0,0,20,0,11,921
Boston,22,5,598,123,28,18,0,0,0,0,0,10,0,13,790
Boston,22,6,606,106,31,25,0,0,0,0,0,18,0,7,793
Boston,22,7,949,155,57,24,0,0,0,0,0,19,0,15,1219
Boston,22,8,669,199,31,9,0,0,0,0,0,24,0,8,940
Boston,22,9,708,173,32,20,3,0,0,0,0,18,0,15,969
Boston,22,10,835,163,38,19,1,0,0,0,0,23,0,19,1098
Boston,22,11,596,130,14,29,0,0,0,0,0,11,0,7,787
Boston,22,12,605,138,27,14,1,0,0,0,0,17,0,9,811
Boston,22,13,571,124,16,8,0,0,0,0,0,20,0,8,747
Bourne,-,1,687,829,60,18,2,0,0,0,0,14,0,21,1631
Bourne,-,2,780,1001,68,13,2,0,0,0,0,61,0,0,1925
Bourne,-,3,435,542,46,19,0,0,0,0,0,21,0,12,1075
Bourne,-,4,863,803,74,24,0,0,0,0,0,29,0,38,1831
Bourne,-,5,808,773,77,18,0,0,0,0,0,28,0,35,1739
Bourne,-,6,627,485,47,17,0,0,0,0,0,27,0,25,1228
Bourne,-,7,710,768,70,20,0,0,0,0,0,0,0,38,1606
Boxborough,-,1,1987,756,159,36,18,0,0,0,0,70,0,43,3069
Boxford,-,1,786,711,114,12,0,0,0,0,0,54,0,29,1706
Boxford,-,2,852,776,98,16,0,0,0,0,0,49,0,22,1813
Boxford,-,3,816,707,85,7,0,0,0,0,0,37,0,37,1689
Boylston,-,1,1424,1125,176,35,0,0,0,0,0,56,0,45,2861
Braintree,-,1A,836,781,64,17,0,0,0,0,0,27,0,34,1759
Braintree,-,1B,827,663,51,22,0,0,0,0,0,24,0,21,1608
Braintree,-,2A,912,765,63,20,0,0,0,0,0,38,0,35,1833
Braintree,-,2B,871,772,70,10,0,0,0,0,0,37,0,42,1802
Braintree,-,3A,831,594,57,21,0,0,0,0,0,30,0,19,1552
Braintree,-,3B,857,655,58,19,0,0,0,0,0,34,0,30,1653
Braintree,-,4A,773,594,59,27,0,0,0,0,0,30,0,26,1509
Braintree,-,4B,882,506,51,12,0,0,0,0,0,31,0,22,1504
Braintree,-,5A,837,686,60,21,0,0,0,0,0,32,0,33,1669
Braintree,-,5B,994,762,78,22,1,0,0,0,0,41,0,30,1928
Braintree,-,6A,960,864,77,12,0,0,0,0,0,36,0,35,1984
Braintree,-,6B,889,785,78,13,0,0,0,0,0,26,0,34,1825
Brewster,-,1,1307,815,101,39,0,0,0,0,0,31,0,31,2324
Brewster,-,2,1320,750,94,33,0,0,0,0,0,37,0,47,2281
Brewster,-,3,1186,805,102,40,0,0,0,0,0,27,0,50,2210
Bridgewater,-,1,1088,1341,122,33,0,0,0,0,0,45,0,30,2659
Bridgewater,-,2,971,1095,111,27,0,0,0,0,0,38,0,29,2271
Bridgewater,-,3,1032,1350,98,23,0,0,0,0,0,32,0,24,2559
Bridgewater,-,4,487,536,73,6,0,0,0,0,0,21,0,11,1134
Bridgewater,-,5,334,310,32,11,0,0,0,0,0,17,0,9,713
Bridgewater,-,6,860,706,76,21,0,0,0,0,0,34,0,16,1713
Bridgewater,-,7,946,923,112,46,0,0,0,0,0,33,0,31,2091
Brimfield,-,1,793,1113,117,34,5,0,0,0,0,16,0,48,2126
Brockton,1,A,906,179,24,9,0,0,0,0,0,8,0,9,1135
Brockton,1,B,980,381,45,23,0,0,0,0,0,13,0,19,1461
Brockton,1,C,908,354,40,9,0,0,0,0,0,13,0,14,1338
Brockton,1,D,1049,611,75,24,0,0,0,0,0,19,0,45,1823
Brockton,2,A,809,60,11,8,0,0,0,0,0,4,0,7,899
Brockton,2,B,746,89,11,6,0,0,0,0,0,10,0,6,868
Brockton,2,C,754,79,10,7,0,0,0,0,0,6,0,3,859
Brockton,2,D,857,253,26,14,0,0,0,0,0,17,0,12,1179
Brockton,3,A,918,257,23,12,0,0,0,0,0,7,0,18,1235
Brockton,3,B,882,164,24,5,0,0,0,0,0,12,0,14,1101
Brockton,3,C,984,544,42,22,0,0,0,0,0,16,0,19,1627
Brockton,3,D,932,557,58,18,0,0,0,0,0,12,0,33,1610
Brockton,4,A,752,108,7,4,0,0,0,0,0,4,0,8,883
Brockton,4,B,992,279,35,13,0,0,0,0,0,15,0,11,1345
Brockton,4,C,943,410,37,13,0,0,0,0,0,17,0,18,1438
Brockton,4,D,927,409,36,21,0,0,0,0,0,11,0,19,1423
Brockton,5,A,972,151,27,12,0,0,0,0,0,9,0,9,1180
Brockton,5,B,961,387,48,18,0,0,0,0,0,26,0,12,1452
Brockton,5,C,979,232,23,18,0,0,0,0,0,14,0,9,1275
Brockton,5,D,934,480,39,21,0,0,0,0,0,20,0,17,1511
Brockton,6,A,805,236,29,10,0,0,0,0,0,4,0,12,1096
Brockton,6,B,956,596,50,29,0,0,0,0,0,20,0,22,1673
Brockton,6,C,910,402,42,13,0,0,0,0,0,11,0,20,1398
Brockton,6,D,835,584,50,17,0,0,0,0,0,21,0,26,1533
Brockton,7,A,896,146,13,6,0,0,0,0,0,4,0,18,1083
Brockton,7,B,1047,252,34,14,0,0,0,0,0,2,0,19,1368
Brockton,7,C,1018,215,21,11,0,0,0,0,0,7,0,10,1282
Brockton,7,D,941,386,40,11,0,0,0,0,0,15,0,17,1410
Brookfield,-,1,708,936,102,27,0,0,0,0,0,29,0,25,1827
Brookline,-,1,1518,173,48,21,0,0,0,0,0,23,0,19,1802
Brookline,-,2,1070,121,28,12,0,0,0,0,0,16,0,18,1265
Brookline,-,3,1617,172,42,25,4,0,0,0,0,23,0,18,1901
Brookline,-,4,1429,221,33,19,7,0,0,0,0,20,0,17,1746
Brookline,-,5,1640,205,40,32,8,0,0,0,0,32,0,10,1967
Brookline,-,6,1711,151,49,31,1,0,0,0,0,29,0,17,1989
Brookline,-,7,1470,153,54,35,6,0,0,0,0,34,0,18,1770
Brookline,-,8,1626,146,41,32,6,0,0,0,0,18,0,18,1887
Brookline,-,9,1551,159,34,31,2,0,0,0,0,16,0,17,1810
Brookline,-,10,1538,191,44,17,4,0,0,0,0,24,0,21,1839
Brookline,-,11,1634,183,24,30,1,0,0,0,0,18,0,17,1907
Brookline,-,12,1868,204,55,27,6,0,0,0,0,31,0,26,2217
Brookline,-,13,1622,184,57,25,5,0,0,0,0,22,0,28,1943
Brookline,-,14,1590,252,67,20,5,0,0,0,0,32,0,42,2008
Brookline,-,15,1407,390,66,16,0,0,0,0,0,53,0,20,1952
Brookline,-,16,1292,270,49,25,3,0,0,0,0,23,0,15,1677
Buckland,-,1,703,230,53,39,0,0,0,0,0,16,0,26,1067
Burlington,-,1,1188,946,93,16,4,0,0,0,0,42,0,38,2327
Burlington,-,2,863,495,74,14,5,0,0,0,0,18,0,24,1493
Burlington,-,3,1070,777,79,17,5,0,0,0,0,34,0,43,2025
Burlington,-,4,1002,683,74,18,4,0,0,0,0,23,0,26,1830
Burlington,-,5,1161,902,76,19,4,0,0,0,0,15,0,51,2228
Burlington,-,6,1134,884,81,15,3,0,0,0,0,31,0,27,2175
Burlington,-,7,1215,747,81,24,1,0,0,0,0,40,0,33,2141
Cambridge,1,1,1404,224,64,24,3,0,0,0,0,22,0,17,1758
Cambridge,1,2,1267,179,42,35,9,0,0,0,0,23,0,6,1561
Cambridge,1,3,1365,202,54,20,8,0,0,0,0,25,0,11,1685
Cambridge,2,1,1342,74,31,32,0,0,0,0,0,27,0,15,1521
Cambridge,2,2,433,19,27,10,10,0,0,0,0,10,0,2,511
Cambridge,2,3,761,79,26,19,5,1,0,0,0,15,0,7,913
Cambridge,3,1,1354,176,51,45,5,0,0,0,0,18,0,17,1666
Cambridge,3,2,914,62,15,26,3,0,0,0,0,11,0,7,1038
Cambridge,3,2A,675,34,22,26,2,0,0,0,0,6,0,3,768
Cambridge,3,3,1376,62,26,40,4,0,0,0,0,20,0,11,1539
Cambridge,4,1,1715,59,25,35,2,0,0,0,0,20,0,15,1871
Cambridge,4,2,1752,97,30,45,6,0,0,0,0,22,0,19,1971
Cambridge,4,3,636,31,29,19,4,0,0,0,0,12,0,4,735
Cambridge,5,1,1505,72,42,53,3,0,0,0,0,20,0,9,1704
Cambridge,5,2,1678,115,31,38,3,0,0,0,0,20,0,11,1896
Cambridge,5,3,1262,61,34,28,3,0,0,0,0,20,0,8,1416
Cambridge,6,1,1656,80,30,47,5,0,0,0,0,26,0,10,1854
Cambridge,6,2,1648,78,45,30,2,0,0,0,0,20,0,11,1834
Cambridge,6,3,1661,127,44,42,7,0,0,0,0,35,0,12,1928
Cambridge,7,1,1720,55,23,44,5,0,0,0,0,26,0,6,1879
Cambridge,7,2,929,48,20,24,7,1,0,0,0,14,0,8,1051
Cambridge,7,3,559,33,16,13,1,2,0,0,0,4,0,5,633
Cambridge,8,1,1200,61,26,22,9,0,0,0,0,10,0,11,1339
Cambridge,8,2,1224,63,34,18,3,0,0,0,0,12,0,10,1364
Cambridge,8,3,426,11,15,6,0,0,0,0,0,9,0,2,469
Cambridge,9,1,1948,98,66,29,4,1,0,0,0,32,0,13,2191
Cambridge,9,2,1926,236,50,34,6,0,0,0,0,29,0,14,2295
Cambridge,9,3,1557,193,44,41,2,0,0,0,0,23,0,12,1872
Cambridge,10,1,1934,100,52,27,2,0,0,0,0,39,0,22,2176
Cambridge,10,2,1946,83,31,30,9,0,0,0,0,19,0,6,2124
Cambridge,10,3,1585,84,22,21,0,0,0,0,0,22,0,6,1740
Cambridge,11,1,1652,91,39,23,0,0,0,0,0,12,0,8,1825
Cambridge,11,2,1996,184,59,46,4,0,0,0,0,27,0,9,2325
Cambridge,11,3,1557,152,48,40,1,0,0,0,0,25,0,7,1830
Canton,-,1,1102,715,80,12,0,0,0,0,0,33,0,44,1986
Canton,-,2,1255,831,85,22,0,0,0,0,0,26,0,65,2284
Canton,-,3,1276,739,81,15,0,0,0,0,0,8,0,48,2167
Canton,-,4,1245,991,114,29,0,0,0,0,0,25,0,52,2456
Canton,-,5,1248,801,117,20,4,0,0,0,0,42,0,41,2273
Canton,-,6,1182,654,97,11,0,0,0,0,0,25,0,35,2004
Carlisle,-,1,2302,732,192,43,31,0,0,0,0,36,0,55,3391
Carver,-,1,818,1051,128,24,0,0,0,0,0,41,0,30,2092
Carver,-,2,763,1051,124,26,3,0,0,0,0,24,0,33,2024
Carver,-,3,948,1104,112,22,2,0,0,0,0,37,0,26,2251
Charlemont,-,1,407,228,40,25,0,0,0,0,0,0,0,35,735
Charlton,-,1,712,945,113,14,4,0,0,0,0,17,0,29,1834
Charlton,-,2,652,1029,145,28,5,0,0,0,0,17,0,30,1906
Charlton,-,3,701,1001,98,28,5,0,0,0,0,27,0,24,1884
Charlton,-,4,644,881,105,29,8,0,0,0,0,19,0,31,1717
Chatham,-,1,2398,1796,216,68,7,0,0,0,0,79,0,79,4643
Chelmsford,-,1,1167,822,116,32,0,0,0,0,0,52,0,32,2221
Chelmsford,-,2,1133,689,109,36,0,0,0,0,0,33,0,29,2029
Chelmsford,-,3,1108,974,110,24,0,0,0,0,0,42,0,40,2298
Chelmsford,-,4,1048,832,79,23,0,0,0,0,0,42,0,34,2058
Chelmsford,-,5,1201,799,143,32,0,0,0,0,0,48,0,21,2244
Chelmsford,-,6,1261,884,137,18,0,0,0,0,0,50,0,47,2397
Chelmsford,-,7,1292,934,155,29,0,0,0,0,0,53,0,26,2489
Chelmsford,-,8,1239,818,108,16,0,0,0,0,0,48,0,34,2263
Chelmsford,-,9,1256,909,136,27,0,0,0,0,0,77,0,38,2443
Chelsea,1,1,429,92,7,5,0,0,0,0,0,0,0,40,573
Chelsea,1,2,297,44,5,4,0,0,0,0,0,0,0,26,376
Chelsea,1,3,368,57,14,8,0,0,0,0,0,0,0,25,472
Chelsea,1,4,358,33,8,5,0,0,0,0,0,0,0,25,429
Chelsea,2,1,838,255,30,13,0,0,0,0,0,0,0,114,1250
Chelsea,2,2,593,76,18,15,0,0,0,0,0,0,0,52,754
Chelsea,2,3,285,23,4,5,0,0,0,0,0,0,0,15,332
Chelsea,2,4,428,50,7,2,0,0,0,0,0,0,0,22,509
Chelsea,3,1,479,69,15,5,0,0,0,0,0,0,0,24,592
Chelsea,3,2,599,107,10,5,0,0,0,0,0,2,0,32,755
Chelsea,3,3,439,83,10,4,0,0,0,0,0,0,0,49,585
Chelsea,3,4,497,81,15,12,0,0,0,0,0,1,0,39,645
Chelsea,4,1,440,122,13,6,0,0,0,0,0,0,0,30,611
Chelsea,4,2,543,199,22,15,0,0,0,0,0,9,0,41,829
Chelsea,4,3,468,167,14,14,0,0,0,0,0,2,0,27,692
Chelsea,4,4,439,129,15,9,0,0,0,0,0,3,0,34,629
Cheshire,-,1,978,741,83,30,0,0,0,0,0,32,0,27,1891
Chester,-,1,238,372,55,13,2,0,0,0,0,3,0,13,696
Chesterfield,-,1,398,267,39,39,2,0,0,0,0,5,0,18,768
Chicopee,1,A,660,640,60,28,0,0,0,0,0,23,0,22,1433
Chicopee,1,B,833,750,68,32,0,0,0,0,0,37,0,27,1747
Chicopee,2,A,677,279,44,28,0,0,0,0,0,35,0,8,1071
Chicopee,2,B,753,658,60,29,0,0,0,0,0,17,0,26,1543
Chicopee,3,A,658,509,47,20,0,0,0,0,0,23,0,15,1272
Chicopee,3,B,617,395,32,26,0,0,0,0,0,29,0,10,1109
Chicopee,4,A,659,463,68,24,0,0,0,0,0,24,0,22,1260
Chicopee,4,B,708,460,63,27,0,0,0,0,0,24,0,22,1304
Chicopee,5,A,697,516,65,22,0,0,0,0,0,24,0,16,1340
Chicopee,5,B,655,524,62,25,0,0,0,0,0,31,0,20,1317
Chicopee,6,AN,188,147,13,7,0,0,0,0,0,6,0,10,371
Chicopee,6,AS,401,374,22,14,0,0,0,0,0,13,0,20,844
Chicopee,6,BE,580,798,57,16,0,0,0,0,0,16,0,21,1488
Chicopee,6,BW,136,145,12,9,0,0,0,0,0,11,0,8,321
Chicopee,7,A,602,355,30,29,0,0,0,0,0,12,0,14,1042
Chicopee,7,B,695,400,41,20,0,0,0,0,0,15,0,20,1191
Chicopee,8,A,704,558,94,36,0,0,0,0,0,34,0,21,1447
Chicopee,8,B,617,543,67,30,0,0,0,0,0,30,0,27,1314
Chicopee,9,A,697,564,63,29,0,0,0,0,0,19,0,25,1397
Chicopee,9,B,801,763,78,21,0,0,0,0,0,36,0,31,1730
Chilmark,-,1,617,94,30,23,0,0,0,0,0,11,0,13,788
Clarksburg,-,1,510,327,29,12,2,0,0,0,0,5,0,11,896
Clinton,-,1,1021,687,115,28,0,0,0,0,0,49,0,22,1922
Clinton,-,2,921,659,116,30,0,0,0,0,0,28,0,23,1777
Clinton,-,3,930,718,78,20,0,0,0,0,0,33,0,18,1797
Clinton,-,4,895,684,87,22,0,0,0,0,0,30,0,23,1741
Cohasset,-,1,1403,770,127,24,4,0,0,0,0,65,0,45,2438
Cohasset,-,2,1492,859,117,22,3,0,0,0,0,64,0,45,2602
Colrain,-,1,513,257,59,62,1,0,0,0,0,0,0,42,934
Concord,-,1,1645,329,102,27,3,0,0,0,0,18,0,61,2185
Concord,-,2,1993,462,101,46,8,0,0,0,0,35,0,37,2682
Concord,-,3,1765,464,92,24,3,0,0,0,0,46,0,36,2430
Concord,-,4,1857,439,115,35,4,0,0,0,0,30,0,39,2519
Concord,-,5,1200,257,93,18,2,0,0,0,0,29,0,32,1631
Conway,-,1,865,249,47,39,0,0,0,0,0,22,0,13,1235
Cummington,-,1,334,156,31,33,0,0,0,0,0,4,0,9,567
Dalton,-,1,1091,491,89,41,0,0,0,0,0,30,0,21,1763
Dalton,-,2,1099,449,77,42,0,0,0,0,0,35,0,18,1720
Danvers,-,1,1069,731,87,29,2,0,0,0,0,29,0,27,1974
Danvers,-,2,1033,815,92,28,4,0,0,0,0,31,0,19,2022
Danvers,-,3,860,741,66,20,1,0,0,0,0,31,0,20,1739
Danvers,-,4,997,774,79,18,4,0,0,0,0,42,0,26,1940
Danvers,-,5,984,895,93,23,3,0,0,0,0,29,0,37,2064
Danvers,-,6,958,910,83,17,1,0,0,0,0,40,0,40,2049
Danvers,-,7,952,810,112,24,4,0,0,0,0,46,0,18,1966
Danvers,-,8,899,808,79,20,2,0,0,0,0,29,0,15,1852
Dartmouth,-,1,896,1085,75,23,0,0,0,0,0,22,0,27,2128
Dartmouth,-,2,681,589,36,15,6,0,0,0,0,28,0,10,1365
Dartmouth,-,3,162,26,14,4,0,0,0,0,0,7,0,1,214
Dartmouth,-,4,1065,780,73,34,1,0,0,0,0,28,0,18,1999
Dartmouth,-,5,1059,907,78,35,1,0,0,0,0,33,0,27,2140
Dartmouth,-,6,920,714,59,22,1,0,0,0,0,18,0,14,1748
Dartmouth,-,7,1035,837,65,31,0,0,0,0,0,29,0,28,2025
Dartmouth,-,8,1378,847,104,27,0,0,0,0,0,35,0,33,2424
Dartmouth,-,9,1390,953,106,44,5,0,0,0,0,41,0,21,2560
Dedham,-,1,1501,465,103,19,0,0,0,0,0,59,0,28,2175
Dedham,-,2,1205,695,76,27,0,0,0,0,0,38,0,28,2069
Dedham,-,3,1139,614,56,22,1,0,0,0,0,33,0,17,1882
Dedham,-,4,1212,652,79,21,0,0,0,0,0,45,0,28,2037
Dedham,-,5,1151,818,89,23,0,0,0,0,0,42,0,29,2152
Dedham,-,6,1306,701,86,23,0,0,0,0,0,47,0,33,2196
Dedham,-,7,1107,833,81,14,0,0,0,0,0,44,0,36,2115
Deerfield,-,1,1968,777,161,75,3,0,0,0,0,62,0,49,3095
Dennis,-,1,981,884,76,18,0,0,0,0,0,26,0,36,2021
Dennis,-,2,1091,783,77,19,0,0,0,0,0,41,0,25,2036
Dennis,-,3,844,667,68,37,0,0,0,0,0,28,0,22,1666
Dennis,-,4,1003,771,85,37,0,0,0,0,0,30,0,23,1949
Dennis,-,5,968,646,66,27,0,0,0,0,0,23,0,30,1760
Dighton,-,1,776,1044,82,32,0,0,0,0,0,39,0,23,1996
Dighton,-,2,826,1105,90,35,0,0,0,0,0,40,0,30,2126
Douglas,-,1,565,956,97,23,0,0,0,0,0,0,0,49,1690
Douglas,-,2,643,908,94,21,0,0,0,0,0,0,0,58,1724
Douglas,-,3,572,821,108,20,0,0,0,0,0,0,0,40,1561
Dover,-,1,2063,1137,266,29,0,0,0,0,0,111,0,66,3672
Dracut,-,1,654,777,72,19,0,0,0,0,0,0,0,38,1560
Dracut,-,2,611,765,75,21,0,0,0,0,0,0,0,39,1511
Dracut,-,3,714,920,86,22,0,0,0,0,0,0,0,56,1798
Dracut,-,4,788,1142,129,18,0,0,0,0,0,0,0,73,2150
Dracut,-,5,705,947,84,24,0,0,0,0,0,0,0,57,1817
Dracut,-,6,761,824,86,20,0,0,0,0,0,0,0,39,1730
Dracut,-,6A,28,32,1,0,0,0,0,0,0,0,0,4,65
Dracut,-,7,757,759,79,18,0,0,0,0,0,0,0,34,1647
Dracut,-,8,892,1221,111,25,0,0,0,0,0,0,0,69,2318
Dracut,-,9,735,932,98,20,0,0,0,0,0,0,0,56,1841
Dudley,-,1,843,1076,104,20,4,0,0,0,0,26,0,29,2102
Dudley,-,2,663,954,101,22,6,0,0,0,0,18,0,19,1783
Dudley,-,3,607,841,90,27,3,0,0,0,0,15,0,19,1602
Dunstable,-,1,954,837,140,26,5,0,0,0,0,33,0,40,2035
Duxbury,-,1,968,697,101,18,0,0,0,0,0,58,0,20,1862
Duxbury,-,2,883,668,107,13,0,0,0,0,0,49,0,33,1753
Duxbury,-,3,828,576,73,18,0,0,0,0,0,41,0,30,1566
Duxbury,-,4,853,631,82,21,0,0,0,0,0,39,0,23,1649
Duxbury,-,5,826,697,71,30,0,0,0,0,0,52,0,23,1699
Duxbury,-,6,779,619,97,12,0,0,0,0,0,40,0,20,1567
E. Bridgewater,-,1,761,1002,135,22,0,0,0,0,0,36,0,30,1986
E. Bridgewater,-,2,791,1042,87,20,0,0,0,0,0,36,0,25,2001
E. Bridgewater,-,3,874,1077,107,16,2,0,0,0,0,26,0,30,2132
E. Bridgewater,-,4,748,952,101,28,3,0,0,0,0,28,0,36,1896
E. Brookfield,-,1,417,664,65,18,0,0,0,0,0,32,0,21,1217
E. Longmeadow,-,1,1057,1091,117,23,0,0,0,0,0,38,0,25,2351
E. Longmeadow,-,2,1008,1034,99,37,0,0,0,0,0,38,0,30,2246
E. Longmeadow,-,3,1017,1105,89,28,0,0,0,0,0,52,0,30,2321
E. Longmeadow,-,4,1007,1211,97,27,0,0,0,0,0,37,0,38,2417
Eastham,-,1,2203,1199,134,61,0,0,0,0,0,55,0,50,3702
Easthampton,-,1,1127,514,68,48,1,0,0,0,0,28,0,37,1823
Easthampton,-,2,1370,417,53,86,3,0,0,0,0,37,0,32,1998
Easthampton,-,3,1140,447,71,65,0,0,0,0,0,31,0,26,1780
Easthampton,-,4,1464,453,75,71,4,0,0,1,0,30,0,25,2123
Easthampton,-,5,1112,768,100,35,4,0,0,0,0,26,0,27,2072
Easton,-,1,640,505,59,12,2,0,0,0,0,14,0,36,1268
Easton,-,2,1272,944,134,25,2,0,0,0,0,23,0,60,2460
Easton,-,3,1042,898,96,28,0,0,0,0,0,14,0,57,2135
Easton,-,4,1204,940,125,21,4,0,0,0,0,33,0,53,2380
Easton,-,5,1334,953,112,24,11,0,0,0,0,14,0,66,2514
Easton,-,6,1064,991,97,24,5,0,0,0,0,18,0,55,2254
Edgartown,-,1,1787,779,99,53,0,0,0,0,0,40,0,52,2810
Egremont,-,1,621,147,30,30,0,0,0,0,0,4,0,13,845
Erving,-,1,420,300,59,32,0,0,0,0,0,11,0,12,834
Essex,-,1,1272,758,166,34,0,0,0,0,0,40,0,34,2304
Everett,1,1,737,294,36,11,0,0,0,0,0,21,0,17,1116
Everett,1,2,666,290,14,15,0,0,0,0,0,14,0,9,1008
Everett,2,1,776,336,22,16,0,0,0,0,0,14,0,11,1175
Everett,2,2,702,249,21,17,0,0,0,0,0,12,0,12,1013
Everett,3,1,828,412,28,16,0,0,0,0,0,24,0,14,1322
Everett,3,2,779,346,21,14,0,0,0,0,0,12,0,15,1187
Everett,4,1,888,416,25,9,0,0,0,0,0,16,0,17,1371
Everett,4,2,797,286,23,16,0,0,0,0,0,13,0,13,1148
Everett,5,1,765,343,26,13,0,0,0,0,0,22,0,17,1186
Everett,5,2,818,299,25,12,0,0,0,0,0,8,0,14,1176
Everett,6,1,809,344,37,17,0,0,0,0,0,11,0,11,1229
Everett,6,2,896,325,31,9,0,0,0,0,0,18,0,13,1292
Fairhaven,-,1,832,606,45,31,0,0,0,0,0,25,0,21,1560
Fairhaven,-,2,744,600,51,31,0,0,0,0,0,23,0,11,1460
Fairhaven,-,3,581,536,49,13,0,0,0,0,0,17,0,16,1212
Fairhaven,-,4,705,675,47,25,0,0,0,0,0,14,0,21,1487
Fairhaven,-,5,711,759,63,17,0,0,0,0,0,22,0,15,1587
Fairhaven,-,6,691,648,62,16,0,0,0,0,0,17,0,13,1447
Fall River,1,A,816,640,50,19,0,0,0,0,0,8,0,24,1557
Fall River,1,B,601,434,44,12,0,0,0,0,0,12,0,26,1129
Fall River,1,C,622,481,52,15,0,0,0,0,0,11,0,19,1200
Fall River,2,A,510,317,24,18,0,0,0,0,0,15,0,13,897
Fall River,2,B,491,276,21,18,0,0,0,0,0,17,0,17,840
Fall River,2,C,567,372,24,18,0,0,0,0,0,13,0,12,1006
Fall River,3,A,674,458,28,11,0,0,0,0,0,6,0,27,1204
Fall River,3,B,663,410,31,24,0,0,0,0,0,16,0,24,1168
Fall River,3,C,641,456,38,21,0,0,0,0,0,13,0,27,1196
Fall River,4,A,551,267,28,14,0,0,0,0,0,0,0,26,886
Fall River,4,B,561,215,25,18,0,0,0,0,0,4,0,26,849
Fall River,4,C,679,229,19,13,0,0,0,0,0,3,0,45,988
Fall River,5,A,438,180,14,14,0,0,0,0,0,9,0,11,666
Fall River,5,B,385,138,17,8,0,0,0,0,0,5,0,13,566
Fall River,5,B1,65,38,5,5,0,0,0,0,0,1,0,2,116
Fall River,5,C,541,244,22,14,0,0,0,0,0,7,0,21,849
Fall River,6,A,714,517,55,18,0,0,0,0,0,23,0,31,1358
Fall River,6,B,579,312,28,11,0,0,0,0,0,10,0,25,965
Fall River,6,C,625,439,39,21,0,0,0,0,0,17,0,24,1165
Fall River,6,C1,15,4,0,0,0,0,0,0,0,0,0,0,19
Fall River,7,A,689,443,34,13,2,0,0,0,0,0,0,36,1217
Fall River,7,B,535,316,34,25,0,0,0,0,0,7,0,9,926
Fall River,7,C,663,324,48,24,0,0,0,0,0,0,0,40,1099
Fall River,8,A,600,338,37,22,2,0,0,0,0,0,0,34,1033
Fall River,8,B,881,563,55,25,0,0,0,0,0,23,0,22,1569
Fall River,8,C,902,661,44,24,0,0,0,0,0,0,0,66,1697
Fall River,9,A,986,794,38,29,1,0,0,0,0,0,0,78,1926
Fall River,9,B,676,503,37,20,0,0,0,0,0,1,0,37,1274
Fall River,9,C,797,481,52,27,0,0,0,0,0,11,0,90,1458
Falmouth,-,1,1793,513,80,30,0,0,0,0,0,33,0,33,2482
Falmouth,-,2,1386,707,59,37,0,0,0,0,0,35,0,38,2262
Falmouth,-,3,1150,810,69,22,3,0,0,0,0,26,0,33,2113
Falmouth,-,4,1219,859,83,22,1,0,0,0,0,36,0,36,2256
Falmouth,-,5,1349,886,108,33,5,0,0,0,0,53,0,42,2476
Falmouth,-,6,1333,771,83,29,1,0,0,0,0,34,0,53,2304
Falmouth,-,7,1094,913,81,28,2,0,0,0,0,26,0,25,2169
Falmouth,-,8,1070,907,81,42,2,0,0,0,0,29,0,35,2166
Falmouth,-,9,1073,799,84,30,0,0,0,0,0,27,0,33,2046
Fitchburg,1,A,619,314,58,12,0,0,0,0,0,13,0,15,1031
Fitchburg,1,B,677,452,68,26,0,0,0,0,0,13,0,18,1254
Fitchburg,2,A,607,262,37,25,0,0,0,0,0,12,0,9,952
Fitchburg,2,B,742,609,74,16,0,0,0,0,0,19,0,30,1490
Fitchburg,3,A,961,832,120,15,0,0,0,0,0,16,0,37,1981
Fitchburg,3,B,772,543,74,35,0,0,0,0,0,3,0,33,1460
Fitchburg,4,A,490,288,38,21,0,0,0,0,0,5,0,20,862
Fitchburg,4,B,699,276,50,22,0,0,0,0,0,9,0,26,1082
Fitchburg,5,A,849,842,114,21,0,0,0,0,0,35,0,19,1880
Fitchburg,5,B,619,232,41,28,0,0,0,0,0,11,0,15,946
Fitchburg,6,A,854,626,91,19,1,0,0,0,0,20,0,29,1640
Fitchburg,6,B,701,311,47,19,0,0,0,0,0,6,0,17,1101
Florida,-,1,191,170,17,11,0,0,0,0,0,8,0,3,400
Foxborough,-,1,1002,774,100,15,5,0,0,0,0,25,0,39,1960
Foxborough,-,2,1119,831,123,12,3,0,0,0,0,33,0,47,2168
Foxborough,-,3,1048,877,105,25,3,0,0,0,0,44,0,38,2140
Foxborough,-,4,1031,881,131,19,0,0,0,0,0,41,0,26,2129
Foxborough,-,5,932,798,121,24,7,0,0,0,0,21,0,44,1947
Framingham,-,1,1551,631,89,31,0,0,0,0,0,36,0,22,2360
Framingham,-,2,1702,686,113,28,0,0,0,0,0,46,0,30,2605
Framingham,-,3,1354,474,70,16,0,0,0,0,0,26,0,21,1961
Framingham,-,4,1527,580,96,25,0,0,0,0,0,51,0,40,2319
Framingham,-,5,1426,591,110,30,0,0,0,0,0,42,0,26,2225
Framingham,-,6,1418,620,108,25,0,0,0,0,0,57,0,25,2253
Framingham,-,7,1324,489,79,22,0,0,0,0,0,44,0,11,1969
Framingham,-,8,1406,421,75,23,0,0,0,0,0,32,0,23,1980
Framingham,-,9,1033,318,62,17,0,0,0,0,0,22,0,13,1465
Framingham,-,10,860,253,59,13,0,0,0,0,0,15,0,14,1214
Framingham,-,11,1547,607,103,21,0,0,0,0,0,64,0,32,2374
Framingham,-,12,798,265,34,13,0,0,0,0,0,19,0,12,1141
Framingham,-,13,1033,327,43,21,0,0,0,0,0,31,0,13,1468
Framingham,-,14,810,182,33,16,0,0,0,0,0,27,0,10,1078
Framingham,-,15,830,215,55,18,0,0,0,0,0,26,0,12,1156
Framingham,-,16,533,113,19,1,0,0,0,0,0,14,0,8,688
Framingham,-,17,633,58,13,8,0,0,0,0,0,9,0,5,726
Framingham,-,18,735,233,35,19,0,0,0,0,0,18,0,6,1046
Franklin,-,1,1132,843,109,21,0,0,0,0,0,54,0,34,2193
Franklin,-,2,1130,846,112,19,0,0,0,0,0,52,0,24,2183
Franklin,-,3,1127,844,108,20,0,0,0,0,0,57,0,31,2187
Franklin,-,4,1236,989,129,16,0,0,0,0,0,76,0,41,2487
Franklin,-,5,1252,885,119,19,0,0,0,0,0,58,0,49,2382
Franklin,-,6,1139,730,138,29,0,0,0,0,0,47,0,30,2113
Franklin,-,7,1355,888,137,22,0,0,0,0,0,58,0,43,2503
Franklin,-,8,1156,971,136,26,0,0,0,0,0,64,0,32,2385
Freetown,-,1,665,910,58,18,0,0,0,0,0,36,0,18,1705
Freetown,-,2,707,875,57,21,2,0,0,0,0,27,0,14,1703
Freetown,-,3,663,864,63,29,0,0,0,0,0,24,0,26,1669
Gardner,1,A,556,415,60,17,3,0,0,0,0,26,0,8,1085
Gardner,1,B,170,217,27,5,0,0,0,0,0,10,0,9,438
Gardner,2,A,480,382,61,19,2,0,0,0,0,14,0,16,974
Gardner,2,B,441,486,97,16,0,0,0,0,0,6,0,14,1060
Gardner,3,A,403,324,55,17,1,0,0,0,0,14,0,8,822
Gardner,3,B,529,392,67,13,0,0,0,0,0,20,0,20,1041
Gardner,4,A,485,294,48,24,1,0,0,0,0,14,0,15,881
Gardner,4,B,297,229,48,15,0,0,0,0,0,8,0,11,608
Gardner,5,A,389,315,45,11,0,0,0,0,0,15,0,11,786
Gardner,5,B,446,488,82,20,0,0,0,0,0,18,0,13,1067
Georgetown,-,1,863,848,114,18,0,0,0,0,0,31,0,19,1893
Georgetown,-,2,727,725,117,20,5,0,0,0,0,26,0,24,1644
Georgetown,-,3,757,655,100,11,6,0,0,0,0,19,0,17,1565
Gill,-,1,579,259,57,32,0,0,0,0,0,21,0,5,953
Gloucester,1,1,1197,541,81,33,4,0,0,0,0,24,0,35,1915
Gloucester,1,2,919,545,74,31,0,0,0,0,0,27,0,22,1618
Gloucester,2,1,762,423,53,20,0,0,0,0,0,26,0,22,1306
Gloucester,2,2,788,342,53,27,6,0,0,0,0,18,0,19,1253
Gloucester,3,1,815,479,54,25,1,0,0,0,0,26,0,18,1418
Gloucester,3,2,853,515,70,19,0,0,0,0,0,20,0,16,1493
Gloucester,4,1,976,605,68,23,2,0,0,0,0,29,0,23,1726
Gloucester,4,2,1301,521,93,40,5,0,0,0,0,43,0,31,2034
Gloucester,5,1,1141,669,82,29,1,0,0,0,0,43,0,32,1997
Gloucester,5,2,1056,715,68,33,0,0,0,0,0,47,0,29,1948
Goshen,-,1,364,213,28,15,0,0,0,0,0,5,0,13,638
Gosnold,-,1,36,27,2,0,0,0,0,0,0,3,0,3,71
Grafton,-,1,1061,806,130,32,4,0,0,0,0,22,0,36,2091
Grafton,-,2,1084,767,127,29,7,0,0,0,0,20,0,38,2072
Grafton,-,3,1103,739,100,13,11,0,0,0,0,30,0,37,2033
Grafton,-,4,901,743,110,36,4,0,0,0,0,19,0,26,1839
Grafton,-,5,1223,828,119,20,6,0,0,0,0,27,0,29,2252
Granby,-,1,949,809,98,50,0,0,0,0,0,12,0,53,1971
Granby,-,2,702,890,75,43,2,0,0,0,0,12,0,46,1770
Granville,-,1,335,548,55,20,0,0,0,0,0,0,0,28,986
Great Barrington,-,A,752,155,34,31,0,0,0,0,0,5,0,9,986
Great Barrington,-,B,737,187,38,31,0,0,0,0,0,13,0,5,1011
Great Barrington,-,C,567,89,12,35,0,0,0,0,0,13,0,10,726
Great Barrington,-,D,824,149,19,31,0,0,0,0,0,7,0,11,1041
Greenfield,-,1,547,280,51,23,0,0,0,0,0,15,0,18,934
Greenfield,-,2,741,341,52,36,0,0,0,0,0,20,0,24,1214
Greenfield,-,3,638,254,36,38,0,0,0,0,0,22,0,10,998
Greenfield,-,4,736,257,43,20,0,0,0,0,0,15,0,21,1092
Greenfield,-,5,718,175,33,49,0,0,0,0,0,31,0,18,1024
Greenfield,-,6,736,154,30,53,0,0,0,0,0,27,0,19,1019
Greenfield,-,7,483,246,54,32,0,0,0,0,0,10,0,22,847
Greenfield,-,8,515,170,35,39,0,0,0,0,0,13,0,24,796
Greenfield,-,9,460,221,38,19,0,0,0,0,0,26,0,9,773
Groton,-,1,1410,703,152,29,11,0,0,0,0,37,0,43,2385
Groton,-,2,1247,765,123,37,3,0,0,0,0,38,0,30,2243
Groton,-,3,1260,670,125,30,6,0,0,0,0,48,0,45,2184
Groveland,-,1,913,968,86,27,0,0,0,0,0,40,0,23,2057
Groveland,-,2,909,966,104,25,0,0,0,0,0,36,0,28,2068
Hadley,-,1,2149,867,105,98,5,0,0,0,0,35,0,54,3313
Halifax,-,1,883,1252,113,21,0,0,0,0,0,40,0,24,2333
Halifax,-,2,911,1060,115,37,0,0,0,0,0,39,0,24,2186
Hamilton,-,1,958,583,88,33,1,0,0,0,0,50,0,28,1741
Hamilton,-,2,953,542,131,17,1,0,0,0,0,55,0,24,1723
Hamilton,-,3,720,351,99,19,8,0,0,0,0,83,0,18,1298
Hampden,-,1,1188,1645,154,37,0,0,0,0,0,12,0,81,3117
Hancock,-,1,189,159,24,9,2,0,0,0,0,7,0,7,397
Hanover,-,1,885,1033,96,16,5,0,0,0,0,49,0,34,2118
Hanover,-,2,958,1125,107,20,2,0,0,0,0,46,0,40,2298
Hanover,-,3,964,994,106,21,4,0,0,0,0,33,0,55,2177
Hanover,-,4,943,1115,91,14,1,0,0,0,0,38,0,43,2245
Hanson,-,1,829,1060,85,11,0,0,0,0,0,23,0,39,2047
Hanson,-,2,864,1045,131,23,4,0,0,0,0,20,0,50,2137
Hanson,-,3,739,1019,113,24,14,0,0,0,0,27,0,38,1974
Hardwick,-,1,568,709,77,28,2,0,0,0,0,21,0,16,1421
Harvard,-,1,2515,889,182,50,2,0,0,0,0,75,0,63,3776
Harwich,-,1,1215,854,90,25,0,0,0,0,0,32,0,33,2249
Harwich,-,2,1145,843,77,35,0,0,0,0,0,31,0,31,2162
Harwich,-,3,1139,899,83,37,0,0,0,0,0,30,0,38,2226
Harwich,-,4,1061,698,90,35,0,0,0,0,0,32,0,19,1935
Hatfield,-,1,1284,660,77,61,0,0,0,0,0,39,0,31,2152
Haverhill,1,1,618,270,45,17,0,0,0,0,0,11,0,5,966
Haverhill,1,2,867,411,54,23,3,0,0,0,0,22,0,14,1394
Haverhill,1,3,670,456,56,15,0,0,0,0,0,19,0,18,1234
Haverhill,2,1,648,485,74,22,0,0,0,0,0,21,0,16,1266
Haverhill,2,2,664,636,69,26,1,0,0,0,0,24,0,22,1442
Haverhill,2,3,593,276,42,16,1,0,0,0,0,21,0,12,961
Haverhill,3,1,596,135,25,19,0,0,0,0,0,13,0,6,794
Haverhill,3,2,644,323,40,16,1,0,0,0,0,18,0,17,1059
Haverhill,3,3,653,397,59,21,1,0,0,0,0,17,0,4,1152
Haverhill,4,1,749,731,79,27,2,0,0,0,0,23,0,28,1639
Haverhill,4,2,793,886,84,23,2,0,0,0,0,37,0,14,1839
Haverhill,4,3,756,734,78,16,0,0,0,0,0,24,0,33,1641
Haverhill,5,1,867,578,59,17,0,0,0,0,0,22,0,10,1553
Haverhill,5,2,777,819,53,26,1,0,0,0,0,25,0,24,1725
Haverhill,5,3,812,933,71,15,3,0,0,0,0,37,0,20,1891
Haverhill,6,1,736,630,63,20,3,0,0,0,0,20,0,18,1490
Haverhill,6,2,772,633,60,31,1,0,0,0,0,53,0,13,1563
Haverhill,6,3,841,706,84,16,3,0,0,0,0,38,0,17,1705
Haverhill,7,1,804,616,86,14,1,0,0,0,0,18,0,30,1569
Haverhill,7,2,744,578,64,17,0,0,0,0,0,20,0,16,1439
Haverhill,7,3,803,817,98,21,0,0,0,0,0,49,0,19,1807
Hawley,-,1,105,67,14,7,2,0,0,0,0,10,0,1,206
Heath,-,1,244,165,24,12,0,0,0,0,0,3,0,11,459
Hingham,-,1,1327,776,114,26,7,0,0,0,0,59,0,51,2360
Hingham,-,2,1436,801,113,28,5,0,0,0,0,63,0,36,2482
Hingham,-,3,1445,739,123,28,6,0,0,0,0,75,0,43,2459
Hingham,-,4,1363,768,128,23,4,0,0,0,0,65,0,49,2400
Hingham,-,5,922,645,80,20,4,0,0,0,0,42,0,38,1751
Hingham,-,5A,717,267,38,3,1,0,0,0,0,9,0,25,1060
Hingham,-,6,1300,814,95,14,1,0,0,0,0,67,0,52,2343
Hinsdale,-,1,606,403,55,37,0,0,0,0,0,11,0,24,1136
Holbrook,-,1,773,526,46,22,0,0,0,0,0,16,0,17,1400
Holbrook,-,2,708,663,70,25,0,0,0,0,0,26,0,29,1521
Holbrook,-,3,720,613,76,21,0,0,0,0,0,21,0,18,1469
Holbrook,-,4,711,583,56,22,0,0,0,0,0,18,0,19,1409
Holden,-,1,1031,944,150,28,13,0,0,0,0,31,0,36,2233
Holden,-,2,1159,910,118,26,11,0,0,0,0,35,0,44,2303
Holden,-,3,1070,763,135,37,8,0,0,0,0,38,0,37,2088
Holden,-,4,1193,1025,125,31,4,0,0,0,0,37,0,45,2460
Holden,-,5,1152,970,133,27,4,0,0,0,0,36,0,34,2356
Holland,-,1,475,720,106,33,0,0,0,0,0,14,0,33,1381
Holliston,-,1,1394,744,131,16,0,0,0,0,0,59,0,37,2381
Holliston,-,2,1409,639,125,41,0,0,0,0,0,58,0,38,2310
Holliston,-,3,1293,582,100,18,0,0,0,0,0,52,0,28,2073
Holliston,-,4,1195,598,102,17,0,0,0,0,0,62,0,29,2003
Holyoke,1,A,815,58,14,18,0,0,0,0,0,0,0,11,916
Holyoke,1,B,787,99,28,24,0,0,0,0,0,3,0,11,952
Holyoke,2,A,696,121,23,20,0,0,0,0,0,0,0,24,884
Holyoke,2,B,702,72,20,9,0,0,0,0,0,11,0,13,827
Holyoke,3,A,867,284,39,35,0,0,0,0,0,12,0,12,1249
Holyoke,3,B,837,497,59,40,0,0,0,0,0,0,0,40,1473
Holyoke,4,A,639,93,11,19,0,0,0,0,0,3,0,16,781
Holyoke,4,B,822,174,25,31,0,0,0,0,0,10,0,21,1083
Holyoke,5,A,925,748,72,40,0,0,0,0,0,22,0,33,1840
Holyoke,5,B,873,384,36,15,0,0,0,0,0,16,0,13,1337
Holyoke,6,A,841,256,30,23,0,0,0,0,0,12,0,17,1179
Holyoke,6,B,854,320,39,35,0,0,0,0,0,14,0,35,1297
Holyoke,7,A,981,558,53,38,0,0,0,0,0,24,0,38,1692
Holyoke,7,B,1017,358,60,45,0,0,0,0,0,22,0,27,1529
Hopedale,-,1,1759,1375,197,49,0,0,0,0,0,76,0,55,3511
Hopkinton,-,1,1498,706,156,29,7,0,0,0,0,70,0,38,2504
Hopkinton,-,2,1342,777,123,23,4,0,0,0,0,44,0,38,2351
Hopkinton,-,3,1232,728,146,24,11,0,0,0,0,56,0,42,2239
Hopkinton,-,4,1286,700,135,24,8,0,0,0,0,48,0,41,2242
Hubbardston,-,1,1040,1376,203,36,0,0,0,0,0,43,0,67,2765
Hudson,-,1,896,570,75,20,5,0,0,0,0,27,0,26,1619
Hudson,-,2,785,457,85,20,0,0,0,0,0,26,0,16,1389
Hudson,-,3,827,658,98,12,0,0,0,0,0,41,0,17,1653
Hudson,-,4,903,627,107,20,0,0,0,0,0,37,0,18,1712
Hudson,-,5,1109,664,98,18,3,0,0,0,0,30,0,18,1940
Hudson,-,6,728,400,57,13,3,0,0,0,0,23,0,18,1242
Hudson,-,7,780,399,79,15,0,0,0,0,0,22,0,15,1310
Hull,-,1,1335,741,81,22,0,0,0,0,0,28,0,19,2226
Hull,-,2,1058,756,81,28,0,0,0,0,0,22,0,29,1974
Hull,-,3,1295,859,91,16,0,0,0,0,0,45,0,37,2343
Huntington,-,1,460,611,71,35,1,0,0,0,0,6,0,17,1201
Ipswich,-,1,1337,605,92,36,0,0,0,0,0,0,0,66,2136
Ipswich,-,2,1354,770,142,40,5,0,0,0,0,0,0,69,2380
Ipswich,-,3,1029,867,128,28,0,0,0,0,0,0,0,78,2130
Ipswich,-,4,1219,771,97,34,0,0,0,0,0,0,0,79,2200
Kingston,-,1,849,792,92,24,2,0,0,0,0,25,0,25,1809
Kingston,-,2,921,992,84,23,0,0,0,0,0,14,0,34,2068
Kingston,-,3,897,985,112,24,4,1,0,0,0,26,0,30,2079
Kingston,-,4,804,810,93,13,3,0,0,0,0,27,0,28,1778
Lakeville,-,1,783,1037,96,29,7,0,0,0,0,32,0,42,2026
Lakeville,-,2,774,1158,103,30,4,0,0,0,0,46,0,36,2151
Lakeville,-,3,909,1179,116,27,6,0,0,0,0,42,0,48,2327
Lancaster,-,1,883,801,156,25,6,0,0,0,0,29,0,28,1928
Lancaster,-,2,967,850,128,34,1,0,0,0,0,57,0,44,2081
Lanesborough,-,1,998,597,77,32,5,0,0,0,0,22,0,16,1747
Lawrence,A,1,869,166,25,8,0,0,0,0,0,8,0,15,1091
Lawrence,A,2,729,71,13,4,0,0,0,0,0,12,0,12,841
Lawrence,A,3,730,208,25,13,0,0,0,0,0,8,0,6,990
Lawrence,A,4,864,122,22,9,0,0,0,0,0,5,0,10,1032
Lawrence,B,1,962,119,23,4,0,0,0,0,0,3,0,15,1126
Lawrence,B,2,788,51,11,1,0,0,0,0,0,7,0,5,863
Lawrence,B,3,877,100,13,9,0,0,0,0,0,11,0,14,1024
Lawrence,B,4,1131,57,13,4,0,0,0,0,0,4,0,15,1224
Lawrence,C,1,743,78,16,8,0,0,0,0,0,2,0,6,853
Lawrence,C,2,915,205,34,15,0,0,0,0,0,15,0,12,1196
Lawrence,C,3,748,37,7,3,0,0,0,0,0,7,0,9,811
Lawrence,C,4,858,80,7,5,0,0,0,0,0,1,0,8,959
Lawrence,D,1,859,164,10,15,0,0,0,0,0,6,0,19,1073
Lawrence,D,2,764,51,12,6,0,0,0,0,0,7,0,4,844
Lawrence,D,3,642,60,7,5,0,0,0,0,0,3,0,4,721
Lawrence,D,4,690,51,12,6,0,0,0,0,0,5,0,7,771
Lawrence,E,1,937,471,33,16,0,0,0,0,0,17,0,12,1486
Lawrence,E,2,916,436,49,16,0,0,0,0,0,16,0,22,1455
Lawrence,E,3,759,184,26,13,0,0,0,0,0,8,0,19,1009
Lawrence,E,4,841,156,29,10,0,0,0,0,0,8,0,8,1052
Lawrence,F,1,879,365,45,14,0,0,0,0,0,11,0,20,1334
Lawrence,F,2,748,65,8,12,0,0,0,0,0,4,0,14,851
Lawrence,F,3,781,91,14,16,0,0,0,0,0,10,0,6,918
Lawrence,F,4,822,147,22,8,0,0,0,0,0,10,0,4,1013
Lee,-,1,1969,852,115,86,0,0,0,0,0,12,0,65,3099
Leicester,-,1,619,775,77,21,0,0,0,0,0,29,0,30,1551
Leicester,-,2,640,669,65,17,0,0,0,0,0,22,0,22,1435
Leicester,-,3,562,718,86,18,0,0,0,0,0,20,0,27,1431
Leicester,-,4,602,663,90,16,4,0,0,0,0,15,0,21,1411
Lenox,-,1,2234,572,116,70,0,0,0,0,0,65,0,39,3096
Leominster,1,A,734,714,108,17,0,0,0,0,0,4,0,42,1619
Leominster,1,B,709,642,90,12,0,0,0,0,0,0,0,51,1504
Leominster,1,C,642,446,61,22,1,0,0,0,0,19,0,17,1208
Leominster,2,A,603,315,59,13,0,0,0,0,0,9,0,21,1020
Leominster,2,B,629,535,61,15,0,0,0,0,0,8,0,26,1274
Leominster,2,C,423,315,46,22,0,0,0,0,0,12,0,5,823
Leominster,3,A,564,402,54,9,0,0,0,0,0,12,0,7,1048
Leominster,3,B,743,644,74,17,0,0,0,0,0,30,0,18,1526
Leominster,3,C,831,760,92,23,0,0,0,0,0,26,0,25,1757
Leominster,4,A,726,756,92,19,0,0,0,0,0,23,0,21,1637
Leominster,4,B,690,714,85,16,0,0,0,0,0,7,0,41,1553
Leominster,4,C,551,462,69,13,0,0,0,0,0,31,0,14,1140
Leominster,5,A,629,501,55,27,0,0,0,0,0,4,0,12,1228
Leominster,5,B,786,621,78,20,0,0,0,0,0,33,0,17,1555
Leominster,5,C,580,372,52,17,0,0,0,0,0,16,0,22,1059
Leverett,-,1,996,185,24,56,0,0,0,0,0,26,0,9,1296
Lexington,-,1,1334,298,76,25,0,0,0,0,0,0,0,66,1799
Lexington,-,2,1823,317,60,39,0,0,0,0,0,0,0,66,2305
Lexington,-,3,1393,280,43,18,0,0,0,0,0,0,0,41,1775
Lexington,-,4,1668,343,67,25,0,0,0,0,0,0,0,61,2164
Lexington,-,5,1571,471,74,33,0,0,0,0,0,0,0,61,2210
Lexington,-,6,1560,383,78,20,0,0,0,0,0,0,0,71,2112
Lexington,-,7,1546,415,70,21,0,0,0,0,0,0,0,56,2108
Lexington,-,8,1482,371,74,29,5,0,0,0,0,0,0,44,2005
Lexington,-,9,1523,401,68,34,0,0,0,0,0,0,0,87,2113
Leyden,-,1,306,139,23,20,0,0,0,0,0,4,0,10,502
Lincoln,-,1,1873,334,98,24,1,0,0,0,0,43,0,20,2393
Lincoln,-,2,1123,291,80,25,7,0,0,0,0,22,0,16,1564
Littleton,-,1,1246,691,136,10,0,0,0,0,0,0,0,86,2169
Littleton,-,2,1145,651,124,27,0,0,0,0,0,0,0,87,2034
Littleton,-,3,1054,534,133,19,0,0,0,0,0,0,0,58,1798
Longmeadow,-,A,1125,624,77,25,3,0,0,0,0,38,0,31,1923
Longmeadow,-,B,1028,616,92,26,4,0,0,0,0,30,0,17,1813
Longmeadow,-,C,1055,782,101,43,3,0,0,0,0,42,0,33,2059
Longmeadow,-,D,1013,806,63,18,3,0,0,0,0,33,0,29,1965
Longmeadow,-,E,1090,629,79,16,4,0,0,0,0,27,0,29,1874
Lowell,1,1,718,218,27,18,0,0,0,0,0,3,0,18,1002
Lowell,1,2,1063,847,97,12,0,0,0,0,0,66,0,44,2129
Lowell,1,3,987,612,89,18,0,0,0,0,0,42,0,28,1776
Lowell,2,1,541,108,30,20,0,0,0,0,0,16,0,14,729
Lowell,2,2,884,122,17,12,0,0,0,0,0,24,0,69,1128
Lowell,2,3,1069,175,62,31,0,0,0,0,0,37,0,18,1392
Lowell,3,1,674,283,46,12,0,0,0,0,0,17,0,14,1046
Lowell,3,2,649,173,33,14,0,0,0,0,0,11,0,6,886
Lowell,3,3,585,201,45,15,0,0,0,0,0,9,0,21,876
Lowell,4,1,840,301,37,23,0,0,0,0,0,15,0,11,1227
Lowell,4,2,573,154,9,14,0,0,0,0,0,5,0,8,763
Lowell,4,3,605,172,28,11,0,0,0,0,0,10,0,12,838
Lowell,5,1,598,366,47,24,0,0,0,0,0,19,0,14,1068
Lowell,5,2,583,236,31,13,0,0,0,0,0,13,0,11,887
Lowell,5,3,640,466,60,16,0,0,0,0,0,13,0,12,1207
Lowell,6,1,738,566,49,26,0,0,0,0,0,20,0,21,1420
Lowell,6,2,799,558,62,13,0,0,0,0,0,30,0,11,1473
Lowell,6,3,777,498,49,18,0,0,0,0,0,19,0,38,1399
Lowell,7,1,598,187,34,16,0,0,0,0,0,14,0,7,856
Lowell,7,2,745,141,34,20,0,0,0,0,0,4,0,11,955
Lowell,7,3,501,149,12,9,0,0,0,0,0,5,0,7,683
Lowell,8,1,703,257,39,18,0,0,0,0,0,15,0,21,1053
Lowell,8,2,792,369,44,20,0,0,0,0,0,10,0,20,1255
Lowell,8,3,968,575,64,18,0,0,0,0,0,24,0,33,1682
Lowell,9,1,632,300,34,15,0,0,0,0,0,17,0,16,1014
Lowell,9,2,813,436,52,18,0,0,0,0,0,25,0,14,1358
Lowell,9,3,747,381,53,26,0,0,0,0,0,23,0,15,1245
Lowell,10,1,716,262,44,11,0,0,0,0,0,20,0,18,1071
Lowell,10,2,495,160,21,9,0,0,0,0,0,9,0,8,702
Lowell,10,3,416,119,23,9,0,0,0,0,0,9,0,19,595
Lowell,11,1,707,329,39,19,0,0,0,0,0,16,0,30,1140
Lowell,11,2,656,495,61,16,0,0,0,0,0,20,0,17,1265
Lowell,11,3,743,368,65,18,0,0,0,0,0,13,0,19,1226
Ludlow,-,1,814,838,77,33,0,0,0,0,0,31,0,20,1813
Ludlow,-,2,653,581,59,25,0,0,0,0,0,25,0,16,1359
Ludlow,-,3,713,1116,88,19,0,0,0,0,0,30,0,18,1984
Ludlow,-,4,828,800,61,18,0,0,0,0,0,34,0,33,1774
Ludlow,-,5,569,688,48,20,0,0,0,0,0,30,0,14,1369
Ludlow,-,6,906,1074,77,29,0,0,0,0,0,25,0,31,2142
Lunenburg,-,A,754,727,106,19,0,0,0,0,0,31,0,38,1675
Lunenburg,-,B,726,600,87,22,0,0,0,0,0,13,0,30,1478
Lunenburg,-,C,753,799,106,16,6,0,0,0,0,29,0,28,1737
Lunenburg,-,D,709,676,87,22,3,0,0,0,0,21,0,32,1550
Lynn,1,1,930,870,54,21,0,0,0,0,0,45,0,42,1962
Lynn,1,2,976,851,84,27,0,0,0,0,0,29,0,44,2011
Lynn,1,3,957,648,54,22,0,0,0,0,0,31,0,28,1740
Lynn,1,4,968,539,49,16,0,0,0,0,0,9,0,7,1588
Lynn,2,1,1075,735,60,24,0,0,0,0,0,28,0,31,1953
Lynn,2,2,687,237,21,13,0,0,0,0,0,22,0,168,1148
Lynn,2,3,689,125,18,10,0,0,0,0,0,5,0,7,854
Lynn,2,4,653,172,34,11,0,0,0,0,0,17,0,6,893
Lynn,3,1,839,446,35,28,0,0,0,0,0,19,0,64,1431
Lynn,3,2,891,266,23,25,0,0,0,0,0,29,0,14,1248
Lynn,3,3,809,291,43,17,0,0,0,0,0,17,0,68,1245
Lynn,3,4,1003,298,45,26,0,0,0,0,0,10,0,14,1396
Lynn,4,1,564,86,12,6,0,0,0,0,0,9,0,14,691
Lynn,4,2,607,99,21,3,0,0,0,0,0,8,0,7,745
Lynn,4,3,782,202,22,8,0,0,0,0,0,11,0,7,1032
Lynn,4,4,900,313,26,21,0,0,0,0,0,13,0,13,1286
Lynn,5,1,762,336,37,10,0,0,0,0,0,15,0,20,1180
Lynn,5,2,522,91,15,7,0,0,0,0,0,5,0,6,646
Lynn,5,3,638,94,13,11,0,0,0,0,0,9,0,7,772
Lynn,5,4,938,306,27,18,0,0,0,0,0,17,0,51,1357
Lynn,6,1,667,206,30,12,0,0,0,0,0,13,0,34,962
Lynn,6,2,519,103,16,9,0,0,0,0,0,9,0,12,668
Lynn,6,3,659,150,13,6,0,0,0,0,0,7,0,147,982
Lynn,6,4,636,165,15,6,0,0,0,0,0,8,0,17,847
Lynn,7,1,1070,547,41,21,0,0,0,0,0,17,0,17,1713
Lynn,7,2,939,421,54,23,0,0,0,0,0,23,0,21,1481
Lynn,7,3,690,337,31,12,0,0,0,0,0,10,0,12,1092
Lynn,7,4,794,377,32,17,0,0,0,0,0,30,0,16,1266
Lynnfield,-,1,829,915,82,19,3,0,0,0,0,0,0,61,1909
Lynnfield,-,2,888,932,64,21,0,0,0,0,0,0,0,69,1974
Lynnfield,-,3,721,903,61,18,0,0,0,0,0,0,0,53,1756
Lynnfield,-,4,800,1079,90,14,5,0,0,0,0,0,0,66,2054
Malden,1,1,884,213,36,20,0,0,0,0,0,15,0,21,1189
Malden,1,2,1025,357,43,27,0,0,0,0,0,25,0,17,1494
Malden,2,1,856,264,31,16,0,0,0,0,0,18,0,13,1198
Malden,2,2,908,458,41,15,0,0,0,0,0,14,0,23,1459
Malden,3,1,1182,358,48,26,0,0,0,0,0,25,0,21,1660
Malden,3,2,1269,462,68,35,0,0,0,0,0,31,0,23,1888
Malden,4,1,829,243,30,24,0,0,0,0,0,22,0,10,1158
Malden,4,2,694,186,22,17,0,0,0,0,0,19,0,12,950
Malden,5,1,1018,313,28,21,0,0,0,0,0,33,0,17,1430
Malden,5,2,1244,515,61,28,0,0,0,0,0,28,0,26,1902
Malden,6,1,1067,444,40,23,0,0,0,0,0,17,0,17,1608
Malden,6,2,987,401,48,18,0,0,0,0,0,36,0,22,1512
Malden,7,1,941,216,21,12,0,0,0,0,0,14,0,15,1219
Malden,7,2,972,295,24,20,0,0,0,0,0,14,0,12,1337
Malden,8,1,1034,457,57,17,0,0,0,0,0,20,0,17,1602
Malden,8,2,935,356,43,16,0,0,0,0,0,16,0,23,1389
Manchester-by-the-Sea,-,1,2249,954,227,34,6,0,0,0,0,74,0,79,3623
Mansfield,-,1,1142,952,112,22,6,0,0,0,0,16,0,67,2317
Mansfield,-,2,1142,903,124,23,6,0,0,0,0,63,0,27,2288
Mansfield,-,3,1239,961,116,21,0,0,0,0,0,0,0,103,2440
Mansfield,-,4,1168,848,110,19,0,0,0,0,0,69,0,28,2242
Mansfield,-,5,1056,702,112,31,0,0,0,0,0,0,0,88,1989
Mansfield,-,6,1132,707,123,26,0,0,0,0,0,21,0,56,2065
Marblehead,-,1,1420,614,105,17,4,0,0,0,0,34,0,44,2238
Marblehead,-,2,1440,629,125,24,0,0,0,0,0,30,0,57,2305
Marblehead,-,3,1235,623,97,21,6,0,0,0,0,37,0,33,2052
Marblehead,-,4,1376,674,120,16,8,0,0,0,0,46,0,48,2288
Marblehead,-,5,1322,608,92,17,4,0,0,0,0,29,0,40,2112
Marblehead,-,6,1318,611,126,22,4,0,0,0,0,47,0,35,2163
Marion,-,1,1861,1159,151,49,0,0,0,0,0,60,0,43,3323
Marlborough,1,1,761,352,40,8,0,0,0,0,0,10,0,51,1222
Marlborough,1,2,994,563,81,10,5,0,0,0,0,45,0,30,1728
Marlborough,2,1,813,492,87,19,0,0,0,0,0,14,0,23,1448
Marlborough,2,2,772,391,54,19,0,0,0,0,0,14,0,18,1268
Marlborough,3,1,589,309,71,13,0,0,0,0,0,14,0,14,1010
Marlborough,3,2,1004,562,72,25,1,0,0,0,0,26,0,34,1724
Marlborough,4,1,473,275,42,15,3,0,0,0,0,10,0,10,828
Marlborough,4,2,872,554,91,18,3,0,0,0,0,34,0,37,1609
Marlborough,5,1,598,266,45,9,0,0,0,0,0,15,0,18,951
Marlborough,5,2,822,457,86,22,3,0,0,0,0,17,0,29,1436
Marlborough,6,1,646,318,43,26,2,3,0,0,0,19,0,10,1067
Marlborough,6,2,865,608,91,13,4,0,0,0,0,30,0,24,1635
Marlborough,7,1,701,406,48,11,7,0,0,0,0,13,0,20,1206
Marlborough,7,2,667,406,67,17,4,0,0,0,0,24,0,19,1204
Marshfield,-,1,1083,1070,89,33,0,0,0,0,0,43,0,27,2345
Marshfield,-,2,1034,1083,107,25,0,0,0,0,0,45,0,35,2329
Marshfield,-,3,1036,957,94,32,0,0,0,0,0,45,0,31,2195
Marshfield,-,4,1041,936,75,18,0,0,0,0,0,7,0,25,2102
Marshfield,-,5,921,933,96,29,0,0,0,0,0,31,0,31,2041
Marshfield,-,6,1118,1145,123,27,0,0,0,0,0,45,0,40,2498
Marshfield,-,7,1110,1091,113,17,0,0,0,0,0,40,0,39,2410
Mashpee,-,1,1128,824,73,26,0,0,0,0,0,1,0,48,2100
Mashpee,-,2,804,720,61,23,0,0,0,0,0,12,0,28,1648
Mashpee,-,3,710,640,65,27,0,0,0,0,0,8,0,32,1482
Mashpee,-,4,890,674,70,19,0,0,0,0,0,15,0,10,1678
Mashpee,-,5,916,981,78,24,0,0,0,0,0,39,0,38,2076
Mattapoisett,-,1,2125,1820,163,52,7,0,0,0,0,63,0,84,4314
Maynard,-,1,982,446,74,26,0,0,0,0,0,30,0,22,1580
Maynard,-,2,981,354,65,20,0,0,0,0,0,34,0,14,1468
Maynard,-,3,981,434,94,16,0,0,0,0,0,24,0,15,1564
Maynard,-,4,916,437,70,15,0,0,0,0,0,30,0,10,1478
Medfield,-,1,1130,603,88,22,6,0,0,0,0,59,0,53,1961
Medfield,-,2,1109,597,113,15,15,0,0,0,0,39,0,62,1950
Medfield,-,3,1141,581,128,11,9,0,0,0,0,41,0,85,1996
Medfield,-,4,1029,619,98,13,7,0,0,0,0,60,0,66,1892
Medford,1,1,1221,499,57,11,0,0,0,0,0,28,0,20,1836
Medford,1,2,1319,513,65,21,0,0,0,0,0,49,0,15,1982
Medford,2,1,1198,626,59,25,0,0,0,0,0,37,0,28,1973
Medford,2,2,1187,738,67,18,0,0,0,0,0,40,0,25,2075
Medford,3,1,1376,670,60,26,0,0,0,0,0,36,0,33,2201
Medford,3,2,1339,725,73,24,0,0,0,0,0,37,0,26,2224
Medford,4,1,1013,167,30,23,0,0,0,0,0,19,0,8,1260
Medford,4,2,1483,441,84,34,0,0,0,0,0,33,0,30,2105
Medford,5,1,1447,350,66,30,0,0,0,0,0,42,0,19,1954
Medford,5,2,1246,294,30,25,0,0,0,0,0,32,0,16,1643
Medford,6,1,1793,344,54,31,0,0,0,0,0,58,0,18,2298
Medford,6,2,1378,533,50,20,0,0,0,0,0,34,0,28,2043
Medford,7,1,891,274,28,12,0,0,0,0,0,12,0,21,1238
Medford,7,2,1122,426,46,18,0,0,0,0,0,29,0,15,1656
Medford,8,1,1457,574,63,35,0,0,0,0,0,28,0,21,2178
Medford,8,2,1220,497,65,25,0,0,0,0,0,37,0,18,1862
Medway,-,1,918,755,87,17,0,0,0,0,0,52,0,20,1849
Medway,-,2,1030,707,128,21,0,0,0,0,0,63,0,24,1973
Medway,-,3,1046,727,117,11,0,0,0,0,0,49,0,29,1979
Medway,-,4,1015,759,126,18,0,0,0,0,0,50,0,31,1999
Melrose,1,1,836,304,65,7,0,0,0,0,0,17,0,27,1256
Melrose,1,2,806,282,59,7,0,0,0,0,0,34,0,18,1206
Melrose,2,1,760,422,56,18,0,0,0,0,0,31,0,28,1315
Melrose,2,2,745,339,35,14,0,0,0,0,0,20,0,20,1173
Melrose,3,1,811,310,42,11,0,0,0,0,0,21,0,22,1217
Melrose,3,2,714,327,46,12,0,0,0,0,0,22,0,18,1139
Melrose,4,1,762,304,40,16,0,0,0,0,0,18,0,17,1157
Melrose,4,2,719,516,63,10,0,0,0,0,0,26,0,28,1362
Melrose,5,1,812,297,39,17,0,0,0,0,0,26,0,15,1206
Melrose,5,2,759,299,42,9,0,0,0,0,0,19,0,10,1138
Melrose,6,1,759,275,39,6,0,0,0,0,0,19,0,11,1109
Melrose,6,2,730,416,52,13,0,0,0,0,0,21,0,19,1251
Melrose,7,1,715,369,54,18,0,0,0,0,0,32,0,13,1201
Melrose,7,2,759,372,46,14,0,0,0,0,0,20,0,20,1231
Mendon,-,1,1530,1694,214,30,10,0,0,0,0,35,0,71,3584
Merrimac,-,1,923,770,113,20,1,0,0,0,0,37,0,30,1894
Merrimac,-,2,972,852,113,37,6,3,0,0,0,33,0,25,2041
Methuen,-,1,994,821,56,21,4,0,0,0,0,33,0,29,1958
Methuen,-,2,935,192,29,5,0,0,0,0,0,14,0,6,1181
Methuen,-,3,937,773,67,17,0,0,0,0,0,5,0,34,1833
Methuen,-,4,961,778,58,26,0,0,0,0,0,13,0,38,1874
Methuen,-,5,977,600,50,17,0,0,0,0,0,19,0,25,1688
Methuen,-,6,1041,670,67,21,2,0,0,0,0,12,0,46,1859
Methuen,-,7,1004,996,84,19,0,0,0,0,0,18,0,33,2154
Methuen,-,8,1001,1336,94,29,0,0,0,0,0,27,0,44,2531
Methuen,-,9,884,1086,55,29,0,0,0,0,0,26,0,26,2106
Methuen,-,10,1066,741,78,12,0,0,0,0,0,19,0,30,1946
Methuen,-,11,991,1241,91,28,1,0,0,0,0,30,0,52,2434
Methuen,-,12,871,1001,82,12,0,0,0,0,0,23,0,31,2020
Middleborough,-,1,1049,1417,108,24,1,0,0,0,0,41,0,52,2692
Middleborough,-,2,767,857,110,28,5,0,0,0,0,24,0,29,1820
Middleborough,-,3,860,1236,106,34,6,0,0,0,0,26,0,27,2295
Middleborough,-,4,692,818,109,32,10,0,0,0,0,25,0,22,1708
Middleborough,-,5,783,1243,130,26,2,0,0,0,0,12,0,51,2247
Middleborough,-,6,686,1012,113,20,6,0,0,0,0,20,0,36,1893
Middlefield,-,1,155,115,16,10,1,0,0,0,0,5,0,5,307
Middleton,-,1,1069,1315,97,19,0,0,0,0,0,37,0,49,2586
Middleton,-,2,1090,1348,95,14,0,0,0,0,0,51,0,27,2625
Milford,-,1,611,432,47,20,0,0,0,0,0,21,0,29,1160
Milford,-,2,908,600,76,25,0,0,0,0,0,24,0,29,1662
Milford,-,3,849,671,62,20,0,0,0,0,0,14,0,30,1646
Milford,-,4,778,465,61,21,0,0,0,0,0,22,0,18,1365
Milford,-,5,1131,887,87,18,0,0,0,0,0,46,0,38,2207
Milford,-,6,960,648,70,21,0,0,0,0,0,26,0,29,1754
Milford,-,7,1074,811,102,14,0,0,0,0,0,36,0,31,2068
Milford,-,8,1059,723,96,20,0,0,0,0,0,38,0,28,1964
Millbury,-,1,749,815,95,21,0,0,0,0,0,21,0,37,1738
Millbury,-,2,888,1042,89,19,0,0,0,0,0,20,0,32,2090
Millbury,-,3,782,832,114,28,0,0,0,0,0,17,0,26,1799
Millbury,-,4,743,756,96,15,0,0,0,0,0,24,0,27,1661
Millis,-,1,864,636,88,20,1,0,0,0,0,33,0,35,1677
Millis,-,2,882,615,115,16,4,0,0,0,0,31,0,23,1686
Millis,-,3,874,639,106,22,6,0,0,0,0,16,0,24,1687
Millville,-,1,624,874,103,28,0,0,0,0,0,5,0,38,1672
Milton,-,1,1303,211,47,20,0,0,0,0,0,17,0,10,1608
Milton,-,2,1376,235,64,13,0,0,0,0,0,41,0,33,1762
Milton,-,3,1230,446,86,10,0,0,0,0,0,38,0,26,1836
Milton,-,4,1224,349,46,24,0,0,0,0,0,34,0,27,1704
Milton,-,5,897,330,59,4,0,0,0,0,0,30,0,35,1355
Milton,-,6,1009,636,68,25,0,0,0,0,0,38,0,27,1803
Milton,-,7,907,556,76,19,0,0,0,0,0,25,0,32,1615
Milton,-,8,966,637,60,10,0,0,0,0,0,43,0,29,1745
Milton,-,9,873,697,65,18,0,0,0,0,0,34,0,35,1722
Milton,-,10,967,189,24,6,0,0,0,0,0,15,0,11,1212
Monroe,-,1,25,26,5,2,0,0,0,0,0,1,0,0,59
Monson,-,A,625,784,76,28,0,0,0,0,0,25,0,21,1559
Monson,-,B,622,736,85,39,0,0,0,0,0,31,0,18,1531
Monson,-,C,675,739,84,41,0,0,0,0,0,28,0,23,1590
Montague,-,1,729,182,31,31,0,0,0,0,0,5,0,22,1000
Montague,-,2,418,206,50,56,0,0,0,0,0,7,0,11,748
Montague,-,3,411,218,38,12,0,0,0,0,0,14,0,19,712
Montague,-,4,490,208,37,24,0,0,0,0,0,6,0,22,787
Montague,-,5,388,91,27,27,0,0,0,0,0,10,0,10,553
Montague,-,6,422,190,30,31,0,0,0,0,0,12,0,6,691
Monterey,-,1,417,88,20,12,0,0,0,0,0,6,0,11,554
Montgomery,-,1,199,281,32,12,0,0,0,0,0,2,0,4,530
Mount Washington,-,1,76,19,5,4,0,0,0,0,0,2,0,1,107
Nahant,-,1,1347,864,87,23,0,0,0,0,0,28,0,29,2378
Nantucket,-,1,4146,1892,260,108,0,0,0,0,0,102,0,75,6583
Natick,-,1,974,260,61,20,6,1,0,0,0,24,0,38,1384
Natick,-,2,1459,525,92,26,7,0,0,0,0,41,0,25,2175
Natick,-,3,1324,556,100,12,9,0,0,0,0,22,0,27,2050
Natick,-,4,1229,441,92,27,5,0,0,0,0,45,0,13,1852
Natick,-,5,1258,581,87,19,8,0,0,0,0,33,0,32,2018
Natick,-,6,1246,532,59,24,7,0,0,0,0,40,0,26,1934
Natick,-,7,1478,457,63,23,4,0,0,0,0,43,0,25,2093
Natick,-,8,1407,497,107,32,12,0,0,0,0,38,0,20,2113
Natick,-,9,1403,446,84,21,6,0,0,0,0,50,0,25,2035
Natick,-,10,1642,575,108,18,9,0,0,0,0,56,0,35,2443
Needham,-,A,1086,443,44,14,4,0,0,0,0,40,0,25,1656
Needham,-,B,1224,462,85,12,6,0,0,0,0,31,0,31,1851
Needham,-,C,1281,369,83,15,2,0,0,0,0,49,0,26,1825
Needham,-,D,1268,415,59,17,0,0,0,0,0,52,0,25,1836
Needham,-,E,1277,420,110,14,7,0,0,0,0,40,0,27,1895
Needham,-,F,1312,376,67,23,4,0,0,0,0,33,0,27,1842
Needham,-,G,1336,369,86,11,5,0,0,0,0,59,0,37,1903
Needham,-,H,1285,445,68,17,3,0,0,0,0,40,0,25,1883
Needham,-,I,1396,312,71,12,3,0,0,0,0,50,0,34,1878
Needham,-,J,1332,408,73,15,4,0,0,0,0,38,0,33,1903
New Ashford,-,1,101,39,14,6,0,0,0,0,0,0,0,1,161
New Bedford,1,A,610,476,46,23,0,0,0,0,0,20,0,21,1196
New Bedford,1,B,624,493,30,10,0,0,0,0,0,13,0,23,1193
New Bedford,1,C,656,470,41,15,0,0,0,0,0,16,0,11,1209
New Bedford,1,D,621,534,34,16,0,0,0,0,0,15,0,17,1237
New Bedford,1,E,626,431,31,17,0,0,0,0,0,19,0,20,1144
New Bedford,1,F,658,539,49,19,0,0,0,0,0,17,0,15,1297
New Bedford,2,A,272,74,6,4,0,0,0,0,0,1,0,8,365
New Bedford,2,B,540,237,21,16,0,0,0,0,0,9,0,10,833
New Bedford,2,C,378,210,19,11,0,0,0,0,0,14,0,13,645
New Bedford,2,D,435,333,26,14,0,0,0,0,0,15,0,16,839
New Bedford,2,E,529,374,41,24,0,0,0,0,0,15,0,7,990
New Bedford,2,F,547,344,30,19,0,0,0,0,0,16,0,11,967
New Bedford,3,A,394,121,8,12,0,0,0,0,0,4,0,8,547
New Bedford,3,B,537,119,17,19,0,0,0,0,0,13,0,8,713
New Bedford,3,C,436,169,18,17,0,0,0,0,0,6,0,15,661
New Bedford,3,D,533,209,22,5,0,0,0,0,0,14,0,3,786
New Bedford,3,E,714,392,35,20,0,0,0,0,0,15,0,11,1187
New Bedford,3,F,699,342,31,24,0,0,0,0,0,12,0,17,1125
New Bedford,4,A,559,80,6,8,0,0,0,0,0,7,0,7,667
New Bedford,4,B,801,226,29,19,0,0,0,0,0,13,0,14,1102
New Bedford,4,C,787,182,25,24,0,0,0,0,0,19,0,11,1048
New Bedford,4,D,637,228,19,25,0,0,0,0,0,18,0,9,936
New Bedford,4,E,539,256,36,21,0,0,0,0,0,12,0,15,879
New Bedford,4,F,646,185,26,15,0,0,0,0,0,12,0,19,903
New Bedford,5,A,483,197,22,14,0,0,0,0,0,13,0,6,735
New Bedford,5,B,717,233,25,14,0,0,0,0,0,27,0,12,1028
New Bedford,5,C,551,304,26,15,0,0,0,0,0,11,0,16,923
New Bedford,5,D,811,299,31,21,0,0,0,0,0,21,0,17,1200
New Bedford,5,E,822,501,38,18,0,0,0,0,0,12,0,13,1404
New Bedford,5,F,795,429,53,26,0,0,0,0,0,23,0,20,1346
New Bedford,6,A,634,414,27,21,0,0,0,0,0,16,0,16,1128
New Bedford,6,B,589,337,28,19,0,0,0,0,0,14,0,10,997
New Bedford,6,C,395,101,3,6,0,0,0,0,0,4,0,1,510
New Bedford,6,D,311,115,11,7,0,0,0,0,0,8,0,3,455
New Bedford,6,E,432,150,16,6,0,0,0,0,0,6,0,8,618
New Bedford,6,F,494,223,29,22,0,0,0,0,0,15,0,12,795
New Braintree,-,1,246,326,22,18,2,0,0,0,0,4,0,5,623
New Marlborough,-,1,564,218,34,35,5,0,0,0,0,6,0,9,871
New Salem,-,1,337,208,28,22,0,0,0,0,0,13,0,6,614
Newbury,-,1,1290,793,94,38,0,0,0,0,0,43,0,38,2296
Newbury,-,2,1175,923,121,25,5,0,0,0,0,41,0,37,2327
Newburyport,1,1,1023,335,75,23,0,0,0,0,0,0,0,47,1503
Newburyport,2,1,1412,400,70,25,0,0,0,0,0,0,0,72,1979
Newburyport,3,1,1260,463,64,18,0,0,0,0,0,0,0,69,1874
Newburyport,4,1,1386,501,88,25,0,0,0,0,0,0,0,74,2074
Newburyport,5,1,935,577,112,26,0,0,0,0,0,0,0,91,1741
Newburyport,6,1,1103,634,85,19,0,0,0,0,0,0,0,66,1907
Newburyport,1,P,266,204,26,4,0,0,0,0,0,0,0,6,506
Newton,1,1,912,394,40,20,4,0,0,0,0,29,0,13,1412
Newton,1,2,1206,201,35,19,0,0,0,0,0,29,0,9,1499
Newton,1,3,1224,162,55,17,1,0,0,0,0,20,0,9,1488
Newton,1,4,976,413,51,32,0,0,0,0,0,24,0,28,1524
Newton,2,1,1149,284,48,20,0,0,0,0,0,19,0,19,1539
Newton,2,2,840,154,40,15,2,0,0,0,0,9,0,7,1067
Newton,2,3,1428,193,43,17,1,0,0,0,0,23,0,20,1725
Newton,2,4,1389,197,43,15,5,0,0,0,0,23,0,15,1687
Newton,3,1,1252,295,53,9,6,0,0,0,0,24,0,13,1652
Newton,3,2,1300,184,65,8,2,0,0,0,0,23,0,13,1595
Newton,3,3,1138,364,46,18,0,0,0,0,0,23,0,18,1607
Newton,3,4,1136,370,36,16,2,0,0,0,0,20,0,12,1592
Newton,4,1,1083,253,49,10,3,0,0,0,0,20,0,16,1434
Newton,4,2,1141,174,35,16,0,0,0,0,0,18,0,17,1401
Newton,4,3,836,173,34,15,3,0,0,0,0,15,0,11,1087
Newton,4,4,1030,315,48,25,3,0,0,0,0,16,0,16,1453
Newton,5,1,1044,246,53,20,3,0,0,0,0,17,0,17,1400
Newton,5,2,1260,164,35,15,3,0,0,0,0,10,0,14,1501
Newton,5,3,1497,202,60,8,0,0,0,0,0,27,0,20,1814
Newton,5,4,1468,201,51,10,5,0,0,0,0,28,0,13,1776
Newton,6,1,1030,284,41,15,1,0,0,0,0,29,0,18,1418
Newton,6,2,1313,170,45,21,0,0,0,0,0,16,0,12,1577
Newton,6,3,1455,151,32,21,3,0,0,0,0,19,0,13,1694
Newton,6,4,1483,156,67,27,0,0,0,0,0,36,0,14,1783
Newton,7,1,1038,228,49,20,3,0,0,0,0,36,0,28,1402
Newton,7,2,1418,234,61,20,3,0,0,0,0,25,0,21,1782
Newton,7,3,496,71,17,4,2,0,0,0,0,10,0,5,605
Newton,7,4,590,139,28,4,1,0,0,0,0,21,0,12,795
Newton,8,1,1245,420,64,14,0,0,0,0,0,33,0,25,1801
Newton,8,2,1133,386,58,16,0,0,0,0,0,24,0,25,1642
Newton,8,3,1192,339,55,19,1,0,0,0,0,23,0,16,1645
Newton,8,4,761,247,29,8,0,0,0,0,0,15,0,12,1072
Norfolk,-,1,609,555,78,15,9,0,0,0,0,40,0,14,1320
Norfolk,-,2,1313,1002,187,30,0,0,0,0,0,63,0,41,2636
Norfolk,-,3,1034,901,126,15,0,0,0,0,0,79,0,31,2186
N. Adams,1,1,793,367,51,31,0,0,0,0,0,20,0,10,1272
N. Adams,2,2,721,270,42,40,0,0,0,0,0,20,0,15,1108
N. Adams,3,3,669,218,40,37,0,0,0,0,0,17,0,10,991
N. Adams,4,4,816,414,49,29,0,0,0,0,0,16,0,16,1340
N. Adams,5,5,731,301,59,35,0,0,0,0,0,21,0,21,1168
N. Andover,-,1,1017,717,96,19,0,0,0,0,0,11,0,58,1918
N. Andover,-,2,1098,823,126,24,0,0,0,0,0,9,0,60,2140
N. Andover,-,3,1095,770,80,13,0,0,0,0,0,8,0,74,2040
N. Andover,-,4,1242,859,122,14,0,0,0,0,0,9,0,70,2316
N. Andover,-,5,818,540,79,10,0,0,0,0,0,5,0,33,1485
N. Andover,-,6,1039,1005,103,7,0,0,0,0,0,6,0,90,2250
N. Andover,-,7,1215,769,104,17,0,0,0,0,0,11,0,47,2163
N. Andover,-,8,975,908,91,15,0,0,0,0,0,10,0,80,2079
N. Attleborough,-,1,668,596,64,26,2,0,0,0,0,28,0,11,1395
N. Attleborough,-,2,767,768,119,31,4,0,0,0,0,20,0,32,1741
N. Attleborough,-,3,753,846,113,30,0,0,0,0,0,39,0,47,1828
N. Attleborough,-,4,694,541,70,28,1,0,0,0,0,24,0,29,1387
N. Attleborough,-,5,705,689,105,23,2,0,0,0,0,20,0,43,1587
N. Attleborough,-,6,882,814,110,23,2,0,0,0,0,39,0,31,1901
N. Attleborough,-,7,914,872,107,20,3,0,0,0,0,35,0,40,1991
N. Attleborough,-,8,881,802,89,14,5,0,0,0,0,29,0,37,1857
N. Attleborough,-,9,795,788,86,31,5,0,0,0,0,20,0,22,1747
N. Brookfield,-,1,907,1413,160,36,7,0,0,0,0,33,0,35,2591
N. Reading,-,1,1066,1023,134,15,0,0,0,0,0,36,0,55,2329
N. Reading,-,2,1018,920,124,33,0,0,0,0,0,34,0,32,2161
N. Reading,-,3,1067,1031,102,14,0,0,0,0,0,37,0,30,2281
N. Reading,-,4,1132,1012,110,25,0,0,0,0,0,54,0,50,2383
Northampton,1,A,817,106,24,41,0,0,0,0,0,19,0,13,1020
Northampton,1,B,1113,173,27,47,2,0,0,0,0,13,0,60,1435
Northampton,2,A,1115,48,22,40,2,0,0,0,0,13,0,20,1260
Northampton,2,B,694,41,11,30,0,0,0,0,0,0,0,22,798
Northampton,3,A,1104,100,29,85,1,0,0,0,0,15,0,15,1349
Northampton,3,B,1000,97,31,72,2,0,0,0,0,25,0,36,1263
Northampton,4,A,810,52,18,70,0,0,0,0,0,14,0,16,980
Northampton,4,B,974,82,11,67,0,0,13,0,0,9,0,34,1190
Northampton,5,A,948,137,14,26,0,0,0,0,0,15,0,24,1164
Northampton,5,B,998,114,18,25,0,0,0,0,0,17,0,22,1194
Northampton,6,A,868,295,36,26,0,0,0,0,0,18,0,25,1268
Northampton,6,B,1033,234,36,26,0,0,0,0,0,18,0,41,1388
Northampton,7,A,1037,189,36,37,1,0,0,0,0,26,0,25,1351
Northampton,7,B,1001,210,28,46,0,8,9,0,0,0,0,33,1335
Northborough,-,1,1335,751,140,32,0,0,0,0,0,50,0,35,2343
Northborough,-,2,1196,714,126,31,0,0,0,0,0,39,0,33,2139
Northborough,-,3,1319,721,120,18,0,0,0,0,0,47,0,42,2267
Northborough,-,4,1280,778,137,23,0,0,0,0,0,53,0,46,2317
Northbridge,-,1,857,994,146,27,7,0,0,0,0,32,0,53,2116
Northbridge,-,2,903,950,145,26,2,0,0,0,0,54,0,23,2103
Northbridge,-,3,763,832,120,21,2,0,0,0,0,24,0,25,1787
Northbridge,-,4,902,1201,163,30,18,0,0,0,0,36,0,51,2401
Northfield,-,1,1013,533,91,50,0,0,0,0,0,56,0,14,1757
Norton,-,1,996,1035,112,24,0,0,0,0,0,90,0,79,2336
Norton,-,2,971,977,96,25,0,0,0,0,0,24,0,67,2160
Norton,-,3,1007,876,98,29,0,0,0,0,0,27,0,17,2054
Norton,-,4,991,943,129,23,0,0,0,0,0,45,0,47,2178
Norton,-,5,590,597,61,12,0,0,0,0,0,38,0,15,1313
Norwell,-,1,1003,926,95,18,0,0,0,0,0,50,0,48,2140
Norwell,-,2,1130,991,104,16,0,0,0,0,0,56,0,28,2325
Norwell,-,3,1144,920,123,22,0,0,0,0,0,64,0,28,2301
Norwood,-,1,1081,701,82,28,2,0,0,0,0,29,0,29,1952
Norwood,-,2,1003,625,57,17,2,0,0,0,0,30,0,33,1767
Norwood,-,3,1049,620,93,16,5,0,0,0,0,38,0,32,1853
Norwood,-,4,1115,721,87,24,6,0,0,0,0,38,0,37,2028
Norwood,-,5,893,403,65,14,0,0,0,0,0,24,0,21,1420
Norwood,-,6,821,513,51,26,2,0,0,0,0,47,0,19,1479
Norwood,-,7,905,660,66,17,0,0,0,0,0,29,0,29,1706
Norwood,-,8,1116,651,79,26,4,0,0,0,0,25,0,29,1930
Norwood,-,9,1017,798,76,16,3,0,0,0,0,40,0,31,1981
Oak Bluffs,-,1,2098,738,87,44,0,0,0,0,0,42,0,40,3049
Oakham,-,1,435,633,72,19,0,0,0,0,0,8,0,17,1184
Orange,-,1,714,799,117,39,0,0,0,0,0,20,0,35,1724
Orange,-,2,773,751,105,39,0,0,0,0,0,10,0,33,1711
Orleans,-,1,2687,1511,192,65,6,0,0,0,0,70,0,64,4595
Otis,-,1,431,407,43,18,1,0,0,0,0,15,0,9,924
Oxford,-,1,703,882,107,23,4,0,0,0,0,35,0,26,1780
Oxford,-,2,682,907,80,23,2,0,0,0,0,27,0,19,1740
Oxford,-,3,707,920,126,19,3,0,0,0,0,38,0,24,1837
Oxford,-,4,652,867,92,18,2,0,0,0,0,17,0,20,1668
Palmer,-,1,572,743,62,41,0,0,0,0,0,26,0,15,1459
Palmer,-,1A,81,118,10,5,0,0,0,0,0,3,0,1,218
Palmer,-,2,633,863,107,33,0,0,0,0,0,31,0,19,1686
Palmer,-,3,602,577,71,34,0,0,0,0,0,24,0,15,1323
Palmer,-,4,587,782,72,35,0,0,0,0,0,14,0,17,1507
Paxton,-,1,1213,1197,151,38,4,0,0,0,0,57,0,48,2708
Peabody,1,1,847,644,91,12,0,0,0,0,0,38,0,26,1658
Peabody,1,2,841,860,62,18,0,0,0,0,0,28,0,34,1843
Peabody,1,3,838,846,69,23,0,0,0,0,0,29,0,24,1829
Peabody,2,1,765,333,33,16,0,0,0,0,0,27,0,14,1188
Peabody,2,2,729,368,32,12,0,0,0,0,0,16,0,12,1169
Peabody,2,3,696,630,53,22,0,0,0,0,0,40,0,20,1461
Peabody,3,1,670,288,37,10,0,0,0,0,0,15,0,10,1030
Peabody,3,2,759,458,44,17,0,0,0,0,0,16,0,16,1310
Peabody,3,3,806,580,52,18,0,0,0,0,0,31,0,22,1509
Peabody,4,1,771,632,76,12,0,0,0,0,0,32,0,28,1551
Peabody,4,2,791,599,51,13,0,0,0,0,0,29,0,22,1505
Peabody,4,3,455,372,16,8,0,0,0,0,0,16,0,17,884
Peabody,4,3A,924,410,26,8,0,0,0,0,0,18,0,20,1406
Peabody,5,1,834,848,53,16,0,0,0,0,0,29,0,20,1800
Peabody,5,2,673,692,36,16,0,0,0,0,0,21,0,19,1457
Peabody,5,3,784,712,53,5,0,0,0,0,0,35,0,21,1610
Peabody,6,1,756,928,58,19,0,0,0,0,0,32,0,24,1817
Peabody,6,2,734,908,61,11,0,0,0,0,0,25,0,20,1759
Peabody,6,3,722,928,59,6,0,0,0,0,0,27,0,21,1763
Pelham,-,1,748,98,25,22,0,0,0,0,0,9,0,13,915
Pembroke,-,1,1049,1035,108,17,0,0,0,0,0,0,0,72,2281
Pembroke,-,2,865,927,121,31,0,0,0,0,0,0,0,74,2018
Pembroke,-,3,893,1034,116,34,0,0,0,0,0,0,0,55,2132
Pembroke,-,4,948,954,131,14,0,0,0,0,0,0,0,80,2127
Pembroke,-,5,875,963,112,27,0,0,0,0,0,0,0,81,2058
Pepperell,-,1,965,1053,170,23,7,0,0,0,0,45,0,36,2299
Pepperell,-,2,1023,1008,149,32,3,0,0,0,0,60,0,43,2318
Pepperell,-,3,944,1037,136,29,12,0,0,0,0,47,0,24,2229
Peru,-,1,255,207,34,8,0,0,0,0,0,9,0,6,519
Petersham,-,1,417,312,46,19,3,0,0,0,0,21,0,9,827
Phillipston,-,1,374,550,67,13,0,0,0,0,0,11,0,15,1030
Pittsfield,1,A,789,309,50,25,0,0,0,0,0,4,0,25,1202
Pittsfield,1,B,980,366,58,37,2,0,0,0,0,8,0,24,1475
Pittsfield,2,A,617,143,38,39,0,0,0,0,0,7,0,12,856
Pittsfield,2,B,1048,370,46,36,0,0,0,0,0,20,0,14,1534
Pittsfield,3,A,1233,326,58,38,3,0,0,0,0,17,0,21,1696
Pittsfield,3,B,1248,414,73,40,0,0,0,0,0,12,0,37,1824
Pittsfield,4,A,1162,402,59,46,5,0,0,0,0,20,0,28,1722
Pittsfield,4,B,1342,528,71,26,0,0,0,0,0,18,0,41,2026
Pittsfield,5,A,959,273,44,49,7,0,0,0,0,23,0,7,1362
Pittsfield,5,B,1030,414,78,29,1,0,0,0,0,21,0,15,1588
Pittsfield,6,A,1115,328,44,39,5,0,0,0,0,20,0,16,1567
Pittsfield,6,B,713,253,27,36,1,0,0,0,0,16,0,11,1057
Pittsfield,7,A,658,226,47,40,2,0,0,0,0,13,0,11,997
Pittsfield,7,B,1013,419,70,35,2,0,0,0,0,19,0,14,1572
Plainfield,-,1,263,107,13,18,0,0,0,0,0,7,0,11,419
Plainville,-,1,797,735,102,25,5,0,0,0,0,27,0,24,1715
Plainville,-,2,710,708,97,14,4,0,0,0,0,26,0,30,1589
Plainville,-,3,709,780,106,29,2,0,0,0,0,30,0,24,1680
Plymouth,-,1,839,643,67,27,4,0,0,0,0,31,0,19,1630
Plymouth,-,2,1040,879,98,48,2,0,0,0,0,35,0,23,2125
Plymouth,-,3,981,635,78,36,3,0,0,0,0,49,0,24,1806
Plymouth,-,4,1064,769,83,20,1,0,0,0,0,38,0,25,2000
Plymouth,-,5,1042,1073,119,21,1,0,0,0,0,35,0,24,2315
Plymouth,-,6,1102,944,113,39,1,0,0,0,0,37,0,30,2266
Plymouth,-,7,1005,953,114,36,3,0,0,0,0,38,0,23,2172
Plymouth,-,8,1045,1052,119,26,1,0,0,0,0,48,0,35,2326
Plymouth,-,9,764,903,119,39,0,0,0,0,0,45,0,18,1888
Plymouth,-,10,677,661,67,18,1,0,0,0,0,25,0,26,1475
Plymouth,-,11,1126,1111,100,27,3,0,0,0,0,35,0,46,2448
Plymouth,-,12,963,1048,112,22,2,0,0,0,0,36,0,23,2206
Plymouth,-,13,1017,982,101,17,0,0,0,0,0,24,0,31,2172
Plymouth,-,14,887,1069,138,24,3,0,0,0,0,43,0,27,2191
Plymouth,-,15,2050,1587,169,22,5,0,0,0,0,103,0,67,4003
Plympton,-,1,727,883,114,28,0,0,0,0,0,21,0,35,1808
Princeton,-,1,1183,898,124,35,9,0,0,0,0,41,0,55,2345
Provincetown,-,1,2082,208,38,35,0,0,0,0,0,18,0,18,2399
Quincy,1,1,883,439,48,20,0,0,0,0,0,0,0,40,1430
Quincy,1,2,743,335,35,18,0,0,0,0,0,0,0,23,1154
Quincy,1,3,912,396,56,29,0,0,0,0,0,0,0,46,1439
Quincy,1,4,907,745,70,17,0,0,0,0,0,1,0,68,1808
Quincy,1,5,978,772,72,26,0,0,0,0,0,0,0,70,1918
Quincy,2,1,872,496,57,15,0,0,0,0,0,0,0,54,1494
Quincy,2,2,812,362,32,21,0,0,0,0,0,0,0,35,1262
Quincy,2,3,398,173,15,12,0,0,0,0,0,0,0,13,611
Quincy,2,3A,146,135,10,4,0,0,0,0,0,0,0,13,308
Quincy,2,4,778,351,40,15,0,0,0,0,0,0,0,47,1231
Quincy,2,5,886,483,55,22,0,0,0,0,0,1,0,42,1489
Quincy,3,1,977,493,74,25,0,0,0,0,0,0,0,56,1625
Quincy,3,2,910,375,55,21,0,0,0,0,0,0,0,54,1415
Quincy,3,3,642,257,41,3,0,0,0,0,0,0,0,26,969
Quincy,3,4,905,613,56,16,0,0,0,0,0,0,0,40,1630
Quincy,3,5,658,227,27,17,0,0,0,0,0,1,0,33,963
Quincy,4,1,954,433,48,13,0,0,0,0,0,0,0,39,1487
Quincy,4,2,980,587,56,14,0,0,0,0,0,0,0,50,1687
Quincy,4,3,909,632,37,14,0,0,0,0,0,0,0,51,1643
Quincy,4,4,807,271,38,16,0,0,0,0,0,0,0,41,1173
Quincy,4,5,818,404,56,19,0,0,0,0,0,1,0,36,1334
Quincy,5,1,855,333,47,23,0,0,0,0,0,0,0,49,1307
Quincy,5,2,868,337,38,20,0,0,0,0,0,0,0,27,1290
Quincy,5,3,920,441,38,21,2,0,0,0,0,0,0,64,1486
Quincy,5,4,758,401,53,17,0,0,0,0,0,0,0,54,1283
Quincy,5,5,900,482,59,24,0,0,0,0,0,0,0,47,1512
Quincy,6,1,817,373,43,21,0,0,0,0,0,0,0,38,1292
Quincy,6,2,624,259,37,19,0,0,0,0,0,0,0,36,975
Quincy,6,3,1013,561,60,14,0,0,0,0,0,0,0,55,1703
Quincy,6,4,827,330,39,24,0,0,0,0,0,0,0,47,1267
Quincy,6,5,1020,825,68,17,0,0,0,0,0,0,0,77,2007
Randolph,-,1,974,263,30,13,0,0,0,0,0,6,0,13,1299
Randolph,-,2,930,158,22,13,0,0,0,0,0,12,0,8,1143
Randolph,-,3,907,244,20,18,0,0,0,0,0,11,0,13,1213
Randolph,-,4,988,289,26,13,0,0,0,0,0,16,0,15,1347
Randolph,-,5,822,286,30,12,0,0,0,0,0,20,0,10,1180
Randolph,-,6,908,235,21,10,0,0,0,0,0,11,0,6,1191
Randolph,-,7,958,272,32,11,0,0,0,0,0,14,0,10,1297
Randolph,-,8,1070,196,29,17,2,0,0,0,0,12,0,13,1339
Randolph,-,9,1051,203,26,8,0,0,0,0,0,17,0,10,1315
Randolph,-,10,990,284,23,8,0,0,0,0,0,14,0,11,1330
Randolph,-,11,957,348,33,19,0,0,0,0,0,13,0,18,1388
Randolph,-,12,954,320,43,17,0,0,0,0,0,15,0,15,1364
Raynham,-,1,762,821,88,14,0,0,0,0,0,17,0,36,1738
Raynham,-,1A,105,121,20,2,0,0,0,0,0,2,0,4,254
Raynham,-,2,710,862,62,15,0,0,0,0,0,27,0,22,1698
Raynham,-,2A,113,187,20,0,0,0,0,0,0,3,0,8,331
Raynham,-,3,818,969,94,22,0,0,0,0,0,32,0,32,1967
Raynham,-,4,819,846,80,24,0,0,0,0,0,27,0,30,1826
Reading,-,1,1173,811,81,17,0,0,0,0,0,32,0,40,2154
Reading,-,2,1051,655,96,12,0,0,0,0,0,30,0,26,1870
Reading,-,3,1189,810,85,19,0,0,0,0,0,50,0,35,2188
Reading,-,4,1121,617,87,14,0,0,0,0,0,47,0,24,1910
Reading,-,5,1192,544,93,18,0,0,0,0,0,39,0,29,1915
Reading,-,6,893,555,62,13,0,0,0,0,0,36,0,19,1578
Reading,-,7,1167,666,93,23,0,0,0,0,0,45,0,28,2022
Reading,-,8,1062,715,84,26,0,0,0,0,0,49,0,32,1968
Rehoboth,-,1,879,1173,126,39,1,0,0,0,0,29,0,21,2268
Rehoboth,-,2,918,1180,104,38,2,0,0,0,0,26,0,40,2308
Rehoboth,-,3,987,1221,92,33,0,0,0,0,0,6,0,62,2401
Revere,1,1,763,357,42,24,0,0,0,0,0,20,0,12,1218
Revere,1,2,678,323,14,11,0,0,0,0,0,16,0,29,1071
Revere,1,3,693,314,22,16,0,0,0,0,0,17,0,31,1093
Revere,2,1,622,188,19,17,0,0,0,0,0,10,0,7,863
Revere,2,2,575,201,16,19,0,0,0,0,0,5,0,4,820
Revere,2,3,340,58,6,11,0,0,0,0,0,1,0,2,418
Revere,2,3A,120,43,3,1,0,0,0,0,0,7,0,0,174
Revere,3,1,662,423,24,7,0,0,0,0,0,15,0,7,1138
Revere,3,2,694,350,22,14,0,0,0,0,0,18,0,16,1114
Revere,3,3,676,406,18,13,0,0,0,0,0,7,0,17,1137
Revere,4,1,698,436,31,16,0,0,0,0,0,9,0,12,1202
Revere,4,2,659,351,27,11,0,0,0,0,0,10,0,26,1084
Revere,4,3,699,471,32,8,0,0,0,0,0,10,0,11,1231
Revere,5,1,512,413,26,14,0,0,0,0,0,10,0,11,986
Revere,5,1A,338,227,12,8,0,0,0,0,0,6,0,5,596
Revere,5,2,319,203,13,7,0,0,0,0,0,11,0,11,564
Revere,5,2A,350,122,13,5,0,0,0,0,0,1,0,10,501
Revere,5,3,688,403,28,7,0,0,0,0,0,8,0,18,1152
Revere,6,1,632,664,31,10,0,0,0,0,0,17,0,24,1378
Revere,6,2,656,684,21,11,0,0,0,0,0,16,0,21,1409
Revere,6,3,590,258,26,9,0,0,0,0,0,32,0,17,932
Richmond,-,1,706,218,28,26,2,0,0,0,0,13,0,12,1005
Rochester,-,1,1368,1743,161,50,0,0,0,0,0,45,0,67,3434
Rockland,-,1,811,753,84,19,3,0,0,0,0,34,0,14,1718
Rockland,-,2,852,829,76,16,2,0,0,0,0,20,0,17,1812
Rockland,-,3,583,515,67,21,3,0,0,0,0,22,0,6,1217
Rockland,-,4,672,633,73,21,3,0,0,0,0,25,0,10,1437
Rockland,-,5,705,774,76,18,3,0,0,0,0,37,0,17,1630
Rockland,-,6,780,809,88,20,2,0,0,0,0,25,0,23,1747
Rockport,-,1,773,338,46,25,0,0,0,0,0,24,0,21,1227
Rockport,-,2,1103,464,74,27,0,0,0,0,0,28,0,27,1723
Rockport,-,3,1246,569,105,27,0,0,0,0,0,43,0,36,2026
Rowe,-,1,122,99,7,7,0,0,0,0,0,3,0,3,241
Rowley,-,1,1679,1809,221,53,0,0,0,0,0,96,0,47,3905
Royalston,-,1,193,179,20,11,0,0,0,0,0,5,0,6,414
Royalston,-,2,121,142,12,5,0,0,0,0,0,5,0,3,288
Russell,-,1,278,480,50,13,2,0,0,0,0,9,0,16,848
Rutland,-,1,624,778,107,17,6,0,0,0,0,22,0,24,1578
Rutland,-,2,693,844,112,29,7,0,0,0,0,25,0,30,1740
Rutland,-,3,705,722,109,27,7,0,0,0,0,39,0,21,1630
Salem,1,1,1270,468,69,42,6,0,0,0,0,25,0,25,1905
Salem,1,2,836,83,19,14,0,0,0,0,0,9,0,9,970
Salem,2,1,1332,350,64,45,4,0,0,0,0,45,0,21,1861
Salem,2,2,1428,298,73,39,9,0,0,0,0,36,0,25,1908
Salem,3,1,939,329,46,34,2,0,0,0,0,21,0,12,1383
Salem,3,2,902,476,41,12,2,0,0,0,0,19,0,15,1467
Salem,4,1,941,503,51,21,2,0,0,0,0,23,0,20,1561
Salem,4,2,890,590,52,20,1,0,0,0,0,16,0,29,1598
Salem,5,1,1145,392,47,38,4,0,0,0,0,24,0,25,1675
Salem,5,2,1066,277,50,34,1,0,0,0,0,15,0,14,1457
Salem,6,1,1102,459,69,41,3,0,0,0,0,23,0,21,1718
Salem,6,2,972,402,61,29,2,0,0,0,0,25,0,17,1508
Salem,7,1,1067,366,59,21,0,0,0,0,0,23,0,22,1558
Salem,7,2,1060,465,49,11,0,0,0,0,0,9,0,20,1614
Salisbury,-,1,825,740,78,25,0,0,0,0,0,36,0,22,1726
Salisbury,-,2,726,726,65,27,0,0,0,0,0,39,0,24,1607
Salisbury,-,3,547,783,73,19,0,0,0,0,0,28,0,27,1477
Sandisfield,-,1,254,190,22,12,0,0,0,0,0,4,0,6,488
Sandwich,-,1,1247,988,76,31,0,0,0,0,0,34,0,39,2415
Sandwich,-,2,1160,990,76,23,0,0,0,0,0,29,0,59,2337
Sandwich,-,3,967,937,89,26,0,0,0,0,0,27,0,30,2076
Sandwich,-,4,946,1011,87,19,0,0,0,0,0,29,0,30,2122
Sandwich,-,5,899,936,103,22,0,0,0,0,0,22,0,43,2025
Sandwich,-,6,798,984,79,22,0,0,0,0,0,34,0,31,1948
Saugus,-,1,631,642,42,17,0,0,0,0,0,18,0,32,1382
Saugus,-,2,658,662,45,17,0,0,0,0,0,24,0,21,1427
Saugus,-,3,643,671,52,25,0,0,0,0,0,9,0,39,1439
Saugus,-,4,565,650,31,6,0,0,0,0,0,10,0,45,1307
Saugus,-,5,615,897,47,18,0,0,0,0,0,0,0,46,1623
Saugus,-,6,677,700,55,16,0,0,0,0,0,15,0,22,1485
Saugus,-,7,613,898,37,13,0,0,0,0,0,21,0,35,1617
Saugus,-,8,673,712,44,14,0,0,0,0,0,0,0,41,1484
Saugus,-,9,681,838,30,13,0,0,0,0,0,9,0,40,1611
Saugus,-,10,629,635,31,7,0,0,0,0,0,0,0,41,1343
Savoy,-,1,184,163,24,11,0,0,0,0,0,2,0,17,401
Scituate,-,1,1064,827,83,40,7,0,0,0,0,37,0,46,2104
Scituate,-,2,1054,764,97,16,2,0,0,0,0,36,0,40,2009
Scituate,-,3,1132,689,83,25,8,0,0,0,0,35,0,36,2008
Scituate,-,4,1065,812,90,20,0,0,0,0,0,28,0,44,2059
Scituate,-,5,1119,653,102,30,7,0,0,0,0,24,0,40,1975
Scituate,-,6,1078,712,87,15,2,0,0,0,0,36,0,30,1960
Seekonk,-,1,823,932,78,30,0,0,0,0,0,24,0,23,1910
Seekonk,-,2,1018,963,98,31,0,0,0,0,0,35,0,23,2168
Seekonk,-,3,907,846,65,22,0,0,0,0,0,28,0,16,1884
Seekonk,-,4,915,831,81,23,0,0,0,0,0,40,0,25,1915
Sharon,-,1,1557,438,84,33,8,0,0,0,0,38,0,26,2184
Sharon,-,2,1374,504,60,14,4,0,0,0,0,30,0,25,2011
Sharon,-,3,1535,512,104,18,7,0,0,0,0,55,0,32,2263
Sharon,-,4,1480,449,77,33,2,0,0,0,0,31,0,25,2097
Sharon,-,5,1273,544,79,26,1,0,0,0,0,11,0,39,1973
Sheffield,-,1,1242,530,80,46,0,0,0,0,0,17,0,27,1942
Shelburne,-,1,821,230,49,51,0,0,0,0,0,26,0,20,1197
Sherborn,-,1,1766,617,197,23,12,0,0,0,0,29,0,79,2723
Shirley,-,1,1637,1432,214,49,14,0,0,0,0,55,0,49,3450
Shrewsbury,-,1,1214,885,111,26,6,0,0,0,0,56,0,41,2339
Shrewsbury,-,2,967,639,78,13,6,0,0,0,0,15,0,21,1739
Shrewsbury,-,3,838,586,77,15,6,0,0,0,0,28,0,19,1569
Shrewsbury,-,4,1007,702,83,27,5,0,0,0,0,26,0,24,1874
Shrewsbury,-,5,999,532,74,25,5,0,0,0,0,33,0,24,1692
Shrewsbury,-,6,1131,692,96,20,3,0,0,0,0,25,0,31,1998
Shrewsbury,-,7,1234,860,130,18,8,0,0,0,0,72,0,39,2361
Shrewsbury,-,8,1262,808,106,20,3,0,0,0,0,47,0,42,2288
Shrewsbury,-,9,875,454,47,15,6,0,0,0,0,15,0,11,1423
Shrewsbury,-,10,1093,650,92,18,5,0,0,0,0,34,0,32,1924
Shutesbury,-,1,980,142,38,83,0,0,0,0,0,22,0,17,1282
Somerset,-,1,993,958,80,21,5,0,0,0,0,13,0,42,2112
Somerset,-,2,1070,972,62,26,0,0,0,0,0,26,0,60,2216
Somerset,-,3,1076,912,33,74,2,0,0,0,0,18,0,32,2147
Somerset,-,4,903,855,70,18,2,0,0,0,0,22,0,40,1910
Somerset,-,5,859,869,85,30,2,0,0,0,0,13,0,34,1892
Somerville,1,1,1032,199,34,28,4,0,0,0,0,20,0,16,1333
Somerville,1,2,1318,293,58,25,1,0,0,0,0,28,0,27,1750
Somerville,1,3,1041,193,31,25,3,0,0,0,0,13,0,21,1327
Somerville,2,1,1617,133,44,49,2,0,0,0,0,26,0,11,1882
Somerville,2,2,1915,147,44,66,0,0,0,0,0,35,0,23,2230
Somerville,2,3,1797,176,71,57,2,0,0,0,0,28,0,20,2151
Somerville,3,1,1598,163,33,40,4,0,0,0,0,24,0,21,1883
Somerville,3,2,1652,202,54,40,3,0,0,0,0,24,0,24,1999
Somerville,3,3,1903,175,53,58,4,0,0,0,0,36,0,26,2255
Somerville,4,1,1054,231,30,15,3,1,0,0,0,11,0,24,1369
Somerville,4,2,1243,190,44,40,1,0,0,0,0,18,0,24,1560
Somerville,4,3,1432,233,48,33,5,0,0,0,0,30,0,21,1802
Somerville,5,1,1643,260,63,45,5,1,0,0,0,25,0,27,2069
Somerville,5,2,1956,227,77,42,4,1,0,0,0,24,0,22,2353
Somerville,5,3,2000,182,66,44,0,0,0,0,0,44,0,22,2358
Somerville,6,1,2183,159,79,50,5,0,0,0,0,31,0,20,2527
Somerville,6,2,2012,179,75,58,2,0,0,0,0,33,0,14,2373
Somerville,6,3,1270,120,40,32,5,0,0,0,0,14,0,15,1496
Somerville,7,1,1974,203,69,33,1,0,0,0,0,29,0,26,2335
Somerville,7,2,1535,171,40,32,4,0,0,0,0,19,0,30,1831
Somerville,7,3,1565,292,56,29,2,0,0,0,0,27,0,20,1991
S. Hadley,-,A,1053,645,85,49,0,0,0,0,0,48,0,24,1904
S. Hadley,-,B,1161,715,69,37,0,0,0,0,0,35,0,24,2041
S. Hadley,-,C,1016,815,117,27,0,0,0,0,0,37,0,29,2041
S. Hadley,-,D,812,344,34,24,0,0,0,0,0,35,0,17,1266
S. Hadley,-,E,1166,735,78,43,0,0,0,0,0,32,0,32,2086
Southampton,-,1,1744,1692,193,64,0,0,0,0,0,92,0,56,3841
Southborough,-,1,1236,653,121,20,0,0,0,0,0,45,0,38,2113
Southborough,-,2,1128,615,102,23,0,0,0,0,0,63,0,32,1963
Southborough,-,3,1166,630,105,13,0,0,0,0,0,62,0,31,2007
Southbridge,-,1,769,510,85,25,2,0,0,0,0,18,0,18,1427
Southbridge,-,2,722,411,66,15,3,0,0,0,0,18,0,14,1249
Southbridge,-,3,685,600,64,21,1,0,0,0,0,17,0,19,1407
Southbridge,-,4,811,764,111,22,2,0,0,0,0,33,0,25,1768
Southbridge,-,5,727,301,48,27,0,0,0,0,0,19,0,8,1130
Southwick,-,1,644,1150,93,28,4,0,0,0,0,27,0,29,1975
Southwick,-,2,548,866,91,27,0,0,0,0,0,28,0,17,1577
Southwick,-,3,667,945,83,18,1,0,0,0,0,32,0,29,1775
Spencer,-,1,593,748,74,11,0,0,0,0,0,17,0,25,1468
Spencer,-,2,517,670,72,16,3,0,0,0,0,22,0,22,1322
Spencer,-,3,542,859,71,29,3,0,0,0,0,32,0,19,1555
Spencer,-,4,613,768,79,27,4,0,0,0,0,23,0,16,1530
Springfield,1,A,664,25,8,9,0,0,0,0,0,2,0,9,717
Springfield,1,B,686,62,13,8,0,0,0,0,0,8,0,4,781
Springfield,1,C,550,47,9,11,0,0,0,0,0,7,0,6,630
Springfield,1,D,626,49,7,3,0,0,0,0,0,4,0,13,702
Springfield,1,E,694,62,13,7,0,0,0,0,0,5,0,6,787
Springfield,1,F,613,44,10,3,0,0,0,0,0,5,0,13,688
Springfield,1,G,674,69,16,16,0,0,0,0,0,8,0,10,793
Springfield,1,H,676,62,12,8,0,0,0,0,0,11,0,5,774
Springfield,2,A,577,105,9,9,0,0,0,0,0,8,0,4,712
Springfield,2,B,816,222,23,17,0,0,0,0,0,12,0,15,1105
Springfield,2,C,532,127,17,17,0,0,0,0,0,13,0,14,720
Springfield,2,D,718,224,35,8,0,0,0,0,0,6,0,15,1006
Springfield,2,E,648,238,32,17,0,0,0,0,0,15,0,15,965
Springfield,2,F,804,179,34,13,0,0,0,0,0,10,0,10,1050
Springfield,2,G,717,313,33,19,0,0,0,0,0,16,0,12,1110
Springfield,2,H,709,262,29,13,0,0,0,0,0,12,0,7,1032
Springfield,3,A,545,68,5,12,0,0,0,0,0,8,0,8,646
Springfield,3,B,570,49,9,9,0,0,0,0,0,6,0,2,645
Springfield,3,C,429,44,3,12,0,0,0,0,0,8,0,2,498
Springfield,3,D,569,41,11,11,0,0,0,0,0,6,0,10,648
Springfield,3,E,481,46,11,9,0,0,0,0,0,7,0,10,564
Springfield,3,F,441,67,13,9,0,0,0,0,0,9,0,5,544
Springfield,3,G,401,49,11,8,0,0,0,0,0,7,0,10,486
Springfield,3,H,550,90,8,10,0,0,0,0,0,8,0,8,674
Springfield,4,A,678,77,20,10,0,0,0,0,0,8,0,11,804
Springfield,4,B,773,46,13,10,0,0,0,0,0,11,0,9,862
Springfield,4,C,618,19,8,10,0,0,0,0,0,5,0,6,666
Springfield,4,D,659,30,11,7,0,0,0,0,0,6,0,3,716
Springfield,4,E,584,28,8,10,0,0,0,0,0,5,0,7,642
Springfield,4,F,227,17,2,0,0,0,0,0,0,0,0,2,248
Springfield,4,G,769,54,12,8,0,0,0,0,0,12,0,2,857
Springfield,4,H,658,30,7,8,0,0,0,0,0,7,0,6,716
Springfield,5,A,712,64,12,8,0,0,0,0,0,9,0,4,809
Springfield,5,B,775,172,26,11,0,0,0,0,0,12,0,14,1010
Springfield,5,C,612,209,21,19,0,0,0,0,0,21,0,13,895
Springfield,5,D,687,386,40,18,0,0,0,0,0,23,0,15,1169
Springfield,5,E,897,174,22,17,0,0,0,0,0,9,0,18,1137
Springfield,5,F,774,255,30,23,0,0,0,0,0,18,0,11,1111
Springfield,5,G,680,488,47,12,0,0,0,0,0,27,0,14,1268
Springfield,5,H,525,360,38,23,0,0,0,0,0,14,0,15,975
Springfield,6,A,581,113,16,6,0,0,0,0,0,7,0,8,731
Springfield,6,B,672,234,20,18,0,0,0,0,0,14,0,19,977
Springfield,6,C,597,212,29,16,0,0,0,0,0,14,0,6,874
Springfield,6,D,680,428,44,15,0,0,0,0,0,19,0,11,1197
Springfield,6,E,539,91,19,13,0,0,0,0,0,9,0,9,680
Springfield,6,F,587,113,31,17,0,0,0,0,0,13,0,11,772
Springfield,6,G,560,184,19,23,0,0,0,0,0,11,0,11,808
Springfield,6,H,678,341,32,19,0,0,0,0,0,25,0,16,1111
Springfield,7,A,638,335,37,11,0,0,0,0,0,9,0,17,1047
Springfield,7,B,770,438,39,20,0,0,0,0,0,23,0,21,1311
Springfield,7,C,717,427,51,16,0,0,0,0,0,29,0,8,1248
Springfield,7,D,630,409,36,20,0,0,0,0,0,15,0,24,1134
Springfield,7,E,650,184,20,15,0,0,0,0,0,8,0,10,887
Springfield,7,F,736,471,48,17,0,0,0,0,0,19,0,23,1314
Springfield,7,G,683,532,56,25,0,0,0,0,0,25,0,21,1342
Springfield,7,H,356,187,16,13,0,0,0,0,0,9,0,5,586
Springfield,8,A,623,264,45,14,0,0,0,0,0,7,0,14,967
Springfield,8,B,651,215,21,12,0,0,0,0,0,12,0,6,917
Springfield,8,C,776,121,27,8,0,0,0,0,0,10,0,9,951
Springfield,8,D,480,113,18,10,0,0,0,0,0,7,0,9,637
Springfield,8,E,501,152,20,16,0,0,0,0,0,16,0,8,713
Springfield,8,F,575,280,32,17,0,0,0,0,0,9,0,9,922
Springfield,8,G,681,265,19,15,0,0,0,0,0,17,0,16,1013
Springfield,8,H,662,169,26,12,0,0,0,0,0,10,0,6,885
Sterling,-,1,1081,1083,176,29,0,0,0,0,0,42,0,33,2444
Sterling,-,2,1081,1244,168,35,0,0,0,0,0,52,0,42,2622
Stockbridge,-,1,965,252,29,30,0,0,0,0,0,16,0,13,1305
Stoneham,-,1,970,697,74,17,0,0,0,0,0,0,0,47,1805
Stoneham,-,2,1093,685,77,17,0,0,0,0,0,0,0,76,1948
Stoneham,-,3,1069,874,81,17,0,0,0,0,0,0,0,76,2117
Stoneham,-,4,877,699,71,10,0,0,0,0,0,0,0,53,1710
Stoneham,-,5,946,840,68,11,0,0,0,0,0,0,0,68,1933
Stoneham,-,6,986,756,72,20,0,0,0,0,0,0,0,72,1906
Stoneham,-,7,1021,692,82,18,0,0,0,0,0,0,0,61,1874
Stoughton,-,1,1220,642,69,21,1,0,0,0,0,34,0,25,2012
Stoughton,-,2,1032,597,56,25,0,0,0,0,0,11,0,49,1770
Stoughton,-,3,1058,628,70,16,0,0,0,0,0,0,0,68,1840
Stoughton,-,4,1084,839,80,17,0,0,0,0,0,29,0,59,2108
Stoughton,-,5,908,598,55,24,0,0,0,0,0,0,0,46,1631
Stoughton,-,6,1311,714,83,23,0,0,0,0,0,12,0,47,2190
Stoughton,-,7,982,483,67,20,0,0,0,0,0,11,0,40,1603
Stoughton,-,8,856,419,62,16,0,0,0,0,0,21,0,20,1394
Stow,-,1,1391,686,135,34,9,0,0,0,0,47,0,34,2336
Stow,-,2,1317,575,151,36,6,0,0,0,0,44,0,22,2151
Sturbridge,-,1,904,765,94,29,0,0,0,0,0,35,0,16,1843
Sturbridge,-,2,872,861,117,30,0,0,0,0,0,34,0,32,1946
Sturbridge,-,3,758,789,109,30,0,0,0,0,0,34,0,13,1733
Sudbury,-,1,1111,396,85,10,4,0,0,0,0,38,0,22,1666
Sudbury,-,1A,381,144,32,5,0,0,0,0,0,22,0,10,594
Sudbury,-,2,1364,461,80,23,12,0,0,0,0,44,0,26,2010
Sudbury,-,3,1527,578,99,20,4,1,0,0,0,40,0,18,2287
Sudbury,-,4,1574,444,98,16,6,1,0,0,0,60,0,73,2272
Sudbury,-,5,1445,487,79,12,6,0,0,0,0,51,0,31,2111
Sunderland,-,1,1353,387,82,62,0,0,0,0,0,31,0,33,1948
Sutton,-,1,789,1017,108,19,0,0,0,0,0,37,0,33,2003
Sutton,-,2,706,982,105,22,0,0,0,0,0,40,0,19,1874
Sutton,-,3,817,882,100,20,0,0,0,0,0,33,0,19,1871
Swampscott,-,1,784,506,33,15,0,0,0,0,0,11,0,20,1369
Swampscott,-,2,1008,413,63,22,0,0,0,0,0,35,0,25,1566
Swampscott,-,3,842,375,50,25,0,0,0,0,0,10,0,25,1327
Swampscott,-,4,1038,399,53,14,0,0,0,0,0,16,0,45,1565
Swampscott,-,5,890,436,67,20,0,0,0,0,0,29,0,30,1472
Swampscott,-,6,992,457,70,4,0,0,0,0,0,15,0,48,1586
Swansea,-,1,793,945,54,16,0,0,0,0,0,21,0,24,1853
Swansea,-,2,841,791,64,24,0,0,0,0,0,22,0,24,1766
Swansea,-,3,797,800,53,20,0,0,0,0,0,23,0,18,1711
Swansea,-,4,763,905,49,25,0,0,0,0,0,20,0,14,1776
Swansea,-,5,734,910,65,18,0,0,0,0,0,25,0,15,1767
Taunton,1,A,720,495,71,25,0,0,0,0,0,17,0,18,1346
Taunton,1,B,798,793,71,18,0,0,0,0,0,26,0,22,1728
Taunton,2,A,624,289,44,13,0,0,0,0,0,20,0,8,998
Taunton,2,B,699,431,48,19,0,0,0,0,0,19,0,17,1233
Taunton,3,A,785,521,47,22,0,0,0,0,0,19,0,26,1420
Taunton,3,B,929,737,80,29,0,0,0,0,0,28,0,21,1824
Taunton,4,A,736,833,84,33,0,0,0,0,0,36,0,31,1753
Taunton,4,B,777,652,72,22,0,0,0,0,0,35,0,20,1578
Taunton,5,A,705,458,60,30,0,0,0,0,0,11,0,15,1279
Taunton,5,B,694,393,46,25,0,0,0,0,0,23,0,25,1206
Taunton,6,A,582,414,42,13,0,0,0,0,0,17,0,6,1074
Taunton,6,B,860,584,62,18,0,0,0,0,0,22,0,17,1563
Taunton,7,A,876,733,68,26,0,0,0,0,0,27,0,37,1767
Taunton,7,B,817,922,93,25,0,0,0,0,0,38,0,24,1919
Taunton,8,A,856,836,72,18,0,0,0,0,0,26,0,33,1841
Taunton,8,B,907,882,82,26,0,0,0,0,0,24,0,30,1951
Templeton,-,A,550,768,105,16,0,0,0,0,0,27,0,24,1490
Templeton,-,B,502,708,96,25,0,0,0,0,0,24,0,11,1366
Templeton,-,C,469,592,71,18,0,0,0,0,0,29,0,23,1202
Tewksbury,-,1,911,971,89,26,0,0,0,0,0,41,0,25,2063
Tewksbury,-,1A,930,1117,101,22,0,0,0,0,0,51,0,31,2252
Tewksbury,-,2,894,1023,97,24,0,0,0,0,0,47,0,28,2113
Tewksbury,-,2A,784,983,84,32,0,0,0,0,0,32,0,26,1941
Tewksbury,-,3,1060,1171,109,20,0,0,0,0,0,39,0,32,2431
Tewksbury,-,3A,1072,1142,116,12,0,0,0,0,0,35,0,28,2405
Tewksbury,-,4,956,1029,121,19,0,0,0,0,0,44,0,32,2201
Tewksbury,-,4A,995,996,126,28,0,0,0,0,0,36,0,21,2202
Tisbury,-,1,1942,476,72,83,0,0,0,0,0,36,0,45,2654
Tolland,-,1,101,190,8,8,0,0,0,0,0,7,0,5,319
Topsfield,-,1,2100,1566,214,34,15,0,0,0,0,85,0,200,4214
Townsend,-,1,645,884,137,29,5,0,0,0,0,26,0,27,1753
Townsend,-,2,699,803,124,22,1,0,0,0,0,29,0,21,1699
Townsend,-,3,738,863,100,25,0,0,0,0,0,23,0,29,1778
Truro,-,1,1095,361,62,33,1,0,0,0,0,17,0,20,1589
Tyngsborough,-,1,700,791,87,14,0,0,0,0,0,22,0,22,1636
Tyngsborough,-,2,739,822,89,29,0,0,0,0,0,1,0,37,1717
Tyngsborough,-,3,777,765,95,28,0,0,0,0,0,27,0,25,1717
Tyngsborough,-,4,845,789,93,8,0,0,0,0,0,23,0,17,1775
Tyringham,-,1,201,70,13,0,0,0,0,0,0,9,0,6,299
Upton,-,1,1214,914,155,25,2,0,0,0,0,53,0,35,2398
Upton,-,2,1082,904,172,31,6,0,0,0,0,57,0,26,2278
Uxbridge,-,1,801,997,129,22,0,0,0,0,0,34,0,22,2005
Uxbridge,-,2,872,814,108,27,0,0,0,0,0,35,0,25,1881
Uxbridge,-,3,741,940,108,22,0,0,0,0,0,31,0,39,1881
Uxbridge,-,4,852,947,147,22,0,0,0,0,0,51,0,12,2031
Wakefield,-,1,1185,1082,104,27,1,0,0,0,0,51,0,43,2493
Wakefield,-,2,1032,764,90,24,0,0,0,0,0,50,0,34,1994
Wakefield,-,3,1123,869,92,19,0,0,0,0,0,52,0,35,2190
Wakefield,-,4,1297,870,89,20,0,0,0,0,0,54,0,29,2359
Wakefield,-,5,1262,860,80,28,0,0,0,0,0,62,0,39,2331
Wakefield,-,6,1279,788,112,24,0,0,0,0,0,47,0,38,2288
Wakefield,-,7,1116,827,110,18,0,0,0,0,0,48,0,44,2163
Wales,-,1,365,550,52,21,3,0,0,0,0,22,0,4,1017
Walpole,-,1,938,694,68,21,6,0,0,0,0,32,0,23,1782
Walpole,-,2,936,831,94,14,5,0,0,0,0,47,0,41,1968
Walpole,-,3,957,808,91,26,7,0,0,0,0,37,0,36,1962
Walpole,-,4,936,610,85,21,2,0,0,0,0,48,0,29,1731
Walpole,-,5,778,683,79,7,3,0,0,0,0,27,0,33,1610
Walpole,-,6,972,788,103,18,1,0,0,0,0,35,0,34,1951
Walpole,-,7,907,809,114,13,2,0,0,0,0,35,0,57,1937
Walpole,-,8,846,823,121,15,5,0,0,0,0,37,0,40,1887
Waltham,1,1,1113,599,75,22,0,0,0,0,0,33,0,20,1862
Waltham,1,2,1243,728,67,17,0,0,0,0,0,6,0,4,2065
Waltham,2,1,1206,567,74,14,0,0,0,0,0,43,0,3,1907
Waltham,2,2,963,329,58,24,0,0,0,0,0,13,0,5,1392
Waltham,3,1,1055,835,52,24,0,0,0,0,0,42,0,6,2014
Waltham,3,2,1120,624,62,27,0,0,0,0,0,24,0,9,1866
Waltham,4,1,1143,698,73,24,0,0,0,0,0,45,0,15,1998
Waltham,4,2,285,151,13,5,0,0,0,0,0,0,0,0,454
Waltham,5,1,1182,476,69,23,0,0,0,0,0,9,0,7,1766
Waltham,5,2,1013,317,32,25,3,0,0,0,0,8,0,2,1400
Waltham,6,1,1055,377,58,24,0,0,0,0,0,0,0,0,1514
Waltham,6,2,664,230,33,12,0,0,0,0,0,0,0,0,939
Waltham,7,1,1055,506,68,26,0,0,0,0,0,30,0,4,1689
Waltham,7,2,496,105,20,9,1,0,0,0,0,0,0,0,631
Waltham,8,1,1034,267,53,26,3,0,0,0,0,14,0,26,1423
Waltham,8,2,1042,341,66,24,7,0,0,0,0,2,0,40,1522
Waltham,9,1,853,199,43,17,2,0,0,0,0,4,0,0,1118
Waltham,9,2,833,243,46,27,0,0,0,0,0,15,0,5,1169
Ware,-,A,616,520,82,29,0,0,0,0,0,33,0,22,1302
Ware,-,B,541,733,67,24,0,0,0,0,0,20,0,39,1424
Ware,-,C,696,936,94,24,0,0,0,0,0,29,0,31,1810
Wareham,-,1,912,784,85,16,0,0,0,0,0,27,0,23,1847
Wareham,-,2,981,788,81,35,0,0,0,0,0,35,0,28,1948
Wareham,-,3,962,865,83,25,0,0,0,0,0,33,0,31,1999
Wareham,-,4,854,868,75,35,0,0,0,0,0,27,0,21,1880
Wareham,-,5,942,959,97,35,0,0,0,0,0,36,0,25,2094
Wareham,-,6,784,840,79,30,0,0,0,0,0,20,0,12,1765
Warren,-,A,653,948,101,28,0,0,0,0,0,20,0,21,1771
Warren,-,B,251,318,41,11,0,0,0,0,0,8,0,12,641
Warwick,-,1,271,142,25,19,0,0,0,0,0,0,0,17,474
Washington,-,1,217,89,9,5,0,0,0,0,0,6,0,1,327
Watertown,-,1,883,297,27,25,0,0,0,0,0,18,0,14,1264
Watertown,-,2,1058,306,47,29,0,0,0,0,0,39,0,12,1491
Watertown,-,3,1208,291,50,33,0,0,0,0,0,42,0,14,1638
Watertown,-,4,1345,264,54,21,0,0,0,0,0,40,0,13,1737
Watertown,-,5,1063,263,42,31,0,0,0,0,0,27,0,9,1435
Watertown,-,6,1035,293,50,28,0,0,0,0,0,27,0,22,1455
Watertown,-,7,1160,374,56,24,0,0,0,0,0,47,0,22,1683
Watertown,-,8,1168,379,63,25,0,0,0,0,0,34,0,19,1688
Watertown,-,9,999,270,57,28,0,0,0,0,0,42,0,14,1410
Watertown,-,10,1377,498,73,36,0,0,0,0,0,38,0,27,2049
Watertown,-,11,929,402,50,18,0,0,0,0,0,22,0,18,1439
Watertown,-,12,941,304,60,25,0,0,0,0,0,32,0,17,1379
Wayland,-,1,1626,418,92,19,1,0,0,0,0,48,0,29,2233
Wayland,-,2,1436,432,92,34,5,0,0,0,0,31,0,23,2053
Wayland,-,3,1471,382,77,22,0,0,0,0,0,44,0,34,2030
Wayland,-,4,1581,452,113,23,17,0,0,0,0,56,0,50,2292
Webster,-,1,586,593,66,31,0,0,0,0,0,29,0,19,1324
Webster,-,2,482,447,56,16,0,0,0,0,0,12,0,7,1020
Webster,-,3,553,638,85,13,0,0,0,0,0,22,0,20,1331
Webster,-,4,783,1141,107,16,0,0,0,0,0,23,0,26,2096
Webster,-,5,715,756,92,27,0,0,0,0,0,21,0,29,1640
Wellesley,-,A,1465,428,82,15,0,0,0,0,0,48,0,33,2071
Wellesley,-,B,1600,482,87,18,0,0,0,0,0,38,0,54,2279
Wellesley,-,C,1290,594,104,11,0,0,0,0,0,23,0,104,2126
Wellesley,-,D,1679,433,90,11,0,0,0,0,0,43,0,51,2307
Wellesley,-,E,1340,427,90,19,0,0,0,0,0,40,0,35,1951
Wellesley,-,F,903,256,90,13,0,0,0,0,0,40,0,32,1334
Wellesley,-,G,935,136,26,8,0,0,0,0,0,14,0,27,1146
Wellesley,-,H,1356,479,97,26,0,0,0,0,0,37,0,57,2052
Wellfleet,-,1,1554,515,73,73,0,0,0,0,0,19,0,48,2282
Wendell,-,1,402,104,21,48,0,0,0,0,0,9,0,7,591
Wenham,-,1,1368,774,192,24,15,0,0,0,0,53,0,52,2478
W. Boylston,-,1,932,771,98,17,0,0,0,0,0,35,0,33,1886
W. Boylston,-,2,1204,1067,135,39,0,0,0,0,0,64,0,27,2536
W. Bridgewater,-,1,799,1122,125,24,3,0,0,0,0,30,0,39,2142
W. Bridgewater,-,2,824,1028,102,27,7,0,0,0,0,33,0,48,2069
W. Brookfield,-,1,869,1008,111,40,0,0,0,0,0,44,0,25,2097
W. Newbury,-,1,1620,1020,188,26,9,0,0,0,0,69,0,56,2988
W. Springfield,-,1,458,246,36,29,0,0,0,0,0,9,0,8,786
W. Springfield,-,2,576,373,49,24,0,0,0,0,0,17,0,13,1052
W. Springfield,-,3,675,584,66,14,0,0,0,0,0,18,0,32,1389
W. Springfield,-,4,776,674,91,39,0,0,0,0,0,20,0,34,1634
W. Springfield,-,5,929,1044,95,41,6,0,0,0,0,30,0,40,2185
W. Springfield,-,6,858,993,96,19,1,0,0,0,0,24,0,25,2016
W. Springfield,-,7,807,1082,94,22,3,0,0,0,0,35,0,33,2076
W. Springfield,-,8,632,541,62,20,0,0,0,0,0,12,0,23,1290
W. Stockbridge,-,1,659,178,28,16,0,0,0,0,0,10,0,10,901
W. Tisbury,-,1,1688,329,70,49,0,0,0,0,0,35,0,21,2192
Westborough,-,1,852,399,69,16,0,0,0,0,0,27,0,38,1401
Westborough,-,2,974,437,64,25,0,0,0,0,0,24,0,41,1565
Westborough,-,3,1257,523,113,40,0,0,0,0,0,20,0,30,1983
Westborough,-,4,1517,676,109,30,0,0,0,0,0,29,0,54,2415
Westborough,-,5,1423,717,131,27,0,0,0,0,0,49,0,65,2412
Westfield,1,A,786,961,89,20,0,0,0,0,0,33,0,37,1926
Westfield,1,B,667,868,78,19,0,0,0,0,0,19,0,27,1678
Westfield,2,A,531,343,59,32,0,0,0,0,0,15,0,18,998
Westfield,2,B,655,616,84,38,0,0,0,0,0,17,0,36,1446
Westfield,3,A,512,351,73,29,0,0,0,0,0,29,0,23,1017
Westfield,3,B,700,681,107,35,0,0,0,0,0,30,0,32,1585
Westfield,4,A,595,442,60,19,0,0,0,0,0,16,0,17,1149
Westfield,4,B,893,1022,105,29,0,0,0,0,0,32,0,48,2129
Westfield,5,A,830,1035,106,41,0,0,0,0,0,38,0,38,2088
Westfield,5,B,753,1076,109,22,0,0,0,0,0,35,0,36,2031
Westfield,6,A,670,942,105,37,0,0,0,0,0,37,0,31,1822
Westfield,6,B,633,684,59,16,0,0,0,0,0,26,0,19,1437
Westford,-,1,1497,792,146,21,7,0,0,0,0,58,0,50,2571
Westford,-,2,1334,815,155,33,10,0,0,0,0,47,0,27,2421
Westford,-,3,1266,854,147,27,9,0,0,0,0,54,0,31,2388
Westford,-,4,1352,677,127,32,0,0,0,0,0,54,0,31,2273
Westford,-,5,1242,813,143,23,3,1,0,0,0,38,0,28,2291
Westford,-,6,1163,755,106,24,0,0,6,0,0,42,0,31,2127
Westhampton,-,1,629,408,46,27,4,0,0,0,0,8,0,14,1136
Westminster,-,1,964,1077,142,35,0,0,0,0,0,40,0,29,2287
Westminster,-,2,994,1088,134,33,8,1,0,0,0,40,0,38,2336
Weston,-,1,1210,377,99,11,0,0,0,0,0,46,0,30,1773
Weston,-,2,1110,418,83,20,0,0,0,0,0,37,0,29,1697
Weston,-,3,997,391,80,16,0,0,0,0,0,40,0,25,1549
Weston,-,4,1051,462,70,10,0,0,0,0,0,54,0,30,1677
Westport,-,A,795,829,42,15,5,0,0,0,0,17,0,36,1739
Westport,-,B,1006,935,72,14,1,0,0,0,0,16,0,46,2090
Westport,-,C,735,799,59,23,1,0,0,0,0,0,0,48,1665
Westport,-,D,800,752,60,15,0,0,0,0,0,5,0,35,1667
Westport,-,E,1047,970,73,31,0,0,0,0,0,0,0,61,2182
Westwood,-,1,1410,789,125,25,5,0,0,0,0,42,0,53,2449
Westwood,-,2,1400,809,122,18,7,0,0,0,0,43,0,44,2443
Westwood,-,3,1381,731,120,22,6,0,0,0,0,49,0,61,2370
Westwood,-,4,1128,889,93,28,1,0,0,0,0,44,0,49,2232
Weymouth,-,1,848,640,60,19,0,0,0,0,0,38,0,17,1622
Weymouth,-,2,931,747,68,19,10,0,0,0,0,42,0,35,1852
Weymouth,-,3,850,829,78,31,0,0,0,0,0,45,0,27,1860
Weymouth,-,4,837,695,75,18,1,0,0,0,0,24,0,19,1669
Weymouth,-,5,843,495,60,27,0,0,0,0,0,13,0,17,1455
Weymouth,-,6,960,692,68,20,5,0,0,0,0,32,0,20,1797
Weymouth,-,7,834,619,65,17,1,0,0,0,0,22,0,14,1572
Weymouth,-,8,870,618,67,25,1,0,0,0,0,30,0,12,1623
Weymouth,-,9,921,758,77,12,2,0,0,0,0,27,0,14,1811
Weymouth,-,10,684,493,39,13,0,0,0,0,0,20,0,20,1269
Weymouth,-,11,797,691,62,30,1,0,0,0,0,41,0,26,1648
Weymouth,-,12,869,733,61,21,0,0,0,0,0,41,0,24,1749
Weymouth,-,13,782,429,33,15,3,0,0,0,0,14,0,10,1286
Weymouth,-,14,776,533,30,13,3,0,0,0,0,22,0,13,1390
Weymouth,-,15,904,716,77,25,4,0,0,0,0,36,0,24,1786
Weymouth,-,16,917,858,77,22,5,0,0,0,0,34,0,27,1940
Weymouth,-,17,733,499,70,23,2,0,0,0,0,22,0,19,1368
Weymouth,-,18,1042,938,92,30,4,0,0,0,0,29,0,35,2170
Whately,-,1,582,328,55,30,1,0,0,0,0,16,0,18,1030
Whitman,-,1,940,939,131,26,9,0,0,0,0,43,0,31,2119
Whitman,-,2,766,938,97,21,4,0,0,0,0,36,0,30,1892
Whitman,-,3,838,1052,113,26,3,0,0,0,0,47,0,30,2109
Whitman,-,4,849,886,116,25,6,0,0,0,0,36,0,23,1941
Wilbraham,-,A,982,999,84,29,0,0,0,0,0,26,0,69,2189
Wilbraham,-,B,955,929,94,31,5,0,0,0,0,26,0,67,2107
Wilbraham,-,C,863,1029,86,15,4,0,0,0,0,21,0,63,2081
Wilbraham,-,D,944,1053,105,29,0,0,0,0,0,26,0,78,2235
Williamsburg,-,1,1207,347,69,58,0,0,0,0,0,19,0,14,1714
Williamstown,-,1,1162,224,31,19,1,0,0,0,0,19,0,16,1472
Williamstown,-,2,580,51,14,19,0,0,0,0,0,4,0,5,673
Williamstown,-,3,1174,203,38,21,5,0,0,0,0,25,0,12,1478
Wilmington,-,1,1000,980,103,17,0,0,0,0,0,48,0,27,2175
Wilmington,-,2,995,1010,86,16,0,0,0,0,0,56,0,52,2215
Wilmington,-,3,993,987,95,21,0,0,0,0,0,45,0,32,2173
Wilmington,-,4,1073,1093,117,26,0,0,0,0,0,46,0,32,2387
Wilmington,-,5,1078,1048,101,20,0,0,0,0,0,42,0,38,2327
Wilmington,-,6,1066,1049,110,25,0,0,0,0,0,36,0,32,2318
Winchendon,-,1,398,602,71,21,5,0,0,0,0,28,0,10,1135
Winchendon,-,1A,166,156,18,8,0,0,0,0,0,7,0,2,357
Winchendon,-,2,618,786,109,31,4,0,0,0,0,10,0,22,1580
Winchendon,-,3,607,768,94,31,3,0,0,0,0,22,0,21,1546
Winchester,-,1,1066,459,57,16,5,0,0,0,0,26,0,22,1651
Winchester,-,2,938,399,55,30,4,0,0,0,0,20,0,18,1464
Winchester,-,3,1245,341,87,15,0,0,0,0,0,38,0,27,1753
Winchester,-,4,1131,477,87,10,4,0,0,0,0,43,0,26,1778
Winchester,-,5,924,584,70,15,4,0,0,0,0,32,0,30,1659
Winchester,-,6,935,553,79,14,2,0,0,0,0,36,0,33,1652
Winchester,-,7,1069,484,104,12,2,0,0,0,0,52,0,37,1760
Winchester,-,8,754,404,45,16,1,0,0,0,0,30,0,21,1271
Windsor,-,1,313,159,36,11,0,0,0,0,0,0,0,17,536
Winthrop,-,1,860,754,57,12,0,0,0,0,0,24,0,20,1727
Winthrop,-,2,803,665,64,23,0,0,0,0,0,31,0,13,1599
Winthrop,-,3,924,610,55,28,0,0,0,0,0,19,0,15,1651
Winthrop,-,4,806,524,28,13,0,0,0,0,0,17,0,19,1407
Winthrop,-,5,884,706,57,22,0,0,0,0,0,29,0,20,1718
Winthrop,-,6,917,593,57,32,0,0,0,0,0,12,0,14,1625
Woburn,1,1,762,429,52,11,0,0,0,0,0,3,0,30,1287
Woburn,1,2,819,591,55,17,2,0,0,0,0,21,0,24,1529
Woburn,2,1,790,546,49,16,0,0,0,0,0,11,0,27,1439
Woburn,2,2,703,353,52,20,2,0,0,0,0,12,0,18,1160
Woburn,3,1,682,585,71,12,2,0,0,0,0,19,0,24,1395
Woburn,3,2,864,765,69,9,2,0,0,0,0,5,0,47,1761
Woburn,4,1,837,768,57,20,0,0,0,0,0,8,0,46,1736
Woburn,4,2,791,512,44,16,2,0,0,0,0,8,0,33,1406
Woburn,5,1,979,535,67,22,3,0,0,0,0,14,0,25,1645
Woburn,5,2,814,707,56,14,1,0,0,0,0,17,0,42,1651
Woburn,6,1,565,313,43,13,1,0,0,0,0,12,0,22,969
Woburn,6,2,728,674,51,13,3,0,0,0,0,13,0,22,1504
Woburn,7,1,844,846,71,14,1,0,0,0,0,24,0,31,1831
Woburn,7,2,737,718,54,14,3,0,0,0,0,13,0,38,1577
Worcester,1,1,1300,688,84,38,0,0,0,0,0,30,0,38,2178
Worcester,1,2,1260,735,93,28,0,0,0,0,0,30,0,35,2181
Worcester,1,3,724,416,57,12,0,0,0,0,0,23,0,19,1251
Worcester,1,4,1352,558,74,44,0,0,0,0,0,43,0,30,2101
Worcester,1,5,1054,643,89,24,0,0,0,0,0,27,0,32,1869
Worcester,2,1,1124,549,83,31,0,0,0,0,0,33,0,33,1853
Worcester,2,2,1138,589,107,28,0,0,0,0,0,32,0,22,1916
Worcester,2,3,1043,542,87,23,0,0,0,0,0,27,0,21,1743
Worcester,2,4,1126,269,53,13,0,0,0,0,0,15,0,16,1492
Worcester,2,5,734,95,12,11,0,0,0,0,0,10,0,7,869
Worcester,3,1,902,345,48,30,0,0,0,0,0,32,0,15,1372
Worcester,3,2,397,103,30,17,0,0,0,0,0,9,0,5,561
Worcester,3,3,826,337,45,28,0,0,0,0,0,19,0,10,1265
Worcester,3,4,730,182,26,20,0,0,0,0,0,9,0,6,973
Worcester,3,5,894,363,38,14,0,0,0,0,0,22,0,20,1351
Worcester,4,1,687,161,12,24,0,0,0,0,0,16,0,9,909
Worcester,4,2,726,377,58,11,0,0,0,0,0,22,0,14,1208
Worcester,4,3,716,123,25,11,0,0,0,0,0,10,0,9,894
Worcester,4,4,721,429,40,38,0,0,0,0,0,25,0,17,1270
Worcester,4,5,930,446,71,25,0,0,0,0,0,10,0,26,1508
Worcester,5,1,750,239,29,11,0,0,0,0,0,12,0,15,1056
Worcester,5,2,951,517,53,17,0,0,0,0,0,19,0,28,1585
Worcester,5,3,1066,717,80,32,0,0,0,0,0,31,0,28,1954
Worcester,5,4,963,541,65,20,0,0,0,0,0,26,0,27,1642
Worcester,5,5,913,609,62,19,0,0,0,0,0,25,0,24,1652
Worcester,6,1,628,120,20,19,0,0,0,0,0,14,0,12,813
Worcester,6,2,825,229,28,20,0,0,0,0,0,16,0,17,1135
Worcester,6,3,773,285,48,33,0,0,0,0,0,19,0,17,1175
Worcester,6,4,366,165,24,14,0,0,0,0,0,10,0,11,590
Worcester,6,5,874,450,44,22,0,0,0,0,0,13,0,19,1422
Worcester,7,1,1055,387,67,25,0,0,0,0,0,17,0,19,1570
Worcester,7,2,752,272,43,27,0,0,0,0,0,19,0,17,1130
Worcester,7,3,1011,457,47,22,0,0,0,0,0,21,0,17,1575
Worcester,7,4,893,460,56,26,0,0,0,0,0,24,0,10,1469
Worcester,7,5,890,557,78,28,0,0,0,0,0,22,0,30,1605
Worcester,8,1,571,156,16,18,0,0,0,0,0,9,0,10,780
Worcester,8,2,627,115,10,14,0,0,0,0,0,7,0,6,779
Worcester,8,3,575,63,22,41,0,0,0,0,0,9,0,8,718
Worcester,8,4,796,169,22,28,0,0,0,0,0,12,0,19,1046
Worcester,8,5,603,226,36,14,0,0,0,0,0,16,0,10,905
Worcester,9,1,1038,365,66,42,0,0,0,0,0,37,0,20,1568
Worcester,9,2,1259,466,66,33,0,0,0,0,0,40,0,23,1887
Worcester,9,3,808,407,55,37,0,0,0,0,0,23,0,17,1347
Worcester,9,4,1155,603,76,27,0,0,0,0,0,19,0,39,1919
Worcester,9,5,1149,600,72,26,0,0,0,0,0,41,0,28,1916
Worcester,10,1,651,180,21,22,0,0,0,0,0,9,0,13,896
Worcester,10,2,676,124,27,21,0,0,0,0,0,15,0,12,875
Worcester,10,3,777,89,20,17,0,0,0,0,0,6,0,17,926
Worcester,10,4,612,101,11,19,0,0,0,0,0,6,0,4,753
Worcester,10,5,693,113,14,8,0,0,0,0,0,14,0,9,851
Worthington,-,1,430,229,41,46,0,0,0,0,0,12,0,5,763
Wrentham,-,1,950,1011,139,23,9,0,0,0,0,58,0,33,2223
Wrentham,-,2,1016,1062,131,24,8,0,0,0,0,80,0,23,2344
Wrentham,-,3,1086,920,120,32,7,0,0,0,0,43,0,29,2237
Yarmouth,-,1,1204,854,80,33,0,0,0,0,0,18,0,51,2240
Yarmouth,-,2,1155,912,97,24,0,0,0,0,0,25,0,45,2258
Yarmouth,-,3,904,663,63,18,0,0,0,0,0,17,0,14,1679
Yarmouth,-,4,1002,860,79,31,0,0,0,0,0,39,0,27,2038
Yarmouth,-,5,881,797,61,26,0,0,0,0,0,32,0,8,1805
Yarmouth,-,6,907,753,65,30,0,0,0,0,0,24,0,25,1804
Yarmouth,-,7,1251,1009,92,28,0,0,0,0,0,22,0,61,2463
