city_town,ward,precinct,State_Rep,State_Senate,Gov_Council,US_House,Biden_20,Trump_20,Clinton_16,Trump_16,Harris_24,Trump_24
Abington,-,1,Seventh Plymouth,Norfolk and Plymouth,Fourth,8,1037,764,818,717,1019,905
Abington,-,2,Seventh Plymouth,Norfolk and Plymouth,Fourth,8,944.6119235095612,824.5674915635545,727.1543869516311,772.4170416197975,833,882
Abington,-,3,Seventh Plymouth,Norfolk and Plymouth,Fourth,8,1020.755133346626,903.0044147909604,825.1758806068974,860.9592125608045,872,985
Abington,-,4,Seventh Plymouth,Norfolk and Plymouth,Fourth,8,1065.6329431438128,862.428093645485,836.6697324414715,837.623745819398,978,954
Abington,-,5,Seventh Plymouth,Norfolk and Plymouth,Fourth,8,1141,882,908,829,1012,913
Acton,-,1,Fourteenth Middlesex,Middlesex and Worcester,Third,3,1330.8850037148968,335.1951228932847,1100.6254603250702,331.28414495970134,1051,359
Acton,-,2,Fourteenth Middlesex,Middlesex and Worcester,Third,3,1626.4889341134572,375.1472907657085,1318.5448995166623,408.3235817858051,1504,397
Acton,-,3,Thirty-Seventh Middlesex,Middlesex and Worcester,Third,3,1834,388,1580,435,1744,388
Acton,-,4,Thirty-Seventh Middlesex,Middlesex and Worcester,Third,3,1738.1870681145117,352.5528134254689,1419.5335636722607,350.857847976308,1583,377
Acton,-,5,Thirty-Seventh Middlesex,Middlesex and Worcester,Third,3,1715.2379318854887,356.20432943167395,1423.537864899168,349.24572345226346,1561,354
Acton,-,6,Fourteenth Middlesex,Middlesex and Worcester,Third,3,1033.468393759843,231.7183845247909,851.0911073124475,238.76704589516837,1097,220
Acton,-,6A,Thirty-Seventh Middlesex,Middlesex and Worcester,Third,3,460.4205311345072,103.2328635502774,379.16962147921595,106.3731128617533,467,90
Acton,-,7,Fourteenth Middlesex,Middlesex and Worcester,Third,3,1366.312137277296,328.94919540879573,1125.4974827951753,335.14854306900054,1170,351
Acushnet,-,1,Tenth Bristol,Second Bristol and Plymouth,First,9,864.2946679292775,1016.6208994871668,787.4536347201554,877.9102578923419,745,1148
Acushnet,-,2,Eighth Bristol,Second Bristol and Plymouth,First,9,780.0150799058408,957.2453830810708,664.2289690358265,840.3256610985044,670,1201
Acushnet,-,2A,Tenth Bristol,Second Bristol and Plymouth,First,9,99.48665618391928,122.09141177338086,84.71877117791553,107.1789408716604,92,138
Acushnet,-,3,Eighth Bristol,Second Bristol and Plymouth,First,9,917,1190,862,1005,804,1321
Adams,-,1,First Berkshire,"Berkshire, Hampden, Franklin & Hampshire",Eighth,1,523.7103620474406,251.4207240948814,436.2596754057428,253.40823970037457,463,277
Adams,-,2,First Berkshire,"Berkshire, Hampden, Franklin & Hampshire",Eighth,1,591.8232502965599,300.6085409252669,490.08659549228946,277.94780545670227,539,357
Adams,-,3,First Berkshire,"Berkshire, Hampden, Franklin & Hampshire",Eighth,1,583.1767497034401,314.39145907473306,460.91340450771054,260.05219454329773,529,362
Adams,-,4,First Berkshire,"Berkshire, Hampden, Franklin & Hampshire",Eighth,1,512,269,446,233,475,303
Adams,-,5,First Berkshire,"Berkshire, Hampden, Franklin & Hampshire",Eighth,1,683.2896379525592,292.5792759051186,579.7403245942572,260.5917602996255,597,360
Agawam,-,1,Sixth Hampden,Hampden and Hampshire,Eighth,1,825,922,631,827,746,949
Agawam,-,2,Third Hampden,Hampden and Hampshire,Eighth,1,1034.542905471655,1115.1234479102511,844.2617828423207,1058.64131537378,929,1190
Agawam,-,3,Third Hampden,Hampden and Hampshire,Eighth,1,954.2372442372442,971.977466977467,718.9458689458689,859.933954933955,807,1039
Agawam,-,4,Third Hampden,Hampden and Hampshire,Eighth,1,857.2975338106603,844.8289578361178,707.0779634049323,732.204189870061,796,807
Agawam,-,5,Third Hampden,Hampden and Hampshire,Eighth,1,1121.7024661893397,1065.1710421638822,853.9220365950677,989.795810129939,989,1114
Agawam,-,6,Third Hampden,Hampden and Hampshire,Eighth,1,902.439391650453,923.468957835604,757.9541343866005,854.9919497302059,858,1051
Agawam,-,7,Third Hampden,Hampden and Hampshire,Eighth,1,1042.4412709348298,1213.7520262887522,860.0207055924985,1122.3831092705111,907,1174
Agawam,-,8,Third Hampden,Hampden and Hampshire,Eighth,1,1056.3391877058175,1016.6781009879254,834.8175082327114,976.0496706915478,910,1050
Alford,-,1,Third Berkshire,"Berkshire, Hampden, Franklin & Hampshire",Eighth,1,271,50,226,52,252,58
Amesbury,-,1,Fourteenth Essex,Second Essex and Middlesex,Fifth,6,1234.4852379298368,656.6050712052796,949.6748871135812,633.1563042723168,1324,710
Amesbury,-,2,First Essex,Second Essex and Middlesex,Fifth,6,1165,502,901,503,1130,528
Amesbury,-,3,First Essex,Second Essex and Middlesex,Fifth,6,1236.4930555555557,533.6736111111111,999.1319444444443,522.4027777777778,1205,540
Amesbury,-,4,First Essex,Second Essex and Middlesex,Fifth,6,969.3427701921688,488.3133849877185,791.2988097818235,500.638509608438,856,533
Amesbury,-,5,First Essex,Second Essex and Middlesex,Fifth,6,1127.1641742522756,707.0130039011704,719.5692457737321,651.9587126137841,1096,729
Amesbury,-,6,Fourteenth Essex,Second Essex and Middlesex,Fifth,6,1053.5147620701632,438.3949287947204,813.3251128864189,419.8436957276832,956,460
Amherst,-,1A,Third Hampshire,"Hampshire, Franklin and Worcester",Eighth,2,965.0466795543924,67.63702887540009,990.618794467294,104.08975995948056,871,102
Amherst,-,1B,Third Hampshire,"Hampshire, Franklin and Worcester",Eighth,2,550.2640274727387,49.411392459515056,940.7042928036232,125.57667230187964,478,49
Amherst,-,2A,Third Hampshire,"Hampshire, Franklin and Worcester",Eighth,2,1128.309405983888,103.4205262900576,1306.6820578732006,128.01344190003647,552,62
Amherst,-,2B,Third Hampshire,"Hampshire, Franklin and Worcester",Eighth,2,1618.1938797741452,138.36909794297955,1534.674314175225,142.57582804301646,1502,171
Amherst,-,3A,Third Hampshire,"Hampshire, Franklin and Worcester",Eighth,2,571.1497754347123,40.66831777746288,1039.239787704974,171.43548454651665,511,63
Amherst,-,3B,Third Hampshire,"Hampshire, Franklin and Worcester",Eighth,2,1534.8520310037431,148.7143850965327,1438.6699172576832,131.13827509357762,1397,165
Amherst,-,4A,Third Hampshire,"Hampshire, Franklin and Worcester",Eighth,2,843.311294009738,54.65575190605633,1169.564193376641,88.47237303354203,751,55
Amherst,-,4B,Third Hampshire,"Hampshire, Franklin and Worcester",Eighth,2,392.2001176483756,23.874057002126793,900.1667413891884,116.20350613699624,473,28
Amherst,-,5A,Third Hampshire,"Hampshire, Franklin and Worcester",Eighth,2,1048.9897985003208,92.03825825370645,1113.4403411327576,91.01303687716648,610,42
Amherst,-,5B,Third Hampshire,"Hampshire, Franklin and Worcester",Eighth,2,2065.682990617946,154.21118439616254,1923.239559819413,149.4816221077878,2171,152
Andover,-,1,Eighteenth Essex,Second Essex and Middlesex,Fifth,6,1098.8756080611536,384.8485059068798,888.2981236970119,349.3488533703961,1049,343
Andover,-,10,Eighteenth Essex,Second Essex and Middlesex,Fifth,6,1453.1124273411904,686.9771396699468,1110.4063643768611,702.123207064124,1417,687
Andover,-,2,Seventeenth Essex,Second Essex and Middlesex,Fifth,6,1473.269169288823,721.8625419024256,1127.3590637239388,740.4155390219172,1354,664
Andover,-,3,Seventeenth Essex,Second Essex and Middlesex,Fifth,6,1708.456975534096,689.2452857537892,1467.9558471716173,678.2158618352901,1565,661
Andover,-,4,Seventeenth Essex,Second Essex and Middlesex,Fifth,6,727.5251276542294,370.8916520187062,537.1762782390794,374.5903196446091,749,465
Andover,-,4A,Eighteenth Essex,Second Essex and Middlesex,Fifth,6,620.5138952601822,316.3374225377842,458.1633433421669,319.49205537255904,421,247
Andover,-,5,Eighteenth Essex,Second Essex and Middlesex,Fifth,6,1434.8831734960766,757.4810374891019,1027.134481255449,619.3857890148213,1291,788
Andover,-,6,Eighteenth Essex,Second Essex and Middlesex,Fifth,6,1438.6161799457486,728.5835427401687,1057.8374171803823,716.5499204261456,1171,751
Andover,-,7,Eighteenth Essex,Second Essex and Middlesex,Fifth,6,1210.5644526122342,573.8829088999737,946.81018640063,529.4407981097401,1371,722
Andover,-,8,Eighteenth Essex,Second Essex and Middlesex,Fifth,6,1633.8651841556637,689.1598332175122,1303.7588603196664,695.1304146397962,1490,709
Andover,-,9,Eighteenth Essex,Second Essex and Middlesex,Fifth,6,1351.3178066506025,619.7301298637115,1035.1000342931968,627.3072415006013,1237,653
Aquinnah,-,1,"Barnstable, Dukes and Nantucket",Cape and Islands,First,9,311,34,232,34,304,37
Arlington,-,1,Twenty-Third Middlesex,Fourth Middlesex,Third,5,885,154,802,173,756,186
Arlington,-,10,Twenty-Fourth Middlesex,Fourth Middlesex,Third,5,1234.6239395729383,173.5432331063309,1121.56437611429,174.8597228930156,1242,133
Arlington,-,11,Twenty-Third Middlesex,Fourth Middlesex,Third,5,1182.0573932180828,325.43194638376394,1004.8515157750254,359.77753053700354,1149,283
Arlington,-,12,Twenty-Fourth Middlesex,Fourth Middlesex,Third,5,1300,223,1122,229,1255,214
Arlington,-,13,Twenty-Third Middlesex,Fourth Middlesex,Third,5,1051.0288913074585,316.96080182809175,889.157980773817,319.42883840727075,1028,348
Arlington,-,14,Twenty-Third Middlesex,Fourth Middlesex,Third,5,1116,189,930,201,1029,160
Arlington,-,15,Twenty-Third Middlesex,Fourth Middlesex,Third,5,1111.84005701245,245.04703163832008,938.2533684565084,264.0924997302403,1011,208
Arlington,-,16,Twenty-Third Middlesex,Fourth Middlesex,Third,5,1120.864768683274,213.3790035587189,956.387900355872,209.9199288256228,1094,208
Arlington,-,17,Twenty-Third Middlesex,Fourth Middlesex,Third,5,999.8291311013418,175.34272409607422,856.1358094593758,184.26147808956037,947,202
Arlington,-,18,Twenty-Third Middlesex,Fourth Middlesex,Third,5,1078.6476868327402,295.66503558718864,922.6290035587188,311.07428825622776,1027,295
Arlington,-,19,Twenty-Third Middlesex,Fourth Middlesex,Third,5,1145,233,1003,268,1095,223
Arlington,-,2,Twenty-Fourth Middlesex,Fourth Middlesex,Third,5,1182.2528735632184,213.51724137931035,1016.183908045977,229.33333333333337,1131,188
Arlington,-,20,Twenty-Third Middlesex,Fourth Middlesex,Third,5,1100,196,1014,225,1043,201
Arlington,-,21,Twenty-Third Middlesex,Fourth Middlesex,Third,5,1106.7126725219573,150.1279799247177,961.396486825596,153.0150564617315,1140,164
Arlington,-,3,Twenty-Third Middlesex,Fourth Middlesex,Third,5,1223,137,1049,169,1118,140
Arlington,-,4,Twenty-Fourth Middlesex,Fourth Middlesex,Third,5,1112,169,1022,195,1006,172
Arlington,-,5,Twenty-Third Middlesex,Fourth Middlesex,Third,5,1149.041162443686,225.70249570290417,958.0121039571496,240.09159805933683,1148,193
Arlington,-,6,Twenty-Fourth Middlesex,Fourth Middlesex,Third,5,1084,173,946,178,1055,135
Arlington,-,7,Twenty-Third Middlesex,Fourth Middlesex,Third,5,1124.5566258646138,184.66507324324257,971.6468765429848,195.42786987598848,1045,182
Arlington,-,8,Twenty-Fourth Middlesex,Fourth Middlesex,Third,5,1292.3760604270617,178.4567668936691,1176.43562388571,170.1402771069844,1193,190
Arlington,-,9,Twenty-Third Middlesex,Fourth Middlesex,Third,5,1054.9340665304096,205.7219471828856,863.5458582095428,198.90512883886825,887,194
Ashburnham,-,1,Second Worcester,"Hampshire, Franklin and Worcester",Eighth,3,1003.2668250197942,823.8649247822644,711.1827395091053,752.2030087094221,947,936
Ashburnham,-,2,Second Worcester,"Hampshire, Franklin and Worcester",Eighth,3,1026.7331749802058,843.1350752177356,727.8172604908948,769.796991290578,1018,859
Ashby,-,1,First Middlesex,Worcester and Middlesex,Seventh,3,956,1008,722,974,936,1009
Ashfield,-,1,First Franklin,"Berkshire, Hampden, Franklin & Hampshire",Eighth,2,993,180,836,184,919,235
Ashland,-,1,Seventh Middlesex,Middlesex and Norfolk,Second,2,1246.37341648374,506.9534408578879,993.0356415390792,474.4280568213099,975,476
Ashland,-,2,Seventh Middlesex,Middlesex and Norfolk,Second,2,1241.9978827705436,492.8554500332036,970.484213247596,480.4988419485145,1359,565
Ashland,-,3,Seventh Middlesex,Middlesex and Norfolk,Second,2,1067.0211995863497,460.8474663908997,885.1690796277146,439.08738366080667,1004,436
Ashland,-,4,Seventh Middlesex,Middlesex and Norfolk,Second,2,1133.8835049293723,478.90332521273734,949.494556935077,476.1235940855398,985,480
Ashland,-,5,Seventh Middlesex,Middlesex and Norfolk,Second,2,1262.6909232263165,486.9226640083676,919.9233156984592,435.1469533933469,1086,458
Ashland,-,6,Seventh Middlesex,Middlesex and Norfolk,Second,2,1356.033073003678,509.5176534969038,965.8931929520738,462.7151700904823,1180,506
Athol,-,1,Second Franklin,"Hampshire, Franklin and Worcester",Eighth,2,951.5894245833928,911.5966661240768,731.8850194315015,858.1476254908744,946,1066
Athol,-,2,Second Franklin,"Hampshire, Franklin and Worcester",Eighth,2,816.3378026275026,883.7482582777459,613.8885419495314,772.4330147484285,792,1010
Athol,-,3,Second Franklin,"Hampshire, Franklin and Worcester",Eighth,2,937.0727727891048,783.6550755981773,730.2264386189671,704.4193597606971,864,876
Attleboro,1,A,Second Bristol,Bristol and Norfolk,Second,4,1046.2672218016653,830.303810244764,790.288670199344,789.4991168306839,973,903
Attleboro,1,B,Second Bristol,Bristol and Norfolk,Second,4,1032.4295886978791,775.10477821448,755.0174849911365,725.1486261858204,923,862
Attleboro,2,A,Second Bristol,Bristol and Norfolk,Second,4,1144.6175155722894,802.0142106038734,878.3033719500258,756.8489240033925,1178,918
Attleboro,2,B,Second Bristol,Bristol and Norfolk,Second,4,1126.854392054595,830.6422936654627,844.6129161720562,768.1497736156156,989,902
Attleboro,3,A,Second Bristol,Bristol and Norfolk,Second,4,1209.6344810980015,713.8360221526608,884.4741150975199,616.1931134119914,1078,738
Attleboro,3,B,Fourteenth Bristol,Bristol and Norfolk,Second,4,1242,758,949,694,1167,824
Attleboro,4,A,Second Bristol,Bristol and Norfolk,Second,4,1130.707899608845,604.263526664272,884.1389214412378,553.1303618186499,1005,651
Attleboro,4,B,Second Bristol,Bristol and Norfolk,Second,4,1377.508281440681,1049.2511056444002,1018.7116539639152,962.4403825890628,1324,1102
Attleboro,5,A,Second Bristol,Bristol and Norfolk,Second,4,912.0971992550692,488.08164741510745,771.026810735436,451.47611692648906,837,482
Attleboro,5,B,Second Bristol,Bristol and Norfolk,Second,4,1172.4097621047656,757.7163438516607,938.3671292561352,691.256635192016,1072,840
Attleboro,6,A,Second Bristol,Bristol and Norfolk,Second,4,1058.4821599602576,806.912457079982,826.7719973940439,766.2081715304233,990,892
Attleboro,6,B,Second Bristol,Bristol and Norfolk,Second,4,1207.991498405951,855.8738044633369,977.2869287991498,796.6487778958555,1139,893
Auburn,-,1,Seventh Worcester,Second Worcester,Seventh,2,1107.757168460061,865.7480746299562,883.0808448350957,794.890597710834,1081,837
Auburn,-,2,Seventh Worcester,Second Worcester,Seventh,2,1103.928131129168,866.0026618100308,912.5425189128608,782.2968268422527,1022,930
Auburn,-,3,Seventh Worcester,Second Worcester,Seventh,2,1231.835854795753,957.5891346723694,1016.2040388858344,882.6646348473056,1094,988
Auburn,-,4,Seventh Worcester,Second Worcester,Seventh,2,1160.478845615018,766.6601288876436,879.1725973662091,788.1479405996078,1081,867
Auburn,-,5,Seventh Worcester,Second Worcester,Seventh,2,1016,850,805,752,928,890
Avon,-,1,Sixth Norfolk,Second Plymouth & Norfolk,Second,8,1601,1030,1254,1068,1375,1125
Ayer,-,1,Thirty-Seventh Middlesex,Middlesex and Worcester,Third,3,961.7503748125936,497.863568215892,747.4887556221889,505.49100449775113,914,546
Ayer,-,2,Thirty-Seventh Middlesex,Middlesex and Worcester,Third,3,989.0203885102344,520.3383916708163,717.862173894067,501.0949956114192,1075,609
Ayer,-,3,Thirty-Seventh Middlesex,Middlesex and Worcester,Third,3,981.2292366771716,518.7980401132916,696.649070483744,491.4139998908296,881,483
Barnstable,-,1,Second Barnstable,Cape and Islands,First,9,1527.5847520355292,924.8519615099924,1153.1324944485566,915.8290155440416,1622,942
Barnstable,-,10,Fifth Barnstable,Cape and Islands,First,9,1231.3105485232068,1011.4793248945148,953.6962025316456,954.2556962025316,1074,1033
Barnstable,-,11,Fifth Barnstable,Cape and Islands,First,9,1339.050439217909,1085.1425332955512,1085.1425332955512,1062.937659393596,1265,1156
Barnstable,-,12,Fifth Barnstable,Cape and Islands,First,9,1415.6390122588846,1094.378141809934,1063.1612641728034,1044.8066444038725,1274,1105
Barnstable,-,13,Second Barnstable,Cape and Islands,First,9,973.6270682837996,550.4703689691528,818.5593623613906,569.9382420832374,887,607
Barnstable,-,2,Second Barnstable,Cape and Islands,First,9,1368.123306758186,999.0329852715583,1043.5279211621885,949.5161441113056,1297,1029
Barnstable,-,3,Second Barnstable,Cape and Islands,First,9,1139.6163281574386,681.3111129871706,938.614308913127,662.9061926062782,990,780
Barnstable,-,4,Second Barnstable,Cape and Islands,First,9,1365.2068278987456,849.8325338480188,1053.981492123467,907.1465339107094,1250,862
Barnstable,-,5,Second Barnstable,Cape and Islands,First,9,1450.743684201246,1174.3592103765657,1121.353144871132,1177.6082749034367,1389,1211
Barnstable,-,6,Second Barnstable,Cape and Islands,First,9,1391.2407501267105,1094.7389761784086,1088.9432336543334,1057.7830714647744,1283,1109
Barnstable,-,7,Second Barnstable,Cape and Islands,First,9,1604.9442651804047,1011.191551774714,1259.692871809915,1002.1768847169258,1536,1063
Barnstable,-,8,Second Barnstable,Cape and Islands,First,9,1030.821888520618,617.0735180836932,872.7852117484688,586.2701632602095,852,681
Barnstable,-,9,Second Barnstable,Cape and Islands,First,9,653.0911288373217,342.13778100072517,552.4099589074208,303.8254773990815,508,341
Barre,-,1,Fifth Worcester,Worcester & Hampshire,Seventh,2,853,723,639,712,760,767
Barre,-,2,Fifth Worcester,Worcester & Hampshire,Seventh,2,682,800,562,717,648,858
Becket,-,1,Third Berkshire,"Berkshire, Hampden, Franklin & Hampshire",Eighth,1,757,413,571,368,743,448
Bedford,-,1,Twenty-First Middlesex,Third Middlesex,Third,6,1782,535,1419,548,1610,523
Bedford,-,2,Twenty-First Middlesex,Third Middlesex,Third,6,1095.2543926661574,487.8655462184874,875.7524828113062,487.11382734912144,941,452
Bedford,-,2A,Twenty-First Middlesex,Third Middlesex,Third,5,258.23071046600455,115.02521008403362,206.47822765469823,114.8479755538579,271,141
Bedford,-,3,Twenty-First Middlesex,Third Middlesex,Third,6,1734.7628991509432,522.08783958789,1392.8979995796574,532.4674208413129,1578,557
Bedford,-,4,Twenty-First Middlesex,Third Middlesex,Third,6,1583.5151334291736,521.1523397656722,1192.2466762988167,529.8014590317684,1474,519
Belchertown,-,A,Seventh Hampden,"Hampden, Hampshire & Worcester",Eighth,1,1519,771,1103,698,1477,834
Belchertown,-,B,Seventh Hampden,"Hampden, Hampshire & Worcester",Eighth,1,1351,996,977,894,1361,1175
Belchertown,-,C,Seventh Hampden,"Hampden, Hampshire & Worcester",Eighth,1,1405,1028,1048,955,1361,1026
Belchertown,-,D,Seventh Hampden,"Hampden, Hampshire & Worcester",Eighth,1,1618,686,1280,606,1404,685
Bellingham,-,1,Eighth Worcester,"Norfolk, Worcester & Middlesex",Second,4,1039,800,797,786,912,876
Bellingham,-,2,Eighth Worcester,"Norfolk, Worcester & Middlesex",Second,4,1118,967,846,834,1034,1002
Bellingham,-,3,Eighth Worcester,"Norfolk, Worcester & Middlesex",Second,4,1210.8818393480792,896.4318975552968,893.4371362048894,789.6187427240977,1156,1017
Bellingham,-,4,Eighth Worcester,"Norfolk, Worcester & Middlesex",Second,4,809.3096234309623,750.8008368200836,698.1933054393305,724.4351464435147,904,931
Bellingham,-,5,Eighth Worcester,"Norfolk, Worcester & Middlesex",Second,4,885.6903765690377,854.1991631799162,692.8066945606695,831.5648535564853,888,1043
Belmont,-,1,Twenty-Fourth Middlesex,Suffolk and Middlesex,Third,5,1619.1886409736308,375.81389278071697,1363.4950004530783,389.4515493541889,1379,310
Belmont,-,2,Twenty-Fourth Middlesex,Suffolk and Middlesex,Third,5,1645.615333530639,466.6239797858032,1297.4300196824342,522.2356679756208,1506,509
Belmont,-,3,Twenty-Fourth Middlesex,Suffolk and Middlesex,Third,5,1436,366,1317,366,1357,329
Belmont,-,4,Twenty-Fourth Middlesex,Suffolk and Middlesex,Third,5,1266,330,1132,322,1144,336
Belmont,-,5,Twenty-Fourth Middlesex,Suffolk and Middlesex,Third,5,1444,349,1275,350,1362,338
Belmont,-,6,Twenty-Fourth Middlesex,Suffolk and Middlesex,Third,5,1762,361.4896907216495,1555.6726804123712,387.4909793814433,1680,356
Belmont,-,7,Twenty-Fourth Middlesex,Suffolk and Middlesex,Third,5,1588,316,1339,345,1411,315
Belmont,-,8,Twenty-Fourth Middlesex,Suffolk and Middlesex,Third,5,1241.683569979716,392.0283975659229,975.3853955375253,424.8275862068965,1157,374
Berkley,-,1,Twelfth Bristol,Third Bristol & Plymouth,First,4,958.0797081111424,1155.1872017962392,777.6429974740387,983.5761998316024,888,1323
Berkley,-,2,Twelfth Bristol,Third Bristol & Plymouth,First,4,805.9202918888577,1095.8127982037608,677.3570025259613,942.4238001683974,724,1226
Berlin,-,1,Twelfth Worcester,First Worcester,Seventh,3,1375,816,1009,745,1385,941
Bernardston,-,1,First Franklin,"Hampshire, Franklin and Worcester",Eighth,2,916,423,711,382,878,491
Beverly,1,1,Sixth Essex,Second Essex,Fifth,6,1323.4619079950885,654.1850732602376,1018.5400875078687,667.3039996550045,1260,705
Beverly,1,2,Sixth Essex,Second Essex,Fifth,6,1514.148100861794,718.5336737950846,1158.501117140121,763.831790616023,1453,762
Beverly,2,1,Sixth Essex,Second Essex,Fifth,6,1480.2747678018577,444.9380804953561,1056.2525799793602,413.5642414860681,1422,593
Beverly,2,2,Sixth Essex,Second Essex,Fifth,6,1629.6358183376178,461.6466723793202,1347.908597543559,488.4547272207941,1411,475
Beverly,3,1,Sixth Essex,Second Essex,Fifth,6,1166.4107473027125,418.3152115263326,826.7133379137459,355.1677492188118,947,407
Beverly,3,2,Sixth Essex,Second Essex,Fifth,6,1238.5081649148992,606.5274517721828,1017.7186432953856,602.9888608669017,1137,667
Beverly,4,1,Sixth Essex,Second Essex,Fifth,6,818.9710037174722,352.42230483271373,676.5412639405205,303.11970260223046,715,293
Beverly,4,2,Sixth Essex,Second Essex,Fifth,6,1813.3226364426944,583.7321094663341,1476.3142139951517,556.60125253645,1796,552
Beverly,5,1,Sixth Essex,Second Essex,Fifth,6,1338.1963111236485,705.5005091508064,1084.274234163518,656.1433581571907,1206,734
Beverly,5,2,Sixth Essex,Second Essex,Fifth,6,1275.0874965498206,699.6731990063483,1025.6138559205078,631.8087220535468,1206,677
Beverly,6,1,Sixth Essex,Second Essex,Fifth,6,1604.447297021764,646.0998909968853,1268.302333079018,584.9501478493022,1554,676
Beverly,6,2,Sixth Essex,Second Essex,Fifth,6,1500.5357479306308,913.4258233183984,1228.3197355212428,880.0654477376764,1429,872
Billerica,-,1,Twenty-Second Middlesex,Fourth Middlesex,Third,3,1072.4986664092928,741.4141137280468,842.1032420493492,721.824011392409,835,675
Billerica,-,10,Twenty-Second Middlesex,Fourth Middlesex,Third,6,1192.0199900826344,1123.4219123931896,877.3618936997245,1081.345545651906,1065,1211
Billerica,-,11,Twenty-Second Middlesex,Fourth Middlesex,Third,3,918.403249272551,816.4483511154219,689.4093113482056,737.9592628516004,845,837
Billerica,-,12,Twenty-Second Middlesex,Fourth Middlesex,Third,3,1008.3225638497612,735.232322176327,756.2626171254426,670.9975675695379,955,891
Billerica,-,2,Twenty-Second Middlesex,Fourth Middlesex,Third,3,1137.599645928174,832.3899848254932,894.1479514415782,832.3899848254932,1078,960
Billerica,-,3,Twenty-Second Middlesex,Fourth Middlesex,Third,6,1151.633658151172,953.7716618382932,919.1938372399262,892.2999736634184,979,1058
Billerica,-,4,Twenty-Second Middlesex,Fourth Middlesex,Third,6,1065.9736941010838,879.7715056782174,839.4702255408351,830.7902880784213,908,849
Billerica,-,5,Twenty-Second Middlesex,Fourth Middlesex,Third,6,1251.1577628519658,1130.1985459634343,972.6135115546076,1110.5826265113135,1147,1204
Billerica,-,6,Twenty-Second Middlesex,Fourth Middlesex,Third,3,1013.6766509433962,768.8853773584906,638.0625,658.127358490566,926,785
Billerica,-,7,Twenty-Second Middlesex,Fourth Middlesex,Third,3,1191.118271461483,764.357775645603,929.9713625089964,828.8400424716891,1042,800
Billerica,-,8,Twenty-Second Middlesex,Fourth Middlesex,Third,3,1139.4663693873792,896.7491754596929,842.221998386782,919.9126293810028,976,960
Billerica,-,9,Twenty-Second Middlesex,Fourth Middlesex,Third,6,1184.366341848828,1087.2283381617067,897.8061627600738,1032.7000263365817,987,1153
Blackstone,-,1,Eighth Worcester,Worcester & Hampden,Seventh,4,767.0485338725986,757.1766093697337,570.5972362655881,724.5992585102797,712,826
Blackstone,-,2,Eighth Worcester,Worcester & Hampden,Seventh,4,822.326019166734,826.746513395463,616.9111070002045,715.3387629438323,746,916
Blackstone,-,3,Eighth Worcester,Worcester & Hampden,Seventh,4,860.6254469606674,976.0768772348032,662.4916567342074,887.061978545888,787,1041
Blandford,-,1,Third Hampden,"Berkshire, Hampden, Franklin & Hampshire",Eighth,1,307,454,256,405,308,492
Bolton,-,1,Third Middlesex,First Worcester,Seventh,3,2529,1140,1891,1036,2459,1098
Boston,1,1,First Suffolk,Third Suffolk,Sixth,7,939,206,755,189,812,231
Boston,1,10,First Suffolk,Third Suffolk,Sixth,7,430.01893222264295,119.08216584627036,344.01514577811434,99.2351382052253,301,149
Boston,1,11,First Suffolk,Third Suffolk,Sixth,7,717,329,644,345,690,349
Boston,1,12,First Suffolk,Third Suffolk,Sixth,7,704,376,582,364,566,393
Boston,1,13,First Suffolk,Third Suffolk,Sixth,7,995,404,927,361,775,490
Boston,1,14,First Suffolk,Third Suffolk,Sixth,7,446,239,425,219,395,249
Boston,1,15,Fourth Suffolk,First Suffolk,Fourth,8,0,0,0,0,0,0
Boston,1,2,First Suffolk,Third Suffolk,Sixth,7,668,156,562,142,602,215
Boston,1,3,First Suffolk,Third Suffolk,Sixth,7,1804.9194369571728,395.9380053908356,1311.07637017071,259.4336627732854,1610,500
Boston,1,4,First Suffolk,Third Suffolk,Sixth,7,669.0805630428272,122.06199460916442,330.9236298292902,79.56633722671458,630,206
Boston,1,5,First Suffolk,Third Suffolk,Sixth,7,812,199,652,153,690,220
Boston,1,6,First Suffolk,Third Suffolk,Sixth,7,707,154,556,138,549,195
Boston,1,7,First Suffolk,Third Suffolk,Sixth,7,818.2945736434109,202.29457364341084,676.6124031007752,162.24031007751938,624,217
Boston,1,8,First Suffolk,Third Suffolk,Sixth,7,926,257,859,187,776,262
Boston,1,9,First Suffolk,Third Suffolk,Sixth,7,606.6864941339462,140.6232605103188,498.3724511211104,132.52455171725532,562,210
Boston,10,1,Seventh Suffolk,Second Suffolk,Fourth,7,530.2601898380792,50.58403126744835,537.2372975991066,32.26912339475153,440,76
Boston,10,2,Seventh Suffolk,Second Suffolk,Fourth,7,625.7398101619207,73.41596873255165,635.7627024008933,59.73087660524846,421,66
Boston,10,3,Seventh Suffolk,Second Suffolk,Fourth,7,522,60,553,58,346,72
Boston,10,4,Fifteenth Suffolk,Second Suffolk,Fourth,7,995,207,977,154,704,212
Boston,10,5,Fifteenth Suffolk,Second Suffolk,Fourth,7,682,72,678,77,460,83
Boston,10,6,Fifteenth Suffolk,Second Suffolk,Fourth,7,775,74,761,44,573,97
Boston,10,7,Fifteenth Suffolk,Second Suffolk,Fourth,7,991,72,1082,34,711,146
Boston,10,8,Fifteenth Suffolk,Second Suffolk,Fourth,7,1303,106,1021,67,1016,128
Boston,10,9,Fifteenth Suffolk,Second Suffolk,Fourth,7,1412.6734106672454,74.00931571552407,1340.1467576619932,73.11082846283249,1228,94
Boston,10,9A,Tenth Suffolk,Norfolk and Suffolk,Fourth,8,4.384158860691452,0.22968408325507472,4.159076144468255,0.226895674539825,0,0
Boston,11,1,Seventh Suffolk,Second Suffolk,Fourth,7,634,34,560,19,513,42
Boston,11,10,Fifteenth Suffolk,Second Suffolk,Fourth,8,1179.8464968152866,49.3859872611465,1105.0025477707006,35.79936305732484,857,44
Boston,11,2,Seventh Suffolk,Second Suffolk,Fourth,7,1021,59,1000,25,793,100
Boston,11,3,Seventh Suffolk,Second Suffolk,Fourth,7,787,58,768,27,562,98
Boston,11,4,Fifteenth Suffolk,Second Suffolk,Fourth,7,1252,73,1247,49,1012,116
Boston,11,5,Fifteenth Suffolk,Second Suffolk,Fourth,7,1078,95,1000,48,840,110
Boston,11,6,Fifteenth Suffolk,Second Suffolk,Fourth,7,907,45,845,43,803,63
Boston,11,7,Fifteenth Suffolk,Second Suffolk,Fourth,7,1101,80,1113,49,975,117
Boston,11,8,Fifteenth Suffolk,Second Suffolk,Fourth,7,1536,78,1123,58,1464,94
Boston,11,9,Fifteenth Suffolk,Second Suffolk,Fourth,8,641.1535031847134,38.6140127388535,612.9974522292994,36.20063694267516,737,40
Boston,12,1,Seventh Suffolk,Second Suffolk,Fourth,7,1037,61,1049,37,777,94
Boston,12,2,Seventh Suffolk,Second Suffolk,Fourth,7,1236.2201735357917,74.07700650759219,1083.2559652928417,25.01301518438178,950,132
Boston,12,3,Seventh Suffolk,Second Suffolk,Fourth,7,529,33,599,18,425,70
Boston,12,4,Seventh Suffolk,Second Suffolk,Fourth,7,718,54,658,29,552,74
Boston,12,5,Seventh Suffolk,Second Suffolk,Fourth,7,481,24,470,10,314,41
Boston,12,6,Fifth Suffolk,Second Suffolk,Fourth,7,597,43,544,22,468,39
Boston,12,7,Fifth Suffolk,Second Suffolk,Fourth,7,1348.7798264642083,99.9229934924078,1533.7440347071583,42.98698481561822,994,196
Boston,12,8,Seventh Suffolk,Second Suffolk,Fourth,7,503,32,457,16,355,60
Boston,12,9,Fifth Suffolk,Second Suffolk,Fourth,7,655,37,620,20,481,60
Boston,13,1,Fifth Suffolk,Second Suffolk,Fourth,7,869.2082912032356,69.74620829120323,905.9140546006066,34.27502527805864,623,108
Boston,13,10,Thirteenth Suffolk,First Suffolk,Fourth,8,1027,360,913,303,905,369
Boston,13,2,Fifth Suffolk,Second Suffolk,Fourth,7,346,33,329,12,261,41
Boston,13,3,Thirteenth Suffolk,First Suffolk,Fourth,8,761,126,679,69,652,131
Boston,13,4,Fifth Suffolk,Second Suffolk,Fourth,7,585.7917087967644,53.25379170879677,580.0859453993934,24.72497472194135,477,101
Boston,13,5,Fifth Suffolk,First Suffolk,Fourth,7,595,51,611,39,453,81
Boston,13,6,Thirteenth Suffolk,First Suffolk,Fourth,7,807,108,801,75,646,101
Boston,13,7,Thirteenth Suffolk,First Suffolk,Fourth,8,820,268,758,182,610,279
Boston,13,8,Thirteenth Suffolk,First Suffolk,Fourth,8,732,219,681,143,562,191
Boston,13,9,Thirteenth Suffolk,First Suffolk,Fourth,8,843,206,799,103,701,157
Boston,14,1,Fifth Suffolk,Second Suffolk,Fourth,7,1361,109,1377,50,952,190
Boston,14,10,Sixth Suffolk,Second Suffolk,Fourth,7,816,71,805,13,571,111
Boston,14,11,Sixth Suffolk,Second Suffolk,Fourth,7,772,43,686,30,580,74
Boston,14,12,Sixth Suffolk,Second Suffolk,Fourth,7,429.6498905908096,18.140773158278627,462.1123267687819,10.50255288110868,348,29
Boston,14,13,Sixth Suffolk,Second Suffolk,Fourth,7,698.5123189664022,33.10955564487789,720.7881554758476,17.14979258140776,519,53
Boston,14,14,Sixth Suffolk,Second Suffolk,Fourth,7,773,28,757,16,574,63
Boston,14,2,Sixth Suffolk,Second Suffolk,Fourth,7,1479,104,1517,41,1070,172
Boston,14,3,Fifth Suffolk,Second Suffolk,Fourth,7,666.2089300758214,40.997472620050544,710.0016849199662,8.385846672283066,276,43
Boston,14,4,Fifth Suffolk,Second Suffolk,Fourth,7,829,59,850,30,613,94
Boston,14,5,Sixth Suffolk,Second Suffolk,Fourth,7,663.8377904427882,21.74967119684349,607.0995177553705,11.34765453748356,493,39
Boston,14,6,Sixth Suffolk,Second Suffolk,Fourth,7,697.7910699241786,53.002527379949456,725.9983150800336,24.614153327716934,495,73
Boston,14,7,Sixth Suffolk,Second Suffolk,Fourth,7,657,47,696,19,472,67
Boston,14,8,Sixth Suffolk,Second Suffolk,Fourth,7,797,33,759,20,610,56
Boston,14,9,Sixth Suffolk,Second Suffolk,Fourth,7,739,48,775,22,494,121
Boston,15,1,Fifth Suffolk,First Suffolk,Fourth,7,908,78,887,31,707,114
Boston,15,2,Fifth Suffolk,First Suffolk,Fourth,7,618,47,612,8,424,74
Boston,15,3,Fifth Suffolk,First Suffolk,Fourth,7,363,45,395,16,294,62
Boston,15,4,Fifth Suffolk,First Suffolk,Fourth,7,911.070295404814,181.50574398249452,946.4860503282276,79.68544857768052,754,216
Boston,15,5,Fifth Suffolk,First Suffolk,Fourth,7,776.3453268977622,77.84291355857832,804.8920579201404,29.98727512066696,544,72
Boston,15,6,Thirteenth Suffolk,First Suffolk,Fourth,7,432.929704595186,244.49425601750548,495.5139496717724,111.31455142231948,353,194
Boston,15,7,Fifth Suffolk,First Suffolk,Fourth,7,615,57,638,22,462,70
Boston,15,8,Thirteenth Suffolk,First Suffolk,Fourth,7,482,171,490,77,332,165
Boston,15,9,Fifth Suffolk,First Suffolk,Fourth,7,499,153,616,81,403,145
Boston,16,1,Thirteenth Suffolk,First Suffolk,Fourth,7,595.0151615029664,221.02933421226103,607.0497692814766,103.66446934739618,436,188
Boston,16,10,Thirteenth Suffolk,First Suffolk,Fourth,8,657,397,576,331,550,411
Boston,16,11,Twelfth Suffolk,First Suffolk,Fourth,8,413.96653919694074,198.00764818355643,407.4388145315488,158.29732313575528,398,229
Boston,16,12,Thirteenth Suffolk,First Suffolk,Fourth,8,524,497,456,442,480,526
Boston,16,2,Thirteenth Suffolk,First Suffolk,Fourth,8,479,213,457,157,439,228
Boston,16,3,Thirteenth Suffolk,First Suffolk,Fourth,7,800,211,869,106,638,152
Boston,16,4,Thirteenth Suffolk,First Suffolk,Fourth,7,752,200,696,111,604,198
Boston,16,5,Thirteenth Suffolk,First Suffolk,Fourth,8,788,255,779,175,676,285
Boston,16,6,Thirteenth Suffolk,First Suffolk,Fourth,7,1021,297,995,167,855,307
Boston,16,7,Thirteenth Suffolk,First Suffolk,Fourth,8,647,329,589,305,576,352
Boston,16,8,Thirteenth Suffolk,First Suffolk,Fourth,8,1175.0334608030594,455.9923518164436,1089.5611854684512,373.7026768642447,965,451
Boston,16,9,Thirteenth Suffolk,First Suffolk,Fourth,8,698,512,582,466,587,588
Boston,17,1,Sixth Suffolk,First Suffolk,Fourth,7,656.6546731022378,54.15708644142168,702.1079420798595,29.01272487933304,544,85
Boston,17,10,Twelfth Suffolk,First Suffolk,Fourth,7,1002,63,1006,36,776,99
Boston,17,11,Twelfth Suffolk,First Suffolk,Fourth,7,416,22,389,14,311,36
Boston,17,12,Twelfth Suffolk,First Suffolk,Fourth,7,676,54,612,39,574,68
Boston,17,13,Twelfth Suffolk,First Suffolk,Fourth,8,826,187,752,143,688,185
Boston,17,14,Twelfth Suffolk,First Suffolk,Fourth,7,853,127,835,106,798,121
Boston,17,2,Sixth Suffolk,First Suffolk,Fourth,7,530,65,499,33,407,72
Boston,17,3,Sixth Suffolk,First Suffolk,Fourth,7,1132.9848384970337,87.97066578773897,1104.9502307185237,48.33553065260382,926,118
Boston,17,4,Twelfth Suffolk,First Suffolk,Fourth,7,1317,183,1169,112,1071,229
Boston,17,5,Sixth Suffolk,First Suffolk,Fourth,7,552,31,509,15,407,60
Boston,17,6,Sixth Suffolk,First Suffolk,Fourth,7,864,74,821,44,737,92
Boston,17,7,Sixth Suffolk,First Suffolk,Fourth,7,467,27,448,15,356,46
Boston,17,8,Twelfth Suffolk,First Suffolk,Fourth,7,773,53,730,32,577,87
Boston,17,9,Twelfth Suffolk,First Suffolk,Fourth,7,657,49,634,39,557,43
Boston,18,1,Twelfth Suffolk,Second Suffolk,Fourth,7,1305,81,1347,49,1228,101
Boston,18,10,Fourteenth Suffolk,Norfolk and Suffolk,Fourth,7,1517,244,1321,201,1304,272
Boston,18,11,Fourteenth Suffolk,Norfolk and Suffolk,Fourth,7,865,108,851,87,693,131
Boston,18,12,Fourteenth Suffolk,Norfolk and Suffolk,Fourth,7,987,194,926,187,873,207
Boston,18,13,Fourteenth Suffolk,Second Suffolk,Fourth,7,621,86,574,59,538,93
Boston,18,14,Fourteenth Suffolk,Second Suffolk,Fourth,7,671,83,616,67,532,102
Boston,18,15,Fourteenth Suffolk,Second Suffolk,Fourth,7,1068,84,919,67,874,108
Boston,18,16,Fourteenth Suffolk,Norfolk and Suffolk,Fourth,7,982,334,836,346,858,320
Boston,18,17,Fourteenth Suffolk,Norfolk and Suffolk,Fourth,7,983,200,935,171,846,223
Boston,18,18,Fourteenth Suffolk,Second Suffolk,Fourth,7,1233,242,1120,205,1000,285
Boston,18,19,Fourteenth Suffolk,Norfolk and Suffolk,Fourth,7,1628.964989626556,293.4281639004149,1426.197354771784,253.4595435684647,1370,354
Boston,18,2,Twelfth Suffolk,Second Suffolk,Fourth,7,984,37,961,18,734,66
Boston,18,20,Fourteenth Suffolk,Norfolk and Suffolk,Fourth,7,1200.035010373444,444.5718360995851,1059.802645228216,436.5404564315353,944,508
Boston,18,21,Twelfth Suffolk,Second Suffolk,Fourth,7,1311,59,1223,38,1086,96
Boston,18,22,Fourteenth Suffolk,Norfolk and Suffolk,Fourth,7,1031,330,926,325,956,353
Boston,18,23,Fourteenth Suffolk,Norfolk and Suffolk,Fourth,7,885,112,900,69,641,159
Boston,18,3,Twelfth Suffolk,Second Suffolk,Fourth,7,1119,35,1096,18,898,77
Boston,18,4,Twelfth Suffolk,Second Suffolk,Fourth,7,1161,67,1075,34,934,88
Boston,18,5,Twelfth Suffolk,Second Suffolk,Fourth,7,1189.4831460674156,56.359550561797754,958.1123595505618,38.561797752808985,995,78
Boston,18,6,Twelfth Suffolk,Second Suffolk,Fourth,7,1450.5168539325844,54.640449438202246,1353.887640449438,49.438202247191015,1262,89
Boston,18,7,Sixth Suffolk,Second Suffolk,Fourth,7,1029,136,932,107,821,191
Boston,18,8,Sixth Suffolk,Second Suffolk,Fourth,7,1746,197,1646,147,1438,226
Boston,18,9,Fourteenth Suffolk,Norfolk and Suffolk,Fourth,7,963,191,923,164,887,207
Boston,19,1,Fifteenth Suffolk,Second Suffolk,Fourth,8,1036,40,1008,29,918,45
Boston,19,10,Fourteenth Suffolk,Norfolk and Suffolk,Fourth,7,1180.9284903518728,156.61407491486946,1061.2792281498298,138.1316685584563,1119,176
Boston,19,11,Fourteenth Suffolk,Norfolk and Suffolk,Fourth,7,1033,112,1051,56,752,149
Boston,19,12,Sixth Suffolk,Second Suffolk,Fourth,7,864,110,807,106,841,111
Boston,19,13,Fourteenth Suffolk,Norfolk and Suffolk,Fourth,7,765.0715096481272,109.38592508513054,766.7207718501703,86.8683314415437,646,111
Boston,19,2,Tenth Suffolk,Norfolk and Suffolk,Fourth,8,1095,216,967,236,1025,207
Boston,19,3,Tenth Suffolk,Norfolk and Suffolk,Fourth,8,651.9060585432267,40.78965282505105,562.3144996596324,45.15997277059224,570,46
Boston,19,4,Fifteenth Suffolk,Second Suffolk,Fourth,8,1479.5888048929237,43.40716739572045,1365.250744775602,57.79384084836413,1288,52
Boston,19,5,Fifteenth Suffolk,Norfolk and Suffolk,Fourth,8,1007,76,912,68,873,68
Boston,19,6,Fifteenth Suffolk,Second Suffolk,Fourth,8,1466.0218145761032,54.4600892414477,1372.7050074367874,52.666336142786314,1293,58
Boston,19,7,Fifteenth Suffolk,Second Suffolk,Fourth,7,1088.8910060975609,74.4405487804878,929.7149390243902,64.14557926829268,1048,103
Boston,19,8,Tenth Suffolk,Norfolk and Suffolk,Fourth,8,895.1055662188099,48.95777351247601,839.257197696737,47.56046065259117,828,58
Boston,19,9,Fifteenth Suffolk,Norfolk and Suffolk,Fourth,8,757.0034276836291,49.60167770703619,690.0278632788727,48.29396007911615,624,48
Boston,2,1,Second Suffolk,Middlesex and Suffolk,Sixth,7,1387.5380908153868,424.9876595427067,1192.3835378872182,409.8268473583629,1008,467
Boston,2,2,Second Suffolk,Middlesex and Suffolk,Sixth,7,792.8057522123894,199.8128318584071,704.4092920353983,174.0305309734513,979,341
Boston,2,3,Second Suffolk,Middlesex and Suffolk,Sixth,7,1202.2520891879828,312.7784902350829,1037.9581929900858,305.8441748769928,1139,338
Boston,2,4,Second Suffolk,Middlesex and Suffolk,Sixth,7,1109.7012572065892,254.9754865949771,943.4482898693255,227.6076009396216,1060,273
Boston,2,5,Second Suffolk,Middlesex and Suffolk,Sixth,7,1017.494091606392,293.9835958037225,847.9178035894752,285.46682793781326,1086,330
Boston,2,6,Second Suffolk,Middlesex and Suffolk,Sixth,7,873.5133354110468,245.21301466917248,660.4270264343061,233.058223342632,888,339
Boston,2,7,Second Suffolk,Middlesex and Suffolk,Sixth,7,809.8994586233566,213.70456303170923,530.1778808971385,197.37045630317093,621,209
Boston,2,8,Second Suffolk,Middlesex and Suffolk,Sixth,7,1313.7959249368569,328.54435826422196,1156.2779762970526,277.7953382679553,566,221
Boston,20,1,Tenth Suffolk,Norfolk and Suffolk,Fourth,8,1011,235,895,231,979,236
Boston,20,10,Tenth Suffolk,Norfolk and Suffolk,Fourth,8,1103.5250425894378,480.6947189097104,942.6354344122658,467.8630323679727,965,526
Boston,20,11,Tenth Suffolk,Norfolk and Suffolk,Fourth,8,560,173,470,165,536,169
Boston,20,12,Tenth Suffolk,Norfolk and Suffolk,Fourth,8,689.0834553440703,256.52269399707177,567.1185944363104,268.7320644216691,640,248
Boston,20,13,Tenth Suffolk,Norfolk and Suffolk,Fourth,8,596.5152712899749,267.1261228889687,521.693855551563,235.4879626302551,523,281
Boston,20,14,Tenth Suffolk,Norfolk and Suffolk,Fourth,8,607.4749574105622,239.3052810902896,471.36456558773426,251.13696763202725,530,254
Boston,20,15,Tenth Suffolk,Norfolk and Suffolk,Fourth,8,975,495,878,462,836,509
Boston,20,16,Tenth Suffolk,Norfolk and Suffolk,Fourth,8,962,551,845,510,918,616
Boston,20,17,Tenth Suffolk,Norfolk and Suffolk,Fourth,8,1151.4847287100251,528.8738771110312,1016.306144448437,481.51203736974486,1016,570
Boston,20,18,Tenth Suffolk,Norfolk and Suffolk,Fourth,8,618.9165446559297,191.47730600292823,531.8814055636896,168.26793557833088,590,218
Boston,20,19,Tenth Suffolk,Norfolk and Suffolk,Fourth,8,677.7874186550977,266.765003615329,558.1424439624005,256.92624728850325,586,252
Boston,20,2,Tenth Suffolk,Norfolk and Suffolk,Fourth,8,1113,208,967,171,993,213
Boston,20,20,Tenth Suffolk,Norfolk and Suffolk,Fourth,8,1079,381,964,363,996,366
Boston,20,21,Fourteenth Suffolk,Norfolk and Suffolk,Fourth,8,99.06838235294116,40.868382352941175,84.19742647058823,36.26801470588235,72,51
Boston,20,3,Fourteenth Suffolk,Norfolk and Suffolk,Fourth,7,826.9316176470588,341.1316176470588,702.8025735294118,302.73198529411764,731,372
Boston,20,4,Tenth Suffolk,Norfolk and Suffolk,Fourth,8,991,116,862,105,904,90
Boston,20,5,Tenth Suffolk,Norfolk and Suffolk,Fourth,8,927,401,757,381,873,424
Boston,20,6,Tenth Suffolk,Norfolk and Suffolk,Fourth,8,1056,342,927,358,1026,325
Boston,20,7,Tenth Suffolk,Norfolk and Suffolk,Fourth,8,642.2125813449024,175.234996384671,558.8575560375995,196.07375271149675,628,197
Boston,20,8,Tenth Suffolk,Norfolk and Suffolk,Fourth,8,801,187,704,183,742,196
Boston,20,9,Tenth Suffolk,Norfolk and Suffolk,Fourth,8,865,227,778,211,824,222
Boston,21,1,Second Suffolk,Suffolk and Middlesex,Third,7,1248,93,983,89,973,90
Boston,21,10,Seventeenth Suffolk,Suffolk and Middlesex,Third,7,839,135,861,131,748,144
Boston,21,11,Seventeenth Suffolk,Suffolk and Middlesex,Third,7,1153,123,988,112,901,123
Boston,21,12,Seventeenth Suffolk,Suffolk and Middlesex,Third,7,947.130917746628,205.91351494313673,925.8783390637398,194.48188309970908,736,174
Boston,21,13,Eighteenth Suffolk,Suffolk and Middlesex,Third,7,1108,399,854,303,917,370
Boston,21,14,Eighteenth Suffolk,Suffolk and Middlesex,Third,7,626.2668124658284,67.13285948605795,601.4368507381083,56.09732094040459,583,65
Boston,21,15,Seventeenth Suffolk,Suffolk and Middlesex,Third,7,828,73,791,81,716,69
Boston,21,16,Eighteenth Suffolk,Suffolk and Middlesex,Third,7,1013,198,846,165,898,163
Boston,21,2,Eighteenth Suffolk,Suffolk and Middlesex,Third,7,297,24,472,41,255,23
Boston,21,3,Seventeenth Suffolk,Suffolk and Middlesex,Third,7,720,67,689,80,535,69
Boston,21,4,Eighteenth Suffolk,Suffolk and Middlesex,Third,7,636,50,577,44,455,58
Boston,21,5,Seventeenth Suffolk,Suffolk and Middlesex,Third,7,946,78,936,78,798,74
Boston,21,6,Seventeenth Suffolk,Suffolk and Middlesex,Third,7,760.7966936334858,78.36756946887091,700.0882870207528,96.54555047485051,555,78
Boston,21,7,Seventeenth Suffolk,Suffolk and Middlesex,Third,7,884.2033063665142,103.63243053112907,831.9117129792472,68.45444952514949,661,112
Boston,21,8,Seventeenth Suffolk,Suffolk and Middlesex,Third,7,1180,94,1001,80,931,96
Boston,21,9,Seventeenth Suffolk,Suffolk and Middlesex,Third,7,1158,148,987,104,1120,156
Boston,22,1,Eighteenth Suffolk,Suffolk and Middlesex,Third,7,1277,165,1130,121,966,212
Boston,22,10,Seventeenth Suffolk,Suffolk and Middlesex,Third,7,991,169,835,163,842,172
Boston,22,11,Eighteenth Suffolk,Suffolk and Middlesex,Third,7,703,158,596,130,570,140
Boston,22,12,Eighteenth Suffolk,Suffolk and Middlesex,Third,7,660.4322409211692,146.54561558901682,591.0673162090345,134.8219663418955,581,202
Boston,22,13,Eighteenth Suffolk,Suffolk and Middlesex,Third,7,612,111,571,124,515,134
Boston,22,2,Seventeenth Suffolk,Suffolk and Middlesex,Third,7,1469,205,1249,169,1151,214
Boston,22,3,Seventeenth Suffolk,Suffolk and Middlesex,Third,7,1187.567759078831,261.45438441098315,1076.9326837909657,217.1780336581045,985,245
Boston,22,4,Eighteenth Suffolk,Suffolk and Middlesex,Third,7,913,159,701,128,752,165
Boston,22,5,Eighteenth Suffolk,Suffolk and Middlesex,Third,7,775,136,598,123,736,167
Boston,22,6,Seventeenth Suffolk,Suffolk and Middlesex,Third,7,747,130,606,106,574,120
Boston,22,7,Eighteenth Suffolk,Suffolk and Middlesex,Third,7,1051,151,949,155,836,166
Boston,22,8,Eighteenth Suffolk,Suffolk and Middlesex,Third,7,713,192,669,199,563,184
Boston,22,9,Seventeenth Suffolk,Suffolk and Middlesex,Third,7,797,219,708,173,620,238
Boston,3,1,Third Suffolk,Third Suffolk,Sixth,8,1058.5130128168412,335.7609365424664,732.9871489051385,270.810791273452,904,386
Boston,3,10,Third Suffolk,Third Suffolk,Sixth,8,1259.6054161710315,295.94464948870586,959.5957784313598,266.81407363130404,1114,282
Boston,3,11,Third Suffolk,Third Suffolk,Sixth,8,902.7705438006536,271.80027081898714,799.4381516324279,281.617684471712,783,288
Boston,3,12,Third Suffolk,Third Suffolk,Sixth,8,1223.116091320465,239.1960285050012,1000.8582720316342,182.74599718971288,1014,210
Boston,3,13,Third Suffolk,Third Suffolk,Sixth,8,580.2678687808532,132.53196066060235,455.65268716373623,110.85424524377392,638,237
Boston,3,13A,Third Suffolk,First Suffolk,Fourth,8,0,0,0,0,0,0
Boston,3,14,Third Suffolk,First Suffolk,Fourth,7,812.0169397221143,146.87948409506905,676.4570544331355,106.20989620888568,766,227
Boston,3,15,Third Suffolk,First Suffolk,Fourth,7,563.0090883668904,98.59885346756153,472.2788730425056,69.53306767337808,913,159
Boston,3,16,Ninth Suffolk,First Suffolk,Fourth,7,1513.435418009886,133.8007736943907,1457.5364281108962,132.6114334837739,1269,149
Boston,3,17,Eighth Suffolk,Third Suffolk,Sixth,8,632.8194731404958,147.61131198347107,493.822701446281,124.7944214876033,740,140
Boston,3,2,Third Suffolk,Third Suffolk,Sixth,8,1172.956036741572,380.2229381568822,852.8640902759514,310.4018565598122,943,409
Boston,3,3,Third Suffolk,Third Suffolk,Sixth,8,733.6121881706272,204.4379027021953,603.3162413331838,224.2902571818213,597,239
Boston,3,4,Third Suffolk,Third Suffolk,Sixth,8,784.8742226266809,223.8734168963476,628.8636307929795,237.74805412213203,685,263
Boston,3,5,Eighth Suffolk,Third Suffolk,Sixth,8,881.5459561993447,176.5425073288498,654.8404897396102,150.10001724435247,1004,218
Boston,3,6,Third Suffolk,Third Suffolk,Sixth,8,647.4861256943504,151.15977255791898,505.0986083355914,127.74798469042136,678,169
Boston,3,7,Ninth Suffolk,First Suffolk,Fourth,7,1031.5645819901138,91.19922630560929,993.4635718891036,90.38856651622608,1008,105
Boston,3,8,Third Suffolk,First Suffolk,Fourth,7,1369.653803131991,239.86521252796425,1148.9309284116332,169.1557606263982,865,201
Boston,3,9,Eighth Suffolk,Third Suffolk,Sixth,8,846.7532333160889,169.57475426797723,628.9953440248319,144.17589239524054,657,154
Boston,4,1,Third Suffolk,First Suffolk,Fourth,7,1023.1112554112556,114.1073593073593,989.187445887446,93.2904761904762,955,130
Boston,4,10,Seventh Suffolk,Suffolk and Middlesex,Third,7,233.97941590988765,18.300973383751597,437.3356892534947,43.31741618749488,236,35
Boston,4,10A,Second Suffolk,Suffolk and Middlesex,Third,7,0,0,0,0,0,0
Boston,4,11,Eighth Suffolk,Second Suffolk,Fourth,7,131.6244048668665,25.624052195380003,174.11214953271028,24.748016222888378,49,7
Boston,4,12,Eighth Suffolk,Suffolk and Middlesex,Third,7,361.1749082994285,36.48163510474304,400.2062674256265,34.16005421595581,221,33
Boston,4,2,Ninth Suffolk,First Suffolk,Fourth,7,820.3411196682256,131.17010126737082,738.4682264355168,133.42584514089202,776,178
Boston,4,3,Ninth Suffolk,First Suffolk,Fourth,7,1269.9524072031295,157.39794633244395,1150.0849788269145,147.83986535175933,1115,159
Boston,4,4,Ninth Suffolk,First Suffolk,Fourth,7,1311.532375780728,116.92766240519386,1229.8223052719757,92.21070642670404,1190,175
Boston,4,5,Ninth Suffolk,First Suffolk,Fourth,7,1145.8938950690913,126.07985433536425,1150.6039489513528,118.6113802579996,955,152
Boston,4,6,Eighth Suffolk,Third Suffolk,Sixth,7,1068.7724532494676,174.42478402013762,990.2836443192872,163.75086937692092,754,159
Boston,4,7,Eighth Suffolk,Third Suffolk,Sixth,7,669.8193815188749,95.30488301783112,680.8014980491407,81.54626095288421,642,107
Boston,4,8,Eighth Suffolk,Third Suffolk,Sixth,7,725.1530348710226,117.31486659703752,889.7989199734914,113.20588033690566,636,152
Boston,4,9,Seventh Suffolk,Second Suffolk,Fourth,7,335.6453481520225,31.865882033386946,590.2949260730436,23.89322933911894,213,39
Boston,5,1,Third Suffolk,First Suffolk,Fourth,7,1390.0118561958184,196.38602753697091,1326.1336053034163,158.90374808771034,528,147
Boston,5,10,Second Suffolk,Suffolk and Middlesex,Third,7,821.7867867867868,138.39714714714714,881.0998498498499,150.43168168168168,538,115
Boston,5,11,Eighth Suffolk,Third Suffolk,Sixth,8,589.4929020109744,76.81125969077776,554.6128249260779,78.21589655324595,488,88
Boston,5,12,Second Suffolk,Suffolk and Middlesex,Third,7,824.9505544562041,87.87306154976032,709.0482788395885,76.56398600933092,573,91
Boston,5,13,Third Suffolk,First Suffolk,Fourth,7,708.2649158592556,100.06629270780216,675.7164711881694,80.96761856195819,889,187
Boston,5,14,Third Suffolk,First Suffolk,Fourth,7,534.7232279449261,75.54767975522692,510.1499235084141,61.12863335033147,819,120
Boston,5,15,Eighth Suffolk,Suffolk and Middlesex,Third,7,742.8581169238755,122.2764085127871,699.5272051055283,110.45723330187867,654,125
Boston,5,2,Eighth Suffolk,Suffolk and Middlesex,Third,7,800.0494455437959,87.12693845023969,679.9517211604116,76.4360139906691,738,110
Boston,5,3,Eighth Suffolk,Third Suffolk,Sixth,8,1440.7690156468127,200.06151163810375,1337.4607538187574,225.62279143690503,1206,240
Boston,5,4,Eighth Suffolk,Third Suffolk,Sixth,8,875.5609103078982,105.89022757697455,829.5742971887549,105.285140562249,716,99
Boston,5,5,Eighth Suffolk,Third Suffolk,Sixth,8,939.1771720343148,147.23700109414395,898.3521240664097,162.87617144760003,803,196
Boston,5,6,Eighth Suffolk,Third Suffolk,Sixth,8,1121,207,1020,227,943,207
Boston,5,7,Eighth Suffolk,Third Suffolk,Sixth,8,1401,246,1296,268,1219,272
Boston,5,8,Eighth Suffolk,Third Suffolk,Sixth,8,1266,241,1136,209,1028,240
Boston,5,9,Eighth Suffolk,Third Suffolk,Sixth,7,1113.3550962893378,182.32644434006576,1016.3729450446218,157.11108501643963,1033,217
Boston,6,1,Fourth Suffolk,First Suffolk,Fourth,8,1070.3370985168451,268.04596797956975,704.1483154896375,176.23494745113445,1134,307
Boston,6,10,Fourth Suffolk,First Suffolk,Fourth,8,849.2813613353725,255.14317679847005,637.1498376601952,205.93409074999016,686,322
Boston,6,11,Fourth Suffolk,First Suffolk,Fourth,8,899.386013161772,225.2344563402416,591.6838228071899,148.0872212945683,852,251
Boston,6,12,Fourth Suffolk,First Suffolk,Fourth,8,1323.7750712110794,331.5147824378745,870.8788920538258,217.96444357135843,1366,659
Boston,6,2,Fourth Suffolk,First Suffolk,Fourth,8,941.0338351093436,280.0311650606295,727.4309410546826,228.55198523271224,599,347
Boston,6,3,Fourth Suffolk,First Suffolk,Fourth,8,1063.8530061569409,316.9524252339104,890.5787097029212,263.6360000174022,741,411
Boston,6,4,Fourth Suffolk,First Suffolk,Fourth,8,667.8962463095739,247.20835090679037,545.2214255588359,221.8059890341628,572,344
Boston,6,5,Fourth Suffolk,First Suffolk,Fourth,8,963.0963278227126,338.0187376336535,710.7206208156992,311.422238751083,794,372
Boston,6,6,Fourth Suffolk,First Suffolk,Fourth,8,967.7856526916572,406.7033043689298,752.4126557114523,374.1611144596764,737,525
Boston,6,7,Fourth Suffolk,First Suffolk,Fourth,8,857.2736786929696,413.1923095112824,671.0243235574052,392.8455069353717,679,495
Boston,6,8,Fourth Suffolk,First Suffolk,Fourth,8,1033.5978016780434,522.0145306654192,865.4782807574741,463.60705902609584,812,561
Boston,6,9,Fourth Suffolk,First Suffolk,Fourth,8,932.6839073136892,546.9407930632287,749.272174830681,501.7494034764445,736,576
Boston,7,1,Fourth Suffolk,First Suffolk,Fourth,8,731,383,605,367,585,457
Boston,7,10,Fifth Suffolk,First Suffolk,Fourth,8,700,72,835,48,593,92
Boston,7,2,Fourth Suffolk,First Suffolk,Fourth,8,1057.2371134020618,495.3770250368189,865.5478645066274,464.6774668630339,693,497
Boston,7,3,Fourth Suffolk,First Suffolk,Fourth,8,938.7628865979382,435.6229749631811,819.4521354933727,439.3225331369662,814,532
Boston,7,4,Fourth Suffolk,First Suffolk,Fourth,8,933,359,826,333,588,390
Boston,7,5,Fourth Suffolk,First Suffolk,Fourth,8,873.9447322970639,240.18307426597585,779.0518134715026,239.72193436960276,767,361
Boston,7,6,Fourth Suffolk,First Suffolk,Fourth,8,730.0552677029361,247.81692573402415,665.9481865284974,193.27806563039724,636,285
Boston,7,7,Fourth Suffolk,First Suffolk,Fourth,8,603.7258302583026,146.74575645756457,571.2250922509224,96.51734317343173,351,214
Boston,7,8,Ninth Suffolk,First Suffolk,Fourth,8,824.2741697416974,230.25424354243543,640.7749077490774,168.48265682656827,666,265
Boston,7,9,Ninth Suffolk,First Suffolk,Fourth,8,659,184,618,187,518,199
Boston,8,1,Ninth Suffolk,First Suffolk,Fourth,7,788.9591264180515,85.99121407717658,704.2742490752502,61.9908363631569,1125,213
Boston,8,2,Ninth Suffolk,First Suffolk,Fourth,7,723.9833138820954,76.44840781325105,679.2616036054237,63.58209201214347,792,97
Boston,8,3,Ninth Suffolk,Second Suffolk,Fourth,7,988.032088700636,74.7900015916628,944.6281262099786,38.19878202334891,707,114
Boston,8,4,Ninth Suffolk,Second Suffolk,Fourth,7,868.557604579636,82.79779292300242,879.7055839692043,45.65895716991875,497,115
Boston,8,5,Fifth Suffolk,Second Suffolk,Fourth,7,1012.1094527363184,105.6127694859038,966.058872305141,55.52985074626866,802,129
Boston,8,6,Ninth Suffolk,First Suffolk,Fourth,7,674.3584136832625,69.35981410900331,628.0715648350019,52.039481685163295,147,47
Boston,8,6A,Ninth Suffolk,First Suffolk,Fourth,8,0,0,0,0,0,0
Boston,9,1,Ninth Suffolk,First Suffolk,Fourth,7,1205.6516853932585,146.06741573033707,1215.084269662921,101.75280898876404,1013,171
Boston,9,2,Ninth Suffolk,First Suffolk,Fourth,7,1152.2802379378718,91.20951751487112,858.1295439524125,71.44745538664904,982,95
Boston,9,3,Ninth Suffolk,Second Suffolk,Fourth,7,1089.859084275742,87.28443578375514,1158.8362446016986,42.746227748465486,714,170
Boston,9,4,Seventh Suffolk,Second Suffolk,Fourth,7,612.7493398782019,43.39043146879709,620.5306435926653,21.78603622217491,698,133
Boston,9,5,Seventh Suffolk,Second Suffolk,Fourth,7,973.6102564102564,53.158974358974355,968.5128205128204,24.758974358974356,767,66
Boston,9,6,Ninth Suffolk,Second Suffolk,Fourth,7,1069.643959021811,84.56267459792906,1047.314421678784,47.84855915399868,916,111
Boston,9,7,Seventh Suffolk,Second Suffolk,Fourth,7,808.2054370828586,76.32655054533616,839.5920559986978,40.659938140973466,273,65
Bourne,-,1,Fifth Barnstable,Plymouth and Barnstable,First,9,852.2448083688924,801.1376123610912,659.651186176672,801.6694405354806,853,1058
Bourne,-,2,Fifth Barnstable,Plymouth and Barnstable,First,9,985.3752787511946,894.4319847085059,731.2965912711055,938.497292131252,954,943
Bourne,-,3,Fifth Barnstable,Plymouth and Barnstable,First,9,531.927531927532,524.8351648351648,385.6474606474606,480.5078705078705,476,537
Bourne,-,4,Third Barnstable,Plymouth and Barnstable,First,9,1137,878,863,803,1159,899
Bourne,-,5,Third Barnstable,Plymouth and Barnstable,First,9,951.1082375501064,690.6842109209199,713.432806934137,695.9804342285383,932,732
Bourne,-,5A,Fifth Barnstable,Plymouth and Barnstable,First,9,208.21452536206385,151.20306971833438,156.1831423688941,152.36250728671018,168,169
Bourne,-,6,Third Barnstable,Plymouth and Barnstable,First,9,896.00906002265,561.81087202718,696.5447338618346,551.5322763306908,888,523
Bourne,-,7,Fifth Barnstable,Plymouth and Barnstable,First,9,965.1205580175604,828.8970854288038,704.2440787398962,777.4501789794574,835,748
Boxborough,-,1,Thirty-Seventh Middlesex,Middlesex and Worcester,Third,3,2526,786,1987,756,2295,768
Boxford,-,1,Eighteenth Essex,First Essex and Middlesex,Fifth,6,1010,755,786,711,936,836
Boxford,-,2,Fourteenth Essex,First Essex and Middlesex,Fifth,6,1092,781,852,776,1102,763
Boxford,-,3,Fourteenth Essex,First Essex and Middlesex,Fifth,6,1015,735,816,707,974,667
Boylston,-,1,Twelfth Worcester,First Worcester,Seventh,2,1877,1318,1424,1125,1886,1367
Braintree,-,1A,Fifth Norfolk,"Norfolk, Plymouth & Bristol",Second,8,1060.673538569965,840.2454383599348,869.5319500559046,801.0140223775619,915,882
Braintree,-,1B,Fifth Norfolk,"Norfolk, Plymouth & Bristol",Second,8,974.785764979408,750.6860481633901,827.1917209885659,667.6535978033971,777,816
Braintree,-,2A,Fifth Norfolk,"Norfolk, Plymouth & Bristol",Second,8,1133,724,912,765,962,751
Braintree,-,2B,Fifth Norfolk,"Norfolk, Plymouth & Bristol",Second,8,1048.7413407544173,762.7201057133436,865.2242520584082,764.0226902842079,865,775
Braintree,-,3A,Fifth Norfolk,"Norfolk, Plymouth & Bristol",Second,8,973.984867591425,644.8196721311475,870.5409836065573,629.046658259773,770,653
Braintree,-,3B,Fifth Norfolk,Norfolk and Plymouth,Fourth,8,1049.6665724781012,689.092116417067,897.3741169821983,678.1624752755016,847,683
Braintree,-,4A,Fifth Norfolk,"Norfolk, Plymouth & Bristol",Second,8,988.7756428369596,646.4213054535179,806.1466515964962,613.0161062447019,837,704
Braintree,-,4B,Fifth Norfolk,Norfolk and Plymouth,Fourth,8,977.6956767448432,513.6281435433739,794.7719694829048,455.95761514552134,848,588
Braintree,-,5A,Fifth Norfolk,"Norfolk, Plymouth & Bristol",Second,8,1023.0983694199412,705.2873563218391,855.5993049986635,700.2582197273456,844,772
Braintree,-,5B,Fifth Norfolk,"Norfolk, Plymouth & Bristol",Second,8,1078.7161186848437,746.2413793103448,907.9117882919004,696.0048115477144,919,809
Braintree,-,6A,Fifth Norfolk,Norfolk and Plymouth,Fourth,8,1177,881,960,864,1015,914
Braintree,-,6B,Fifth Norfolk,"Norfolk, Plymouth & Bristol",Second,8,1109,831,889,785,947,863
Brewster,-,1,First Barnstable,Cape and Islands,First,9,1701.7664783294156,807.1496815023554,1329.6420695384556,826.3183666581702,1684,860
Brewster,-,2,First Barnstable,Cape and Islands,First,9,1586.723158382662,703.2578534932702,1239.2588386813502,716.1877002917943,1552,704
Brewster,-,3,First Barnstable,Cape and Islands,First,9,1651.5103632879222,827.5924650043744,1244.0990917801942,827.4939330500354,1540,773
Bridgewater,-,1,Eighth Plymouth,"Norfolk, Plymouth & Bristol",Second,9,998.2354202401372,938.273156089194,741.3516295025729,913.7431389365352,880,1023
Bridgewater,-,2,Eighth Plymouth,"Norfolk, Plymouth & Bristol",Second,9,1011.4801806322128,876.1866532865027,781.9643753135975,881.823883592574,906,945
Bridgewater,-,3,Eighth Plymouth,"Norfolk, Plymouth & Bristol",Second,9,1073.1395195062817,1099.3828521049152,731.9761957240468,957.52700022041,1088,1154
Bridgewater,-,4,Eighth Plymouth,"Norfolk, Plymouth & Bristol",Second,9,691.6752688410246,603.2153370718956,500.9484217655213,573.8168510630218,460,567
Bridgewater,-,5,Eighth Plymouth,"Norfolk, Plymouth & Bristol",Second,9,353.51629602507677,243.38710712719745,285.7948482853149,268.51577995456574,141,80
Bridgewater,-,6,Eighth Plymouth,"Norfolk, Plymouth & Bristol",Second,9,890.7689529983652,674.1886153405001,675.5502045068599,620.8512197283376,728,704
Bridgewater,-,7,Eighth Plymouth,"Norfolk, Plymouth & Bristol",Second,9,961.311011138372,773.9909108278872,720.2469018824501,748.0327915409167,976,901
Bridgewater,-,8,Eighth Plymouth,"Norfolk, Plymouth & Bristol",Second,9,961.5620769848356,699.9677790253813,734.7627220035629,669.1547352546854,897,712
Bridgewater,-,9,Eighth Plymouth,"Norfolk, Plymouth & Bristol",Second,9,746.311273633694,663.4075891265267,545.4047010160738,627.5345997089537,994,1032
Brimfield,-,1,First Hampden,Worcester & Hampden,Seventh,1,1063,1193,793,1113,1017,1271
Brockton,1,A,Eleventh Plymouth,Second Plymouth & Norfolk,Second,8,1004,189,906,179,806,199
Brockton,1,B,Ninth Plymouth,Second Plymouth & Norfolk,Second,8,1176.2268907563025,335.64787205204664,953.4345351043644,370.6719978313906,1064,385
Brockton,1,C,Ninth Plymouth,Second Plymouth & Norfolk,Second,8,1083.0485698866703,352.2153264975715,943.6648677819752,374.7733405288721,899,373
Brockton,1,D,Ninth Plymouth,Second Plymouth & Norfolk,Second,8,1312.7245393570272,612.1368014503819,1039.9005971136603,600.5546616397373,1166,652
Brockton,2,A,Eleventh Plymouth,Second Plymouth & Norfolk,Second,8,846.8018894866736,112.19599561811192,812.9606847607408,78.63968764889717,636,128
Brockton,2,B,Eleventh Plymouth,Second Plymouth & Norfolk,Second,8,836.0395800654151,103.85433150820916,829.5088673278349,91.41315583373998,774,155
Brockton,2,C,Eleventh Plymouth,Second Plymouth & Norfolk,Second,8,697.7260273972603,114.05136986301368,722.6448140900195,75.71477495107632,519,133
Brockton,2,D,Eleventh Plymouth,Second Plymouth & Norfolk,Second,8,1053.2739726027398,263.9486301369863,888.3551859099804,256.2852250489237,803,287
Brockton,3,A,Eleventh Plymouth,Second Plymouth & Norfolk,Second,8,1036.3183591074585,247.0137188637757,923.1090678057748,254.5593877293537,887,298
Brockton,3,B,Eleventh Plymouth,Second Plymouth & Norfolk,Second,8,956.6816408925416,168.98628113622436,876.8909321942251,166.44061227064634,698,218
Brockton,3,C,Ninth Plymouth,Second Plymouth & Norfolk,Second,8,1243.1773127753304,520.0611233480176,990.4151982378854,547.8339757709251,1113,522
Brockton,3,D,Ninth Plymouth,Second Plymouth & Norfolk,Second,8,1179.8226872246696,585.9388766519824,925.5848017621144,553.1660242290749,1027,593
Brockton,4,A,Tenth Plymouth,Second Plymouth & Norfolk,Second,8,759,118,752,108,522,148
Brockton,4,B,Tenth Plymouth,Second Plymouth & Norfolk,Second,8,1055.0012584948402,275.09690410269314,918.8421847470426,258.4243644601057,889,285
Brockton,4,C,Tenth Plymouth,Second Plymouth & Norfolk,Second,8,1140.9987415051598,425.9030958973068,1016.1578152529574,430.5756355398943,988,462
Brockton,4,D,Tenth Plymouth,Second Plymouth & Norfolk,Second,8,1034,379,927,409,936,427
Brockton,5,A,Tenth Plymouth,Second Plymouth & Norfolk,Second,8,948.341216397966,208.11031366191617,865.6366769830283,173.68684293824035,708,192
Brockton,5,B,Tenth Plymouth,Second Plymouth & Norfolk,Second,8,1193.9306103000874,376.0720981044303,1041.6889246944424,343.8511065065448,996,409
Brockton,5,C,Tenth Plymouth,Second Plymouth & Norfolk,Second,8,1024.8068380334414,229.7142500623908,917.9193910656352,217.5253306713252,883,261
Brockton,5,D,Tenth Plymouth,Second Plymouth & Norfolk,Second,8,1194.9213352685051,472.1033381712627,1020.755007256894,514.9367198838897,1042,528
Brockton,6,A,Tenth Plymouth,Second Plymouth & Norfolk,Second,8,968.4322395962604,255.0391660461653,805.0102523372218,262.14079258707704,833,318
Brockton,6,B,Tenth Plymouth,Second Plymouth & Norfolk,Second,8,1119.0025316455697,487.95848101265824,876.8577215189874,546.6602531645569,971,519
Brockton,6,C,Tenth Plymouth,Second Plymouth & Norfolk,Second,8,1112.649867395158,338.10265522202286,886.8539277651155,380.0167613382259,960,382
Brockton,6,D,Tenth Plymouth,Second Plymouth & Norfolk,Second,8,1188.915361363012,592.8996977191537,937.2780983786756,629.1821929101402,1083,679
Brockton,7,A,Eleventh Plymouth,Second Plymouth & Norfolk,Second,8,1004.8868320045964,166.31428318404392,907.9328629654988,155.74802309431908,742,179
Brockton,7,B,Eleventh Plymouth,Second Plymouth & Norfolk,Second,8,1169.9824012330146,227.03007284089003,1008.5735814994432,238.34488140717696,1006,275
Brockton,7,C,Eleventh Plymouth,Second Plymouth & Norfolk,Second,8,1011.0934198637754,200.20111377536836,938.1650854879068,211.98713337503477,840,241
Brockton,7,D,Eleventh Plymouth,Second Plymouth & Norfolk,Second,8,1123.195877346525,332.4042030733766,959.8589179585754,371.8671186408321,936,351
Brookfield,-,1,Fifth Worcester,Worcester & Hampshire,Seventh,1,946,1054,708,936,930,1109
Brookline,-,1,Fifteenth Norfolk,Norfolk & Middlesex,Third,4,1569.420656806217,143.87139633993482,1427.429932313863,162.6781148157433,1243,160
Brookline,-,10,Fifteenth Norfolk,Norfolk & Middlesex,Third,4,1648.1860333289524,188.43682442709337,1471.427552647109,171.61886134403662,1472,182
Brookline,-,11,Fifteenth Norfolk,Norfolk & Middlesex,Third,4,1744.0302953156822,191.26858452138492,1539.5707739307536,172.42438900203666,1572,176
Brookline,-,12,Fifteenth Norfolk,Norfolk & Middlesex,Third,4,1762.7172058341157,201.41570921892637,1586.5912759300666,172.3532092742844,1553,240
Brookline,-,13,Seventeenth Suffolk,Norfolk & Middlesex,Third,4,1483.8541776683364,192.3922266850676,1347.7585318257395,161.43538456716684,1319,186
Brookline,-,13A,Twelfth Middlesex,Norfolk & Middlesex,Third,4,292.8781512449683,37.97373118830816,266.0160500043309,31.863573718441422,227,35
Brookline,-,14,Twelfth Middlesex,Norfolk & Middlesex,Third,4,1426.9197494835134,244.52950549879336,1290.5289154417935,197.66680712758367,1199,306
Brookline,-,14A,Seventeenth Suffolk,Norfolk & Middlesex,Third,4,299.40032045426534,51.30786950938312,270.78241153969867,41.47500615825892,344,56
Brookline,-,15,Twelfth Middlesex,Norfolk & Middlesex,Third,4,1680.9843932612296,406.64752391898617,1398.846843516796,383.9740378581287,1454,360
Brookline,-,16,Tenth Suffolk,Norfolk & Middlesex,Third,4,1466,279,1292,270,1408,310
Brookline,-,17,Fifteenth Norfolk,Norfolk & Middlesex,Third,4,1441.7827599314458,166.0808619691507,1327.933947260817,151.38774079113733,1236,184
Brookline,-,2,Fifteenth Norfolk,Norfolk & Middlesex,Third,4,1199.754408350418,132.94646199799365,1146.8869598678118,121.13178098077006,818,131
Brookline,-,3,Fifteenth Norfolk,Norfolk & Middlesex,Third,4,1620.1790482667082,182.94395857772972,1521.1657461055984,172.50963939696763,1439,166
Brookline,-,4,Fifteenth Norfolk,Norfolk & Middlesex,Third,4,1462.3438318060446,187.93483423413036,1363.8951874506524,190.95944806538813,1126,198
Brookline,-,5,Twelfth Middlesex,Norfolk & Middlesex,Third,4,943.2325251935772,100.51398648545764,829.0084500523374,105.03381043380182,732,104
Brookline,-,5A,Fifteenth Norfolk,Norfolk & Middlesex,Third,4,756.6106909975545,80.62694482897885,664.9862462155708,84.2525058962694,717,84
Brookline,-,6,Fifteenth Norfolk,Norfolk & Middlesex,Third,4,1672.319529655836,158.61506663661282,1554.5426539749933,154.6364957931034,1571,148
Brookline,-,7,Fifteenth Norfolk,Norfolk & Middlesex,Third,4,1510.6916729182296,162.53088272068018,1381.0427606901726,143.7411852963241,1328,176
Brookline,-,8,Fifteenth Norfolk,Norfolk & Middlesex,Third,4,1551.8969499552236,122.37516687792254,1452.9903097792817,135.63335907338885,1483,114
Brookline,-,9,Fifteenth Norfolk,Norfolk & Middlesex,Third,4,1647.399869315226,189.54208993427093,1480.2802616507652,152.6454463670552,1469,181
Buckland,-,1,First Franklin,"Berkshire, Hampden, Franklin & Hampshire",Eighth,2,889,268,703,230,808,296
Burlington,-,1,Twenty-First Middlesex,Fourth Middlesex,Third,6,1465.7359050295488,936.3858793379496,1202.9122218214038,936.0367790939598,1260,948
Burlington,-,2,Twenty-First Middlesex,Fourth Middlesex,Third,6,1111.3030441397782,570.7466213976492,905.994950742182,525.4770442325923,844,534
Burlington,-,3,Twenty-First Middlesex,Fourth Middlesex,Third,6,1362.9529318958716,788.3555088088352,1049.1795950565345,761.8808835130161,1208,810
Burlington,-,4,Twenty-First Middlesex,Fourth Middlesex,Third,6,1168.7569955817378,660.1570937653412,931.658321060383,635.052528227786,999,619
Burlington,-,5,Twenty-First Middlesex,Fourth Middlesex,Third,6,1501.2430044182622,905.8429062346588,1231.3416789396172,949.947471772214,1324,978
Burlington,-,6,Twenty-First Middlesex,Fourth Middlesex,Third,6,1421.335581787521,980.85413153457,1217.1399662731872,950.204047217538,1284,958
Burlington,-,7,Twenty-First Middlesex,Fourth Middlesex,Third,6,1415.6725371472803,723.657858920996,1094.7732661066927,675.401245942894,1299,722
Cambridge,1,1,Second Suffolk,Middlesex and Suffolk,Sixth,7,1196.1137855579868,143.054704595186,884.7964989059082,141.164113785558,812,140
Cambridge,1,2,Second Suffolk,Middlesex and Suffolk,Sixth,7,560.2450457208946,50.41360686742912,548.8049961196327,53.43484456888695,383,46
Cambridge,1,2A,Eighteenth Suffolk,Middlesex and Suffolk,Sixth,7,99.95922330216808,8.994822934747672,97.91808348055844,9.533873795358769,35,3
Cambridge,1,3,Twenty-Sixth Middlesex,Middlesex and Suffolk,Sixth,7,1371.5821820824165,172.43511911553065,1170.6458703763208,173.10394792921343,1228,230
Cambridge,10,1,Twenty-Ninth Middlesex,Second Middlesex,Sixth,7,1340.1840022373967,92.43959287345244,1251.5580100495874,95.83583382655353,1146,101
Cambridge,10,1A,Twenty-Fifth Middlesex,Second Middlesex,Sixth,5,711.1522446220116,49.05193902788869,664.1239461413609,50.854112739142394,762,72
Cambridge,10,2,Twenty-Fifth Middlesex,Second Middlesex,Sixth,5,2168.627512455394,101.15745100498216,2050.448200380787,98.09557876255516,1989,78
Cambridge,10,3,Twenty-Ninth Middlesex,Second Middlesex,Sixth,7,1698.7102902113786,105.71496336079164,1549.2605775728148,93.38489011727223,1435,152
Cambridge,11,1,Twenty-Fourth Middlesex,Second Middlesex,Sixth,7,772.7403271132227,60.894156001406365,634.7254713030062,43.44121083365014,662,73
Cambridge,11,1A,Twenty-Ninth Middlesex,Second Middlesex,Sixth,7,678.5727035685675,53.47347694893372,557.3766037226712,38.14738127076286,720,84
Cambridge,11,2,Twenty-Ninth Middlesex,Second Middlesex,Sixth,7,1392.2348813891103,106.41299323488376,1127.1536577813197,69.7109365151156,961,241
Cambridge,11,3,Twenty-Fourth Middlesex,Second Middlesex,Sixth,5,1703.699321176627,150.30168507919603,1560.325649940104,151.44107972847064,1487,165
Cambridge,11,3A,Twenty-Ninth Middlesex,Second Middlesex,Sixth,7,193.93054895324295,17.10870453119355,177.6104539560001,17.23840079100987,165,7
Cambridge,2,1,Twenty-Sixth Middlesex,Middlesex and Suffolk,Sixth,7,1607.3198947893006,198.57153333272743,1398.8202235120582,184.688530746321,1320,202
Cambridge,2,2,Twenty-Sixth Middlesex,Middlesex and Suffolk,Sixth,7,1273.6081295295803,162.59967697738637,1065.911868093523,155.8510899294885,1261,207
Cambridge,2,3,Second Suffolk,Middlesex and Suffolk,Sixth,7,990.912930726745,119.719712682498,835.3935985575281,116.14226681126684,1152,145
Cambridge,2,3A,Twenty-Sixth Middlesex,Middlesex and Suffolk,Sixth,7,100.07933748735864,12.09134441373573,84.37233513897196,11.730032736808552,118,19
Cambridge,3,1,Twenty-Sixth Middlesex,Middlesex and Suffolk,Sixth,7,1447.857491763699,105.48180393835575,1293.913995075494,80.35735870297538,1127,130
Cambridge,3,2,Twenty-Sixth Middlesex,Middlesex and Suffolk,Sixth,7,1030.1923602926238,65.40609066870145,990.7039317604108,64.65809016620993,1427,138
Cambridge,3,3,Twenty-Sixth Middlesex,Middlesex and Suffolk,Sixth,7,1145.9488012701636,65.2582792843296,1064.056170930551,53.53494178174338,996,55
Cambridge,3,3A,Twenty-Fifth Middlesex,Middlesex and Suffolk,Sixth,5,480.53104223733646,27.36477312455526,446.1909818742265,22.44882261928508,482,44
Cambridge,4,1,Twenty-Sixth Middlesex,Middlesex and Suffolk,Sixth,7,1907.942616263258,120.91868370954585,1823.5229806907803,122.03399510470491,1695,149
Cambridge,4,2,Twenty-Fifth Middlesex,Middlesex and Suffolk,Sixth,5,1658.5307996026013,80.76812810569704,1569.1683819691018,81.78397846131955,1329,97
Cambridge,4,2A,Twenty-Fifth Middlesex,Middlesex and Suffolk,Sixth,7,245.16082194494507,11.938988819557553,231.9514418337855,12.089149858603166,211,18
Cambridge,4,3,Twenty-Fifth Middlesex,Middlesex and Suffolk,Sixth,7,1881.4637164655364,76.09331214791274,1723.528015967854,60.475453363623224,1529,101
Cambridge,5,1,Twenty-Sixth Middlesex,Middlesex and Suffolk,Sixth,7,1712.9846328171552,92.58463133311244,1566.3326762679935,73.43097620014706,1410,119
Cambridge,5,2,Eighteenth Suffolk,Middlesex and Suffolk,Sixth,7,452.3151509716831,18.615826195223324,560.799815419909,25.487241710803943,261,26
Cambridge,5,3,Twenty-Sixth Middlesex,Middlesex and Suffolk,Sixth,7,1484.7921778205225,71.70231813725607,1398.054709882653,67.33905639766152,1387,101
Cambridge,6,1,Twenty-Sixth Middlesex,Middlesex and Suffolk,Sixth,7,1433.9074611173642,59.00171804937734,1290.84493521333,63.47223106788897,1281,85
Cambridge,6,1A,Twenty-Sixth Middlesex,Middlesex and Suffolk,Sixth,5,378.7980806879143,15.586596876326803,341.00497918010535,16.7675808638032,371,21
Cambridge,6,2,Twenty-Fifth Middlesex,Middlesex and Suffolk,Sixth,5,999.6741035106302,44.65935090952398,1068.0225156785557,45.81605204165983,947,63
Cambridge,6,3,Twenty-Fifth Middlesex,Middlesex and Suffolk,Sixth,5,1980.7933147632311,143.35097493036213,1834.0629526462396,135.19108635097493,1721,110
Cambridge,7,1,Twenty-Fifth Middlesex,Second Middlesex,Sixth,5,1712.908953913584,77.24464486197412,1736.181498465951,62.19195779180509,1530,81
Cambridge,7,2,Twenty-Fifth Middlesex,Middlesex and Suffolk,Sixth,5,1129.949230125855,61.8882115699752,1186.0603194748744,54.32479426073183,1077,89
Cambridge,7,2A,Twenty-Fifth Middlesex,Middlesex and Suffolk,Sixth,7,19.365025366338557,1.060637730419455,20.326655003853887,0.931016182703202,39,0
Cambridge,7,3,Twenty-Fifth Middlesex,Middlesex and Suffolk,Sixth,5,654.8351393972384,39.636986129704184,710.2648206544468,39.85488637603807,435,57
Cambridge,8,1,Twenty-Fifth Middlesex,Second Middlesex,Sixth,5,1727.39278816944,73.58107772281814,1699.7693663223108,78.22960508187154,1371,68
Cambridge,8,2,Twenty-Fifth Middlesex,Suffolk and Middlesex,Third,5,1259.568756984051,55.622338559781184,1274.4957209952213,64.73815414999285,1420,74
Cambridge,8,3,Twenty-Fifth Middlesex,Middlesex and Suffolk,Sixth,5,876.5849969501769,46.820633472902145,941.7867734785614,42.86223517928774,486,29
Cambridge,9,1,Twenty-Ninth Middlesex,Suffolk and Middlesex,Third,5,2351.012975716463,136.1838039989599,2150.9534643435804,134.0793333498739,2232,135
Cambridge,9,2,Twenty-Ninth Middlesex,Suffolk and Middlesex,Third,5,1871.0325021001363,170.1434969064554,1637.0865878996874,190.1457737390023,1702,199
Cambridge,9,3,Twenty-Ninth Middlesex,Suffolk and Middlesex,Third,5,1809.891498285955,199.01571232510295,1661.4612877725017,194.5893486331974,1588,205
Canton,-,1,Sixth Norfolk,Bristol and Norfolk,Second,8,1332.5173078039477,693.5166650341404,1045.9348141244177,650.9970008065544,1101,687
Canton,-,2,Sixth Norfolk,Bristol and Norfolk,Second,8,1399.3962572532714,744.022679432218,1093.41317477528,721.1618820650174,1444,835
Canton,-,3,Sixth Norfolk,Bristol and Norfolk,Second,8,1195.08769982238,611.2400088809947,998.645648312611,578.3692273534635,962,618
Canton,-,4,Sixth Norfolk,Bristol and Norfolk,Second,8,1299.8907346747776,817.8380907814693,979.0465605989704,779.3053345811885,1171,818
Canton,-,5,Sixth Norfolk,Bristol and Norfolk,Second,8,1397.2240671793018,756.5065713801217,1121.7325943835572,733.2052588445968,1204,840
Canton,-,6,Sixth Norfolk,Bristol and Norfolk,Second,8,1263.994331921749,657.5779694504438,1018.6018746200272,593.3441071918826,1214,685
Canton,-,7,Sixth Norfolk,Bristol and Norfolk,Second,8,1333.8896013445722,684.2980150406124,1050.6253331851362,674.6171891572966,1285,776
Carlisle,-,1,Fourteenth Middlesex,Third Middlesex,Third,3,2772,767,2302,732,2648,663
Carver,-,1,Second Plymouth,Third Bristol & Plymouth,First,9,1017,1161,818,1051,965,1339
Carver,-,2,Second Plymouth,Third Bristol & Plymouth,First,9,1066.3389121338912,1160.937238493724,794.7322175732218,1087.9539748953976,905,1323
Carver,-,3,Second Plymouth,Third Bristol & Plymouth,First,9,1193.6610878661088,1182.0627615062765,916.2677824267782,1067.0460251046024,1152,1283
Charlemont,-,1,First Franklin,"Berkshire, Hampden, Franklin & Hampshire",Eighth,1,492,235,407,228,479,211
Charlton,-,1,Sixth Worcester,Worcester & Hampden,Seventh,1,952,907,712,945,927,988
Charlton,-,2,Sixth Worcester,Worcester & Hampden,Seventh,1,887,1145,652,1029,811,1245
Charlton,-,3,Sixth Worcester,Worcester & Hampden,Seventh,1,955.5055698371892,1099.566409597258,686.9840045701228,980.9857183661812,903,1137
Charlton,-,4,Seventh Worcester,Worcester & Hampden,Seventh,1,941.1598874975816,951.8343906349336,642.0962536049608,879.2155490136457,835,1114
Charlton,-,4A,Sixth Worcester,Worcester & Hampden,Seventh,1,23.334542665229293,23.599199767808273,15.919741824916382,21.79873262017303,18,35
Chatham,-,1,Fourth Barnstable,Cape and Islands,First,9,1601.5609645131938,945.3694267515924,1236.093721565059,925.781619654231,1517,875
Chatham,-,2,Fourth Barnstable,Cape and Islands,First,9,1505.4390354868062,888.6305732484076,1161.9062784349408,870.2183803457689,1445,871
Chelmsford,-,1,Sixteenth Middlesex,Third Middlesex,Third,3,1120.9722135644186,688.504572666067,878.1642671541593,674.4790261343652,980,715
Chelmsford,-,10,Fourteenth Middlesex,Third Middlesex,Third,3,1149.5152515938566,744.8499223126951,855.0203502466011,667.8621811450803,960,736
Chelmsford,-,11,Fourteenth Middlesex,Third Middlesex,Third,3,1373.1951758399505,748.1979997456867,1040.840570602421,738.9298896677537,1317,724
Chelmsford,-,2,Sixteenth Middlesex,Third Middlesex,Third,3,1178.5047512052292,647.2948853285129,915.4319388079005,595.2255809117054,1134,733
Chelmsford,-,3A,Sixteenth Middlesex,Third Middlesex,Third,3,623.8248777935432,373.79874401704006,495.6990899683893,374.4285108431697,527,339
Chelmsford,-,3B,Second Middlesex,Third Middlesex,Third,3,678.6331647991992,406.6401223809533,539.2504438155205,407.325219544461,587,330
Chelmsford,-,4,Second Middlesex,Third Middlesex,Third,3,1361.193419857786,723.2019860749043,1076.1055046191368,736.228994561381,1348,715
Chelmsford,-,5A,Second Middlesex,Third Middlesex,Third,3,336.8485459021644,177.5885373086689,263.7037424729746,189.40620770714511,1030,644
Chelmsford,-,5B,Sixteenth Middlesex,Third Middlesex,Third,3,1092.682507524401,576.0686534487431,855.4125290854857,614.4032755843969,321,188
Chelmsford,-,6,Sixteenth Middlesex,Third Middlesex,Third,3,1261.340519353258,705.9024987751102,1009.2324840764333,707.5031847133757,1163,725
Chelmsford,-,7,Fourteenth Middlesex,Third Middlesex,Third,3,1240.4761904761904,687.3015873015872,953.1746031746032,634.1269841269841,1062,700
Chelmsford,-,8,Fourteenth Middlesex,Third Middlesex,Third,3,1218.1300801583814,622.4139254018903,888.8771465153525,629.8766661351929,1222,567
Chelmsford,-,9,Fourteenth Middlesex,Third Middlesex,Third,3,1265.683301931621,721.2365652381404,934.087329461022,691.2042789249888,1286,785
Chelsea,1,1,Eleventh Suffolk,Middlesex and Suffolk,Sixth,7,383.1803443868299,125.0465614120935,393.8708442276665,70.98818638996657,287,140
Chelsea,1,2,Eleventh Suffolk,Middlesex and Suffolk,Sixth,7,383.770802686838,114.81265651133444,387.1624860340331,67.01803489591781,196,85
Chelsea,1,3,Eleventh Suffolk,Middlesex and Suffolk,Sixth,7,399.12010538708626,89.87631458892442,380.3089089367726,61.31742016916089,269,121
Chelsea,1,4,Eleventh Suffolk,Middlesex and Suffolk,Sixth,7,401.0157439457194,60.93165623936261,371.0387559395906,34.999108466183614,256,122
Chelsea,2,1,Eleventh Suffolk,Middlesex and Suffolk,Sixth,7,855.6823825084941,234.76126717021265,689.7695863353426,202.31196138963975,740,311
Chelsea,2,2,Eleventh Suffolk,Middlesex and Suffolk,Sixth,7,531.631394591097,107.2785319882988,495.781367634388,67.90431720912864,456,144
Chelsea,2,3,Eleventh Suffolk,Middlesex and Suffolk,Sixth,7,418.15979736272755,82.75616643953703,404.480066400014,44.737610112289744,259,89
Chelsea,2,4,Eleventh Suffolk,Middlesex and Suffolk,Sixth,7,494.8347191457756,118.97971609118476,446.62413993830694,82.68337664968976,325,102
Chelsea,3,1,Eleventh Suffolk,Middlesex and Suffolk,Sixth,7,469.0571781469545,123.15542618871082,453.4329948465339,94.00693277002476,355,145
Chelsea,3,2,Eleventh Suffolk,Middlesex and Suffolk,Sixth,7,580.0442827809585,117.64456293154986,547.3713877638902,95.6399810476464,378,182
Chelsea,3,3,Eleventh Suffolk,Middlesex and Suffolk,Sixth,7,471.2463941986473,129.96647251271506,455.070613792009,82.84092350826444,323,159
Chelsea,3,4,Eleventh Suffolk,Middlesex and Suffolk,Sixth,7,524.9205057682515,130.2370240668559,493.73955550174674,79.21213058999354,383,134
Chelsea,4,1,Eleventh Suffolk,Middlesex and Suffolk,Sixth,7,624.0927595226835,180.4156214219688,519.2330081310688,140.79945665104017,438,182
Chelsea,4,2,Eleventh Suffolk,Middlesex and Suffolk,Sixth,7,528.3218727139722,237.09144111192393,506.8529626920264,185.75274323335773,412,227
Chelsea,4,3,Eleventh Suffolk,Middlesex and Suffolk,Sixth,7,573.9182233244431,213.72008349792,481.11222338240344,172.02756889149222,362,258
Chelsea,4,4,Eleventh Suffolk,Middlesex and Suffolk,Sixth,7,536.4885550409451,161.18472864170147,493.36961045358055,116.76493461085543,348,193
Cheshire,-,1,First Berkshire,"Berkshire, Hampden, Franklin & Hampshire",Eighth,1,1124,775,978,741,1032,876
Chester,-,1,Third Hampden,"Berkshire, Hampden, Franklin & Hampshire",Eighth,1,313,415,238,372,293,434
Chesterfield,-,1,First Hampshire,"Berkshire, Hampden, Franklin & Hampshire",Eighth,2,510,287,398,267,497,291
Chicopee,1,A,Eighth Hampden,"Hampden, Hampshire & Worcester",Eighth,1,762.338037002195,609.4976481655692,615.0893697083726,596.4502978990279,721,699
Chicopee,1,B,Eighth Hampden,"Hampden, Hampshire & Worcester",Eighth,1,970.1268774924716,737.452500492104,792.1846347018454,713.7393734721128,888,749
Chicopee,2,A,Sixth Hampden,Hampden,Eighth,1,662.4007636900113,355.7069202555987,688.3713122953179,293.76392295500534,555,362
Chicopee,2,B,Eighth Hampden,Hampden,Eighth,1,841.109381237525,696.6284420632419,698.194774661204,605.281874146444,707,758
Chicopee,3,A,Sixth Hampden,Hampden,Eighth,1,510.1680519857029,411.5164751433774,445.1876737523564,343.4582662250239,486,603
Chicopee,3,A1,Fifth Hampden,Hampden,Eighth,1,255.73574808276675,206.28393567483556,223.1625487741756,172.1678892012,150,85
Chicopee,3,B,Fifth Hampden,Hampden,Eighth,1,655.5638677219072,466.2136866381156,620.9203873416875,396.5871452173556,563,496
Chicopee,4,A,Sixth Hampden,Hampden,Eighth,1,811.210372035307,524.1234422045843,677.9476448690033,483.75064877900303,690,530
Chicopee,4,B,Eighth Hampden,Hampden,Eighth,1,780.2940594112837,439.75012350572786,691.635979683737,450.66240623008514,652,504
Chicopee,5,A,Eighth Hampden,Hampden,Eighth,1,907.2985119951412,565.945338597024,715.9201336167629,528.2927421803827,787,605
Chicopee,5,B,Eighth Hampden,Hampden,Eighth,1,791.6869116307319,552.8457333738232,676.9301548739751,538.2484057090799,669,588
Chicopee,6,A,Eighth Hampden,"Hampden, Hampshire & Worcester",Eighth,1,830.2591527280158,609.1812878802393,672.468658392888,598.0110100173076,801,640
Chicopee,6,B,Eighth Hampden,"Hampden, Hampshire & Worcester",Eighth,1,865,964,716,943,778,955
Chicopee,7,A,Eighth Hampden,Hampden and Hampshire,Eighth,1,695.9407337723425,439.5296331138288,639.8739416745061,391.7262464722483,546,456
Chicopee,7,B,Eighth Hampden,Hampden,Eighth,1,785.5323322096231,429.9859025436715,680.7293901317806,391.78669935642046,643,441
Chicopee,8,A,Eighth Hampden,Hampden,Eighth,1,833.3311965393568,618.1491234875696,687.102866281645,550.0669718473468,740,677
Chicopee,8,B,Eighth Hampden,"Hampden, Hampshire & Worcester",Eighth,1,759.6688034606432,611.8508765124304,633.897133718355,550.9330281526532,641,721
Chicopee,9,A,Eighth Hampden,Hampden and Hampshire,Eighth,1,846,631,697,564,782,589
Chicopee,9,B,Eighth Hampden,"Hampden, Hampshire & Worcester",Eighth,1,938.3351990049752,766.3389303482587,765.383395522388,729.0730721393035,831,789
Chilmark,-,1,"Barnstable, Dukes and Nantucket",Cape and Islands,First,9,793.3729372937294,110.63366336633663,614.963696369637,93.68976897689768,778,123
Clarksburg,-,1,First Berkshire,"Berkshire, Hampden, Franklin & Hampshire",Eighth,1,583,390,510,327,551,398
Clinton,-,1,Twelfth Worcester,Worcester and Middlesex,Seventh,3,1364.2633552014995,761.9409559512652,1083.1480787253984,731.4686035613871,1205,833
Clinton,-,2,Twelfth Worcester,Worcester and Middlesex,Seventh,3,1067.7366447985005,621.0590440487348,858.8519212746016,614.5313964386129,900,647
Clinton,-,3,Twelfth Worcester,Worcester and Middlesex,Seventh,3,1197,757,930,718,1102,840
Clinton,-,4,Twelfth Worcester,Worcester and Middlesex,Seventh,3,1059,746,895,684,985,805
Cohasset,-,1,Third Plymouth,First Plymouth & Norfolk,Fourth,9,1270.6309252217998,540.1384030418251,964.1401774397972,529.1432192648923,1137,534
Cohasset,-,2,Third Plymouth,First Plymouth & Norfolk,Fourth,9,1288.9990982867448,566.5151036970243,961.5933273219116,553.6251127141569,1143,632
Cohasset,-,3,Third Plymouth,First Plymouth & Norfolk,Fourth,9,1289.3699764914554,558.3464932611505,969.2664952382912,546.2316680209508,1178,549
Colrain,-,1,First Franklin,"Berkshire, Hampden, Franklin & Hampshire",Eighth,2,670.5579514824798,307.6711590296496,516.2991913746631,258.49865229110515,644,358
Concord,-,1,Fourteenth Middlesex,Third Middlesex,Third,3,1817.9670877619235,337.48702161033265,1557.1626581891308,320.47393086584776,1654,342
Concord,-,2,Fourteenth Middlesex,Third Middlesex,Third,3,1970.2291689035312,386.812501362301,1736.497048549583,402.35577167592487,1972,419
Concord,-,3,Thirteenth Middlesex,Third Middlesex,Third,3,2067.006163328197,436.8335901386749,1772.153312788906,465.6910631741141,1965,392
Concord,-,4,Thirteenth Middlesex,Third Middlesex,Third,3,2328.993836671803,474.1664098613251,1849.846687211094,437.308936825886,2092,441
Concord,-,5,Fourteenth Middlesex,Third Middlesex,Third,3,1839.803743334545,341.70047702736633,1544.3402932612858,325.1702974582273,1905,330
Conway,-,1,First Franklin,"Berkshire, Hampden, Franklin & Hampshire",Eighth,2,989,278,865,249,943,315
Cummington,-,1,First Hampshire,"Berkshire, Hampden, Franklin & Hampshire",Eighth,1,413,162,334,156,399,158
Dalton,-,1,Third Berkshire,"Berkshire, Hampden, Franklin & Hampshire",Eighth,1,1305,560,1091,491,1142,637
Dalton,-,2,Third Berkshire,"Berkshire, Hampden, Franklin & Hampshire",Eighth,1,1377,479,1099,449,1180,552
Danvers,-,1,Thirteenth Essex,Second Essex,Fifth,6,1317.4652498564044,746.7932222860425,1051.8075818495115,719.2435381964389,1174,795
Danvers,-,2,Thirteenth Essex,Second Essex,Fifth,6,1256,796,1033,815,1183,855
Danvers,-,3,Thirteenth Essex,Second Essex,Fifth,6,1097.6042865674367,760.239890296739,889.6824843756538,764.1168370794994,966,867
Danvers,-,4,Thirteenth Essex,Second Essex,Fifth,6,1336.7347447073475,773.2029887920299,1004.1581569115816,780.799501867995,1161,867
Danvers,-,5,Thirteenth Essex,Second Essex,Fifth,6,1249.930463576159,935.9668874172186,971.5099337748344,883.6396247240618,1103,982
Danvers,-,6,Thirteenth Essex,Second Essex,Fifth,6,1278.4765550139598,1049.8702313751855,1044.2266923410152,987.1325984613692,1169,1097
Danvers,-,7,Thirteenth Essex,Second Essex,Fifth,6,1277,860,952,810,1153,914
Danvers,-,8,Thirteenth Essex,Second Essex,Fifth,6,1019.7887002786928,802.9267798327844,805.615150747403,724.0678996706359,860,792
Dartmouth,-,1,Ninth Bristol,Second Bristol and Plymouth,First,9,1013.3228191227204,1260.896007885658,859.7890586495811,1041.150813208477,955,1407
Dartmouth,-,2,Ninth Bristol,Second Bristol and Plymouth,First,9,820.5495213028114,710.8492116133995,706.7565917678711,623.8071722480271,793,845
Dartmouth,-,3,Ninth Bristol,Second Bristol and Plymouth,First,9,410.1653546764693,291.75075098675825,479.1513356752474,272.2987119885348,156,150
Dartmouth,-,4,Ninth Bristol,Second Bristol and Plymouth,First,9,974.8096746189176,768.4375933571085,871.290912153781,639.513863187216,998,1115
Dartmouth,-,5,Ninth Bristol,Second Bristol and Plymouth,First,9,1154.1526302790812,912.0664361570758,946.0121017535196,810.2294393677452,1058,1052
Dartmouth,-,6,Ninth Bristol,Second Bristol and Plymouth,First,9,981.4701492537314,860.3159203980099,943.995024875622,728.7487562189054,870,1070
Dartmouth,-,7,Ninth Bristol,Second Bristol and Plymouth,First,9,1207.1679104477612,1025.8271144278608,1043.5696517412937,842.2674129353234,1142,1156
Dartmouth,-,8,Ninth Bristol,Second Bristol and Plymouth,First,9,1596.3619402985075,914.8569651741294,1345.4353233830846,826.9838308457712,1509,1061
Dartmouth,-,9,Ninth Bristol,Second Bristol and Plymouth,First,9,1634,1033,1390,953,1573,1138
Dedham,-,1,Eleventh Norfolk,Norfolk and Suffolk,Fourth,8,1648.2609167344724,457.4344995931652,1404.1087605098996,434.9837266069975,1522,486
Dedham,-,2,Eleventh Norfolk,Norfolk and Suffolk,Fourth,8,1635.7390832655276,729.5655004068349,1301.8912394901004,725.0162733930024,1425,803
Dedham,-,3,Eleventh Norfolk,Norfolk and Suffolk,Fourth,8,1390.947407098453,594.4857203859915,1113.1205570829893,600.0076388238666,1151,622
Dedham,-,4,Eleventh Norfolk,Norfolk and Suffolk,Fourth,8,1502,639,1212,652,1313,663
Dedham,-,5,Eleventh Norfolk,Norfolk and Suffolk,Fourth,8,1536.7613065207086,789.3057812301371,1165.1540552587871,809.8733236354542,1362,826
Dedham,-,6,Eleventh Norfolk,Norfolk and Suffolk,Fourth,8,1551.741258741259,675.3643856143856,1226.7397602397602,658.4567932067932,1351,714
Dedham,-,7,Eleventh Norfolk,Norfolk and Suffolk,Fourth,8,1494.55002763958,885.844112769486,1197.9856274184633,897.6622443338861,1370,945
Deerfield,-,1,First Franklin,"Hampshire, Franklin and Worcester",Eighth,2,2425,839,1968,777,2307,865
Dennis,-,1,First Barnstable,Cape and Islands,First,9,1400.108733777622,941.6534549280956,1077.0869870220974,948.1241669589616,1270,981
Dennis,-,2,First Barnstable,Cape and Islands,First,9,1430.1669589617677,932.0098211153982,1182.3335671694142,843.9519466853735,1410,887
Dennis,-,3,First Barnstable,Cape and Islands,First,9,1008.9831208842468,615.3611187666182,771.6392010115087,607.7556967241076,895,629
Dennis,-,4,First Barnstable,Cape and Islands,First,9,1149.2955462180075,715.0596587570669,903.6613543625522,698.2599844258436,1198,910
Dennis,-,5,First Barnstable,Cape and Islands,First,9,1192.445640158356,733.9159464328214,952.2788904344276,652.9082052057137,1036,771
Dighton,-,1,Fifth Bristol,Third Bristol & Plymouth,First,4,714.8237826203928,819.9028786655906,554.7032553134248,746.2760290556901,672,912
Dighton,-,2,Fifth Bristol,Third Bristol & Plymouth,First,4,719.409443430657,837.5214416058394,521.7139598540147,697.9345346715329,600,996
Dighton,-,3,Fifth Bristol,Third Bristol & Plymouth,First,4,704.7667739489502,815.5756797285701,525.5827848325606,704.789436272777,634,897
Douglas,-,1,Eighteenth Worcester,Worcester & Hampden,Seventh,2,769.7265068049255,991.400194426442,532.9601425793908,901.7874270900844,796,1079
Douglas,-,2,Eighteenth Worcester,Worcester & Hampden,Seventh,2,885.2734931950745,1041.599805573558,675.0398574206092,962.2125729099156,837,1118
Douglas,-,3,Eighteenth Worcester,Worcester & Hampden,Seventh,2,803,923,572,821,774,1074
Dover,-,1,Thirteenth Norfolk,"Norfolk, Worcester & Middlesex",Second,4,2761,1142,2063,1137,2439,1117
Dracut,-,1,Thirty-Sixth Middlesex,First Middlesex,Fifth,3,893,820,654,777,805,821
Dracut,-,2,Thirty-Sixth Middlesex,First Middlesex,Fifth,3,884.5860041164364,829.0402822699207,675.8709203175537,848.5871802411056,800,864
Dracut,-,3,Thirty-Sixth Middlesex,First Middlesex,Fifth,3,978.7662558972186,1004.8340806652476,743.8470701578385,961.0667242941624,866,966
Dracut,-,4,Thirty-Sixth Middlesex,First Middlesex,Fifth,3,1097.271328997815,1184.2588560165484,770.8853346277765,1115.781005177532,1049,1268
Dracut,-,5,Thirty-Sixth Middlesex,First Middlesex,Fifth,3,894,1010,705,947,833,1097
Dracut,-,6,Thirty-Sixth Middlesex,First Middlesex,Fifth,3,923,869,761,824,851,905
Dracut,-,7,Thirty-Sixth Middlesex,First Middlesex,Fifth,3,1012.768154052542,845.5972536163226,774.2486228976994,791.8012122004704,869,861
Dracut,-,8,Thirty-Sixth Middlesex,First Middlesex,Fifth,3,1009.619136089178,1221.15838365072,779.723176962378,1067.3116581514166,965,1357
Dracut,-,9,Thirty-Sixth Middlesex,First Middlesex,Fifth,3,973.9891208468098,995.1111437812408,752.4248750367539,954.4522199353132,851,1049
Dudley,-,1,Sixth Worcester,Worcester & Hampden,Seventh,1,805.5925312369511,910.220893424983,634.3886157774709,815.6764510326663,797,1004
Dudley,-,2,Sixth Worcester,Worcester & Hampden,Seventh,1,647.111959894963,762.8207209357842,473.5488183337312,681.3960372403915,612,826
Dudley,-,3,Sixth Worcester,Worcester & Hampden,Seventh,1,582.2774869109948,699.1884816753926,460.81151832460733,638.4554973821989,542,732
Dudley,-,4,Sixth Worcester,Worcester & Hampden,Seventh,1,709.018021957091,819.76990396384,544.2510475641906,735.4720143447432,735,970
Dunstable,-,1,First Middlesex,First Middlesex,Fifth,3,1243,877,954,837,1205,966
Duxbury,-,1,Sixth Plymouth,First Plymouth & Norfolk,Fourth,9,1326,753,968,697,1180,741
Duxbury,-,2,Sixth Plymouth,First Plymouth & Norfolk,Fourth,9,1217,680,883,668,1074,651
Duxbury,-,3,Sixth Plymouth,First Plymouth & Norfolk,Fourth,9,1168,659,828,576,1067,651
Duxbury,-,4,Sixth Plymouth,First Plymouth & Norfolk,Fourth,9,1122,625,853,631,1028,670
Duxbury,-,5,Sixth Plymouth,First Plymouth & Norfolk,Fourth,9,1054,714,826,697,970,692
Duxbury,-,6,Sixth Plymouth,First Plymouth & Norfolk,Fourth,9,1023,601,779,619,979,649
East Bridgewater,-,1,Seventh Plymouth,Second Plymouth & Norfolk,Second,8,1034,1098,761,1002,904,1186
East Bridgewater,-,2,Seventh Plymouth,Second Plymouth & Norfolk,Second,8,1008,1088,791,1042,969,1150
East Bridgewater,-,3,Seventh Plymouth,Second Plymouth & Norfolk,Second,8,1111,1159,874,1077,948,1232
East Bridgewater,-,4,Ninth Plymouth,Second Plymouth & Norfolk,Second,8,1030,1021,748,952,905,1075
East Brookfield,-,1,Fifth Worcester,Worcester & Hampshire,Seventh,1,593,741,417,664,556,769
East Longmeadow,-,1,Twelfth Hampden,"Hampden, Hampshire & Worcester",Eighth,1,1097.775678866588,867.3974025974026,817.1471074380165,843.4318772136954,1008,853
East Longmeadow,-,2,Second Hampden,"Hampden, Hampshire & Worcester",Eighth,1,998.3812172574966,805.5160773680445,787.6725600693571,809.6436304179255,927,897
East Longmeadow,-,2A,Twelfth Hampden,"Hampden, Hampshire & Worcester",Eighth,1,27.920310623980384,22.526724966346663,22.02772064115289,22.642154384766812,9,5
East Longmeadow,-,3,Second Hampden,"Hampden, Hampshire & Worcester",Eighth,1,1036.495558216056,902.7348937279626,794.5484199697245,854.5630794598678,983,874
East Longmeadow,-,3A,Twelfth Hampden,"Hampden, Hampshire & Worcester",Eighth,1,51.80848593409397,45.122555203629695,39.714932026150954,42.71472167058126,51,49
East Longmeadow,-,4,Second Hampden,"Hampden, Hampshire & Worcester",Eighth,1,858.6382978615708,834.7873189260847,671.784024815483,785.3599281956698,778,928
East Longmeadow,-,4A,Twelfth Hampden,"Hampden, Hampshire & Worcester",Eighth,1,213.52893712810317,207.59759887514747,167.0614147490723,195.30583616905105,180,205
East Longmeadow,-,5,Second Hampden,"Hampden, Hampshire & Worcester",Eighth,1,1010.4515141121112,937.317428335382,789.0438202910428,887.3387724884427,903,953
Eastham,-,1,Fourth Barnstable,Cape and Islands,First,9,2864,1151,2203,1199,2885,1157
Easthampton,-,1,Second Hampshire,Hampden and Hampshire,Eighth,1,1501.398616627111,475.7757676516033,1190.647927517881,504.32600644141223,1442,540
Easthampton,-,2,Second Hampshire,Hampden and Hampshire,Eighth,1,1598.1853748340834,412.7526182817475,1292.974837178634,423.418462056679,1392,384
Easthampton,-,3,Second Hampshire,Hampden and Hampshire,Eighth,1,1690.1392809169097,472.63381190796014,1283.3726427437502,487.8552762416482,1558,444
Easthampton,-,4,Second Hampshire,Hampden and Hampshire,Eighth,1,1652.276727621896,367.83780215868904,1334.0045925597346,415.40025526026056,1520,411
Easthampton,-,5,Second Hampshire,Hampden and Hampshire,Eighth,1,1354,796,1112,768,1304,782
Easton,-,1,Ninth Plymouth,"Norfolk, Plymouth & Bristol",Second,8,1143.4421790277906,687.6372313443954,876.5495316310455,674.3937188208247,1349,936
Easton,-,2,Ninth Plymouth,"Norfolk, Plymouth & Bristol",Second,8,1422.95302796135,848.8386710791475,1092.122019780009,827.0284852758515,1334,856
Easton,-,3,Ninth Plymouth,"Norfolk, Plymouth & Bristol",Second,8,1024.019366044794,634.6348603268884,780.9441326755834,615.4275428093363,530,376
Easton,-,4A,Third Bristol,"Norfolk, Plymouth & Bristol",Second,8,654.9192792906056,382.45886030449464,491.5119340918677,367.9921897062675,584,444
Easton,-,4B,Ninth Plymouth,"Norfolk, Plymouth & Bristol",Second,8,697.4260594368709,407.2819113338729,523.4129490449457,391.8762981727801,679,500
Easton,-,5,Third Bristol,"Norfolk, Plymouth & Bristol",Second,8,1333.979207463011,802.7281208353731,983.5004861564404,731.3536894344268,1230,760
Easton,-,6,Third Bristol,"Norfolk, Plymouth & Bristol",Second,8,1260.703125,925.39111328125,931.51953125,867.60888671875,1111,1009
Easton,-,7,Ninth Plymouth,"Norfolk, Plymouth & Bristol",Second,8,1177.5577557755776,778.0292314945781,876.4394153701085,755.3191890617634,1180,896
Edgartown,-,1,"Barnstable, Dukes and Nantucket",Cape and Islands,First,9,2185,854,1787,779,1969,857
Egremont,-,1,Third Berkshire,"Berkshire, Hampden, Franklin & Hampshire",Eighth,1,783,174,621,147,752,176
Erving,-,1,Second Franklin,"Hampshire, Franklin and Worcester",Eighth,2,550,355,420,300,500,434
Essex,-,1,Fifth Essex,First Essex and Middlesex,Fifth,6,1650,796,1272,758,1540,810
Everett,1,1,Twenty-Eighth Middlesex,Middlesex and Suffolk,Sixth,7,508.9004891195632,202.8827641622368,464.9336038066545,186.70776652731368,416,271
Everett,1,2,Twenty-Eighth Middlesex,Middlesex and Suffolk,Sixth,7,504.5121832151035,213.66485476502208,464.54667506299046,192.5198708583773,289,217
Everett,1,3,Second Suffolk,Middlesex and Suffolk,Sixth,7,286.72997032640944,133.32542037586546,267.45400593471805,116.4589515331355,256,119
Everett,1,3A,Twenty-Eighth Middlesex,Middlesex and Suffolk,Sixth,7,179.3827893175074,83.4104846686449,167.3234421364985,72.85855588526212,121,77
Everett,2,1,Eleventh Suffolk,Middlesex and Suffolk,Sixth,7,592.6421404682275,240.80267558528428,519.0635451505017,224.74916387959863,457,303
Everett,2,2,Twenty-Eighth Middlesex,Middlesex and Suffolk,Sixth,7,302.20060074820543,116.68102865203596,274.5278650217649,107.93410705037208,191,112
Everett,2,2A,Eleventh Suffolk,Middlesex and Suffolk,Sixth,7,273.51067029742643,105.60371580532367,248.46509302602772,97.68719815318488,197,105
Everett,2,3,Twenty-Eighth Middlesex,Middlesex and Suffolk,Sixth,7,529.9192917056923,195.4402447967756,496.8391498142242,179.9240131523828,351,227
Everett,3,1,Twenty-Eighth Middlesex,Middlesex and Suffolk,Sixth,7,697.9990142927551,270.75160177427307,573.3563331690489,285.29324790537214,571,359
Everett,3,2,Twenty-Eighth Middlesex,Middlesex and Suffolk,Sixth,7,601.2750897533549,236.60653392935308,525.2324434395898,240.5577680738844,466,267
Everett,3,3,Twenty-Eighth Middlesex,Middlesex and Suffolk,Sixth,7,555.9277607557549,218.83067548518508,486.2578434379814,222.30935698111645,326,206
Everett,4,1,Twenty-Eighth Middlesex,Middlesex and Suffolk,Sixth,7,656.8171266443126,297.5754449316482,636.7397472272376,298.2924941965437,488,298
Everett,4,2,Twenty-Eighth Middlesex,Middlesex and Suffolk,Sixth,7,603.4740476076361,246.15575949379817,595.5514270247112,241.25490333928732,444,258
Everett,4,3,Twenty-Eighth Middlesex,Middlesex and Suffolk,Sixth,7,588.0168648164209,219.8037317127956,567.085234463303,213.73509682930796,446,257
Everett,5,1,Twenty-Eighth Middlesex,Middlesex and Suffolk,Sixth,7,620.0664665319481,233.7302485565711,523.0654443256643,232.52364778107605,433,247
Everett,5,2,Twenty-Eighth Middlesex,Middlesex and Suffolk,Sixth,7,575.3454737867264,199.4217527800621,523.688425086812,209.14945884213037,387,237
Everett,5,3,Twenty-Eighth Middlesex,Middlesex and Suffolk,Sixth,7,550.8110226989888,179.99226632257017,527.6120512509036,192.80166311441917,404,232
Everett,6,1,Twenty-Eighth Middlesex,Middlesex and Suffolk,Sixth,7,575.5086206896551,226.8774954627949,480.4813974591651,204.30852994555352,480,252
Everett,6,2,Twenty-Eighth Middlesex,Middlesex and Suffolk,Sixth,7,636.2128978475932,238.0908717755069,545.9440091842014,213.15464591501828,385,236
Everett,6,3,Twenty-Eighth Middlesex,Middlesex and Suffolk,Sixth,7,652.7474793767186,233.352428964253,572.8322639780018,207.77956003666364,521,254
Fairhaven,-,1,Tenth Bristol,Second Bristol and Plymouth,First,9,969.922151450814,582.9232130219391,806.9752300070771,587.7728237791932,934,628
Fairhaven,-,2,Tenth Bristol,Second Bristol and Plymouth,First,9,897.5699388709097,676.3725278676735,731.4261057173678,589.8597626752967,831,707
Fairhaven,-,3,Tenth Bristol,Second Bristol and Plymouth,First,9,655.4300611290903,649.6274721323265,593.5738942826322,546.1402373247033,612,740
Fairhaven,-,4,Tenth Bristol,Second Bristol and Plymouth,First,9,905.077848549186,731.0767869780609,730.0247699929229,693.2271762208068,816,823
Fairhaven,-,5,Tenth Bristol,Second Bristol and Plymouth,First,9,874,839,711,759,836,820
Fairhaven,-,6,Tenth Bristol,Second Bristol and Plymouth,First,9,791,796,691,648,752,890
Fall River,1,A,Eighth Bristol,First Bristol and Plymouth,First,4,765,763,816,640,719,904
Fall River,1,B,Seventh Bristol,First Bristol and Plymouth,First,4,594.9456521739131,513.6364130434782,595.9372282608696,430.3440217391304,492,605
Fall River,1,C,Seventh Bristol,First Bristol and Plymouth,First,4,637,613,622,481,513,684
Fall River,2,A,Seventh Bristol,First Bristol and Plymouth,First,4,523.054347826087,392.3635869565217,515.0627717391304,320.6559782608696,400,461
Fall River,2,B,Seventh Bristol,First Bristol and Plymouth,First,4,442,395,491,276,360,439
Fall River,2,C,Seventh Bristol,First Bristol and Plymouth,First,4,522,455,567,372,437,510
Fall River,3,A,Seventh Bristol,First Bristol and Plymouth,First,4,381.7301544296938,550.3876998103495,685.8553237604985,465.33134651855863,534,582
Fall River,3,B,Seventh Bristol,First Bristol and Plymouth,First,4,644.2698455703062,515.6123001896505,651.1446762395015,402.66865348144137,485,585
Fall River,3,C,Seventh Bristol,First Bristol and Plymouth,First,4,713,619,641,456,642,715
Fall River,4,A,Seventh Bristol,First Bristol and Plymouth,First,4,535,348,551,267,403,368
Fall River,4,B,Seventh Bristol,First Bristol and Plymouth,First,4,522,319,561,215,365,336
Fall River,4,C,Seventh Bristol,First Bristol and Plymouth,First,4,561.3640250254358,312.67484436485205,678.0412797075298,228.72543588828896,488,354
Fall River,5,A,Seventh Bristol,First Bristol and Plymouth,First,4,396,285,438,180,312,334
Fall River,5,B,Sixth Bristol,First Bristol and Plymouth,First,4,342.9364853318143,195.8217032184563,382.6972372543435,137.17459413272573,297,253
Fall River,5,C,Sixth Bristol,First Bristol and Plymouth,First,4,482,341,541,244,373,401
Fall River,6,A,Eighth Bristol,First Bristol and Plymouth,First,4,722.0783303272352,718.5119814480804,754.4300438031435,538.7861375934037,589,732
Fall River,6,B,Eighth Bristol,First Bristol and Plymouth,First,4,493.9216696727647,366.4880185519196,538.5699561968564,290.21386240659626,560,522
Fall River,6,C,Sixth Bristol,First Bristol and Plymouth,First,4,652,502,625,439,512,572
Fall River,7,A,Sixth Bristol,First Bristol and Plymouth,First,4,766.9468132701614,558.7780809474201,752.6834093258352,477.45013764155277,678,583
Fall River,7,B,Sixth Bristol,First Bristol and Plymouth,First,4,576.4608275112306,353.62788552326765,516.5763923351789,304.2915799563096,467,387
Fall River,7,C,Sixth Bristol,First Bristol and Plymouth,First,4,709.0037238613578,426.539673446004,628.4351188771126,307.1085648811229,525,472
Fall River,8,A,Sixth Bristol,First Bristol and Plymouth,First,4,657.993125,459.5203125,621.1990625,351.5471875,473,540
Fall River,8,B,Sixth Bristol,First Bristol and Plymouth,First,4,943.844640670748,672.9712237157306,909.0276011445304,586.2239266702156,781,691
Fall River,8,C,Sixth Bristol,First Bristol and Plymouth,First,4,888.450359329252,730.0662762842693,845.3398988554698,619.4785733297844,774,792
Fall River,9,A,Sixth Bristol,First Bristol and Plymouth,First,4,1102.492561983471,873.996694214876,938.7371900826446,755.9404958677686,974,992
Fall River,9,B,Sixth Bristol,First Bristol and Plymouth,First,4,850.668622520257,625.234143615535,751.7138865604918,548.6943280245879,735,712
Fall River,9,C,Sixth Bristol,First Bristol and Plymouth,First,4,947.838815496272,598.769162169589,768.5489233568636,473.3651761076435,838,704
Falmouth,-,1,"Barnstable, Dukes and Nantucket",Plymouth and Barnstable,First,9,2096,522,1793,513,2002,481
Falmouth,-,2,"Barnstable, Dukes and Nantucket",Plymouth and Barnstable,First,9,1648,684,1386,707,1570,737
Falmouth,-,3,Third Barnstable,Plymouth and Barnstable,First,9,1460,824,1150,810,1438,898
Falmouth,-,4,Third Barnstable,Plymouth and Barnstable,First,9,1483,961,1219,859,1465,1001
Falmouth,-,5,Third Barnstable,Plymouth and Barnstable,First,9,1752,852,1349,886,1706,930
Falmouth,-,6,"Barnstable, Dukes and Nantucket",Plymouth and Barnstable,First,9,1653,808,1333,771,1642,903
Falmouth,-,7,Third Barnstable,Plymouth and Barnstable,First,9,1368,922,1094,913,1352,978
Falmouth,-,8,Third Barnstable,Plymouth and Barnstable,First,9,1346,930,1070,907,1377,977
Falmouth,-,9,Third Barnstable,Plymouth and Barnstable,First,9,1328,816,1073,799,1192,881
Fitchburg,1,A,Third Worcester,Worcester and Middlesex,Seventh,3,761.5528974942965,414.83674426691834,666.5970692593711,344.34839911266687,598,455
Fitchburg,1,B,Third Worcester,Worcester and Middlesex,Seventh,3,863.0579954036253,456.5024351499957,696.6606341736806,450.7588418860391,725,514
Fitchburg,2,A,Third Worcester,Worcester and Middlesex,Seventh,3,706.9929963529706,369.3412506673356,617.0425702230027,299.69937801105044,536,453
Fitchburg,2,B,Third Worcester,Worcester and Middlesex,Seventh,3,818.1138657159948,592.3048728958827,697.524004489641,563.6230846326278,733,588
Fitchburg,3,A,Third Worcester,Worcester and Middlesex,Seventh,3,1147,855,961,832,1069,938
Fitchburg,3,B,Third Worcester,Worcester and Middlesex,Seventh,3,870.842,575.37775,706.187,496.70925,761,680
Fitchburg,4,A,Third Worcester,Worcester and Middlesex,Seventh,3,574.611374407583,348.1299135768051,641.6091441315863,347.86283802620574,522,333
Fitchburg,4,B,Third Worcester,Worcester and Middlesex,Seventh,3,714.9513526484361,333.95444995120437,645.4166103380204,265.81347544220904,631,348
Fitchburg,5,A,Third Worcester,Worcester and Middlesex,Seventh,3,1072.63326875173,856.360918903958,823.3866592859121,816.5978411292555,1040,882
Fitchburg,5,B,Third Worcester,Worcester and Middlesex,Seventh,3,604.9569975697345,311.5443135945226,635.8652153835543,257.55957387915095,466,354
Fitchburg,6,A,Third Worcester,Worcester and Middlesex,Seventh,3,1044,725,854,626,939,780
Fitchburg,6,B,Third Worcester,Worcester and Middlesex,Seventh,3,718.2872516556291,347.6473509933775,644.7110927152318,286.02731788079467,593,396
Florida,-,1,First Berkshire,"Berkshire, Hampden, Franklin & Hampshire",Eighth,1,209,203,191,170,184,218
Foxborough,-,1,First Bristol,Bristol and Norfolk,Second,4,1160.556445156125,706.0928742994396,958.6789431545236,740.5364291433146,1053,797
Foxborough,-,2,First Bristol,Bristol and Norfolk,Second,4,1561.4374339563465,1006.0762152185404,1235.2881570750096,925.5247797319722,1356,1113
Foxborough,-,3,First Bristol,Bristol and Norfolk,Second,4,1256.0061208875286,870.8309104820199,975.0328997704668,815.938791124713,1091,909
Foxborough,-,4,First Bristol,Bristol and Norfolk,Second,4,1410,918,1031,881,1274,1000
Foxborough,-,5,First Bristol,Bristol and Norfolk,Second,4,1352,856,932,798,1212,922
Framingham,-,1,Sixth Middlesex,Middlesex and Norfolk,Second,5,403.23938868241464,133.673430773804,413.83831335609705,89.66343796151976,267,154
Framingham,-,10,Sixth Middlesex,Middlesex and Norfolk,Second,5,883.2275264158483,289.1631150276266,770.5335911654521,281.3997566741701,505,180
Framingham,-,11,Sixth Middlesex,Middlesex and Norfolk,Second,5,720.0462144168039,225.5105380292264,657.3865135513904,208.6480772053237,655,269
Framingham,-,12,Sixth Middlesex,Middlesex and Norfolk,Second,5,712.550114074741,229.45946938092783,653.2208626248934,202.4213222936909,561,180
Framingham,-,13,Sixth Middlesex,Middlesex and Norfolk,Second,5,538.425665820323,152.98703473610286,506.5216627950948,115.609326886716,372,130
Framingham,-,14,Sixth Middlesex,Middlesex and Norfolk,Second,5,578.3643630642991,169.04694034536493,548.2699603270826,133.50676949724635,458,230
Framingham,-,15,Sixth Middlesex,Middlesex and Norfolk,Second,5,823.6628574001821,267.0296320017739,739.999548339312,228.57517198028563,534,216
Framingham,-,16,Sixth Middlesex,Middlesex and Norfolk,Second,5,858.8732756309092,292.64001237277614,763.190888103273,252.53248741990996,773,415
Framingham,-,17,Seventh Middlesex,Middlesex and Norfolk,Second,5,1000.2402092440082,296.51846221555274,882.6175829465748,264.47217501938167,1013,346
Framingham,-,18,Seventh Middlesex,Middlesex and Norfolk,Second,5,1087.6151563399549,401.1146721088951,932.037237047336,404.0590710382132,1113,453
Framingham,-,19,Seventh Middlesex,Middlesex and Norfolk,Second,5,1156.793157789344,398.4901570371486,966.3993250113684,388.5921213214027,1102,416
Framingham,-,2,Sixth Middlesex,Middlesex and Norfolk,Second,5,430.7828477185266,99.52831225948324,480.92688290269376,44.06597031335899,268,149
Framingham,-,20,Seventh Middlesex,Middlesex and Norfolk,Second,5,1010.6629509891804,315.2341084209021,830.7071221001265,300.2171664304721,1097,391
Framingham,-,21A,Nineteenth Worcester,Middlesex and Norfolk,Second,5,859.6444986980454,262.26332520580024,698.2644841236572,265.5585443411103,787,288
Framingham,-,21B,Fourth Middlesex,Middlesex and Norfolk,Second,5,432.6756257780144,132.0021805803485,351.4499576096138,133.6607278095872,523,167
Framingham,-,21C,Seventh Middlesex,Middlesex and Norfolk,Second,5,37.353291434073185,11.395871704778283,30.34100353464292,11.539055638237745,24,15
Framingham,-,22,Fourth Middlesex,Middlesex and Norfolk,Second,5,1166.0418994413408,434.42051802945656,1008.6620111731844,410.3583037074657,1179,403
Framingham,-,23,Fourth Middlesex,Middlesex and Norfolk,Second,5,1171.8124739431337,410.18475495987377,961.4174720968184,389.2189822851208,1001,450
Framingham,-,24,Seventh Middlesex,Middlesex and Norfolk,Second,5,1175.0773462530285,389.00546277587387,925.654672412061,370.4420801750411,1050,377
Framingham,-,25,Seventh Middlesex,Middlesex and Norfolk,Second,5,1165.7351993348905,419.5620915882881,967.9760334364556,398.4331485807039,1040,432
Framingham,-,26,Seventh Middlesex,Middlesex and Norfolk,Second,5,1102.1985755607436,378.0511549590615,937.0289986728234,358.5292399817135,936,382
Framingham,-,27,Seventh Middlesex,Middlesex and Norfolk,Second,5,1069.737297804173,340.33676308063275,905.310365152547,321.0592795186372,935,352
Framingham,-,3,Sixth Middlesex,Middlesex and Norfolk,Second,5,469.8358799395728,148.42256533845426,465.8843009646055,107.3497608392719,284,152
Framingham,-,4,Sixth Middlesex,Middlesex and Norfolk,Second,5,520.3819510179051,179.12130867785675,485.5537149866013,152.12511498926767,363,207
Framingham,-,5,Sixth Middlesex,Middlesex and Norfolk,Second,5,571.3507792606024,184.6276649734914,519.7818070313438,140.2443827464992,478,249
Framingham,-,6,Sixth Middlesex,Middlesex and Norfolk,Second,5,842.1633514757917,272.86217014659763,730.8232293400913,245.99313187054491,970,406
Framingham,-,7,Sixth Middlesex,Middlesex and Norfolk,Second,5,1010.9823066841416,315.3969379244609,849.0135992957094,310.42699604167495,1070,339
Framingham,-,8,Sixth Middlesex,Middlesex and Norfolk,Second,5,798.0288569556262,227.2146261340233,681.1654404464037,216.9807783413615,573,210
Framingham,-,9A,Seventh Middlesex,Middlesex and Norfolk,Second,5,940.7280912426334,309.2031602125571,786.029949839144,291.37187902811326,714,299
Framingham,-,9B,Sixth Middlesex,Middlesex and Norfolk,Second,5,83.76884758974954,27.53355899886065,69.99346961360271,25.945740063958244,36,15
Franklin,-,1,Tenth Norfolk,"Norfolk, Worcester & Middlesex",Second,4,1304.3844025105889,778.524981012753,1043.2249324935676,777.7803480156252,1288,832
Franklin,-,2,Tenth Norfolk,"Norfolk, Worcester & Middlesex",Second,4,1259.169217121313,736.5859392326458,905.7041472610337,678.0758483033933,1035,772
Franklin,-,3,Tenth Norfolk,"Norfolk, Worcester & Middlesex",Second,4,1323.6072389337246,844.700415749572,1028.0533137686475,769.899730985571,1231,929
Franklin,-,4,Tenth Norfolk,"Norfolk, Worcester & Middlesex",Second,4,1538.8088376561,984.4668587896252,1145.7636887608069,916.7963496637848,1341,998
Franklin,-,5,Tenth Norfolk,"Norfolk, Worcester & Middlesex",Second,4,1449.393053813244,784.1546079584633,1043.162653472906,734.9245483410734,1339,845
Franklin,-,6,Tenth Norfolk,"Norfolk, Worcester & Middlesex",Second,4,1309.6421933529805,664.2389608306693,1047.7196198266304,674.7776143087807,1331,838
Franklin,-,7,Tenth Norfolk,"Norfolk, Worcester & Middlesex",Second,4,1541.787249410197,821.2798821961426,1225.0260294776251,831.1108067163937,1501,886
Franklin,-,8,Tenth Norfolk,"Norfolk, Worcester & Middlesex",Second,4,1399.258471432105,994.3586445708632,1088.52139500371,914.3203067029434,1344,1054
Franklin,-,9,Tenth Norfolk,"Norfolk, Worcester & Middlesex",Second,4,1351.0674964216678,738.2578121039686,1001.3870837301832,699.6957042383369,1099,671
Freetown,-,1,Sixth Bristol,First Bristol and Plymouth,First,4,841,943,665,910,768,1018
Freetown,-,2,Eighth Bristol,First Bristol and Plymouth,First,4,825,992,707,875,739,1101
Freetown,-,3,Eighth Bristol,First Bristol and Plymouth,First,4,817,971,663,864,729,1065
Gardner,1,A,Second Worcester,Worcester & Hampshire,Seventh,3,666.3029759624267,439.984392733939,546.6794243715862,400.12727924232814,624,450
Gardner,1,B,Second Worcester,Worcester & Hampshire,Seventh,3,313.3253234750462,302.70794824399263,235.77449168207025,266.09426987061,316,329
Gardner,2,A,Second Worcester,Worcester & Hampshire,Seventh,3,536.040354958215,399.44388730938226,449.9183423795985,358.1468596536573,534,470
Gardner,2,B,Second Worcester,Worcester & Hampshire,Seventh,3,585.1837270341208,526.6653543307087,423.0590551181103,466.2283464566929,539,580
Gardner,3,A,Second Worcester,Worcester & Hampshire,Seventh,3,481.7859636697648,369.9551419215529,404.46598149772507,330.1946569033484,413,433
Gardner,3,B,Second Worcester,Worcester & Hampshire,Seventh,3,606,416,529,392,562,455
Gardner,4,A,Second Worcester,Worcester & Hampshire,Seventh,3,528.131700562527,313.2276590220684,440.4260839463436,268.9384508870619,480,387
Gardner,4,B,Second Worcester,Worcester & Hampshire,Seventh,3,409.2299543378996,328.0156164383561,331.6766210045662,257.2701369863014,379,348
Gardner,5,A,Second Worcester,Worcester & Hampshire,Seventh,3,496.8522837508458,366.0058489781611,399.26961547554026,332.67329686723025,391,389
Gardner,5,B,Second Worcester,Worcester & Hampshire,Seventh,3,590.1477162491542,476.99415102183895,435.73038452445974,470.32670313276975,597,497
Georgetown,-,1,Second Essex,First Essex and Middlesex,Fifth,6,1030.1647220315715,887.8146877144818,808.2110501029513,794.1633493479753,947,901
Georgetown,-,2,Second Essex,First Essex and Middlesex,Fifth,6,983,760,727,725,928,810
Georgetown,-,3,Second Essex,First Essex and Middlesex,Fifth,6,1037.8352779684285,740.1853122855182,811.7889498970487,708.8366506520247,980,824
Gill,-,1,Second Franklin,"Hampshire, Franklin and Worcester",Eighth,2,679,279,579,259,691,288
Gloucester,1,1,Fifth Essex,First Essex and Middlesex,Fifth,6,1562.259941089838,605.3372606774668,1281.5913107511046,591.1656848306333,1437,646
Gloucester,1,2,Fifth Essex,First Essex and Middlesex,Fifth,6,1203.3538455012856,547.6636836095964,936.3444777285932,551.4207174356557,1088,602
Gloucester,2,1,Fifth Essex,First Essex and Middlesex,Fifth,6,893.5933209027951,430.6043897351756,731.6289605907234,394.94628311454994,887,522
Gloucester,2,2,Fifth Essex,First Essex and Middlesex,Fifth,6,894.8405904192978,410.1681008899836,774.7459498365016,347.7382652650703,779,411
Gloucester,3,1,Fifth Essex,First Essex and Middlesex,Fifth,6,948.1444136134754,471.0228928674442,767.7107223783544,451.38324860604587,826,511
Gloucester,3,2,Fifth Essex,First Essex and Middlesex,Fifth,6,1007.8078884733084,519.2036722203333,841.9785787147229,508.3458007480449,897,628
Gloucester,4,1,Fifth Essex,First Essex and Middlesex,Fifth,6,1156,649,976,605,1060,722
Gloucester,4,2,Fifth Essex,First Essex and Middlesex,Fifth,6,1645,513,1301,521,1569,551
Gloucester,5,1,Fifth Essex,First Essex and Middlesex,Fifth,6,1488.1260291323622,705.8321722609246,1165.7447751741608,685.7542748575047,1292,765
Gloucester,5,2,Fifth Essex,First Essex and Middlesex,Fifth,6,1337.137428752375,742.2039265357822,1029.9176694110197,697.3400886637113,1303,817
Goshen,-,1,First Hampshire,"Berkshire, Hampden, Franklin & Hampshire",Eighth,2,418,231,364,213,391,257
Gosnold,-,1,"Barnstable, Dukes and Nantucket",Cape and Islands,First,9,56,22,36,27,51,15
Grafton,-,1,Ninth Worcester,Second Worcester,Seventh,2,1340,791,1061,806,1221,907
Grafton,-,2,Ninth Worcester,Second Worcester,Seventh,2,1493.1875468867215,825.384096024006,1106.0655163790948,781.783695923981,1402,839
Grafton,-,3,Ninth Worcester,Second Worcester,Seventh,2,1412.7332834937984,799.325673686208,1024.6386689310666,728.4239865549391,1327,833
Grafton,-,4,Ninth Worcester,Second Worcester,Seventh,2,1305.9247723862784,781.9797065743709,936.5959629111824,721.7224064538862,1146,792
Grafton,-,5,Ninth Worcester,Second Worcester,Seventh,2,1587.1543972332015,813.310523715415,1243.699851778656,845.0699110671936,1555,845
Granby,-,1,Third Hampshire,"Hampden, Hampshire & Worcester",Eighth,1,1126.3527740461209,840.6226292629065,930.3922525186848,791.8591637997681,1029,886
Granby,-,2,Second Hampshire,"Hampden, Hampshire & Worcester",Eighth,1,909.1495095087298,951.4820286904228,705.743092168984,886.000356787919,878,1013
Granby,-,2A,Third Hampshire,"Hampden, Hampshire & Worcester",Eighth,1,22.988539727792617,24.058949807551397,17.845253109918893,22.403195720650537,23,22
Granville,-,1,Third Hampden,"Berkshire, Hampden, Franklin & Hampshire",Eighth,1,402,565,335,548,357,594
Great Barrington,-,A,Third Berkshire,"Berkshire, Hampden, Franklin & Hampshire",Eighth,1,873.6421725239617,166.96272630457935,729.9765708200214,150.46059637912674,840,170
Great Barrington,-,B,Third Berkshire,"Berkshire, Hampden, Franklin & Hampshire",Eighth,1,872.718901453958,204.5191168551427,746.465266558966,188.4857296715132,765,230
Great Barrington,-,C,Third Berkshire,"Berkshire, Hampden, Franklin & Hampshire",Eighth,1,701.5177628556829,92.55800605944869,567.3449154481532,90.13660340547209,602,107
Great Barrington,-,D,Third Berkshire,"Berkshire, Hampden, Franklin & Hampshire",Eighth,1,920.1211631663974,189.96015078082928,836.2132471728595,150.917070543888,891,198
Greenfield,-,1,Second Franklin,"Hampshire, Franklin and Worcester",Eighth,2,736.6921284145548,324.6426506338659,556.3700527011989,283.8885871276888,690,397
Greenfield,-,2,Second Franklin,"Hampshire, Franklin and Worcester",Eighth,2,921.9470468431772,338.4765784114053,760.4959266802445,350.979633401222,917,371
Greenfield,-,3,Second Franklin,"Hampshire, Franklin and Worcester",Eighth,2,810.4020618556701,296.8323621694307,645.8350515463917,257.76423128641864,799,343
Greenfield,-,4,Second Franklin,"Hampshire, Franklin and Worcester",Eighth,2,870,296,736,257,829,276
Greenfield,-,5,First Franklin,"Hampshire, Franklin and Worcester",Eighth,2,878.6714285714286,202.97142857142856,749.5428571428572,181.6,893,218
Greenfield,-,6,First Franklin,"Hampshire, Franklin and Worcester",Eighth,2,841.3285714285714,178.02857142857144,704.4571428571429,147.4,803,190
Greenfield,-,7,First Franklin,"Hampshire, Franklin and Worcester",Eighth,2,624.1312625250501,238.40981963927857,489.70841683366734,248.21442885771543,620,265
Greenfield,-,8,First Franklin,"Hampshire, Franklin and Worcester",Eighth,2,691.86873747495,182.59018036072143,508.2915831663327,167.78557114228457,649,224
Greenfield,-,9,Second Franklin,"Hampshire, Franklin and Worcester",Eighth,2,507.9587628865979,207.04840878529805,423.29896907216494,203.36754818467057,455,206
Groton,-,1,Thirty-Seventh Middlesex,Worcester and Middlesex,Seventh,6,1745.6462759212734,711.8156439786711,1412.8181808784698,707.5768820344765,1757,742
Groton,-,2,First Middlesex,Worcester and Middlesex,Seventh,3,1561,788,1247,765,1516,756
Groton,-,3,First Middlesex,Worcester and Middlesex,Seventh,3,1634.3537240787266,649.1843560213289,1257.1818191215302,665.4231179655235,1537,698
Groveland,-,1,Fourteenth Essex,First Essex and Middlesex,Fifth,6,1253.7511560693642,974.3809248554912,931.1274566473988,987.264161849711,1091,1032
Groveland,-,2,Fourteenth Essex,First Essex and Middlesex,Fifth,6,1167.248843930636,1001.6190751445088,890.8725433526012,946.735838150289,1159,1037
Hadley,-,1,Second Hampshire,"Hampshire, Franklin and Worcester",Eighth,2,2476,925,2149,867,2234,968
Halifax,-,1,Twelfth Plymouth,Second Plymouth & Norfolk,Second,9,1122.4032258064517,1256.206011730205,849.9846041055719,1205.1876832844575,1036,1414
Halifax,-,2,Sixth Plymouth,Second Plymouth & Norfolk,Second,9,1182.138950977902,1095.9424186621102,906.1061162167778,1062.365522894682,1015,1234
Halifax,-,2A,Twelfth Plymouth,Second Plymouth & Norfolk,Second,9,49.45782321564643,45.851569607684674,37.90927967765026,44.44679382086037,25,66
Hamilton,-,1,Second Essex,First Essex and Middlesex,Fifth,6,1623.0152632249328,730.0760050680772,1264.2882569434669,739.4444562878346,1579,750
Hamilton,-,2,Second Essex,First Essex and Middlesex,Fifth,6,1740.9847367750672,727.9239949319228,1366.7117430565331,736.5555437121654,1578,695
Hampden,-,1,Second Hampden,"Hampden, Hampshire & Worcester",Eighth,1,1539,1713,1188,1645,1418,1774
Hancock,-,1,First Berkshire,"Berkshire, Hampden, Franklin & Hampshire",Eighth,1,257,207,189,159,245,226
Hanover,-,1,Fifth Plymouth,Norfolk and Plymouth,Fourth,9,1220,1185,885,1033,1226,1340
Hanover,-,2,Fifth Plymouth,Norfolk and Plymouth,Fourth,9,1215.7097104791187,1107.2841404048168,919.2185498334616,1079.45810914681,1127,1191
Hanover,-,3,Fifth Plymouth,Norfolk and Plymouth,Fourth,9,1187.16008407946,1026.7930389399917,948.9880020821412,984.0743728076596,1065,1105
Hanover,-,4,Fifth Plymouth,Norfolk and Plymouth,Fourth,9,1287.1302054414214,1187.9228206551916,996.7934480843976,1170.4675180455304,1158,1269
Hanson,-,1,Fifth Plymouth,Second Plymouth & Norfolk,Second,9,1098,1123,829,1060,972,1214
Hanson,-,2,Sixth Plymouth,Second Plymouth & Norfolk,Second,9,1174.8227349936074,1148.9710463090382,899.8460731726527,1095.062503644739,1063,1290
Hanson,-,3,Sixth Plymouth,Second Plymouth & Norfolk,Second,9,966.298687382802,1037.280471470667,699.4071792124297,964.4058398071256,902,1194
Hardwick,-,1,Fifth Worcester,Worcester & Hampshire,Seventh,2,749,733,568,709,706,834
Harvard,-,1,Thirty-Seventh Middlesex,Middlesex and Worcester,Third,3,3074,954,2515,889,2983,903
Harwich,-,1,Fourth Barnstable,Cape and Islands,First,9,1546.2764146979932,878.35870794687,1218.1889522670715,865.0194486636718,1604,919
Harwich,-,2,Fourth Barnstable,Cape and Islands,First,9,1469.9719076786942,864.1533852120256,1147.8850035423293,859.232992150274,1426,835
Harwich,-,3,Fourth Barnstable,Cape and Islands,First,9,1432.9151944828095,834.6079641648937,1108.9999476105183,844.308571506167,1345,889
Harwich,-,4,Fourth Barnstable,Cape and Islands,First,9,1383.836483140503,787.8799426762107,1084.9260965800809,725.4389876798871,1223,849
Hatfield,-,1,First Hampshire,"Hampshire, Franklin and Worcester",Eighth,2,1578,686,1284,660,1472,707
Haverhill,1,1,Third Essex,First Essex,Fifth,3,591.9827771567674,321.451187520277,580.263116198398,257.10170436849415,382,293
Haverhill,1,2,Third Essex,First Essex,Fifth,3,628.3162840497414,259.08239512266243,541.7721541012683,220.28966328451764,455,266
Haverhill,1,2A,Third Essex,Second Essex and Middlesex,Fifth,3,189.4153177050493,78.10425327136547,163.32529857640392,66.40960550828558,161,151
Haverhill,1,3,Third Essex,First Essex,Fifth,3,525.8682072638943,303.75210956603104,433.8116573723267,290.4562398853546,368,279
Haverhill,1,3A,Third Essex,Second Essex and Middlesex,Fifth,3,250.25980415801456,144.55512313265106,206.45024535773305,138.22764089197858,252,205
Haverhill,2,1,Fifteenth Essex,Second Essex and Middlesex,Fifth,3,931.854843151583,566.0788530752301,703.1649702992233,560.342538032259,848,601
Haverhill,2,2,Fifteenth Essex,Second Essex and Middlesex,Fifth,3,1007.1680594398916,573.8671518267752,748.0491740730895,570.0615356411959,907,615
Haverhill,2,3,Third Essex,First Essex,Fifth,3,602.9195273637869,289.792245971162,586.1020624419403,271.82308445413787,492,388
Haverhill,3,1,Third Essex,First Essex,Fifth,3,725.8251637106931,292.46830103897344,642.5567601751177,236.43815730808268,639,390
Haverhill,3,2,Third Essex,First Essex,Fifth,3,837.7661963687975,370.46807900587055,688.4510326772615,331.799913709341,600,369
Haverhill,3,3,Third Essex,First Essex,Fifth,3,773.2901020137421,402.95513358039926,642.5363984807344,382.1690270732974,553,430
Haverhill,4,1,Third Essex,Second Essex and Middlesex,Fifth,3,994.22571118497,698.3186788094034,782.3456233986021,727.0433023872174,1006,822
Haverhill,4,2,Third Essex,Second Essex and Middlesex,Fifth,3,1093.5528113310268,931.2319894557296,854.0432460390506,943.3123818634652,1055,957
Haverhill,4,3,Third Essex,Second Essex and Middlesex,Fifth,3,1016,728,756,734,936,836
Haverhill,5,1,Fifteenth Essex,Second Essex and Middlesex,Fifth,3,463.9904189454193,321.12813012078533,389.41568978237507,283.3363735464008,531,382
Haverhill,5,1A,Fifteenth Essex,First Essex,Fifth,3,453.87132064898304,314.1246943131479,380.9229807043759,277.1571325582176,364,301
Haverhill,5,2,Fifteenth Essex,Second Essex and Middlesex,Fifth,3,1013.5723438746904,856.3825537886155,795.661260199797,845.0748844604964,993,920
Haverhill,5,3,Fifteenth Essex,Second Essex and Middlesex,Fifth,3,867.4871791153608,866.9125303755868,712.7204494186661,792.0909473608029,890,909
Haverhill,5,3A,Third Essex,Second Essex and Middlesex,Fifth,3,104.7555078745952,104.6861147791884,86.06627792193967,95.65085395067932,66,69
Haverhill,6,1,Third Essex,Second Essex and Middlesex,Fifth,3,929.2035259077612,636.533848108779,753.0636284737476,632.0459734166213,821,754
Haverhill,6,2,Third Essex,Second Essex and Middlesex,Fifth,3,611.4832737530725,424.570804579468,514.9673274498414,415.7582781980467,618,486
Haverhill,6,2A,Third Essex,First Essex,Fifth,3,281.54227620109805,195.48307510714537,237.10390743733083,191.42556635260584,269,181
Haverhill,6,3,Third Essex,Second Essex and Middlesex,Fifth,3,1079.1221719457014,727.5765998707175,850.972850678733,717.4589528118939,977,727
Haverhill,7,1,Fifteenth Essex,Second Essex and Middlesex,Fifth,3,1011.877806353666,674.8746953628296,797.8741464171826,646.497387942381,917,673
Haverhill,7,2,Fifteenth Essex,Second Essex and Middlesex,Fifth,3,646.7739159325287,454.6282059956983,523.1733736293029,421.59033978086967,596,580
Haverhill,7,2A,Fifteenth Essex,First Essex,Fifth,3,284.89207691145657,200.2554070874984,230.4482993614947,185.7028314643849,196,160
Haverhill,7,3,Third Essex,Second Essex and Middlesex,Fifth,3,1087.5945764571698,822.0858251551765,794.4964285224597,805.3406044494246,1051,881
Haverhill,7,3A,Fifteenth Essex,Second Essex and Middlesex,Fifth,3,15.388801180539092,11.632013978832706,11.2416408116044,11.395079299547636,16,10
Hawley,-,1,First Franklin,"Berkshire, Hampden, Franklin & Hampshire",Eighth,1,155,70,105,67,117,66
Heath,-,1,First Franklin,"Berkshire, Hampden, Franklin & Hampshire",Eighth,2,294,158,244,165,279,178
Hingham,-,1,Third Plymouth,First Plymouth & Norfolk,Fourth,8,1580.5457746478874,669.3084507042254,1118.6049295774649,654.1352112676057,1424,674
Hingham,-,2,Third Plymouth,First Plymouth & Norfolk,Fourth,8,1539.4105171246422,678.4818215336761,1149.57374858384,646.7528856144961,1472,731
Hingham,-,3,Third Plymouth,First Plymouth & Norfolk,Fourth,8,1530.5812687700673,664.2213734264591,1199.054096788294,633.2382800879265,1345,698
Hingham,-,4,Third Plymouth,First Plymouth & Norfolk,Fourth,8,1633.218065000617,714.3241124497796,1262.4655563163046,676.2490410880223,1499,685
Hingham,-,5,Third Plymouth,First Plymouth & Norfolk,Fourth,8,1065.7030363787776,644.6701800714723,886.2496841200774,592.855092592433,1280,862
Hingham,-,6,Third Plymouth,First Plymouth & Norfolk,Fourth,8,1425.0762629899104,670.8665751720828,1163.058871062915,683.2779130748413,1354,706
Hingham,-,7,Third Plymouth,First Plymouth & Norfolk,Fourth,8,1214.1833849472534,685.8908669239951,1010.25508538209,654.3056607817175,1691,736
Hinsdale,-,1,First Berkshire,"Berkshire, Hampden, Franklin & Hampshire",Eighth,1,771,402,606,403,708,464
Holbrook,-,1,Fifth Norfolk,Norfolk and Plymouth,Fourth,8,1001.5958762886598,540.6652920962199,782.9752577319588,535.341237113402,889,534
Holbrook,-,2,Fifth Norfolk,Norfolk and Plymouth,Fourth,8,881.4041237113403,676.3347079037801,698.0247422680412,653.658762886598,767,734
Holbrook,-,3,Third Norfolk,Norfolk and Plymouth,Fourth,8,928,592,720,613,821,639
Holbrook,-,4,Third Norfolk,Norfolk and Plymouth,Fourth,8,899,572,711,583,801,615
Holden,-,1,First Worcester,Worcester & Hampshire,Seventh,2,1122.437140891264,823.0294177234531,850.9442644384497,773.2432455040541,1068,925
Holden,-,2,First Worcester,Worcester & Hampshire,Seventh,2,1196.4838487025158,805.3635174369449,896.9665641154927,737.7990005530658,1107,792
Holden,-,3,First Worcester,Worcester & Hampshire,Seventh,2,1261.105834928418,790.5764960592821,998.0067055894514,720.3899941712632,1187,869
Holden,-,4,First Worcester,Worcester & Hampshire,Seventh,2,1256.156423288479,840.2375754726133,917.9526474018558,784.9935204993083,1222,898
Holden,-,5,First Worcester,Worcester & Hampshire,Seventh,2,1246.710181432804,881.2102486024971,971.0011082999353,818.23211233758,1150,884
Holden,-,6,First Worcester,Worcester & Hampshire,Seventh,2,1238.3212600220554,852.8991288860002,967.1703126201464,774.8511151216828,1177,854
Holland,-,1,First Hampden,Worcester & Hampden,Seventh,1,698,793,475,720,658,875
Holliston,-,1,Eighth Middlesex,Middlesex and Norfolk,Second,2,1765,740,1394,744,1631,730
Holliston,-,2,Eighth Middlesex,Middlesex and Norfolk,Second,2,1739,608,1409,639,1602,634
Holliston,-,3,Eighth Middlesex,Middlesex and Norfolk,Second,2,1545.208169291339,537.005905511811,1134.556594488189,510.6820866141732,1424,624
Holliston,-,4,Eighth Middlesex,Middlesex and Norfolk,Second,2,1721.791830708661,693.9940944881889,1353.443405511811,669.3179133858267,1702,651
Holyoke,1,A,Fifth Hampden,Hampden and Hampshire,Eighth,1,448,190,815,58,335,205
Holyoke,1,B,Fifth Hampden,Hampden and Hampshire,Eighth,1,583,193,787,99,488,183
Holyoke,2,A,Fifth Hampden,Hampden and Hampshire,Eighth,1,575.156622284513,221.7372109320252,736.0932025227751,125.11212333566924,484,248
Holyoke,2,B,Fifth Hampden,Hampden and Hampshire,Eighth,1,464.843377715487,177.26278906797478,661.9067974772249,67.88787666433076,308,199
Holyoke,3,A,Fifth Hampden,Hampden and Hampshire,Eighth,1,857,334,867,284,706,314
Holyoke,3,B,Fifth Hampden,Hampden and Hampshire,Eighth,1,948,489,837,497,812,502
Holyoke,4,A,Fifth Hampden,Hampden and Hampshire,Eighth,1,525.7330257086354,173.65392221489782,687.7673038892551,103.32300593276204,357,184
Holyoke,4,B,Fifth Hampden,Hampden and Hampshire,Eighth,1,670.9953856295319,219.80883322346736,731.5095583388267,154.84508899143046,564,245
Holyoke,5,A,Fifth Hampden,Hampden and Hampshire,Eighth,1,1103.7793103448275,771.66,911.603448275862,737.1668965517241,981,788
Holyoke,5,B,Fifth Hampden,Hampden and Hampshire,Eighth,1,823.2206896551725,496.34,886.3965517241379,394.83310344827584,643,516
Holyoke,6,A,Fifth Hampden,Hampden and Hampshire,Eighth,1,786,268,841,256,667,309
Holyoke,6,B,Fifth Hampden,Hampden and Hampshire,Eighth,1,949,373,854,320,834,380
Holyoke,7,A,Fifth Hampden,Hampden and Hampshire,Eighth,1,1235,559,981,558,1184,520
Holyoke,7,B,Fifth Hampden,Hampden and Hampshire,Eighth,1,1182.2715886618323,376.5372445616348,1058.7231377719183,366.8319050758075,1046,350
Hopedale,-,1,Tenth Worcester,Worcester & Hampden,Seventh,4,2285,1385,1759,1375,2054,1428
Hopkinton,-,1,Eighth Middlesex,Middlesex and Norfolk,Second,2,1229.524249422633,468.3325635103926,906.4110854503464,427.18706697459584,1134,530
Hopkinton,-,2,Eighth Middlesex,Middlesex and Norfolk,Second,2,1478.925429206708,668.6572748468653,1147.4804719115932,666.622934802786,1367,686
Hopkinton,-,3,Eighth Middlesex,Middlesex and Norfolk,Second,2,1320.255036431245,615.7731062495662,1024.208013394687,602.8522950435334,1366,638
Hopkinton,-,4,Eighth Middlesex,Middlesex and Norfolk,Second,2,1601.1579206701158,647.0561714708056,1211.2288741069228,659.3003202759301,1472,666
Hopkinton,-,5,Eighth Middlesex,Middlesex and Norfolk,Second,2,1417.1373642692988,581.1808839223702,1068.6715551364505,555.0373829031548,1504,659
Hubbardston,-,1,Fifth Worcester,Worcester & Hampshire,Seventh,2,1390,1442,1040,1376,1262,1614
Hudson,-,1,Third Middlesex,Middlesex and Worcester,Third,3,1268.1829888173502,636.3456455438834,1012.5130464249409,637.8298881735005,1118,668
Hudson,-,2,Third Middlesex,Middlesex and Worcester,Third,3,1029.4455959355353,531.8318906880006,862.7468391909501,530.0828324463876,957,595
Hudson,-,3,Third Middlesex,Middlesex and Worcester,Third,3,1172.866705102187,737.0634057971015,965.370549166718,687.2405402496771,1121,753
Hudson,-,4,Third Middlesex,Middlesex and Worcester,Third,3,1407.7278985507246,735.034420289855,1128.804347826087,742.5076086956522,1319,859
Hudson,-,5,Third Middlesex,Middlesex and Worcester,Third,3,1562.0192028985507,699.0561594202899,1222.891304347826,722.2597826086957,1379,684
Hudson,-,6,Third Middlesex,Middlesex and Worcester,Third,3,973.7576086956522,512.6684782608696,835.6739130434783,455.079347826087,899,594
Hull,-,1,Third Plymouth,First Plymouth & Norfolk,Fourth,8,1617,713,1335,741,1537,762
Hull,-,2,Third Plymouth,First Plymouth & Norfolk,Fourth,8,1306,811,1058,756,1172,906
Hull,-,3,Third Plymouth,First Plymouth & Norfolk,Fourth,8,1584,909,1295,859,1462,855
Huntington,-,1,Third Hampden,"Berkshire, Hampden, Franklin & Hampshire",Eighth,1,585,593,460,611,554,651
Ipswich,-,1,Second Essex,First Essex and Middlesex,Fifth,6,1627.565167573761,600.5665998281295,1322.8295617301633,598.5877971927815,1526,600
Ipswich,-,2,Second Essex,First Essex and Middlesex,Fifth,6,1628.117908083497,771.1598468397352,1301.434383287631,751.7106399982445,1597,749
Ipswich,-,3,Second Essex,First Essex and Middlesex,Fifth,6,1478.244554076262,931.933581382626,1118.9876678854316,906.4078741694228,1425,964
Ipswich,-,4,Second Essex,First Essex and Middlesex,Fifth,6,1539.0723702664795,805.339971949509,1195.7483870967742,756.2936886395512,1507,872
Kingston,-,1,Twelfth Plymouth,Plymouth and Barnstable,First,9,1159.310229322517,844.245954831706,866.2776268483599,820.2648099252469,1081,1014
Kingston,-,2,Twelfth Plymouth,Plymouth and Barnstable,First,9,1156.689770677483,1047.7540451682942,903.72237315164,963.7351900747532,1111,1136
Kingston,-,3,Twelfth Plymouth,Plymouth and Barnstable,First,9,1114.7911710282845,993.313507798044,838.1958762886597,920.4269098598996,1047,1129
Kingston,-,4,Twelfth Plymouth,Plymouth and Barnstable,First,9,1091.2088289717155,889.6864922019561,862.8041237113403,874.5730901401005,1006,963
Lakeville,-,1,Twelfth Bristol,First Bristol and Plymouth,First,4,1096.5252497974616,1299.5738590332162,841.9435592762625,1125.1868755063465,1025,1442
Lakeville,-,2,Twelfth Bristol,First Bristol and Plymouth,First,4,1086.7177864142377,1307.9208020624196,817.3927916986679,1202.5464114017318,1186,1518
Lakeville,-,3,Twelfth Bristol,First Bristol and Plymouth,First,4,1152.7569637883007,1170.505338904364,806.6636490250696,1046.266713091922,1057,1361
Lancaster,-,1,Twelfth Worcester,Worcester and Middlesex,Seventh,3,1095.076384599547,820.832818612312,837.9137327568458,760.100679431748,993,837
Lancaster,-,2,Twelfth Worcester,Worcester and Middlesex,Seventh,3,1362.923615400453,941.1671813876878,1012.0862672431542,890.899320568252,1329,959
Lanesborough,-,1,First Berkshire,"Berkshire, Hampden, Franklin & Hampshire",Eighth,1,1237,604,998,597,1156,650
Lawrence,A,1,Fourth Essex,First Essex,Fifth,3,727.1480144404331,254.4043321299639,847.0397111913358,161.80505415162455,539,387
Lawrence,A,2,Fourth Essex,First Essex,Fifth,3,484.4734899796066,151.4344267105392,603.5519058591417,75.6512194781602,312,241
Lawrence,A,2A,Sixteenth Essex,First Essex,Fifth,3,105.07951529249644,32.845256730167755,130.90693925112535,16.408314672462183,76,57
Lawrence,A,3,Sixteenth Essex,First Essex,Fifth,3,574.1006244752652,257.63721636073274,624.1199112922106,181.21881964008165,382,350
Lawrence,A,4,Sixteenth Essex,First Essex,Fifth,3,809.9894319235386,257.5621211151063,870.8428464493462,126.19103910038984,574,407
Lawrence,B,1,Fourth Essex,First Essex,Fifth,3,811.7392129845912,194.1959202952728,1049.5079140806736,126.26443146305138,551,315
Lawrence,B,2,Fourth Essex,First Essex,Fifth,3,594.8955347298787,140.1970782800441,858.3437155457552,59.02094818081588,352,248
Lawrence,B,3,Fourth Essex,First Essex,Fifth,3,628.9944734378316,172.47730233525672,849.9239130956823,96.1930458295299,411,325
Lawrence,B,4,Fourth Essex,First Essex,Fifth,3,666.8311654526535,190.38371488033297,1104.2255463059314,55.6506243496358,519,266
Lawrence,C,1,Seventeenth Essex,First Essex,Fifth,3,569.1198555382582,174.54326963596134,714.0157191646888,72.27739397045414,421,288
Lawrence,C,2,Seventeenth Essex,First Essex,Fifth,3,780.108239882984,277.51243295953196,827.113603120429,185.3096050706972,508,380
Lawrence,C,3,Seventeenth Essex,First Essex,Fifth,3,563.2622137358696,148.36157779371752,699.1040124062816,39.07609266242171,372,227
Lawrence,C,4,Seventeenth Essex,First Essex,Fifth,3,662.3944650527366,180.91094170183803,823.1745359966138,76.89128046534753,386,279
Lawrence,D,1,Seventeenth Essex,First Essex,Fifth,3,801.9726571032387,272.2157242621431,906.17266478014,168.80067506163763,573,407
Lawrence,D,2,Seventeenth Essex,First Essex,Fifth,3,683.3784236120824,191.9460575011902,872.6000537390088,68.8175487098259,435,343
Lawrence,D,3,Seventeenth Essex,First Essex,Fifth,3,530.2025494269044,163.4092628163263,687.143864223117,66.0790675965392,302,189
Lawrence,D,4,Seventeenth Essex,First Essex,Fifth,3,636.4135812074929,182.69640119932765,711.635835378385,52.943282311452094,502,288
Lawrence,E,1,Seventeenth Essex,First Essex,Fifth,3,919.4209206785883,505.206561752268,925.0990788501616,449.7186569263531,732,571
Lawrence,E,1A,Sixteenth Essex,First Essex,Fifth,3,63.05524485310365,34.64781226554241,63.444661327941915,30.842369789204756,19,25
Lawrence,E,2,Sixteenth Essex,First Essex,Fifth,3,949.6902004577164,470.4354664708965,907.0099022527368,428.7595575867869,705,569
Lawrence,E,3,Sixteenth Essex,First Essex,Fifth,3,689.3933982683983,317.19669913419915,816.7456709956709,211.4859307359307,487,402
Lawrence,E,4,Sixteenth Essex,First Essex,Fifth,3,696.523834468308,258.14562598218964,789.4562598218963,146.4389732844421,454,395
Lawrence,F,1,Sixteenth Essex,First Essex,Fifth,3,927.3604024138114,377.31397289590194,876.7146461873291,348.79269919509375,761,500
Lawrence,F,2,Sixteenth Essex,First Essex,Fifth,3,710.9635468725796,163.28968106130714,796.5822593494353,72.03706929326503,437,269
Lawrence,F,3,Sixteenth Essex,First Essex,Fifth,3,714.6438142027691,200.96650290308173,676.5294774452881,78.8273782938812,649,348
Lawrence,F,4,Sixteenth Essex,First Essex,Fifth,3,734.9486377847253,242.79767753461363,831.41804376954,148.09736489504243,614,401
Lee,-,1,Third Berkshire,"Berkshire, Hampden, Franklin & Hampshire",Eighth,1,2415,985,1969,852,2133,999
Leicester,-,1,Fifth Worcester,Worcester & Hampshire,Seventh,2,767,856,619,775,690,901
Leicester,-,2,Seventeenth Worcester,Worcester & Hampshire,Seventh,2,794,752,640,669,754,756
Leicester,-,3,Seventh Worcester,Worcester & Hampshire,Seventh,2,750,795,562,718,707,859
Leicester,-,4,Seventeenth Worcester,Worcester & Hampshire,Seventh,2,790,743,602,663,671,794
Lenox,-,1,Third Berkshire,"Berkshire, Hampden, Franklin & Hampshire",Eighth,1,2701,602,2234,572,2563,617
Leominster,1,A,Fourth Worcester,Worcester and Middlesex,Seventh,2,990.3923351737576,716.6404676843131,741.4420266320234,717.8876258525495,889,746
Leominster,1,B,Fourth Worcester,Worcester and Middlesex,Seventh,2,980,613,709,642,889,652
Leominster,1,C,Fourth Worcester,Worcester and Middlesex,Seventh,2,827.059071729958,510.38396624472574,663.2320675105485,462.9113924050633,698,514
Leominster,2,A,Fourth Worcester,Worcester and Middlesex,Seventh,2,671.6076648262423,371.3595323156869,595.5579733679766,311.11237414745045,570,428
Leominster,2,B,Fourth Worcester,Worcester and Middlesex,Seventh,2,722.2782188470832,544.1422160856058,612.2816706938212,520.780117362789,636,582
Leominster,2,C,Fourth Worcester,Worcester and Middlesex,Seventh,2,498.04335791640233,383.6752113002863,457.27019652609584,341.7302560811943,423,449
Leominster,3,A,Fourth Worcester,Worcester and Middlesex,Seventh,2,710.0365103173713,499.8109556652088,605.3115502691488,452.9262177114874,745,560
Leominster,3,B,Fourth Worcester,Worcester and Middlesex,Seventh,2,1064,672,743,644,965,669
Leominster,3,C,Fourth Worcester,Worcester and Middlesex,Seventh,2,888.7393018018017,718.5551801801802,714.2576013513514,653.2319819819819,801,713
Leominster,4,A,Fourth Worcester,Worcester and Middlesex,Seventh,2,967.6908305034812,801.1386441518972,753.933505838024,780.2047758601975,862,811
Leominster,4,B,Fourth Worcester,Worcester and Middlesex,Seventh,2,896,742,690,714,789,741
Leominster,4,C,Fourth Worcester,Worcester and Middlesex,Seventh,2,777.2117806138604,514.6777926168218,580.9454753215589,481.12665100234966,660,591
Leominster,5,A,Fourth Worcester,Worcester and Middlesex,Seventh,2,787.5043991570637,524.0424959659474,643.2450624541456,511.42634525943663,653,543
Leominster,5,B,Fourth Worcester,Worcester and Middlesex,Seventh,2,884.70582226762,569.7620020429009,750.1389172625128,592.6670071501532,817,619
Leominster,5,C,Fourth Worcester,Worcester and Middlesex,Seventh,2,689.9433456841533,417.9599340413728,589.7417381156134,379.7575585179055,558,441
Leverett,-,1,First Franklin,"Hampshire, Franklin and Worcester",Eighth,2,1193,163,996,185,1079,160
Lexington,-,1,Fifteenth Middlesex,Fourth Middlesex,Third,5,1677.4069254708131,361.95998604150935,1428.17315736482,320.2218908034141,1469,361
Lexington,-,2,Fifteenth Middlesex,Fourth Middlesex,Third,5,1968.0690476190475,298.95952380952383,1775.2547619047618,308.697619047619,1825,305
Lexington,-,3,Fifteenth Middlesex,Third Middlesex,Third,5,1573.2020947393478,287.06688883599145,1315.4084741728161,264.40371340157105,1394,268
Lexington,-,4,Fifteenth Middlesex,Fourth Middlesex,Third,5,1895,355,1668,343,1647,331
Lexington,-,5,Fifteenth Middlesex,Fourth Middlesex,Third,5,1783.8142719846228,439.6528111484863,1466.4428159538684,439.6528111484863,1497,452
Lexington,-,6,Twenty-First Middlesex,Fourth Middlesex,Third,5,1922.7097549255168,393.42767900048057,1618.1292647765497,400.42767900048057,1686,387
Lexington,-,7,Fifteenth Middlesex,Fourth Middlesex,Third,5,1792,440,1546,415,1545,438
Lexington,-,8,Fifteenth Middlesex,Third Middlesex,Third,5,1879.205440753943,390.1788576492061,1581.827644586092,398.98694192358346,1569,364
Lexington,-,9,Fifteenth Middlesex,Third Middlesex,Third,5,1816.592464506709,370.7542535148025,1500.763881241092,388.6093446748455,1730,373
Leyden,-,1,First Franklin,"Hampshire, Franklin and Worcester",Eighth,2,326.4420485175202,153.3288409703504,302.70080862533695,137.50134770889488,315,159
Lincoln,-,1,Thirteenth Middlesex,Third Middlesex,Third,5,2139,354,1873,334,2039,331
Lincoln,-,2,Fourteenth Norfolk,Third Middlesex,Third,5,1354,329,1123,291,1219,303
Littleton,-,1,Second Middlesex,Middlesex and Worcester,Third,3,1485.1979983536755,701.529825122438,1164.2832116356058,644.9647810921409,1465,708
Littleton,-,2,Second Middlesex,Middlesex and Worcester,Third,3,1453,673,1145,651,1377,683
Littleton,-,3,Second Middlesex,Middlesex and Worcester,Third,3,1540.8020016463245,605.470174877562,1135.7167883643945,580.0352189078591,1453,623
Longmeadow,-,A,Second Hampden,"Hampden, Hampshire & Worcester",Eighth,1,1425,649,1125,624,1307,649
Longmeadow,-,B,Second Hampden,"Hampden, Hampshire & Worcester",Eighth,1,1263,604,1028,616,1162,621
Longmeadow,-,C,Second Hampden,"Hampden, Hampshire & Worcester",Eighth,1,1378,794,1055,782,1205,783
Longmeadow,-,D,Second Hampden,"Hampden, Hampshire & Worcester",Eighth,1,1248.7416927899687,734.0401253918495,1019.1504702194358,809.5492163009404,1136,798
Longmeadow,-,E,Second Hampden,"Hampden, Hampshire & Worcester",Eighth,1,1364.2583072100313,711.9598746081505,1083.849529780564,625.4507836990596,1150,649
Lowell,1,1,Sixteenth Middlesex,First Middlesex,Fifth,3,724.1831072881921,362.6555094622891,621.9051821060295,371.15227935905904,557,397
Lowell,1,1A,Eighteenth Middlesex,First Middlesex,Fifth,3,0,0,0,0,0,0
Lowell,1,2,Sixteenth Middlesex,First Middlesex,Fifth,3,900.6025955545699,555.8579929497752,702.5459696831095,530.7891654769991,699,589
Lowell,1,3,Sixteenth Middlesex,First Middlesex,Fifth,3,1083.8873020066148,618.9024630958294,841.4758810733947,593.6448322084838,1218,857
Lowell,1,4,Sixteenth Middlesex,First Middlesex,Fifth,3,945.6356435643564,614.5425742574257,821.7530410183875,529.2543140028289,502,477
Lowell,2,1,Sixteenth Middlesex,First Middlesex,Fifth,3,680.3327649412796,347.7951475238566,632.2022107590273,288.9782002369337,541,370
Lowell,2,2,Sixteenth Middlesex,First Middlesex,Fifth,3,738.2357356532071,427.41383112843425,643.9315231562837,369.91028063939086,570,375
Lowell,2,3,Sixteenth Middlesex,First Middlesex,Fifth,3,945.8497523390204,487.11227297743534,852.4782608695652,454.7396807925151,747,443
Lowell,2,4,Sixteenth Middlesex,First Middlesex,Fifth,3,802.387570621469,407.6033898305085,752.2700564971751,383.1333333333333,651,455
Lowell,3,1,Seventeenth Middlesex,First Middlesex,Fifth,3,846.6267473782456,327.06539990181875,827.4321583612314,291.093350316375,630,321
Lowell,3,2,Seventeenth Middlesex,First Middlesex,Fifth,3,1381.423988349755,885.061630492037,1163.2891154644606,901.653727845944,1322,850
Lowell,3,3,Seventeenth Middlesex,First Middlesex,Fifth,3,1163.264378775816,616.1740383084344,994.8472757926288,592.012311150658,1098,608
Lowell,3,4,Seventeenth Middlesex,First Middlesex,Fifth,3,885.096915996042,475.39562714634025,752.9287675237297,431.90398261585653,677,476
Lowell,4,1,Seventeenth Middlesex,First Middlesex,Fifth,3,833.450047067227,210.28812983546817,707.9659122030841,149.44209474064786,486,206
Lowell,4,2,Seventeenth Middlesex,First Middlesex,Fifth,3,967.2837274788856,239.82209244648715,814.5576193683646,172.25671127655812,956,354
Lowell,4,3,Eighteenth Middlesex,First Middlesex,Fifth,3,500.3858676271563,116.19598617941772,585.4785005108083,98.59242206610035,282,73
Lowell,4,3A,Seventeenth Middlesex,First Middlesex,Fifth,3,80.11796195153907,18.60441351749104,93.74234418291032,15.785865330808203,187,34
Lowell,4,4,Sixteenth Middlesex,First Middlesex,Fifth,3,436.19296548285183,250.51888642156248,430.0530853560418,231.16932203637563,447,340
Lowell,4,4A,Eighteenth Middlesex,First Middlesex,Fifth,3,145.76655098774535,83.71816356675629,143.71473167751742,77.2519445152368,7,0
Lowell,5,1,Seventeenth Middlesex,First Middlesex,Fifth,3,670.1793137808943,322.7577821081917,657.4422357788079,238.04001687303077,649,396
Lowell,5,1A,Eighteenth Middlesex,First Middlesex,Fifth,3,81.25898267927948,39.134256290260176,79.7146168961623,28.86226001058709,177,65
Lowell,5,2,Seventeenth Middlesex,First Middlesex,Fifth,3,757.1189882872243,356.39485821823337,664.7761882595992,276.71591644012784,553,397
Lowell,5,3,Seventeenth Middlesex,First Middlesex,Fifth,3,605.6801363567671,235.98871464191663,550.3452306355941,176.6642847845493,429,263
Lowell,5,4,Seventeenth Middlesex,First Middlesex,Fifth,3,876.5636065765904,533.2064125243744,721.1226772572777,459.50632843521,694,539
Lowell,6,1,Eighteenth Middlesex,First Middlesex,Fifth,3,788.9568722279314,385.6328215744936,763.0889590844656,302.4239900888162,638,349
Lowell,6,2,Eighteenth Middlesex,First Middlesex,Fifth,3,555.8880124539628,259.1255884820452,569.1892172317965,170.08135576937707,407,274
Lowell,6,3,Seventeenth Middlesex,First Middlesex,Fifth,3,450.93630906108217,196.40556888344045,481.382291193021,133.85712168572954,334,170
Lowell,6,3A,Eighteenth Middlesex,First Middlesex,Fifth,3,121.14459460626644,52.76459788820101,129.3239451900398,35.96088054107618,66,69
Lowell,6,4,Eighteenth Middlesex,First Middlesex,Fifth,3,451.73522709195174,213.722664536056,474.27450600639486,160.86383736263335,398,250
Lowell,6,4A,Seventeenth Middlesex,First Middlesex,Fifth,3,276.65379461681425,130.88903099310616,290.45740493020287,98.51698152806615,172,102
Lowell,7,1,Eighteenth Middlesex,First Middlesex,Fifth,3,629.7408035157484,234.8400042037206,656.6489866577253,189.4433450759873,484,247
Lowell,7,2,Eighteenth Middlesex,First Middlesex,Fifth,3,593.6391660100348,177.07288550922368,738.764088935247,126.6642666444002,517,259
Lowell,7,3,Eighteenth Middlesex,First Middlesex,Fifth,3,700.8349900461349,231.7127048890623,764.646113960529,140.83062280357018,585,234
Lowell,7,4,Eighteenth Middlesex,First Middlesex,Fifth,3,514.0965378927884,251.71685122029365,564.7379451070412,157.27578077984367,352,215
Lowell,8,1,Eighteenth Middlesex,First Middlesex,Fifth,3,693.5457078557166,312.8395621696983,630.2372991511143,258.41032164842784,659,371
Lowell,8,2,Eighteenth Middlesex,First Middlesex,Fifth,3,794.8250797586225,319.41801413194395,706.765253493197,262.95422641434806,628,328
Lowell,8,3,Eighteenth Middlesex,First Middlesex,Fifth,3,969.1235933725422,511.8366220608641,864.7777754400012,438.0919206316947,981,627
Lowell,8,4,Eighteenth Middlesex,First Middlesex,Fifth,3,914.2924339162812,514.9396528717895,831.0459255015334,428.6949271917501,745,516
Lowell,8,4A,Seventeenth Middlesex,First Middlesex,Fifth,3,37.062226829393225,20.873857761717847,33.68770368650031,17.37779734667005,35,10
Ludlow,-,1,Seventh Hampden,"Hampden, Hampshire & Worcester",Eighth,1,939.617705102904,966.796729630674,790.1330702001692,813.4293769382577,888,1013
Ludlow,-,2,Seventh Hampden,"Hampden, Hampshire & Worcester",Eighth,1,804.3822948970961,677.2032703693262,676.8669297998308,605.5706230617424,677,688
Ludlow,-,3,Seventh Hampden,"Hampden, Hampshire & Worcester",Eighth,1,942,1276,713,1116,904,1377
Ludlow,-,4,Seventh Hampden,"Hampden, Hampshire & Worcester",Eighth,1,945,908,828,800,903,913
Ludlow,-,5,Seventh Hampden,"Hampden, Hampshire & Worcester",Eighth,1,750.7629310344828,779.823275862069,596.3362068965517,720.4051724137931,659,813
Ludlow,-,6,Seventh Hampden,"Hampden, Hampshire & Worcester",Eighth,1,1085.2370689655172,1087.1767241379312,878.6637931034483,1041.594827586207,994,1126
Lunenburg,-,A,First Middlesex,Worcester and Middlesex,Seventh,3,977.0771962372154,707.7324441766151,726.2712344578946,700.1586584085197,961,788
Lunenburg,-,B,Third Worcester,Worcester and Middlesex,Seventh,3,949.4328919439916,668.575808755599,720.1144117213124,600.213987666248,912,769
Lunenburg,-,B1,First Middlesex,Worcester and Middlesex,Seventh,3,34.583053062378106,24.35284564775875,26.23013708799384,21.86276919661207,42,37
Lunenburg,-,C,First Middlesex,Worcester and Middlesex,Seventh,3,953.8151220979508,757.5638129042686,666.7240197402783,706.0971344021523,887,777
Lunenburg,-,C1,Third Worcester,Worcester and Middlesex,Seventh,3,8.04907276032026,6.392943568812393,5.626363035782939,5.958625606769218,9,4
Lunenburg,-,D,First Middlesex,Worcester and Middlesex,Seventh,3,1104.0426638981437,771.382144946946,797.0338339567379,767.7088247196984,1055,832
Lynn,1,1,Ninth Essex,Third Essex,Sixth,6,1294.5529899348726,1005.8952042628774,1114.9141503848432,1031.231497927768,1188,947
Lynn,1,2,Ninth Essex,Third Essex,Sixth,6,978.005948563404,617.5253371178022,784.3936663005289,651.6503795358541,865,719
Lynn,1,2A,Tenth Essex,Third Essex,Sixth,6,272.5414677698602,172.0861330244277,218.58742417359517,181.59577778884463,207,140
Lynn,1,3,Tenth Essex,Third Essex,Sixth,6,1160.7520572606272,601.862992536814,990.7683980069842,641.3123254797107,993,668
Lynn,1,4,Tenth Essex,Third Essex,Sixth,6,1098.4964887034694,494.4862772444881,925.9260533660224,525.0956993915461,815,524
Lynn,2,1,Tenth Essex,Third Essex,Sixth,6,1222.5837840521067,691.3153044052096,1059.4654796814723,690.9616258664413,1047,745
Lynn,2,2,Tenth Essex,Third Essex,Sixth,6,988.9047996102644,360.5583897336549,773.7563223178023,300.18180275581966,629,434
Lynn,2,3,Tenth Essex,Third Essex,Sixth,6,717.1526019563424,188.5393381706271,690.011984365977,130.38742928986576,492,261
Lynn,2,4,Tenth Essex,Third Essex,Sixth,6,588.131636541774,173.38974897048274,594.5459308693107,152.39555930244566,449,255
Lynn,3,1,Tenth Essex,Third Essex,Sixth,6,914.2382345922152,408.2011169909979,797.7226869770132,373.15885825585354,744,493
Lynn,3,2,Tenth Essex,Third Essex,Sixth,6,861.4958387564767,290.8324648069301,822.318453303662,236.508895337736,509,336
Lynn,3,3,Tenth Essex,Third Essex,Sixth,6,903.828131201963,344.3846559891954,819.0810980921794,284.2800300013918,790,419
Lynn,3,4,Eighth Essex,Third Essex,Sixth,6,1064.8502701312066,320.3208129662979,964.8101363519424,286.65346025212244,848,363
Lynn,4,1,Tenth Essex,Third Essex,Sixth,6,573.8155787837322,145.6932019268174,611.2761478136235,92.77020543092772,343,218
Lynn,4,2,Tenth Essex,Third Essex,Sixth,6,596.293176198663,175.09209305281706,607.8187176768341,97.86667265304553,410,189
Lynn,4,3,Eleventh Essex,Third Essex,Sixth,6,711.816181426531,259.5982717358365,693.6238417667578,190.7688775401422,517,289
Lynn,4,3A,Eighth Essex,Third Essex,Sixth,6,127.56808656839696,46.5238858934559,124.30774770401676,34.18863088476809,108,57
Lynn,4,4,Eighth Essex,Third Essex,Sixth,6,948.6571848816468,311.7066934604373,809.3209690465152,279.5288019586745,684,367
Lynn,5,1,Eleventh Essex,Third Essex,Sixth,6,952.9984590423796,371.0035861014414,777.4919269922277,338.50055784451087,759,479
Lynn,5,2,Eleventh Essex,Third Essex,Sixth,6,670.8732824998069,211.6645415053123,610.7707639371573,156.03994974569446,398,246
Lynn,5,3,Tenth Essex,Third Essex,Sixth,6,534.9585320855485,154.56878138556553,573.4858727291328,87.22313970184405,366,210
Lynn,5,4,Eleventh Essex,Third Essex,Sixth,6,879.720764603715,351.78690680621224,814.3327461614914,257.19818773892115,806,363
Lynn,6,1,Eleventh Essex,Third Essex,Sixth,6,631.8994341563786,201.09953703703704,596.1484053497942,184.11779835390945,538,259
Lynn,6,2,Eleventh Essex,Third Essex,Sixth,6,562.6477722814533,213.5486250988704,560.4778714341555,122.91953822995006,378,269
Lynn,6,3,Eleventh Essex,Third Essex,Sixth,6,696.4232448511068,280.60019042875444,662.565585108685,145.65850178262795,431,258
Lynn,6,4,Eleventh Essex,Third Essex,Sixth,6,747.2225692945032,291.75226291603747,697.3111427358448,191.56783058139249,652,388
Lynn,7,1,Eleventh Essex,Third Essex,Sixth,6,1163.5073388133817,533.9109123657449,981.9714562343956,501.7515011453143,914,582
Lynn,7,2,Eleventh Essex,Third Essex,Sixth,6,1156.3106837692976,500.4891059755172,1010.4406169013872,462.2190680069755,895,587
Lynn,7,3,Eleventh Essex,Third Essex,Sixth,6,774.0971396205041,341.0804304729538,706.6091758708582,340.29623336165395,550,374
Lynn,7,4,Eleventh Essex,Third Essex,Sixth,6,867.6563220483722,365.48319761738406,769.7452283457899,342.9711638542483,657,426
Lynnfield,-,1,Twentieth Middlesex,Third Essex,Sixth,6,1077.9838802533104,928.8595279217042,808.0005757052389,891.8221070811745,984,940
Lynnfield,-,2,Twentieth Middlesex,Third Essex,Sixth,6,1086.0325720350534,907.4973371695314,833.0293375463316,875.4435225927712,1005,984
Lynnfield,-,3,Twentieth Middlesex,Third Essex,Sixth,6,1037.9835477116362,1019.6431349087644,796.9700867484296,982.7343703260544,918,1021
Lynnfield,-,4,Twentieth Middlesex,Third Essex,Sixth,6,1011,1113,800,1079,906,1133
Malden,1,1,Thirty-Fifth Middlesex,Fifth Middlesex,Sixth,5,717.6454163266608,148.22393637687338,587.4860476925458,141.15268522990698,570,177
Malden,1,2,Thirty-Fifth Middlesex,Fifth Middlesex,Sixth,5,804.7599313083417,254.22116608817925,686.5481102319043,223.5314977555126,586,266
Malden,1,3,Thirty-Fifth Middlesex,Fifth Middlesex,Sixth,5,788.8259172814653,241.4727972962839,670.2252692831873,213.4093731004993,632,252
Malden,2,1,Thirty-Third Middlesex,Fifth Middlesex,Sixth,5,662.4455762552344,204.10545168258972,563.2526782519276,172.85279921369855,496,203
Malden,2,2,Thirty-Third Middlesex,Fifth Middlesex,Sixth,5,723.8976661537096,305.4798377583994,628.9590781491125,287.0481984819069,506,308
Malden,2,3,Thirty-Third Middlesex,Fifth Middlesex,Sixth,5,733.0969402891708,301.2127765067552,636.1145751619196,281.03289253893513,647,322
Malden,3,1,Thirty-Third Middlesex,Fifth Middlesex,Sixth,5,498.97922890461274,142.6437248083872,426.9710440487312,141.54189440662745,398,160
Malden,3,1A,Thirty-Fifth Middlesex,Fifth Middlesex,Sixth,5,422.0532644484849,120.65281723376084,361.1463414245518,119.7208523522724,472,216
Malden,3,2,Thirty-Third Middlesex,Fifth Middlesex,Sixth,5,888.6112054329373,228.53650254668932,754.553480475382,228.53650254668932,692,207
Malden,3,3,Thirty-Fifth Middlesex,Fifth Middlesex,Sixth,5,1007.5200583515682,321.44687575978605,869.7571115973742,316.64916119620716,834,246
Malden,4,1,Thirty-Third Middlesex,Fifth Middlesex,Sixth,5,760.6038359784707,176.17397028025437,597.7223382022863,177.373821455029,620,234
Malden,4,2,Thirty-Third Middlesex,Fifth Middlesex,Sixth,5,596.7916529159088,133.40792833161353,437.5390879537355,119.41516416675074,442,132
Malden,4,3,Thirty-Third Middlesex,Fifth Middlesex,Sixth,5,627.0005712699028,140.3401150917644,461.98426473497955,126.82871364188344,641,166
Malden,5,1,Thirty-Third Middlesex,Fifth Middlesex,Sixth,5,889.1549286706423,236.4110788117123,728.2323621323262,232.38633326997805,619,287
Malden,5,2,Thirty-Second Middlesex,Fifth Middlesex,Sixth,5,1075.4829231541937,375.97061778001,858.1788046207936,355.2749874434957,958,353
Malden,5,3,Thirty-Third Middlesex,Fifth Middlesex,Sixth,5,510.0185771914197,154.8371597848044,411.7075037595406,148.80861346563717,356,119
Malden,5,3A,Thirty-Second Middlesex,Fifth Middlesex,Sixth,5,433.2000982334273,131.51574438392947,349.6965386128148,126.3952115750082,383,141
Malden,6,1,Thirty-Third Middlesex,Fifth Middlesex,Sixth,5,908.573825755569,322.97306319259656,741.2910335494868,306.0611647131683,844,387
Malden,6,2,Thirty-Third Middlesex,Fifth Middlesex,Sixth,5,869.174720882389,307.70292852447244,724.209069154554,296.6752077308858,615,290
Malden,6,3,Thirty-Third Middlesex,Fifth Middlesex,Sixth,5,823.10031065559,291.40387636664934,652.4565592856412,267.46322110943174,626,343
Malden,7,1,Thirty-Fifth Middlesex,Fifth Middlesex,Sixth,5,697.6668257756563,158.5909307875895,627.0338902147972,143.9312649164678,553,183
Malden,7,2,Thirty-Third Middlesex,Fifth Middlesex,Sixth,5,716.1915527171245,264.4895900099057,661.19781618999275,205.84832466195056,546,258
Malden,7,3,Thirty-Third Middlesex,Fifth Middlesex,Sixth,5,371.0733915290803,113.21640527472752,339.92569024238367,92.09948140602268,285,191
Malden,7,3A,Thirty-Fifth Middlesex,Fifth Middlesex,Sixth,5,320.0153432158364,97.63833144262463,293.15342709575964,79.42700238003762,248,99
Malden,8,1,Thirty-Third Middlesex,Fifth Middlesex,Sixth,5,854.0547878787878,359.71103030303027,713.8986666666666,315.52387878787874,661,379
Malden,8,2,Thirty-Third Middlesex,Fifth Middlesex,Sixth,5,745.2608860435339,272.9024703371746,575.0324507042253,233.69118907383697,623,299
Malden,8,3,Thirty-Third Middlesex,Fifth Middlesex,Sixth,5,665.8005633802817,220.71887323943665,486.72676056338025,185.3205633802817,474,225
Manchester-by-the-Sea,-,1,Fifth Essex,First Essex and Middlesex,Fifth,6,2682.4145454545455,1002.938181818182,2224.4654545454546,943.5927272727272,2575,952
Mansfield,-,1,Fourteenth Bristol,Bristol and Norfolk,Second,4,1234.9476481530694,860.7472761094872,986.9210736114802,822.7222960403933,1121,931
Mansfield,-,2,First Bristol,Bristol and Norfolk,Second,4,851.5400874437878,516.615267951454,638.4218118120505,495.7532722612633,844,636
Mansfield,-,2A,Fourteenth Bristol,Bristol and Norfolk,Second,4,412.2152189544721,250.08414628264893,309.0485002666271,239.9852299215012,351,231
Mansfield,-,3,First Bristol,Bristol and Norfolk,Second,4,1481.9130316987266,905.1376320780277,1179.248713085885,914.655377946356,1327,922
Mansfield,-,4,Eighth Norfolk,Bristol and Norfolk,Second,4,1327.7719560878245,741.061626746507,1024.3313373253493,743.6926147704592,1146,810
Mansfield,-,5,Fourteenth Bristol,Bristol and Norfolk,Second,4,1221.552724520686,617.9919273461151,896.4278506559031,595.9207870837538,994,669
Mansfield,-,6,First Bristol,Bristol and Norfolk,Second,4,1107.2414651350553,510.60722768787855,816.5816594552333,522.554588666309,899,571
Mansfield,-,6A,Eighth Norfolk,Bristol and Norfolk,Second,4,178.7393720732097,82.42611763265361,131.8188467948363,84.35475187049454,136,90
Mansfield,-,7,First Bristol,Bristol and Norfolk,Second,4,1208.0784959331686,664.3287781652282,896.2002069926355,653.3610814394699,1121,673
Marblehead,-,1,Eighth Essex,Third Essex,Sixth,6,1808.6188302425107,622.895577746077,1426.984308131241,617.0507845934379,1657,603
Marblehead,-,2,Eighth Essex,Third Essex,Sixth,6,1768.3811697574893,594.104422253923,1433.015691868759,625.9492154065621,1645,598
Marblehead,-,3,Eighth Essex,Third Essex,Sixth,6,1554,589,1235,623,1449,638
Marblehead,-,4,Eighth Essex,Third Essex,Sixth,6,1702,668,1376,674,1526,686
Marblehead,-,5,Eighth Essex,Third Essex,Sixth,6,1615,667,1322,608,1468,692
Marblehead,-,6,Eighth Essex,Third Essex,Sixth,6,1680,649,1318,611,1554,698
Marion,-,1,Tenth Bristol,Third Bristol & Plymouth,First,9,2369,1244,1861,1159,2236,1308
Marlborough,1,1,Thirteenth Middlesex,Middlesex and Worcester,Third,3,828.536639642818,369.1844955867841,719.217009150264,344.9075383320115,678,364
Marlborough,1,1A,Fourth Middlesex,Middlesex and Worcester,Third,3,51.01523819759191,22.73168630096668,44.28413335272397,21.236888487801895,23,7
Marlborough,1,2,Thirteenth Middlesex,Middlesex and Worcester,Third,3,1216.8284182549307,563.6420621136642,993.5490775659588,550.4926419628905,1155,585
Marlborough,2,1,Fourth Middlesex,Middlesex and Worcester,Third,3,970.712100139082,511.791933240612,819.7026425591099,495.7518776077886,852,562
Marlborough,2,2,Fourth Middlesex,Middlesex and Worcester,Third,3,882.3640470951096,376.4186565568861,774.8574015334242,393.1208965420797,723,411
Marlborough,2,2A,Thirteenth Middlesex,Middlesex and Worcester,Third,3,9.68943870348863,4.133538205194286,8.50888397008011,4.316949271273281,4,7
Marlborough,3,1,Fourth Middlesex,Middlesex and Worcester,Third,3,696.7856805224495,341.07113823245425,593.9939189598806,314.4955811793772,532,378
Marlborough,3,2,Fourth Middlesex,Middlesex and Worcester,Third,3,1053.4381084840056,458.5079276773296,810.4611961057024,453.6645340751043,1118,573
Marlborough,4,1,Fourth Middlesex,Middlesex and Worcester,Third,3,541.9642857142858,293.5240202275601,453.7152338811631,263.7879266750948,439,333
Marlborough,4,2,Fourth Middlesex,Middlesex and Worcester,Third,3,1198.489568845619,594.4069541029207,977.008066759388,612.7794158553546,1036,632
Marlborough,5,1,Fourth Middlesex,Middlesex and Worcester,Third,3,689.607995452823,317.59202751779804,641.7025380021261,289.23196722410944,527,348
Marlborough,5,2,Fourth Middlesex,Middlesex and Worcester,Third,3,1018,466,822,457,910,481
Marlborough,6,1,Fourth Middlesex,Middlesex and Worcester,Third,3,715.58714147834,353.7147523169753,653.0079156689694,323.93591223728237,567,369
Marlborough,6,2,Fourth Middlesex,Middlesex and Worcester,Third,3,1074.8538984129964,605.7956865039824,882.205227571118,610.5289904875466,999,665
Marlborough,7,1,Fourth Middlesex,Middlesex and Worcester,Third,3,800.0992317541613,407.15108834827146,663.7509603072983,384.42637644046096,683,430
Marlborough,7,2,Fourth Middlesex,Middlesex and Worcester,Third,3,842.3402826801449,404.8710280969005,702.6136840541737,429.28878516243606,720,492
Marlborough,7,2A,Thirteenth Middlesex,Middlesex and Worcester,Third,3,19.68792462215369,9.4630049717003,16.422110558619664,10.033718459388112,30,14
Marshfield,-,1,Fourth Plymouth,First Plymouth & Norfolk,Fourth,9,1431.305246154434,1107.6882364076982,1105.3049427903893,1097.537096825254,1236,1225
Marshfield,-,2,Fourth Plymouth,First Plymouth & Norfolk,Fourth,9,1193.560704668285,943.1660185758158,917.1697687441584,943.9093401877012,1104,1017
Marshfield,-,2A,Sixth Plymouth,First Plymouth & Norfolk,Fourth,9,190.7004885278275,150.6938187574142,146.5402826001005,150.81258254878685,177,105
Marshfield,-,3,Fourth Plymouth,First Plymouth & Norfolk,Fourth,9,1417.2295192497493,1124.6594176341332,1114.8154642192208,1035.3752830503818,1310,1198
Marshfield,-,4,Sixth Plymouth,First Plymouth & Norfolk,Fourth,9,1188.2040413997042,912.7925086249384,910.1695416461312,818.3656973878758,1135,1000
Marshfield,-,5,Fourth Plymouth,First Plymouth & Norfolk,Fourth,9,1252,945,921,933,1188,1041
Marshfield,-,6,Fourth Plymouth,First Plymouth & Norfolk,Fourth,9,1540,1197,1118,1145,1418,1288
Marshfield,-,7,Fourth Plymouth,First Plymouth & Norfolk,Fourth,9,1458,1117,1110,1091,1335,1154
Mashpee,-,1,Third Barnstable,Plymouth and Barnstable,First,9,1243.360095476673,734.2892442931625,975.8356810971636,714.008695719178,1257,745
Mashpee,-,2,Third Barnstable,Plymouth and Barnstable,First,9,1134.0366628849415,805.2342844594211,813.4681472444217,734.5067501332613,1006,805
Mashpee,-,3,Third Barnstable,Plymouth and Barnstable,First,9,1084.525408958032,755.8528788372041,824.5929291903844,713.0272623222625,949,892
Mashpee,-,4,Third Barnstable,Plymouth and Barnstable,First,9,1162.0283020051295,714.1271651867019,894.0186684079595,686.0503117830982,1135,725
Mashpee,-,5,Third Barnstable,Plymouth and Barnstable,First,9,1358.0495306752232,1076.4964272235102,940.0845740600704,991.4069800422,1536,1138
Mattapoisett,-,1,Tenth Bristol,Second Bristol and Plymouth,First,9,1400.3017241379312,968.4137931034484,1089.978448275862,933.5344827586208,1337,1066
Mattapoisett,-,2,Tenth Bristol,Second Bristol and Plymouth,First,9,1329.698275862069,919.5862068965516,1035.021551724138,886.4655172413793,1402,1010
Maynard,-,1,Third Middlesex,Middlesex and Worcester,Third,5,1258.6952141952345,437.87767083254374,991.7086833102264,448.064619036695,1194,468
Maynard,-,2,Third Middlesex,Middlesex and Worcester,Third,5,1128.947261791959,351.17924841327624,906.7288833920148,328.6376221586092,1045,396
Maynard,-,3,Third Middlesex,Middlesex and Worcester,Third,5,1425.476474674081,478.30689601392334,1050.647512752451,461.4846606964302,1472,512
Maynard,-,4,Third Middlesex,Middlesex and Worcester,Third,5,1128.881049338726,404.63618474025674,910.914920545308,432.8130981082657,1032,390
Medfield,-,1,Thirteenth Norfolk,"Norfolk, Worcester & Middlesex",Second,4,1486,625,1130,603,1376,693
Medfield,-,2,Thirteenth Norfolk,"Norfolk, Worcester & Middlesex",Second,4,1471,541,1109,597,1337,568
Medfield,-,3,Ninth Norfolk,"Norfolk, Worcester & Middlesex",Second,4,1405,625,1141,581,1274,633
Medfield,-,4,Ninth Norfolk,"Norfolk, Worcester & Middlesex",Second,4,1306,583,1029,619,1243,606
Medford,1,1,Thirty-Fifth Middlesex,Second Middlesex,Sixth,5,1342.0152345521374,470.7773404070332,1127.066061817875,452.588064985356,1244,635
Medford,1,2,Thirty-Fifth Middlesex,Second Middlesex,Sixth,5,1453.4437824644292,539.5705617577006,1334.8417005679196,526.4801041264394,1301,604
Medford,2,1,Thirty-Fifth Middlesex,Second Middlesex,Sixth,5,1410.7662058183284,642.7487803031572,1257.6144025755589,637.6015575774527,1162,587
Medford,2,2,Thirty-Fifth Middlesex,Second Middlesex,Sixth,5,1608.9097374516746,788.450309876131,1307.7465821715646,796.5464220853786,1505,848
Medford,3,1,Thirty-Fifth Middlesex,Second Middlesex,Sixth,5,1539.5881314801543,694.462686656223,1486.6351596913896,706.7851300173363,1486,692
Medford,3,2,Twenty-Third Middlesex,Second Middlesex,Sixth,5,1715.2823218997362,714.6191732629727,1431.109058927001,760.627088830255,1652,678
Medford,4,1,Thirty-Fourth Middlesex,Second Middlesex,Sixth,5,866,156,1013,167,741,144
Medford,4,2,Thirty-Fourth Middlesex,Second Middlesex,Sixth,5,1652.1090715615856,416.4732641660016,1460.1178504921522,434.195530726257,1466,417
Medford,5,1,Thirty-Fourth Middlesex,Second Middlesex,Sixth,5,1570.6541474114808,338.71570895096056,1376.019248586759,337.0363830530985,1308,383
Medford,5,2,Thirty-Fourth Middlesex,Second Middlesex,Sixth,5,1444.5913296325668,295.2373777425324,1320.9701295268303,312.1337562780862,1403,351
Medford,6,1,Twenty-Third Middlesex,Second Middlesex,Sixth,5,1907.942741935484,350.88602150537633,1709.6158602150538,328.0021505376344,1757,329
Medford,6,2,Twenty-Third Middlesex,Second Middlesex,Sixth,5,1582.5265583711025,472.2482745968598,1362.9254939067537,512.4388251069771,1447,455
Medford,6,2A,Thirty-Fifth Middlesex,Second Middlesex,Sixth,5,101.38355484201044,30.254284576378087,87.31495267876997,32.82906656674615,102,45
Medford,7,1,Thirty-Fourth Middlesex,Second Middlesex,Sixth,5,957.9719602345144,251.146571501402,847.6196788172317,260.6596992097884,847,287
Medford,7,2,Thirty-Fifth Middlesex,Second Middlesex,Sixth,5,1230.4323750848018,356.18671346463725,845.2694497076745,317.95402648123894,1015,343
Medford,7,2A,Thirty-Fourth Middlesex,Second Middlesex,Sixth,5,63.29452831704744,18.32255918980493,43.48140718937943,16.35583599728431,44,6
Medford,8,1,Thirty-Fifth Middlesex,Second Middlesex,Sixth,5,1648.4428675485797,540.3267229023238,1439.7601917338284,573.1320284781127,1356,509
Medford,8,2,Thirty-Fourth Middlesex,Second Middlesex,Sixth,5,1399.645451394367,489.5736491405055,1238.8927713942585,498.6343299425583,1214,461
Medway,-,1,Eighth Worcester,Middlesex and Norfolk,Second,2,1194,732,918,755,1166,723
Medway,-,2,Tenth Norfolk,Middlesex and Norfolk,Second,2,1289,755,1030,707,1337,814
Medway,-,3,Tenth Norfolk,Middlesex and Norfolk,Second,2,1369.505774355937,745.6037903464613,1073.6517619188628,747.6775244299674,1292,827
Medway,-,4,Tenth Norfolk,Middlesex and Norfolk,Second,2,1303.494225644063,771.3962096535386,987.3482380811372,738.3224755700326,1234,828
Melrose,1,1,Thirty-Second Middlesex,Fifth Middlesex,Sixth,5,1103.3281395256229,300.76019823162454,915.5189367776238,333.9783285432393,1021,276
Melrose,1,2,Thirty-Second Middlesex,Fifth Middlesex,Sixth,5,924.9636451769268,277.4890935530781,793.1071255453223,277.4890935530781,847,257
Melrose,2,1,Thirty-Second Middlesex,Fifth Middlesex,Sixth,5,957,407,760,422,894,392
Melrose,2,2,Thirty-Second Middlesex,Fifth Middlesex,Sixth,5,908.1486952240276,375.68685376661745,789.2717872968981,356.66223535204335,855,343
Melrose,3,1,Thirty-Second Middlesex,Fifth Middlesex,Sixth,5,919.187179698745,276.0613878269479,781.3448114634616,301.46461673863416,844,284
Melrose,3,2,Thirty-Second Middlesex,Fifth Middlesex,Sixth,5,934.1072885182916,329.65361801931374,763.7291595802923,341.77967287676023,872,330
Melrose,4,1,Thirty-Second Middlesex,Fifth Middlesex,Sixth,5,964.0217273111836,297.6248833225844,782.8770389941817,333.09269422542144,843,297
Melrose,4,2,Thirty-Second Middlesex,Fifth Middlesex,Sixth,5,966.1953362196526,484.4411811987359,738.7101231252626,517.6030470762317,892,456
Melrose,5,1,Thirty-Second Middlesex,Fifth Middlesex,Sixth,5,781.0477143810477,202.23556890223557,566.2595929262596,207.11711711711712,703,225
Melrose,5,2,Thirty-Second Middlesex,Fifth Middlesex,Sixth,5,883.4451359142561,232.68761231620792,684.625399087751,265.2198175332693,705,181
Melrose,6,1,Thirty-Second Middlesex,Fifth Middlesex,Sixth,5,943.6655346571434,322.7787575646602,746.6707643830637,276.3619181106594,838,297
Melrose,6,2,Thirty-Second Middlesex,Fifth Middlesex,Sixth,5,955.1493659012712,447.26442854237894,793.2158334555318,433.7958316682422,937,452
Melrose,7,1,Thirty-Second Middlesex,Fifth Middlesex,Sixth,5,932.7996177879472,299.60934501484377,737.011343605729,350.53946303994593,891,342
Melrose,7,2,Thirty-Second Middlesex,Fifth Middlesex,Sixth,5,1039.9406196838845,392.70707174077154,834.6580837586226,414.8961641653578,899,447
Mendon,-,1,Tenth Worcester,Worcester & Hampden,Seventh,4,989.3588631984586,849.1159280667952,732.3265895953757,810.8243416827232,935,913
Mendon,-,2,Tenth Worcester,Worcester & Hampden,Seventh,4,1077.6411368015415,924.8840719332048,797.6734104046243,883.1756583172768,1037,964
Merrimac,-,1,First Essex,Second Essex and Middlesex,Fifth,6,1251.9606709080392,777.674956622325,886.1654135338346,739.2712550607288,1148,855
Merrimac,-,2,First Essex,Second Essex and Middlesex,Fifth,6,1297.0393290919608,947.325043377675,1008.8345864661654,882.7287449392712,1235,959
Methuen,-,1,Fourth Essex,First Essex,Fifth,3,777.5697623314846,369.9955359534091,778.4881594846197,274.7335949222387,579,468
Methuen,-,10,Fifteenth Essex,First Essex,Fifth,3,960.9845825757386,808.5372897339815,792.2056150716396,767.2549670825846,879,862
Methuen,-,11,Fifteenth Essex,First Essex,Fifth,3,1060.726294385698,1035.7628986485522,804.2471770660486,1031.0370802339542,972,1156
Methuen,-,12,Fifteenth Essex,First Essex,Fifth,3,878.378486055777,803.2804780876495,584.0211155378487,671.1884462151395,922,883
Methuen,-,13,Fourth Essex,First Essex,Fifth,3,608.4920026327171,478.8554058597523,462.5868863434659,428.15771616444897,521,535
Methuen,-,13A,Sixteenth Essex,First Essex,Fifth,3,420.92219242764793,331.2465347420174,319.9928438591143,296.1765870594934,307,297
Methuen,-,14,Fourth Essex,First Essex,Fifth,3,1086.6418374775017,686.4066356002049,915.6271743563204,646.953245971649,897,755
Methuen,-,15,Fourth Essex,First Essex,Fifth,3,909.5343540367392,580.006740406783,802.2448347041804,497.3668258421835,670,546
Methuen,-,2,Fourth Essex,First Essex,Fifth,3,832.9569138597146,446.8930828383496,782.485718419226,363.10953041986875,600,445
Methuen,-,3,Sixteenth Essex,First Essex,Fifth,3,961.5310344827586,714.210233592881,764.8171301446051,630.9537263626252,871,745
Methuen,-,4,Fourth Essex,First Essex,Fifth,3,907.5169678272366,593.0771264874394,747.9620978404583,605.5301895107978,772,624
Methuen,-,5,Fifteenth Essex,First Essex,Fifth,3,955.7622451889576,750.0513600789684,784.0018755812465,724.5120945023264,824,806
Methuen,-,6,Fifteenth Essex,First Essex,Fifth,3,825.7975401509455,595.7993303964238,690.9057319360353,543.2277687905321,668,721
Methuen,-,6A,Fourth Essex,First Essex,Fifth,3,131.1147031381058,94.5970998176264,109.69746885253576,86.25013296640135,89,73
Methuen,-,7,Sixteenth Essex,First Essex,Fifth,3,1069.864638724409,870.931159325301,832.6247852396166,816.9709096901533,951,917
Methuen,-,8,Fifteenth Essex,First Essex,Fifth,3,957.9331261479138,1009.1353152078788,761.5167909075176,984.9012242444176,892,939
Methuen,-,9,Fifteenth Essex,First Essex,Fifth,3,969.1698702807926,948.480736515329,718.1519027756547,858.077517307059,806,1058
Middleborough,-,1,Twelfth Plymouth,Third Bristol & Plymouth,First,9,1150.4570994684889,1232.3887623386483,895.2741078208048,1209.345482156416,1183,1414
Middleborough,-,2,Twelfth Bristol,Third Bristol & Plymouth,First,9,858.3937708565072,765.0901001112347,596.3659621802002,666.3437152391547,824,901
Middleborough,-,3,Second Plymouth,Third Bristol & Plymouth,First,9,869.2582619339045,1077.1615667074664,735.7894736842105,1057.4834761321908,814,1254
Middleborough,-,4,Twelfth Bristol,Third Bristol & Plymouth,First,9,797.8725252526388,785.7896371297961,591.9882571224779,688.7310700059186,695,843
Middleborough,-,5,Twelfth Bristol,Third Bristol & Plymouth,First,9,800.4720327262105,1020.7600085635336,603.1926422222117,927.1316149285682,704,1113
Middleborough,-,5A,Twelfth Plymouth,Third Bristol & Plymouth,First,9,156.68468794742253,199.80393676750705,118.06914802118342,181.4770808125899,148,259
Middleborough,-,6,Second Plymouth,Third Bristol & Plymouth,First,9,861.167316297388,1096.874079551037,668.1571929824562,980.9567959766524,847,1179
Middleborough,-,7,Twelfth Bristol,Third Bristol & Plymouth,First,9,645.7207138802684,767.4703754332768,488.8764422629376,678.2804990219311,627,803
Middleborough,-,7A,Second Plymouth,Third Bristol & Plymouth,First,9,183.9735916371712,218.6615333975004,139.2867737035176,193.2502657265779,179,348
Middlefield,-,1,Third Hampden,"Berkshire, Hampden, Franklin & Hampshire",Eighth,1,199,124,155,115,185,126
Middleton,-,1,Twentieth Middlesex,First Essex and Middlesex,Fifth,6,1121.1346929096514,1116.346929096514,853.0199193739625,1049.3182357125918,1066,1173
Middleton,-,2,Thirteenth Essex,First Essex and Middlesex,Fifth,6,770.8818770226536,888.8682128730671,618.2937792161092,764.6422150305644,640,770
Middleton,-,3,Twentieth Middlesex,First Essex and Middlesex,Fifth,6,871.9834300676948,960.7848580304188,687.6863014099281,849.0395492568435,852,1140
Milford,-,1,Tenth Worcester,"Norfolk, Worcester & Middlesex",Second,4,717.5519722153311,445.50657405110394,632.0617712726371,448.6459935499876,596,438
Milford,-,2,Tenth Worcester,"Norfolk, Worcester & Middlesex",Second,4,1070.743363465478,696.2913469515584,951.6907501072992,636.9196841793047,935,799
Milford,-,3,Tenth Worcester,"Norfolk, Worcester & Middlesex",Second,4,929.0697097494418,672.8990324981394,765.8060034730836,605.248325477549,826,735
Milford,-,4,Tenth Worcester,"Norfolk, Worcester & Middlesex",Second,4,743.6915735892785,499.42306782262614,747.09362543758,446.7118524270902,578,522
Milford,-,5,Tenth Worcester,"Norfolk, Worcester & Middlesex",Second,4,1371.4431303472572,885.549823855058,1048.750629089079,822.4949672873679,1194,959
Milford,-,6,Tenth Worcester,"Norfolk, Worcester & Middlesex",Second,4,1162.3084264107215,694.5769321773738,990.90637456242,666.2881475729098,997,754
Milford,-,7,Tenth Worcester,"Norfolk, Worcester & Middlesex",Second,4,1339.4627005495795,895.8102691756769,1112.934525024331,837.1770025167892,1304,959
Milford,-,8,Tenth Worcester,"Norfolk, Worcester & Middlesex",Second,4,1365.7291236729118,753.9429534684635,1120.7563210335702,773.5140269890016,1156,776
Millbury,-,1,Seventh Worcester,Second Worcester,Seventh,2,1010,944,749,815,913,976
Millbury,-,2,Seventh Worcester,Second Worcester,Seventh,2,1114,1073,888,1042,1031,1113
Millbury,-,3,Seventh Worcester,Second Worcester,Seventh,2,1007,898,782,832,1015,997
Millbury,-,4,Seventh Worcester,Second Worcester,Seventh,2,1065,824,743,756,945,908
Millis,-,1,Ninth Norfolk,"Norfolk, Worcester & Middlesex",Second,4,1161,631,864,636,1044,672
Millis,-,2,Eighth Middlesex,"Norfolk, Worcester & Middlesex",Second,4,1109,661,882,615,1014,763
Millis,-,3,Eighth Middlesex,"Norfolk, Worcester & Middlesex",Second,4,1232,709,874,639,1502,821
Millville,-,1,Eighth Worcester,Worcester & Hampden,Seventh,4,821,976,624,874,708,1055
Milton,-,1,Twelfth Suffolk,"Norfolk, Plymouth & Bristol",Second,7,1516,254,1303,211,1343,256
Milton,-,10,Seventh Norfolk,"Norfolk, Plymouth & Bristol",Second,7,1100.7002230047271,198.17318481610496,1001.6755847510702,204.7043910739704,977,214
Milton,-,2,Twelfth Suffolk,"Norfolk, Plymouth & Bristol",Second,7,1551,261,1376,235,1474,267
Milton,-,3,Seventh Norfolk,"Norfolk, Plymouth & Bristol",Second,8,1440.644090305445,442.9681274900398,1227.1414342629482,444.96347941567063,1316,424
Milton,-,4,Seventh Norfolk,"Norfolk, Plymouth & Bristol",Second,8,845.236958745312,204.94101602454825,708.6096147289466,202.04636890555747,727,283
Milton,-,4A,Twelfth Suffolk,"Norfolk, Plymouth & Bristol",Second,7,614.763041254688,149.05898397545175,515.3903852710536,146.95363109444256,508,118
Milton,-,5,Seventh Norfolk,"Norfolk, Plymouth & Bristol",Second,7,1085.2997769952729,335.826815183895,862.3244152489299,314.29560892602956,1016,356
Milton,-,6,Seventh Norfolk,"Norfolk, Plymouth & Bristol",Second,8,1193.0053524503808,631.6539596426855,992.43506016461,624.7933594901044,1075,648
Milton,-,7,Seventh Norfolk,"Norfolk, Plymouth & Bristol",Second,8,1106.3505572441743,574.3779128672745,926.4235055724416,568.2431610942249,1028,578
Milton,-,8,Seventh Norfolk,"Norfolk, Plymouth & Bristol",Second,8,1197,654,966,637,1131,692
Milton,-,9,Seventh Norfolk,"Norfolk, Plymouth & Bristol",Second,8,1212,735,873,697,1123,708
Monroe,-,1,First Franklin,"Berkshire, Hampden, Franklin & Hampshire",Eighth,1,28,31,25,26,24,39
Monson,-,A,Twelfth Hampden,Worcester & Hampden,Seventh,1,792.0990611848495,872.3256717384266,625.9501456782131,785.2657818064098,747,920
Monson,-,B,Second Hampden,Worcester & Hampden,Seventh,1,815,851,622,736,726,884
Monson,-,C,Second Hampden,Worcester & Hampden,Seventh,1,840,866,675,739,774,909
Montague,-,1,First Franklin,"Hampshire, Franklin and Worcester",Eighth,2,846,178,729,182,790,194
Montague,-,2,First Franklin,"Hampshire, Franklin and Worcester",Eighth,2,521,272,418,206,493,306
Montague,-,3,First Franklin,"Hampshire, Franklin and Worcester",Eighth,2,590.4845209181406,225.4425820134779,442.6142031266035,230.2553278828721,524,296
Montague,-,4,First Franklin,"Hampshire, Franklin and Worcester",Eighth,2,561.2849823068298,215.59371384189603,465.41246682237784,192.44259439870865,553,214
Montague,-,5,First Franklin,"Hampshire, Franklin and Worcester",Eighth,2,461.47313352117294,124.75192293845492,372.03924870459514,90.50965135095788,420,130
Montague,-,6,First Franklin,"Hampshire, Franklin and Worcester",Eighth,2,539.757363253857,195.2117812061711,430.9340813464236,193.79242636746145,453,222
Monterey,-,1,Third Berkshire,"Berkshire, Hampden, Franklin & Hampshire",Eighth,1,481,102,417,88,482,95
Montgomery,-,1,Third Hampden,Hampden and Hampshire,Eighth,1,246,312,199,281,237,302
Mount Washington,-,1,Third Berkshire,"Berkshire, Hampden, Franklin & Hampshire",Eighth,1,102,16,76,19,93,23
Nahant,-,1,Eleventh Essex,Third Essex,Sixth,6,1629,842,1347,864,1445,841
Nantucket,-,1,"Barnstable, Dukes and Nantucket",Cape and Islands,First,9,5241,1914,4146,1892,4784,2171
Natick,-,1,Fifth Middlesex,Middlesex and Norfolk,Second,5,1106,299,974,260,946,359
Natick,-,10,Fifth Middlesex,Middlesex and Norfolk,Second,5,1982,591,1642,575,1881,590
Natick,-,2,Fifth Middlesex,Middlesex and Norfolk,Second,5,1530.986276303751,468.7767612076853,1280.7964318389752,460.87602927721866,1420,531
Natick,-,3,Fifth Middlesex,Middlesex and Norfolk,Second,5,1585.1345029170282,534.2081738572498,1303.0877240051807,536.507347346158,1471,547
Natick,-,4,Fifth Middlesex,Middlesex and Norfolk,Second,5,1580,476,1229,441,1475,423
Natick,-,5,Fifth Middlesex,Middlesex and Norfolk,Second,5,1575.648740447212,566.3011604868384,1263.2901217095953,583.2587036512879,1427,613
Natick,-,6,Fifth Middlesex,Middlesex and Norfolk,Second,5,1559.351259552788,539.6988395131616,1240.7098782904047,529.7412963487121,1388,544
Natick,-,7,Fifth Middlesex,Middlesex and Norfolk,Second,5,1906.3374426605503,481.45240825688074,1599.0731077981652,495.48795871559633,1832,504
Natick,-,8,Fifth Middlesex,Middlesex and Norfolk,Second,5,1764.3314017599848,549.7449484354713,1426.5718181466325,517.1955992639167,1610,546
Natick,-,9,Fifth Middlesex,Middlesex and Norfolk,Second,5,1740.2103763586854,464.81770824271285,1461.4709182110464,470.9330653971102,1711,462
Needham,-,A,Thirteenth Norfolk,"Norfolk, Worcester & Middlesex",Second,4,1309,440,1086,443,1171,463
Needham,-,B,Thirteenth Norfolk,"Norfolk, Worcester & Middlesex",Second,4,1535.2821829855538,451.79839486356343,1233.687319422151,464.77624398073834,1460,449
Needham,-,C,Thirteenth Norfolk,"Norfolk, Worcester & Middlesex",Second,4,1491,383,1281,369,1407,385
Needham,-,D,Thirteenth Norfolk,"Norfolk, Worcester & Middlesex",Second,4,1557.2064205457464,412.7717495987158,1281.0568218298556,418.7418940609952,1394,399
Needham,-,E,Thirteenth Norfolk,"Norfolk, Worcester & Middlesex",Second,4,1627.2008408796896,436.42755498059506,1292.987063389392,424.41558861578267,1508,422
Needham,-,F,Thirteenth Norfolk,"Norfolk, Worcester & Middlesex",Second,4,1501.5113964686998,372.4298555377207,1289.2558587479937,369.4818619582665,1438,408
Needham,-,G,Thirteenth Norfolk,"Norfolk, Worcester & Middlesex",Second,4,1567.8266421716862,380.6603106063485,1372.3999264815222,379.2562094082884,1519,414
Needham,-,H,Thirteenth Norfolk,"Norfolk, Worcester & Middlesex",Second,4,1607.2394366197182,456.2676056338028,1260.868544600939,436.6431924882629,1537,486
Needham,-,I,Thirteenth Norfolk,"Norfolk, Worcester & Middlesex",Second,4,1782.409831029186,339.1036324207102,1463.6335411583989,335.0564380590946,1679,371
Needham,-,J,Thirteenth Norfolk,"Norfolk, Worcester & Middlesex",Second,4,1594.32324929972,405.5408963585434,1236.110924369748,378.62857142857143,1473,436
New Ashford,-,1,First Berkshire,"Berkshire, Hampden, Franklin & Hampshire",Eighth,1,98,48,101,39,93,65
New Bedford,1,A,Tenth Bristol,Second Bristol and Plymouth,First,9,655.1777102893935,531.2488191804764,507.5808136886997,396.9146595874657,534,617
New Bedford,1,A1,Eleventh Bristol,Second Bristol and Plymouth,First,9,102.91632702399914,83.44938533049545,79.73157845925498,62.34796798670062,65,50
New Bedford,1,B,Tenth Bristol,Second Bristol and Plymouth,First,9,637.588398520433,540.2811442261846,563.177758829734,441.0380388539561,640,726
New Bedford,1,B1,Eighth Bristol,Second Bristol and Plymouth,First,9,41.846493936305265,35.459979632983476,36.96274073464841,28.946410664639124,58,44
New Bedford,1,C,Eighth Bristol,Second Bristol and Plymouth,First,9,487.5927922827416,422.35632757430335,486.89212516074394,357.0871409878663,447,479
New Bedford,1,C1,Tenth Bristol,Second Bristol and Plymouth,First,9,165.53775297999078,143.389973211476,165.29987649207257,121.2310843653806,92,93
New Bedford,1,D,Ninth Bristol,Second Bristol and Plymouth,First,9,815.556831228473,757.1549942594719,733.4714887102947,614.5817068503636,674,872
New Bedford,1,E,Ninth Bristol,Second Bristol and Plymouth,First,9,701,517,626,431,674,682
New Bedford,1,F,Ninth Bristol,Second Bristol and Plymouth,First,9,435.8710253662022,586.3658449446231,660.6459449803501,540.8706680957484,647,748
New Bedford,2,A,Eleventh Bristol,Second Bristol and Plymouth,First,9,250.2370767902553,131.69318039411624,288.594627882503,88.96730109393432,168,134
New Bedford,2,B,Eleventh Bristol,Second Bristol and Plymouth,First,9,383.2226778264156,236.38570009313065,418.13247840863545,182.50929564415412,227,260
New Bedford,2,C,Eleventh Bristol,Second Bristol and Plymouth,First,9,378.4929147093673,266.2169161867248,367.9652977538293,214.3558920333698,274,304
New Bedford,2,D,Eleventh Bristol,Second Bristol and Plymouth,First,9,431.5103319750188,333.9471427780485,450.46055056030474,303.6139685299198,544,435
New Bedford,2,E,Eleventh Bristol,Second Bristol and Plymouth,First,9,592.6345828886022,472.4853040029889,549.3550674097298,374.3858238649236,536,666
New Bedford,2,F,Eleventh Bristol,Second Bristol and Plymouth,First,9,542.256645874373,411.7532824519316,507.2977210218105,326.1828983193611,414,456
New Bedford,3,A,Eleventh Bristol,Second Bristol and Plymouth,First,9,350.92142726508706,162.1156397701696,357.46904820377057,112.16949033111224,352,212
New Bedford,3,B,Eleventh Bristol,Second Bristol and Plymouth,First,9,395.5370952971594,230.6426278681351,428.7584362740493,162.36049824548795,325,274
New Bedford,3,C,Eleventh Bristol,Second Bristol and Plymouth,First,9,417.1589517560234,204.6291793955189,483.1996804791829,125.65303853314006,231,250
New Bedford,3,D,Eleventh Bristol,Second Bristol and Plymouth,First,9,529.1363634594111,317.74018912429204,558.2969500548572,210.50597115122417,383,370
New Bedford,3,E,Thirteenth Bristol,Second Bristol and Plymouth,First,9,725.97539558143,453.26674130467234,672.3099473802059,360.7832624272279,573,495
New Bedford,3,F,Thirteenth Bristol,Second Bristol and Plymouth,First,9,433.7114299249331,246.98732762794089,404.98778748926406,192.57512949398844,515,393
New Bedford,3,F1,Eleventh Bristol,Second Bristol and Plymouth,First,9,329.2370089687179,187.49187452927967,307.4324507539542,146.1867390659685,240,196
New Bedford,4,A,Thirteenth Bristol,Second Bristol and Plymouth,First,9,255.96132825629795,88.63432621925416,291.9153352213511,47.02254756860227,207,96
New Bedford,4,A1,Eleventh Bristol,Second Bristol and Plymouth,First,9,211.84167825422557,73.35656735777746,241.59834980819716,38.91734529033004,217,108
New Bedford,4,B,Eleventh Bristol,Second Bristol and Plymouth,First,9,820.34636929743,286.9229828043841,765.0200857055571,221.1049746719213,571,341
New Bedford,4,C,Eleventh Bristol,Second Bristol and Plymouth,First,9,756.7715320575244,245.3610596616567,742.4360178213859,179.51655076250566,663,277
New Bedford,4,D,Eleventh Bristol,Second Bristol and Plymouth,First,9,648.8280335261486,265.55623215547246,633.6183615089824,234.92767659669775,489,351
New Bedford,4,E,Thirteenth Bristol,Second Bristol and Plymouth,First,9,585.7765784003738,320.63157387534386,531.91691932357,260.46057717263494,486,355
New Bedford,4,F,Eleventh Bristol,Second Bristol and Plymouth,First,9,751.1294269370458,282.13549100719484,725.0742676817259,207.0912979026821,617,369
New Bedford,5,A,Thirteenth Bristol,Second Bristol and Plymouth,First,9,546.4986856324836,277.7097136824312,535.4572090839046,214.85884303515263,691,409
New Bedford,5,B,Thirteenth Bristol,Second Bristol and Plymouth,First,9,823.483837859114,321.04273221638255,759.4101001320064,253.7723790064324,619,394
New Bedford,5,C,Thirteenth Bristol,Second Bristol and Plymouth,First,9,579.5297450424929,390.5311614730878,575.2103399433428,317.064447592068,559,452
New Bedford,5,D,Thirteenth Bristol,Second Bristol and Plymouth,First,9,972.1966507808504,414.9124271576488,874.6596138261324,370.01520053575734,736,411
New Bedford,5,E,Thirteenth Bristol,Second Bristol and Plymouth,First,9,936.166140754019,523.858694120955,825.9082987857598,443.27579861113367,820,546
New Bedford,5,F,Thirteenth Bristol,Second Bristol and Plymouth,First,9,857.640060140954,452.32632081592743,768.408968553336,410.88000852545935,779,573
New Bedford,6,A,Thirteenth Bristol,Second Bristol and Plymouth,First,9,651.0214381887345,452.51679760519744,626.1786559301429,404.2780036340344,609,571
New Bedford,6,B,Thirteenth Bristol,Second Bristol and Plymouth,First,9,556.7609667434813,429.5122598558324,563.8911823458076,316.16271676044744,496,437
New Bedford,6,C,Thirteenth Bristol,Second Bristol and Plymouth,First,9,376.1903046487107,197.25141313111703,468.8866383588067,147.46158993335172,287,267
New Bedford,6,D,Thirteenth Bristol,Second Bristol and Plymouth,First,9,284.589369270248,173.09038828867492,330.7931929576813,107.07945256848032,225,206
New Bedford,6,E,Thirteenth Bristol,Second Bristol and Plymouth,First,9,347.05332433344586,216.79446506918663,393.50928113398584,136.63516706041173,272,268
New Bedford,6,F,Thirteenth Bristol,Second Bristol and Plymouth,First,9,505.2988919130493,283.8361252738936,506.68343621653105,225.793576783458,416,365
New Braintree,-,1,Fifth Worcester,Worcester & Hampshire,Seventh,1,319,337,246,326,307,346
New Marlborough,-,1,Third Berkshire,"Berkshire, Hampden, Franklin & Hampshire",Eighth,1,678,264,564,218,666,275
New Salem,-,1,Seventh Hampden,"Hampshire, Franklin and Worcester",Eighth,2,419,237,337,208,420,260
Newbury,-,1,Second Essex,First Essex and Middlesex,Fifth,6,1631,817,1290,793,1518,835
Newbury,-,2,Second Essex,First Essex and Middlesex,Fifth,6,1507,937,1175,923,1428,958
Newburyport,1,1,First Essex,First Essex and Middlesex,Fifth,6,1281.7460429124164,337.4752022511432,1053.296166021808,343.58248329229684,1527,513
Newburyport,2,1,First Essex,First Essex and Middlesex,Fifth,6,1731.9510850249203,416.7238839107368,1459.8369932471217,420.1283522168416,1545,438
Newburyport,3,1,First Essex,First Essex and Middlesex,Fifth,6,1619.1001084699928,482.5383725344253,1245.567051004426,457.3149980745204,1661,501
Newburyport,4,1,First Essex,First Essex and Middlesex,Fifth,6,1659.2478221688193,528.5431060378492,1308.1441874436766,472.8573145088615,1569,527
Newburyport,5,1,First Essex,First Essex and Middlesex,Fifth,6,1263.954941423851,635.7194352658456,949.1556022829678,582.1168519074797,1199,615
Newburyport,6,1,First Essex,First Essex and Middlesex,Fifth,6,1353,661,1103,634,1310,684
Newton,1,1,Tenth Middlesex,Norfolk & Middlesex,Third,4,1033.842803674719,373.6781218101395,873.831915617557,377.51071793126914,914,439
Newton,1,2,Eleventh Middlesex,Norfolk & Middlesex,Third,4,1271.6352838745051,202.99661478735,1177.8822404703296,205.9959398193546,1176,210
Newton,1,2A,Tenth Middlesex,Norfolk & Middlesex,Third,4,58.53710326218718,9.344529797471576,54.22137559051293,9.482597529109512,58,12
Newton,1,3,Eleventh Middlesex,Norfolk & Middlesex,Third,4,1399.032896159135,176.504458030467,1216.5626133509772,161.5429800739028,1213,208
Newton,1,4,Tenth Middlesex,Norfolk & Middlesex,Third,4,1140.0662020905922,440.1219512195122,996.0174216027874,417.9477351916376,981,438
Newton,2,1,Eleventh Middlesex,Norfolk & Middlesex,Third,4,1220.5257433511545,269.99265996714996,1059.1270573512602,260.79160129886185,1149,255
Newton,2,2,Eleventh Middlesex,Norfolk & Middlesex,Third,4,1083.2399616678438,194.8791082200292,978.7345107099668,171.01418859424612,889,171
Newton,2,3,Eleventh Middlesex,Norfolk & Middlesex,Third,4,1464.197501738485,222.69104798304852,1325.4154750380003,194.03920067901612,1392,225
Newton,2,4,Eleventh Middlesex,Norfolk & Middlesex,Third,4,1584.9046968724172,223.71277062619055,1432.1190037990714,198.53964208562277,1446,278
Newton,3,1,Eleventh Middlesex,Norfolk & Middlesex,Third,4,1398.6526508959105,295.1840230674295,1251.6917190732522,295.1403209275047,1241,295
Newton,3,1A,Tenth Middlesex,Norfolk & Middlesex,Third,4,2.9917703762479366,0.6314096750105445,2.6774154418679195,0.6313161944973363,0,0
Newton,3,2,Eleventh Middlesex,Norfolk & Middlesex,Third,4,1499.0658942795076,191.60246198406952,1290.5865314989137,182.6676321506155,1307,217
Newton,3,3,Eleventh Middlesex,Norfolk & Middlesex,Third,4,1299,390,1138,364,1183,399
Newton,3,4,Tenth Middlesex,Norfolk & Middlesex,Third,4,1265.3555787278417,390.18456725755993,1133.63086548488,369.22836287799794,1112,384
Newton,4,1,Eleventh Middlesex,Norfolk & Middlesex,Third,4,1290,283,1083,253,1141,315
Newton,4,2,Eleventh Middlesex,Norfolk & Middlesex,Third,4,1218.451933309684,173.07555870876195,1128.452642781128,172.08655551614046,1160,174
Newton,4,3,Eleventh Middlesex,Norfolk & Middlesex,Third,4,895.5480666903157,182.92444129123805,848.547357218872,174.91344448385954,882,184
Newton,4,4,Eleventh Middlesex,Norfolk & Middlesex,Third,4,1193,334,1030,315,1081,328
Newton,5,1,Twelfth Middlesex,Norfolk & Middlesex,Third,4,1253.5567817649653,270.2007358395555,1062.265425084889,247.68895120284847,1094,290
Newton,5,2,Twelfth Middlesex,Norfolk & Middlesex,Third,4,1428.7367265223274,203.07550725436724,1297.045003091907,169.7744465872068,1289,200
Newton,5,3,Twelfth Middlesex,Norfolk & Middlesex,Third,4,1640.4127589303382,217.5278202669589,1457.221596616593,196.14851681049572,1484,216
Newton,5,4,Twelfth Middlesex,Norfolk & Middlesex,Third,4,1612,203,1468,201,1445,200
Newton,6,1,Twelfth Middlesex,Norfolk & Middlesex,Third,4,1204.5126884884148,307.0654652445752,1039.1621919823465,286.0125045972784,1134,309
Newton,6,2,Twelfth Middlesex,Norfolk & Middlesex,Third,4,1430,179,1313,170,1230,196
Newton,6,3,Twelfth Middlesex,Norfolk & Middlesex,Third,4,1505.719696969697,162.59848484848484,1399.8863636363635,145.28030303030303,1451,176
Newton,6,4,Twelfth Middlesex,Norfolk & Middlesex,Third,4,1703.5740358126725,208.5974517906336,1522.581611570248,160.107782369146,1504,217
Newton,7,1,Twelfth Middlesex,Norfolk & Middlesex,Third,4,1180.4873115115852,231.9345347554248,1028.8378080176535,225.9874954027216,979,264
Newton,7,2,Eleventh Middlesex,Norfolk & Middlesex,Third,4,1538.147110955771,245.93132994534233,1366.921555983779,224.8006698727354,1370,283
Newton,7,3,Eleventh Middlesex,Norfolk & Middlesex,Third,4,475.3144788331555,85.82853077196727,528.2845962291,76.32764140875133,386,87
Newton,7,4,Eleventh Middlesex,Norfolk & Middlesex,Third,4,714.5055140519388,138.7356812522234,616.2312344361437,143.32870864461046,593,163
Newton,8,1,Twelfth Middlesex,Norfolk & Middlesex,Third,4,1256.0974366316027,429.6489171164898,1123.0214857667163,379.1005098538115,1018,396
Newton,8,2,Twelfth Middlesex,Norfolk & Middlesex,Third,4,1194.8077555044365,371.5175813342096,1021.6733486690764,348.07229707525465,1019,394
Newton,8,3,Twelfth Middlesex,Norfolk & Middlesex,Third,4,1259.6521203190655,359.82257681425637,1112.5871340956726,326.8374259444293,1153,361
Newton,8,4,Twelfth Middlesex,Norfolk & Middlesex,Third,4,1178.4426875448955,386.01092473504417,1073.7180314685345,337.9897671265045,971,415
Norfolk,-,1,Ninth Norfolk,"Norfolk, Worcester & Middlesex",Second,4,763.7160883280757,510.30914826498423,532.1545741324921,484.9684542586751,657,472
Norfolk,-,2,Ninth Norfolk,"Norfolk, Worcester & Middlesex",Second,4,1097.1144399561692,682.3584534180452,816.8274268025243,634.7398206361356,1171,825
Norfolk,-,3,Ninth Norfolk,"Norfolk, Worcester & Middlesex",Second,4,1128.675904541955,693.2748267898384,791.2209391839878,689.4488067744419,960,737
Norfolk,-,4,Ninth Norfolk,"Norfolk, Worcester & Middlesex",Second,4,1110.4935671738,684.0575715271323,815.797059880996,648.8429183307475,1107,709
North Adams,1,1,First Berkshire,"Berkshire, Hampden, Franklin & Hampshire",Eighth,1,873.1712735735366,363.4177150098148,743.2373018834699,343.7494480703505,835,413
North Adams,2,2,First Berkshire,"Berkshire, Hampden, Franklin & Hampshire",Eighth,1,911.560904449307,314.46097738876733,775.0813274981765,295.028811086798,762,350
North Adams,3,3,First Berkshire,"Berkshire, Hampden, Franklin & Hampshire",Eighth,1,678,216,669,218,549,230
North Adams,4,4,First Berkshire,"Berkshire, Hampden, Franklin & Hampshire",Eighth,1,957,390,816,414,862,418
North Adams,5,5,First Berkshire,"Berkshire, Hampden, Franklin & Hampshire",Eighth,1,796.2678219771564,316.12130760141787,726.6813706183536,299.2217408428515,750,363
North Andover,-,1,Fourteenth Essex,Second Essex and Middlesex,Fifth,6,1228.234595397179,746.9792130660727,1000.893095768374,705.6443949517446,1204,798
North Andover,-,2,Fourteenth Essex,Second Essex and Middlesex,Fifth,6,1352.178997326419,825.2491851148268,1081.649602564117,810.02740898964,1238,839
North Andover,-,3,Fourteenth Essex,Second Essex and Middlesex,Fifth,6,1349.8735198375769,778.2756801225263,1109.5943326626148,781.767021507229,1103,819
North Andover,-,4,Fourteenth Essex,Second Essex and Middlesex,Fifth,6,1660.2830536594115,899.3055933944937,1228.2781132152304,847.7854336881632,1583,888
North Andover,-,5,Fourteenth Essex,Second Essex and Middlesex,Fifth,6,913.9176386574624,496.7345870030945,756.6646036657938,499.509640561771,682,440
North Andover,-,6,Fourteenth Essex,Second Essex and Middlesex,Fifth,6,1585.5121951219512,1010.455741298986,1131.9202521238694,1069.2661003014523,1406,949
North Andover,-,7,Eighteenth Essex,First Essex and Middlesex,Fifth,6,1579.759210209487,860.8569708644353,1258.9019985552611,809.8851432699254,1403,814
North Andover,-,8,Eighteenth Essex,First Essex and Middlesex,Fifth,6,1352.240789790513,930.1430291355648,931.0980014447388,867.1148567300746,1293,982
North Attleborough,-,1,Fourteenth Bristol,Bristol and Norfolk,Second,4,898.0767785234899,562.4697986577181,626.2163758389262,558.7199999999999,856,592
North Attleborough,-,2,Fourteenth Bristol,Bristol and Norfolk,Second,4,1113,797,767,768,1047,838
North Attleborough,-,3,Fourteenth Bristol,Bristol and Norfolk,Second,4,1070,874,753,846,909,1014
North Attleborough,-,4,Fourteenth Bristol,Bristol and Norfolk,Second,4,968.2820866685068,596.0182169472813,687.1040574109854,535.6243444659123,936,705
North Attleborough,-,5,Fourteenth Bristol,Bristol and Norfolk,Second,4,1005.2242351705736,760.3036221331785,706.6287012097043,689.2279543846624,921,812
North Attleborough,-,6,Fourteenth Bristol,Bristol and Norfolk,Second,4,1226.315302907956,797.1207743916419,877.8327227323025,810.4405603572887,1071,865
North Attleborough,-,7,Fourteenth Bristol,Bristol and Norfolk,Second,4,1266.2653369598063,959.150800846177,975.236022967664,927.7449380477484,1124,1028
North Attleborough,-,8,Fourteenth Bristol,Bristol and Norfolk,Second,4,1107.6578845167037,829.3794004961048,861.5476011934098,783.5350619522515,1024,848
North Attleborough,-,9,Fourteenth Bristol,Bristol and Norfolk,Second,4,1069.1783752529632,874.5573865278982,804.4345186470078,796.7071407921364,926,877
North Brookfield,-,1,Fifth Worcester,Worcester & Hampshire,Seventh,1,1181,1459,907,1413,1156,1623
North Reading,-,1,Twentieth Middlesex,First Essex and Middlesex,Fifth,6,1412,1124,1066,1023,1330,1053
North Reading,-,2,Twentieth Middlesex,First Essex and Middlesex,Fifth,6,1398,937,1018,920,1382,1162
North Reading,-,3,Twentieth Middlesex,First Essex and Middlesex,Fifth,6,1371,1012,1067,1031,1227,1119
North Reading,-,4,Twentieth Middlesex,First Essex and Middlesex,Fifth,6,1404,1043,1132,1012,1287,1101
Northampton,1,A,First Hampshire,"Hampshire, Franklin and Worcester",Eighth,2,1145.6031940261043,119.46043549196786,964.3976844879518,138.90057103413653,958,144
Northampton,1,B,First Hampshire,"Hampshire, Franklin and Worcester",Eighth,2,1093.9674436775997,102.3972391048535,939.8444150671328,115.72086659926538,1167,90
Northampton,2,A,First Hampshire,"Hampshire, Franklin and Worcester",Eighth,2,1055.973659803116,50.66780356451463,966.5917241451804,42.82235836809491,899,39
Northampton,2,B,First Hampshire,"Hampshire, Franklin and Worcester",Eighth,2,716.3430744595677,40.80984787830265,602.5964771817454,35.60008006405124,728,52
Northampton,3,A,First Hampshire,"Hampshire, Franklin and Worcester",Eighth,2,1197.4042749636374,110.88488585341176,1030.7243407323087,99.20211851008663,1017,139
Northampton,3,B,First Hampshire,"Hampshire, Franklin and Worcester",Eighth,2,1164.258407639284,100.71006766584456,1027.8254600645039,93.68101562005944,1041,94
Northampton,4,A,First Hampshire,"Hampshire, Franklin and Worcester",Eighth,2,988.4473868235588,72.2766396324598,877.2234873345523,63.27823746347256,864,64
Northampton,4,B,First Hampshire,"Hampshire, Franklin and Worcester",Eighth,2,1229.8841673283853,101.46291300742809,1074.2889861860808,89.55630535918857,1137,105
Northampton,5,A,First Hampshire,"Hampshire, Franklin and Worcester",Eighth,2,1025.8974560236634,140.2280407498905,939.2201502094506,135.31886871958423,947,128
Northampton,5,B,First Hampshire,"Hampshire, Franklin and Worcester",Eighth,2,1223.3200036184671,128.07028003906288,1081.0653960801744,127.53023994525816,1141,113
Northampton,6,A,First Hampshire,"Hampshire, Franklin and Worcester",Eighth,2,1233.5611213745622,298.25802315838354,1027.0425411631686,320.3917441473091,1165,317
Northampton,6,B,First Hampshire,"Hampshire, Franklin and Worcester",Eighth,2,1269.8729386969262,237.52301288806603,1042.6691850474194,243.03289974506723,1259,209
Northampton,7,A,First Hampshire,"Hampshire, Franklin and Worcester",Eighth,2,1138.953971237283,148.07582005535605,950.915661467684,169.19044079144223,1057,142
Northampton,7,B,First Hampshire,"Hampshire, Franklin and Worcester",Eighth,2,1165.5129003278448,204.1749909104581,987.5944908326468,203.7742536329837,1097,164
Northborough,-,1,Nineteenth Worcester,First Worcester,Seventh,2,1617.1004926108374,716.5241379310345,1313.9556650246304,739.1615763546798,1421,774
Northborough,-,2,Nineteenth Worcester,First Worcester,Seventh,2,1585.699544764795,704.7283763277693,1203.00531107739,717.829286798179,1443,688
Northborough,-,3,Nineteenth Worcester,First Worcester,Seventh,2,1655.1999626243676,709.7474857411962,1333.0390238979796,729.0091368471411,1517,730
Northborough,-,4,Twelfth Worcester,First Worcester,Seventh,2,1618,782,1280,778,1470,777
Northbridge,-,1,Ninth Worcester,Worcester & Hampden,Seventh,2,990.2163954699704,894.3009479695893,712.4101476196216,849.2157675032845,1061,872
Northbridge,-,2,Ninth Worcester,Worcester & Hampden,Seventh,2,890.9767277856135,767.1685472496473,665.4689703808181,700.10578279266565,808,793
Northbridge,-,3,Ninth Worcester,Worcester & Hampden,Seventh,2,858.0208862016573,766.5482879989031,650.8442003889697,710.2552379339235,710,784
Northbridge,-,4,Ninth Worcester,Worcester & Hampden,Seventh,2,1026.2090667952737,978.262599469496,697.5437665782493,928.7694719074028,953,1067
Northbridge,-,5,Ninth Worcester,Worcester & Hampden,Seventh,2,956.901776976448,840.4358599738122,700.5750546279055,791.2160360140605,841,999
Northfield,-,1,Second Franklin,"Hampshire, Franklin and Worcester",Eighth,2,1211,592,1013,533,1179,689
Norton,-,1,Fourth Bristol,Bristol and Norfolk,Second,4,1290,1077,996,1035,1016,956
Norton,-,2,Fourth Bristol,Bristol and Norfolk,Second,4,1273,1038,971,977,1283,1208
Norton,-,3,First Bristol,Bristol and Norfolk,Second,4,1316.3322766218275,997.46114090478045,1066.582457862059,932.7652382226892,1283,1208
Norton,-,4,First Bristol,Bristol and Norfolk,Second,4,1315.6677233781725,1005.5388590952198,931.4175421379408,886.2347617773108,1069,1007
Norton,-,5,First Bristol,Bristol and Norfolk,Second,4,723,617,590,597,695,654
Norwell,-,1,Fifth Plymouth,First Plymouth & Norfolk,Fourth,9,1357,966,1003,926,1200,947
Norwell,-,2,Fifth Plymouth,First Plymouth & Norfolk,Fourth,9,1479,1039,1130,991,1341,1097
Norwell,-,3,Fourth Plymouth,First Plymouth & Norfolk,Fourth,9,1455,915,1144,920,1383,886
Norwood,-,1,Twelfth Norfolk,Norfolk and Suffolk,Fourth,8,1367.6159008776458,688.5369127516778,1022.401652039236,663.0005162622612,1181,666
Norwood,-,2,Twelfth Norfolk,Norfolk and Suffolk,Fourth,8,1291.2535647861127,605.0886546807192,1023.0464972101674,637.9628022318661,1065,665
Norwood,-,3,Twelfth Norfolk,Norfolk and Suffolk,Fourth,8,1326.6643467306828,633.2959516264876,1052.1081960192898,625.2026351164669,1167,693
Norwood,-,4,Twelfth Norfolk,Norfolk and Suffolk,Fourth,8,1394.4661876055586,748.0784809411153,1150.4436547313069,740.8340463894057,1272,759
Norwood,-,5,Twelfth Norfolk,Norfolk and Suffolk,Fourth,8,1058.2075223566544,389.76512361914786,855.1849026827986,385.93450815360336,840,426
Norwood,-,6,Twelfth Norfolk,Norfolk and Suffolk,Fourth,8,1023.522339319505,555.35367214977,875.7516310844919,542.4169971352494,780,626
Norwood,-,7,Twelfth Norfolk,Norfolk and Suffolk,Fourth,8,1244.2701383238405,687.8812042310822,888.0634662327095,647.6484947111472,1085,736
Norwood,-,8,Twelfth Norfolk,Norfolk and Suffolk,Fourth,8,1301,697,1116,651,1156,754
Norwood,-,9,Twelfth Norfolk,Norfolk and Suffolk,Fourth,8,1205,819,1017,798,1020,831
Oak Bluffs,-,1,"Barnstable, Dukes and Nantucket",Cape and Islands,First,9,2420,730,2098,738,2247,798
Oakham,-,1,Fifth Worcester,Worcester & Hampshire,Seventh,2,554,664,435,633,514,720
Orange,-,1,Second Franklin,"Hampshire, Franklin and Worcester",Eighth,2,899.8875878220141,904.8758782201404,712.327868852459,797.1288056206089,878,1015
Orange,-,2,Second Franklin,"Hampshire, Franklin and Worcester",Eighth,2,1084.112412177986,794.1241217798595,774.672131147541,752.8711943793911,1001,927
Orleans,-,1,Fourth Barnstable,Cape and Islands,First,9,1566.5831615665134,694.6710004756619,1280.2338671317584,719.9231013159981,1711,606
Orleans,-,2,Fourth Barnstable,Cape and Islands,First,9,1721.4168384334866,763.3289995243381,1406.7661328682416,791.0768986840019,1514,827
Otis,-,1,Third Berkshire,"Berkshire, Hampden, Franklin & Hampshire",Eighth,1,550,441,431,407,549,489
Oxford,-,1,Eighteenth Worcester,Worcester & Hampden,Seventh,1,945,955,703,882,840,1090
Oxford,-,2,Seventh Worcester,Worcester & Hampden,Seventh,1,876,928,682,907,838,944
Oxford,-,3,Seventh Worcester,Worcester & Hampden,Seventh,1,941.40625,955.078125,690.4296875,898.4375,858,1026
Oxford,-,4,Eighteenth Worcester,Worcester & Hampden,Seventh,1,810.4927360322677,904.4896455781296,652.3903915820138,867.0585972512698,765,1005
Oxford,-,4A,Seventh Worcester,Worcester & Hampden,Seventh,1,20.101013967732296,22.432229421870332,16.179920917986255,21.503902748730205,9,19
Palmer,-,1,First Hampden,"Hampden, Hampshire & Worcester",Eighth,1,762.151690526957,790.9308559244594,567.6442278403898,737.3420651842827,762,945
Palmer,-,2,First Hampden,"Hampden, Hampshire & Worcester",Eighth,1,806.6290165530672,923.3031898734178,636.8410334307043,863.6869276209023,697,1012
Palmer,-,3,First Hampden,"Hampden, Hampshire & Worcester",Eighth,1,745.3709834469328,593.6968101265822,598.1589665692957,576.3130723790977,666,664
Palmer,-,4,First Hampden,"Hampden, Hampshire & Worcester",Eighth,1,683.7492482881935,823.743472337114,590.405626481397,786.3921530093075,630,899
Paxton,-,1,First Worcester,Worcester & Hampshire,Seventh,2,1625,1268,1213,1197,1557,1350
Peabody,1,1,Twelfth Essex,Second Essex,Fifth,6,1076.1351025331726,720.3329312424607,889.4559710494572,686.8612786489747,920,795
Peabody,1,2,Twelfth Essex,Second Essex,Fifth,6,994,834,841,860,856,908
Peabody,1,3,Twelfth Essex,Second Essex,Fifth,6,1051.8648974668274,905.6670687575393,795.5440289505428,803.1387213510253,937,1014
Peabody,2,1,Twelfth Essex,Second Essex,Fifth,6,855.50233281493,364.0435458786936,732.8771384136859,319.0171073094868,646,454
Peabody,2,2,Twelfth Essex,Second Essex,Fifth,6,790.4679648241206,403.643216080402,721.2154522613065,364.07035175879395,627,495
Peabody,2,3,Twelfth Essex,Second Essex,Fifth,6,905.0297023609494,631.3132380409044,735.9074093250076,647.9125409317193,761,701
Peabody,3,1,Twelfth Essex,Second Essex,Fifth,6,679,352,670,288,498,408
Peabody,3,2,Twelfth Essex,Second Essex,Fifth,6,799,521,759,458,690,550
Peabody,3,3,Twelfth Essex,Second Essex,Fifth,6,881,636,806,580,754,633
Peabody,4,1,Twelfth Essex,Second Essex,Fifth,6,963,654,771,632,801,706
Peabody,4,2,Twelfth Essex,Second Essex,Fifth,6,798.3466435185185,562.2528935185185,691.6672453703703,523.7783564814815,568,541
Peabody,4,3,Twelfth Essex,Second Essex,Fifth,6,444,340.74418604651163,391.51162790697674,320.09302325581393,1453,635
Peabody,5,1,Twelfth Essex,Second Essex,Fifth,6,892.1609218184828,751.3701831584912,754.7661060899156,729.0103259023193,987,898
Peabody,5,2,Twelfth Essex,Second Essex,Fifth,6,733,748,673,692,649,797
Peabody,5,3,Twelfth Essex,Second Essex,Fifth,6,993.0081665371436,819.4070190822242,824.6925035328741,775.2482533207134,797,804
Peabody,6,1,Thirteenth Essex,Second Essex,Fifth,6,990.0644483060352,1033.9338263023626,833.4057603431065,958.7114824811132,948,1101
Peabody,6,2,Thirteenth Essex,Second Essex,Fifth,6,933.5468082368084,1001.3845849420848,758.2175482625483,937.204465894466,799,1051
Peabody,6,3,Thirteenth Essex,Second Essex,Fifth,6,1011.8730115830116,1080.907306949807,821.7392084942085,1050.9540926640927,880,1193
Pelham,-,1,Seventh Hampden,"Hampshire, Franklin and Worcester",Eighth,2,819,89,748,98,743,88
Pembroke,-,1,Sixth Plymouth,Plymouth and Barnstable,First,9,1329,1135,1049,1035,1199,1189
Pembroke,-,2,Sixth Plymouth,Plymouth and Barnstable,First,9,1137.271293603263,1014.5065285218196,859.2224675471592,921.3247113194508,986,1131
Pembroke,-,3,Twelfth Plymouth,Plymouth and Barnstable,First,9,1242.6965022784052,1028.7263601150976,892.5332363769714,1032.6474587501382,1039,1216
Pembroke,-,3A,Sixth Plymouth,Plymouth and Barnstable,First,9,13.910781741922444,11.515593583377957,9.991043690786992,11.55948647854632,14,4
Pembroke,-,4,Sixth Plymouth,Plymouth and Barnstable,First,9,1238,1083,948,954,1100,1216
Pembroke,-,5,Sixth Plymouth,Plymouth and Barnstable,First,9,1218,995,875,963,1082,1036
Pepperell,-,1,First Middlesex,First Middlesex,Fifth,3,877.5561430645876,743.0127468733679,652.5042853084159,712.0203245441345,861,808
Pepperell,-,2,First Middlesex,First Middlesex,Fifth,3,1053.7708056367987,838.5259239563945,792.0701940973146,780.4562616325445,1052,933
Pepperell,-,3,First Middlesex,First Middlesex,Fifth,3,967.4777448071216,817.9584569732938,754.7925546263825,829.1524143512273,933,901
Pepperell,-,4,First Middlesex,First Middlesex,Fifth,3,970.195306491492,805.5028721969438,732.632965967887,776.3709994720937,883,715
Peru,-,1,First Berkshire,"Berkshire, Hampden, Franklin & Hampshire",Eighth,1,299,216,255,207,256,244
Petersham,-,1,Seventh Hampden,"Hampshire, Franklin and Worcester",Eighth,2,528,321,417,312,518,352
Phillipston,-,1,Second Franklin,Worcester & Hampshire,Seventh,2,465,607,374,550,438,697
Pittsfield,1,A,Second Berkshire,"Berkshire, Hampden, Franklin & Hampshire",Eighth,1,910.9555345316936,301.07852412488177,761.3812677388836,298.18353831598864,751,330
Pittsfield,1,B,Second Berkshire,"Berkshire, Hampden, Franklin & Hampshire",Eighth,1,1194.0444654683065,407.92147587511823,1007.6187322611164,376.81646168401136,1053,448
Pittsfield,2,A,Second Berkshire,"Berkshire, Hampden, Franklin & Hampshire",Eighth,1,706,184,617,143,571,243
Pittsfield,2,B,Second Berkshire,"Berkshire, Hampden, Franklin & Hampshire",Eighth,1,1269,377,1048,370,1143,418
Pittsfield,3,A,Second Berkshire,"Berkshire, Hampden, Franklin & Hampshire",Eighth,1,1412,376,1233,326,1310,381
Pittsfield,3,B,Second Berkshire,"Berkshire, Hampden, Franklin & Hampshire",Eighth,1,1448,420,1248,414,1332,502
Pittsfield,4,A,Second Berkshire,"Berkshire, Hampden, Franklin & Hampshire",Eighth,1,1411,394,1162,402,1324,403
Pittsfield,4,B,Second Berkshire,"Berkshire, Hampden, Franklin & Hampshire",Eighth,1,1534,557,1342,528,1433,565
Pittsfield,5,A,Second Berkshire,"Berkshire, Hampden, Franklin & Hampshire",Eighth,1,1198,301,959,273,1028,347
Pittsfield,5,B,Second Berkshire,"Berkshire, Hampden, Franklin & Hampshire",Eighth,1,1207,454,1030,414,1093,516
Pittsfield,6,A,Second Berkshire,"Berkshire, Hampden, Franklin & Hampshire",Eighth,1,1250.365060240964,330.1915662650602,1105.5963855421687,325.233734939759,1102,354
Pittsfield,6,B,Second Berkshire,"Berkshire, Hampden, Franklin & Hampshire",Eighth,1,899.6349397590361,237.80843373493977,722.4036144578313,255.76626506024095,763,286
Pittsfield,7,A,Second Berkshire,"Berkshire, Hampden, Franklin & Hampshire",Eighth,1,763.6932001289075,278.54560103126005,669.4260393167903,230.72607154366744,627,382
Pittsfield,7,B,Second Berkshire,"Berkshire, Hampden, Franklin & Hampshire",Eighth,1,1200.3067998710924,398.4543989687399,1001.5739606832096,414.27392845633256,1098,483
Plainfield,-,1,First Hampshire,"Berkshire, Hampden, Franklin & Hampshire",Eighth,1,316,116,263,107,274,136
Plainville,-,1,Ninth Norfolk,"Norfolk, Worcester & Middlesex",Second,4,1002.9654885853522,745.8264581039608,707.5385324164108,661.8595159125953,852,811
Plainville,-,2,Ninth Norfolk,"Norfolk, Worcester & Middlesex",Second,4,1131.8595736231275,853.3063461574511,765.7296043166025,760.1224604518776,962,878
Plainville,-,3,Ninth Norfolk,"Norfolk, Worcester & Middlesex",Second,4,1061.1749377915205,874.8671957385878,742.7318632669867,801.018023635527,968,944
Plymouth,-,1,Twelfth Plymouth,Plymouth and Barnstable,First,9,947.7098471561012,549.7043347531946,684.2758707090954,524.4211976948134,916,668
Plymouth,-,10,First Plymouth,Plymouth and Barnstable,First,9,957.4611750096162,759.256975753288,739.9984432048395,735.481233729214,1203,1095
Plymouth,-,11,First Plymouth,Plymouth and Barnstable,First,9,1193.0218885212523,974.8847034868924,1010.792059048104,997.3268007126496,1155,1120
Plymouth,-,12,First Plymouth,Plymouth and Barnstable,First,9,1097.9500699675182,929.7431428634897,762.5226436622677,845.7941367398217,918,1012
Plymouth,-,13,Twelfth Plymouth,Plymouth and Barnstable,First,9,1203.514280107281,925.4627839966868,867.3934893236775,838.5432685449517,1242,1066
Plymouth,-,14,First Plymouth,Plymouth and Barnstable,First,9,1208.1380896103751,999.640285798274,890.3207189086569,923.8178803750266,1091,1286
Plymouth,-,15,First Plymouth,Plymouth and Barnstable,First,9,1611.0696108143095,961.3689678923062,1100.5501885409144,871.9727283536437,2204,1144
Plymouth,-,16,First Plymouth,Plymouth and Barnstable,First,9,1412.3652790075864,913.5353316430562,935.0810290886348,816.5776954910475,1488,980
Plymouth,-,17,First Plymouth,Plymouth and Barnstable,First,9,1119.455361312642,901.0736082869774,730.7785375481513,816.8743865826724,1548,1263
Plymouth,-,18,First Plymouth,Plymouth and Barnstable,First,9,1015.7833914726756,787.9237822284276,796.6294601169402,778.866058119532,761,749
Plymouth,-,2,Twelfth Plymouth,Plymouth and Barnstable,First,9,1116.2817558741444,676.1099329690528,767.0299034267393,637.1883123765026,1063,816
Plymouth,-,3,Twelfth Plymouth,Plymouth and Barnstable,First,9,1157.2891591598984,641.8246687197867,890.1388251311284,592.2544638632328,1184,746
Plymouth,-,4,First Plymouth,Plymouth and Barnstable,First,9,1206.5300407176874,779.9595923216418,977.2344482120296,745.8013082958273,1116,822
Plymouth,-,5,Twelfth Plymouth,Plymouth and Barnstable,First,9,1230.2396308125126,782.835589937475,874.3760404510879,719.686399864973,1062,893
Plymouth,-,6,First Plymouth,Plymouth and Barnstable,First,9,1308.0056783195253,817.3045192074815,1008.9842424794592,877.5645683486113,1328,971
Plymouth,-,7,First Plymouth,Plymouth and Barnstable,First,9,1330.5026488780336,916.8899271499956,985.4385547339008,873.8211776327,1180,999
Plymouth,-,8,First Plymouth,Plymouth and Barnstable,First,9,1182.4105474112148,983.5560460409991,882.6008949449104,916.5033868988874,1273,1120
Plymouth,-,9,First Plymouth,Plymouth and Barnstable,First,9,968.271545847626,850.9258069509747,697.8546504694629,796.5049963758935,926,1081
Plympton,-,1,Twelfth Plymouth,Plymouth and Barnstable,First,9,962,912,727,883,878,1061
Princeton,-,1,First Worcester,Worcester & Hampshire,Seventh,2,1530,977,1183,898,1466,996
Provincetown,-,1,Fourth Barnstable,Cape and Islands,First,9,2402,182,2082,208,2429,191
Quincy,1,1,Second Norfolk,Norfolk and Plymouth,Fourth,8,1024.9711275901277,466.2788627110125,890.8978668522838,434.6315108969799,756,425
Quincy,1,2,Second Norfolk,Norfolk and Plymouth,Fourth,8,860.1839732888147,443.9495826377296,787.2143572621035,371.31719532554257,636,439
Quincy,1,3,Second Norfolk,Norfolk and Plymouth,Fourth,8,1092.6316010158575,418.3350808915624,863.7088033769465,368.6120663427826,947,330
Quincy,1,4,Second Norfolk,Norfolk and Plymouth,Fourth,8,1153.5397120764646,784.998426754583,968.841787083578,732.3974483190419,1053,904
Quincy,1,5,Second Norfolk,Norfolk and Plymouth,Fourth,8,1207.6183639398998,901.5619365609348,1055.8293823038398,835.9282136894825,1065,938
Quincy,2,1,Third Norfolk,Norfolk and Plymouth,Fourth,8,911.6383581918202,434.77139259444505,764.7247226956998,414.3079132545204,660,399
Quincy,2,2,Third Norfolk,Norfolk and Plymouth,Fourth,8,854.1352031862235,310.1890504007851,685.1046607832322,304.4494138652302,749,407
Quincy,2,3,Third Norfolk,Norfolk and Plymouth,Fourth,8,591.1277310266819,247.4956081488589,498.7217634453167,226.69111964866391,533,299
Quincy,2,4,Third Norfolk,Norfolk and Plymouth,Fourth,8,924.3163157075624,420.3343659953461,802.463934989766,387.4809935434493,695,472
Quincy,2,5,Third Norfolk,Norfolk and Plymouth,Fourth,8,942.8494770137517,429.6499886670964,766.8149074103657,415.4551793248747,804,465
Quincy,3,1,Second Norfolk,Norfolk and Plymouth,Fourth,8,1317.2583691983527,513.8083698595717,956.52980335341,472.9804345238708,1119,574
Quincy,3,2,Second Norfolk,Norfolk and Plymouth,Fourth,8,1089.1267158547466,395.5814043219503,909.6120406207268,391.9722915890871,894,435
Quincy,3,3,First Norfolk,Norfolk and Plymouth,Fourth,8,872.3595782783382,382.8438910548832,759.660842476462,364.1275144909713,695,457
Quincy,3,4,First Norfolk,Norfolk and Plymouth,Fourth,8,1145.364979467879,635.3290906261433,998.0669414117056,643.236758852729,952,692
Quincy,3,5,First Norfolk,Norfolk and Plymouth,Fourth,8,674.2122047307105,163.48913632111137,759.2411924211244,272.6760332879219,734,382
Quincy,4,1,First Norfolk,Norfolk and Plymouth,Fourth,8,1023.044654939107,412.90595399188095,764.8782138024358,347.1617050067659,893,469
Quincy,4,2,Second Norfolk,Norfolk and Plymouth,Fourth,8,1152.3879687684844,622.0911663063857,989.7214437047631,594.1119389207347,939,642
Quincy,4,3,First Norfolk,Norfolk and Plymouth,Fourth,8,1215.4151943232348,695.6456681645616,879.8992646625338,571.1633224507101,1093,716
Quincy,4,4,Second Norfolk,Norfolk and Plymouth,Fourth,8,926,329,807,271,734,349
Quincy,4,5,Third Norfolk,Norfolk and Plymouth,Fourth,8,978.9267722861972,447.62349185104745,790.2104041388891,389.37981360650065,721,424
Quincy,5,1,Second Norfolk,Norfolk and Plymouth,Fourth,8,609.7756795376316,220.99883895431327,450.87361982570593,196.6290824466076,445,217
Quincy,5,1A,Third Norfolk,Norfolk and Plymouth,Fourth,8,346.90109233026027,125.72613374003754,256.50178658983936,111.86219092297436,289,160
Quincy,5,2,Second Norfolk,Norfolk and Plymouth,Fourth,8,1055.2277198211625,381.82295081967214,915.4396423248884,359.7400894187779,854,360
Quincy,5,3,Second Norfolk,Norfolk and Plymouth,Fourth,8,1099.9157660083408,412.23397162143544,837.229495673083,383.5018697792083,1208,520
Quincy,5,4,Second Norfolk,Norfolk and Plymouth,Fourth,8,952.266627275837,459.6252295871379,829.9460444510361,433.40803142335653,746,401
Quincy,5,5,Second Norfolk,Norfolk and Plymouth,Fourth,8,1056.2102728731943,504.5223113964687,941.8542536115568,504.1418940609952,956,582
Quincy,6,1,First Norfolk,Norfolk and Plymouth,Fourth,8,995.4415077983084,472.9105565553708,856.4891654481887,406.5060022505619,808,473
Quincy,6,2,First Norfolk,Norfolk and Plymouth,Fourth,8,815.4351740696278,351.71488595438177,689.9582833133253,289.11314525810326,798,388
Quincy,6,3,First Norfolk,Norfolk and Plymouth,Fourth,8,1125.061341569996,557.4010752242528,868.8522133531125,465.97348440436224,975,595
Quincy,6,4,First Norfolk,Norfolk and Plymouth,Fourth,8,937.5066026410564,379.3577430972389,863.7797118847539,346.79171668667465,723,379
Quincy,6,5,First Norfolk,Norfolk and Plymouth,Fourth,8,1336.1499151903308,934.8038351898012,1120.933450729327,879.2516264085189,1177,917
Randolph,-,1,Seventh Norfolk,Second Plymouth & Norfolk,Second,7,1337.363539445629,302.64854299928925,1127.9169628050226,303.43101950564636,1188,336
Randolph,-,10,Seventh Norfolk,"Norfolk, Plymouth & Bristol",Second,7,1066.4383428981348,322.4932568149211,883.7347919655667,266.383787661406,1029,375
Randolph,-,11,First Norfolk,"Norfolk, Plymouth & Bristol",Second,7,1115.607916874762,370.589630983015,941.5603360377723,309.60468116153334,916,374
Randolph,-,12,First Norfolk,"Norfolk, Plymouth & Bristol",Second,7,1054.1641495993645,359.3266831650722,809.6374154369008,274.97883321221855,905,332
Randolph,-,2,Seventh Norfolk,Second Plymouth & Norfolk,Second,7,1219.7048286964489,269.8985485652632,963.3907502076536,272.04923403635865,976,244
Randolph,-,3,Seventh Norfolk,Second Plymouth & Norfolk,Second,7,1128.66574219763,225.71290790296536,955.455548743565,197.95853538466224,883,226
Randolph,-,4,Seventh Norfolk,"Norfolk, Plymouth & Bristol",Second,7,1163.902421859014,258.38172558977044,1020.0376959555026,231.22673336409292,1067,338
Randolph,-,5,Seventh Norfolk,"Norfolk, Plymouth & Bristol",Second,7,1119.8003590420667,277.0992894421804,976.4588052506806,234.7887746414571,1038,308
Randolph,-,6,Seventh Norfolk,"Norfolk, Plymouth & Bristol",Second,7,1099.5022547492058,250.58762809372564,969.1618325642715,219.7636333672919,680,169
Randolph,-,7,First Norfolk,Second Plymouth & Norfolk,Second,7,1079.932341640636,333.3951753096323,844.2284296996011,282.89573570499704,847,330
Randolph,-,8,First Norfolk,Second Plymouth & Norfolk,Second,7,1073.6996290202635,284.2465143024564,946.8683972067864,261.82417188049317,901,304
Randolph,-,9,Seventh Norfolk,"Norfolk, Plymouth & Bristol",Second,7,1217.218473976845,268.62009683170874,1070.549034126677,243.09486007984268,980,252
Raynham,-,1,Eighth Plymouth,Third Bristol & Plymouth,First,9,1046.8767458956138,859.5309973045822,717.3741729968145,772.9188924283263,1011,1164
Raynham,-,2,Eighth Plymouth,Third Bristol & Plymouth,First,9,552.2550591455665,557.9911037247043,463.9765372959234,560.7311565157885,608,667
Raynham,-,2A,Eighth Plymouth,Third Bristol & Plymouth,First,4,328.61458064860153,332.02776419982405,276.0852122752602,333.65820883584104,362,489
Raynham,-,3,Eighth Plymouth,Third Bristol & Plymouth,First,4,1145,1213,818,969,1132,1221
Raynham,-,4,Eighth Plymouth,Third Bristol & Plymouth,First,4,1019.111361879412,938.068697880996,815.8383418704708,843.3678720201632,928,1110
Raynham,-,4A,Eighth Plymouth,Third Bristol & Plymouth,First,9,22.142252430806167,20.381436889893507,17.72573556153112,18.323870199880982,18,43
Reading,-,1,Twentieth Middlesex,Fifth Middlesex,Sixth,6,1466,783,1173,811,1361,809
Reading,-,2,Thirtieth Middlesex,Fifth Middlesex,Sixth,6,1317,635,1051,655,1228,657
Reading,-,3,Thirtieth Middlesex,Fifth Middlesex,Sixth,6,1396.210072717479,756.4255319148936,1034.9711823323455,705.0686776191758,1274,786
Reading,-,4,Thirtieth Middlesex,Fifth Middlesex,Sixth,6,1446.8351630861785,654.2241312227387,1123.9797320083665,638.7936900420368,1309,623
Reading,-,5,Thirtieth Middlesex,Fifth Middlesex,Sixth,6,1393.258942219505,580.3644145521247,1145.354937328034,522.7123203913176,1316,612
Reading,-,6,Thirtieth Middlesex,Fifth Middlesex,Sixth,6,1369.6958219768378,664.9859223102429,1090.6941483312537,659.4253119474697,1388,706
Reading,-,7,Twentieth Middlesex,Fifth Middlesex,Sixth,6,1424,655,1167,666,1377,663
Reading,-,8,Twentieth Middlesex,Fifth Middlesex,Sixth,6,1321,715,1062,715,1178,751
Rehoboth,-,1,Fourth Bristol,Third Bristol & Plymouth,First,4,919.40625,1090.4774305555554,712.6614583333333,951.0260416666666,834,1159
Rehoboth,-,2,Fourth Bristol,Third Bristol & Plymouth,First,4,880.6979369522882,970.0084506518446,670.0318230688088,869.4228385670235,888,1069
Rehoboth,-,3,Fourth Bristol,Third Bristol & Plymouth,First,4,947.5698157987432,1026.5592815619716,717.2853981026722,907.3606108254568,824,1078
Rehoboth,-,4,Fourth Bristol,Third Bristol & Plymouth,First,4,902.3259972489684,988.9548372306282,684.0213204951857,846.1905089408529,909,1195
Revere,1,1,Nineteenth Suffolk,Third Suffolk,Sixth,5,935.625528890643,392.96562816326696,835.2950833971908,382.593802512578,597,429
Revere,1,2,Nineteenth Suffolk,Third Suffolk,Sixth,5,757.2519516960697,334.1586168755596,713.5754946873649,330.0101664261623,664,458
Revere,1,3,Sixteenth Suffolk,Third Suffolk,Sixth,5,718.2114035087719,303.7456140350877,679.0184210526317,307.66491228070174,490,342
Revere,2,1,Nineteenth Suffolk,Third Suffolk,Sixth,5,631.3453791251059,173.3544528403657,579.6928217361146,165.002318249535,433,274
Revere,2,2,Nineteenth Suffolk,Third Suffolk,Sixth,5,768.1751973734845,219.20465007473655,483.1886714303653,168.3388603985142,615,320
Revere,2,3,Sixteenth Suffolk,Third Suffolk,Sixth,5,309.65101601353564,87.25237304913882,284.5170357692912,62.96687170927584,191,116
Revere,2,3A,Nineteenth Suffolk,Third Suffolk,Sixth,5,88.95092690116134,25.0642789969323,81.73089297967313,18.087980703934676,59,32
Revere,3,1,Sixteenth Suffolk,Third Suffolk,Sixth,5,673.8954214360042,401.4885535900104,589.324661810614,376.5624349635796,443,433
Revere,3,2,Sixteenth Suffolk,Third Suffolk,Sixth,5,748.1849141651708,376.3794875445344,731.6642296347261,379.69786403085544,479,440
Revere,3,3,Sixteenth Suffolk,Third Suffolk,Sixth,5,661.3294789640184,360.5604361647125,652.9890012947579,377.2256144622922,494,404
Revere,4,1,Sixteenth Suffolk,Third Suffolk,Sixth,5,763.1564096730536,479.2978653339828,714.8145027603922,448.275070148624,594,527
Revere,4,2,Sixteenth Suffolk,Third Suffolk,Sixth,5,651.0297820770134,379.2997428704434,663.473796170595,354.49253907203365,466,421
Revere,4,3,Sixteenth Suffolk,Third Suffolk,Sixth,5,746.2064880818177,468.3674681901189,680.8433893147769,452.6819773126211,571,528
Revere,5,1,Nineteenth Suffolk,Third Suffolk,Sixth,5,554.19380943575,365.57120834485704,493.48967775615773,394.2241469318019,872,664
Revere,5,2,Nineteenth Suffolk,Third Suffolk,Sixth,5,366.8061905642499,241.42879165514296,337.51032224384227,221.775853068198,644,427
Revere,5,3,Nineteenth Suffolk,Third Suffolk,Sixth,5,731,397,676,406,504,423
Revere,6,1,Sixteenth Suffolk,Third Suffolk,Sixth,5,714.1558648189091,680.29897656964,621.8985935777353,653.2348389579631,541,718
Revere,6,2,Sixteenth Suffolk,Third Suffolk,Sixth,5,783.1919587007801,685.0353563414017,664.1342900445144,641.0597641079045,524,712
Revere,6,3,Sixteenth Suffolk,Third Suffolk,Sixth,5,751.1532170630371,395.66826854577414,653.6206023298835,351.10029807877345,530,434
Richmond,-,1,Third Berkshire,"Berkshire, Hampden, Franklin & Hampshire",Eighth,1,828,215,706,218,772,213
Rochester,-,1,Tenth Bristol,First Bristol and Plymouth,First,9,1762,1991,1368,1743,1665,2225
Rockland,-,1,Fifth Plymouth,Norfolk and Plymouth,Fourth,9,1021,779,811,753,912,794
Rockland,-,2,Fifth Plymouth,Norfolk and Plymouth,Fourth,9,1027,787,852,829,875,893
Rockland,-,3,Fifth Plymouth,Norfolk and Plymouth,Fourth,9,781.9590191467921,565.3463218004703,605.7342962714142,539.9593550554249,717,609
Rockland,-,4,Fifth Plymouth,Norfolk and Plymouth,Fourth,9,841,640,672,633,672,726
Rockland,-,5,Fifth Plymouth,Norfolk and Plymouth,Fourth,9,779.040980853208,760.6536781995297,682.2657037285859,749.0406449445751,728,850
Rockland,-,6,Fifth Plymouth,Norfolk and Plymouth,Fourth,9,950,787,780,809,822,857
Rockport,-,1,Fifth Essex,First Essex and Middlesex,Fifth,6,946,325,773,338,914,334
Rockport,-,2,Fifth Essex,First Essex and Middlesex,Fifth,6,1349.8323651452283,457.61908713692947,1109.2041493775937,466.83319502074687,1266,468
Rockport,-,3,Fifth Essex,First Essex and Middlesex,Fifth,6,1565.167634854772,523.3809128630705,1239.7958506224068,566.1668049792531,1545,530
Rowe,-,1,First Franklin,"Berkshire, Hampden, Franklin & Hampshire",Eighth,1,152,113,122,99,139,121
Rowley,-,1,Second Essex,First Essex and Middlesex,Fifth,6,2180,1942,1679,1809,2063,1919
Royalston,-,1,Second Franklin,"Hampshire, Franklin and Worcester",Eighth,2,408,357,314,321,392,391
Russell,-,1,Third Hampden,Hampden and Hampshire,Eighth,1,366,512,278,480,350,524
Rutland,-,1,First Worcester,Worcester & Hampshire,Seventh,2,924.5442132639791,942.2106631989597,612.4369310793238,763.5832249674902,878,1122
Rutland,-,2,First Worcester,Worcester & Hampshire,Seventh,2,860.8843581645922,831.2179082296117,605.5630689206762,737.8453464610812,793,940
Rutland,-,3,First Worcester,Worcester & Hampshire,Seventh,2,1032.5714285714284,893.5714285714286,804,842.5714285714286,1065,973
Salem,1,1,Seventh Essex,Second Essex,Fifth,6,1579.198717948718,425.58438174917694,1322.598189789075,475.3014203615261,1476,425
Salem,1,2,Seventh Essex,Second Essex,Fifth,6,852.8186504217432,151.90553583610142,921.6320644927258,111.95050011204393,617,236
Salem,2,1,Seventh Essex,Second Essex,Fifth,6,1598.397282051282,331.19469587301586,1304.2163727472528,355.7405524786324,1497,333
Salem,2,2,Seventh Essex,Second Essex,Fifth,6,1700.3590623213263,273.54431103487707,1361.04974271012,284.0285877644368,1700,316
Salem,3,1,Seventh Essex,Second Essex,Fifth,6,1191.3055184045809,361.52389922795146,969.8122723086534,330.3096475296809,1060,430
Salem,3,2,Seventh Essex,Second Essex,Fifth,6,1128.3354192740926,501.9317897371714,938.1379849812264,488.6617647058824,1053,546
Salem,4,1,Seventh Essex,Second Essex,Fifth,6,1142.6823432937476,473.3342613817587,872.6198236836201,469.16787413286335,950,560
Salem,4,2,Seventh Essex,Second Essex,Fifth,6,1146.05637331663,635.504854368932,868.8161603507673,575.9567804572503,1047,685
Salem,5,1,Seventh Essex,Second Essex,Fifth,6,1436,382,1145,392,1345,385
Salem,5,2,Seventh Essex,Second Essex,Fifth,6,1230.681349578257,287.38706654170574,1042.0224929709466,270.76944704779754,1116,321
Salem,6,1,Seventh Essex,Second Essex,Fifth,6,1335.6772833896223,417.58808424930913,1045.2184159656126,445.9201454098864,1212,403
Salem,6,2,Seventh Essex,Second Essex,Fifth,6,1416.488,405.50112,1031.87648,427.19328,1357,474
Salem,7,1,Seventh Essex,Second Essex,Fifth,6,963.6061381074168,290.2088661551577,1002.1128161409492,343.74254049445864,931,336
Salem,7,2,Seventh Essex,Second Essex,Fifth,6,1305.1003171844227,497.1128749080108,1127.8039901612551,488.68756985944134,1175,517
Salisbury,-,1,First Essex,First Essex and Middlesex,Fifth,6,1037.2739344763247,785.6451212646366,761.9201881725564,687.8251442578764,995,851
Salisbury,-,2,First Essex,First Essex and Middlesex,Fifth,6,904.3957643944408,839.4599602911978,683.2375909993382,683.2375909993382,913,868
Salisbury,-,3,First Essex,First Essex and Middlesex,Fifth,6,903.3303011292346,971.8949184441656,652.8422208281054,877.9372647427855,749,1008
Sandisfield,-,1,Third Berkshire,"Berkshire, Hampden, Franklin & Hampshire",Eighth,1,306,200,254,190,280,212
Sandwich,-,1,Fifth Barnstable,Plymouth and Barnstable,First,9,1531,1013,1247,988,1455,978
Sandwich,-,2,Fifth Barnstable,Plymouth and Barnstable,First,9,1443,980,1160,990,1360,952
Sandwich,-,3,Fifth Barnstable,Plymouth and Barnstable,First,9,1231,966,967,937,1190,994
Sandwich,-,4,Fifth Barnstable,Plymouth and Barnstable,First,9,1279,1048,946,1011,1167,1101
Sandwich,-,5,Fifth Barnstable,Plymouth and Barnstable,First,9,1166,982,899,936,1082,990
Sandwich,-,6,Fifth Barnstable,Plymouth and Barnstable,First,9,1089,1055,798,984,1002,1064
Saugus,-,1,Ninth Essex,Third Essex,Sixth,6,835.7118206992038,701.747057805469,658.0624956732433,670.6179300796123,653,713
Saugus,-,10,Sixteenth Suffolk,Third Essex,Sixth,6,791.8051228798893,683.0681896850122,654.595361716857,661.7099342332987,558,734
Saugus,-,2,Ninth Essex,Third Essex,Sixth,6,796,642,658,662,680,696
Saugus,-,3,Sixteenth Suffolk,Third Essex,Sixth,6,757.5150571131879,644.6936656282451,609.6147455867082,636.1609553478712,665,774
Saugus,-,4,Ninth Essex,Third Essex,Sixth,6,708.7993442042291,687.4931490437831,580.719601730384,673.9141266951592,715,803
Saugus,-,5,Ninth Essex,Third Essex,Sixth,6,845.88123752495,943.5968063872256,607.0209580838323,885.3622754491018,698,958
Saugus,-,6,Ninth Essex,Third Essex,Sixth,6,824,688,677,700,648,756
Saugus,-,7,Ninth Essex,Third Essex,Sixth,6,830.11876247505,967.4031936127744,620.9790419161677,909.6377245508982,620,942
Saugus,-,8,Ninth Essex,Third Essex,Sixth,6,834.1457543401311,760.6391592115365,710.7864212470058,757.1543055524555,676,801
Saugus,-,9,Ninth Essex,Third Essex,Sixth,6,777.0229007633588,824.3587786259542,608.2213740458016,748.4427480916031,704,935
Savoy,-,1,First Berkshire,"Berkshire, Hampden, Franklin & Hampshire",Eighth,1,226,161,184,163,213,211
Scituate,-,1,Fourth Plymouth,First Plymouth & Norfolk,Fourth,9,1427,852,1064,827,1333,829
Scituate,-,2,Fourth Plymouth,First Plymouth & Norfolk,Fourth,9,1407,775,1054,764,1390,778
Scituate,-,3,Fourth Plymouth,First Plymouth & Norfolk,Fourth,9,1523,697,1132,689,1347,755
Scituate,-,4,Fourth Plymouth,First Plymouth & Norfolk,Fourth,9,1376.9189435336978,806.2158469945356,1040.7513661202186,793.5118397085611,1372,912
Scituate,-,5,Fourth Plymouth,First Plymouth & Norfolk,Fourth,9,1441,687,1119,653,1346,719
Scituate,-,6,Fourth Plymouth,First Plymouth & Norfolk,Fourth,9,1433.0810564663025,796.7841530054645,1102.2486338797814,730.4881602914389,1441,843
Seekonk,-,1,Fourth Bristol,Third Bristol & Plymouth,First,4,1143.1436227224008,1035.305466237942,874.0091103965702,980.2532154340836,1042,1128
Seekonk,-,2,Fourth Bristol,Third Bristol & Plymouth,First,4,1385.1465327180138,1029.2644819485863,1051.5815631785597,993.6483389700614,1293,1181
Seekonk,-,3,Fourth Bristol,Third Bristol & Plymouth,First,4,1084.65780581212,913.4908763234964,817.0968686641136,762.1432755125028,1015,1094
Seekonk,-,4,Fourth Bristol,Third Bristol & Plymouth,First,4,1173.0520387474658,991.9391754899752,920.312457760757,835.9551700833521,1042,1080
Sharon,-,1,Eighth Norfolk,Bristol and Norfolk,Second,4,1812,560,1557,438,1543,544
Sharon,-,2,Eighth Norfolk,Bristol and Norfolk,Second,4,1667,529,1374,504,1468,507
Sharon,-,3,Eighth Norfolk,Bristol and Norfolk,Second,4,1829,502,1535,512,1561,554
Sharon,-,4,Eighth Norfolk,Bristol and Norfolk,Second,4,1873,463,1480,449,1533,508
Sharon,-,5,Eighth Norfolk,Bristol and Norfolk,Second,4,1597,549,1273,544,1470,618
Sheffield,-,1,Third Berkshire,"Berkshire, Hampden, Franklin & Hampshire",Eighth,1,1542,578,1242,530,1373,572
Shelburne,-,1,First Franklin,"Berkshire, Hampden, Franklin & Hampshire",Eighth,2,927,209,821,230,914,261
Sherborn,-,1,Eighth Middlesex,"Norfolk, Worcester & Middlesex",Second,4,2267,579,1766,617,2089,566
Shirley,-,1,Thirty-Seventh Middlesex,Worcester and Middlesex,Seventh,3,2100,1493,1637,1432,2030,1536
Shrewsbury,-,1,Eleventh Worcester,Second Worcester,Seventh,2,1531.6424073042847,899.2370462259294,1213.8948509277825,879.7178133350657,1325,920
Shrewsbury,-,10,Eleventh Worcester,Second Worcester,Seventh,2,1383.9282119205295,657.8845033112583,1079.681324503311,642.0794701986755,1139,681
Shrewsbury,-,2,Eleventh Worcester,Second Worcester,Seventh,2,1306.5230769230768,709.4769230769231,937.2461538461538,619.3384615384615,1128,778
Shrewsbury,-,3,Eleventh Worcester,Second Worcester,Seventh,2,1021,640,838,586,861,657
Shrewsbury,-,4,Eleventh Worcester,Second Worcester,Seventh,2,1332.0717880794705,791.1154966887417,1020.3186754966888,709.9205298013245,1233,853
Shrewsbury,-,5,Eleventh Worcester,Second Worcester,Seventh,2,1365.9003891050584,565.5761348897536,1094.9185473411155,593.4121919584954,1187,611
Shrewsbury,-,6,Eleventh Worcester,Second Worcester,Seventh,2,1379.121878121878,693.953046953047,1103.8831168831168,675.4085914085914,1221,723
Shrewsbury,-,7,Eleventh Worcester,Second Worcester,Seventh,2,1586.098602563041,838.7540363756797,1182.7302643078592,826.0965372266534,1384,755
Shrewsbury,-,8,Eleventh Worcester,Second Worcester,Seventh,2,1639.7136459826609,813.0028124786675,1274.3270666939725,822.0264045327326,1461,896
Shrewsbury,-,9,Eleventh Worcester,Second Worcester,Seventh,2,1044,449,875,454,913,504
Shutesbury,-,1,Seventh Hampden,"Hampshire, Franklin and Worcester",Eighth,2,1154,144,980,142,1030,169
Somerset,-,1,Fifth Bristol,First Bristol and Plymouth,First,4,1225,1083,993,958,1111,1174
Somerset,-,2,Fifth Bristol,First Bristol and Plymouth,First,4,1228,1045,1070,972,1061,1166
Somerset,-,3,Fifth Bristol,First Bristol and Plymouth,First,4,1264,1028,1076,912,1109,1082
Somerset,-,4,Fifth Bristol,First Bristol and Plymouth,First,4,1085,937,903,855,977,1070
Somerset,-,5,Fifth Bristol,First Bristol and Plymouth,First,4,1013,1020,859,869,941,1137
Somerville,1,1,Twenty-Sixth Middlesex,Second Middlesex,Sixth,7,948.2274498052144,205.6083308360803,895.3071621216662,172.64159424632905,959,240
Somerville,1,2,Twenty-Sixth Middlesex,Second Middlesex,Sixth,7,956.9676008708302,187.9511573692779,711.4040644694809,154.43952397395978,787,198
Somerville,1,3,Twenty-Sixth Middlesex,Second Middlesex,Sixth,7,944.0529801324504,182.29286239882268,671.1228844738779,149.19499632082417,1003,228
Somerville,1,4,Twenty-Sixth Middlesex,Second Middlesex,Sixth,7,684.1240827958316,127.51934144434922,583.4934485606981,109.78385248368107,568,123
Somerville,1,4A,Twenty-Seventh Middlesex,Second Middlesex,Sixth,7,315.20731783380074,58.754004718471016,268.84217281574854,50.58245215023383,283,70
Somerville,2,1,Twenty-Seventh Middlesex,Second Middlesex,Sixth,7,892.6601374846333,70.73509916573443,817.7799875422612,67.00674301432485,774,93
Somerville,2,1A,Twenty-Sixth Middlesex,Second Middlesex,Sixth,7,358.24458213396525,28.3875855756686,328.19349449178236,26.89131243046913,493,32
Somerville,2,2,Twenty-Seventh Middlesex,Second Middlesex,Sixth,7,1432.043423228215,112.77544520494617,1321.84181142293,102.45690349955063,1235,109
Somerville,2,3,Twenty-Seventh Middlesex,Second Middlesex,Sixth,7,1391.389781152166,116.25363866391908,1265.5910864891764,106.02386863991562,1243,112
Somerville,2,4,Twenty-Seventh Middlesex,Second Middlesex,Sixth,7,1437,135.8183153770813,1264.5881488736534,123.85504407443682,1318,114
Somerville,3,1,Twenty-Seventh Middlesex,Second Middlesex,Sixth,7,1413.9005051735303,142.816121270263,1288.354237137176,128.07574998935854,1339,156
Somerville,3,2,Twenty-Seventh Middlesex,Second Middlesex,Sixth,7,1484.6134453802306,162.14944162960745,1364.0986170236984,158.9407797290828,1197,185
Somerville,3,3,Twenty-Seventh Middlesex,Second Middlesex,Sixth,7,1463.5043664727596,144.30663000686857,1334.8483035743598,142.900260869793,1371,147
Somerville,3,4,Twenty-Seventh Middlesex,Second Middlesex,Sixth,7,1503.0676962676962,131.76010296010296,1362.7145431145432,125.31531531531532,1365,118
Somerville,4,1,Thirty-Fourth Middlesex,Second Middlesex,Sixth,7,1010.7659590517242,197.47640086206897,914.1142349137932,173.27493534482758,865,301
Somerville,4,2,Thirty-Fourth Middlesex,Second Middlesex,Sixth,7,802.1847804248648,125.73126523356204,695.2709540932217,111.329738703061,729,116
Somerville,4,2A,Twenty-Seventh Middlesex,Second Middlesex,Sixth,7,319.1406806105498,50.02084624369519,276.60615223906,44.29135212846062,280,61
Somerville,4,3,Thirty-Fourth Middlesex,Second Middlesex,Sixth,7,1342.3319759139044,195.18396936141497,1135.8751605362825,183.38897397674245,1210,201
Somerville,4,4,Thirty-Fourth Middlesex,Second Middlesex,Sixth,7,1076.018337368846,209.0122679580307,962.6164541296746,187.5690180252892,768,190
Somerville,5,1,Twenty-Seventh Middlesex,Second Middlesex,Sixth,7,1427.6353528292277,205.7612657640047,1250.7962835840126,195.7446791217176,1295,214
Somerville,5,2,Twenty-Seventh Middlesex,Second Middlesex,Sixth,7,1502.995870991591,165.5373877912518,1352.674441821221,169.51729019252898,1382,147
Somerville,5,3,Twenty-Seventh Middlesex,Second Middlesex,Sixth,7,1545.0957780458384,134.05259348612788,1365.6607961399277,158.48926417370325,1363,160
Somerville,5,4,Twenty-Seventh Middlesex,Second Middlesex,Sixth,7,1639.0386511024642,150.0749675745785,1571.4656290531775,143.00337224383918,1506,125
Somerville,6,1,Twenty-Seventh Middlesex,Second Middlesex,Sixth,7,1779.7720255937354,123.12684298664423,1655.966311336213,126.35962124345905,1589,112
Somerville,6,2,Twenty-Seventh Middlesex,Second Middlesex,Sixth,7,1640.5511424674614,110.14955836789512,1563.11083256577,139.58515786997802,1621,126
Somerville,6,3,Twenty-Seventh Middlesex,Second Middlesex,Sixth,7,504.1334009637331,49.30738016738524,585.2371290895256,55.29799644940399,234,29
Somerville,6,3A,Thirty-Fourth Middlesex,Second Middlesex,Sixth,7,330.4473750951052,32.31980725336039,383.6089272127821,36.24651280750696,205,40
Somerville,6,4,Twenty-Seventh Middlesex,Second Middlesex,Sixth,7,1515.7743587495745,105.46405285551695,1456.057535334787,118.004240229085,1542,129
Somerville,7,1,Thirty-Fourth Middlesex,Second Middlesex,Sixth,7,1554.7914797760702,132.42026787384347,1494.8945489939658,153.4297185221453,1556,118
Somerville,7,2,Thirty-Fourth Middlesex,Second Middlesex,Sixth,7,1304.1367725787386,140.31754520138907,1188.220479586647,137.49761524021417,1057,163
Somerville,7,3,Thirty-Fourth Middlesex,Second Middlesex,Sixth,7,1187.2702774108325,200.9453104359313,1151.9392338177015,214.93051519154557,937,217
Somerville,7,4,Thirty-Fourth Middlesex,Second Middlesex,Sixth,7,1341.5527392698916,150.08845009289706,1277.7300015610772,162.96702414254173,1144,138
South Hadley,-,A,Second Hampshire,"Hampden, Hampshire & Worcester",Eighth,1,1305.4250846955522,629.0092448019126,1007.9497844853008,617.475931068743,1193,683
South Hadley,-,B,Second Hampshire,"Hampden, Hampshire & Worcester",Eighth,1,1470,678,1161,715,1416,696
South Hadley,-,C,Second Hampshire,"Hampden, Hampshire & Worcester",Eighth,1,1425.3733825198892,848.1003209091291,1067.338606090913,846.4880201092303,1351,883
South Hadley,-,D,Second Hampshire,"Hampden, Hampshire & Worcester",Eighth,1,947.5091767173571,315.83639223911905,809.0194022024122,342.7372836916623,910,322
South Hadley,-,E,Second Hampshire,"Hampden, Hampshire & Worcester",Eighth,1,1438.2015327845586,757.8904342889583,1159.7116094237865,731.0360488220267,1367,806
Southampton,-,1,Fourth Hampden,Hampden and Hampshire,Eighth,1,1093.6344794344473,887.7508033419024,854.9074550128535,829.4170951156813,1056,882
Southampton,-,2,Fourth Hampden,Hampden and Hampshire,Eighth,1,1137.3655205655527,923.2491966580976,889.0925449871465,862.5829048843187,1064,944
Southborough,-,1,Nineteenth Worcester,Middlesex and Worcester,Third,2,1572.1087818696883,583.342776203966,1201.68611898017,634.871388101983,1435,575
Southborough,-,2,Nineteenth Worcester,Middlesex and Worcester,Third,2,1498.8912181303117,630.657223796034,1162.31388101983,633.128611898017,1340,630
Southborough,-,3,Nineteenth Worcester,Middlesex and Worcester,Third,2,1547,637,1166,630,1360,613
Southbridge,-,1,Sixth Worcester,Worcester & Hampden,Seventh,1,851.8674916017949,564.4922918609218,768.6143028711922,515.5341808667322,723,655
Southbridge,-,2,Sixth Worcester,Worcester & Hampden,Seventh,1,732.8103827191096,531.3384037971846,739.3766419063726,410.7274408735802,555,522
Southbridge,-,3,Sixth Worcester,Worcester & Hampden,Seventh,1,768.8882079558049,684.6780788262988,700.3768106629736,597.4870023842317,655,806
Southbridge,-,4,Sixth Worcester,Worcester & Hampden,Seventh,1,1068.7049301826778,844.6206861228558,859.4911432470002,785.8499442781115,1016,917
Southbridge,-,5,Sixth Worcester,Worcester & Hampden,Seventh,1,656.7289875406128,396.87053939273903,646.1411013124614,276.4014315973445,552,430
Southwick,-,1,Third Hampden,"Berkshire, Hampden, Franklin & Hampshire",Eighth,1,822.8100032478077,1280.553426437155,653.0769730431958,1164.344267619357,814,1366
Southwick,-,2,Third Hampden,"Berkshire, Hampden, Franklin & Hampshire",Eighth,1,696.5586229295226,917.3471906463136,535.3634296849626,846.03052939266,648,981
Southwick,-,3,Third Hampden,"Berkshire, Hampden, Franklin & Hampshire",Eighth,1,840.6313738226697,1023.0993829165312,670.5595972718415,950.6252029879832,827,1083
Spencer,-,1,Sixth Worcester,Worcester & Hampshire,Seventh,1,697,812,593,748,716,827
Spencer,-,2,Fifth Worcester,Worcester & Hampshire,Seventh,1,700.8927473878304,717.1038721573449,493.00891210817457,638.9090350338046,633,747
Spencer,-,3,Fifth Worcester,Worcester & Hampshire,Seventh,1,713.1072526121696,947.8961278426552,565.9910878918255,890.0909649661954,657,1028
Spencer,-,4,Fifth Worcester,Worcester & Hampshire,Seventh,1,878,810,613,768,785,875
Springfield,1,A,Tenth Hampden,Hampden,Eighth,1,433.67861945316,164.76826535186015,743.331241595697,32.169878978036756,327,172
Springfield,1,B,Tenth Hampden,Hampden,Eighth,1,516.9027341999104,142.42324069923802,675.2920215150157,60.355109816225905,417,174
Springfield,1,C,Tenth Hampden,Hampden,Eighth,1,428.53106310043944,142.10447501082436,580.8624472615371,82.42498876391531,279,105
Springfield,1,C1,Ninth Hampden,Hampden,Eighth,1,38.51527484969905,12.771986405875271,52.20642966762794,7.408146970156709,50,12
Springfield,1,D,Ninth Hampden,Hampden,Eighth,1,357.4238227146814,85.10091017016224,463.2449544914919,36.26038781163435,263,91
Springfield,1,D1,Tenth Hampden,Hampden,Eighth,1,103.97783933518006,24.75662841313811,134.76216857934313,10.54847645429363,64,25
Springfield,1,E,Tenth Hampden,Hampden,Eighth,1,552.9882772194129,175.4477556938683,718.0461999765357,64.21997764869036,353,179
Springfield,1,F,Tenth Hampden,Hampden,Eighth,1,463,115,613,44,364,158
Springfield,1,G,Tenth Hampden,Hampden,Eighth,1,503.1083969465649,111.38931297709924,625.636641221374,64.04885496183206,290,103
Springfield,1,H,Tenth Hampden,Hampden,Eighth,1,630.3219721809519,134.72142527793432,769.1938956913776,70.95617859521492,605,185
Springfield,2,A,Ninth Hampden,Hampden,Eighth,1,563.8872684272764,164.42057548285376,615.2065431612141,116.91959006700829,438,202
Springfield,2,B,Ninth Hampden,Hampden,Eighth,1,663.1839373231817,249.1826679995005,740.8817010831017,199.64685067073324,612,362
Springfield,2,C,Ninth Hampden,Hampden,Eighth,1,507.4215638569915,195.4426947070298,519.5682627249234,135.53550023406615,388,266
Springfield,2,D,Ninth Hampden,Hampden,Eighth,1,717.3525377899218,274.28834660031134,724.1596255913091,228.47524239161103,594,313
Springfield,2,E,Ninth Hampden,Hampden,Eighth,1,617.3197181930462,281.7111501139825,623.144976362915,217.27465194420347,551,308
Springfield,2,F,Ninth Hampden,Hampden,Eighth,1,712.4924576175041,253.4649046214919,716.2261156120479,165.79399360856374,541,309
Springfield,2,G,Ninth Hampden,Hampden,Eighth,1,733.6390026051358,340.8827688872348,664.1656122069222,289.93561592854485,616,367
Springfield,2,H,Ninth Hampden,Hampden,Eighth,1,710.2555141869424,290.12289158759535,725.0711632575665,264.02655515526925,623,339
Springfield,3,A,Eleventh Hampden,Hampden,Eighth,1,433,93,545,68,317,95
Springfield,3,B,Tenth Hampden,Hampden,Eighth,1,433.119319539276,102.65489000590992,608.7601718598715,54.315200340764775,331,120
Springfield,3,C,Tenth Hampden,Hampden,Eighth,1,385.8175975915521,101.31284035797296,500.97356545451214,47.60761625885324,295,123
Springfield,3,D,Tenth Hampden,Hampden,Eighth,1,430.4763176438271,102.4056256096056,537.9260874169444,40.945214839939965,408,150
Springfield,3,E,Tenth Hampden,Hampden,Eighth,1,340.6325311105777,94.3494752398683,439.18731906325775,43.35131237347502,239,74
Springfield,3,F,Tenth Hampden,Hampden,Eighth,1,405,124,441,67,319,137
Springfield,3,G,Tenth Hampden,Hampden,Eighth,1,350.33935681271385,100.96555039836213,395.7705601404286,50.25070692846679,258,117
Springfield,3,H,Tenth Hampden,Hampden,Eighth,1,436.53595284872296,141.2322200392927,504.40078585461686,82.53831041257367,341,164
Springfield,4,A,Eleventh Hampden,Hampden,Eighth,1,753.7482153024132,97.91810099417508,735.1689659703061,76.37680112118426,683,155
Springfield,4,B,Eleventh Hampden,Hampden,Eighth,1,649.3255928587994,106.19745837665197,744.3270626789143,42.85392742224914,421,126
Springfield,4,C,Eleventh Hampden,Hampden,Eighth,1,527.7649483354892,76.46688315408296,624.9124401870596,25.379448469663117,439,110
Springfield,4,D,Eleventh Hampden,Hampden,Eighth,1,548.2463389654372,66.981747038175,624.1022455459154,30.092138612240262,432,107
Springfield,4,E,Eleventh Hampden,Hampden,Eighth,1,580.0851808634773,68.19719953325554,651.5449241540257,30.07662388175807,416,98
Springfield,4,F,Eleventh Hampden,Hampden,Eighth,1,187.96660341555975,23.975332068311197,217.69601518026565,16.303225806451614,131,26
Springfield,4,G,Eleventh Hampden,Hampden,Eighth,1,598.1849868322786,92.77808458786996,711.1548877795684,50.81316575606305,508,121
Springfield,4,H,Eleventh Hampden,Hampden,Eighth,1,624.0333965844402,56.0246679316888,667.3039848197343,30.696774193548386,518,86
Springfield,5,A,Eleventh Hampden,Hampden,Eighth,1,704.6481632653062,114.88571428571429,774.3163265306123,77.83020408163266,611,159
Springfield,5,B,Eleventh Hampden,Hampden,Eighth,1,813.601836734694,210.30178571428573,781.2045068027212,171.461462585034,701,278
Springfield,5,C,Ninth Hampden,Hampden,Eighth,1,609.1268746146261,232.02543822527653,605.1505338802722,209.18072071062517,526,307
Springfield,5,C1,Eleventh Hampden,Hampden,Eighth,1,8.773979424828749,3.342138568936764,8.716703456154073,3.0130789102796296,8,9
Springfield,5,D,Twelfth Hampden,Hampden,Eighth,1,794,446,687,386,746,441
Springfield,5,E,Eleventh Hampden,Hampden,Eighth,1,885.671052631579,205.01644736842107,817.3322368421053,158.54605263157896,813,278
Springfield,5,F,Eleventh Hampden,Hampden,Eighth,1,845,256,774,255,750,305
Springfield,5,G,Twelfth Hampden,Hampden,Eighth,1,864,504,680,488,748,493
Springfield,5,H,Eleventh Hampden,Hampden,Eighth,1,609.178093328966,317.4284758373656,534.2796924881351,358.9684810808496,639,343
Springfield,6,A,Tenth Hampden,Hampden,Eighth,1,557.0789244533303,147.0793983489884,593.9815102103688,112.99163884592654,427,188
Springfield,6,B,Tenth Hampden,"Hampden, Hampshire & Worcester",Eighth,1,785.521472392638,260.8486707566462,666.5030674846626,232.08588957055215,685,216
Springfield,6,C,Second Hampden,Hampden,Eighth,1,644.4785276073619,251.1513292433538,602.4969325153374,213.91411042944785,500,320
Springfield,6,D,Second Hampden,"Hampden, Hampshire & Worcester",Eighth,1,778.9868737820117,450.551365236617,675.6952068307208,418.7143469142995,705,488
Springfield,6,D1,Eleventh Hampden,Hampden,Eighth,1,31.172198297524353,18.029413553772343,27.038844536304875,16.75541282058038,27,16
Springfield,6,E,Tenth Hampden,Hampden,Eighth,1,487.79107424960506,169.91548183254343,514.5193522906793,86.86690363349132,386,220
Springfield,6,F,Tenth Hampden,Hampden,Eighth,1,601,169,587,113,502,188
Springfield,6,G,Eleventh Hampden,Hampden,Eighth,1,703.1613740171182,255.57015057764036,595.7402980753535,205.93990569262945,525,262
Springfield,6,H,Eleventh Hampden,Hampden,Eighth,1,649.6795539033458,308.8490706319703,619.5256505576208,311.5903345724907,686,403
Springfield,7,A,Eleventh Hampden,Hampden,Eighth,1,724.8065344989221,341.76168761204207,604.0365373402528,308.8761715894739,732,384
Springfield,7,A1,Tenth Hampden,Hampden,Eighth,1,37.66504810997562,17.75987079773377,31.389155803944455,16.050953336100093,43,9
Springfield,7,B,Twelfth Hampden,"Hampden, Hampshire & Worcester",Eighth,1,854.1412442206343,446.0227393352507,749.1373406560987,424.998535324976,799,466
Springfield,7,B1,Eleventh Hampden,Hampden,Eighth,1,37.35200443267388,19.50478735156384,32.76013359406411,18.58538887186419,27,15
Springfield,7,C,Twelfth Hampden,"Hampden, Hampshire & Worcester",Eighth,1,883.2440944881889,444.03543307086613,732.1574803149606,435.62204724409446,764,538
Springfield,7,D,Twelfth Hampden,"Hampden, Hampshire & Worcester",Eighth,1,691.6417910447761,425.2662363856394,588.8301734570391,382.2722872125857,659,476
Springfield,7,E,Twelfth Hampden,"Hampden, Hampshire & Worcester",Eighth,1,619.8841912112441,221.16722369040627,642.289387168225,196.89078841056596,522,265
Springfield,7,F,Twelfth Hampden,"Hampden, Hampshire & Worcester",Eighth,1,821.9994057965498,437.8028708907976,724.39280354774,471.5492744797019,869,480
Springfield,7,G,Twelfth Hampden,"Hampden, Hampshire & Worcester",Eighth,1,797.5576354914201,520.2580928249782,674.4781356204697,501.1253202812852,788,595
Springfield,7,H,Eleventh Hampden,Hampden,Eighth,1,428.4673973873516,195.74226154858547,384.2502452226304,208.9934032014968,359,214
Springfield,7,H1,Twelfth Hampden,"Hampden, Hampshire & Worcester",Eighth,1,45.44957906865832,20.763314659592947,40.75925498389584,22.168926414364385,58,56
Springfield,8,A,Ninth Hampden,Hampden,Eighth,1,617.5574861367837,306.4709796672828,575.094639556377,243.69981515711643,562,366
Springfield,8,B,Ninth Hampden,Hampden,Eighth,1,668.7844696475844,234.4845476930924,592.6828743639059,197.681997970534,579,302
Springfield,8,B1,Twelfth Hampden,Hampden,Eighth,1,73.45713848356795,25.75502972014998,65.09838364208758,21.71275584237449,29,30
Springfield,8,C,Ninth Hampden,Hampden,Eighth,1,759.2384868421052,210.3579622132254,816.3880313765183,136.11863191632926,627,283
Springfield,8,D,Ninth Hampden,Hampden,Eighth,1,459.27212162365487,175.0005513322954,523.0466510383087,132.1563636703825,429,208
Springfield,8,E,Ninth Hampden,Hampden,Eighth,1,473.0032834862457,185.23441822361235,484.2164206595772,146.5776976408603,376,249
Springfield,8,F,Ninth Hampden,Hampden,Eighth,1,644.3869532987399,289.0882134914752,536.2120088954781,261.1119347664937,577,342
Springfield,8,G,Twelfth Hampden,Hampden,Eighth,1,633.7137275503,273.8893767296789,624.4147050024037,241.21016447005343,536,311
Springfield,8,G1,Ninth Hampden,Hampden,Eighth,1,30.431072005364022,13.152227863177504,29.98453090575991,11.582964932428853,12,16
Springfield,8,H,Ninth Hampden,Hampden,Eighth,1,747.7999977677596,227.02721938179965,691.6512282437942,185.55556837026916,566,276
Sterling,-,1,Twelfth Worcester,Worcester & Hampshire,Seventh,2,1413.2299161713545,1207.0466976440073,1100.0634490608306,1122.799281296574,1394,1244
Sterling,-,2,Twelfth Worcester,Worcester & Hampshire,Seventh,2,1427.7700838286455,1236.953302355993,1061.9365509391694,1204.2007187034262,1438,1297
Stockbridge,-,1,Third Berkshire,"Berkshire, Hampden, Franklin & Hampshire",Eighth,1,1099,237,965,252,1073,213
Stoneham,-,1,Thirty-First Middlesex,Fifth Middlesex,Sixth,5,1283.333574348493,717.3506412876852,1010.4298313745528,706.6614588656106,1050,716
Stoneham,-,2,Thirty-First Middlesex,Fifth Middlesex,Sixth,5,1251.5126028359734,691.9949291006643,966.9299987225344,613.8012231732243,1180,702
Stoneham,-,3,Thirty-First Middlesex,Fifth Middlesex,Sixth,5,1328,876,1069,874,1118,914
Stoneham,-,4,Thirty-First Middlesex,Fifth Middlesex,Sixth,5,1126.3170806501073,762.7853419196565,917.3232137381171,734.804967801288,1001,768
Stoneham,-,5,Thirty-First Middlesex,Fifth Middlesex,Sixth,5,1215.8367421654266,886.8690876919939,991.3169561647954,865.7323501598771,1071,916
Stoneham,-,6,Thirty-First Middlesex,Fifth Middlesex,Sixth,5,1295,726,986,756,1274,798
Stoneham,-,7,Thirty-First Middlesex,Fifth Middlesex,Sixth,5,1176,711,1021,692,956,746
Stoughton,-,1,Sixth Norfolk,"Norfolk, Plymouth & Bristol",Second,8,1274.5510204081634,584.3163265306123,1076.8367346938776,566.6632653061225,1155,595
Stoughton,-,2,Eighth Norfolk,"Norfolk, Plymouth & Bristol",Second,8,1124.0947253244087,532.1176909887394,919.4752661993388,524.0778273192177,989,591
Stoughton,-,2A,Sixth Norfolk,"Norfolk, Plymouth & Bristol",Second,8,187.8700174236964,88.93286092830029,153.67195520971342,87.58915804130268,151,74
Stoughton,-,3,Eighth Norfolk,"Norfolk, Plymouth & Bristol",Second,8,1427.8182039709552,687.7881897908237,1143.06577559099,676.0382371011351,1302,708
Stoughton,-,4,Eighth Norfolk,"Norfolk, Plymouth & Bristol",Second,8,1406.121932560416,846.7092059143538,1106.115668896392,842.0293142713173,1255,848
Stoughton,-,4A,Sixth Norfolk,"Norfolk, Plymouth & Bristol",Second,8,96.21674779871104,57.93779631611564,75.68821016582352,57.617565229809045,115,56
Stoughton,-,5,Sixth Norfolk,"Norfolk, Plymouth & Bristol",Second,8,1064.018956274998,575.185898073375,893.049936240612,574.4106193758759,835,619
Stoughton,-,5A,Eighth Norfolk,"Norfolk, Plymouth & Bristol",Second,8,69.74026833071244,37.7000979494876,58.53424116068955,37.64928292962746,73,55
Stoughton,-,6,Eighth Norfolk,"Norfolk, Plymouth & Bristol",Second,8,1334.5904317386232,656.9894982497083,1125.8996499416571,613.1901983663944,1231,663
Stoughton,-,7,Sixth Norfolk,"Norfolk, Plymouth & Bristol",Second,8,1226.1391649802292,542.5852252188607,1025.856387360884,506.4030897281031,1090,582
Stoughton,-,7A,Eighth Norfolk,"Norfolk, Plymouth & Bristol",Second,8,44.82348362545649,19.83507309172722,37.501825481353066,18.51237710090943,66,31
Stoughton,-,8,Sixth Norfolk,"Norfolk, Plymouth & Bristol",Second,8,954.768658865738,431.36346453332413,799.1086056692108,397.8006265635155,797,457
Stoughton,-,8A,Eighth Norfolk,"Norfolk, Plymouth & Bristol",Second,8,43.24638869789286,19.53867241457196,36.1957433894587,18.018438666670047,47,40
Stow,-,1,Third Middlesex,Middlesex and Worcester,Third,3,1794,659,1391,686,1739,632
Stow,-,2,Third Middlesex,Middlesex and Worcester,Third,3,1757,599,1317,575,1695,536
Sturbridge,-,1,First Hampden,Worcester & Hampden,Seventh,1,1173,803,904,765,1066,900
Sturbridge,-,2,First Hampden,Worcester & Hampden,Seventh,1,1212,887,872,861,1107,907
Sturbridge,-,3,First Hampden,Worcester & Hampden,Seventh,1,1032,825,758,789,964,902
Sudbury,-,1,Thirteenth Middlesex,Middlesex and Worcester,Third,5,1221.9802631578948,324.41184210526313,966.2776315789472,344.4157894736842,1536,478
Sudbury,-,2,Thirteenth Middlesex,Middlesex and Worcester,Third,5,1541.891156831701,447.7871572204293,1233.6913115132472,416.7257259707077,1492,409
Sudbury,-,3,Thirteenth Middlesex,Middlesex and Worcester,Third,5,1539.602814205481,481.99221499092096,1174.5934196022126,429.4045409568852,1320,412
Sudbury,-,4,Thirteenth Middlesex,Middlesex and Worcester,Third,5,1559.170544113908,410.3619247393847,1251.9800788202388,359.46742944317316,1602,425
Sudbury,-,5,Thirteenth Middlesex,Middlesex and Worcester,Third,5,1500.4207101658255,445.43305335255945,1260.2752523431868,425.9067195385725,1352,476
Sudbury,-,6,Thirteenth Middlesex,Middlesex and Worcester,Third,5,1474.9345115251897,447.01380759144234,1134.182306142167,390.0797946169772,1466,456
Sunderland,-,1,First Franklin,"Hampshire, Franklin and Worcester",Eighth,2,1605,394,1353,387,1408,397
Sutton,-,1,Eighteenth Worcester,Worcester & Hampden,Seventh,2,1054.0400508582327,1055.9307056579785,745.8633184996821,961.3979656706928,983,1093
Sutton,-,2,Eighteenth Worcester,Worcester & Hampden,Seventh,2,915.1721337675484,1060.8245121752152,724.1099695068779,1000.9771900522784,903,1151
Sutton,-,3,Eighteenth Worcester,Worcester & Hampden,Seventh,2,1119.462962145256,961.528539505358,840.1845723978757,916.0625481256914,996,1014
Swampscott,-,1,Eighth Essex,Third Essex,Sixth,6,971.7341239721244,414.791487573415,808.7519794821346,407.1957168904239,928,517
Swampscott,-,2,Eighth Essex,Third Essex,Sixth,6,1050.0114239147697,450.6313952806515,840.6403457012318,435.32345973470046,855,488
Swampscott,-,3,Eighth Essex,Third Essex,Sixth,6,1207.0763129555537,409.114350888281,987.6636493943752,407.29683182036626,1095,338
Swampscott,-,4,Eighth Essex,Third Essex,Sixth,6,1292.997382178458,411.6998477495577,1052.5011042441913,428.4633365779577,1139,432
Swampscott,-,5,Eighth Essex,Third Essex,Sixth,6,1160.7437160759248,454.2318775718745,949.6595446491214,459.20229523467873,1122,476
Swampscott,-,6,Eighth Essex,Third Essex,Sixth,6,1158.7305856113296,413.2092998730517,911.8665702267408,447.088249387973,1080,438
Swansea,-,1,Fifth Bristol,First Bristol and Plymouth,First,4,803.0109375000001,1033.0674479166669,693.6684895833333,826.62890625,760,1237
Swansea,-,2,Fifth Bristol,First Bristol and Plymouth,First,4,1051.0531356194006,928.2607352486872,873.2542477602718,823.375656472042,963,985
Swansea,-,3,Fifth Bristol,First Bristol and Plymouth,First,4,1040.9359268805993,1007.6718168346464,864.0772626563949,885.995437277958,913,1114
Swansea,-,4,Fourth Bristol,First Bristol and Plymouth,First,4,949,1054,763,905,898,1139
Swansea,-,5,Fourth Bristol,First Bristol and Plymouth,First,4,892,1100,734,910,868,1260
Taunton,1,A,Third Bristol,Third Bristol & Plymouth,First,4,870.5203134058656,524.38917777781,719.8616442459667,494.5616065353462,820,659
Taunton,1,A1,Fifth Bristol,Third Bristol & Plymouth,First,4,52.37119711923283,31.54767163232181,43.3074512895411,29.753221130626592,52,25
Taunton,1,B,Third Bristol,Third Bristol & Plymouth,First,4,999,893,798,793,931,1029
Taunton,2,A,Third Bristol,Third Bristol & Plymouth,First,4,744.2207278481013,319.09071729957805,607.0506329113924,281.150052742616,550,412
Taunton,2,B,Third Bristol,Third Bristol & Plymouth,First,4,843.7792721518987,458.9092827004219,715.9493670886076,438.849947257384,736,591
Taunton,3,A,Twelfth Bristol,Third Bristol & Plymouth,First,4,919,596,785,521,774,670
Taunton,3,B,Twelfth Bristol,Third Bristol & Plymouth,First,4,1080,839,929,737,962,937
Taunton,4,A,Twelfth Bristol,Third Bristol & Plymouth,First,4,940.4593363748186,884.0080048623669,720.6234321704525,803.2640789174641,799,1007
Taunton,4,B,Twelfth Bristol,Third Bristol & Plymouth,First,4,936.8762715102764,736.5396797989173,784.2922287642906,672.1157009322865,949,837
Taunton,4,B1,Fifth Bristol,Third Bristol & Plymouth,First,4,31.73996714228739,24.952862983841825,26.570647937107974,22.77027491476204,12,24
Taunton,5,A,Third Bristol,Third Bristol & Plymouth,First,4,877,520,705,458,690,621
Taunton,5,B,Third Bristol,Third Bristol & Plymouth,First,4,835,502,694,393,749,522
Taunton,6,A,Fifth Bristol,Third Bristol & Plymouth,First,4,733.0812605034992,515.4862670668796,616.6295828699949,436.9193414880898,675,587
Taunton,6,B,Fifth Bristol,Third Bristol & Plymouth,First,4,864.9516539440203,618.0763358778626,763.7150127226463,518.6157760814249,828,756
Taunton,7,A,Third Bristol,Third Bristol & Plymouth,First,4,1013,808,876,733,915,919
Taunton,7,B,Third Bristol,Third Bristol & Plymouth,First,4,1043,1048,817,922,978,1192
Taunton,8,A,Third Bristol,Third Bristol & Plymouth,First,4,1073,880,856,836,1120,1028
Taunton,8,B,Third Bristol,Third Bristol & Plymouth,First,4,1139,949,907,882,1042,1021
Templeton,-,A,Second Worcester,Worcester & Hampshire,Seventh,2,765,888,550,768,720,982
Templeton,-,B,Second Worcester,Worcester & Hampshire,Seventh,2,675.1688359985125,754.748977314987,512.4648568240982,721.2093715135738,591,864
Templeton,-,C,Second Worcester,Worcester & Hampshire,Seventh,2,620.8311640014875,646.251022685013,458.5351431759018,578.7906284864262,572,737
Tewksbury,-,1,Seventeenth Middlesex,Second Essex and Middlesex,Fifth,6,1163.0877993158497,975.9543899657924,925.5039908779931,987.0228050171038,1010,971
Tewksbury,-,2,Nineteenth Middlesex,Second Essex and Middlesex,Fifth,6,1281.180770725661,1136.446945032755,1009.4566260392578,1133.8415386634333,1176,1207
Tewksbury,-,3,Eighteenth Essex,Second Essex and Middlesex,Fifth,6,1257.2261747047228,1050.9381886588455,954.772167862129,1054.1175134528642,1069,1166
Tewksbury,-,4,Nineteenth Middlesex,Second Essex and Middlesex,Fifth,6,1172.359925788497,1027.491651205937,854.9016697588127,920.1818181818182,1098,1042
Tewksbury,-,5,Nineteenth Middlesex,Second Essex and Middlesex,Fifth,6,1065.098544378366,976.568436898768,803.5336530584881,941.8465434756978,1046,1021
Tewksbury,-,5A,Eighteenth Essex,Second Essex and Middlesex,Fifth,6,184.8933223220918,169.52514274487896,139.4875690101531,163.4976758347144,198,136
Tewksbury,-,6,Nineteenth Middlesex,Second Essex and Middlesex,Fifth,6,1127.4249574230594,1140.1040696938487,863.3544961824595,1070.657069354384,1006,1232
Tewksbury,-,7,Eighteenth Essex,Second Essex and Middlesex,Fifth,6,1371.6819677316355,1151.864642669227,1011.993834098264,1082.2872298709249,1255,1249
Tewksbury,-,8,Nineteenth Middlesex,Second Essex and Middlesex,Fifth,6,1331.0465376101165,1154.1065331299478,1038.9959931124426,1078.5478061490594,1144,1137
Tisbury,-,1,"Barnstable, Dukes and Nantucket",Cape and Islands,First,9,2225,542,1942,476,2031,548
Tolland,-,1,Third Hampden,"Berkshire, Hampden, Franklin & Hampshire",Eighth,1,136,186,101,190,148,175
Topsfield,-,1,Second Essex,First Essex and Middlesex,Fifth,6,1262.3930583041558,822.0949916273405,1077.65261074745,803.62094687167,1283,899
Topsfield,-,2,Thirteenth Essex,First Essex and Middlesex,Fifth,6,1197.6069416958442,779.9050083726595,1022.34738925255,762.37905312833,1197,786
Townsend,-,1,First Middlesex,Worcester and Middlesex,Seventh,3,854,894,645,884,825,982
Townsend,-,2,First Middlesex,Worcester and Middlesex,Seventh,3,890,851,699,803,851,957
Townsend,-,3,First Middlesex,Worcester and Middlesex,Seventh,3,943,875,738,863,881,907
Truro,-,1,Fourth Barnstable,Cape and Islands,First,9,1386,340,1095,361,1434,358
Tyngsborough,-,1,Thirty-Sixth Middlesex,First Middlesex,Fifth,3,1017.2592121982212,909.3503811944092,783.337039390089,883.6969504447268,895,917
Tyngsborough,-,2,Thirty-Sixth Middlesex,First Middlesex,Fifth,3,941.4872666750184,851.2031399323513,720.2305662437138,792.8734720904844,889,897
Tyngsborough,-,3,Thirty-Sixth Middlesex,First Middlesex,Fifth,3,905.9830985915492,702.1369014084507,651.8045070422535,641.7380281690141,870,823
Tyngsborough,-,4,Thirty-Sixth Middlesex,First Middlesex,Fifth,3,1169.2704225352113,912.3095774647888,905.6278873239436,848.6915492957746,1113,938
Tyringham,-,1,Third Berkshire,"Berkshire, Hampden, Franklin & Hampshire",Eighth,1,234,72,201,70,224,81
Upton,-,1,Ninth Worcester,Worcester & Hampden,Seventh,2,1121.0543933054394,673.5746984986463,816.9027811961605,615.0322421855772,1134,657
Upton,-,2,Ninth Worcester,Worcester & Hampden,Seventh,2,1062.46056562406,681.3208307110683,765.7044784421836,623.5713245366929,1038,821
Upton,-,3,Ninth Worcester,Worcester & Hampden,Seventh,2,989.4850410705004,633.1044707902854,713.392740361656,579.39643327773,914,714
Uxbridge,-,1,Eighteenth Worcester,Worcester & Hampden,Seventh,2,1012.2871874313385,1060.9287156532505,800.6293060591713,979.3439772483348,998,1216
Uxbridge,-,1A,Eighth Worcester,Worcester & Hampden,Seventh,2,75.53934593802111,79.1690957490729,59.7449171237522,73.08104301645851,80,43
Uxbridge,-,2,Eighth Worcester,Worcester & Hampden,Seventh,2,1065.1734666306404,849.9021885976763,812.6257768170765,758.5749797352067,949,948
Uxbridge,-,3,Eighth Worcester,Worcester & Hampden,Seventh,2,1044,1055,741,940,1019,1219
Uxbridge,-,4,Eighth Worcester,Worcester & Hampden,Seventh,2,1154,1048,852,947,1126,1159
Wakefield,-,1,Ninth Essex,Fifth Middlesex,Sixth,6,1309.5552668086227,962.9829244865512,1069.3726895733714,973.8187836965932,1153,1025
Wakefield,-,2,Ninth Essex,Fifth Middlesex,Sixth,6,1332.0080673641296,833.1029480896261,1037.4364265182933,790.605794495298,1293,857
Wakefield,-,3,Ninth Essex,Fifth Middlesex,Sixth,6,1526.4438299720216,927.6329094597248,1190.906881980976,918.5620532323916,1379,949
Wakefield,-,4,Thirty-Second Middlesex,Fifth Middlesex,Sixth,6,1491.056250125223,835.9007333052834,1384.7288774017752,929.892608843742,1455,839
Wakefield,-,5,Thirty-Second Middlesex,Fifth Middlesex,Sixth,6,1548.0330560843822,811.8347836534018,1242.718572599178,841.7199514506281,1484,874
Wakefield,-,6,Thirty-Second Middlesex,Fifth Middlesex,Sixth,6,1510.044552058111,776.1384987893463,1200.33995157385,739.5370460048426,1494,794
Wakefield,-,7,Ninth Essex,Fifth Middlesex,Sixth,6,1497.8589775875091,884.4072022160665,1168.496600352556,865.8637622765046,1327,932
Wales,-,1,First Hampden,Worcester & Hampden,Seventh,1,429,619,365,550,434,673
Walpole,-,1,Twelfth Norfolk,Norfolk and Suffolk,Fourth,8,1219,690,938,694,1077,711
Walpole,-,2,Twelfth Norfolk,Norfolk and Suffolk,Fourth,8,1230.013810030249,906.4141248544524,935.3883648322634,829.6699285251801,1068,971
Walpole,-,2A,Eighth Norfolk,Norfolk and Suffolk,Fourth,8,25.072659643157216,18.476388364832264,19.06700064207568,16.91203103936113,18,21
Walpole,-,3,Eighth Norfolk,Norfolk and Suffolk,Fourth,8,1301.0634359615362,848.6028812266577,996.5872336089718,830.244947957702,1365,950
Walpole,-,4,Eighth Norfolk,Norfolk and Suffolk,Fourth,8,1120.3968724723643,595.7810730655162,853.9832839040172,556.5489350229172,924,641
Walpole,-,5,Ninth Norfolk,Norfolk and Suffolk,Fourth,8,985.089097553935,702.7767434616031,778.76036286392,678.4019469252206,858,762
Walpole,-,5A,Eighth Norfolk,Norfolk and Suffolk,Fourth,8,29.36412433875865,20.94878902693828,23.213754148751928,20.222210529619066,25,20
Walpole,-,6,Twelfth Norfolk,Norfolk and Suffolk,Fourth,8,1236,794,972,788,1197,793
Walpole,-,7,Twelfth Norfolk,Norfolk and Suffolk,Fourth,8,1173,838,907,809,1092,864
Walpole,-,8,Eleventh Norfolk,Norfolk and Suffolk,Fourth,8,1155,828,846,823,1068,901
Waltham,1,1,Ninth Middlesex,Third Middlesex,Third,5,1454.2294392523363,631.5719626168225,1148.7390186915889,610.1838785046729,1370,596
Waltham,1,2,Ninth Middlesex,Third Middlesex,Third,5,1369.4650666666666,712.1989333333333,1197.9205333333334,701.5978666666666,1164,748
Waltham,1,2A,Tenth Middlesex,Third Middlesex,Third,5,8.336533333333334,4.335466666666666,7.292266666666667,4.270933333333333,4,11
Waltham,2,1,Ninth Middlesex,Third Middlesex,Third,5,1386,640,1206,567,1259,600
Waltham,2,2,Ninth Middlesex,Third Middlesex,Third,5,1200.2268286978265,355.7943876899404,985.97844954799,342.5936224658588,994,350
Waltham,3,1,Ninth Middlesex,Third Middlesex,Third,5,1266.6774379688402,863.197345643393,1055.5556837853433,835.1898442008079,1129,885
Waltham,3,2,Ninth Middlesex,Third Middlesex,Third,5,1320.5716602139544,648.2826800640096,1115.3169938582146,621.540069413392,1230,641
Waltham,3,2A,Tenth Middlesex,Third Middlesex,Third,5,26.233968125781157,12.87853410585821,22.15645795569927,12.347275699710972,20,15
Waltham,4,1,Ninth Middlesex,Third Middlesex,Third,5,1343.881954200194,678.3183706411087,1127.3476788136652,687.9639192686844,1242,679
Waltham,4,1A,Tenth Middlesex,Third Middlesex,Third,5,25.836355658960912,13.040784288468735,21.67344794689831,13.226221576386012,25,6
Waltham,4,2,Tenth Middlesex,Third Middlesex,Third,5,460.0166061164916,199.66141815856255,409.8523736254524,192.00456796650113,237,107
Waltham,5,1,Tenth Middlesex,Third Middlesex,Third,5,1101.5844155844156,434.1948051948051,1028.4935064935064,414.1818181818182,983,483
Waltham,5,2,Ninth Middlesex,Third Middlesex,Third,5,950.6599172907136,262.7431777566699,771.4310827686334,253.23332024403408,712,212
Waltham,5,2A,Tenth Middlesex,Third Middlesex,Third,5,156.9841717977679,43.387250693384686,127.3877939154301,41.81687091994211,138,28
Waltham,6,1,Ninth Middlesex,Third Middlesex,Third,5,1235.215130193595,337.1746220638247,1053.2920397591406,369.0522734804799,1091,340
Waltham,6,2,Tenth Middlesex,Third Middlesex,Third,5,664.4240738647488,198.67949726465153,582.652503651491,203.94900552312103,678,247
Waltham,6,2A,Ninth Middlesex,Third Middlesex,Third,5,130.1882167353084,38.92954886522946,114.16577666358222,39.96206395645984,133,64
Waltham,7,1,Ninth Middlesex,Third Middlesex,Third,5,1275.161032041682,500.4880551043443,1065.3445221218274,499.7616118347267,1256,488
Waltham,7,2,Ninth Middlesex,Third Middlesex,Third,5,560.3071922573836,135.12315984892678,552.3998704015372,132.12483676340415,467,128
Waltham,8,1,Ninth Middlesex,Third Middlesex,Third,5,1207.4584422373237,274.33298484056456,1016.7036069001568,262.53371667537897,1102,310
Waltham,8,2,Tenth Middlesex,Third Middlesex,Third,5,1235.9351419061477,340.4400466019828,1040.268896844331,339.2608827821636,1068,367
Waltham,8,2A,Ninth Middlesex,Third Middlesex,Third,5,22.60641585652857,6.226968557452672,19.0274962555122,6.205400542457409,14,2
Waltham,9,1,Tenth Middlesex,Third Middlesex,Third,5,1094,215,853,199,958,246
Waltham,9,2,Tenth Middlesex,Third Middlesex,Third,5,928,241,833,243,774,271
Ware,-,A,Fifth Worcester,Worcester & Hampshire,Seventh,1,729,554,616,520,702,674
Ware,-,B,First Hampden,Worcester & Hampshire,Seventh,1,697,845,541,733,702,902
Ware,-,C,First Hampden,Worcester & Hampshire,Seventh,1,927,1045,696,936,894,1096
Wareham,-,1,Second Plymouth,Third Bristol & Plymouth,First,9,1026,831,912,784,1073,998
Wareham,-,2,Second Plymouth,Third Bristol & Plymouth,First,9,1285.8450271612307,906.4462514081648,972.653142274004,784.6242145657046,1215,1053
Wareham,-,3,Second Plymouth,Third Bristol & Plymouth,First,9,1279,936,962,865,1189,974
Wareham,-,4,Second Plymouth,Third Bristol & Plymouth,First,9,1121.1055995908976,931.9314753260036,850.2879059064178,864.2270519048836,1063,1045
Wareham,-,5,Second Plymouth,Third Bristol & Plymouth,First,9,1130.8944004091024,978.0685246739964,945.7120940935822,962.7729480951164,1085,1212
Wareham,-,6,Second Plymouth,Third Bristol & Plymouth,First,9,1012.7070757050964,915.274616526472,771.5863433943592,826.6996536368135,910,1037
Warren,-,1,First Hampden,"Hampden, Hampshire & Worcester",Eighth,1,844,1021,653,948,1072,1509
Warwick,-,1,Second Franklin,"Hampshire, Franklin and Worcester",Eighth,2,343,160,271,142,309,174
Washington,-,1,Third Berkshire,"Berkshire, Hampden, Franklin & Hampshire",Eighth,1,240,107,217,89,218,129
Watertown,-,1,Twenty-Ninth Middlesex,Suffolk and Middlesex,Third,5,943.0591406580992,285.8194201787479,859.511488994694,287.7410278007545,941,297
Watertown,-,10,Tenth Middlesex,Suffolk and Middlesex,Third,5,1213.3537117903932,394.8646288209607,1070.3318777292577,387.09170305676855,1204,402
Watertown,-,11,Tenth Middlesex,Suffolk and Middlesex,Third,5,1152.5621143901244,424.10411042558246,1027.64682376205,429.57918179218626,1081,458
Watertown,-,12,Tenth Middlesex,Suffolk and Middlesex,Third,5,1182.4245283018868,383.3207547169811,1054.933962264151,353.3018867924528,1004,435
Watertown,-,2,Twenty-Ninth Middlesex,Suffolk and Middlesex,Third,5,1219.7823595230798,281.9847443243545,1098.165876605943,314.7322784553392,1128,294
Watertown,-,3,Twenty-Ninth Middlesex,Suffolk and Middlesex,Third,5,1368.4099315068493,277.53698630136984,1260.3147260273972,308.59623287671235,1227,254
Watertown,-,4,Twenty-Ninth Middlesex,Suffolk and Middlesex,Third,5,1578.6163690624796,271.94898351110203,1418.2581666711476,285.46413578279055,1476,283
Watertown,-,5,Twenty-Ninth Middlesex,Suffolk and Middlesex,Third,5,1193.4368693755114,239.81401690755388,855.4439596400327,211.647941096264,984,252
Watertown,-,6,Twenty-Ninth Middlesex,Suffolk and Middlesex,Third,5,1224.9848091885883,249.9807336050389,1047.0644683216003,295.01074472026676,1053,211
Watertown,-,7,Twenty-Ninth Middlesex,Suffolk and Middlesex,Third,5,1442.855281207133,379.2729766803841,1229.2949245541838,396.4852537722908,1275,385
Watertown,-,8,Twenty-Ninth Middlesex,Suffolk and Middlesex,Third,5,1336.8400486668477,301.62287209648764,1164.010857506602,369.33313021584854,1206,322
Watertown,-,9,Tenth Middlesex,Suffolk and Middlesex,Third,5,1126.6596455175957,312.71050603647575,1093.0873362445416,304.02722835859237,960,271
Wayland,-,1,Thirteenth Middlesex,Middlesex and Worcester,Third,5,1906.25,419.63994565217394,1658.2214673913045,427.2119565217391,1873,437
Wayland,-,2,Fifth Middlesex,Middlesex and Worcester,Third,5,1777,432,1436,432,1568,436
Wayland,-,3,Fifth Middlesex,Middlesex and Worcester,Third,5,1678,390,1471,382,1552,391
Wayland,-,4,Thirteenth Middlesex,Middlesex and Worcester,Third,5,1982.75,463.3600543478261,1548.7785326086955,442.7880434782609,1794,454
Webster,-,1,Eighteenth Worcester,Worcester & Hampden,Seventh,2,454.65397350993373,417.260761589404,347.8162251655629,351.9710264900662,431,483
Webster,-,1A,Eighteenth Worcester,Worcester & Hampden,Seventh,1,282.17715231788077,258.96937086092714,215.86920529801324,218.4478476821192,216,260
Webster,-,2,Eighteenth Worcester,Worcester & Hampden,Seventh,1,639.1688741721854,489.7698675496689,504.31456953642385,469.58112582781456,518,515
Webster,-,3,Eighteenth Worcester,Worcester & Hampden,Seventh,2,719,756,553,638,654,822
Webster,-,4,Eighteenth Worcester,Worcester & Hampden,Seventh,2,1060,1224,783,1141,1010,1318
Webster,-,5,Eighteenth Worcester,Worcester & Hampden,Seventh,1,891,893,715,756,842,921
Wellesley,-,A,Fourteenth Norfolk,Norfolk & Middlesex,Third,5,1760,421,1465,428,1523,459
Wellesley,-,B,Fourteenth Norfolk,Norfolk & Middlesex,Third,5,1895.2699619771863,481.8980988593155,1567.148288973384,472.1034220532319,1711,490
Wellesley,-,C,Fourteenth Norfolk,Norfolk & Middlesex,Third,5,1705.0511508951406,646.0460358056266,1375.8823529411766,616.148337595908,1468,677
Wellesley,-,D,Fourteenth Norfolk,Norfolk & Middlesex,Third,5,1855.9488491048592,408.9539641943734,1593.1176470588236,410.85166240409205,1661,417
Wellesley,-,E,Fourteenth Norfolk,Norfolk & Middlesex,Third,4,1652.2452778538186,399.4656446756091,1324.9603065973172,422.207500684369,1581,436
Wellesley,-,F,Fourteenth Norfolk,Norfolk & Middlesex,Third,4,1074.8468619246862,276.8033472803347,905.2694560669456,256.80167364016734,980,262
Wellesley,-,G,Fourteenth Norfolk,Norfolk & Middlesex,Third,5,969.7300380228136,177.10190114068442,967.851711026616,145.89657794676805,871,176
Wellesley,-,H,Fourteenth Norfolk,Norfolk & Middlesex,Third,5,1716.907860221495,483.7310080440562,1368.7702373357372,482.9908256754636,1547,492
Wellfleet,-,1,Fourth Barnstable,Cape and Islands,First,9,1971,496,1554,515,1890,525
Wendell,-,1,Seventh Hampden,"Hampshire, Franklin and Worcester",Eighth,2,487,105,402,104,439,125
Wenham,-,1,Sixth Essex,First Essex and Middlesex,Fifth,6,886.3358104036955,385.035147620004,688.5334404498896,389.5649728861217,613,287
Wenham,-,1A,Thirteenth Essex,First Essex and Middlesex,Fifth,6,874.6641895963045,379.964852379996,679.4665595501104,384.4350271138783,1105,495
West Boylston,-,1,Fourteenth Worcester,First Worcester,Seventh,2,1323.519107382764,878.5937791592777,1032.0513508476763,871.2865188603101,1182,803
West Boylston,-,2,Fourteenth Worcester,First Worcester,Seventh,2,1468.2662033516997,996.0898366599312,1106.907046686992,969.2044929527356,1461,1029
West Bridgewater,-,1,Ninth Plymouth,"Norfolk, Plymouth & Bristol",Second,8,1104.60286360211,1108.4250188394876,763.4755086661643,1072.114544084401,1031,1224
West Bridgewater,-,2,Ninth Plymouth,"Norfolk, Plymouth & Bristol",Second,8,1119.39713639789,1163.5749811605124,859.5244913338357,1077.885455915599,989,1241
West Brookfield,-,1,Fifth Worcester,Worcester & Hampshire,Seventh,1,1137,1127,869,1008,1126,1170
West Newbury,-,1,Fourteenth Essex,First Essex and Middlesex,Fifth,6,2111,1061,1620,1020,2068,1092
West Springfield,-,1,Sixth Hampden,Hampden and Hampshire,Eighth,1,519,386,458,246,377,373
West Springfield,-,2,Sixth Hampden,Hampden and Hampshire,Eighth,1,705,474,576,373,531,480
West Springfield,-,3,Sixth Hampden,Hampden and Hampshire,Eighth,1,850,636,675,584,738,663
West Springfield,-,4,Sixth Hampden,Hampden and Hampshire,Eighth,1,947.482428115016,704.2364217252396,761.1246006389777,661.0798722044728,875,701
West Springfield,-,5,Sixth Hampden,Hampden and Hampshire,Eighth,1,1162,1076,929,1044,1044,1099
West Springfield,-,6,Sixth Hampden,Hampden and Hampshire,Eighth,1,1042.012035303557,1033.671035036106,864.906659534635,1002.2602300080237,935,1056
West Springfield,-,7,Sixth Hampden,Hampden and Hampshire,Eighth,1,963.654774345535,1028.0133776863677,739.2113180558606,984.0867498869954,928,1107
West Springfield,-,8,Sixth Hampden,Hampden and Hampshire,Eighth,1,967.850762235892,729.0791655522867,707.7574217705269,642.5731479005082,809,707
West Stockbridge,-,1,Third Berkshire,"Berkshire, Hampden, Franklin & Hampshire",Eighth,1,784,164,659,178,730,167
West Tisbury,-,1,"Barnstable, Dukes and Nantucket",Cape and Islands,First,9,1921,338,1688,329,1757,367
Westborough,-,1,Nineteenth Worcester,Second Worcester,Seventh,2,963.3646661846228,327.30778500843576,718.7274041937816,336.58712942877804,1010,347
Westborough,-,2,Nineteenth Worcester,Second Worcester,Seventh,2,968.0278514296356,334.8538306045059,777.8416382677624,349.1761153412632,905,381
Westborough,-,3,Nineteenth Worcester,Second Worcester,Seventh,2,1303.0991060427468,479.7199169709436,1097.1631885089482,466.4381211696028,1043,459
Westborough,-,4,Eleventh Worcester,Second Worcester,Seventh,2,1251.8449497231202,461.49956732318384,970.3147873322856,435.1981892350672,960,472
Westborough,-,5,Nineteenth Worcester,Second Worcester,Seventh,2,1687.0961732124874,651.1928499496476,1335.2268378650554,672.77416918429,1530,615
Westborough,-,6,Nineteenth Worcester,Second Worcester,Seventh,2,1395.567253407387,521.4260501432833,1123.726143832166,491.82627564099863,1590,664
Westfield,1,A,Fourth Hampden,Hampden and Hampshire,Eighth,1,1009.7871752349364,1034.2965726920952,770.575456053068,942.1412382531786,996,1105
Westfield,1,B,Fourth Hampden,Hampden and Hampshire,Eighth,1,888.2128247650636,988.7034273079048,682.424543946932,886.8587617468214,829,997
Westfield,2,A,Fourth Hampden,Hampden and Hampshire,Eighth,1,626.3550541115412,436.32947046869594,506.51253976956286,339.74534116845075,538,451
Westfield,2,A1,Sixth Hampden,Hampden and Hampshire,Eighth,1,33.78760701989702,23.53701559941546,27.322916183153076,18.326956889528415,41,29
Westfield,2,B,Fourth Hampden,Hampden and Hampshire,Eighth,1,810.0673081129718,657.0043404537362,656.6773311687269,609.4402951092925,738,654
Westfield,3,A,Fourth Hampden,Hampden and Hampshire,Eighth,1,646.4649525558616,493.9675543311907,556.5668809305173,394.35720844811755,590,548
Westfield,3,B,Fourth Hampden,Hampden and Hampshire,Eighth,1,916.6619877690534,712.5742977457364,696.0368901002977,674.146427518892,902,790
Westfield,4,A,Fourth Hampden,Hampden and Hampshire,Eighth,1,437.2260945457153,451.8369450807133,679.4870313201098,543.3631230369264,356,429
Westfield,4,B,Fourth Hampden,Hampden and Hampshire,Eighth,1,1054.6333399677956,1046.0160880244837,831.5680223604793,955.5598245067667,1012,1065
Westfield,5,A,Fourth Hampden,Hampden and Hampshire,Eighth,1,1088.4406945413823,1101.065965813906,805.1349177790069,1010.722996922398,1003,1118
Westfield,5,B,Fourth Hampden,Hampden and Hampshire,Eighth,1,1001.5875603062628,1138.689712856454,740.1587110298575,1053.2576124958844,890,1159
Westfield,6,A,Fourth Hampden,Hampden and Hampshire,Eighth,1,871.9715312327253,978.216141514649,641.2962962962963,901.6434494195688,816,1016
Westfield,6,B,Sixth Hampden,Hampden and Hampshire,Eighth,1,779.0971692926308,760.8902084114978,603.576048084721,661.1363125489054,671,774
Westfield,6,B1,Fourth Hampden,Hampden and Hampshire,Eighth,1,35.706700544162565,34.87225969952164,27.662414977271368,30.300451935269173,25,54
Westford,-,1,Second Middlesex,Worcester and Middlesex,Seventh,3,1396.4286043829295,625.195847750865,1181.7148788927336,625.195847750865,1207,648
Westford,-,2,Second Middlesex,Worcester and Middlesex,Seventh,3,1361.7330677290836,625.9517485613103,1024.563966356795,625.9517485613103,1244,679
Westford,-,3,Second Middlesex,Worcester and Middlesex,Seventh,3,1474.7456403850335,731.4208679253724,1162.037638317971,766.9370290392461,1469,726
Westford,-,4,Second Middlesex,Worcester and Middlesex,Seventh,3,1436.4649862356655,648.6747462495367,1101.6135441324982,664.9848162043697,1351,583
Westford,-,5,Second Middlesex,Worcester and Middlesex,Seventh,3,1351.329281287675,622.3016417045566,1017.5694626160064,665.290140503332,1346,647
Westford,-,6,Second Middlesex,Worcester and Middlesex,Seventh,3,1525,774,1163,755,1368,803
Westford,-,7,Second Middlesex,Worcester and Middlesex,Seventh,3,1683.2984199796126,628.4551478083588,1203.500509683996,602.6404179408767,1558,665
Westhampton,-,1,First Hampshire,"Berkshire, Hampden, Franklin & Hampshire",Eighth,2,746,426,629,408,762,434
Westminster,-,1,First Worcester,Worcester & Hampshire,Seventh,3,885.0564958283671,810.381883194279,625.9680572109655,699.3439809296782,846,927
Westminster,-,2,First Worcester,Worcester & Hampshire,Seventh,3,651.97212543554,615.4176207068193,497.7421602787456,544.8123444499751,649,695
Westminster,-,2A,First Worcester,Worcester & Hampshire,Seventh,2,213.86759581881532,201.87655550024888,163.2752613240418,178.7157789945246,229,239
Westminster,-,3,First Worcester,Worcester & Hampshire,Seventh,3,914.1037829172776,849.3239405986529,671.0145211862471,742.127895625822,864,779
Weston,-,1,Fourteenth Norfolk,Third Middlesex,Third,5,1477.3193997856376,436.11932833154697,1272.2615219721329,400.4462307967131,1329,454
Weston,-,2,Fourteenth Norfolk,Third Middlesex,Third,5,1258.7297455135076,441.9902565280379,1137.5171715565607,429.7628656623833,1108,426
Weston,-,3,Fourteenth Norfolk,Third Middlesex,Third,5,1137.2602564102565,377.7177655677656,935.9666056166056,368.42680097680096,985,398
Weston,-,4,Fourteenth Norfolk,Third Middlesex,Third,5,1255.6905982905982,456.1726495726496,1022.2547008547008,449.36410256410255,1062,479
Westport,-,A,Eighth Bristol,First Bristol and Plymouth,First,9,934.6243093922652,970.3117185228264,766.7970340215179,799.5908694387904,852,1125
Westport,-,B,Eighth Bristol,First Bristol and Plymouth,First,9,1270.3448813982525,1009.4091760299624,986.8470661672908,917.198813982522,1211,1091
Westport,-,C,Eighth Bristol,First Bristol and Plymouth,First,9,871.6551186017479,1034.5908239700375,754.1529338327091,816.8011860174781,766,1199
Westport,-,D,Eighth Bristol,First Bristol and Plymouth,First,9,1006.4945595411178,944.413810918706,870.771369681231,820.3007096241602,902,1084
Westport,-,E,Eighth Bristol,First Bristol and Plymouth,First,9,1235.881131066617,1059.2744705584678,1004.4315962972512,931.1084209370496,1224,1164
Westwood,-,1,Eleventh Norfolk,Norfolk and Suffolk,Fourth,8,1438.7644829442415,666.2309789681524,1153.9025594030345,651.9771201771069,1345,625
Westwood,-,2,Eleventh Norfolk,Norfolk and Suffolk,Fourth,8,1417.6492782235475,664.178131227469,1102.1011704469822,634.6370533544648,1304,739
Westwood,-,3,Eleventh Norfolk,Norfolk and Suffolk,Fourth,8,1336.2313785928266,668.2214977781824,1034.2785493008105,611.5526742866533,1187,628
Westwood,-,4,Eleventh Norfolk,Norfolk and Suffolk,Fourth,8,1206.625487944891,796.0918484500573,880.3839265212399,693.8486796785304,1000,807
Westwood,-,5,Eleventh Norfolk,Norfolk and Suffolk,Fourth,8,1432.7293722944933,649.2775435761389,1148.333794327933,625.9844725032444,1367,692
Weymouth,-,1,Fourth Norfolk,First Plymouth & Norfolk,Fourth,8,1088.6682960893854,686.0146648044692,877.6033519553073,672.5977653631285,938,771
Weymouth,-,10,Fourth Norfolk,First Plymouth & Norfolk,Fourth,8,1025.673087041008,614.6155564592032,806.9853252074298,595.4352157899531,815,621
Weymouth,-,11,Fourth Norfolk,First Plymouth & Norfolk,Fourth,8,1014.0751573361458,636.430948111326,776.4850701355155,620.3774819468847,819,594
Weymouth,-,12,Third Norfolk,First Plymouth & Norfolk,Fourth,8,1191.0894348627833,807.6811534788554,949.3692422299216,797.8017659607502,1047,883
Weymouth,-,13,Fourth Norfolk,First Plymouth & Norfolk,Fourth,8,936.4505556397736,511.3435383236849,776.1621434006895,436.88835460384024,716,463
Weymouth,-,14,Fourth Norfolk,First Plymouth & Norfolk,Fourth,8,1167.6171961816449,735.4142914809598,893.2638298588422,671.6847783003442,1168,829
Weymouth,-,15,Fourth Norfolk,First Plymouth & Norfolk,Fourth,8,1137.8795193646436,692.6007856262904,724.3399251826718,618.9859271369398,995,901
Weymouth,-,16,Third Norfolk,First Plymouth & Norfolk,Fourth,8,1240.74389847055,854.6407419459811,982.6062479661568,913.3387569150668,1205,966
Weymouth,-,17,Fourth Norfolk,First Plymouth & Norfolk,Fourth,8,935.1544100305962,535.9147264130158,692.0578647474022,486.87341305070095,827,611
Weymouth,-,18,Fourth Norfolk,First Plymouth & Norfolk,Fourth,8,1122.917200720826,638.9936510639315,664.2613426294862,573.2335125918339,983,523
Weymouth,-,2,Fourth Norfolk,First Plymouth & Norfolk,Fourth,8,1188.0669291338584,843.1456692913385,994.4330708661416,794.8740157480315,1116,859
Weymouth,-,3,Fourth Norfolk,First Plymouth & Norfolk,Fourth,8,1130.300642777236,888.6131495157338,918.6279227830664,883.2285465631288,1006,946
Weymouth,-,4,Fourth Norfolk,First Plymouth & Norfolk,Fourth,8,1065.036418474435,699.5552757099563,876.193927701525,702.7067176573963,920,699
Weymouth,-,5,Third Norfolk,First Plymouth & Norfolk,Fourth,8,1067.7117480537863,612.3128366845676,947.94194454852,610.3526955580534,1010,620
Weymouth,-,6,Third Norfolk,First Plymouth & Norfolk,Fourth,8,1246.886058032555,777.9044585987261,1048.2972399150742,743.8471337579617,1136,824
Weymouth,-,7,Fourth Norfolk,First Plymouth & Norfolk,Fourth,8,966.976123274269,593.302073455737,779.2126387959802,577.3967007147774,798,692
Weymouth,-,8,Fourth Norfolk,First Plymouth & Norfolk,Fourth,8,1040.5593123147196,633.3878730331475,828.9026074578828,618.027267473369,949,705
Weymouth,-,9,Third Norfolk,First Plymouth & Norfolk,Fourth,8,672.5913784966398,446.2508419006634,552.1176971722575,424.86713278336833,655,543
Weymouth,-,9A,Fourth Norfolk,First Plymouth & Norfolk,Fourth,8,385.83547655337657,255.9940727042016,316.72513447639307,243.72719884656777,237,249
Whately,-,1,First Franklin,"Berkshire, Hampden, Franklin & Hampshire",Eighth,2,745,332,582,328,717,343
Whitman,-,1,Seventh Plymouth,Second Plymouth & Norfolk,Second,8,1272.277694235589,1026.9724310776942,915.0275689223058,914.054135338346,1137,1172
Whitman,-,2,Seventh Plymouth,Second Plymouth & Norfolk,Second,8,1070,992,766,938,933,1054
Whitman,-,3,Seventh Plymouth,Second Plymouth & Norfolk,Second,8,1043.8290324593263,983.1975901087466,846.7716895522705,1056.6079409328406,1017,1077
Whitman,-,4,Seventh Plymouth,Second Plymouth & Norfolk,Second,8,1109.893273305085,879.8299788135594,865.2007415254237,906.3379237288136,1026,1034
Wilbraham,-,A,Twelfth Hampden,"Hampden, Hampshire & Worcester",Eighth,1,1207.414088688041,984.8344083480654,912.1166210517332,931.0582317121228,1227,1027
Wilbraham,-,B,Twelfth Hampden,"Hampden, Hampshire & Worcester",Eighth,1,1273.4473927623676,1030.071955121491,973.3202985028012,964.2210262894952,1115,1023
Wilbraham,-,C,Twelfth Hampden,"Hampden, Hampshire & Worcester",Eighth,1,1147.9039891479724,1124.2971892260991,869.824211312093,1035.227930075407,1121,1103
Wilbraham,-,D,Twelfth Hampden,"Hampden, Hampshire & Worcester",Eighth,1,1299.2345294016193,1122.7964473043444,988.7388691333726,1079.4928119229755,1185,1137
Williamsburg,-,1,First Hampshire,"Berkshire, Hampden, Franklin & Hampshire",Eighth,2,1446,337,1207,347,1373,366
Williamstown,-,1,First Berkshire,"Berkshire, Hampden, Franklin & Hampshire",Eighth,1,1258.6446327306196,218.59908405332385,1130.567538077848,217.6385536355809,1260,203
Williamstown,-,2,First Berkshire,"Berkshire, Hampden, Franklin & Hampshire",Eighth,1,568.153532406995,51.80458567144681,568.8636545827023,53.61832709836406,369,40
Williamstown,-,3,First Berkshire,"Berkshire, Hampden, Franklin & Hampshire",Eighth,1,1369.201834862385,228.59633027522935,1216.5688073394494,206.74311926605503,1377,252
Wilmington,-,1,Nineteenth Middlesex,Second Essex and Middlesex,Fifth,6,1386.4434382201666,1086.6729057155046,1054.3377239940178,1032.9618381328687,1237,1128
Wilmington,-,2,Nineteenth Middlesex,Second Essex and Middlesex,Fifth,6,1352.0515085702148,1094.3898955398224,1067.1795533858276,1079.6755173913612,1195,1107
Wilmington,-,3,Nineteenth Middlesex,Second Essex and Middlesex,Fifth,6,1281.2658926847123,1061.4814032129952,989.0910721794792,984.4595504064914,1157,1080
Wilmington,-,4,Nineteenth Middlesex,Second Essex and Middlesex,Fifth,6,1328.9278573152878,1101.995680120338,1047.848511153854,1065.9383662601754,1243,1159
Wilmington,-,5,Nineteenth Middlesex,Second Essex and Middlesex,Fifth,6,1327.0159283168618,1059.5344128640504,1022.396893474426,996.9384785240604,1178,1015
Wilmington,-,6,Nineteenth Middlesex,Second Essex and Middlesex,Fifth,6,1351.2953748927566,1043.9257025472891,1024.1462458123954,1007.0262492850431,1196,1203
Winchendon,-,1,Second Franklin,"Hampshire, Franklin and Worcester",Eighth,3,494,689,398,602,626,962
Winchendon,-,2,Second Worcester,"Hampshire, Franklin and Worcester",Eighth,3,835,901,618,786,771,967
Winchendon,-,3,Second Worcester,"Hampshire, Franklin and Worcester",Eighth,3,800,903,607,768,762,1004
Winchester,-,1,Thirty-First Middlesex,Fifth Middlesex,Sixth,5,1315,409,1066,459,1209,443
Winchester,-,2,Thirty-First Middlesex,Fifth Middlesex,Sixth,5,1114,408,938,399,949,398
Winchester,-,3,Thirty-First Middlesex,Fifth Middlesex,Sixth,5,1507.545582047686,369.91444600280505,1265.9901823281907,350.50350631136047,1413,349
Winchester,-,4,Thirty-First Middlesex,Second Middlesex,Sixth,5,1314,515,1131,477,1227,472
Winchester,-,5,Thirty-First Middlesex,Second Middlesex,Sixth,5,1169,599,924,584,1113,547
Winchester,-,6,Fifteenth Middlesex,Second Middlesex,Sixth,5,1170,570,935,553,1123,534
Winchester,-,7,Thirty-First Middlesex,Second Middlesex,Sixth,5,1275.454417952314,445.08555399719495,1048.0098176718093,474.49649368863953,1223,445
Winchester,-,8,Thirty-First Middlesex,Fifth Middlesex,Sixth,5,912,420,754,404,842,462
Windsor,-,1,First Berkshire,"Berkshire, Hampden, Franklin & Hampshire",Eighth,1,370,201,313,159,338,206
Winthrop,-,1,Nineteenth Suffolk,Third Suffolk,Sixth,5,997.8438184549752,731.6434155304971,844.424730534778,727.8486519545901,832,756
Winthrop,-,2,Nineteenth Suffolk,Third Suffolk,Sixth,5,1016.587158808933,730.9528535980149,845.9466501240695,702.6532258064516,799,803
Winthrop,-,3,Nineteenth Suffolk,Third Suffolk,Sixth,5,1104,552,924,610,942,589
Winthrop,-,4,Nineteenth Suffolk,Third Suffolk,Sixth,5,884.6155268022181,523.7979051139864,759.3185459026495,493.6512630930376,667,509
Winthrop,-,5,Nineteenth Suffolk,Third Suffolk,Sixth,5,1165.7348014888337,668.8089330024814,910.9416873449132,729.6209677419355,969,736
Winthrop,-,6,Nineteenth Suffolk,Third Suffolk,Sixth,5,1121.21869444504,562.7968927550202,909.36838609359,588.2258914039853,945,583
Woburn,1,1,Fifteenth Middlesex,Fourth Middlesex,Third,5,878.320922654062,466.08784474591096,777.8727826421931,446.5843480931608,808,480
Woburn,1,2,Fifteenth Middlesex,Fourth Middlesex,Third,5,939.8697064208294,518.4891802488639,760.87856325961,547.0807164182763,853,498
Woburn,1,2A,Thirtieth Middlesex,Fourth Middlesex,Third,5,92.52980830654676,51.045058830702104,74.9081996387368,53.85988448459,55,27
Woburn,2,1,Thirtieth Middlesex,Fourth Middlesex,Third,5,989.6382100036532,624.061847496138,818.7064339621803,609.6822473080761,936,689
Woburn,2,2,Thirtieth Middlesex,Fourth Middlesex,Third,5,941.6092094150106,469.83116184870875,825.2874869474273,451.40960878540375,808,491
Woburn,3,1,Thirtieth Middlesex,Fourth Middlesex,Third,5,1037.7878363552982,670.5484396584519,812.1362606834706,661.9049935759408,921,586
Woburn,3,2,Thirtieth Middlesex,Fourth Middlesex,Third,5,1092.613806703076,753.4047049398787,860.3250236864606,757.1477130048297,900,901
Woburn,4,1,Thirtieth Middlesex,Fourth Middlesex,Third,5,998.2569183464298,725.7386402459856,817.5548343013323,750.1578407926204,886,765
Woburn,4,2,Thirtieth Middlesex,Fourth Middlesex,Third,5,894.1313039413815,514.3443991592087,776.0786572988115,522.4831616282988,812,548
Woburn,5,1,Thirtieth Middlesex,Fourth Middlesex,Third,5,898.5339195979899,416.74246231155774,699.8128140703517,382.43090452261305,997,531
Woburn,5,2,Thirtieth Middlesex,Fourth Middlesex,Third,5,997.3939697665146,608.7810806584785,778.7907420705768,586.4999482926652,855,605
Woburn,6,1,Thirtieth Middlesex,Fourth Middlesex,Third,5,738.6335061568374,366.0618924173688,572.3130265716137,319.7705767984446,623,386
Woburn,6,2,Thirtieth Middlesex,Fourth Middlesex,Third,5,949.3664938431626,695.9381075826312,720.6869734283863,667.2294232015554,861,705
Woburn,7,1,Fifteenth Middlesex,Fourth Middlesex,Third,5,1025,834,844,846,940,818
Woburn,7,2,Fifteenth Middlesex,Fourth Middlesex,Third,5,1056.3143884892086,767.9251798561152,775.6482014388489,739.7586330935252,1097,843
Worcester,1,1,Thirteenth Worcester,First Worcester,Seventh,2,772.3320574014544,299.3903361843986,681.6508053899861,292.63711630969914,607,244
Worcester,1,2,Thirteenth Worcester,First Worcester,Seventh,2,1351.20686161635,731.1552783905167,1112.8670797176924,648.5403225534624,1307,756
Worcester,1,3,Thirteenth Worcester,First Worcester,Seventh,2,875.0858342925098,420.47176303098746,743.6455482591011,420.04519980563447,733,342
Worcester,1,4,Thirteenth Worcester,First Worcester,Seventh,2,1401.2690661968286,468.4618676063428,1113.1115026428392,459.4054870375031,1275,520
Worcester,1,5,Fourteenth Worcester,First Worcester,Seventh,2,1114.408190062376,594.0346737096942,897.87083771540415,540.8017645144994,912,576
Worcester,1,6,Thirteenth Worcester,First Worcester,Seventh,2,1292.266753500859,661.67037665991,1080.4548982084293,602.4531864910816,1224,808
Worcester,10,1,Thirteenth Worcester,First Worcester,Seventh,2,608.9685070164566,209.3388501086911,588.7340134408105,151.3583618445429,440,192
Worcester,10,2,Fifteenth Worcester,First Worcester,Seventh,2,658.9485663082438,152.24253285543608,567.3113500597372,103.41905615292713,561,190
Worcester,10,3,Fifteenth Worcester,First Worcester,Seventh,2,625.8630646322488,177.62182315737323,686.8222860327855,88.83184760887332,503,213
Worcester,10,4,Fifteenth Worcester,First Worcester,Seventh,2,531.2831596041641,193.1836557657825,592.3591134050753,106.2159359033496,386,233
Worcester,10,5,Fifteenth Worcester,First Worcester,Seventh,2,545.1038118620565,209.1511548341631,559.7854417392227,104.942041305781,403,233
Worcester,10,6,Seventeenth Worcester,First Worcester,Seventh,2,499.47625327436424,194.262199071939,565.6719325826929,90.815993854168,348,231
Worcester,2,1,Fourteenth Worcester,First Worcester,Seventh,2,1204.574837310195,565.2039045553145,958.2039045553144,468.0195227765726,1158,612
Worcester,2,2,Fourteenth Worcester,First Worcester,Seventh,2,1142.9550150601608,506.9990037044872,926.869266853872,475.67662798939114,909,534
Worcester,2,3,Fourteenth Worcester,First Worcester,Seventh,2,1099.7846830956007,481.459252008257,894.7388610563653,436.7180449823082,984,547
Worcester,2,4,Fourteenth Worcester,First Worcester,Seventh,2,1037.042506679621,315.7716784066068,971.4724313820744,232.08355598736944,792,319
Worcester,2,5,Fourteenth Worcester,First Worcester,Seventh,2,684.0134035679181,244.17998264810865,744.4113267456743,148.9279291779886,600,317
Worcester,2,6,Fourteenth Worcester,First Worcester,Seventh,2,972.3707552288128,420.9611623489237,877.0481626098568,356.1693716495,829,430
Worcester,3,1,Fifteenth Worcester,First Worcester,Seventh,2,663.7270046039072,247.09749844395387,629.5483446469606,193.26426748718816,427,228
Worcester,3,2,Thirteenth Worcester,First Worcester,Seventh,2,411.8183315031253,118.29076426313276,379.9223640529633,99.93655569691764,327,140
Worcester,3,3,Fourteenth Worcester,First Worcester,Seventh,2,902.1737494960788,385.57841677579063,794.7437586917588,345.80226124983835,825,515
Worcester,3,4,Fifteenth Worcester,First Worcester,Seventh,2,520.3964021625418,184.85064871343508,515.8278004548974,137.20919424612435,490,191
Worcester,3,5,Fourteenth Worcester,First Worcester,Seventh,2,886.3469902517423,314.0941295697151,737.7062918020592,286.30407658242507,823,321
Worcester,3,6,Fourteenth Worcester,First Worcester,Seventh,2,893.0448390203288,330.30051876744426,745.0465491630778,287.27022726994034,784,395
Worcester,4,1,Fifteenth Worcester,Second Worcester,Seventh,2,554.7543837851675,209.22908471415116,525.1178531690339,155.08255343794394,333,183
Worcester,4,2,Fifteenth Worcester,First Worcester,Seventh,2,453.0829053413887,197.070758925768,394.47811861690354,171.63489953869296,313,171
Worcester,4,2A,Fifteenth Worcester,Second Worcester,Seventh,2,225.62592816506515,98.13716733214044,196.4419548927463,85.47063475007208,196,92
Worcester,4,3,Fifteenth Worcester,First Worcester,Seventh,2,543.1139784946237,151.85752688172045,426.3921146953405,73.2489247311828,459,154
Worcester,4,4,Fifteenth Worcester,Second Worcester,Seventh,2,696.1775821552517,334.8399831350899,598.4783005196605,287.07549026341866,674,390
Worcester,4,5,Fifteenth Worcester,Second Worcester,Seventh,2,927.4691478942214,398.8765915768854,753.9740450538687,361.5832517140059,760,412
Worcester,4,6,Fifteenth Worcester,Second Worcester,Seventh,2,780.4989729374893,370.87391903777154,640.9608953208234,340.95221264526833,689,489
Worcester,5,1,Sixteenth Worcester,Second Worcester,Seventh,2,676.8501273354377,266.35154027412807,579.9040230948592,214.4158283676919,467,238
Worcester,5,2,Sixteenth Worcester,Second Worcester,Seventh,2,900.731173398082,491.26148924111374,772.542181854483,440.4723236424997,761,529
Worcester,5,3,Sixteenth Worcester,Second Worcester,Seventh,2,1033.398089250689,637.8614035877528,867.5347983941444,574.0057085908687,936,723
Worcester,5,4,Sixteenth Worcester,Second Worcester,Seventh,2,971.1079274116524,493.9111747851003,804.7994269340974,452.1251193887297,878,543
Worcester,5,5,Sixteenth Worcester,Second Worcester,Seventh,2,918.4644083748228,567.6343821123119,795.3340447300545,523.4707322155634,805,600
Worcester,5,6,Sixteenth Worcester,Second Worcester,Seventh,2,800.9446619163532,405.3111883514972,686.3220060827534,353.5851122282419,690,460
Worcester,6,1,Fifteenth Worcester,Second Worcester,Seventh,2,504.766569387486,161.3104297406498,496.2140289589655,107.49770223091966,322,137
Worcester,6,2,Sixteenth Worcester,Second Worcester,Seventh,2,589.7543512645743,254.36483474233324,584.3329151535515,186.56285734740248,451,260
Worcester,6,3,Sixteenth Worcester,First Worcester,Seventh,2,597.4133254332369,241.93950667657805,563.697061755289,198.40450682606385,391,235
Worcester,6,4,Sixteenth Worcester,Second Worcester,Seventh,2,275.08703665779234,133.5089084579152,268.48494777800533,121.03829612942864,108,38
Worcester,6,5,Sixteenth Worcester,Second Worcester,Seventh,2,576.2928802395772,262.1755008896522,532.004849024707,223.21385223467868,521,379
Worcester,6,6,Sixteenth Worcester,Second Worcester,Seventh,2,850.7778264654622,465.4273163161494,751.2754686840133,385.6936480960697,832,568
Worcester,7,1,Seventeenth Worcester,First Worcester,Seventh,2,981.0521024426832,383.56062430423657,863.5881924974677,313.3762648682237,853,427
Worcester,7,2,Seventeenth Worcester,Worcester & Hampshire,Seventh,2,820.8161196897242,405.0054465694895,751.4936984416703,334.0229690711753,724,465
Worcester,7,3,Seventeenth Worcester,First Worcester,Seventh,2,726.798929741227,332.5399546954508,685.4044404866568,249.11926591797516,548,318
Worcester,7,4,Seventeenth Worcester,Worcester & Hampshire,Seventh,2,919.5533981545144,455.7122636274921,829.6101918131892,389.2149601245628,835,481
Worcester,7,5,Seventeenth Worcester,Worcester & Hampshire,Seventh,2,588.4780260817861,350.3475394143461,514.1213158286109,292.9564680926282,513,425
Worcester,7,5A,Seventeenth Worcester,Second Worcester,Seventh,2,244.65090608120633,145.65173067163707,213.73821991384077,121.79225422981315,188,104
Worcester,7,6,Seventeenth Worcester,Worcester & Hampshire,Seventh,2,931.0098913349634,543.2817223719953,820.1823664093831,457.75339514135607,763,503
Worcester,8,1,Sixteenth Worcester,First Worcester,Seventh,2,502.0703316953317,216.94316262285017,504.0295800061425,138.48834843366092,346,228
Worcester,8,2,Seventeenth Worcester,First Worcester,Seventh,2,563.2872233080313,240.78217414359952,632.8564707664802,125.1752793054861,302,212
Worcester,8,3,Seventeenth Worcester,First Worcester,Seventh,2,350.09765625,78.369140625,421.142578125,46.142578125,251,73
Worcester,8,4,Seventeenth Worcester,First Worcester,Seventh,2,558.4575641197397,211.95150463686568,631.3976351240714,120.2665262954197,446,211
Worcester,8,5,Sixteenth Worcester,Second Worcester,Seventh,2,551.6552871528372,245.1350808063503,517.8742447604363,165.11376468124797,392,275
Worcester,8,6,Seventeenth Worcester,First Worcester,Seventh,2,519.0453925656229,227.34591104634447,514.3024766686633,140.54413269708294,388,239
Worcester,9,1,Thirteenth Worcester,First Worcester,Seventh,2,898.4093474706785,315.6539292148601,768.1280040485887,254.9833750484818,690,302
Worcester,9,2,Thirteenth Worcester,First Worcester,Seventh,2,1253.1027766615766,408.94306973130807,1036.551028116784,379.0585881141817,1155,459
Worcester,9,3,Thirteenth Worcester,Worcester & Hampshire,Seventh,2,795.2611914874078,370.7349176978351,646.6141610229803,315.1581581303519,596,326
Worcester,9,4,Thirteenth Worcester,Worcester & Hampshire,Seventh,2,1336.407063197026,607.2833244822092,1108.0762081784387,578.5021242697823,1232,617
Worcester,9,5,Thirteenth Worcester,First Worcester,Seventh,2,1324.236742644358,555.0359209707727,1085.321219672826,518.5432643257942,1376,636
Worcester,9,6,Thirteenth Worcester,First Worcester,Seventh,2,1148.8381302649664,507.0084040082442,935.4550621968184,459.4066802719471,1092,609
Worthington,-,1,First Hampshire,"Berkshire, Hampden, Franklin & Hampshire",Eighth,1,571,271,430,229,536,295
Wrentham,-,1,Ninth Norfolk,"Norfolk, Worcester & Middlesex",Second,4,1092.608114794656,873.4735279564572,727.8946066303811,774.6331024245424,955,919
Wrentham,-,2,Ninth Norfolk,"Norfolk, Worcester & Middlesex",Second,4,1050.361582175041,864.708290225361,760.8932721574977,799.5487157572758,1005,879
Wrentham,-,3,Ninth Norfolk,"Norfolk, Worcester & Middlesex",Second,4,1036.8189533239038,741.7949080622348,766.4978783592644,649.3352192362092,990,867
Wrentham,-,4,Ninth Norfolk,"Norfolk, Worcester & Middlesex",Second,4,1067.2113497063992,839.023273755947,796.7142428528567,769.4829625819725,1007,955
Yarmouth,-,1,First Barnstable,Cape and Islands,First,9,1342.4065230052418,797.5049504950495,1086.1945253348863,770.4403028538148,1315,865
Yarmouth,-,2,First Barnstable,Cape and Islands,First,9,1218.6681133278682,768.5655721812981,964.8588036738832,765.2395876644954,1282,833
Yarmouth,-,3,First Barnstable,Cape and Islands,First,9,1002.8891993415408,661.4511928376784,810.150602793987,655.7539789613761,841,749
Yarmouth,-,4,First Barnstable,Cape and Islands,First,9,1164.68767160689,774.0998966359418,943.4421366335736,769.674209286174,1091,795
Yarmouth,-,5,Second Barnstable,Cape and Islands,First,9,1019.1543700340522,785.6753688989784,816.25,738.4236662883087,897,837
Yarmouth,-,6,Second Barnstable,Cape and Islands,First,9,1067.8419107193631,706.920671026443,845.8800113733295,702.2576059141313,1053,700
Yarmouth,-,7,First Barnstable,Cape and Islands,First,9,1341.734194998595,890.2860354032032,1051.6976678842373,848.2517561112672,1369,858
Yarmouth,-,8,First Barnstable,Cape and Islands,First,9,829.7744709265147,509.1826662526949,657.3192693696676,500.3650755829745,761,572
Yarmouth,-,8A,Second Barnstable,Cape and Islands,First,9,161.84354603993367,99.31364626871282,128.20698293643537,97.59381733745786,137,127
